# https://github.com/mikedh/trimesh
v -0.16118997 3.10899398 -0.85198771
v 0.20801034 3.26968260 -0.58958016
v 0.23290405 3.62498573 -0.54874382
v -0.11806806 2.96510901 -1.12819366
v -0.05680501 3.76063937 -0.36157313
v -0.19775639 3.68255371 -0.55316141
v -0.14862307 3.33525216 -0.98183892
v -0.03902657 3.42836648 -0.96477665
v 0.16428380 3.14596248 -1.52509687
v -0.16348494 0.34851713 -2.56931540
v -0.12309618 0.32296292 -2.49818368
v -0.16263821 0.62717326 -2.45300379
v -0.07734145 1.27507270 -2.27523406
v 0.01444747 1.04533382 -2.44636345
v 0.11823859 2.80335229 -1.49122674
v -0.18361163 2.53001868 -2.11959527
v -0.12849834 2.40028886 -2.21842338
v 0.10686419 2.44656757 -2.13530250
v 0.12653212 2.55116459 -2.07681924
v 0.00653879 2.81371457 -1.27208723
v -0.07406209 2.82779943 -1.82132072
v 0.13444600 2.06659444 -2.28718686
v 0.04474105 1.83385306 -2.21782652
v -0.05493846 2.74761998 -2.15851613
v -0.13687485 3.40251365 -0.34426372
v -0.12996376 3.29140514 -0.48339013
v -0.03505211 3.10241464 -0.61072583
v -0.00763852 3.19575774 -0.51786688
v -0.05272764 3.06681727 -0.74690662
v 0.18087303 3.50670246 -0.33072538
v 0.24924061 3.42933096 -0.76522366
v 0.04864025 3.56705133 -0.78532183
v 0.06790704 3.59077562 -0.72071637
v 0.24635846 3.33610596 -0.88202739
v 0.21321874 3.26402777 -0.97764305
v 0.03031365 3.74658988 -0.33635999
v 0.08352261 3.58841614 -0.26157989
v -0.01713325 3.70035040 -0.30427630
v -0.06236418 3.80245262 -0.52663114
v -0.13440403 3.73151176 -0.41332557
v -0.14606653 3.51828758 -0.30364172
v -0.20380357 3.21198069 -0.69825727
v -0.22550800 3.35269181 -0.79233327
v -0.11666684 3.66018323 -0.68392495
v -0.04649665 3.35729753 -1.12875822
v -0.10243331 3.15004129 -1.27707907
v -0.04100770 3.20590789 -1.41589909
v 0.15573552 3.22485763 -1.22341230
v 0.11890343 3.20128054 -1.42538540
v 0.23114671 3.00365783 -1.35137774
v 0.03789048 3.09824243 -1.59831206
v 0.20232420 3.08686260 -1.14248508
v -0.06752322 0.05568330 -2.65184735
v -0.14088961 0.02640428 -2.61290873
v -0.11865311 0.00198600 -2.65909430
v -0.05258294 0.25336889 -2.55712659
v -0.12789895 0.32778285 -2.60872484
v -0.02818655 0.82350907 -2.37242524
v 0.07043753 1.37184302 -2.36149575
v 0.06108147 1.14827121 -2.36879689
v 0.01542330 0.93666583 -2.47409550
v 0.03740823 0.93026657 -2.40711239
v 0.18327172 3.00046943 -1.08152314
v 0.16261015 2.85245191 -1.27559468
v 0.01987569 2.53751642 -1.84673235
v -0.05239323 2.47514533 -1.98316881
v -0.18265526 2.49479997 -2.13132706
v -0.13255449 2.65759394 -2.17311018
v -0.10892021 2.69042419 -2.31630855
v -0.12323381 2.39830415 -2.29047061
v -0.10989992 2.46107266 -2.34202432
v 0.00974461 2.42714465 -2.05775899
v -0.11619962 2.50430391 -1.99603696
v -0.01599108 2.35659108 -2.10093601
v -0.15137162 2.32698098 -2.23145230
v 0.08326185 2.55019672 -1.96654614
v 0.04238752 2.69072412 -2.20870017
v 0.12293361 2.61537734 -2.23953457
v 0.03968545 2.59830781 -1.69355210
v -0.11595892 2.71882859 -1.56512876
v -0.01305927 2.69119388 -1.49884432
v -0.14009683 2.92201227 -1.46310978
v -0.14481453 3.02204483 -1.23792104
v 0.08808498 2.92614611 -1.15109660
v -0.15826116 2.64813997 -1.75324206
v -0.06896126 2.78948113 -1.98860488
v -0.03352239 2.96235635 -1.61845438
v 0.00519829 0.89866579 -2.48689621
v -0.03483186 1.03220203 -2.48124826
v 0.07528131 1.72766969 -2.40186222
v 0.09797276 2.07313662 -2.37311482
v 0.09367990 1.96291523 -2.35418162
v 0.13933964 2.25735556 -2.26181099
v -0.06494856 2.18504931 -2.36839238
v -0.14756224 1.95422354 -2.31536199
v 0.11941999 1.94810401 -2.30123047
v -0.10656583 1.72452161 -2.26949901
v 0.10381826 1.70066009 -2.32155116
v 0.08703072 1.49993865 -2.34424808
v -0.02414740 1.63934439 -2.43659714
v -0.12834828 1.75132810 -2.33648905
v -0.00433298 1.30309017 -2.44254652
v -0.11358344 1.42402648 -2.41998457
v -0.07055719 1.10252153 -2.48047463
v -0.13834798 1.50924255 -2.36599203
v -0.12353984 0.53510037 -2.55235336
v -0.06632973 2.70625284 -2.23551222
v 0.04200809 2.74189212 -2.12490349
v 0.12803758 2.31588326 -2.17718213
v 0.11017092 2.37776653 -2.26891184
v 0.03173273 2.56018756 -2.39441964
v -0.16568939 2.03848298 -2.31169190
v -0.07955271 2.07586142 -2.15560246
v 0.09210904 3.40027901 -0.29474833
v -0.02612373 3.41212245 -0.26293775
v -0.04623930 3.29352978 -0.35964143
v -0.19440208 3.33785962 -0.58072284
v -0.15924034 3.15675253 -0.65628374
v 0.06641107 3.22780967 -0.44901751
v 0.09043110 3.18853679 -0.55739084
v 0.18597185 3.38989932 -0.39889966
v 0.17747839 3.30047092 -0.46849104
v 0.27143359 3.33062560 -0.68843436
v 0.23908345 3.35868098 -0.57534256
v 0.28086072 3.23764663 -0.79314223
v 0.23260720 3.16757174 -0.87991049
v 0.20596904 3.48348206 -0.67531946
v 0.03791013 3.70231149 -0.69811917
v 0.13201388 3.71542293 -0.64102361
v 0.00974528 3.55994594 -0.75672693
v 0.17179388 3.72693395 -0.55414052
v 0.05219026 3.79287781 -0.59284135
v 0.19301037 3.43563995 -0.89850179
v 0.21995296 3.13950060 -0.70242825
v 0.10964144 3.07693565 -0.69660871
v -0.13318060 3.06755811 -0.93852474
v -0.01881440 3.01692861 -0.92061430
v -0.18652809 3.07097277 -1.04562770
v -0.13685244 3.01482562 -0.99327620
v -0.18745789 3.18800939 -1.01074465
v -0.01482340 2.93729239 -1.03812566
v 0.15791469 3.04048133 -0.97725553
v 0.07006626 3.00590586 -0.95699206
v 0.03822732 3.04700028 -0.77681013
v 0.22927899 3.62052273 -0.45140608
v 0.15349256 3.69546095 -0.36938646
v 0.05579462 3.77425133 -0.40407669
v 0.05046497 3.54721028 -0.24401814
v 0.06694316 3.46508010 -0.24987165
v -0.05468884 3.49709909 -0.25682774
v -0.18750297 3.42523282 -0.39315247
v -0.08512867 3.46207241 -0.27255350
v -0.06644400 3.44750700 -0.26700400
v -0.21625555 3.33284140 -0.70509188
v -0.19371598 3.17075372 -0.88066622
v -0.12026075 3.53921914 -0.68783343
v -0.21419413 3.48242378 -0.44545026
v -0.19704628 3.45660055 -0.57413617
v -0.16946608 3.45876554 -0.80834034
v -0.11755073 3.74285593 -0.61135009
v -0.07114400 3.49135329 -0.91249960
v -0.09836315 3.52683967 -0.76092646
v -0.09775445 3.35150805 -1.06958019
v -0.02247617 3.29710236 -1.22636407
v -0.12437460 3.24194519 -1.19669127
v 0.03231319 3.20881466 -1.29583647
v -0.16702791 3.32185686 -0.97479877
v -0.18928236 3.17846835 -1.13210012
v -0.15938443 3.06868627 -1.42030203
v -0.17392824 2.97326434 -1.34540668
v -0.13080127 3.13334420 -1.39508687
v -0.13604587 3.10076111 -1.28590887
v -0.01357672 3.18884376 -1.35556537
v -0.06784776 3.17257725 -1.51013564
v 0.08222908 3.31877622 -1.20401656
v 0.09828767 3.18035000 -1.31996846
v 0.06134071 3.18818839 -1.53895192
v 0.20904289 3.04006834 -1.53466967
v 0.22844455 2.94344720 -1.42704298
v 0.13392335 2.88440717 -1.52420298
v 0.07560309 2.95512422 -1.58909527
v 0.17416708 3.08762026 -1.26050963
v 0.21672570 3.10792297 -1.40947985
v 0.01219503 3.00020491 -1.60064968
v 0.15193364 3.29518324 -1.12290435
v 0.07762950 3.37752028 -1.06915403
v 0.12189978 3.41769267 -0.96057106
v 0.06223555 3.48614044 -0.93512362
v 0.09120011 3.49537307 -0.92511612
v 0.15664302 3.52573717 -0.79382605
v -0.09494277 0.00519017 -2.63233775
v -0.15333154 0.03317688 -2.63382387
v -0.14143609 0.01753202 -2.62838173
v -0.14144499 0.03199182 -2.67147598
v -0.08354514 0.02966880 -2.66908970
v -0.09388826 0.09028838 -2.66902849
v -0.06198790 0.15552308 -2.62904114
v -0.11733908 0.02276940 -2.68214711
v -0.13396179 0.11657541 -2.66105598
v -0.05139372 0.33915106 -2.58168397
v -0.06906290 0.35949843 -2.60312989
v -0.15287350 0.24404137 -2.60929380
v -0.15963034 0.13699014 -2.62461278
v -0.15502950 0.14664076 -2.57840780
v -0.10456517 0.02710325 -2.60174423
v -0.14173462 0.14699721 -2.56530688
v -0.13832000 0.08076400 -2.58716700
v -0.09149171 0.07291064 -2.58684560
v -0.06449972 0.08795072 -2.61266739
v -0.10040979 0.15853829 -2.55309420
v -0.05738444 0.41070842 -2.48553076
v -0.11656385 0.78170275 -2.37070454
v -0.07982604 0.55351437 -2.41803436
v -0.14154769 0.49687329 -2.45741255
v -0.15492852 0.87917546 -2.40754003
v -0.14831320 0.90006547 -2.38908932
v -0.08932169 0.80898153 -2.36127944
v -0.07729850 0.95814210 -2.32716749
v 0.00291431 0.93908649 -2.35199302
v -0.04402317 1.06105580 -2.32487493
v 0.02688095 1.34443601 -2.28395279
v 0.04010163 1.29290326 -2.33351164
v 0.04001231 1.43628078 -2.29187087
v 0.01357386 1.04384797 -2.38101454
v 0.01627590 1.17023498 -2.30186921
v 0.01121141 0.79234840 -2.45540844
v -0.07210442 0.52080223 -2.56478514
v 0.00328252 0.80398361 -2.48522553
v -0.00315299 0.73012425 -2.41793303
v -0.02128884 0.52485100 -2.48818343
v -0.07249403 0.10058857 -2.59326336
v -0.07592071 0.03736792 -2.62033451
v -0.19026974 3.56680385 -0.38849995
v -0.21949183 3.63913767 -0.45643136
v -0.12021138 3.63590516 -0.32038344
v 0.21154561 3.15786293 -1.02982194
v 0.16885733 2.99059492 -1.18538494
v 0.20319766 2.88216875 -1.32700960
v 0.12755558 2.75114309 -1.57194656
v 0.11521983 2.70892124 -1.63671260
v 0.12926385 2.60966296 -1.87243508
v 0.07232989 2.53728093 -1.89392593
v -0.07906353 2.58522326 -1.71571696
v -0.07858851 2.52337513 -1.94313909
v 0.02221901 2.50697149 -1.97455640
v -0.15570002 2.64586024 -2.08741723
v -0.14470422 2.63010482 -2.01738580
v -0.14522678 2.58227351 -1.99143821
v -0.10995296 2.54868241 -1.89225213
v -0.16238794 2.66676423 -2.23492342
v -0.16047151 2.58125994 -2.09231545
v -0.18063157 2.63363380 -2.27841850
v -0.16290173 2.51059979 -2.28269660
v -0.00053110 2.64321659 -2.37962562
v -0.08915155 2.62087656 -2.38483735
v -0.16576155 2.56791183 -2.33062735
v -0.15045032 2.44139574 -2.26767493
v 0.01594377 2.51684963 -2.37101602
v -0.07381800 2.55257417 -2.38510820
v -0.10687729 2.42600272 -2.09929563
v 0.09990124 2.37828398 -2.14285530
v -0.11166158 2.32147659 -2.15375657
v -0.11462820 2.38390152 -2.16481690
v 0.15001760 2.71131793 -1.84441311
v 0.10920354 2.62136030 -2.03075205
v 0.10686493 2.82175364 -1.79885411
v 0.13469235 2.73478824 -1.98416007
v 0.06030893 2.69181681 -2.05693542
v 0.10530502 2.59672493 -2.04726949
v 0.07651152 2.64001417 -2.19888178
v 0.12828654 2.64844214 -2.12477200
v 0.09698486 2.49037141 -2.06933537
v 0.12820378 2.55774003 -2.13472018
v -0.08826120 2.73393743 -1.47636507
v 0.00178394 2.79354331 -1.35910269
v -0.09601450 2.83348018 -1.38120344
v -0.08168000 2.94610732 -1.19085931
v 0.03749939 2.84911390 -1.20926868
v -0.12252347 2.80985277 -1.48048836
v -0.16346030 2.91831656 -1.33170266
v -0.12515071 2.89013282 -1.26526053
v 0.02948294 2.90550839 -1.17016086
v 0.06541470 2.75893248 -1.43666373
v 0.05877250 2.67146170 -1.55306525
v -0.14864960 2.79648442 -1.54507930
v -0.12877602 2.83189088 -1.68143885
v -0.15691600 2.74383555 -1.74344924
v -0.14238797 2.77544217 -1.63962477
v -0.11852151 2.89338182 -1.55608159
v -0.12422177 2.89834296 -1.63654695
v 0.11996833 2.94909435 -1.03608136
v 0.03864354 1.09887831 -2.44249890
v 0.05339899 1.51282648 -2.39096390
v 0.05150193 1.43658128 -2.41748296
v 0.09206798 1.65882351 -2.38062865
v 0.05674657 1.75931072 -2.41604828
v 0.05961448 2.15489077 -2.37630298
v 0.11171124 2.30919741 -2.31229892
v 0.01564660 2.12268286 -2.40522760
v 0.11201504 2.02307501 -2.22268431
v 0.01657535 2.04798369 -2.41301230
v -0.10355186 2.05767962 -2.37937868
v -0.09071652 1.96656457 -2.37269268
v -0.00880356 1.96711115 -2.39849354
v 0.03487013 1.93739207 -2.39927749
v 0.01018532 1.62064071 -2.23959410
v 0.05675400 1.66504342 -2.26902381
v -0.01870122 1.55129546 -2.23275629
v 0.05034639 1.53906648 -2.27029978
v -0.09665001 1.45218727 -2.25919468
v -0.00132438 1.85620267 -2.19386499
v -0.10375171 1.93969538 -2.18807163
v -0.08671905 1.80459754 -2.22719626
v 0.04590111 2.01452851 -2.15715541
v 0.08683811 1.92725266 -2.23772744
v 0.08046759 1.61098352 -2.32703178
v -0.05727577 1.61190692 -2.43238656
v -0.03191376 1.47737753 -2.45876790
v -0.06949089 1.30838209 -2.44205207
v 0.04084735 1.24315803 -2.43153815
v -0.10589395 1.23683433 -2.43104292
v -0.13990734 1.03070491 -2.42858229
v -0.13462385 1.34090637 -2.38093471
v -0.12153370 1.45077027 -2.30131226
v -0.12372643 1.15653576 -2.33540581
v -0.08666736 1.07671443 -2.32707582
v -0.14986581 0.77125539 -2.46888196
v -0.11371359 0.83083367 -2.49776298
v -0.07377377 0.86635581 -2.50663140
v -0.12388537 0.95330332 -2.47223941
v -0.11043668 3.00264598 -1.54011322
v -0.03750312 2.90790557 -1.70495805
v 0.07231576 2.91100340 -1.66003458
v 0.05796018 2.86798862 -1.70098599
v 0.02848121 2.85563871 -1.85867023
v -0.05934440 2.88070753 -1.75610981
v 0.10161753 2.82728151 -1.67011774
v 0.11717109 2.86980774 -1.59355382
v -0.01684695 2.80176927 -2.02366327
v -0.11572192 2.72535214 -2.00364237
v -0.10053040 2.70280602 -2.04055260
v -0.03964805 2.72679499 -2.30128907
v 0.02737610 2.73530556 -2.18420533
v 0.05410203 2.69808195 -2.27554591
v -0.01563323 2.73536496 -2.06189555
v 0.07728554 2.77715024 -2.01683097
v -0.03756516 2.17795807 -2.14457440
v 0.08527031 2.17421825 -2.16357897
v 0.02850344 2.27142234 -2.11677449
v 0.09910177 2.30716104 -2.14744455
v 0.14178240 2.50867702 -2.23295340
v 0.12141235 2.39005192 -2.21056066
v 0.08557244 2.43545021 -2.31082704
v 0.11687386 2.46858847 -2.28019617
v 0.11383806 2.58643759 -2.32930980
v 0.01156454 2.41740527 -2.32836065
v 0.00547763 2.33572505 -2.36867855
v -0.04533251 1.98216280 -2.15330448
v -0.14715690 1.98592411 -2.21829057
v -0.14168804 2.01275988 -2.19572850
v -0.15805011 2.18092789 -2.25567454
v -0.12762190 1.84583244 -2.28522417
v -0.11383581 1.70203340 -2.40062740
v -0.15103418 2.15734425 -2.30651959
v -0.07459796 2.37779623 -2.34656510
v -0.12138644 2.32751738 -2.32149179
v -0.01296754 2.45236388 -2.36362144
v -0.10718474 2.18083075 -2.18784267
v 0.00791576 2.13909670 -2.14252118
v 0.07460599 2.66004483 -2.32933054
v -0.37885197 8.43384958 -0.65565550
v -0.75087884 8.45095377 0.01096675
v -0.37048302 8.44928315 0.65753113
v -0.72723788 6.95391997 0.44885387
v 0.37832314 8.43912845 -0.64851106
v -0.40413277 8.27030245 0.79512508
v -0.78604178 7.87449503 0.30981624
v -0.53168074 8.19685060 -0.70051721
v -0.83633314 7.53515580 -0.21811935
v 0.06163514 7.08570529 -0.86328998
v -0.16422196 7.29697403 -0.84792805
v -0.25859047 7.83065002 -0.82297545
v 0.84020278 7.41126880 0.26101405
v -0.00970324 6.26636733 -0.13776904
v 0.28120965 6.39408908 -0.13426546
v 0.73095913 6.96405909 -0.44822536
v -0.63935762 6.83649229 -0.35369528
v -0.65089528 8.43720391 -0.37570340
v -0.00915400 7.00695500 -0.95281500
v 0.09027129 8.23219785 -0.81529187
v -0.52931105 7.09114320 -0.63749827
v 0.33590586 6.41215516 0.08931122
v -0.19800839 6.57144173 -0.43612247
v -0.64154184 7.78282240 -0.55864615
v 0.84308570 7.61520866 -0.26321591
v 0.67827879 7.31942106 0.55107121
v 0.77447408 6.98856373 0.43848834
v 0.82142323 7.81681981 0.29155942
v -0.83919020 7.35361594 -0.10755278
v 0.89701282 8.08038956 0.03096682
v 0.67090500 8.42709718 -0.37568863
v -0.63678975 8.46723721 0.37182415
v 0.01182375 8.38432201 0.80112695
v 0.67235992 8.41846703 0.39472735
v 0.08934291 9.06893890 -0.07920852
v 0.10185656 9.07043683 0.07760462
v -0.72714783 8.32553757 -0.34509943
v 0.49191603 8.27032564 0.74462536
v -0.74257123 6.85810914 0.01637586
v -0.48298118 6.86273740 -0.56818958
v 0.36465649 6.82204664 -0.61753017
v 0.18828461 6.29049018 0.04456240
v -0.10066646 6.31900087 -0.18670510
v -0.27086490 6.66543914 0.52534454
v -0.01756239 7.67652742 0.86323333
v 0.23507753 7.63453597 0.84780327
v -0.74415099 7.24213772 -0.45193563
v 0.07785910 7.72413014 -0.84233090
v 0.32078469 7.42236661 -0.78889331
v 0.86571156 7.88043344 -0.22327744
v 0.77280198 7.24576430 -0.41275234
v 0.63650180 7.85892093 -0.55159484
v -0.35684979 7.86793688 -0.80361916
v 0.53779776 7.37812005 -0.68248557
v 0.23543625 7.20765859 0.82233046
v 0.72569988 8.43627070 -0.20699150
v 0.55650587 8.40852713 -0.54480719
v -0.55205489 8.41550262 -0.54061031
v 0.46516279 8.31579316 0.75674759
v 0.22151758 8.37346844 0.78899932
v 0.54130632 8.43087335 0.54703897
v 0.73877442 8.42809843 0.21419772
v -0.01630267 9.11485369 0.01754176
v -0.15266019 9.03691550 0.07042252
v -0.01423279 9.05879754 -0.12336616
v -0.19417338 9.00823910 -0.04727043
v 0.14430255 8.86778212 -0.31216420
v 0.42559996 8.81957960 -0.05053236
v 0.68118770 8.51467165 0.01492213
v -0.18558216 8.89640521 0.28117934
v -0.18056923 6.85439986 0.73837306
v 0.08064303 7.07514573 0.87997286
v -0.76167736 7.00594237 0.45073128
v -0.87557987 8.29073603 0.07530712
v -0.68820639 6.98711914 -0.50460494
v -0.76907345 6.97924635 -0.41370980
v -0.88783059 8.16186781 -0.06084261
v 0.19172900 6.86945066 -0.72612524
v -0.00878513 6.98974451 -0.89877414
v -0.08104980 7.07110932 -0.87935246
v 0.76119603 6.89589979 -0.20841165
v 0.49567142 6.89899618 0.60945903
v -0.00319519 6.74941082 -0.64469827
v 0.01103154 6.72603448 0.64639767
v -0.30502711 6.41505387 -0.11902349
v -0.02913058 6.21498144 0.01714323
v -0.32785138 6.47800267 0.24502807
v 0.74883352 6.84739935 0.09113509
v -0.53172383 6.87392749 0.55322842
v 0.03249149 7.19270526 0.89025212
v -0.88664622 7.92681951 0.03850955
v 0.44209772 8.22188803 -0.77150606
v 0.46584290 7.88247088 0.76107229
v -0.77646588 8.38564075 -0.18310633
v -0.55291711 8.39678985 0.56991365
v -0.73131896 8.44319659 0.20786747
v 0.38950267 8.74705832 -0.26648585
v -0.31761314 8.88197826 0.10099583
v 0.32689835 8.88362830 0.14085363
v 0.01147200 7.08152800 0.95423300
v -0.01381811 8.42255182 -0.75902636
v -0.36875715 7.02280300 0.73646938
v -0.75774828 6.90651187 0.22998209
v -0.96014354 8.17993672 0.00949629
v 0.49129864 6.95191210 -0.64049593
v 0.41957824 8.30571488 -0.77040877
v 0.83126453 6.99741462 0.05241468
v 0.84871249 7.14472404 -0.08035858
v 0.91652522 8.21469587 0.01701289
v -0.20950329 6.88726192 -0.73478844
v -0.37584940 6.88525646 0.67050624
v 0.51235705 6.83006171 -0.52360503
v 0.18298141 6.58142403 0.48243491
v 0.11762496 6.27596298 0.14092056
v -0.35629082 6.58487740 -0.34020516
v -0.59638825 8.31666196 0.57123218
v 0.84005723 7.32174274 -0.23566257
v 0.67513578 7.14578852 -0.53618381
v -0.54151768 7.70790267 0.67757714
v -0.17542837 7.42817297 0.84911929
v -0.81677672 7.33736010 0.23972513
v 0.51870984 8.24918267 -0.69278940
v 0.39423232 8.26479815 0.80012650
v 0.19182705 8.42749306 -0.73311530
v -0.19151649 8.43510634 0.73843367
v -0.10812062 8.93436855 -0.25557562
v 0.16206308 9.03923680 -0.01800391
v -0.19452957 8.42884792 -0.73520897
v -0.28550214 8.80444298 -0.29082840
v -0.02379160 8.99648091 0.22772450
v 0.13629018 8.95911211 0.23779107
v 0.04336327 6.96214798 0.86834128
v 0.74020376 8.30244649 -0.34829002
v 0.76136999 8.33779178 0.30437810
v -0.72184691 6.99861789 0.50051595
v -0.02664341 7.03248550 0.89167165
v -0.41602562 8.32607909 0.78298013
v -0.47432713 8.29064411 0.74484370
v -0.82356804 7.06740047 -0.17036259
v -0.74582508 6.88304941 -0.18664822
v -0.87909832 8.32203086 0.01264239
v -0.46959058 8.31918475 -0.74472523
v -0.42590682 8.26081548 -0.78649600
v 0.80648067 7.04037379 -0.37474187
v 0.88658107 8.18392719 -0.05764196
v 0.88626243 8.31031592 0.00503834
v 0.74221463 7.02143254 0.48412530
v 0.20605251 6.88476197 0.75359265
v 0.47405792 6.76265038 0.47522496
v -0.02937950 6.32347570 0.24043730
v -0.14342298 6.29947197 0.14409069
v 0.08553073 6.24899298 -0.08872227
v 0.10606019 6.48943839 -0.37989511
v -0.17404027 6.28566257 -0.05360053
v -0.35436771 6.44173802 0.06123864
v -0.31716238 3.41587606 -0.46487567
v -0.54781241 3.30987663 -0.64396519
v -0.93587604 2.96478504 -0.69673660
v -0.73167067 3.55253626 -0.40718676
v -0.43565003 3.82260495 -0.27870933
v -1.10715947 3.21292625 -0.71514656
v -1.33868304 2.95192209 -0.83090086
v -1.03322024 2.84263147 -0.65558968
v -0.35495654 3.45770299 -0.03372915
v -0.91323771 3.05699885 -0.36406568
v -0.30584190 3.77759436 -0.20372637
v -0.33261378 3.52980962 -0.02373798
v -2.35167947 0.00959424 -1.19814521
v -2.11748269 0.63935385 -1.19343109
v -2.22626595 0.30488393 -1.14656483
v -2.16361246 0.74523023 -1.08211292
v -2.10370207 2.10160540 -1.15143899
v -2.05821058 2.32724767 -1.16963424
v -1.87647800 1.99756016 -1.04106971
v -1.45857013 2.93885954 -0.76548657
v -1.61407734 2.83302132 -0.90106819
v -1.90580499 2.72799827 -0.99935237
v -1.80669360 2.73606008 -1.10146316
v -1.85588714 2.56330952 -1.23882898
v -1.87981511 2.33599165 -0.99390898
v -0.56210353 3.10682343 -0.55332539
v -0.76780436 3.03248272 -0.61134039
v -0.97014628 3.06332433 -0.78802283
v -0.80914765 3.42887183 -0.52523557
v -0.84842526 3.34979799 -0.25072196
v -0.87138169 3.39725687 -0.41644603
v -0.56277711 3.48838086 -0.09016739
v -0.65352715 3.53594718 -0.23306728
v -0.57496548 3.56125825 -0.46256250
v -0.34833459 3.78839388 -0.35095037
v -0.60300300 3.66511281 -0.12278671
v -0.99500866 3.26093811 -0.74875432
v -1.20048550 2.76214694 -0.78111531
v -1.26194286 2.85278102 -0.87674144
v -1.11081817 3.24879600 -0.50022233
v -1.17376684 3.14805678 -0.54766401
v -1.27833739 3.06069480 -0.56232800
v -0.50808828 3.14323744 -0.37136598
v -0.54341120 3.08467155 -0.38792863
v -0.25923248 3.43739802 -0.07542258
v -0.19508375 3.55219915 -0.15676030
v -0.93406637 2.99038381 -0.41002251
v -1.35304345 2.70368569 -0.70779754
v -1.32658280 2.66134330 -0.84696651
v -1.32515927 2.92216792 -0.61648383
v -1.54292306 2.75334140 -0.72143132
v -1.16002213 3.04606544 -0.49351892
v -0.17031228 3.55129355 -0.19266571
v -0.36082155 3.64339760 -0.04826133
v -0.44750595 3.65773336 -0.03903583
v -2.30380282 0.02142720 -1.22643968
v -2.31143778 0.16226627 -1.26171909
v -2.16088146 0.55132926 -1.11197358
v -2.15201974 0.95214258 -1.07587161
v -2.07527833 1.09811296 -1.08276900
v -2.11457953 1.11738691 -1.07115822
v -2.05291350 0.95934028 -1.11021559
v -2.06400067 1.25905552 -1.05665812
v -2.03489561 0.95882047 -1.16554597
v -2.01926045 1.15464613 -1.23300670
v -2.36213808 0.09225935 -1.18368972
v -2.14870479 0.80224510 -1.23810264
v -2.03162811 1.36096718 -1.24984713
v -2.10358078 1.75701896 -1.22231290
v -2.11132480 1.85241091 -1.13563693
v -2.08047539 2.22066905 -1.09532853
v -2.07012550 2.37769158 -1.10444154
v -2.05431978 2.22000908 -1.01031194
v -2.01344250 2.20061786 -1.24027025
v -2.06121012 1.87299242 -1.03253981
v -1.96443761 2.00600850 -0.98103792
v -1.90098969 2.07111537 -1.25396272
v -1.96565164 2.08768908 -1.27643345
v -2.03166277 1.94745084 -1.25202637
v -1.94361184 1.97791923 -1.25979369
v -1.97067518 1.65385346 -1.25186325
v -1.97580310 1.75478272 -1.04818739
v -1.92197340 1.72277472 -1.10875389
v -1.93831147 1.62984641 -1.16146497
v -2.10244993 1.53906758 -1.05898087
v -2.16587263 1.43293140 -1.13492036
v -1.52543119 2.89328342 -0.80011529
v -1.54232093 2.76002072 -1.00897028
v -1.40697892 2.86262827 -0.93703245
v -1.84999519 2.75632599 -1.05352559
v -1.79776375 2.72905735 -1.01326113
v -1.67747048 2.72113676 -1.09748436
v -1.65418218 2.61468405 -1.09304184
v -1.69457063 2.55182346 -0.86538161
v -1.86917904 2.56877642 -0.89681760
v -1.81315596 2.42768994 -0.99105145
v -1.76938554 2.43288020 -1.09446303
v -1.88673582 2.46609172 -1.23710235
v -1.83220210 2.30396465 -1.03371879
v -1.81385243 2.23058299 -1.13310940
v -1.36098726 2.98473468 -0.74672166
v -2.00583594 2.55706717 -1.25383316
v -1.94819183 2.71044479 -1.08383474
v -2.08958932 2.50895149 -1.08502336
v -2.01674159 2.47222594 -0.97522453
v -1.94688623 2.34962861 -1.23989458
v -0.19322011 3.45892217 -0.30761383
v -0.42205877 3.22242701 -0.47120009
v -0.48435716 3.20527691 -0.56645457
v -0.54609369 3.23069823 -0.63273965
v -0.41788167 3.35914514 -0.52567323
v -0.77432969 3.09220435 -0.67357699
v -0.63382381 3.13582628 -0.62360883
v -0.80120504 3.19331778 -0.70721086
v -0.84024721 3.04281500 -0.73078780
v -0.87748205 3.31937572 -0.67947316
v -0.68580348 3.31740292 -0.65242389
v -0.74265413 3.39585006 -0.60300437
v -0.89612430 3.38012516 -0.59295014
v -0.77226845 3.48980176 -0.28441706
v -0.85631502 3.45254463 -0.36870443
v -0.93076585 3.31938299 -0.36043518
v -0.61336386 3.35260190 -0.12915364
v -1.03792566 3.31583398 -0.47337736
v -0.94343868 3.37268663 -0.48916533
v -0.98917904 3.19168308 -0.35344042
v -0.64479627 3.43826014 -0.16482791
v -0.53849801 3.31900550 -0.10924759
v -0.59559186 3.19947768 -0.17344236
v -0.74086431 3.21267176 -0.18546802
v -0.87489785 3.23095027 -0.27153801
v -0.63976369 3.70510584 -0.29361002
v -0.64615835 3.63838950 -0.21405461
v -0.67511278 3.54586210 -0.32548257
v -0.73971827 3.44274800 -0.21562491
v -0.60206079 3.59123406 -0.41359431
v -0.57697690 3.72581706 -0.40717981
v -0.45227744 3.70544317 -0.48838746
v -0.53319602 3.81049769 -0.34995859
v -0.38941225 3.77411865 -0.42863552
v -0.52878546 3.71898874 -0.10129952
v -0.55027088 3.79925568 -0.20674794
v -0.61802997 3.53217141 -0.52510007
v -0.73493065 3.47212286 -0.58239269
v -0.52656281 3.44504020 -0.58388835
v -0.63013989 3.37623825 -0.64817686
v -0.49358367 3.48804661 -0.52324595
v -0.34313343 3.67189183 -0.49683257
v -1.07725077 3.29399512 -0.67304893
v -1.01468436 3.13263773 -0.78943222
v -1.12786227 2.99746254 -0.87326908
v -1.21496007 3.04051625 -0.85859751
v -1.10737490 3.11485484 -0.83234832
v -1.08382605 2.93560541 -0.85741829
v -1.00740518 2.90121459 -0.79678623
v -1.29345682 2.92540068 -0.86062769
v -1.05766716 2.82730989 -0.73477576
v -0.97129324 2.92379428 -0.72859366
v -0.78865736 3.00258568 -0.55667981
v -0.98204776 2.91824610 -0.64819623
v -0.86847862 2.95865819 -0.67178039
v -0.92815611 3.21351206 -0.76222147
v -1.16917914 3.17992853 -0.73388682
v -1.26913709 3.10804897 -0.79132501
v -1.07317863 3.30994812 -0.61566583
v -1.07243420 3.16539236 -0.39973050
v -1.28374571 3.13862855 -0.69840826
v -1.24679481 3.13930346 -0.62568735
v -0.75221791 3.01042551 -0.47931627
v -0.61212209 3.03964868 -0.44634857
v -0.68290450 3.03782158 -0.43491833
v -0.51505555 3.11066386 -0.47629293
v -0.66763769 3.10182944 -0.25668106
v -0.47947263 3.17103036 -0.25081115
v -0.41655914 3.25593714 -0.17107214
v -0.32215466 3.29257708 -0.40499629
v -0.21409820 3.39244176 -0.21162332
v -0.29707811 3.29155547 -0.19743454
v -0.20781086 3.44083794 -0.13518677
v -0.27124012 3.50785746 -0.06504082
v -0.34395368 3.30860500 -0.12018396
v -0.37465456 3.20786976 -0.33151627
v -0.75825691 3.10774792 -0.27917639
v -0.81070281 3.05222971 -0.34212920
v -1.02874074 2.94898697 -0.49133876
v -0.88817100 2.95521130 -0.47067830
v -1.04961843 2.94056789 -0.54715845
v -1.14923957 2.87528394 -0.55008966
v -1.17664815 2.79112648 -0.68230803
v -1.24844689 2.83835335 -0.60699352
v -1.23396465 2.77145401 -0.83274680
v -1.26819510 2.73591177 -0.87405692
v -1.27626291 2.71841127 -0.69264123
v -1.39310504 2.61890286 -0.81535373
v -1.21994237 2.93426782 -0.52547621
v -1.44575321 2.65544179 -0.71989644
v -1.51054186 2.70226521 -0.70791855
v -1.34188536 2.79480854 -0.64065349
v -1.40730635 2.82295689 -0.64670094
v -1.46174542 2.88216504 -0.69377022
v -1.35489192 2.97098069 -0.66352361
v -1.12781190 3.00782295 -0.48620570
v -1.03102184 3.06815179 -0.38360276
v -0.88649408 3.11548363 -0.30199897
v -0.25743735 3.64122628 -0.42173915
v -0.17613089 3.52955904 -0.23812977
v -0.24430227 3.71066244 -0.17409931
v -0.23997983 3.69517867 -0.34629245
v -0.34506058 3.75297685 -0.11545167
v -0.45093902 3.79680882 -0.16566920
v -0.52207136 3.60073096 -0.05182236
v -0.45419906 3.42393741 -0.03690470
v -2.36610172 0.01101645 -1.24357739
v -2.30238973 0.07677787 -1.17788271
v -2.27262781 0.18306838 -1.25059750
v -2.32043211 0.00933361 -1.22666524
v -2.30915749 0.02475560 -1.25090634
v -2.35358470 0.02829776 -1.26432755
v -2.30905369 0.09545879 -1.26558533
v -2.28701462 0.09339395 -1.24640533
v -2.31832570 0.25135989 -1.24330663
v -2.27008144 0.11110384 -1.21451364
v -2.25992801 0.52711966 -1.20815881
v -2.31317779 0.36413543 -1.18507420
v -2.31207396 0.35459587 -1.15754438
v -2.25705760 0.31801656 -1.12998883
v -2.32906269 0.18924686 -1.15861427
v -2.34490235 0.21478677 -1.19508542
v -2.27997183 0.49205014 -1.18211535
v -2.36436571 0.10711028 -1.24002841
v -2.20584190 0.34329203 -1.22383139
v -2.14231196 0.66086891 -1.09719472
v -2.10976423 0.65260731 -1.14360873
v -2.09204613 0.84616321 -1.10016745
v -2.21333061 0.51976449 -1.10442295
v -2.26419214 0.45340202 -1.12307446
v -2.16515717 0.97366108 -1.09158956
v -2.03332773 1.20097444 -1.07239542
v -2.20372315 0.81443243 -1.11473534
v -2.16874786 1.10084382 -1.20187357
v -2.20466626 0.85613800 -1.12144859
v -2.18430609 1.03750500 -1.15152128
v -2.19321633 0.52670300 -1.23974532
v -2.09805518 0.80148288 -1.21496334
v -2.04767909 1.05037487 -1.20397601
v -1.98583916 1.18928954 -1.18590856
v -1.99739481 1.16529418 -1.12721289
v -2.04435043 1.07806475 -1.14172341
v -2.17703372 0.43515702 -1.16784826
v -2.27535102 0.17492279 -1.16038457
v -2.32997463 0.04800760 -1.17637280
v -2.34744443 0.03696324 -1.18088504
v -2.37201250 0.01674311 -1.22262971
v -2.38427225 0.03337323 -1.22567771
v -2.12718862 0.76511030 -1.23115923
v -2.16320608 0.85517650 -1.23345775
v -2.15933502 0.91689191 -1.24789178
v -2.07408076 0.84413983 -1.19506219
v -2.07561405 1.21742168 -1.25341126
v -2.07191784 1.02558795 -1.22785197
v -2.04553166 1.32335835 -1.23312436
v -2.01519797 1.47529521 -1.25553404
v -2.07384407 1.60884921 -1.25512452
v -2.12166513 1.55788006 -1.19194123
v -2.09644894 1.96116074 -1.08554953
v -2.04169639 2.40390142 -1.04604459
v -2.05023039 2.45002957 -1.17147035
v -2.05962815 2.35805111 -1.03090390
v -2.01976753 2.33521358 -1.20932626
v -2.02541546 2.09893131 -0.97876677
v -2.08376830 2.10285378 -1.01605879
v -2.05820071 2.11273611 -1.24082914
v -2.06737696 1.95696024 -1.22015057
v -2.05618906 1.77461228 -1.26994391
v -1.92086130 1.74216630 -1.21754496
v -1.96700292 1.78324446 -1.27847509
v -1.89764617 1.87480324 -1.18744272
v -1.94766090 1.65164654 -1.07508993
v -2.04152856 1.66872609 -1.03505175
v -2.07004198 1.73722211 -1.04776059
v -2.13491833 1.54897163 -1.13069316
v -2.10714129 1.80733270 -1.07317741
v -2.14886820 1.70003414 -1.12764781
v -2.14164474 1.67839718 -1.17132068
v -2.14282744 1.33260369 -1.15482024
v -2.11510411 1.14797000 -1.25306860
v -2.05709116 1.27182675 -1.22910707
v -2.11416002 1.34622743 -1.19659818
v -2.13454719 1.42932930 -1.23804174
v -2.13334814 1.41308799 -1.06544705
v -2.13589387 1.31301581 -1.09502233
v -2.02932582 1.56478192 -1.26163606
v -1.98858873 1.29360621 -1.19797370
v -1.96028676 1.48800188 -1.21248089
v -1.96550776 1.34238516 -1.18271965
v -1.97262142 1.38837914 -1.09690433
v -2.01746567 1.31003725 -1.06429994
v -1.97703488 1.55360569 -1.06902185
v -2.00851062 1.47378095 -1.04925548
v -1.93805754 1.52555279 -1.12468375
v -2.14615650 1.02984341 -1.20676293
v -2.20723151 0.83428901 -1.16796961
v -2.20827181 0.73789082 -1.21121443
v -2.01708502 1.40263953 -1.03762817
v -1.66785379 2.75723116 -0.83960534
v -1.77970394 2.76818474 -0.94835953
v -1.51215343 2.58138478 -0.82351056
v -1.63492665 2.52124835 -0.98929797
v -1.60093668 2.57017385 -1.02774466
v -1.39971289 2.68336723 -0.94124306
v -1.40236123 2.92086042 -0.91252382
v -1.46200032 2.93380364 -0.84758245
v -1.58250084 2.82730442 -0.96250710
v -1.82291527 2.69674330 -0.93622745
v -1.79099196 2.70249601 -0.88715750
v -1.73852514 2.78813999 -1.01711062
v -1.69733800 2.67442393 -1.10441038
v -1.75513547 2.70149438 -1.07881107
v -1.52461163 2.64872245 -1.00237385
v -1.31204455 2.81085259 -0.93139073
v -1.51945946 2.58664705 -0.92721097
v -1.69466660 2.51629079 -1.01461522
v -1.70781540 2.54197616 -1.05717039
v -1.71716377 2.52406105 -0.91851017
v -1.77231754 2.50377653 -0.89924518
v -1.73666748 2.47583209 -0.95720260
v -1.58512108 2.56469132 -0.86656694
v -1.79464050 2.58326324 -0.87589537
v -1.87093716 2.63427491 -0.90046200
v -1.96422809 2.67977331 -0.99323187
v -2.02660297 2.66268237 -0.98049215
v -1.96958744 2.59114842 -0.93686124
v -1.81545383 2.62382225 -0.88546995
v -1.68853266 2.67495599 -0.81982379
v -1.58381506 2.60947530 -0.79187235
v -1.74456336 2.60067245 -0.84900034
v -1.89143280 2.43033184 -0.95870535
v -1.94124202 2.51583504 -0.90547115
v -1.80512414 2.47077878 -0.92611833
v -1.72762250 2.53323598 -1.14144199
v -1.77212723 2.50359726 -1.16476033
v -1.82924125 2.59144328 -1.18682207
v -1.77148745 2.60519987 -1.18185140
v -1.71637605 2.62148749 -1.10451338
v -1.79353961 2.41851337 -1.15273202
v -1.82080116 2.37702220 -1.18408842
v -1.89819285 2.65964785 -1.20288585
v -1.89276730 2.42192036 -1.23942764
v -1.80657063 2.36071603 -1.08183081
v -1.80926900 2.29851600 -1.14800600
v -1.93548725 2.16002481 -1.01130602
v -1.84514798 2.16877198 -1.08143839
v -1.89385444 2.36008724 -0.99083960
v -2.09094098 2.56627670 -1.00422798
v -2.07635403 2.65201596 -1.03250385
v -2.05098929 2.70507578 -1.09846259
v -2.05195839 2.66377177 -1.18612378
v -1.96322366 2.71339682 -1.17858716
v -1.95425206 2.58122767 -1.26913339
v -1.87237958 2.73872368 -1.11936034
v -2.01447276 2.71432063 -1.05444048
v -2.11684522 2.58566553 -1.10370441
v -2.07131109 2.55787733 -1.20220372
v -2.02523997 2.50890725 -1.21317853
v -1.89106025 2.68479976 -1.15021113
v -1.79384588 2.67759300 -1.15970567
v -1.75316443 2.65510133 -1.14944425
v -1.88921694 1.87944328 -1.11863549
v -1.95561743 1.90241630 -1.01363618
v -1.87761696 2.10846899 -1.03864480
v -1.84223790 2.04594775 -1.11454959
v -1.96560896 2.33654754 -0.97833587
v -1.98303383 2.18812280 -0.99153279
v -1.84663806 2.17211438 -1.21167708
v -1.82007182 2.27952867 -1.19655721
v -1.86424529 2.37982865 -1.22100195
v -1.98861046 2.41340031 -1.19830018
v -1.91460844 2.22426569 -1.26528785
v -1.97564214 2.39744238 -0.99366076
v -0.18962371 3.54068561 0.25516213
v -0.89308724 3.42046402 0.37227232
v -0.60450975 3.22975367 0.12218689
v -0.45116714 3.33771526 0.05520359
v -0.98113940 3.35146569 0.63250669
v -1.12645669 3.05018332 0.81576127
v -0.79633543 3.00672564 0.53801223
v -2.23622537 0.02975124 1.45515451
v -2.21628531 0.01841768 1.37991597
v -1.91979841 1.34138845 1.20433003
v -1.98512390 1.44573666 1.30671046
v -2.11574192 1.25463326 1.17858510
v -1.89771166 1.86529571 1.09457495
v -2.06137964 1.64129673 1.08032150
v -1.01542871 3.22979518 0.35158694
v -1.39368263 2.93997014 0.68552152
v -1.16514053 2.80143335 0.67805310
v -1.12900034 3.02425248 0.43289141
v -1.87806728 2.74758861 1.04439483
v -1.82054114 2.68266572 0.95843386
v -1.89814847 2.62932318 0.93933451
v -1.98801071 2.52417448 0.97941643
v -2.00339780 2.34942883 0.99779694
v -1.82370622 2.33099763 1.21041046
v -0.25183530 3.67882426 0.29226744
v -0.27856436 3.68738088 0.09121238
v -0.39231000 3.66907100 0.43082800
v -0.65073868 3.58168204 0.29174835
v -0.76265135 3.30854315 0.11690721
v -0.73962084 3.18710793 0.13338466
v -0.73348657 3.36256152 0.60952072
v -1.15213892 3.25374446 0.49366962
v -0.90690812 3.41639225 0.50043888
v -1.20354518 3.16470581 0.73161063
v -0.67011923 3.07736434 0.53847038
v -0.87069197 2.95476974 0.54947152
v -0.99712727 2.98961735 0.72288643
v -0.57609957 3.38714855 0.58651573
v -0.38912399 3.31584437 0.43860302
v -0.51484154 3.15365472 0.49641379
v -0.47809937 3.28818775 0.53106832
v -0.27730085 3.61701751 0.39254290
v -0.63775002 3.07645315 0.28232373
v -0.65659872 3.12125004 0.19862546
v -2.22081952 0.00269500 1.42715375
v -2.20699003 0.24766124 1.42284510
v -2.26460687 0.09058315 1.41017009
v -2.10576721 0.30154597 1.38611218
v -2.08383953 0.44744921 1.38382564
v -2.14640615 0.27195254 1.32416419
v -2.05721879 0.56605930 1.27317721
v -1.94876885 1.58815820 1.27993804
v -2.11975454 1.39905634 1.19274184
v -2.11646238 1.12462785 1.26913947
v -2.04475187 1.62642443 1.28919767
v -1.95494585 1.90824464 1.27924651
v -1.99586186 0.83216552 1.27409005
v -2.00987344 1.33512903 1.11619850
v -2.15789386 0.63314856 1.26796063
v -2.05363694 1.90846076 1.04718973
v -2.10061190 2.12879278 1.14073795
v -1.01624389 3.32009258 0.41314544
v -1.28458576 3.14263988 0.55212843
v -1.37142648 2.95424325 0.58694390
v -1.28052035 2.74468162 0.66907246
v -1.14410333 2.83919465 0.78005476
v -1.24537037 2.71723915 0.77875616
v -1.23506150 2.76513969 0.84909304
v -1.20644577 2.93485149 0.84435416
v -1.40947942 2.64435442 0.74743885
v -1.14625629 2.90627242 0.47019076
v -1.51572129 2.74270377 0.72654214
v -1.68510890 2.74115563 1.08994511
v -1.76130924 2.77488288 0.95958546
v -1.80068674 2.71813907 0.99434897
v -1.34390998 2.97738592 0.80515117
v -1.28012061 2.99526853 0.81977343
v -1.69281848 2.54860881 0.88647537
v -1.67953621 2.47696159 1.05560473
v -1.75781422 2.48326010 0.95490454
v -1.75771381 2.42459158 1.09773770
v -2.02854798 2.46351425 1.03566590
v -1.38784491 2.67929714 0.95357105
v -1.90541818 2.34320774 1.26958135
v -2.00298683 2.42074048 1.20788911
v -2.03669405 2.45736971 1.19221493
v -2.05051371 2.65110553 1.20400594
v -2.00214328 2.30617793 1.24891407
v -1.90552411 2.09780106 1.28555252
v -1.83684161 2.15840253 1.14779904
v -2.06559281 2.25346317 1.07638213
v -2.07623143 2.14060215 1.04030433
v -2.00319221 2.14452549 0.99447341
v -1.89816755 2.00942624 1.04029210
v -0.23854038 3.53601369 0.05563714
v -0.28290517 3.74648664 0.17400247
v -0.35798714 3.72908436 0.35580745
v -0.37091156 3.78339189 0.23498187
v -0.54903180 3.68577375 0.38613108
v -0.50520168 3.78181016 0.28209656
v -0.45336845 3.66625278 0.44243764
v -0.69543017 3.55260636 0.44965821
v -0.53688850 3.52013631 0.44160082
v -0.78030936 3.52716677 0.26310953
v -0.84838565 3.48358345 0.39917706
v -0.61564219 3.69556917 0.28840841
v -0.62172477 3.69856450 0.19525480
v -0.68771761 3.54857665 0.23494349
v -0.75628426 3.55606333 0.36012758
v -0.57030782 3.66745775 0.06152296
v -0.51215454 3.56541532 0.01219410
v -0.66429934 3.39534061 0.10225081
v -0.77278591 3.43437479 0.15612234
v -0.68538488 3.48933687 0.15545304
v -0.87519618 3.40650611 0.24627076
v -0.84182043 3.27632217 0.15998411
v -0.55762949 3.31527400 0.07395243
v -0.37322344 3.44499219 0.01606106
v -0.38113586 3.75841330 0.09863291
v -0.42210615 3.67277854 0.01992390
v -0.25750875 3.46313901 0.05413977
v -0.36425947 3.51457579 0.01058244
v -0.54300424 3.74127828 0.13033039
v -0.41760495 3.78902960 0.16573323
v -0.69840565 3.46909996 0.55172501
v -0.78549167 3.42230858 0.55391527
v -0.84316096 3.29439233 0.66032839
v -1.08704099 3.32984864 0.62900619
v -0.97212256 3.22554587 0.73291655
v -1.06555801 3.35377802 0.51849520
v -1.18765374 3.20701758 0.57986280
v -0.98924444 3.36862876 0.49536228
v -0.90848435 3.35144684 0.61018026
v -1.09436027 3.18289526 0.70552125
v -1.25573001 3.08271227 0.80158951
v -1.05380608 3.11464367 0.74651640
v -0.88059350 3.18995504 0.74115349
v -1.02474559 3.06719121 0.75451763
v -0.73937216 3.10767720 0.61523752
v -0.57651834 3.18245869 0.55314178
v -0.76115186 3.17020406 0.65280942
v -0.69677566 3.27121780 0.63634498
v -0.91223106 2.97855207 0.65869541
v -0.81427496 3.04634915 0.65625564
v -0.67975494 3.04256046 0.40989213
v -0.76699007 3.02271254 0.47496667
v -0.35566413 3.31113327 0.39036137
v -0.50489272 3.50610300 0.45062737
v -0.43301674 3.42990473 0.46677873
v -0.19949043 3.53401773 0.28959173
v -0.26771915 3.44780293 0.38934768
v -0.28620762 3.29568438 0.24123003
v -0.21531299 3.43940434 0.31966060
v -0.27943213 3.35322117 0.11859830
v -0.19887007 3.42046715 0.17483454
v -0.18558680 3.50055742 0.19993375
v -0.49574050 3.19860171 0.16688550
v -0.36845235 3.25692828 0.16146947
v -0.50935195 3.11818408 0.32148890
v -0.43138201 3.19627848 0.42365692
v -0.58691847 3.09719676 0.43357278
v -0.38060823 3.23954869 0.28189262
v -0.35775941 3.60460362 0.44444851
v -2.26688498 0.03566113 1.43135197
v -2.20323554 0.00696264 1.41984894
v -2.17560723 0.05373828 1.41004307
v -2.23112448 0.06751981 1.45669288
v -2.14839224 0.25292777 1.42662992
v -2.24836500 0.10178900 1.43356800
v -2.16761089 0.32080952 1.42611676
v -2.23752721 0.22052958 1.38732521
v -2.18698197 0.05184653 1.43878130
v -2.10149117 0.35279264 1.33043482
v -2.13377827 0.19316591 1.38056182
v -2.26613725 0.01924114 1.41062575
v -2.16235270 0.39346503 1.28946914
v -2.19309939 0.29399386 1.31494102
v -2.20777605 0.39197320 1.34196323
v -2.21995451 0.18784836 1.34384990
v -2.25607796 0.08604732 1.37342848
v -2.24554451 0.05499094 1.36590593
v -2.20975381 0.35705326 1.38279886
v -2.05307381 0.82555872 1.20512560
v -1.98334174 1.15617834 1.15817047
v -1.95137859 1.38894119 1.14227596
v -1.92290856 1.37056497 1.22618663
v -1.91727862 1.59735813 1.14308327
v -1.90578870 1.59269791 1.20878629
v -1.97085265 1.50969132 1.30200552
v -2.00452259 1.31748424 1.30011244
v -1.95654591 1.32104014 1.26406178
v -1.93950371 1.23249653 1.24911698
v -2.00283800 1.19473200 1.30132900
v -2.08296608 1.34345126 1.26020744
v -2.07832974 1.41996083 1.30085107
v -2.11531230 1.40869723 1.22334503
v -2.05291278 1.15554806 1.31064045
v -2.08155749 1.70394999 1.26291109
v -2.08749327 1.56016952 1.26984244
v -2.10185761 1.78142043 1.20426862
v -2.04054809 1.79360084 1.27049114
v -1.93358578 1.81144454 1.26137841
v -1.91173757 1.78453027 1.22581038
v -1.94979648 1.65585907 1.27313782
v -1.83323713 1.99815973 1.22284336
v -1.85717673 1.91278785 1.12356259
v -1.88570883 1.79779467 1.15843197
v -1.89597133 1.75851350 1.19576656
v -1.97966037 1.72386097 1.06621612
v -1.94266846 1.56332914 1.10857759
v -1.97609326 1.10645233 1.25300323
v -2.00503320 1.06597065 1.18835143
v -1.99470722 0.95325278 1.20179576
v -2.02885118 0.59555059 1.30314374
v -2.00770707 0.78349215 1.32015132
v -2.08203699 0.98801664 1.32061846
v -2.04558230 0.87946502 1.34561723
v -2.04329036 0.76956958 1.35202535
v -1.99982961 1.04745980 1.30850133
v -2.09317160 0.70603045 1.36037913
v -2.09819619 1.26046688 1.14987372
v -2.12505352 1.04805942 1.20322066
v -2.08798982 0.90810270 1.18459455
v -2.13468296 0.90986080 1.22099673
v -2.13809189 0.95029189 1.22563768
v -2.13629188 0.63665368 1.24379638
v -2.15290963 0.72375118 1.30756273
v -2.18261066 0.49294634 1.35315288
v -2.11135430 0.52996102 1.25819256
v -2.10026318 0.75078595 1.21275662
v -2.10075100 0.64509400 1.23656500
v -2.13174424 0.91543220 1.29045749
v -2.14131737 0.82572330 1.28816878
v -2.07446078 1.15271734 1.13918730
v -2.06819593 1.05379406 1.16667431
v -2.08950768 1.44167232 1.12118687
v -2.01281419 1.52795148 1.08685632
v -2.12669621 1.68654704 1.15880870
v -2.11820901 1.62036032 1.15032055
v -2.11368021 1.83199413 1.14587036
v -2.11491682 1.71817417 1.10597480
v -2.07943724 1.73581620 1.07064508
v -1.98818590 1.87883451 1.04638921
v -2.08291766 1.99439433 1.08950484
v -2.08695675 1.95728534 1.18150260
v -2.01427964 2.09782510 1.26083427
v -1.99380312 1.95359464 1.27115396
v -0.97182660 3.16961712 0.31149265
v -0.91194855 3.31940207 0.27056965
v -1.16827666 3.08214969 0.44646899
v -1.11255448 3.21093139 0.40127422
v -1.33762574 3.01345639 0.53428928
v -1.19803877 3.15541065 0.50696256
v -1.44779621 2.77442979 0.66206857
v -1.35587663 2.79444706 0.64333909
v -1.38190285 2.72228782 0.67001168
v -1.23429754 2.82980392 0.55162546
v -1.39210877 2.87077227 0.65565531
v -1.12070589 2.83205161 0.57808333
v -1.35043109 2.76127863 0.94388643
v -1.27184675 2.81011112 0.90589717
v -1.32806678 2.86908461 0.91954271
v -1.29155414 2.89046495 0.87762109
v -0.99238309 2.96956795 0.68891747
v -1.10238685 2.95444758 0.80302947
v -1.06016730 2.87528755 0.69241722
v -1.00923801 2.92748902 0.58880620
v -1.29000210 2.69103234 0.75762727
v -1.48553927 2.58201690 0.87288752
v -1.45855449 2.58960877 0.91057389
v -1.42289824 2.62360451 0.93740905
v -1.10861436 2.86891300 0.51610924
v -1.06002851 2.93180410 0.50172534
v -1.01519108 2.97570333 0.39576146
v -0.95902720 2.95441070 0.42579347
v -0.86531435 3.07568649 0.29696122
v -0.88232802 3.01490880 0.37997281
v -0.78487850 3.08663590 0.24129749
v -0.75602287 3.03306787 0.37035151
v -0.97075311 3.10152051 0.32769876
v -1.28347600 2.89244563 0.51669043
v -1.17366290 2.95172882 0.44327758
v -1.64446377 2.78672392 0.85042645
v -1.49715876 2.89691586 0.89525943
v -1.46497427 2.93795823 0.83326921
v -1.71693758 2.78666000 1.03941194
v -1.65795085 2.79595065 1.02060665
v -1.71928802 2.69695285 1.10707949
v -1.79748814 2.64491313 1.19064641
v -1.82276157 2.64362376 1.23996821
v -1.74936343 2.53281416 1.22422343
v -1.74006681 2.66309963 1.17826890
v -1.97587249 2.72454990 1.15612662
v -1.90197512 2.69947022 1.24601466
v -1.90298129 2.70998256 1.16770269
v -1.61497435 2.68119763 1.08937205
v -1.63124071 2.61689065 1.10950490
v -1.77367523 2.72760220 1.05087681
v -1.82858579 2.75217115 1.10569648
v -1.60754534 2.83501160 0.91720321
v -1.77792271 2.69075543 0.88952656
v -1.77894414 2.73570548 0.91456888
v -1.41486706 2.87280216 0.93602095
v -1.38626244 2.92478667 0.90548422
v -1.38448640 3.02519663 0.68572027
v -1.36777285 3.09129205 0.62813118
v -1.39194915 2.97284677 0.75794971
v -1.34752522 3.10380869 0.72494531
v -1.27149103 3.17939154 0.65532957
v -1.19875751 3.19502519 0.63752718
v -1.48988578 2.91280576 0.74147372
v -1.51883969 2.86474971 0.75671123
v -1.59184810 2.62003158 0.82035414
v -1.76745361 2.61499611 0.88107276
v -1.64317461 2.71415089 0.82018636
v -1.81072886 2.59877663 0.93064088
v -1.69602017 2.50389055 0.97855726
v -1.59409187 2.56228506 1.04759850
v -1.64322242 2.52759750 1.03735619
v -1.68841424 2.56745648 1.15477404
v -1.90056655 2.43952213 0.97256734
v -1.67396790 2.50487675 1.10308682
v -1.84051092 2.48840507 0.94913298
v -1.88783679 2.54567029 0.93690987
v -1.94558154 2.61723250 1.00814602
v -2.01048056 2.62790776 1.01854109
v -2.06761166 2.62413841 1.07582250
v -1.94085489 2.68263420 1.05743865
v -1.89462603 2.68190939 0.97224517
v -2.01394018 2.69585422 1.09747961
v -2.06742695 2.55413077 1.05429572
v -1.90431071 2.25608454 0.98693555
v -1.95338301 2.34788757 0.97673751
v -1.91013794 2.39479753 0.98002145
v -2.03721942 2.42394544 1.06449302
v -2.08669564 0.57013126 1.38065606
v -2.15297907 0.47154869 1.39167177
v -1.49708845 2.69608040 1.02449139
v -1.51022934 2.78679590 0.99871981
v -1.80003915 2.46797186 1.22993718
v -1.81011292 2.37636043 1.16277641
v -1.85281832 2.39585668 1.21621376
v -1.91492792 2.40254139 1.23913992
v -1.98444117 2.35998046 1.25232143
v -2.08628541 2.55872579 1.17007957
v -2.05887054 2.51993027 1.17404787
v -1.97457675 2.48272102 1.26392911
v -1.99568234 2.56799125 1.28547407
v -1.88223660 2.46384208 1.26365978
v -1.94151375 2.63441347 1.28890236
v -2.01184457 2.65273221 1.25049017
v -1.87650271 2.58672081 1.29602443
v -2.03526064 2.41760317 1.13584586
v -1.94091896 2.22741739 1.26634637
v -1.85763670 2.21159458 1.23789000
v -1.85700770 2.15767228 1.05911085
v -1.83518261 2.01916273 1.09139007
v -1.91952386 2.13690693 1.00676164
v -1.80612461 2.28421584 1.11119583
v -1.80167632 2.35042610 1.09842655
v -1.84077903 2.27444030 1.03250442
v -1.85604756 2.12536448 1.24763117
v -2.02597958 2.24784016 1.22090122
v -2.07477298 2.13254900 1.20863519
v -2.06417692 2.29164067 1.16775472
v -2.03773374 2.08119020 1.01581680
v -2.04283087 2.35745075 1.04015845
v -1.79489195 2.42223250 1.01682429
v -1.86559160 2.37173122 0.99961374
v -1.99727516 1.75765285 1.29563879
v 0.51463340 3.73251026 0.09475141
v 0.82126796 3.46912388 0.30355718
v 0.45098179 3.16530073 0.36897042
v 0.70843636 3.12775058 0.25711264
v 1.00067759 3.17470202 0.35301097
v 2.35436643 0.01331322 1.24791821
v 2.32599832 0.31286159 1.18376648
v 2.14804735 0.50314774 1.18102530
v 2.29336006 0.09165917 1.17221503
v 2.30956966 0.03191166 1.24561725
v 0.86576937 3.09946915 0.76137754
v 0.96956084 3.06392822 0.77932600
v 0.96548919 3.38771863 0.59397240
v 1.58354135 2.81207248 0.78182373
v 1.36290377 2.83390905 0.63867083
v 1.68564002 2.66562121 0.81058884
v 1.55837851 2.72609938 1.03757679
v 2.09046609 1.06979234 1.24636088
v 2.02773566 0.94002785 1.15467174
v 2.13399830 1.66731575 1.10422357
v 2.13544958 1.23065521 1.07412552
v 1.91181519 1.78708064 1.07096319
v 1.50164615 2.57761922 0.85254551
v 1.56883270 2.57483635 0.98960688
v 1.97165393 2.62831569 1.24702872
v 2.06609359 2.36653919 1.12772216
v 0.18255070 3.51612573 0.27501455
v 0.26741946 3.49021659 0.05717943
v 0.36506313 3.42074255 0.04174263
v 0.33147603 3.64160249 0.05428266
v 0.54610260 3.78486994 0.20266703
v 0.57269990 3.66671324 0.43448419
v 0.43197195 3.74036233 0.44508329
v 0.51701887 3.51494105 0.49798283
v 0.65527017 3.51213350 0.22376996
v 0.43903000 3.42361304 0.52584418
v 0.45721254 3.24288256 0.18001364
v 0.73793400 3.28986299 0.16783926
v 0.84350892 3.19002913 0.25530997
v 0.78079046 3.07934672 0.28699051
v 0.62174693 3.09765525 0.27421226
v 0.26894787 3.33923253 0.32205083
v 0.53435814 3.08989970 0.41940204
v 0.73306553 3.02770883 0.38520953
v 0.95112892 3.16178070 0.32867684
v 1.17223102 2.98579481 0.53012294
v 1.12209595 3.00811942 0.50174085
v 1.26461750 2.97034996 0.57198654
v 2.35346422 0.21454315 1.18278614
v 2.30896372 0.27368085 1.24279902
v 2.32202733 0.24575797 1.14510432
v 2.21736676 0.76602082 1.10801439
v 2.25681442 0.64088025 1.16803773
v 2.31340279 0.13734957 1.15033896
v 2.29712317 0.03758709 1.23307692
v 2.36716779 0.03258593 1.18563870
v 0.89050707 3.31876334 0.70658804
v 1.25739265 3.11493872 0.69854317
v 1.12275555 3.15312024 0.74730291
v 1.49237891 2.77449964 0.69007046
v 1.53751711 2.86862138 0.90878996
v 1.11067153 3.02908333 0.86620041
v 1.00255619 2.90621382 0.78872733
v 1.18551216 2.78353581 0.67743409
v 1.00781881 2.94451621 0.48892292
v 2.07648639 0.78165131 1.18933015
v 2.13882535 0.61267589 1.21861687
v 2.20093381 0.79817566 1.21653329
v 2.04058369 1.03546658 1.19860361
v 1.99951870 1.45113890 1.23821367
v 2.04606998 1.00359644 1.09814019
v 2.14781517 1.45362093 1.18862309
v 2.05675342 1.58002339 1.26106806
v 2.14031780 1.34070103 1.08954158
v 2.21544643 0.88866998 1.13254803
v 2.07395991 1.07880642 1.07620080
v 2.08722401 1.37977466 1.05577277
v 2.00321909 1.48195911 1.03644498
v 1.92703266 1.65269808 1.17171841
v 1.88768771 1.88420100 1.13218175
v 2.05371501 1.80314519 1.26258178
v 1.28988801 2.73798367 0.89317025
v 1.70400120 2.50022416 0.96547153
v 1.77420459 2.49869375 0.89659478
v 1.58127417 2.56904537 0.84288132
v 1.32550033 2.72477351 0.67702522
v 1.93729883 2.65767999 0.96375305
v 1.96747953 2.70641432 1.04384721
v 1.66186776 2.68940961 1.08983634
v 1.73056431 2.66502801 1.09707363
v 1.76576584 2.63579861 1.16878108
v 1.78423523 2.68740924 0.85601061
v 1.81288331 2.43031292 0.97943042
v 1.78002653 2.53029031 1.17430236
v 1.71128462 2.49209042 1.06219122
v 1.85660800 2.37165687 1.21079988
v 1.90102354 2.56371197 1.25456837
v 1.99792911 2.39813722 0.99512458
v 1.86445054 2.19639656 1.23484479
v 2.10032206 1.83952345 1.20455147
v 2.04276992 2.01851048 0.98567442
v 0.19554936 3.62238076 0.18511565
v 0.29571617 3.74526166 0.13977732
v 0.24429681 3.45133499 0.08293398
v 0.25709706 3.38734260 0.10527208
v 0.34345000 3.51390277 0.01601928
v 0.45156462 3.70348396 0.04707293
v 0.40778061 3.78695826 0.13333475
v 0.39364952 3.81438348 0.29674957
v 0.33728328 3.79028083 0.21065820
v 0.27569393 3.75819198 0.24038735
v 0.56036948 3.75699988 0.35745718
v 0.48403092 3.81377688 0.27104944
v 0.57569488 3.58494149 0.42235477
v 0.70715428 3.55807459 0.38544720
v 0.49423880 3.61714922 0.49000284
v 0.62217905 3.55881235 0.43358630
v 0.85603058 3.43975313 0.42975419
v 0.77377361 3.52635470 0.37267706
v 0.66514864 3.40654224 0.63103986
v 0.73983803 3.49048822 0.55285297
v 0.64137998 3.65599826 0.23578882
v 0.59642473 3.52819548 0.52980846
v 0.42907727 3.54878911 0.49879958
v 0.51164999 3.38577592 0.60560622
v 0.27022690 3.51451665 0.42756149
v 0.31749256 3.66077682 0.45732811
v 0.32524037 3.28617600 0.38605270
v 0.44514541 3.23374519 0.52070741
v 0.40226822 3.32421173 0.49605951
v 0.32863316 3.38183348 0.45809131
v 0.19838066 3.44615516 0.30176682
v 0.63049258 3.63778164 0.16286020
v 0.51076890 3.59476910 0.02660021
v 0.22199161 3.64428615 0.31434358
v 0.27280632 3.72074534 0.36663785
v 0.49756968 3.34509680 0.08391811
v 0.33917901 3.31510755 0.10671962
v 0.54901572 3.29805630 0.11975484
v 0.60622908 3.35212951 0.12331914
v 0.70430228 3.18650567 0.18378308
v 0.36919193 3.22394562 0.29614058
v 0.20937065 3.40249371 0.17817430
v 0.33487834 3.25198364 0.21967741
v 0.53180764 3.16483225 0.21167489
v 0.52976607 3.11843788 0.31285408
v 0.48143239 3.16984433 0.49271219
v 0.90076565 3.09518036 0.34258570
v 0.82987311 3.03062133 0.43225004
v 0.66289192 3.05405570 0.56935426
v 0.69768777 3.01735976 0.49096149
v 0.75228555 3.04222541 0.59249362
v 1.07203655 3.15754402 0.40645721
v 1.03626677 3.02671061 0.41056516
v 1.15181743 3.11356513 0.58307366
v 0.94730390 3.31756093 0.37523752
v 1.06657127 3.27656607 0.43882550
v 0.89551306 3.25055786 0.28508309
v 0.81165172 3.39192792 0.21851810
v 0.64400001 3.43334515 0.16104921
v 0.60458701 3.54859420 0.10893110
v 0.46566838 3.41935073 0.03935764
v 0.17435848 3.51393099 0.17054991
v 2.38033476 0.04422916 1.21103370
v 2.37450672 0.02645824 1.24546331
v 2.30038758 0.16940606 1.25502393
v 2.36599752 0.13780297 1.21316186
v 2.34674488 0.11768941 1.24988579
v 2.23556608 0.63045061 1.10180312
v 2.29226850 0.41715449 1.13947312
v 2.24223220 0.35368644 1.11971337
v 2.19333868 0.64339542 1.07923844
v 2.27834929 0.43304157 1.22631523
v 2.20440631 0.37059424 1.22574518
v 2.33152718 0.03374377 1.17761359
v 2.35952707 0.00661694 1.21038914
v 2.31515333 0.02747630 1.18860460
v 2.37645800 0.02576000 1.21336700
v 2.32823126 0.00467326 1.20917562
v 2.26049602 0.17259865 1.23172027
v 2.34803494 0.03273803 1.25863476
v 2.30749535 0.11314288 1.26117416
v 2.27140468 0.11380288 1.20409909
v 0.58519075 3.31466280 0.64635125
v 0.77963414 3.39562421 0.59129258
v 0.73135488 3.32847973 0.64759196
v 0.73184346 3.10471282 0.65289826
v 0.97269487 3.25053530 0.73732449
v 1.05689175 3.31589275 0.60745104
v 1.24035757 3.11225159 0.78605467
v 1.09970274 3.18070698 0.70021748
v 1.35519679 2.97518733 0.80875716
v 1.35592368 2.97035852 0.70986619
v 1.47649660 2.92742404 0.73773040
v 1.51426492 2.86836603 0.74008341
v 1.42152652 2.92813888 0.71472211
v 1.43587700 2.83932746 0.65668975
v 1.28416815 2.82261465 0.61142418
v 1.32829808 2.92801422 0.62675111
v 1.38004597 2.75435897 0.65061102
v 1.26284261 3.05217933 0.60917042
v 1.67896056 2.73930728 0.81874906
v 1.78129113 2.75868866 0.90104823
v 1.70778691 2.80758013 0.95786672
v 1.65349807 2.82193607 0.87614739
v 1.39785607 2.95666429 0.86260058
v 1.55105239 2.87943132 0.82559399
v 1.34904519 2.89516931 0.91235159
v 1.28022834 2.90758529 0.86748129
v 1.25755490 3.01990832 0.84479454
v 1.29253698 2.77570819 0.91305660
v 1.07221636 2.91755196 0.84302069
v 1.24319305 2.80920233 0.85960819
v 1.63759891 2.83061853 0.95080498
v 1.61507586 2.79479499 1.01594179
v 1.52560449 2.77169375 0.99773294
v 1.01378036 3.36053483 0.50118075
v 1.12639652 3.15112799 0.50372027
v 1.13190214 3.09433016 0.83177675
v 1.01832390 3.13416024 0.77250219
v 0.94573168 3.01643729 0.75307725
v 1.00879838 2.86844010 0.70879295
v 0.97564155 2.93358321 0.70002037
v 1.07695442 2.82106385 0.66321441
v 0.80427902 2.99040226 0.60552269
v 0.92056989 2.92225202 0.60530012
v 0.91443440 2.96700546 0.45114354
v 1.02380601 2.92394940 0.57729585
v 1.23070889 2.74925390 0.79605853
v 1.16550909 2.88060114 0.54730935
v 0.86791345 2.98666516 0.70250602
v 0.73952011 3.17248884 0.67753662
v 0.91946751 3.39019747 0.49587683
v 0.52665504 3.20611934 0.61025054
v 2.22768478 0.28867956 1.14898593
v 2.12247717 0.61244070 1.11537669
v 2.21560419 0.44041591 1.24010345
v 2.16614283 0.50891815 1.23268578
v 2.14550307 0.92392959 1.24123310
v 2.19013902 0.69302316 1.23906421
v 2.06213205 0.95568859 1.22942749
v 2.08476178 0.85292030 1.21970370
v 2.00182532 1.17268918 1.20813912
v 1.96862829 1.43047288 1.20047804
v 2.06262251 1.32400026 1.24538952
v 2.06848199 1.48475138 1.24950471
v 2.14631053 1.08624876 1.23114341
v 2.03884606 1.32157757 1.24799752
v 2.06746809 0.84637140 1.12975476
v 1.99960412 1.14480629 1.13176548
v 2.19713226 0.91732475 1.19162715
v 2.11727248 1.31394206 1.21525117
v 2.15925731 1.53280665 1.14226114
v 2.14945905 1.33650832 1.15066362
v 2.16957185 1.12945301 1.18375882
v 2.17043946 1.01239751 1.08733835
v 2.18525370 1.10707635 1.13135381
v 2.25309774 0.55802637 1.21745792
v 2.19673691 0.60059245 1.23579046
v 2.14942078 0.64966973 1.08383092
v 2.10364406 0.90491453 1.06640246
v 2.13732255 1.06450098 1.06878878
v 2.03922882 1.25208971 1.05276407
v 2.06529862 1.53510046 1.01970869
v 1.98036480 1.42951745 1.06349130
v 1.92801786 1.52923966 1.15114405
v 1.97558959 1.69114195 1.05244518
v 2.13454476 1.45956934 1.07310309
v 2.12226204 1.56887524 1.05702343
v 2.04615861 1.70699884 1.04454782
v 2.04926792 1.80126955 1.01646988
v 1.97200597 1.82954925 1.01641462
v 1.98307762 1.88099498 1.00955138
v 1.93427925 1.64253357 1.09136661
v 1.89451404 1.79262925 1.17375972
v 1.92611826 1.79681041 1.23961678
v 1.93431582 1.90898670 1.24888243
v 1.90098183 1.87407759 1.19416433
v 2.02558479 1.65514333 1.26257840
v 1.96569273 1.54043564 1.24598118
v 1.96411057 1.82131502 1.26659338
v 1.96289586 1.38134362 1.13038498
v 2.15726624 0.82407361 1.07124250
v 2.19942110 0.34843924 1.17933061
v 1.28388302 2.70103046 0.73365136
v 1.33451026 2.65603280 0.83782862
v 1.53101484 2.57905322 0.92663519
v 1.70490311 2.53782310 1.04872282
v 1.63117376 2.52441606 0.99835956
v 1.72008398 2.52082832 0.90697929
v 1.47495787 2.61503313 0.76939330
v 1.76652121 2.60836228 0.85061977
v 1.70323616 2.55799536 0.85453582
v 1.89758106 2.58572470 0.90906518
v 1.90787676 2.72462253 0.98505362
v 2.04463671 2.70936219 1.08833510
v 2.01109281 2.71921281 1.05940943
v 1.88580534 2.69476482 1.13718701
v 1.85076181 2.74386261 1.11181852
v 1.87054061 2.65936650 1.16347429
v 1.85739769 2.75661225 1.04564891
v 1.69164694 2.74115513 1.07771165
v 1.75363174 2.71090117 1.06998617
v 1.78257794 2.73305445 1.02460477
v 1.75461081 2.78248278 1.02552154
v 1.79751332 2.69659678 1.14194334
v 1.84314740 2.61464859 1.18149174
v 2.10249085 2.57309118 1.01855843
v 2.04335264 2.67815771 0.98812603
v 2.10131647 2.63173154 1.11633883
v 2.05623471 2.65374663 1.18170039
v 1.95911511 2.70623502 1.18252357
v 1.81955380 2.69846354 0.93311751
v 1.79795893 2.75882507 0.93386437
v 1.81491933 2.63364876 0.88200305
v 1.85970971 2.57116892 0.88487491
v 1.91372837 2.38136177 0.97946118
v 1.84041151 2.33831252 1.02390322
v 2.03125400 2.44764529 0.99826335
v 1.85319981 2.49130895 0.90398591
v 1.94016735 2.50098579 0.90391819
v 2.00094142 2.47806913 0.95503936
v 2.04786762 2.61827704 0.96978246
v 1.56860120 2.62992414 0.76511098
v 1.78683152 2.43402613 1.13951373
v 1.84078765 2.48694696 1.21923128
v 1.89822341 2.40757568 1.23245704
v 1.73840672 2.54250053 1.15235993
v 1.70815326 2.59855610 1.09868894
v 1.53725159 2.65179144 1.00774820
v 1.41115141 2.76888052 0.95616048
v 1.92341493 2.48384566 1.23688782
v 1.92183009 2.32105359 1.24803177
v 1.98085020 2.41524930 1.19620755
v 2.03384289 2.44448166 1.18211810
v 2.08530357 2.47318173 1.08536581
v 2.05089307 2.41598520 1.08958609
v 2.10009193 2.55256999 1.12453945
v 2.05539948 2.45572720 1.01619784
v 2.02555917 2.40323700 1.02637145
v 2.06989375 2.34261285 1.04978026
v 2.03930838 2.18644451 1.23047169
v 2.07404755 2.17675752 1.19683932
v 2.08299062 2.20677119 1.15075118
v 1.98865028 2.31346343 1.23109398
v 2.07517660 2.23077380 1.01594038
v 2.09341977 2.09641869 1.07244884
v 2.05232203 2.55964641 1.22463437
v 2.04237328 2.51846252 1.19667624
v 1.90657939 2.17003725 1.25759946
v 1.81529730 2.24533069 1.18718949
v 2.00175638 2.09553411 1.26265572
v 1.83776585 2.12778386 1.16697107
v 1.84804786 2.15738569 1.07190370
v 1.94107207 2.14379626 0.99474676
v 1.84329063 2.24890835 1.01987488
v 1.90417716 2.23478954 0.98128342
v 1.80674036 2.23364199 1.10790890
v 1.80269525 2.35821283 1.12205856
v 1.78171052 2.41692205 1.04372685
v 2.10543743 1.70148556 1.07132377
v 2.08669605 1.89420891 1.03890587
v 2.07361472 1.94296950 1.20779797
v 2.06216468 1.92189059 1.22373823
v 2.11515448 1.64402041 1.19760684
v 2.10146841 1.96674647 1.10104202
v 1.93717255 2.00822544 0.98355599
v 1.85647031 2.00870575 1.05855608
v 1.90887887 1.87838035 1.06036160
v 1.84493794 2.03226301 1.10826852
v 2.01010720 2.15320037 0.97913388
v 2.07975722 2.05603867 1.01777026
v 2.06358880 2.17726426 1.00840146
v 2.12290699 1.84225535 1.07602898
v 2.00013992 1.95778813 1.25298749
v 2.01130810 2.27913217 0.97296764
v 0.52017034 3.10834378 -0.35083163
v 0.63596092 3.15850716 -0.58216988
v 0.78770819 3.03994171 -0.63384593
v 1.14909727 3.06815349 -0.45496999
v 0.57622851 3.70916906 -0.11265849
v 0.90518152 3.29089356 -0.25458006
v 0.77406473 3.33562856 -0.60616574
v 2.21427619 0.01840722 -1.45159199
v 2.02538641 0.64849948 -1.34442684
v 1.97900897 0.91699849 -1.24706053
v 2.15842669 0.53796484 -1.27342457
v 2.12332329 1.29352623 -1.20637528
v 2.26784595 0.05812696 -1.39162087
v 2.24830186 0.00452675 -1.43459129
v 1.77381227 2.66161418 -0.88911312
v 1.63202855 2.67449412 -0.81823779
v 2.07188721 2.61788629 -1.08741250
v 2.02179551 1.72386155 -1.29936254
v 2.05814523 2.33555589 -1.12545850
v 2.03491446 2.33999821 -1.20723614
v 1.90012321 2.09321942 -1.29801822
v 1.97930622 2.36189236 -1.25265562
v 1.89464744 2.20960985 -1.27448199
v 2.03975875 2.45203954 -1.19183604
v 0.24025470 3.54940162 -0.06555332
v 0.40155385 3.47788135 -0.00859551
v 0.48161195 3.21243734 -0.17680803
v 0.46796454 3.31263959 -0.07003243
v 0.42986686 3.19646274 -0.38672110
v 0.74290054 3.08738645 -0.60092134
v 1.02837349 2.93292146 -0.72783448
v 1.07325179 2.84771133 -0.59742999
v 1.20156769 2.81624424 -0.63739223
v 1.32090255 2.86482368 -0.57051363
v 0.99382654 3.01219064 -0.73190139
v 1.18987830 3.18013436 -0.76000252
v 0.98512346 3.29689684 -0.68009107
v 1.20331773 2.87693122 -0.76624537
v 0.64368877 3.07695338 -0.27068752
v 0.68684148 3.56742395 -0.20251334
v 0.82909921 3.24900910 -0.14722056
v 0.76296729 3.22062683 -0.13419638
v 0.68100385 3.54177321 -0.46230317
v 0.73223122 3.46431024 -0.55752385
v 0.64188629 3.59638980 -0.34770168
v 0.62588277 3.70514609 -0.19120274
v 0.96119867 3.38033686 -0.49236996
v 0.43158170 3.43469641 -0.46999783
v 0.19248556 3.53320605 -0.21518835
v 0.25207966 3.71638620 -0.24103993
v 2.26798691 0.03185047 -1.41339161
v 2.19814349 0.21116828 -1.44916190
v 2.12005517 0.48096777 -1.40100850
v 2.11152446 0.35193908 -1.41082229
v 2.17414950 0.06862767 -1.39934914
v 2.15079766 0.91875688 -1.23372496
v 1.18908639 3.15530588 -0.50698691
v 1.11117457 3.18062167 -0.40261920
v 1.30103123 2.98359741 -0.82201025
v 1.36487072 2.96772917 -0.73684699
v 1.43589096 2.83671792 -1.02568935
v 1.57507043 2.80863222 -1.00114834
v 1.29557927 2.79670746 -0.94685171
v 1.37763291 2.63386387 -0.95271941
v 1.57410781 2.59829172 -0.84205117
v 1.86980174 2.60014451 -0.92449493
v 1.69957193 2.57290922 -0.87517949
v 1.44454381 2.78763219 -0.67147430
v 1.29798633 2.69233579 -0.74098855
v 1.33548645 2.77956071 -0.66148898
v 1.25352694 2.72768371 -0.79274264
v 1.65716830 2.61494604 -1.12800719
v 1.75327455 2.71460719 -1.08397644
v 1.95903597 2.72425339 -1.20905669
v 1.82243281 2.66876271 -1.20468494
v 2.05056614 2.65470232 -1.19818386
v 1.54744814 2.83231230 -0.75847507
v 1.54788552 2.67033549 -1.06043638
v 1.50886772 2.87718941 -0.78405684
v 1.46311805 2.92227860 -0.90888019
v 1.42278266 2.87474877 -0.68601026
v 1.37670413 2.96266888 -0.60669867
v 1.29294743 3.10888291 -0.54710641
v 2.00863674 0.94272851 -1.18962627
v 2.03736870 0.81197953 -1.21492899
v 2.08511143 0.82670512 -1.19478102
v 2.06446658 1.18372426 -1.11294194
v 2.05504147 1.07710768 -1.15356163
v 1.90437497 1.42413139 -1.23534145
v 1.94615187 1.22594610 -1.27843420
v 1.84847794 1.93044393 -1.12609901
v 1.89747499 1.95650445 -1.04888014
v 1.91018608 1.63681646 -1.23444749
v 1.94487156 1.63145974 -1.27738385
v 2.03596887 1.91445369 -1.04688425
v 2.12502683 1.79199383 -1.14797207
v 1.99355291 1.28521586 -1.31747669
v 1.95851906 2.34982022 -0.98908693
v 2.00100896 2.39702184 -1.01766698
v 2.09605840 2.08962619 -1.09890636
v 2.00181959 1.97453158 -1.26866717
v 1.91517510 1.97336448 -1.28533038
v 1.81843652 2.36798237 -1.19450105
v 1.91572920 2.33324722 -1.27469915
v 1.88961067 2.49781742 -1.27748262
v 2.04936639 2.49807301 -1.09366366
v 1.99971085 2.45725515 -1.00672189
v 1.94214551 2.61423472 -1.01110615
v 1.78430431 2.45124582 -0.98487142
v 2.00708052 2.00304323 -1.01060811
v 1.79967033 2.35629922 -1.14509715
v 1.90895859 2.69828696 -1.00580319
v 0.27674414 3.54795739 -0.04460487
v 0.55582620 3.41395241 -0.04300093
v 0.43757463 3.19829824 -0.24698406
v 0.48712756 3.18843818 -0.49528449
v 0.62547905 3.08089662 -0.47667704
v 0.77075437 3.03381034 -0.49932248
v 0.87127451 2.94831057 -0.57445251
v 0.89468770 2.96383410 -0.44947310
v 0.95778712 2.95917413 -0.59850075
v 0.99370802 2.97440365 -0.70207928
v 0.99015332 2.93309340 -0.53609113
v 1.14204385 2.83621364 -0.52893028
v 1.06236925 2.97081936 -0.47360917
v 1.25325052 2.77595663 -0.69868293
v 1.17609038 2.90094030 -0.46920297
v 1.14270961 2.88837276 -0.75902592
v 0.91973326 3.03972950 -0.35682207
v 1.04956486 3.06977780 -0.34882821
v 1.25117162 3.02047371 -0.47255816
v 0.96432211 2.99039128 -0.38019090
v 0.83265027 2.99920435 -0.45222074
v 1.06608464 2.98493134 -0.40662176
v 1.01804273 3.07051916 -0.76070431
v 1.06595834 3.18581866 -0.71419347
v 1.18521302 3.03062260 -0.83627640
v 1.09282510 3.05275999 -0.80049168
v 1.14675230 3.18451242 -0.70563241
v 1.26596730 3.08656585 -0.82299348
v 1.08374144 3.31708999 -0.61674355
v 0.91758081 3.18563234 -0.74098247
v 0.80567878 3.13943373 -0.68645483
v 1.23187081 2.96119838 -0.83583134
v 1.11665181 2.95224518 -0.79664575
v 0.94750832 2.98753004 -0.71309483
v 0.80533233 3.05229807 -0.30716143
v 0.84885978 3.10049346 -0.25060705
v 0.76048002 3.03073379 -0.39762799
v 0.71139071 3.13161184 -0.18041529
v 0.61233054 3.17934823 -0.18557747
v 0.60835052 3.27589469 -0.11371994
v 0.66002704 3.34131981 -0.10346314
v 0.65288812 3.47607954 -0.10319172
v 0.81221132 3.39044295 -0.16343697
v 0.71305821 3.47330936 -0.16996384
v 0.54602093 3.60645670 -0.03147409
v 0.45658148 3.69194541 -0.04204772
v 0.82655883 3.47871453 -0.24784438
v 0.88879246 3.39514149 -0.24437789
v 0.99930823 3.18855689 -0.33742200
v 1.00435505 3.31773345 -0.40048982
v 0.51941640 3.23892056 -0.55941643
v 0.57933269 3.40670240 -0.58155253
v 0.64498453 3.36453968 -0.61333888
v 0.69868081 3.56105619 -0.30849139
v 0.62391357 3.67222402 -0.35187507
v 0.52002196 3.76792436 -0.17103914
v 0.53312063 3.77280576 -0.29659147
v 0.40493801 3.78676571 -0.26465295
v 0.56273288 3.68887411 -0.40447229
v 0.47297273 3.64862272 -0.45132630
v 0.55679124 3.49453388 -0.48290142
v 0.54093352 3.53405757 -0.43716097
v 0.83244757 3.51458937 -0.39600777
v 0.79946783 3.47404366 -0.48795461
v 0.90879040 3.40584094 -0.46238478
v 0.87984006 3.41622922 -0.38858279
v 0.91494800 3.35518100 -0.61078600
v 0.86894772 3.34839271 -0.62081186
v 0.80010457 3.40639241 -0.51869868
v 0.35999537 3.29978854 -0.38906412
v 0.24871588 3.42887391 -0.37181727
v 0.40648876 3.35163224 -0.46484386
v 0.45348049 3.36348806 -0.49618405
v 0.28161098 3.29357915 -0.22480614
v 0.22545036 3.36827493 -0.20719606
v 0.18690414 3.47966094 -0.21629182
v 0.18938410 3.52258946 -0.28503115
v 0.30943886 3.66136142 -0.40994373
v 0.38883757 3.70740047 -0.42612884
v 0.27618781 3.56317482 -0.40677870
v 0.23827079 3.64865076 -0.32624623
v 0.29889176 3.42643774 -0.05118656
v 0.29879739 3.34069452 -0.12190695
v 0.21116776 3.44599474 -0.12515445
v 0.26065088 3.71241538 -0.16760862
v 0.31140377 3.67054528 -0.07286725
v 0.33559421 3.74254785 -0.12750515
v 0.32004291 3.74621184 -0.30718118
v 2.24612302 0.18079252 -1.40145146
v 2.21639739 0.33706529 -1.38459827
v 2.16483545 0.50426138 -1.38036364
v 2.22702023 0.05987535 -1.46510230
v 2.24634784 0.03270945 -1.45913688
v 2.17289982 0.08254529 -1.43889419
v 2.15885840 0.10620500 -1.42030079
v 2.10944923 0.30209261 -1.35179861
v 2.07536687 0.43424522 -1.36030335
v 2.03293877 0.67696672 -1.36032645
v 2.06871846 0.81280084 -1.36351061
v 2.03401544 0.58438197 -1.29429662
v 2.10671478 0.44527809 -1.29300309
v 2.08066110 0.40916074 -1.34713836
v 2.15580379 0.52717949 -1.37949003
v 2.17665391 0.55626044 -1.32041663
v 2.12905174 0.49516772 -1.27183535
v 2.11272171 0.75072469 -1.21617752
v 2.19112154 0.35566332 -1.31594415
v 2.15228845 0.82792471 -1.28865929
v 2.13736214 1.03723598 -1.22339385
v 2.14770474 0.94794240 -1.28387389
v 2.14348814 1.12504979 -1.25879778
v 2.09079700 1.11969685 -1.31671083
v 2.12815215 1.21080441 -1.25026862
v 2.09426829 0.89504958 -1.35117193
v 2.11056670 0.99908447 -1.31613477
v 2.26160513 0.09699511 -1.43472721
v 2.27167258 0.06255005 -1.38277890
v 2.17398699 0.21818623 -1.33277832
v 2.22086943 0.05785091 -1.36880794
v 2.25853396 0.01264876 -1.41448598
v 2.19373487 0.01880677 -1.42567445
v 2.21670165 0.00333553 -1.41723446
v 2.23269032 0.02049904 -1.38485081
v 2.19591673 0.03196073 -1.39436510
v 2.22700448 0.18799795 -1.35523022
v 2.22157331 0.33930094 -1.36556869
v 0.78594415 3.21708599 -0.66948489
v 0.67429855 3.27013316 -0.62980851
v 0.84784343 3.27853978 -0.67178395
v 1.11470490 3.29648434 -0.48107258
v 1.27349928 3.18478692 -0.63817296
v 1.34934644 3.10490647 -0.74166727
v 1.35173713 2.93846923 -0.87004620
v 1.38289545 2.93609279 -0.92147714
v 1.49159040 2.89637846 -0.96454182
v 1.71920386 2.78300536 -1.04491567
v 1.25882152 2.88488697 -0.85204858
v 1.53030006 2.61529006 -1.03858698
v 1.50954472 2.57096315 -0.89681605
v 1.81254378 2.60419363 -0.93630583
v 1.75178843 2.57392102 -0.90479344
v 1.71591969 2.50878573 -0.97251862
v 1.67838111 2.51573523 -0.93676287
v 1.51945420 2.57119916 -0.96919934
v 1.63754157 2.54319454 -1.06491123
v 1.66034222 2.51833764 -1.03152316
v 1.71818183 2.58117882 -1.18022458
v 1.67010045 2.56736053 -1.14371783
v 1.65758160 2.49636865 -1.07308781
v 1.39018709 2.61186921 -0.90390939
v 1.47704047 2.61200684 -0.80308108
v 1.63756782 2.75509176 -0.83414979
v 1.36250957 2.67828060 -0.70731246
v 1.39551484 2.74509411 -0.65906618
v 1.28549626 2.71709562 -0.89939116
v 1.67552035 2.71393097 -1.10493708
v 1.79022601 2.71595305 -1.15401323
v 1.80520040 2.74104662 -1.12877281
v 1.88719948 2.67843423 -1.27247504
v 1.83385569 2.63988491 -1.25813137
v 1.72854298 2.64322727 -1.17610670
v 2.02130693 2.61097697 -1.27600806
v 1.99450925 2.71309591 -1.11707403
v 2.08746134 2.57518468 -1.14432416
v 1.85518827 2.75380727 -1.05030711
v 1.92883734 2.68592465 -1.07344872
v 1.91382626 2.71142055 -1.14880804
v 1.75995629 2.77033579 -0.99842781
v 1.78372097 2.72104177 -0.99869946
v 1.80461694 2.69562147 -0.97973289
v 1.77461339 2.73740853 -0.91617647
v 1.81930481 2.67567613 -0.96504464
v 1.69755824 2.75957958 -0.86572508
v 1.64576063 2.82326008 -0.90955432
v 1.59690431 2.85046782 -0.90806727
v 1.38210986 2.72936736 -1.03234279
v 1.57738678 2.73524499 -1.05649439
v 1.47127409 2.94440808 -0.81444178
v 1.54402294 2.90386300 -0.87556496
v 1.41388838 2.94490870 -0.78923260
v 1.48455401 2.88613896 -0.71568237
v 1.38940140 2.91479263 -0.67351378
v 1.37198320 3.08457198 -0.66595197
v 1.16262161 3.19937369 -0.59391858
v 2.10519470 1.19530209 -1.13056748
v 1.98975570 1.08159939 -1.18674022
v 1.99889421 1.18099556 -1.11907496
v 1.98872883 1.27887968 -1.13233119
v 1.96222650 1.46753653 -1.11065970
v 1.91817855 1.39158752 -1.16251442
v 1.93079314 1.87546354 -1.06859957
v 2.02279605 1.63668194 -1.07791964
v 1.92402880 1.63080431 -1.11969832
v 1.87756324 1.81296905 -1.17357058
v 1.82478127 1.99958210 -1.19751421
v 1.91097474 1.83596531 -1.25100267
v 2.03322640 1.72512783 -1.05764514
v 2.08906313 1.66647883 -1.09053492
v 2.12174940 1.54583122 -1.16740395
v 2.01714894 1.57364934 -1.07014414
v 2.07280262 1.44372405 -1.10089118
v 2.10042174 1.40334344 -1.12543382
v 2.07972878 1.28666768 -1.12923726
v 1.90264116 1.62750064 -1.17575280
v 2.02849426 1.29536805 -1.31952703
v 1.97393735 1.45959338 -1.31883053
v 1.93101531 1.19750054 -1.23890888
v 1.94212161 1.19559918 -1.18902733
v 1.95979179 1.09269950 -1.26466773
v 2.00872474 1.13152447 -1.33039201
v 2.06744703 1.22895714 -1.31733300
v 1.99175185 1.60752916 -1.30302059
v 2.09651350 1.44500298 -1.28199505
v 2.11873326 1.44858832 -1.24397132
v 2.08665160 1.33088575 -1.27106632
v 2.11277049 1.01590520 -1.17650672
v 2.12943908 0.79617315 -1.22115097
v 1.28831242 2.78166895 -0.62195582
v 1.98517778 0.90545495 -1.32697441
v 2.05079851 0.92306380 -1.35457348
v 1.79224141 2.41871189 -1.02604340
v 1.75443992 2.43478516 -1.13417427
v 1.76689520 2.44587089 -1.17052710
v 1.88945309 2.36347351 -0.99644381
v 1.82200737 2.34045248 -1.04706951
v 1.92245382 2.26411188 -0.98571877
v 2.01720474 2.39174121 -1.05936553
v 2.04858741 2.29985834 -1.03839037
v 2.05394125 2.06210567 -1.03298602
v 1.98859068 2.18402748 -1.25806428
v 2.06522615 1.97489220 -1.21545929
v 2.03046257 2.05391206 -1.26634334
v 2.09905422 2.06049151 -1.17721840
v 1.83943290 2.00665580 -1.23564726
v 1.84175089 2.18400961 -1.22485576
v 1.85618005 2.33931370 -1.24574755
v 1.82827595 2.21502862 -1.08790846
v 1.90421462 2.40735677 -1.24704641
v 2.01459543 2.52016680 -1.24284592
v 1.97363927 2.49448803 -1.27141888
v 2.07272960 2.55388804 -1.19811805
v 1.95160465 2.40719961 -1.23966258
v 2.00726920 2.41685578 -1.16359724
v 2.04554901 2.44900282 -1.08019482
v 2.02655539 2.51309889 -1.01510291
v 1.93758404 2.57824420 -0.98382253
v 1.96729535 2.51565864 -0.97237842
v 2.01727928 2.63047557 -1.02974868
v 1.92864001 2.43204574 -0.98155345
v 1.83349108 2.48310604 -0.95698906
v 1.89699545 2.55833462 -0.94218712
v 2.07385965 1.94667085 -1.06944853
v 1.98452185 2.08632166 -1.00673224
v 1.90951281 2.17892322 -1.00993618
v 1.89851540 2.06653492 -1.02760549
v 1.86619835 2.11090776 -1.04266706
v 2.00179477 2.20428696 -0.99782164
v 1.84396854 2.00459411 -1.08868628
v 1.75023367 2.51096334 -1.23057815
v 1.83092071 2.46041183 -1.24774907
v 1.92029578 2.57168680 -1.31514412
v 1.88089668 2.68165317 -0.96818102
v 2.08792418 1.81532726 -1.22011435
v 1.95893669 1.91293075 -1.28662968
v 1.82771231 2.02016224 -1.12240426
v 1.83039135 2.10959480 -1.14389549
v 2.09957088 1.91852401 -1.13968846
v -0.03706213 3.74653413 0.33083251
v 0.00761984 3.27372799 0.36766417
v 0.10898973 3.09139618 0.77293699
v -0.08315995 3.05854446 0.77027937
v -0.04714899 3.01387463 0.95442950
v -0.16999937 3.10172857 1.00522228
v 0.13734435 3.04773317 1.24833188
v 0.08609295 3.32072986 1.12961568
v 0.12336548 0.41403992 2.58772325
v 0.10650705 0.02696613 2.58871208
v -0.02389071 3.33577953 1.20964849
v -0.07752764 2.92408012 1.66812642
v 0.12511156 2.87335981 1.54043610
v -0.04023460 2.87801000 1.80531562
v -0.11716381 2.79375721 1.49608037
v -0.02764374 2.73704355 1.43311421
v -0.03645801 1.04597447 2.39163650
v -0.02396737 0.94109822 2.37545782
v -0.04047898 1.17953842 2.32076909
v 0.00547794 1.75918132 2.41651885
v -0.05717201 1.62273986 2.41199630
v -0.10864071 1.72227249 2.31619972
v 0.01101955 2.57277181 1.74609363
v 0.09082507 2.55446489 1.87261485
v -0.09653523 2.62833173 2.32959611
v 0.05686384 2.37037831 2.34928699
v 0.16686917 2.10342846 2.26076004
v -0.17418460 3.51426565 0.31969246
v 0.10702084 3.38912621 0.32392792
v 0.14331679 3.73176124 0.51633376
v -0.13739037 3.75181136 0.49320879
v 0.09374982 3.47192386 0.89402122
v -0.16382784 3.44712905 0.90580726
v -0.00247236 3.40592392 0.94435409
v -0.23979734 3.40255081 0.63169384
v -0.22421258 3.45314901 0.67264732
v -0.15916848 3.43780351 0.32076623
v 0.02271879 3.03009515 0.91101242
v 0.01162722 3.02440704 0.85623646
v -0.14140679 3.03519509 0.90582042
v 0.14828087 3.20481194 1.00351515
v 0.16103183 3.17032005 1.22295674
v 0.12680686 2.92811249 1.27567119
v 0.09610495 3.31336749 1.00815475
v 0.20188752 3.40500854 0.78198363
v 0.12289275 0.04087910 2.68029624
v 0.07449024 0.03956763 2.66276587
v 0.07749336 0.31559343 2.61535692
v 0.14524985 0.00900521 2.62394402
v -0.19257561 3.23251572 1.02426805
v -0.18261667 3.24184071 1.21676565
v -0.16443927 3.10362963 1.39091423
v -0.05231670 2.96672675 1.56917446
v 0.07719347 2.88089716 1.71234467
v 0.14978764 2.83299928 1.57534871
v 0.16088785 2.67528775 1.78604095
v 0.07575579 2.78940694 1.90983604
v -0.01219822 2.90633565 1.71654237
v -0.12416862 2.90027820 1.52746927
v -0.20128789 3.00774081 1.38312959
v -0.01140797 2.81589452 1.88509556
v -0.09773275 2.86669672 1.20984374
v 0.05299737 0.29566676 2.52502539
v 0.02817324 0.80445325 2.36674901
v -0.00608818 0.72778080 2.42932107
v -0.05617918 1.15067343 2.38535876
v 0.02715470 1.08340938 2.31072661
v 0.08445360 1.57587954 2.42457811
v 0.09663019 1.17415006 2.45304488
v 0.12197343 0.66841933 2.38419672
v 0.12130523 1.29937560 2.32798923
v 0.09922920 1.46043174 2.25924319
v 0.12532256 1.29528834 2.39787558
v 0.07561808 1.83520272 2.20498716
v 0.15548934 1.93192471 2.27636758
v 0.12936347 1.85652750 2.28225923
v -0.05623442 1.94605617 2.19181053
v 0.01353055 2.50026788 1.95709965
v 0.10308599 2.49729055 1.97874779
v 0.05835688 2.56903003 1.78956076
v 0.14556302 2.62152901 2.00005369
v 0.13352005 2.57487726 1.96961069
v 0.16103324 2.59043537 2.06746742
v 0.12749068 2.69536754 2.11492039
v 0.07729633 2.70643602 2.22447766
v -0.11559336 2.66839845 2.10066971
v 0.05654845 2.42418016 2.06664848
v 0.01589828 2.37721180 2.09351435
v 0.13200594 2.33620065 2.17737155
v 0.11839733 2.67624648 1.62657615
v -0.06659134 2.49209266 2.01173018
v -0.12427810 2.61747442 2.24662164
v 0.11904447 2.40445730 2.27141374
v 0.12979428 2.20259458 2.31621018
v -0.05959900 2.13712010 2.38743262
v 0.11085118 2.10404635 2.36228055
v -0.13796064 2.26733608 2.20556657
v -0.10926050 2.18186102 2.17789460
v -0.11592760 2.12342151 2.33463694
v 0.08403094 2.15470261 2.16518137
v -0.05616078 2.15692402 2.14473191
v 0.12632308 1.69969342 2.31818830
v 0.10814644 1.98910517 2.16999903
v 0.01731397 1.99730582 2.13759009
v -0.06645741 3.53961461 0.23466461
v 0.07715155 3.48662192 0.25625457
v 0.16056085 3.49426039 0.31176542
v 0.17243781 3.68701173 0.40950955
v 0.19993077 3.47987439 0.40287411
v 0.07888660 3.75621759 0.36883346
v 0.04459413 3.78865472 0.46217027
v 0.13643712 3.56578220 0.30063634
v 0.07973760 3.64830060 0.30024128
v -0.07847495 3.77005041 0.39772837
v -0.16308826 3.67388345 0.60333465
v -0.04957999 3.70459367 0.66077716
v 0.01024071 3.77643416 0.56686327
v -0.02723359 3.57543025 0.70746294
v -0.17790750 3.51728817 0.69195672
v -0.08165749 3.56329815 0.71956571
v 0.11704543 3.38253499 0.91078011
v 0.12550498 3.50033885 0.81615712
v 0.03339010 3.54876174 0.82280349
v -0.08882163 3.55634140 0.81747219
v -0.06519338 3.49996577 0.90332399
v 0.18365408 3.50880638 0.59759109
v 0.12523922 3.51999176 0.68445245
v -0.22812325 3.45724069 0.79254763
v -0.23196314 3.60115344 0.43588168
v -0.24724967 3.41708717 0.52385809
v -0.22095446 3.66429142 0.50037861
v -0.17555567 3.30994952 0.44434478
v -0.20363521 3.27650565 0.56267023
v 0.19408542 3.63315678 0.55183938
v 0.11263253 3.66428802 0.64325151
v 0.21234025 3.62329843 0.45039053
v -0.06809371 3.63762513 0.26562107
v -0.17223223 3.68295388 0.37650904
v 0.09119254 3.30332400 0.38790985
v 0.03836232 3.39561527 0.26635432
v 0.13937924 3.26562343 0.51637853
v 0.19883760 3.37364647 0.52985837
v 0.21175555 3.31064145 0.65961670
v 0.20769900 3.21062097 0.74398949
v 0.18396169 3.17611440 0.82041401
v 0.01943131 3.13990465 0.58243855
v 0.14090457 3.15270903 0.66606599
v 0.06321586 3.08418566 0.69636609
v -0.07487801 3.22131094 0.46119843
v 0.06680411 3.23407408 0.49193941
v -0.09365397 3.14937595 0.63371811
v -0.06579936 3.06307224 0.71686902
v -0.18003384 3.11680458 0.69410735
v 0.16548372 3.11077041 0.89015597
v 0.18771018 3.20084442 1.08003438
v 0.10969653 3.10177258 0.94180166
v 0.15822248 3.07352465 0.99862986
v 0.19394801 3.07002826 1.11229106
v 0.11175351 2.98992442 1.21435568
v 0.13841943 2.89187815 1.35203040
v 0.13120038 3.02565725 1.39494123
v 0.10353273 3.14895566 1.30551295
v 0.10264654 3.32651645 0.94318757
v 0.13147300 3.26095450 0.90032134
v 0.17838816 3.44366007 0.64046925
v 0.20127013 3.33089860 0.84300225
v 0.17066922 3.43180089 0.34528348
v -0.07469678 3.40996282 0.27438246
v -0.02162336 3.42787677 0.25252664
v 0.09924936 0.00078074 2.65343984
v 0.14416879 0.02080911 2.66705711
v 0.08861038 0.03315113 2.67781723
v 0.07447748 0.11244756 2.65535880
v 0.08743707 0.18059571 2.64390306
v 0.13613538 0.16588374 2.64773192
v 0.15800792 0.35496836 2.58260071
v 0.16867829 0.32375165 2.53533498
v 0.15833262 0.53811621 2.45554512
v 0.15757044 0.88522651 2.41846642
v 0.11129481 0.66411095 2.52932653
v 0.06667344 0.34786587 2.60542170
v 0.05178283 0.23344682 2.59402991
v 0.04854885 0.23727772 2.56395654
v 0.16511450 0.19854448 2.60083139
v 0.16505244 0.09142905 2.62539072
v 0.13138890 0.03799170 2.58905113
v 0.15526000 0.09697700 2.64803200
v 0.05218414 0.12483087 2.62841087
v 0.06832886 0.02305159 2.62175933
v 0.08813334 0.01596699 2.60267649
v 0.15494869 0.04677427 2.60077894
v 0.12162311 0.00738655 2.66232533
v 0.06645557 0.06634524 2.65027727
v 0.09699313 0.24411688 2.51586610
v -0.25972982 3.31616484 0.85930839
v -0.14747026 3.38597428 0.93570392
v -0.10628530 3.32497220 1.06387772
v -0.26369104 3.20975612 0.81401496
v -0.20825715 3.11348821 0.94234476
v -0.19822600 3.14823800 1.03843000
v -0.14419214 3.31125924 1.14564238
v -0.22161594 3.18761481 1.10448722
v -0.13703114 3.20400848 1.31852709
v -0.08333466 3.28597605 1.26536808
v 0.02317540 3.34848471 1.02436666
v -0.07965622 3.18633915 1.36693668
v -0.02819117 3.11301469 1.47007621
v -0.11961150 3.08988157 1.46166368
v 0.00342149 2.97373126 1.56515861
v 0.06059212 2.99019910 1.51391665
v 0.09370120 2.92177245 1.63158619
v 0.11165867 2.82806499 1.74995660
v 0.12509005 2.88242130 1.42104610
v 0.10808495 2.80903397 1.43730544
v 0.13403395 2.76231052 1.52271067
v 0.14402441 2.75261279 1.66764616
v 0.11434204 2.95640276 1.46882715
v 0.13109773 2.68990695 1.88410618
v 0.11100404 2.74338417 1.91620508
v 0.16064610 2.70472325 1.82461452
v 0.15303440 2.77474793 1.79492794
v 0.08537521 2.84135487 1.83689385
v 0.02968198 2.94423363 1.67636044
v -0.13259109 2.87349957 1.60694216
v -0.11804838 2.84646537 1.68370868
v -0.14702132 2.79699168 1.60328493
v -0.11250284 2.72021506 1.53935483
v -0.18501643 2.89497853 1.35413329
v -0.08774719 2.77577591 1.85541188
v 0.02442963 3.16883777 1.36776685
v 0.04270972 3.29900029 1.23750480
v -0.18109112 3.11698447 1.28952028
v -0.18741896 3.04918206 1.21509242
v -0.19108521 2.92566953 1.24792542
v -0.12582924 2.81694457 1.36222606
v -0.04697104 2.94613099 1.13002039
v -0.05026268 2.81187071 1.30222806
v -0.11714491 2.93516345 1.08432147
v -0.12090880 2.99091560 0.99823260
v -0.02734001 2.95508220 1.00654808
v -0.02603201 2.93072145 1.16775339
v 0.01428025 2.85922576 1.21983031
v 0.03437436 2.80013392 1.36159590
v 0.07845185 2.83891869 1.33746373
v 0.05728850 2.93980233 1.06807072
v 0.14050320 2.98633991 1.10663621
v 0.11780414 2.99752023 0.99767600
v -0.20029109 3.04954767 1.04612885
v -0.19596192 3.00158276 1.13124510
v -0.23800685 3.20455424 0.68505080
v -0.28742606 3.28725985 0.73031629
v 0.12718734 0.27470051 2.50402348
v 0.04081816 0.57015441 2.42901694
v 0.10064779 0.50495121 2.42833447
v 0.04212841 0.81047736 2.51233366
v -0.01716948 1.00467827 2.45684406
v -0.02002179 0.86061968 2.43697013
v -0.05084838 1.52126483 2.40834638
v -0.06056819 1.30475472 2.39359526
v 0.02866916 0.95964841 2.32818845
v 0.02198127 1.03084311 2.47257165
v 0.04931350 0.94103018 2.49834659
v 0.01266705 1.11407074 2.47332252
v -0.02516262 1.32025476 2.42840975
v 0.03169963 1.56938919 2.43950534
v -0.05530967 1.81260055 2.40903319
v 0.02148261 1.35247050 2.44353655
v 0.11314257 1.35108055 2.40995864
v 0.14516336 0.89679131 2.45456437
v 0.11651706 0.95758451 2.47424007
v 0.04637197 0.48079383 2.55969749
v 0.07308591 0.56436529 2.55380946
v 0.09981854 0.93182417 2.33358702
v 0.14382207 1.21758246 2.38434695
v 0.13853984 1.11587153 2.36202701
v 0.10854228 1.22481702 2.29693326
v 0.01599654 1.53874281 2.23141037
v 0.04951793 1.76684807 2.21304251
v 0.13410579 1.50127780 2.38048110
v 0.13580885 1.58935102 2.32865360
v 0.09376741 1.80852941 2.23065542
v 0.12541509 1.81526400 2.29214561
v -0.07181670 1.61663030 2.28841187
v -0.11181018 1.86804984 2.28796526
v -0.07515082 1.75313996 2.25281768
v -0.01140593 1.85228502 2.19568860
v -0.09448577 1.56415341 2.36679247
v -0.09163500 1.64159672 2.35928174
v -0.09456235 1.83518132 2.36594362
v 0.00851111 1.32709980 2.27009959
v -0.04513951 1.40530753 2.29400269
v 0.06162307 1.31816931 2.26631698
v 0.15385467 0.89789281 2.38540558
v 0.16658460 0.56500222 2.48722071
v 0.07468134 0.32867617 2.49694365
v 0.10329167 0.38589456 2.47182421
v -0.05744507 2.65762309 1.56549964
v -0.05229355 2.52585318 1.91059969
v -0.05812004 2.53781132 1.99945580
v 0.06788572 2.51933350 1.94167301
v 0.12634345 2.61302334 1.84064961
v 0.17299782 2.64609507 2.22254728
v 0.13220713 2.65290013 2.15532723
v 0.06942429 2.73693831 2.15603764
v 0.07736900 2.70934504 2.31351359
v 0.08563889 2.71922014 2.26998289
v -0.04422213 2.69465059 2.20031842
v -0.04027197 2.74389645 2.15668552
v -0.04699464 2.70621104 2.28648251
v 0.02046826 2.75667314 2.13082974
v -0.08694008 2.66459246 2.04572656
v -0.05279994 2.70970316 2.05323008
v -0.11716206 2.68943454 1.98134295
v -0.08944230 2.74292089 1.99531719
v -0.00019147 2.73289176 2.05389454
v 0.03555732 2.79416341 1.99930089
v -0.04096654 2.77760570 2.00525041
v -0.13259519 2.61817497 2.12428572
v -0.09993747 2.61658643 2.18640527
v -0.07098084 2.66414354 2.20407497
v 0.14240540 2.58475772 2.35196222
v 0.14976756 2.66607426 2.29443117
v 0.08149463 2.63172293 2.37660871
v 0.00238133 2.65380052 2.37020974
v 0.10294759 2.69639380 2.04213387
v 0.11946374 2.72356356 2.00359062
v 0.14946573 2.54819852 2.01968135
v 0.10038077 2.38189982 2.13508942
v 0.17861136 2.49036888 2.18898386
v 0.13193950 2.39715606 2.21579687
v 0.18268185 2.50591443 2.10629350
v 0.17759392 2.56925917 2.30408510
v -0.09771109 2.46610744 2.09910248
v -0.13924103 2.49377959 2.20411498
v -0.10009122 2.37703915 2.13490490
v -0.11924037 2.38242885 2.23812198
v -0.12790587 2.54791006 2.13587952
v -0.13115072 2.54245955 2.08034386
v -0.09979509 2.59856301 2.02728777
v -0.10800903 2.62467662 1.86281435
v -0.12865437 2.73588081 1.67875307
v -0.07638607 2.61303457 1.78763512
v -0.10703559 2.71147378 1.82201261
v -0.09017219 2.39847169 2.28553878
v -0.11526109 2.31849091 2.30218154
v 0.00323527 2.44392370 2.35292877
v -0.01697827 2.41582744 2.32094583
v 0.10958032 2.46607053 2.33840447
v 0.07946422 2.41594922 2.31957604
v -0.01615457 2.56489265 2.39140451
v 0.07385996 2.55254271 2.37960825
v 0.15115744 2.46971797 2.27939638
v 0.02969331 2.20434658 2.37772244
v -0.01834398 2.17206984 2.38959661
v -0.01487469 2.31908095 2.36086044
v -0.12040687 2.54467670 2.31780851
v -0.10624530 2.48392337 2.29259545
v 0.01454711 2.51050353 2.36649904
v -0.12792326 2.08979517 2.29803227
v -0.14349597 2.20832479 2.26743814
v -0.06822875 2.04575068 2.39070992
v -0.11187157 1.98324830 2.32446479
v 0.05935245 2.27973142 2.11819169
v 0.00491235 2.15827492 2.13915432
v -0.10434924 2.33815707 2.14780869
v -0.04715019 2.24464145 2.11754382
v -0.03284021 2.36215323 2.10362094
v 0.03535124 2.64514918 1.58623111
v 0.05449046 2.71944691 1.46744815
v 0.11639202 1.85925296 2.37165008
v 0.08281697 2.00910780 2.38026083
v 0.11013824 1.68253616 2.40108756
v -0.01234014 1.86976086 2.40875516
v 0.01098010 2.00517130 2.39614306
v 0.15563087 1.96802144 2.30872742
v 0.13597652 2.00565376 2.18682236
v 0.15290225 2.04057484 2.21099265
v 0.15927033 2.12113214 2.30893369
v 0.15010882 2.34739704 2.23968042
v 0.12747310 2.34319766 2.31513419
v 0.13323903 2.20104283 2.21051554
v -0.09328831 1.97360373 2.36152052
v 0.25445917 5.43790191 0.16433839
v -0.28272606 3.93178415 -0.27090985
v 0.17907598 4.39809339 -0.33202162
v -0.12456878 3.62281503 -0.40974585
v 0.34231882 4.13888386 -0.05762555
v 0.38314349 3.88161503 -0.17023856
v -0.22964936 3.07940106 -0.30012553
v -0.30146858 3.09334339 -0.37580563
v 0.32266137 3.92658686 -0.26524077
v 0.15724631 3.96323056 -0.37107342
v 0.09315624 3.95747433 -0.35880306
v -0.43566479 3.79189107 0.17504059
v -0.15573086 3.64552410 0.39816489
v -0.03522372 3.73146471 0.44654668
v 0.25368989 4.21208729 -0.35040245
v 0.20330855 3.06091204 -0.33432047
v -0.06532856 3.40292821 -0.38555167
v -0.39817558 3.90532059 0.45871563
v 0.06202887 3.89059817 -0.41466418
v 0.11648424 3.72989173 -0.48304716
v -0.01432632 3.82021942 -0.44384149
v 0.27765565 5.55724446 0.24461387
v -0.06449850 3.91922260 -0.42368479
v -0.36381744 3.92033053 -0.40145563
v -0.16838428 3.06935391 0.36148510
v 0.27901843 3.08501983 0.37313632
v 0.33917846 3.09887434 0.11641282
v 0.43312260 3.07400993 0.10100990
v -0.15714099 4.12728708 0.31854485
v -0.30282830 3.10969850 -0.01666843
v -0.12308156 3.96575320 0.33375520
v -0.06785413 3.96711338 0.37268808
v -0.25525466 3.96302411 0.28438287
v -0.12804398 3.20240198 -0.20860915
v -0.20982888 3.15093633 -0.21531988
v -0.41316486 3.76253270 -0.48504130
v -0.34121093 3.67036896 -0.29065130
v -0.37771129 3.77201739 -0.24520353
v -0.32144708 3.57656144 -0.25808257
v 0.33478980 3.78647757 0.59299828
v 0.36402775 3.73695901 0.54255936
v -0.40237308 4.08279365 -0.11129853
v 0.61615111 3.70064867 -0.05362380
v 0.66136091 3.73752849 -0.00318099
v 0.58004955 3.66748427 0.01530196
v 0.23894180 3.72148150 -0.58598944
v 0.24601986 3.65959469 -0.47426434
v 0.68694811 3.79514660 0.00110076
v -0.39809108 3.74272253 0.22217172
v -0.18773580 3.79701230 -0.59533476
v -0.65523687 3.81621325 0.08938272
v 0.29505235 3.16320502 0.15435550
v 0.12512829 3.20174799 0.20155638
v 0.25345584 3.14004608 0.22873582
v -0.18809661 4.02682458 -0.27693690
v -0.39558145 3.83863011 -0.37287769
v 0.08064023 3.94575162 0.39854937
v 0.01036045 3.92558684 0.40775866
v 0.32829693 3.57020503 -0.23729680
v 0.31016216 6.04467505 0.03522268
v -0.12835595 6.21448382 -0.06067299
v 0.07078999 3.65170835 0.45020633
v -0.50099724 3.94319109 0.08997145
v 0.16342246 4.52945994 -0.38446409
v 0.25427729 4.43605287 -0.26017060
v -0.04185288 4.07837432 -0.42121107
v 0.11790327 3.99237532 0.34721288
v 0.35482095 4.13338594 0.19106485
v 0.23217640 4.12569744 0.24320973
v 0.18726986 4.17808637 0.39352907
v 0.39857250 4.36933257 -0.15141788
v 0.33974594 4.03688561 -0.07601341
v 0.36924427 3.77144169 0.27860899
v 0.18788735 3.61253342 0.36170669
v 0.37959543 3.71877821 0.45124056
v -0.10589764 3.56160852 -0.37461127
v -0.28966648 3.70036089 0.55725893
v 0.62352736 3.89661489 0.10443045
v 0.47906867 3.77480021 0.18224900
v -0.36243029 3.82264798 0.57661447
v -0.38975065 3.61991963 0.17221143
v 0.36946134 3.72438328 -0.53311427
v 0.37807245 3.82066372 -0.57154098
v -0.30914347 4.22650142 0.13142834
v -0.32849962 4.30008385 -0.08978138
v -0.28883078 4.28900906 -0.14663814
v -0.08212002 4.32562989 -0.31096627
v 0.07758028 4.19651471 -0.34694763
v 0.01318268 4.40130456 -0.40302464
v 0.13256941 4.35052573 -0.40298605
v 0.05697534 4.48871044 -0.38838240
v 0.01555883 4.73550946 -0.41832366
v -0.00545239 4.85371568 -0.36188737
v 0.04570406 4.93082026 -0.38196849
v 0.07011161 4.76860964 -0.34966296
v 0.15174933 4.84557819 -0.30371338
v 0.33115922 4.49900060 -0.16254818
v 0.41049917 4.30794172 -0.01960692
v 0.37928876 4.53980455 0.01271413
v 0.30183470 4.49886456 0.19657837
v 0.28347482 4.50086611 0.27783305
v 0.11659441 4.17979584 0.42054899
v -0.01500125 4.38708050 0.40352881
v -0.20607198 4.36869281 0.31206609
v -0.15114036 4.57333890 0.37878076
v -0.32061904 4.75609717 0.07325422
v -0.32750708 4.47648050 -0.07395851
v -0.30662359 4.55145669 -0.12109258
v -0.19033940 4.72813522 -0.26347772
v -0.19057597 4.86200430 -0.31653253
v -0.12395843 5.11617822 -0.38022839
v -0.04214980 5.10627662 -0.37582306
v -0.09514575 5.24908973 -0.32457589
v 0.07559062 5.16404145 -0.37363066
v 0.18374398 5.18619621 -0.36313113
v 0.32155231 4.85325569 -0.19415691
v 0.35420030 4.88489410 -0.09257200
v 0.32584215 4.70505751 -0.01116805
v 0.22255314 4.82407943 0.25709317
v 0.15534114 4.79980016 0.34653977
v 0.02693144 4.65993699 0.41382124
v -0.08597972 4.62452336 0.41560284
v -0.01432834 4.85368987 0.35297610
v -0.29957880 5.14507288 -0.15698787
v -0.26157685 5.36023294 -0.18337362
v -0.02045197 5.46575029 -0.32368973
v 0.19312591 5.35967793 -0.29223156
v 0.40256711 5.13683363 -0.06928501
v 0.34842709 4.95120437 0.02536382
v 0.20173101 5.12006883 0.36480066
v 0.08271829 4.78608102 0.40442667
v 0.03820295 4.87724793 0.37835477
v -0.09344739 5.35059164 0.28466919
v -0.24437031 5.66342275 0.22311257
v -0.32880376 5.70570636 0.08185072
v -0.25918478 5.83062717 -0.16538369
v -0.22261408 5.81372057 -0.25983045
v -0.16884333 5.86749715 -0.29208708
v -0.02635651 5.84147284 -0.29934423
v 0.12893333 5.62678506 -0.28718829
v 0.21105123 5.54832276 -0.21602840
v 0.26185656 5.37377495 -0.23396858
v 0.33097551 5.69139059 0.00018752
v 0.25697779 5.77957935 0.18587675
v 0.21509934 5.63452211 0.24172167
v 0.05411492 5.50727911 0.30884049
v 0.04828646 5.64390226 0.33206825
v -0.18481860 5.84381042 0.29488591
v -0.14452939 5.63231894 0.28647780
v -0.21782853 6.19995308 0.06651209
v -0.31759828 5.92599580 0.12687140
v -0.21366386 6.04887342 -0.17873605
v 0.22697474 5.73403071 -0.23755724
v 0.26964575 6.02470762 -0.17449182
v 0.14919767 5.84842828 0.30353892
v -0.05729086 6.06977145 0.26218209
v -0.01157540 6.18052095 0.24922659
v 0.18687103 3.62419534 -0.37804063
v -0.25998195 3.32014095 -0.44259002
v -0.26300915 3.17616819 -0.47206357
v -0.31770319 3.23372954 -0.41982002
v -0.35668215 3.19560930 -0.22826914
v -0.52979239 3.21226803 0.06409825
v -0.11342418 3.29342248 0.08650720
v -0.11449080 3.26538720 0.14557427
v -0.00177811 3.19680063 0.42436225
v -0.15296011 3.16861349 0.48307161
v -0.14986579 3.09483206 0.44399001
v -0.33945531 3.27295895 0.37571937
v -0.37572999 3.26101747 0.26532317
v -0.33976823 3.35988463 0.20923158
v -0.55899519 3.71898847 -0.13008692
v -0.27031196 3.49052902 0.26819526
v -0.29264169 3.32907089 0.40665664
v -0.17812870 3.45465387 0.35013677
v -0.00299979 3.33502833 0.40906631
v 0.18651835 3.28297946 0.48458110
v 0.25168637 3.32600008 0.44087808
v 0.39710387 3.45663880 -0.03275748
v 0.49129244 3.14470125 -0.11907285
v 0.27343518 3.16878518 -0.17800149
v 0.32852246 3.10402990 -0.27905272
v 0.32407109 3.25795753 -0.42132626
v 0.35280833 3.34337375 -0.20180882
v 0.54479194 3.66343111 0.07564963
v 0.24173430 3.44483315 -0.30352055
v -0.07332181 3.09353688 -0.40482822
v 0.12500041 3.29187726 -0.06114790
v -0.33408423 3.67784623 0.48660911
v 0.63965406 3.82776836 -0.11293993
v -0.28566307 3.80390291 0.60831161
v -0.28832112 3.87467523 -0.60711913
v 0.35144714 3.95347796 -0.10862301
v 0.35057247 3.91001230 -0.21909235
v 0.48349319 3.81712435 -0.17198480
v 0.48504041 3.95524403 -0.07395172
v -0.16501891 3.06063287 -0.38027128
v 0.30646893 3.96004479 -0.36350846
v 0.24245515 3.96247615 -0.30178680
v 0.13310271 4.00865748 -0.31370327
v -0.33045516 4.00563334 0.24471030
v -0.35569940 3.95055076 0.08598003
v -0.35928874 3.91639372 0.14387046
v -0.34163516 3.90567196 0.24771939
v 0.57401723 3.91257006 -0.11535976
v -0.01545688 3.80637889 0.44148398
v -0.11202817 3.72862751 0.47351917
v -0.07943784 3.79979193 0.47511303
v -0.19436333 3.84835841 0.58965882
v -0.05994766 3.89327543 0.40112249
v 0.29576993 4.22520309 -0.30907350
v 0.19245815 3.08951342 -0.44166115
v 0.06091899 3.38130254 -0.40915025
v 0.23864674 3.32006357 -0.45255806
v 0.06880278 3.81683080 -0.47143815
v 0.04076493 3.73253137 -0.45331759
v 0.27600595 5.50603371 0.22812419
v 0.21822994 5.33372137 0.21142325
v -0.20858242 3.92152643 -0.56967990
v -0.26779380 3.95536255 -0.53072771
v -0.30237922 3.07478239 0.31922666
v -0.19756467 3.08180908 0.25887300
v 0.18322379 3.11027026 0.46611056
v 0.15452960 3.05957641 0.37545391
v 0.31632895 3.09396473 0.01059030
v 0.38879840 3.06064669 0.04220488
v -0.60642351 3.81065740 -0.13820963
v -0.63167852 3.89092188 -0.10959628
v -0.18271844 4.16015961 0.35170742
v -0.25206321 4.03262476 0.27727902
v -0.37863545 3.07036709 0.02656830
v -0.38145802 3.06206690 -0.07356395
v -0.46665154 3.07061560 -0.05579315
v -0.14625926 4.02798213 0.29862861
v 0.26666163 3.96124545 0.50183560
v 0.36143105 3.92674655 0.49632779
v -0.17217361 3.27395392 -0.04892123
v -0.28014768 3.15622134 0.06563292
v -0.27893011 3.16415681 -0.15340614
v -0.36521027 3.74235023 -0.34115164
v -0.24299015 3.94868335 0.51299845
v -0.25133077 3.92801455 0.56110784
v 0.67170709 3.87411643 -0.01000580
v -0.58984474 3.71413881 0.09215350
v -0.46153856 3.71587480 0.12710757
v -0.21079821 3.85296826 -0.61461530
v 0.24507235 3.23067922 -0.48577404
v -0.68216950 3.78427503 -0.00729640
v 0.22508364 3.21329730 0.09944753
v 0.17621314 3.27218063 0.02348173
v -0.30889532 3.95654558 -0.24065710
v -0.34935388 3.84663180 -0.25865532
v 0.29539289 3.92245580 0.26617293
v 0.36623032 3.79997431 0.24594867
v 0.15927184 3.91056229 0.53071283
v 0.22382526 3.96786504 0.31898735
v 0.19064655 3.96992910 0.42290073
v 0.36171926 3.51613515 -0.17210960
v -0.64842618 3.74958748 0.07707665
v -0.61393839 3.69042496 0.01956822
v 0.27854277 6.08867492 -0.02191971
v -0.01065651 6.24828192 0.03574937
v -0.18502485 5.90256164 0.20879490
v -0.25651336 5.95045055 0.19053253
v -0.22891118 6.04000764 0.22331472
v -0.35128539 3.52254801 -0.18285459
v -0.40004656 3.60978646 -0.08797002
v 0.01903376 3.60721994 0.42045522
v 0.13514558 3.48633135 0.35358052
v -0.45553369 3.95501924 -0.10237130
v -0.36987355 3.90230623 -0.19786912
v 0.11850862 4.46244405 -0.36409483
v 0.22445750 4.49538917 -0.30284762
v 0.28344223 4.25285863 -0.16880671
v -0.11996565 3.96633624 -0.38518595
v -0.14171466 3.98608071 -0.33925890
v 0.27323259 5.32717807 0.17625875
v 0.18961440 4.11538092 0.31264651
v 0.31156595 3.68333416 0.51976044
v 0.42018317 4.22401603 -0.01138794
v 0.36856678 3.99124491 0.09957798
v 0.37726694 3.99731466 0.16931564
v 0.41760409 3.94944844 0.11733655
v 0.33427876 3.69042088 0.32728292
v -0.21599170 3.61699681 -0.35358904
v -0.26695432 3.66738248 -0.51995769
v -0.06400627 3.65341896 -0.45035547
v 0.27824331 3.91560582 0.57888937
v -0.37966526 3.79464135 -0.56578668
v -0.21780687 3.72164083 0.56566839
v 0.39104673 3.61426131 0.15245897
v 0.31663051 3.53527338 0.25342388
v 0.37769049 3.64164992 0.21896234
v 0.63661739 3.82776802 0.10777179
v 0.40214227 3.74197279 -0.21008703
v -0.37537367 3.50138934 0.12912912
v 0.39951550 3.91057317 -0.46459381
v 0.02136446 6.21410782 -0.13989649
v -0.36613347 4.15510476 0.02593383
v -0.39538641 4.32629927 0.13665320
v -0.37069008 4.41888221 0.16999594
v -0.34700800 4.38602500 -0.01446200
v -0.42098442 4.30620833 0.02210370
v -0.23214744 4.14927740 -0.26267138
v -0.37941524 4.17574892 -0.16044014
v -0.38582841 4.05861110 -0.18121727
v -0.27916006 4.09832001 -0.25833808
v -0.28177275 4.27344702 -0.21539811
v -0.19362794 4.17595410 -0.37573705
v -0.08676622 4.01227265 -0.39516820
v -0.15058731 4.22455313 -0.40965140
v -0.05669639 4.22897111 -0.36189599
v 0.01980413 4.10748295 -0.40824696
v 0.02599584 4.22596604 -0.33643706
v 0.15004954 3.91694825 -0.50907641
v 0.13004976 4.17867362 -0.35098194
v 0.23040530 4.10887998 -0.31973323
v 0.33323145 4.04384430 -0.26269862
v 0.16072363 4.23119400 -0.37636563
v -0.01873054 4.64723976 -0.42192966
v -0.12612817 4.78111728 -0.39465351
v 0.07992595 4.79634266 -0.33886016
v 0.24836297 4.79758039 -0.29111051
v 0.31184046 4.73962470 -0.25859833
v 0.25215635 4.57114086 -0.22205421
v 0.32349175 4.39857221 -0.21877975
v 0.39077134 4.62595940 -0.16520175
v 0.36785288 4.39159289 -0.02341714
v 0.40176745 4.53625711 -0.05043884
v 0.42704738 4.24326315 0.05520939
v 0.32426249 4.34641206 0.07242105
v 0.29382206 4.29096108 0.13508507
v 0.34041772 4.37927843 0.20235556
v 0.32153426 4.34692968 0.26760538
v 0.20203927 4.38490389 0.30104776
v 0.25738117 4.34127025 0.32743499
v 0.25832070 4.42513525 0.26622236
v 0.08925472 4.32711893 0.32028230
v -0.03651423 4.10585242 0.39408185
v 0.06629127 4.05349126 0.40594496
v -0.01501266 4.22354251 0.32828724
v -0.13028357 4.32430014 0.40650594
v -0.07493476 4.44725967 0.39447212
v -0.30068795 4.20513612 0.28611668
v -0.26318929 4.18728930 0.35304716
v -0.31751493 4.11395159 0.28733735
v -0.34530453 4.11470602 0.19823767
v -0.34597223 4.08010273 0.05352593
v -0.36272181 3.96310056 0.02129494
v -0.44758326 3.96937549 0.01746245
v -0.34639587 4.04264794 -0.00620334
v -0.27586748 4.29176452 0.19564533
v -0.25803622 4.41408116 0.25173047
v -0.27881978 4.52439767 0.19771324
v -0.26559066 4.72518323 0.28404465
v -0.33337835 4.66872866 0.22924862
v -0.35975340 4.49880555 0.12099070
v -0.29433778 4.86750102 0.21014323
v -0.38315039 4.69605326 0.17499194
v -0.40045580 4.48131360 0.01712859
v -0.30526177 4.68037270 -0.01534508
v -0.38497071 4.58787811 0.02277294
v -0.34729215 4.39255558 -0.19586232
v -0.34100018 4.60658537 -0.21737385
v -0.29070018 4.49064179 -0.24399765
v -0.29612082 4.33936563 -0.30946515
v -0.26216770 4.56152260 -0.29292336
v -0.25406389 4.43020558 -0.28678844
v -0.17718204 4.49739470 -0.32877931
v -0.06602310 4.42704339 -0.33226731
v -0.10950936 4.65147731 -0.30049858
v -0.15564025 4.95383051 -0.28538206
v -0.11870414 4.94747553 -0.33879172
v -0.21064896 5.07640853 -0.33494971
v -0.08209702 4.98547184 -0.38859384
v -0.01764390 5.12910025 -0.33735745
v 0.20131131 4.95011492 -0.28938362
v 0.26114171 5.09825472 -0.32766357
v 0.35444968 4.98920603 -0.20287342
v 0.23662504 4.91172082 -0.27002388
v 0.33964005 4.77391316 -0.07872304
v 0.40614691 4.61512105 -0.10275546
v 0.38628559 4.77480680 0.10172800
v 0.32252295 4.59422523 0.06917333
v 0.37160354 4.68273201 0.18977004
v 0.30646069 4.82532979 0.19593961
v 0.30814694 4.64685560 0.26738034
v 0.20648141 4.74656967 0.25286900
v 0.13669849 4.67208739 0.29011918
v 0.09359602 4.59477930 0.31329760
v 0.18527946 4.56705758 0.32716062
v 0.02493416 4.54472342 0.35166063
v 0.07127562 4.40533244 0.33761368
v -0.03164934 4.49364741 0.37758257
v -0.15127173 4.84029449 0.30713266
v -0.11290507 4.72746464 0.30818765
v -0.19933467 4.61126880 0.25529904
v -0.13861344 4.93420318 0.29382910
v -0.14037085 5.04131873 0.31636726
v -0.27137099 4.83015421 0.29014175
v -0.24367686 5.04573925 0.30701301
v -0.20023071 4.95597880 0.27812714
v -0.30469509 5.00099881 0.24664655
v -0.25595508 5.19551903 0.21178611
v -0.35246441 4.95350300 0.13032283
v -0.33509048 4.84953003 0.05936991
v -0.30184064 5.05985905 0.10188218
v -0.32598079 4.96170444 -0.01185989
v -0.40302306 5.04839537 -0.02900313
v -0.35011218 4.96973571 -0.07106775
v -0.39252431 4.76594630 -0.10870365
v -0.37710673 4.83682472 -0.04600801
v -0.31218357 4.86504955 -0.18774982
v -0.32936915 4.75442338 -0.20866620
v -0.36353379 5.00152841 -0.19138795
v -0.41183581 5.14248668 -0.00275305
v -0.34792113 5.14097167 -0.13049841
v -0.32686229 5.29441745 -0.06061079
v -0.32806918 5.33253325 -0.12985982
v -0.29435348 5.22806302 -0.26995746
v -0.34193143 5.42401936 -0.12195385
v -0.18739427 5.32800936 -0.24039329
v -0.15923683 5.45573258 -0.32989777
v -0.09667845 5.31562004 -0.33504452
v 0.08437722 5.20305174 -0.39235201
v -0.02241547 5.36193381 -0.33420814
v 0.01887340 5.53979360 -0.36571116
v 0.04357395 5.41692886 -0.30554742
v 0.15810137 5.29727078 -0.29193866
v 0.25585782 5.19936149 -0.23821587
v 0.34105875 5.23654939 -0.17987730
v 0.29767308 5.09435150 -0.14954283
v 0.40833580 5.04859673 0.03233219
v 0.32815666 5.01905234 -0.09226013
v 0.34696514 4.90595956 0.09184279
v 0.37400590 4.84459358 0.02567248
v 0.38429650 5.12868480 0.10141112
v 0.36453919 4.96967100 0.16531486
v 0.30586795 5.14431760 0.14888025
v 0.28674093 4.95006071 0.24564565
v 0.29717054 5.22148787 0.25520298
v 0.23837482 5.03427032 0.22700549
v 0.23593430 5.07673781 0.32228008
v 0.15255160 4.94316011 0.31670213
v 0.16280008 5.15276675 0.36905046
v 0.07762062 5.05590644 0.39285691
v -0.02644301 4.97907529 0.39069818
v 0.05818722 5.16126314 0.32616813
v 0.05473264 5.27819554 0.34657167
v 0.02163987 5.16474308 0.31307053
v -0.11503001 5.25607560 0.34825465
v -0.03057217 5.22790477 0.36511656
v -0.19001017 5.16317487 0.34750062
v -0.28493650 5.11865961 0.25617570
v -0.21561337 5.44733638 0.31614840
v -0.17194049 5.31345652 0.27457896
v -0.25288589 5.33767501 0.24822285
v -0.37668393 5.18836223 0.12303478
v -0.29156906 5.36656450 0.18437353
v -0.39041693 5.22882198 0.08768597
v -0.31322679 5.31470723 0.02223596
v -0.25678143 5.49435328 0.16501398
v -0.29474863 5.37305181 0.06793365
v -0.34874101 5.53938557 0.14294786
v -0.32321637 5.63524838 0.08804675
v -0.38576355 5.47994699 0.01665389
v -0.31637226 5.60190205 -0.00471675
v -0.31487279 5.67166614 -0.07899539
v -0.24508105 5.44521649 -0.19427858
v -0.28539513 5.55871460 -0.07801074
v -0.26354267 5.48966929 -0.24008341
v -0.27246813 5.63565022 -0.21840985
v -0.15884348 5.62672790 -0.26427128
v -0.07432688 5.68493669 -0.32342580
v -0.13061578 5.76369278 -0.31017180
v -0.01381039 5.92216295 -0.32525131
v 0.01285162 5.82490104 -0.30834450
v 0.05277575 5.65948909 -0.32989957
v 0.17375107 5.58591246 -0.24640070
v 0.11923140 5.52660077 -0.36558912
v 0.23499265 5.45083468 -0.28109510
v 0.25906700 5.50558300 -0.16383800
v 0.26765298 5.44114209 -0.14631390
v 0.28112912 5.36019248 -0.07969839
v 0.32745442 5.29509756 -0.00649517
v 0.39082663 5.22156459 -0.06832332
v 0.35329600 5.45295200 0.08752200
v 0.33767729 5.33353755 0.09535439
v 0.38232222 5.47310906 0.00702995
v 0.29860570 5.57220424 0.05768834
v 0.31915753 5.66833379 -0.09169042
v 0.31047350 5.62215420 0.10662680
v 0.33749514 5.87716724 -0.03360870
v 0.27733721 5.87887623 0.08933640
v 0.27049205 5.87572786 0.11329916
v 0.29175588 5.72044217 0.11931356
v 0.28647009 5.96054757 0.17908824
v 0.26726300 5.90040500 0.22621700
v 0.21962990 5.71078100 0.25589528
v 0.12987031 5.58162882 0.28134105
v 0.16834881 5.47933960 0.32275662
v 0.12880407 5.26633083 0.28675053
v 0.05276208 5.37985674 0.33274591
v -0.02159187 5.55228566 0.36542551
v -0.04753073 5.65610046 0.33709204
v -0.08619908 5.52052173 0.37693561
v -0.11187348 5.65891046 0.29839176
v -0.10777112 5.97730285 0.22846761
v -0.18352428 6.03870546 0.24869635
v -0.14597929 6.15278202 0.21561010
v -0.20047403 6.18553131 0.13746390
v -0.24759383 6.10528685 0.10466112
v -0.31729356 6.03714944 -0.06619873
v -0.26168591 6.03703235 0.07317313
v -0.28200909 5.83287233 0.12040200
v -0.31717486 5.95006872 0.08222072
v -0.30657421 5.81674839 0.05906990
v -0.25512060 6.16820320 -0.00457883
v -0.22424101 6.18969552 -0.10514955
v -0.28969017 5.93220237 -0.20723399
v -0.16450239 6.15088811 -0.20602392
v -0.11880185 6.03471479 -0.28752420
v -0.09724841 5.90156426 -0.26148606
v -0.03413937 6.07963303 -0.29930502
v 0.10468357 5.98498541 -0.25150679
v 0.17135036 5.91933233 -0.23142088
v 0.11949576 5.88592303 -0.32859838
v 0.07133114 5.94307898 -0.33247434
v 0.19679719 5.79355534 -0.28035101
v 0.26241304 5.64367372 -0.20451091
v 0.26241268 5.85145462 -0.16078643
v 0.35133772 5.55318545 -0.12619223
v 0.30297095 5.79483223 -0.13739994
v 0.32758568 5.92552793 -0.12879820
v 0.26324196 6.00390361 -0.04899131
v 0.25152981 6.07921633 -0.12604370
v 0.23806492 6.18979576 -0.01103738
v 0.23163884 6.18104950 0.09316792
v 0.24889646 6.10260666 0.12772443
v 0.29941516 6.02637916 0.12209278
v 0.17451722 6.10639863 0.20374542
v 0.17898402 6.01205572 0.19849618
v 0.21991479 5.92800766 0.25370829
v 0.12444466 6.04692650 0.27148532
v 0.10175098 5.91574365 0.26379098
v 0.02335935 5.83947450 0.30525503
v 0.07655175 6.03774981 0.30781577
v -0.07424641 5.80812135 0.31917539
v -0.04939113 5.94558079 0.34568840
v -0.03917563 6.20474535 0.18517462
v 0.13327292 6.18897920 0.20299798
v 0.02795509 6.11319031 0.27397935
v 0.05065804 6.24784495 0.01707084
v -0.00616456 6.24156502 -0.04479032
v -0.02328913 6.19256730 -0.23534867
v 0.14527044 6.19824683 -0.18000440
v 0.17802545 6.19197279 0.15162626
v 0.22249174 6.15815956 -0.13490986
v 0.15750478 6.08262159 -0.25101311
v 0.23766099 6.02124085 -0.22342454
v 0.08487559 6.11731766 -0.25843381
v 0.33319496 5.39131824 -0.03874917
v -0.24211574 5.79190693 0.21597811
v 0.42541444 3.81645628 -0.46509049
v 0.34976128 3.65472901 -0.32196444
v 0.31310892 3.65441900 -0.43998679
v 0.13041837 3.59606194 -0.38541759
v 0.10304742 3.53334544 -0.38342944
v 0.00571133 3.51561758 -0.40147913
v -0.18438311 3.45369617 -0.35012779
v -0.34573625 3.15506305 -0.38361987
v -0.32107560 3.17119235 -0.22701517
v -0.42766786 3.23700710 -0.19140763
v -0.42670410 3.10371292 -0.13934841
v -0.49881735 3.31940443 -0.07099421
v -0.34491678 3.31667130 -0.23078073
v -0.29490319 3.42748614 -0.28196363
v -0.38257575 3.43491360 -0.07598991
v -0.51327837 3.31667221 0.00275482
v -0.52373221 3.13006248 -0.02445427
v -0.48476666 3.12262844 0.10267258
v -0.36250920 3.15593480 0.14943278
v -0.33226633 3.16887557 0.18501274
v -0.26230433 3.16702785 0.16605846
v -0.26593755 3.09922014 0.22660695
v -0.07918063 3.16029742 0.26858385
v -0.07851297 3.13391130 0.36355339
v 0.08353059 3.11194903 0.29780409
v 0.00832547 3.16760180 0.31430627
v 0.08965028 3.08434463 0.41483043
v 0.06963921 3.20453123 0.46477564
v -0.04483909 3.18616907 0.42447180
v -0.26568113 3.16536475 0.46634498
v -0.33305436 3.11474222 0.36208568
v -0.38325142 3.22682468 0.20162922
v -0.38608949 3.39377961 0.13381961
v -0.39817570 3.45114750 0.02991245
v -0.38028969 3.54989639 -0.01946740
v -0.41953600 3.63066590 0.04188872
v -0.60191493 3.68151708 -0.04982299
v -0.46853756 3.65192832 -0.12102984
v -0.46347061 3.79353795 -0.19453038
v -0.42315026 3.66472480 -0.18924793
v -0.66419488 3.80407028 -0.07747667
v -0.26997561 3.41152765 0.29179224
v -0.07254922 3.39911234 0.39931780
v -0.22443534 3.30854736 0.45571324
v 0.28989373 3.24691353 0.46139299
v 0.30363655 3.12912622 0.42096238
v 0.35562865 3.16187958 0.33772748
v 0.33565734 3.18038123 0.21312270
v 0.36594516 3.23174418 0.22963598
v 0.49935813 3.10824943 0.07704924
v 0.51031468 3.31826179 0.04469381
v 0.35039330 3.32436972 0.21382327
v 0.30665542 3.40537559 0.26154357
v 0.26475166 3.44052277 0.30287495
v 0.16322034 3.43927218 0.35929543
v 0.20266541 3.66299565 0.50457607
v 0.08369109 3.77384805 0.51183054
v 0.21077194 3.80946300 0.60114182
v 0.25844611 3.73178526 0.58095885
v 0.31279032 3.59203530 0.26626982
v 0.36430960 3.45984511 0.11032616
v 0.38445282 3.39148169 0.11967608
v 0.52948313 3.28764691 -0.02283051
v 0.54210468 3.18697229 -0.01234544
v 0.43141093 3.08161466 -0.07573732
v 0.38440652 3.22595348 -0.19757401
v 0.31417969 3.14621229 -0.10866300
v 0.34960464 3.18320472 -0.18861775
v 0.24251879 3.10213669 -0.22623673
v 0.29717265 3.07289233 -0.34422059
v 0.34913146 3.14262526 -0.36483112
v 0.37307496 3.26728703 -0.27885734
v 0.38095918 3.38264626 -0.15327179
v 0.38178777 3.55856752 -0.01959216
v 0.41001032 3.61016921 0.00860656
v 0.61557505 3.73351631 0.09392430
v 0.40610865 3.68701944 0.20503963
v 0.38721745 3.88628423 0.18216936
v 0.46841681 3.69687785 -0.11434238
v 0.40442204 3.63494238 -0.13768559
v 0.30415729 3.33376242 -0.38748431
v 0.14941074 3.44335032 -0.37580307
v 0.27893022 3.14676639 -0.45045939
v 0.14047069 3.26091951 -0.14674937
v 0.16647035 3.08861914 -0.28555089
v 0.06589684 3.16309326 -0.27430501
v 0.01711488 3.17497475 -0.37974806
v 0.13085776 3.09213413 -0.42299338
v 0.00447766 3.18951960 -0.41786916
v 0.02179479 3.22495256 -0.43368391
v 0.02713675 3.28600405 -0.42295995
v -0.16656043 3.13046057 -0.48546568
v -0.09516676 3.10558221 -0.29860126
v -0.09687688 3.25289727 -0.16817424
v -0.02864870 3.17955102 -0.29199524
v 0.01930690 3.29834543 -0.12587323
v -0.05105601 3.31128129 -0.01524107
v -0.04993608 3.28467926 -0.14492603
v 0.16081577 3.27922301 0.07121921
v 0.05622647 3.28474694 0.14707094
v 0.01217786 3.28989399 0.13596071
v 0.23887318 3.17578307 -0.10574494
v 0.50436532 3.19949794 0.10847178
v -0.06285372 3.50968875 0.39399471
v -0.18023031 3.55438282 0.33603125
v -0.22023699 3.61631339 0.35141327
v -0.34852301 3.64041335 0.28113796
v -0.30440974 3.55911888 0.25024635
v -0.38016625 3.70013985 0.36879345
v -0.41347128 3.78645440 0.37686120
v -0.38523208 3.75822375 0.53578690
v 0.20230834 3.07801360 0.28850610
v -0.52416522 3.17071767 -0.08079458
v -0.18781783 3.28990829 -0.48412421
v 0.03189199 3.66048688 -0.44202074
v -0.01202227 3.74404963 -0.46536581
v 0.36016910 3.64323889 -0.27457793
v 0.40034963 3.80101368 -0.32252062
v 0.36329603 3.90279338 -0.54858647
v 0.25604194 3.82392916 -0.61765825
v 0.23343535 3.89743029 -0.58890850
v 0.21829059 3.78311220 -0.60762005
v 0.61143441 3.74585605 -0.11233681
v 0.34491008 4.10756294 -0.15402720
v -0.21610937 3.78499094 0.60157546
v -0.40041748 3.87603910 0.51764404
v -0.33346928 3.93504230 0.52719038
v -0.26254974 3.97106849 0.42516659
v -0.33417510 3.95113174 0.42327785
v -0.12754043 3.95157371 0.37043391
v -0.13366749 3.89605283 0.50708750
v 0.44926225 3.97148663 -0.00164274
v 0.61768523 3.93846805 0.04801657
v 0.58972491 3.95796786 0.00860069
v 0.29627925 3.95713215 -0.51737758
v -0.30874763 3.66505805 -0.40709937
v -0.32629432 3.73315427 -0.57801113
v -0.23885954 3.72150711 -0.57730333
v -0.35533599 3.92126637 -0.52880634
v -0.40961700 3.86085316 -0.49594794
v 0.22114551 3.91570453 0.58172401
v 0.32584219 3.86037353 0.59315149
v 0.39662393 3.82592271 0.36192031
v 0.41787087 3.79908405 0.49244676
v 0.41214954 3.85507930 0.48856076
v 0.36505383 3.92953240 0.41995342
v 0.33155746 4.08106953 0.22056625
v 0.23512383 4.02808043 0.25223187
v -0.29098670 3.96133314 -0.41587182
v -0.55832682 3.83227776 0.14934185
v -0.60457562 3.89901165 0.10037263
v -0.64663353 3.92376157 -0.00505622
v -0.65440245 3.90044305 -0.03737417
v -0.42653026 3.90219401 -0.16204119
v -0.56197126 3.96092700 -0.04782057
v -0.38514870 3.94888636 -0.12861156
v 0.17070058 3.17756107 -0.49523941
v 0.64493098 5.99919619 -0.94064529
v 0.45602200 5.98620297 -0.54588614
v 0.08354400 6.28746400 0.04052525
v -0.04226000 6.29507400 -0.05312000
v 0.28415469 6.04676419 -0.50487528
v -1.30274904 5.98356066 -0.18301956
v -1.03848863 6.06304668 -0.05647861
v -1.13484439 5.98455889 -0.12558266
v -0.85248702 6.08704293 -0.11831065
v -0.00430575 6.28746275 -0.09671038
v -0.02143500 6.29587825 0.05246150
v -0.00881425 6.32323425 -0.02814475
v -0.80758550 5.98281927 1.03267698
v -0.72234414 6.01512372 1.01070890
v -0.63805354 6.00479610 0.92844317
v -0.58179712 6.04169394 0.89237632
v -0.44185205 6.07167065 0.70207510
v -0.36444160 6.07420274 0.48184428
v -0.28968701 6.06516582 0.36277439
v -0.08354050 6.28746375 -0.04599225
v -0.06496000 6.14883200 -0.01576575
v -0.06911562 6.22332780 0.20061078
v -0.25900785 6.14337497 0.50035901
v 0.54403137 5.91623873 1.22634394
v 0.36091795 5.92854362 1.02055037
v 0.45912415 5.90537574 1.03739043
v 0.43223422 5.88221934 1.05215874
v 0.39730814 5.93651844 0.87742865
v 0.32940541 5.96859150 0.62887015
v 0.23003840 5.96286606 0.65390488
v 0.15335798 6.01344003 0.48636161
v 0.25765866 5.97679048 0.55643831
v 0.19941398 6.13096496 0.47276300
v -0.07923187 6.28746363 0.04798650
v 0.06477000 6.29507600 -0.01413900
v 0.20936233 6.15831017 0.34917523
v 1.27716429 5.93610592 0.17021272
v 1.00127275 5.96195800 0.04218164
v 1.13162433 5.88908996 0.08897707
v 0.71129158 5.95040050 0.09284388
v 0.52434475 6.05096490 0.13087931
v 0.61575476 5.97724471 0.04946571
v 0.39275115 6.12319156 0.12685705
v 0.86087947 5.99152613 0.12444695
v 0.82546664 6.03253345 0.08662013
v 0.00430925 6.28746425 0.09124538
v 0.02143600 6.29587675 -0.05792650
v 0.00881725 6.32323700 0.02267925
v 0.55635964 6.04889674 -0.00940141
v -0.47465098 6.01665660 -1.16185482
v -0.52154048 6.02642147 -1.11078716
v -0.21665319 6.11681835 -0.44158212
v -0.35919327 6.23858122 -0.76788556
v 0.07923450 6.28746450 -0.05345325
v -0.06477000 6.29507900 0.00867200
v -0.09414000 6.23462175 0.01651900
v 0.77577076 5.94226507 -1.01829869
v 0.68249343 6.00454332 -0.99324027
v 0.67172115 5.97884635 -0.96627059
v 0.59108612 5.99753441 -0.85621245
v 0.49792730 5.98053246 -0.65651232
v 0.40328620 5.97091549 -0.58434699
v 0.32359774 6.07792717 -0.33236157
v 0.59811623 6.09483428 -0.83869905
v 0.34614319 6.08526364 -0.53120518
v 0.36194433 6.11823577 -0.41866011
v 0.03729200 6.13046725 -0.01281950
v 0.19346475 6.17901842 -0.32812718
v 0.28865443 6.14514992 -0.38688599
v 0.33942537 6.06455537 -0.54425202
v 0.25909124 6.03068022 -0.45461645
v 0.33861996 5.99789733 -0.53233081
v 0.48002839 6.08635216 -0.71442634
v 0.55742917 6.06136967 -0.86311705
v -1.25892937 6.00812436 -0.13246073
v -1.05572680 6.01015874 -0.06973407
v -1.30345236 5.94381486 -0.12925044
v -0.81072237 5.97710196 -0.10376453
v -0.76421530 5.99855264 -0.03435549
v -0.44725768 6.07792737 -0.11815918
v -0.62906536 5.99856811 -0.12258942
v -0.76074063 6.04385507 -0.12313582
v -0.62761874 6.08684440 -0.08039586
v -0.54212718 6.11643947 -0.11038209
v -0.02737975 6.13046700 -0.02998425
v -0.02879750 6.25384900 0.08625550
v -0.47999953 6.13372721 -0.09550563
v -0.50021172 6.11904951 -0.01286766
v -0.63863219 6.06440505 -0.02611721
v -0.49083306 6.03810102 -0.00097196
v -0.62797184 5.99794166 -0.03123918
v -0.99906646 6.08439135 -0.08261684
v -0.78182109 6.05264246 -0.04812783
v -0.73403884 5.99482506 1.03597060
v -0.72058037 6.02772777 0.93180743
v -0.65340866 6.08313385 0.84014126
v -0.60634965 6.12331062 0.83522489
v -0.58694379 6.07287855 0.90015805
v -0.77668097 5.94160284 1.08049263
v -0.67189164 5.97981759 0.96316840
v -0.75077482 5.94034714 1.02452917
v -0.56946521 6.05816492 0.77662024
v -0.61057192 6.02882287 0.81839011
v -0.58488075 6.02077985 0.85412316
v -0.51312938 6.07336066 0.80402261
v -0.31538644 6.12553924 0.33719599
v -0.51839597 6.13149350 0.65981053
v -0.58914407 6.08043343 0.77416865
v -0.48545477 6.17655716 0.69283574
v -0.21413814 6.12844187 0.15846850
v -0.14529942 6.08201865 0.26007303
v -0.06203595 6.25520030 0.15638768
v -0.01654500 6.31911312 0.00023050
v 0.05791750 6.26718450 0.06205975
v -0.11075133 6.18488563 0.27629642
v -0.25728436 6.20418660 0.37332047
v -0.31821119 6.16538043 0.55545204
v -0.25879615 6.08343637 0.46195365
v -0.16211975 6.16737352 0.35923531
v 0.53475995 5.91986455 1.24961796
v 0.50199215 5.90476601 1.22616009
v 0.46433959 5.88274337 1.16535063
v 0.54343217 5.94492725 1.24063092
v 0.51264440 5.94625068 1.23932875
v 0.45518990 5.93635630 1.17273108
v 0.50661240 5.93440404 1.15197495
v 0.39860769 5.92174811 1.06822687
v 0.52702091 5.90246570 1.21360234
v 0.47475291 5.89558297 1.07430152
v 0.35641061 5.88504555 0.95753343
v 0.34676946 5.89948530 0.89180025
v 0.36040517 5.91360992 0.77620004
v 0.32197986 5.94458640 0.68376631
v 0.12369507 6.07757955 0.44269131
v 0.28700735 5.94038222 0.84253350
v 0.34637851 5.95280468 0.95965434
v 0.37769508 5.96352159 0.89296091
v 0.09269851 6.14323583 0.40099211
v 0.17146106 6.10636712 0.52250600
v -0.00990925 6.13046600 0.03460550
v 0.08772740 6.27013297 -0.00772128
v 0.15644821 6.18250439 0.37499134
v 0.26438441 6.02562610 0.45650849
v 0.33229933 6.01603809 0.76371248
v 0.39624725 5.94724058 0.83018776
v 1.32738312 5.90978842 0.16370700
v 1.25798686 5.88147246 0.15429190
v 1.29559876 5.89132352 0.13545075
v 1.23244774 5.93358029 0.10339793
v 1.23591851 5.94560639 0.13275296
v 1.11880544 5.95927355 0.11070182
v 1.12488922 5.93339199 0.07398318
v 1.10929764 5.89546056 0.13069324
v 0.97883688 5.89040424 0.09306196
v 1.06889077 5.89775442 0.07076445
v 0.98956124 5.92654532 0.04384912
v 0.76523308 5.96786399 0.03042965
v 0.81786171 5.92443100 0.05556196
v 0.45683297 6.02580214 0.08625673
v 0.44884245 6.08321237 0.11073364
v 0.63310542 6.00027719 0.12226832
v 0.99277546 5.97428871 0.12073436
v 0.53900161 6.11578125 0.10226909
v 0.02738225 6.13046775 0.02451750
v 0.02880150 6.25385050 -0.09172350
v 0.63065526 6.06006854 0.01884040
v 0.90581941 5.96499124 0.02990033
v -0.50031059 5.94264329 -1.21109935
v -0.54416580 5.93939893 -1.22839012
v -0.54899037 5.97638160 -1.23924536
v -0.51035590 6.02799076 -1.13617051
v -0.47461017 6.08961332 -1.05536290
v -0.42189848 6.11609412 -1.01625808
v -0.45743869 6.14684165 -0.98063950
v -0.53343209 5.98525907 -1.13464162
v -0.48479887 6.03400854 -1.01114105
v -0.44011007 6.03426633 -1.04735567
v -0.40290897 6.08033618 -0.94137704
v -0.32431206 6.12904477 -0.74738295
v -0.22906366 6.13254426 -0.55495312
v -0.13393150 6.17278200 -0.44194709
v -0.31270475 6.19639192 -0.78270502
v -0.48626288 5.97694335 -1.21238535
v -0.42200575 6.17466478 -0.93931148
v -0.18811072 6.24082215 -0.51316880
v -0.09492640 6.11317116 -0.12541881
v -0.06239075 6.14265900 -0.00834625
v -0.20018844 6.17938174 -0.25116039
v -0.09112600 6.18054700 0.00960450
v -0.31258591 6.22512637 -0.55179463
v -0.22504933 6.12859440 -0.38780096
v -0.24434646 6.12568258 -0.45123113
v -0.41453525 6.21780037 -0.76106638
v -0.43992059 6.13483849 -0.84838608
v 0.81754505 5.95439506 -1.07519987
v 0.81211181 5.97495886 -1.06485811
v 0.80787980 5.94564541 -1.09771638
v 0.81045085 5.94112442 -1.08135329
v 0.77516503 5.94274333 -1.08357724
v 0.79030795 5.94664748 -1.09702487
v 0.77151950 5.96752177 -1.08760198
v 0.81589306 5.96861079 -1.08771068
v 0.80080790 5.97135757 -1.10187315
v 0.80611195 5.98114092 -1.07955550
v 0.79936981 5.98788960 -1.05964742
v 0.74934088 6.01555439 -1.01221013
v 0.63362068 6.07345182 -0.90926279
v 0.65102108 6.03404081 -0.95242338
v 0.72097286 6.02710806 -0.94109013
v 0.69726633 6.01883438 -0.90967963
v 0.68816359 6.05246973 -0.93456346
v 0.72858170 5.94599431 -1.01161519
v 0.76937177 5.95438911 -0.99206369
v 0.69526204 5.97762863 -0.93835806
v 0.65996249 6.00325437 -0.88026627
v 0.56693194 6.00720429 -0.77616427
v 0.53640536 6.01260230 -0.80989323
v 0.54705812 6.02606097 -0.84613786
v 0.45667949 6.01303744 -0.73823073
v 0.41970534 6.03336092 -0.66589232
v 0.38319943 5.99059669 -0.61562714
v 0.47058896 5.97640670 -0.69741341
v 0.46076938 5.98912527 -0.59947731
v 0.35006001 6.01109707 -0.38958437
v 0.38522303 5.98651745 -0.48396180
v 0.30684074 6.02808192 -0.35143320
v 0.29689093 5.99813158 -0.40974554
v 0.45993173 6.04107930 -0.52951006
v 0.52611545 6.01631379 -0.64569174
v 0.52789731 6.07851477 -0.67143508
v 0.56365825 6.02648030 -0.70554647
v 0.48461965 6.04874426 -0.60284719
v 0.58907102 6.07049150 -0.77198414
v 0.63687234 6.05771251 -0.80710040
v 0.65374105 6.07444990 -0.84877053
v 0.79780739 5.97395341 -1.02038822
v 0.80394860 5.95287220 -1.04653230
v 0.56315628 6.08665651 -0.79220447
v 0.46068237 6.07236077 -0.62142660
v 0.40135056 6.07561209 -0.49133178
v 0.29308109 6.15023396 -0.27357115
v 0.32573920 6.11960591 -0.35374195
v 0.37420142 6.06264182 -0.38489833
v 0.18815857 6.23352682 -0.13101546
v 0.15569351 6.06327958 -0.26279774
v 0.20790703 6.09932647 -0.18300856
v 0.23510965 6.03117160 -0.33889789
v -0.01321925 6.13425525 -0.05089225
v 0.09108750 6.18006100 0.03366350
v 0.23054520 6.12974006 -0.17750319
v 0.09849028 6.28715883 -0.09368320
v 0.01837050 6.32093600 -0.00403100
v 0.06867044 6.17345630 -0.23107621
v 0.18107411 6.08061953 -0.36883576
v 0.15682382 6.13896651 -0.34142206
v -0.06243375 6.22787937 -0.07452050
v 0.15557250 6.07525459 -0.30525273
v 0.24396420 6.19018407 -0.29354280
v 0.23050569 6.17928845 -0.34027738
v 0.24821960 6.10380366 -0.43265525
v 0.41251746 6.04755132 -0.46853760
v 0.37123557 6.03626623 -0.61155485
v 0.22996580 6.03768213 -0.40266673
v 0.47717309 6.07126302 -0.75369309
v 0.54909100 6.06942700 -0.80931100
v 0.42812700 6.07209300 -0.62206500
v -1.33770998 5.95423011 -0.17511186
v -1.32608799 5.97518247 -0.17546266
v -1.34933121 5.94775998 -0.16417243
v -1.33957218 5.94058009 -0.16552061
v -1.27887551 5.94540687 -0.17550922
v -1.34598039 5.94599184 -0.14401042
v -1.33845807 5.94734959 -0.13651309
v -1.33826940 5.97469635 -0.13598102
v -1.35652854 5.96751786 -0.15662130
v -1.33600373 5.98203650 -0.16071769
v -1.31623183 5.98786330 -0.16685243
v -1.17076930 6.03202526 -0.10102593
v -1.04584132 6.04428485 -0.15431788
v -1.09967260 6.06069261 -0.14550262
v -1.13520868 6.04374584 -0.14651447
v -1.14959324 6.05298954 -0.13228841
v -1.13555770 6.00877978 -0.08868958
v -1.07080173 6.08024407 -0.08394076
v -1.18483215 5.99799978 -0.09552564
v -1.17538922 5.97079343 -0.11032717
v -1.28596496 5.94026979 -0.13360183
v -1.23896447 5.94701569 -0.16820035
v -1.13863207 6.00608404 -0.15068242
v -1.08631139 6.00198360 -0.13141015
v -0.96049572 6.02319544 -0.12476185
v -0.95799614 6.00293255 -0.08320342
v -0.97870114 6.02451144 -0.05904999
v -1.11080160 5.99661616 -0.09746243
v -1.09478000 5.99438000 -0.10870200
v -0.90559095 6.02646562 -0.03551299
v -0.96392647 6.04176600 -0.05940510
v -0.84814129 5.98406024 -0.04971691
v -0.73864082 5.97706998 -0.09161794
v -0.51006397 6.01110168 -0.11247027
v -0.59676711 5.99769041 -0.09919116
v -0.70090622 5.97207480 -0.06376896
v -0.45539881 6.02808262 -0.09411262
v -0.50095388 5.99812555 -0.05634092
v -0.70395278 6.01286470 -0.13808389
v -0.82565238 6.02409046 -0.13878674
v -0.95991914 6.06243556 -0.13200902
v -1.29720251 5.95386231 -0.17868948
v -1.02163366 6.08209315 -0.13524473
v -1.04424010 6.09035632 -0.12606921
v -0.97053274 6.08719331 -0.10065250
v -0.76211228 6.07351237 -0.09392630
v -0.76507151 6.06561204 -0.10937972
v -0.38112308 6.15022524 -0.12112820
v -0.51808363 6.06264203 -0.13569820
v -0.20508758 6.23356003 -0.10153885
v -0.30308066 6.06327651 -0.00753596
v -0.26008457 6.09932330 -0.09264662
v -0.40868541 6.03117056 -0.03826191
v -0.28137264 6.08709123 0.01987812
v -0.03509600 6.13425550 0.03279600
v -0.01402250 6.18005850 -0.09982000
v -0.26655780 6.12976824 -0.11500380
v -0.15559835 6.27713258 -0.04150833
v -0.24916384 6.20698204 0.03600169
v -0.17708279 6.16571577 0.06258155
v -0.40770785 6.08079082 0.02356947
v -0.30092947 6.18728460 0.02466018
v -0.03456212 6.18379300 0.08114750
v -0.38804424 6.18596583 -0.06550913
v -0.63117889 6.05410121 -0.12532125
v -0.61243600 6.09236380 -0.03557890
v -0.72304946 6.03809761 -0.02084595
v -0.57734300 6.05490078 0.00286668
v -0.42317623 6.04316408 0.00224675
v -0.40040270 6.14147991 0.02672801
v -0.88434221 6.07747461 -0.04848941
v -0.86387335 6.04952276 -0.03252842
v -0.81879830 5.95406347 1.06957552
v -0.81332226 5.97562655 1.05896991
v -0.81486607 5.94743296 1.08526796
v -0.81109386 5.94003926 1.07603967
v -0.77926472 5.95134118 0.99755538
v -0.78763281 5.94619183 1.09091478
v -0.79527373 5.94562773 1.09269300
v -0.78420329 5.97512075 1.09021450
v -0.81185572 5.96770962 1.09555882
v -0.80203272 5.98396829 1.07644509
v -0.80076413 5.98879035 1.05491180
v -0.66532424 6.05736441 0.93631735
v -0.74853033 6.00242603 0.95743173
v -0.68935655 6.03634825 0.89416068
v -0.68372221 6.06143880 0.91476574
v -0.64829489 6.08754611 0.89156752
v -0.62002288 6.08735793 0.89765362
v -0.55400112 6.09681684 0.85953698
v -0.64211563 6.02474073 0.94644254
v -0.70228297 5.97168741 1.00960718
v -0.75017967 5.93934213 1.00489324
v -0.73254995 5.94465133 1.01176313
v -0.70588970 6.00180247 0.91455258
v -0.66219797 5.98993485 0.91858123
v -0.71213840 5.97331939 0.94234494
v -0.66757040 6.00137734 0.89304766
v -0.54879794 6.05049444 0.77997666
v -0.49015252 6.05763159 0.68701841
v -0.44676127 6.07193864 0.72936601
v -0.51919196 6.05708969 0.79133844
v -0.53361122 6.07284942 0.83538009
v -0.42105398 6.10880592 0.71555154
v -0.41866913 6.07154900 0.63215004
v -0.44476280 6.07980194 0.60725173
v -0.47797877 6.07427742 0.64701183
v -0.41744726 6.07267553 0.53245979
v -0.34025224 6.07214499 0.39445670
v -0.27292822 6.07507284 0.30994354
v -0.35887301 6.11386946 0.38632919
v -0.29823696 6.12632016 0.27557712
v -0.44943267 6.10337888 0.55515451
v -0.41403611 6.12439577 0.50176385
v -0.37468384 6.15334779 0.42372721
v -0.49498375 6.09027629 0.64330900
v -0.45813430 6.14681773 0.58513499
v -0.52636065 6.15153126 0.69439556
v -0.46213125 6.16095879 0.62743889
v -0.66571711 6.03919890 0.85365207
v -0.79083313 5.96507220 1.00551212
v -0.58485726 6.10886644 0.77716682
v -0.62652300 6.09735300 0.81456900
v -0.56629233 6.12782344 0.79227974
v -0.53661143 6.14945352 0.76069033
v -0.43741427 6.17622878 0.65259904
v -0.40282781 6.18875179 0.60600500
v -0.38493989 6.16707580 0.50447023
v -0.35020909 6.18453390 0.53772495
v -0.29346533 6.18077139 0.28340896
v -0.31658559 6.16903386 0.35583573
v -0.23756073 6.19809534 0.19478790
v -0.15315123 6.25899873 0.07085244
v -0.15318371 6.08530677 0.18046467
v -0.18848700 6.08475199 0.20908274
v -0.23484965 6.09813342 0.23053935
v -0.20866200 6.07206400 0.31176000
v -0.09626978 6.09307268 0.17556430
v 0.03783350 6.15358250 0.06096625
v -0.00070750 6.12703000 0.03579350
v -0.10258100 6.22087550 -0.05258200
v -0.19363440 6.20329139 0.09940254
v -0.09579400 6.18962300 -0.04379900
v -0.25020844 6.14067540 0.20574469
v -0.24549800 6.11751800 0.21820100
v -0.11055177 6.28213754 0.09594934
v -0.12199951 6.24253320 0.20045912
v -0.03784965 6.18918932 0.19105038
v -0.12442457 6.12885663 0.30151332
v -0.08423161 6.11658249 0.22976040
v 0.06220075 6.20190750 0.07140350
v -0.18459698 6.21121784 0.30881884
v -0.25181781 6.21513575 0.32819325
v -0.23666332 6.21547405 0.26699406
v -0.20047993 6.22648872 0.21892190
v -0.32185790 6.19847351 0.43565905
v -0.35610404 6.16390003 0.62686371
v -0.30309271 6.18387351 0.52623614
v -0.19041597 6.09761012 0.38263128
v -0.21880544 6.13646242 0.42561808
v -0.31869526 6.10861886 0.55655413
v -0.35617193 6.10681233 0.62504758
v -0.31458498 6.06106798 0.43297380
v -0.23690913 6.07391048 0.39626616
v -0.40614525 6.07953626 0.64705804
v -0.23587476 6.17636270 0.42890653
v -0.40939631 6.15951594 0.67385918
v -0.44914204 6.15118158 0.74822343
v -0.46965081 6.15394022 0.76337116
v -0.54446669 6.12304486 0.81045344
v -0.55609473 6.11574433 0.83354105
v -0.43354000 6.15550189 0.72088386
v 0.51407929 5.91864725 1.24677569
v 0.44797296 5.88816653 1.15947209
v 0.54551552 5.92849635 1.21349666
v 0.53156231 5.94102587 1.25399132
v 0.54330067 5.91813393 1.23659104
v 0.50700401 5.94960442 1.22130232
v 0.47826135 5.94141840 1.19960519
v 0.50539613 5.93944427 1.24448640
v 0.45465974 5.94122240 1.13978968
v 0.53862602 5.94382245 1.22241812
v 0.43484333 5.94459029 1.05588134
v 0.45287502 5.93638691 1.04719317
v 0.41940090 5.94158973 1.06681261
v 0.45244592 5.92378127 1.18822851
v 0.40465494 5.89235739 1.06816361
v 0.39563608 5.96118203 0.98643742
v 0.44618227 5.92771718 0.98297060
v 0.49580446 5.91658487 1.10769198
v 0.50666650 5.89607952 1.14399625
v 0.49754857 5.88858752 1.13290907
v 0.46919917 5.87831513 1.11961783
v 0.46506322 5.88572418 1.17997095
v 0.41465775 5.88932339 1.09999639
v 0.40118232 5.90598081 1.06978913
v 0.30585571 5.91892323 0.75767294
v 0.42877655 5.90216268 0.95244271
v 0.43330366 5.90947974 0.95307221
v 0.44601629 5.89341662 1.02505584
v 0.38806304 5.90059861 0.88178540
v 0.39283092 5.91565736 0.86620565
v 0.42128713 5.91633789 0.91529456
v 0.43566835 5.88640062 1.01300152
v 0.38126579 5.93688830 0.76700987
v 0.34733688 5.96783861 0.69314357
v 0.28008154 5.94733444 0.70128034
v 0.21688383 5.98724926 0.55833315
v 0.18303525 6.01176127 0.42496357
v 0.14895835 6.02740208 0.43814833
v 0.22598742 5.98480295 0.67517817
v 0.18479588 6.03761025 0.56897856
v 0.26526479 5.96273632 0.77001818
v 0.25859925 5.98723931 0.71779230
v 0.29618956 5.91495222 0.79026975
v 0.21921417 6.02253345 0.66555599
v 0.27293701 6.01439493 0.72552016
v 0.32648357 5.93106290 0.92883546
v 0.44149014 5.90538614 1.16853086
v 0.47931991 5.91434580 1.21952749
v 0.50309238 5.92096537 1.24206042
v 0.37160972 5.95696066 0.99194319
v 0.33224270 5.95309247 0.91033066
v 0.28554325 5.99848567 0.80069623
v 0.35460806 5.96673283 0.89958082
v 0.32495442 6.01584516 0.70986101
v 0.23067515 6.07064532 0.58703021
v 0.14061253 6.11867524 0.45475798
v 0.14980846 6.05740768 0.52609685
v 0.06551903 6.19680157 0.30695361
v 0.03616428 6.17328343 0.29425238
v -0.01448818 6.25332856 0.17213036
v 0.07664659 6.08859899 0.18045003
v 0.06189356 6.09318522 0.27209828
v 0.05114365 6.10101662 0.27918293
v 0.07268911 6.08985383 0.31594672
v 0.17304869 6.03149950 0.36785809
v 0.17941537 6.05976424 0.29913183
v 0.11856790 6.09950639 0.15788857
v 0.04831775 6.13425575 0.00989825
v -0.07706850 6.18005800 0.05795600
v 0.03508750 6.14147243 0.28840644
v 0.02953143 6.28715089 0.12805413
v -0.00805950 6.32093650 0.01382475
v 0.15470741 6.20838216 0.22499393
v 0.16348022 6.17339241 0.17108521
v 0.17213705 6.11711757 0.20487404
v 0.09338737 6.22787913 -0.02090913
v 0.13712418 6.11735984 0.14258698
v 0.13147642 6.20558406 0.29406846
v 0.16339316 6.19289929 0.27567299
v 0.10771206 6.17042475 0.38745691
v 0.10635348 6.23351440 0.22978432
v 0.20116726 6.03308777 0.59888056
v 0.28590389 6.04414417 0.67322574
v 0.29001015 6.05659467 0.57880718
v 0.33435136 6.01620746 0.63533097
v 0.29466000 6.00122336 0.55367945
v 0.29158851 6.03967753 0.49796577
v 0.27465151 6.08418252 0.53256869
v 0.23149658 6.08534540 0.33577667
v 0.21546432 5.99422019 0.46283030
v 0.22058796 6.03263166 0.39010443
v 0.26488800 5.98936000 0.53696600
v 0.22831960 6.12783480 0.33190562
v 0.24250959 6.11186446 0.43746812
v 0.24713774 6.06879356 0.41091676
v 0.37311504 5.98386052 0.75670947
v 0.34465161 5.99194308 0.69849609
v 0.37422496 5.98729256 0.80939063
v 0.42716647 5.95136224 0.95713998
v 1.33856015 5.93300297 0.16476051
v 1.34941404 5.93338783 0.15884460
v 1.32361863 5.90110042 0.15732338
v 1.31890948 5.90345623 0.12697080
v 1.34060507 5.92159416 0.12975879
v 1.33795898 5.90989517 0.13592072
v 1.33480229 5.94249182 0.13088004
v 1.35040273 5.93197371 0.14262943
v 1.34206836 5.91663225 0.16279383
v 1.32936012 5.94477815 0.15199639
v 1.30389699 5.94333611 0.15833416
v 1.32514074 5.94056509 0.12886604
v 1.12619667 5.95603824 0.09644320
v 1.13158525 5.95063405 0.12859493
v 1.16979069 5.91670847 0.15554765
v 1.07117915 5.95157994 0.13306563
v 1.08504909 5.91983264 0.13898515
v 1.04367436 5.97781736 0.06827463
v 1.17627619 5.92398459 0.08367023
v 1.27645945 5.91740163 0.10847837
v 1.32837553 5.92505721 0.11955187
v 1.24798287 5.89576518 0.10602926
v 1.23185893 5.87855522 0.11432741
v 1.18413536 5.87471767 0.12969074
v 1.15485826 5.89796244 0.14919702
v 1.04828384 5.89018080 0.11892066
v 0.98766910 5.91631245 0.12934021
v 0.93425209 5.91182338 0.09765531
v 0.85863457 5.91892247 0.10177952
v 0.91599098 5.91243024 0.06243289
v 1.01541343 5.89483518 0.06141633
v 1.12248101 5.91228976 0.07575775
v 1.07962607 5.88728019 0.09116342
v 0.85296017 5.95144664 0.02037704
v 0.93756143 5.93180478 0.04662351
v 0.80554900 5.94950500 0.03335200
v 0.71629127 5.97669570 0.01811081
v 0.80104806 5.93398112 0.10626236
v 0.74888161 5.94952027 0.05640627
v 0.74426535 5.95841972 0.09497681
v 0.59416172 5.98993520 0.09559108
v 0.45809738 6.01494748 0.04248200
v 0.49973022 5.99620737 0.08431097
v 0.40588661 6.08381770 0.11648504
v 0.69841209 6.00048864 0.13177404
v 0.58855566 6.05621896 0.12149449
v 0.81114921 5.97100403 0.12961714
v 0.75135227 5.99240203 0.11319261
v 0.94483808 5.98203861 0.10586719
v 0.82646335 6.01040989 0.12023306
v 0.94348068 5.93480321 0.11879251
v 0.76191694 6.02549731 0.10505832
v 0.98258342 5.94113874 0.13506594
v 1.22516782 5.90352668 0.16814840
v 1.23662911 5.89434699 0.16764013
v 1.28077186 5.90857957 0.17258293
v 1.29443053 5.91996784 0.17426583
v 1.00741751 5.98642251 0.10784181
v 0.77506718 6.03237111 0.05996356
v 0.69720722 6.06330463 0.08860187
v 0.46660864 6.11897437 0.10381701
v 0.30095677 6.19680090 0.09537035
v 0.18589998 6.23335139 0.10512710
v 0.19711835 6.08856325 0.02249600
v 0.26889956 6.09319778 0.08107915
v 0.33022601 6.06245693 0.06703215
v 0.35881486 6.05460043 -0.00138956
v 0.28141500 6.08707975 -0.02533585
v 0.03509825 6.13425650 -0.03826125
v 0.00812100 6.22087700 0.11102650
v 0.01402450 6.18006050 0.09435050
v 0.29436799 6.14681575 0.11459647
v 0.29891126 6.10134382 0.09966110
v 0.29639601 6.16155531 0.11543797
v 0.15563774 6.27711856 0.03604153
v 0.14229295 6.26298970 -0.03253178
v 0.17729487 6.16565928 -0.06800825
v 0.27712966 6.18193400 -0.04207702
v 0.26585482 6.11711995 -0.04800504
v 0.41413585 6.07868581 -0.03058721
v 0.30083375 6.18733230 -0.03013237
v 0.03456375 6.18379287 -0.08661425
v 0.31297396 6.21135548 0.05255471
v 0.39860815 6.18743347 0.07651794
v 0.46970241 6.14780621 0.05307668
v 0.49721962 6.10775832 0.00080038
v 0.40789934 6.16556115 0.00078363
v 0.66346652 6.03475916 0.12747848
v 0.62168684 6.06661144 0.09751396
v 0.64604693 6.07228033 0.04739594
v 0.70899079 6.02643545 0.01450790
v 0.59739036 6.03598928 -0.00141863
v 0.59079558 6.08808000 0.01913454
v 0.47062823 6.04742512 -0.00594524
v 0.52325087 6.01821115 0.00004002
v 0.42319971 6.04311901 -0.00771044
v 0.62486836 5.99112922 0.02592341
v 0.39704152 6.12830037 -0.03641539
v 0.87956568 6.01033043 0.04185321
v 0.94891295 5.99108829 0.08686654
v 0.95599945 5.97615360 0.05865298
v 0.97981990 5.98702269 0.06900374
v 0.77829140 6.01835396 0.03750050
v 0.82589161 6.01514572 0.03182240
v -0.51569793 5.96695787 -1.24563564
v -0.54481035 5.94986315 -1.25449168
v -0.51681885 5.94288836 -1.23438789
v -0.49184883 5.94275670 -1.17304670
v -0.55460594 5.95240198 -1.22478466
v -0.55373350 5.96979659 -1.21495208
v -0.55478226 5.96445351 -1.23890792
v -0.53891966 5.96615762 -1.25540000
v -0.55091259 5.94598444 -1.23903824
v -0.52818355 5.97727270 -1.24640355
v -0.52441659 5.98990492 -1.22489632
v -0.50265468 5.98566719 -1.21922398
v -0.49981979 6.01327097 -1.17859788
v -0.55125200 5.97712312 -1.23026705
v -0.46930771 6.06202326 -1.09896006
v -0.44552658 6.04140904 -1.09348281
v -0.44498258 6.07116036 -1.06674423
v -0.50308287 6.06092495 -1.02552943
v -0.50046159 6.07182205 -1.04170308
v -0.48106911 6.13327550 -0.96631271
v -0.51633781 6.03952438 -1.07472242
v -0.51872425 6.01923016 -1.07582308
v -0.50841144 5.95482630 -1.12483266
v -0.51724224 5.98530734 -1.09250066
v -0.50879545 5.94654895 -1.14883539
v -0.53914631 5.94274688 -1.19077371
v -0.44972072 6.00078200 -1.11492939
v -0.46610452 5.97053046 -1.13571601
v -0.48080740 5.95499138 -1.13509410
v -0.46162058 6.02114639 -1.03103273
v -0.43412258 6.04113110 -1.01996487
v -0.39373735 6.11025315 -0.87099563
v -0.42736368 6.07112185 -0.93228068
v -0.48411642 6.07173692 -0.96365196
v -0.44653477 6.14525065 -0.86631696
v -0.41112728 6.14165148 -0.75681370
v -0.36899264 6.16901434 -0.67222046
v -0.41750383 6.11208904 -0.85201570
v -0.37768031 6.13633680 -0.72800251
v -0.30091508 6.14322460 -0.69319833
v -0.24512788 6.13275749 -0.62551542
v -0.16043012 6.12219905 -0.43792190
v -0.17117760 6.12133862 -0.48842617
v -0.09828363 6.13916143 -0.37456145
v -0.15764000 6.11408989 -0.38918178
v -0.15238112 6.16641320 -0.50338337
v -0.09256347 6.17235532 -0.40090394
v -0.24872582 6.16361629 -0.66512479
v -0.22164694 6.18266526 -0.61010557
v -0.17943231 6.20372413 -0.54198607
v -0.30350053 6.15318487 -0.74654798
v -0.26921860 6.20716966 -0.68657084
v -0.37365635 6.16849823 -0.88524268
v -0.30509561 6.17508458 -0.77943221
v -0.30827777 6.22659972 -0.71044766
v -0.37649951 6.14251540 -0.89504306
v -0.38124034 6.12204534 -0.94416610
v -0.38779985 6.14513482 -0.94804062
v -0.42035918 6.06675236 -1.02773341
v -0.47524413 5.96993478 -1.18950129
v -0.38849891 6.20879631 -0.84333819
v -0.33554237 6.21728903 -0.79467144
v -0.34978950 6.23482770 -0.69965625
v -0.29497685 6.24626428 -0.64659275
v -0.23734594 6.22476282 -0.58550694
v -0.09790132 6.22143781 -0.39331927
v -0.04182548 6.21758779 -0.29250193
v 0.00779351 6.26426115 -0.17260915
v -0.06547879 6.10424136 -0.18697386
v -0.01369591 6.14075183 -0.21967008
v 0.00484550 6.12804350 -0.03818150
v -0.15154280 6.10969169 -0.26221277
v -0.02431800 6.12505500 -0.02640100
v 0.09445900 6.22087700 -0.06664400
v -0.00499752 6.19620150 -0.24425506
v 0.06089150 6.16357625 -0.05822750
v -0.04920433 6.27600532 -0.17791304
v 0.00806200 6.32093800 -0.01929125
v -0.14521191 6.19933629 -0.12037040
v -0.15600030 6.22146263 -0.18638491
v -0.11725183 6.14730186 -0.08373242
v -0.15270802 6.14411740 -0.16167643
v -0.13016772 6.25711129 -0.28537664
v -0.16959485 6.24459866 -0.28747795
v -0.08830893 6.27380837 -0.12498630
v -0.15064115 6.22258175 -0.45034738
v -0.15309998 6.25637724 -0.38409243
v -0.08139865 6.25102719 -0.28085914
v -0.20500865 6.25239286 -0.35954084
v -0.28873404 6.24358748 -0.57499748
v -0.35374101 6.22743675 -0.62403470
v -0.27136179 6.25360043 -0.52505575
v -0.31428995 6.17895430 -0.55151503
v -0.30568245 6.20223640 -0.49215707
v -0.25325556 6.23119775 -0.42711063
v -0.25161670 6.17209998 -0.39164240
v -0.28026551 6.15598859 -0.46438669
v -0.19375938 6.11562430 -0.37552574
v -0.34059813 6.13866384 -0.67500261
v -0.28599825 6.14334861 -0.54130365
v -0.30727301 6.12905199 -0.63510408
v -0.23227590 6.21490497 -0.32553674
v -0.37073475 6.21489816 -0.68857813
v -0.42749435 6.19843688 -0.82255368
v -0.47214041 6.14376952 -0.90405477
v -0.41981795 6.18520869 -0.88131277
v -0.40243434 6.20831612 -0.72845234
f 149 115 114
f 149 150 115
f 26 116 25
f 151 26 25
f 157 117 151
f 28 116 26
f 27 28 26
f 27 26 118
f 28 119 116
f 118 29 27
f 1 29 118
f 119 2 122
f 28 120 119
f 27 120 28
f 120 2 119
f 121 124 30
f 114 122 121
f 122 124 121
f 122 2 124
f 123 124 2
f 134 123 2
f 134 125 123
f 126 35 125
f 124 127 3
f 123 127 124
f 123 31 127
f 31 190 127
f 127 128 129
f 127 129 3
f 33 128 127
f 127 32 33
f 190 32 127
f 32 130 33
f 145 30 124
f 3 145 124
f 3 131 145
f 129 131 3
f 129 132 131
f 128 132 129
f 31 123 125
f 34 31 125
f 35 34 125
f 133 31 34
f 187 133 34
f 133 190 31
f 187 34 35
f 185 187 35
f 126 236 35
f 126 125 134
f 142 126 134
f 142 236 126
f 120 134 2
f 120 27 134
f 27 135 134
f 27 29 135
f 29 144 135
f 137 136 139
f 29 136 137
f 144 29 137
f 29 1 136
f 138 4 139
f 168 138 140
f 83 138 168
f 83 4 138
f 136 140 138
f 136 138 139
f 1 155 136
f 155 140 136
f 155 43 140
f 139 141 137
f 4 141 139
f 4 84 141
f 135 142 134
f 135 143 142
f 144 143 135
f 144 137 143
f 116 119 114
f 116 114 115
f 119 122 114
f 30 37 149
f 121 30 149
f 121 149 114
f 146 30 145
f 146 145 131
f 146 37 30
f 36 37 146
f 5 38 36
f 36 38 37
f 235 5 40
f 235 38 5
f 150 38 235
f 39 40 5
f 147 36 146
f 131 147 146
f 132 147 131
f 39 147 132
f 39 5 147
f 5 36 147
f 148 37 38
f 149 148 150
f 148 149 37
f 150 148 38
f 235 41 150
f 151 233 157
f 151 41 233
f 25 41 151
f 41 152 150
f 152 41 25
f 115 152 25
f 115 25 116
f 115 153 152
f 150 153 115
f 150 152 153
f 42 154 43
f 155 42 43
f 1 118 155
f 118 42 155
f 167 43 159
f 33 156 44
f 33 44 128
f 130 162 156
f 130 156 33
f 32 162 130
f 158 117 157
f 234 157 233
f 234 158 157
f 6 158 234
f 6 156 158
f 42 117 154
f 118 117 42
f 26 117 118
f 26 151 117
f 159 158 156
f 162 159 156
f 154 117 158
f 159 154 158
f 43 154 159
f 160 132 128
f 160 128 44
f 160 39 132
f 6 160 44
f 6 44 156
f 6 39 160
f 40 39 6
f 161 162 32
f 7 167 161
f 7 161 8
f 167 159 161
f 159 162 161
f 7 8 163
f 164 165 163
f 164 163 45
f 166 165 164
f 46 165 166
f 168 167 7
f 140 167 168
f 140 43 167
f 165 168 7
f 165 7 163
f 172 168 165
f 46 172 165
f 172 83 168
f 169 172 171
f 169 170 172
f 171 174 169
f 46 173 172
f 173 47 171
f 173 171 172
f 166 173 46
f 47 174 171
f 166 48 176
f 166 175 48
f 166 164 175
f 164 45 175
f 177 49 9
f 177 47 49
f 174 47 177
f 173 166 176
f 47 173 176
f 47 176 49
f 180 178 179
f 180 181 178
f 338 181 180
f 183 49 176
f 183 176 182
f 50 183 182
f 179 178 183
f 179 183 50
f 183 9 49
f 178 9 183
f 51 174 177
f 51 177 9
f 178 51 9
f 181 51 178
f 181 184 51
f 181 87 184
f 48 35 236
f 52 48 236
f 176 48 182
f 185 35 48
f 48 175 185
f 186 185 175
f 45 186 175
f 163 186 45
f 8 187 186
f 8 186 163
f 187 185 186
f 189 133 187
f 188 189 187
f 161 188 187
f 161 187 8
f 32 189 188
f 32 188 161
f 190 133 189
f 32 190 189
f 205 54 191
f 54 192 193
f 55 192 194
f 198 55 194
f 55 195 191
f 198 195 55
f 193 55 191
f 193 191 54
f 192 55 193
f 196 53 195
f 198 196 195
f 197 53 196
f 199 196 198
f 199 198 194
f 57 201 196
f 57 196 199
f 196 200 197
f 196 201 200
f 227 201 57
f 227 200 201
f 57 202 10
f 202 203 10
f 57 203 202
f 199 203 57
f 194 203 199
f 194 192 203
f 204 192 54
f 204 203 192
f 204 10 203
f 11 206 210
f 11 204 206
f 210 205 208
f 206 205 210
f 207 54 205
f 206 207 205
f 204 54 207
f 204 207 206
f 200 56 209
f 200 209 197
f 56 210 208
f 211 210 56
f 11 210 211
f 229 58 213
f 58 212 213
f 58 217 212
f 213 212 214
f 204 214 10
f 10 214 12
f 11 214 204
f 211 214 11
f 211 213 214
f 215 12 214
f 215 214 212
f 212 216 215
f 212 218 216
f 212 217 218
f 217 219 218
f 217 58 219
f 220 219 224
f 225 220 224
f 220 218 219
f 13 225 221
f 222 221 225
f 59 221 222
f 223 221 59
f 60 225 224
f 60 224 292
f 320 222 60
f 222 225 60
f 62 219 58
f 224 219 62
f 226 227 228
f 58 229 226
f 62 61 14
f 62 14 224
f 58 88 62
f 226 228 88
f 226 88 58
f 88 61 62
f 230 226 229
f 213 230 229
f 211 230 213
f 230 56 200
f 230 211 56
f 209 53 197
f 56 231 209
f 208 231 56
f 231 208 209
f 53 191 195
f 232 53 209
f 208 232 209
f 208 205 232
f 232 191 53
f 205 191 232
f 234 40 6
f 41 235 233
f 235 40 234
f 235 234 233
f 52 182 48
f 52 237 182
f 63 52 236
f 142 63 236
f 63 237 52
f 237 84 64
f 238 237 64
f 50 237 238
f 179 50 238
f 50 182 237
f 15 238 64
f 338 180 15
f 179 238 15
f 180 179 15
f 239 338 15
f 337 240 264
f 337 239 240
f 337 338 239
f 264 240 241
f 65 242 79
f 65 79 243
f 65 249 244
f 243 249 65
f 66 244 73
f 245 244 66
f 257 260 67
f 244 249 248
f 248 73 244
f 246 248 247
f 251 248 246
f 251 73 248
f 16 67 73
f 16 73 251
f 247 340 341
f 248 85 247
f 85 249 243
f 248 249 85
f 251 250 16
f 251 68 250
f 246 68 251
f 253 252 256
f 257 67 253
f 67 252 253
f 67 16 252
f 16 250 252
f 254 255 342
f 255 69 342
f 255 256 252
f 255 252 69
f 71 257 253
f 70 17 257
f 111 255 254
f 259 255 111
f 71 258 367
f 71 259 111
f 71 111 258
f 71 253 259
f 253 256 259
f 256 255 259
f 260 73 67
f 72 73 260
f 72 66 73
f 72 245 66
f 18 245 72
f 261 18 72
f 18 272 245
f 272 19 245
f 72 74 261
f 74 260 263
f 74 263 262
f 74 72 260
f 263 260 257
f 17 263 257
f 75 262 263
f 75 263 17
f 244 242 65
f 245 242 244
f 245 76 242
f 245 269 76
f 245 19 269
f 76 241 242
f 76 265 241
f 265 267 264
f 241 265 264
f 264 266 337
f 264 267 266
f 267 346 266
f 346 335 266
f 267 265 268
f 346 267 268
f 269 265 76
f 273 269 19
f 271 269 273
f 271 265 269
f 77 271 270
f 343 271 77
f 108 268 271
f 108 271 343
f 268 265 271
f 78 344 270
f 273 78 270
f 273 270 271
f 351 355 78
f 273 272 18
f 351 273 18
f 351 78 273
f 273 19 272
f 79 242 241
f 284 79 241
f 284 241 240
f 81 243 79
f 274 81 275
f 80 243 81
f 274 80 81
f 276 274 275
f 281 276 275
f 281 275 20
f 20 278 281
f 282 4 277
f 278 282 277
f 278 277 281
f 282 84 4
f 276 279 274
f 276 82 279
f 280 82 276
f 281 280 276
f 280 83 172
f 280 172 170
f 281 83 280
f 281 277 83
f 277 4 83
f 278 64 84
f 278 20 64
f 282 278 84
f 283 64 20
f 275 283 20
f 81 283 275
f 283 15 64
f 283 284 240
f 283 240 239
f 283 239 15
f 81 284 283
f 81 79 284
f 80 85 243
f 288 287 85
f 85 80 288
f 80 285 288
f 80 274 279
f 80 279 285
f 340 247 287
f 247 85 287
f 287 288 286
f 285 289 290
f 288 285 290
f 288 290 286
f 285 279 289
f 287 86 340
f 21 86 287
f 286 21 287
f 290 289 87
f 332 286 290
f 332 290 87
f 336 21 286
f 336 286 332
f 291 141 84
f 237 291 84
f 63 291 237
f 142 291 63
f 142 143 291
f 143 137 141
f 143 141 291
f 230 200 226
f 200 227 226
f 88 228 227
f 329 88 227
f 89 14 61
f 88 89 61
f 329 89 88
f 89 292 14
f 89 102 320
f 89 320 292
f 104 102 89
f 59 320 102
f 59 102 294
f 99 59 294
f 99 294 293
f 222 320 59
f 293 90 295
f 99 293 295
f 293 294 90
f 90 296 305
f 92 90 305
f 295 90 92
f 96 295 92
f 96 92 91
f 22 96 91
f 22 298 93
f 22 91 298
f 91 297 298
f 297 357 298
f 297 299 357
f 299 94 357
f 91 299 297
f 300 96 22
f 315 96 300
f 91 301 299
f 92 301 91
f 299 301 302
f 301 304 302
f 304 303 302
f 304 301 305
f 301 92 305
f 306 311 308
f 307 23 306
f 23 311 306
f 308 309 306
f 308 223 309
f 13 221 308
f 221 223 308
f 310 97 324
f 308 310 13
f 308 97 310
f 308 313 97
f 311 313 308
f 311 358 313
f 312 313 358
f 312 359 313
f 311 315 314
f 315 300 314
f 311 23 315
f 98 295 96
f 315 98 96
f 23 307 315
f 315 307 98
f 316 295 98
f 316 98 307
f 99 295 316
f 309 316 307
f 309 307 306
f 309 99 316
f 223 59 99
f 223 99 309
f 305 100 304
f 305 296 100
f 317 304 100
f 363 303 304
f 105 324 97
f 101 105 97
f 363 105 101
f 362 97 313
f 362 101 97
f 363 304 317
f 318 294 102
f 100 294 318
f 294 296 90
f 294 100 296
f 363 317 103
f 318 102 319
f 103 318 319
f 317 318 103
f 317 100 318
f 292 224 14
f 320 60 292
f 319 102 104
f 321 319 104
f 322 321 104
f 323 321 322
f 325 324 323
f 216 218 325
f 322 325 323
f 325 215 216
f 322 215 325
f 225 13 220
f 310 325 13
f 310 324 325
f 326 325 218
f 220 326 218
f 220 13 326
f 13 325 326
f 323 105 363
f 323 363 103
f 323 103 319
f 321 323 319
f 323 324 105
f 215 327 12
f 215 330 327
f 322 330 215
f 329 227 328
f 328 327 330
f 12 327 10
f 106 328 227
f 57 106 227
f 10 106 57
f 10 327 106
f 327 328 106
f 330 322 104
f 89 330 104
f 329 330 89
f 328 330 329
f 82 331 289
f 279 82 289
f 170 82 280
f 170 169 331
f 170 331 82
f 331 51 184
f 331 184 87
f 331 87 289
f 169 174 331
f 174 51 331
f 333 332 87
f 333 87 181
f 334 332 333
f 335 332 334
f 335 21 336
f 335 336 332
f 334 337 266
f 334 266 335
f 333 337 334
f 181 338 333
f 333 338 337
f 346 339 335
f 339 86 21
f 339 21 335
f 339 340 86
f 345 341 340
f 345 340 339
f 24 341 345
f 24 246 341
f 246 247 341
f 107 246 24
f 107 68 246
f 250 68 107
f 342 250 107
f 69 250 342
f 69 252 250
f 107 343 77
f 344 77 270
f 342 107 77
f 342 77 344
f 343 24 108
f 107 24 343
f 345 339 346
f 268 108 345
f 268 345 346
f 108 24 345
f 262 368 347
f 262 347 74
f 314 348 369
f 300 348 314
f 300 109 348
f 22 109 300
f 93 109 22
f 349 350 261
f 349 261 74
f 347 349 74
f 347 369 349
f 369 348 349
f 348 350 349
f 109 350 348
f 352 350 109
f 261 351 18
f 350 352 261
f 261 352 351
f 354 351 352
f 354 355 351
f 353 356 367
f 353 110 356
f 110 357 356
f 110 298 357
f 109 353 354
f 109 354 352
f 110 353 109
f 93 110 109
f 93 298 110
f 354 111 355
f 354 258 111
f 353 258 354
f 353 367 258
f 358 369 113
f 360 358 113
f 312 358 360
f 360 359 312
f 95 112 302
f 95 302 303
f 95 359 112
f 359 362 313
f 359 95 362
f 303 363 95
f 363 362 95
f 101 362 363
f 360 112 359
f 361 112 360
f 361 364 112
f 70 75 17
f 70 257 71
f 366 364 70
f 364 75 70
f 364 361 75
f 94 365 357
f 94 299 302
f 364 302 112
f 364 94 302
f 364 366 94
f 365 94 366
f 365 367 356
f 365 356 357
f 70 365 366
f 70 367 365
f 70 71 367
f 75 368 262
f 368 361 360
f 368 75 361
f 347 113 369
f 347 368 113
f 360 113 368
f 358 314 369
f 358 311 314
f 370 344 78
f 370 78 355
f 111 370 355
f 254 370 111
f 342 344 370
f 254 342 370
f 490 460 415
f 425 416 460
f 460 416 415
f 416 493 415
f 491 443 377
f 505 489 443
f 443 489 377
f 489 486 377
f 394 417 407
f 379 407 417
f 418 390 462
f 419 380 418
f 450 381 418
f 381 382 418
f 382 390 418
f 395 503 420
f 487 421 395
f 488 422 395
f 488 395 421
f 422 503 395
f 396 398 408
f 396 397 398
f 383 398 397
f 489 472 376
f 490 376 472
f 415 376 490
f 447 461 474
f 379 509 399
f 379 399 447
f 447 399 461
f 377 461 491
f 491 461 399
f 382 381 391
f 382 391 423
f 394 391 417
f 378 391 394
f 378 513 423
f 378 423 391
f 492 419 462
f 422 488 424
f 422 424 492
f 492 424 419
f 462 419 418
f 398 383 400
f 400 383 478
f 395 478 487
f 420 515 478
f 420 478 395
f 515 400 478
f 493 416 463
f 416 425 463
f 408 463 396
f 433 406 497
f 433 497 405
f 500 434 440
f 500 433 434
f 500 501 406
f 500 406 433
f 435 496 436
f 433 436 434
f 436 433 435
f 433 405 435
f 437 467 427
f 437 427 375
f 467 401 427
f 405 497 467
f 437 405 467
f 497 438 467
f 439 426 438
f 438 426 401
f 438 401 467
f 496 498 371
f 496 471 498
f 405 437 435
f 437 496 435
f 437 375 494
f 494 471 496
f 494 496 437
f 436 464 372
f 436 388 464
f 496 499 436
f 499 388 436
f 371 428 499
f 371 499 496
f 499 428 388
f 440 465 373
f 440 402 465
f 440 434 402
f 436 468 434
f 468 402 434
f 436 372 466
f 436 466 468
f 468 466 402
f 501 430 429
f 501 500 403
f 501 403 430
f 373 495 440
f 495 403 500
f 440 495 500
f 439 469 432
f 438 469 439
f 469 404 432
f 497 469 438
f 497 406 469
f 501 469 406
f 429 431 501
f 431 404 469
f 501 431 469
f 506 470 460
f 506 460 490
f 441 502 506
f 460 442 425
f 460 470 442
f 442 470 506
f 442 506 502
f 415 493 403
f 493 430 403
f 507 495 373
f 507 403 495
f 415 403 376
f 376 403 507
f 374 505 443
f 507 373 465
f 465 402 486
f 486 507 465
f 511 444 466
f 511 466 372
f 444 486 402
f 444 402 466
f 444 377 486
f 445 446 417
f 417 446 509
f 417 509 379
f 447 407 379
f 464 388 407
f 512 428 371
f 512 407 388
f 512 388 428
f 394 407 378
f 378 407 512
f 380 449 389
f 453 449 448
f 418 380 450
f 450 380 389
f 450 389 449
f 382 513 390
f 512 371 498
f 512 498 471
f 513 512 471
f 513 471 390
f 476 494 375
f 476 471 494
f 476 390 471
f 462 390 476
f 514 421 487
f 451 386 514
f 421 514 488
f 488 386 475
f 488 514 386
f 492 503 422
f 492 427 401
f 492 401 503
f 516 426 439
f 516 401 426
f 503 401 516
f 515 420 503
f 515 503 516
f 517 397 396
f 452 397 517
f 516 439 432
f 516 432 504
f 504 432 404
f 429 404 431
f 408 504 404
f 408 404 429
f 408 398 504
f 489 505 472
f 505 374 459
f 505 459 481
f 505 481 472
f 506 472 441
f 472 481 441
f 490 472 506
f 507 486 508
f 507 508 376
f 489 508 486
f 489 376 508
f 446 387 510
f 446 510 509
f 509 510 409
f 443 473 374
f 473 509 409
f 491 509 443
f 491 399 509
f 443 509 473
f 444 461 377
f 444 474 461
f 444 511 474
f 372 464 511
f 464 407 511
f 447 511 407
f 447 474 511
f 381 450 391
f 450 449 391
f 449 453 480
f 449 480 410
f 449 410 391
f 446 445 410
f 446 410 387
f 445 391 410
f 417 391 445
f 378 512 513
f 423 513 382
f 488 475 424
f 482 411 475
f 475 386 482
f 449 475 448
f 448 475 411
f 419 424 475
f 380 419 475
f 380 475 449
f 375 427 476
f 427 492 476
f 462 476 492
f 383 397 477
f 383 477 478
f 397 458 477
f 514 477 451
f 451 477 458
f 487 478 514
f 514 478 477
f 515 479 400
f 515 516 479
f 400 479 504
f 400 504 398
f 479 516 504
f 442 502 452
f 442 452 425
f 502 518 452
f 396 463 517
f 463 425 517
f 517 425 452
f 429 463 408
f 430 493 429
f 493 463 429
f 451 458 392
f 452 519 397
f 452 483 519
f 518 502 454
f 452 518 483
f 454 483 518
f 453 393 480
f 393 410 480
f 387 410 485
f 485 410 393
f 441 454 502
f 459 414 481
f 441 481 414
f 456 520 521
f 456 484 520
f 456 521 524
f 413 384 456
f 413 456 524
f 456 384 522
f 456 522 484
f 385 412 522
f 412 484 522
f 392 458 397
f 385 392 412
f 385 386 451
f 451 392 385
f 385 482 386
f 385 522 411
f 385 411 482
f 384 453 523
f 384 523 522
f 523 411 522
f 453 448 523
f 523 448 411
f 520 484 483
f 520 483 454
f 412 392 484
f 397 519 392
f 392 519 484
f 484 519 483
f 384 413 453
f 453 413 393
f 455 485 524
f 524 485 393
f 524 393 413
f 455 387 485
f 457 459 374
f 457 414 459
f 521 520 414
f 521 414 457
f 454 441 520
f 520 441 414
f 455 510 387
f 510 525 409
f 455 525 510
f 455 524 525
f 521 457 525
f 521 525 524
f 457 374 473
f 473 409 525
f 457 473 525
f 526 632 701
f 636 701 633
f 636 526 701
f 634 633 697
f 634 697 551
f 635 551 638
f 635 634 551
f 636 633 634
f 635 636 634
f 527 636 635
f 638 551 552
f 637 638 552
f 639 638 637
f 639 635 638
f 640 639 637
f 640 637 552
f 528 553 640
f 528 640 686
f 642 639 641
f 643 642 641
f 642 635 639
f 642 527 635
f 641 554 643
f 641 644 554
f 529 646 645
f 554 556 646
f 555 646 647
f 648 660 555
f 648 555 655
f 645 646 555
f 660 645 555
f 650 649 556
f 554 650 556
f 554 644 650
f 555 651 656
f 555 647 651
f 646 556 647
f 556 649 647
f 652 660 648
f 557 652 648
f 557 558 652
f 558 660 652
f 648 655 653
f 655 654 653
f 656 655 555
f 656 708 655
f 708 698 655
f 558 658 657
f 529 645 659
f 659 660 558
f 645 660 659
f 661 662 663
f 661 663 559
f 529 559 668
f 529 659 559
f 659 558 661
f 659 661 559
f 558 657 661
f 657 662 661
f 664 663 662
f 664 665 663
f 664 662 657
f 530 665 664
f 560 665 530
f 530 667 735
f 664 667 530
f 667 561 666
f 657 667 664
f 657 658 667
f 658 561 667
f 658 558 561
f 669 529 668
f 643 554 669
f 669 646 529
f 554 646 669
f 671 669 668
f 671 668 670
f 527 670 636
f 527 671 670
f 527 642 671
f 642 643 669
f 642 669 671
f 672 636 670
f 559 672 670
f 559 670 668
f 663 636 672
f 663 672 559
f 673 636 663
f 673 526 636
f 674 650 644
f 562 674 644
f 562 644 641
f 531 674 562
f 678 531 675
f 553 678 675
f 676 678 553
f 679 676 553
f 676 677 678
f 680 679 553
f 528 680 553
f 528 683 680
f 676 681 677
f 676 564 681
f 564 676 679
f 563 716 680
f 716 564 679
f 716 679 680
f 683 682 680
f 533 682 683
f 685 683 528
f 685 533 683
f 684 640 552
f 686 640 684
f 711 686 684
f 685 686 711
f 685 528 686
f 687 639 640
f 687 641 639
f 675 687 640
f 675 640 553
f 562 687 675
f 531 562 675
f 562 641 687
f 678 688 531
f 689 688 678
f 677 689 678
f 689 692 688
f 566 674 531
f 565 690 674
f 565 674 566
f 649 690 565
f 649 650 690
f 650 674 690
f 691 651 647
f 565 691 647
f 565 647 649
f 566 691 565
f 566 577 691
f 567 577 566
f 720 577 567
f 693 566 531
f 693 531 688
f 692 693 688
f 567 693 692
f 567 566 693
f 694 684 552
f 552 696 694
f 551 696 552
f 695 696 551
f 568 697 633
f 569 697 568
f 569 568 699
f 695 697 569
f 695 551 697
f 698 654 655
f 695 569 698
f 569 699 698
f 699 654 698
f 700 654 699
f 703 700 699
f 700 653 654
f 701 702 703
f 632 702 701
f 702 704 703
f 702 578 704
f 632 731 578
f 632 578 702
f 570 703 704
f 570 705 534
f 704 705 570
f 704 571 705
f 571 537 705
f 571 704 578
f 706 703 570
f 737 706 570
f 737 570 534
f 653 706 737
f 700 706 653
f 700 703 706
f 707 703 699
f 568 707 699
f 633 707 568
f 633 701 707
f 701 703 707
f 709 708 729
f 535 709 729
f 572 709 535
f 684 694 709
f 684 709 572
f 696 698 708
f 709 696 708
f 694 696 709
f 696 695 698
f 711 710 685
f 711 572 710
f 684 572 711
f 533 712 713
f 533 685 712
f 685 710 712
f 713 714 533
f 713 715 714
f 715 718 714
f 715 723 718
f 721 719 573
f 682 563 680
f 714 563 682
f 533 714 682
f 563 717 716
f 718 574 717
f 563 718 717
f 714 718 563
f 718 719 574
f 573 719 718
f 720 715 713
f 720 575 715
f 575 723 715
f 721 573 722
f 722 723 724
f 573 718 723
f 573 723 722
f 725 724 545
f 722 724 576
f 724 725 576
f 575 567 726
f 724 575 726
f 723 575 724
f 720 567 575
f 720 727 577
f 713 712 727
f 713 727 720
f 712 710 727
f 728 572 535
f 728 535 651
f 691 728 651
f 577 728 691
f 577 727 728
f 728 710 572
f 727 710 728
f 656 729 708
f 651 729 656
f 651 535 729
f 733 632 730
f 733 731 632
f 536 733 560
f 732 578 733
f 578 731 733
f 578 732 571
f 579 537 732
f 732 537 571
f 734 579 732
f 536 734 732
f 735 734 536
f 735 536 530
f 666 735 667
f 666 580 735
f 580 734 735
f 580 579 734
f 580 537 579
f 736 537 580
f 666 736 580
f 561 736 666
f 561 557 736
f 558 557 561
f 557 737 736
f 537 534 705
f 537 737 534
f 736 737 537
f 557 648 737
f 648 653 737
f 530 536 560
f 732 733 536
f 665 673 663
f 560 733 673
f 560 673 665
f 733 730 673
f 730 632 526
f 730 526 673
f 742 747 581
f 581 747 739
f 774 540 747
f 743 582 744
f 741 538 738
f 581 741 743
f 581 743 742
f 741 738 743
f 744 742 743
f 746 582 755
f 779 743 738
f 755 743 779
f 755 582 743
f 753 755 779
f 745 742 744
f 740 744 582
f 747 745 744
f 747 744 740
f 742 745 747
f 746 768 740
f 746 740 582
f 756 747 740
f 768 756 740
f 746 748 768
f 749 750 754
f 754 748 749
f 748 746 749
f 761 752 751
f 761 750 752
f 750 753 752
f 750 749 753
f 761 754 750
f 749 755 753
f 755 749 746
f 756 774 747
f 583 751 540
f 757 541 583
f 583 759 757
f 758 759 583
f 760 751 583
f 541 760 583
f 761 760 541
f 761 751 760
f 585 584 541
f 585 587 773
f 763 585 772
f 763 586 585
f 759 585 541
f 587 585 759
f 757 759 541
f 586 584 585
f 763 588 586
f 761 766 754
f 541 764 761
f 764 766 761
f 754 766 827
f 767 827 766
f 767 782 827
f 584 766 764
f 584 764 541
f 762 766 584
f 762 767 766
f 783 758 539
f 539 769 783
f 780 769 539
f 768 780 539
f 587 759 589
f 759 758 783
f 589 759 783
f 771 770 590
f 783 769 780
f 785 589 783
f 770 589 785
f 773 772 585
f 589 773 587
f 770 773 589
f 770 771 772
f 770 772 773
f 768 539 756
f 774 758 583
f 774 583 540
f 539 758 774
f 756 539 774
f 775 540 751
f 747 540 775
f 775 739 747
f 591 753 779
f 752 753 591
f 776 751 752
f 777 752 591
f 776 752 777
f 739 775 751
f 739 751 776
f 777 591 779
f 538 777 779
f 538 778 738
f 538 779 778
f 779 738 778
f 581 538 741
f 776 581 739
f 777 538 581
f 776 777 581
f 780 768 592
f 785 782 826
f 785 783 782
f 783 780 592
f 783 592 781
f 782 783 781
f 812 590 784
f 590 811 784
f 590 770 785
f 590 785 811
f 788 594 799
f 787 789 788
f 789 594 788
f 594 808 595
f 798 595 790
f 542 790 796
f 542 798 790
f 542 796 596
f 543 596 597
f 792 597 793
f 792 793 791
f 792 902 597
f 793 597 596
f 598 793 596
f 796 598 596
f 797 542 596
f 543 797 596
f 599 797 543
f 794 599 543
f 794 631 599
f 796 795 598
f 600 796 790
f 601 795 600
f 795 796 600
f 542 797 798
f 603 604 798
f 603 798 797
f 603 605 604
f 602 899 802
f 903 899 602
f 599 603 797
f 903 602 603
f 602 605 603
f 604 799 594
f 798 594 595
f 798 604 594
f 605 800 801
f 602 800 605
f 602 802 800
f 817 801 606
f 788 801 817
f 788 799 801
f 799 604 605
f 799 605 801
f 800 606 801
f 800 609 606
f 807 600 790
f 807 790 595
f 600 607 894
f 600 894 601
f 544 607 608
f 803 608 607
f 544 608 893
f 800 608 609
f 802 608 800
f 893 608 802
f 805 804 607
f 600 805 607
f 808 806 610
f 807 610 805
f 807 805 600
f 808 610 807
f 595 808 807
f 804 610 824
f 804 805 610
f 809 789 806
f 808 809 806
f 809 594 789
f 808 594 809
f 611 814 810
f 611 810 816
f 806 789 611
f 789 814 611
f 765 811 785
f 765 785 826
f 810 813 811
f 813 812 811
f 812 784 811
f 814 813 810
f 787 814 789
f 787 593 814
f 593 786 813
f 593 813 814
f 786 812 813
f 810 811 765
f 810 765 767
f 815 610 806
f 815 806 611
f 816 815 611
f 588 815 816
f 816 762 584
f 816 584 586
f 816 586 588
f 810 767 816
f 816 767 762
f 817 787 788
f 606 787 817
f 818 771 590
f 818 590 812
f 786 818 812
f 593 818 786
f 593 820 818
f 787 819 820
f 787 820 593
f 787 606 819
f 606 609 819
f 820 822 772
f 818 820 771
f 820 772 771
f 821 822 820
f 819 821 820
f 822 763 772
f 829 822 821
f 588 763 822
f 823 803 607
f 804 823 607
f 824 823 804
f 829 824 610
f 824 821 823
f 829 821 824
f 825 823 821
f 825 821 819
f 609 825 819
f 609 608 825
f 608 803 823
f 608 823 825
f 826 767 765
f 782 767 826
f 781 827 782
f 828 748 754
f 827 828 754
f 827 781 828
f 781 592 768
f 781 768 748
f 828 781 748
f 588 610 815
f 588 829 610
f 822 829 588
f 726 567 692
f 626 726 692
f 626 692 689
f 545 726 626
f 545 724 726
f 612 725 545
f 830 725 612
f 546 830 612
f 546 831 830
f 725 830 859
f 725 859 576
f 722 576 859
f 860 721 722
f 719 721 832
f 721 860 832
f 833 834 846
f 844 613 835
f 614 845 613
f 532 681 836
f 836 845 614
f 681 564 845
f 681 845 836
f 837 612 545
f 532 836 837
f 836 614 837
f 614 838 837
f 841 831 546
f 837 838 546
f 837 546 612
f 838 841 546
f 831 840 830
f 831 839 840
f 831 616 839
f 615 547 839
f 616 615 839
f 616 831 841
f 843 616 841
f 548 615 616
f 548 616 843
f 838 613 617
f 838 614 613
f 617 841 838
f 617 843 841
f 842 843 617
f 844 846 834
f 618 844 834
f 842 617 618
f 617 844 618
f 617 613 844
f 717 564 716
f 835 717 574
f 835 845 717
f 613 845 835
f 845 564 717
f 846 844 835
f 574 846 835
f 574 719 846
f 832 846 719
f 847 833 849
f 865 848 847
f 848 833 847
f 848 618 833
f 618 834 833
f 851 847 849
f 850 851 849
f 864 851 850
f 852 832 860
f 849 852 619
f 852 860 619
f 833 852 849
f 833 846 852
f 846 832 852
f 853 854 620
f 853 858 854
f 864 850 620
f 850 853 620
f 850 849 853
f 849 619 853
f 855 620 854
f 856 620 855
f 856 857 620
f 840 858 859
f 830 840 859
f 839 854 858
f 840 839 858
f 839 547 854
f 859 860 722
f 859 861 860
f 858 861 859
f 858 853 861
f 861 619 860
f 853 619 861
f 864 621 851
f 862 621 864
f 863 864 620
f 863 862 864
f 630 862 863
f 847 622 866
f 847 866 865
f 851 622 847
f 851 621 622
f 621 874 622
f 870 866 622
f 867 868 865
f 866 867 865
f 549 867 866
f 869 842 618
f 848 869 618
f 865 869 848
f 865 868 892
f 865 892 869
f 871 549 866
f 870 871 866
f 873 623 871
f 871 901 873
f 549 884 872
f 549 872 867
f 623 627 884
f 623 889 627
f 871 884 549
f 623 884 871
f 873 889 623
f 874 871 870
f 622 874 870
f 625 624 877
f 875 874 625
f 874 624 625
f 624 876 877
f 874 550 624
f 624 550 876
f 874 878 550
f 621 878 874
f 621 862 878
f 681 689 677
f 681 626 689
f 532 626 681
f 837 626 532
f 837 545 626
f 863 879 630
f 620 857 863
f 856 880 879
f 863 856 879
f 857 856 863
f 881 882 887
f 880 887 879
f 880 881 887
f 856 881 880
f 883 882 881
f 872 884 883
f 884 627 882
f 883 884 882
f 885 628 547
f 885 547 615
f 885 615 548
f 890 628 885
f 872 883 890
f 890 883 628
f 855 854 547
f 628 855 547
f 886 855 628
f 883 886 628
f 881 886 883
f 886 856 855
f 881 856 886
f 629 889 792
f 629 888 889
f 629 792 791
f 887 888 629
f 887 882 888
f 627 889 888
f 882 627 888
f 630 629 791
f 630 791 904
f 879 629 630
f 879 887 629
f 891 867 872
f 891 872 890
f 891 890 885
f 843 891 885
f 843 885 548
f 843 892 891
f 842 869 892
f 842 892 843
f 892 868 891
f 868 867 891
f 896 893 802
f 544 894 607
f 544 601 894
f 895 601 544
f 876 895 877
f 898 601 895
f 898 895 876
f 625 896 899
f 877 896 625
f 895 896 877
f 896 895 544
f 893 896 544
f 802 899 896
f 598 898 897
f 598 795 898
f 795 601 898
f 903 900 899
f 901 900 903
f 900 625 899
f 871 900 901
f 874 875 900
f 874 900 871
f 875 625 900
f 873 631 902
f 901 631 873
f 599 903 603
f 631 903 599
f 631 901 903
f 793 897 791
f 598 897 793
f 876 550 897
f 898 876 897
f 878 897 550
f 904 897 878
f 904 878 862
f 630 904 862
f 904 791 897
f 902 889 873
f 792 889 902
f 794 902 631
f 543 902 794
f 597 902 543
f 930 1060 999
f 1023 1000 930
f 905 1000 929
f 905 930 1000
f 929 1002 1001
f 1000 1002 929
f 1000 1028 1002
f 1004 1010 1003
f 1005 1004 1003
f 1001 1004 1005
f 1001 1005 931
f 1002 1004 1001
f 1002 1028 1004
f 932 1003 1010
f 1007 1003 932
f 1007 932 1006
f 1052 1005 1003
f 1052 1003 1007
f 1009 1013 1008
f 1019 1009 1008
f 906 1009 1019
f 1012 932 1011
f 932 1010 1011
f 1008 1013 1012
f 1013 1006 932
f 1012 1013 932
f 1014 1015 1016
f 1014 1024 1015
f 1017 1018 1016
f 1008 1012 1018
f 1008 1018 1017
f 1018 1014 1016
f 1012 1014 1018
f 1012 1011 1014
f 1019 1153 906
f 1017 1019 1008
f 1016 933 1017
f 1020 1153 1019
f 1017 1020 1019
f 933 1020 1017
f 934 1020 933
f 907 948 934
f 948 1182 934
f 1021 1016 1015
f 907 1016 1021
f 934 933 1016
f 934 1016 907
f 908 1015 1022
f 1021 1015 908
f 1024 930 999
f 1014 1023 1024
f 1023 930 1024
f 1022 1026 1025
f 1015 1024 1026
f 1015 1026 1022
f 1026 999 1025
f 1024 999 1026
f 1027 1004 1028
f 1014 1011 1027
f 1011 1010 1004
f 1011 1004 1027
f 1028 1000 1023
f 1014 1027 1028
f 1014 1028 1023
f 1006 1029 1007
f 1013 1009 1006
f 1006 1030 1029
f 1009 1030 1006
f 1009 906 1030
f 1031 1046 935
f 1041 1045 1031
f 1045 1046 1031
f 1033 1032 1038
f 1033 909 1032
f 1032 909 1034
f 936 1032 1034
f 1035 1032 936
f 1035 1038 1032
f 966 1036 906
f 1036 937 906
f 966 1034 1036
f 1034 909 1036
f 1037 935 1030
f 937 1037 1030
f 937 1030 906
f 1036 1037 937
f 909 1037 1036
f 1031 935 1037
f 909 1031 1037
f 938 910 1038
f 938 1038 1214
f 1039 910 938
f 1033 1041 1031
f 1033 1031 909
f 1040 1041 1033
f 1038 1040 1033
f 1040 1042 1041
f 910 1042 1040
f 910 1040 1038
f 910 1169 1042
f 939 1044 1043
f 1044 1046 1045
f 1044 1045 1043
f 1048 940 911
f 1047 1171 940
f 1048 1047 940
f 1048 1043 1045
f 1041 1048 1045
f 1041 941 1048
f 1042 941 1041
f 941 1047 1048
f 939 1049 1065
f 1043 1050 939
f 1048 1050 1043
f 1048 911 1050
f 1050 1049 939
f 942 935 1046
f 1007 1029 942
f 1029 1030 935
f 1029 935 942
f 943 945 1064
f 1046 945 942
f 1044 944 945
f 1044 945 1046
f 944 1064 945
f 1053 1005 1052
f 942 1052 1007
f 942 1053 1052
f 945 1053 942
f 945 943 1053
f 943 1055 1053
f 929 1054 905
f 929 946 1054
f 1001 946 929
f 943 1057 1055
f 943 1051 1057
f 1056 1057 1051
f 1058 1056 1062
f 1058 1059 1056
f 1059 1057 1056
f 1022 1058 1062
f 1022 1062 908
f 1025 999 1059
f 1058 1025 1059
f 1058 1022 1025
f 1060 1057 1059
f 1060 1059 999
f 930 905 1060
f 905 1057 1060
f 1054 1057 905
f 946 1055 1057
f 1054 946 1057
f 1061 1062 1063
f 1061 1063 907
f 1021 1061 907
f 908 1062 1061
f 908 1061 1021
f 947 948 1063
f 1182 948 947
f 948 907 1063
f 944 1063 1064
f 1044 1065 944
f 939 1065 1044
f 1065 947 1063
f 1065 1063 944
f 1065 1049 947
f 1066 1062 1056
f 1051 1066 1056
f 943 1066 1051
f 943 1064 1066
f 1066 1063 1062
f 1064 1063 1066
f 1067 1055 946
f 1001 1067 946
f 931 1067 1001
f 1005 1067 931
f 1005 1053 1067
f 1053 1055 1067
f 951 1068 1071
f 1071 1068 912
f 949 913 1069
f 1076 1069 1070
f 912 1069 1076
f 1073 1071 950
f 951 1073 950
f 951 1071 1073
f 950 1071 1074
f 1074 1071 1072
f 950 1132 1086
f 950 1241 1132
f 950 1086 1075
f 1074 1241 950
f 1074 1072 953
f 951 950 1075
f 1076 1070 1078
f 1072 1071 1076
f 1071 912 1076
f 1076 1078 952
f 1076 952 1072
f 1118 952 1077
f 952 953 1072
f 1118 953 952
f 1077 952 1078
f 954 1133 1077
f 1077 1078 954
f 954 1078 1070
f 954 1070 913
f 912 1068 1079
f 949 1069 912
f 912 1079 949
f 949 1079 913
f 1079 1085 913
f 1069 913 1070
f 1079 1068 951
f 1084 1085 1079
f 1085 954 913
f 1083 954 1085
f 954 1083 1081
f 1080 954 1081
f 1083 1082 1081
f 1082 1083 1075
f 951 1084 1079
f 951 1075 1084
f 1075 1083 1084
f 1083 1085 1084
f 1082 1086 1132
f 1082 1075 1086
f 1133 954 1080
f 955 1077 1133
f 1118 1077 955
f 1118 955 1087
f 955 1133 1087
f 961 1087 1117
f 962 1089 914
f 1088 962 914
f 1088 914 1090
f 1088 1090 1096
f 914 1092 1090
f 914 1091 1092
f 956 1092 1108
f 1093 1090 1092
f 1093 1092 956
f 1108 1093 956
f 1108 959 1093
f 1274 959 1108
f 1099 1094 915
f 1095 1096 1090
f 1093 1094 1095
f 1093 1095 1090
f 915 1094 1093
f 1123 1115 1096
f 1096 1095 1094
f 1123 1096 1101
f 1101 1097 1094
f 1096 1097 1101
f 1096 1094 1097
f 1099 1098 1094
f 915 1103 1099
f 1103 1100 1099
f 916 1126 958
f 1100 1143 1140
f 916 958 1100
f 1100 1098 1099
f 958 1098 1100
f 1098 1101 1094
f 1098 958 1101
f 1103 1093 959
f 1103 915 1093
f 1105 1102 959
f 1104 1102 1105
f 1274 1108 1106
f 960 1274 1106
f 1105 959 1274
f 1108 1107 1106
f 1108 1092 1107
f 1107 1109 1106
f 1107 1110 1109
f 1107 1111 1110
f 1111 1107 1112
f 1092 1091 1111
f 1111 1091 917
f 1112 1092 1111
f 1107 1092 1112
f 1114 1113 1091
f 1114 918 1113
f 1089 1141 1114
f 1091 1089 1114
f 914 1089 1091
f 1089 962 1141
f 1115 1088 1096
f 1115 1116 1088
f 1117 1116 1115
f 961 1117 1115
f 961 1118 1087
f 1119 1118 961
f 1119 953 1118
f 953 1119 1122
f 1123 1120 1121
f 1101 1120 1123
f 1120 1124 1121
f 1120 1136 1124
f 1101 958 1120
f 1122 1121 1124
f 1123 961 1115
f 1119 961 1123
f 1121 1119 1123
f 1119 1121 1122
f 962 1125 1140
f 916 1125 1126
f 1127 1087 1134
f 1126 1139 1127
f 1127 1117 1087
f 1139 1117 1127
f 1126 1128 1129
f 1126 1127 1128
f 963 1128 1127
f 1081 1130 1080
f 1081 963 1130
f 1082 963 1081
f 1128 1131 1137
f 1128 963 1131
f 963 1082 1132
f 963 1132 1131
f 1130 1133 1080
f 1134 963 1127
f 1130 963 1134
f 1087 1130 1134
f 1135 1130 1087
f 1133 1135 1087
f 1133 1130 1135
f 1136 1128 1137
f 1136 1129 1128
f 1136 1137 1131
f 958 1136 1120
f 958 1126 1136
f 1126 1129 1136
f 1138 1139 1126
f 1138 1126 1125
f 962 1138 1125
f 962 1139 1138
f 1088 1139 962
f 1088 1116 1139
f 1116 1117 1139
f 957 1100 1140
f 1125 1100 957
f 1125 957 1140
f 916 1100 1125
f 1141 918 1114
f 918 1141 962
f 1140 918 962
f 1145 1143 1142
f 918 1140 1145
f 1140 1143 1145
f 1142 1104 1144
f 1144 1145 1142
f 1144 1146 1145
f 918 1146 1113
f 1146 964 1113
f 918 1145 1146
f 1113 964 1147
f 1146 1148 964
f 1146 1144 1148
f 1149 1148 1144
f 1104 1149 1144
f 1149 1268 965
f 1268 1151 1150
f 1268 1149 1151
f 1104 1151 1149
f 1104 1105 1151
f 1100 1103 1143
f 1103 959 1143
f 959 1102 1142
f 959 1142 1143
f 1102 1104 1142
f 966 906 1153
f 1152 1153 1020
f 919 966 1153
f 1152 919 1153
f 1155 1154 1157
f 1035 936 1157
f 936 1155 1157
f 1034 1155 936
f 966 1155 1034
f 966 919 1155
f 967 1157 1154
f 1156 967 1154
f 1210 967 1156
f 968 1156 1185
f 1209 968 920
f 1209 1210 1156
f 1209 1156 968
f 1162 1159 1158
f 1159 1160 1158
f 969 1160 1159
f 1172 974 1160
f 969 1172 1160
f 1161 1159 1185
f 1159 968 1185
f 1162 920 968
f 1159 1162 968
f 969 1159 1161
f 1163 969 1161
f 921 969 1163
f 921 1172 969
f 971 921 970
f 1172 921 971
f 921 1170 970
f 973 970 1169
f 972 970 973
f 1164 972 1165
f 987 972 1164
f 1166 1164 1165
f 1167 1165 972
f 1167 1166 1165
f 1207 1243 1166
f 972 973 1167
f 1169 910 973
f 941 1169 970
f 1042 1169 941
f 1168 1171 1047
f 1168 1047 941
f 1170 1171 1168
f 941 1170 1168
f 970 1170 941
f 1170 921 1171
f 972 971 970
f 972 1172 971
f 974 1172 1173
f 1217 1160 974
f 1172 1174 1173
f 972 1175 1174
f 972 1174 1172
f 1176 1177 1171
f 1163 1176 1171
f 1163 1171 921
f 1161 1176 1163
f 975 1177 1176
f 975 922 1177
f 1178 1177 922
f 1179 1177 1178
f 1181 1179 1178
f 1181 940 1179
f 911 940 1181
f 940 1171 1177
f 940 1177 1179
f 1183 1181 1180
f 947 1183 1182
f 1183 1180 1182
f 1049 1183 947
f 1049 1050 1183
f 1050 1181 1183
f 1050 911 1181
f 934 1152 1020
f 1182 1184 1152
f 1182 1152 934
f 1180 1184 1182
f 1180 1181 1184
f 1184 1155 919
f 1184 919 1152
f 922 1155 1184
f 1178 1184 1181
f 1178 922 1184
f 922 1154 1155
f 1186 1185 1156
f 1154 1186 1156
f 922 1186 1154
f 922 975 1186
f 975 1176 1185
f 975 1185 1186
f 1176 1161 1185
f 1158 1160 1217
f 1217 976 1158
f 1219 976 1217
f 1187 1216 1219
f 1215 1216 1189
f 1189 920 1215
f 1243 1207 1188
f 977 1191 1190
f 977 1200 1191
f 977 1202 1192
f 1190 1202 977
f 1203 1196 1192
f 1202 1203 1192
f 1195 1193 1194
f 1195 1224 1193
f 1224 1196 1193
f 1199 1196 1203
f 1198 1199 1197
f 1198 1194 1199
f 1194 1193 1199
f 1193 1196 1199
f 1192 1200 977
f 1192 1201 1200
f 1196 1201 1192
f 1202 923 1203
f 978 1202 1190
f 978 979 1202
f 979 923 1202
f 1204 1189 1187
f 1204 1188 1189
f 978 1204 1187
f 1191 1204 978
f 1190 1191 978
f 1191 1243 1204
f 1243 1188 1204
f 1205 1187 1219
f 1206 1187 1205
f 924 1206 1205
f 979 1206 924
f 923 979 924
f 978 1187 1206
f 979 978 1206
f 1166 1208 1207
f 1167 1208 1166
f 1167 980 1208
f 1208 1189 1188
f 1208 1188 1207
f 980 1189 1208
f 1212 1210 1209
f 1211 1209 920
f 1189 1211 920
f 980 1209 1211
f 980 1211 1189
f 980 1212 1209
f 1213 967 1210
f 1213 1210 1212
f 938 1213 1212
f 938 1212 1039
f 1214 1213 938
f 1038 1035 1214
f 1214 1157 967
f 1214 967 1213
f 1035 1157 1214
f 1215 920 1162
f 1158 1215 1162
f 1158 1216 1215
f 976 1216 1158
f 1219 1216 976
f 1187 1189 1216
f 981 1039 1212
f 981 1212 980
f 1167 981 980
f 1167 973 981
f 973 1039 981
f 973 910 1039
f 1218 1217 982
f 924 1205 1218
f 1219 1217 1218
f 1205 1219 1218
f 1220 924 1218
f 984 1228 1220
f 1228 925 1220
f 982 1220 1218
f 1221 1220 982
f 984 1220 1221
f 983 1223 1226
f 984 1221 983
f 1221 1223 983
f 1174 1222 1223
f 1174 1223 1221
f 1224 1223 1222
f 1224 1226 1223
f 1196 1224 1222
f 1195 1226 1224
f 1222 1174 1175
f 1200 1222 987
f 1201 1222 1200
f 1196 1222 1201
f 1273 984 1272
f 1225 984 1273
f 1225 1227 984
f 984 985 1272
f 984 983 985
f 983 1226 985
f 1173 1174 1221
f 982 1173 1221
f 1217 974 1173
f 982 1217 1173
f 1228 984 1227
f 1225 926 1227
f 926 1228 1227
f 1229 925 1228
f 1228 1230 1229
f 926 1230 1228
f 926 1235 1230
f 1235 1231 1230
f 1232 1229 1230
f 1233 1229 1232
f 924 1233 923
f 924 1220 1233
f 1220 925 1233
f 925 1229 1233
f 923 1199 1203
f 923 1232 1199
f 1233 1232 923
f 1232 1234 1197
f 1232 1197 1199
f 1232 1230 1234
f 1234 991 1197
f 1231 1234 1230
f 1231 991 1234
f 1231 1249 991
f 1235 926 986
f 997 1237 1236
f 927 1237 997
f 927 986 1237
f 1238 1236 1237
f 926 1237 986
f 926 1238 1237
f 926 1225 1238
f 927 1239 986
f 927 1271 1239
f 953 1240 1074
f 1122 1240 953
f 1240 1241 1074
f 1122 1241 1240
f 1122 1124 1241
f 1136 1241 1124
f 1131 1241 1136
f 1131 1132 1241
f 1242 1191 1200
f 1164 1166 1242
f 1243 1191 1242
f 1166 1243 1242
f 987 1164 1242
f 987 1242 1200
f 1222 1175 987
f 1175 972 987
f 1244 1226 1195
f 985 1226 1244
f 1245 1246 928
f 1244 1246 1245
f 1244 1253 1246
f 988 928 1247
f 993 1259 988
f 989 1251 990
f 988 1247 989
f 988 989 1248
f 1247 1251 989
f 1249 1235 986
f 1249 1231 1235
f 1239 1250 986
f 1250 1249 986
f 1251 1250 990
f 1249 1250 1251
f 1252 1249 1251
f 991 1249 1252
f 1246 1247 928
f 1253 1247 1246
f 1252 1251 1253
f 1251 1247 1253
f 1255 991 1252
f 1254 1255 1252
f 1198 1255 1254
f 1198 1197 1255
f 1197 991 1255
f 1256 1195 1194
f 1254 1256 1194
f 1254 1194 1198
f 1252 1253 1256
f 1252 1256 1254
f 1244 1195 1256
f 1253 1244 1256
f 1257 1239 1271
f 1269 1257 1271
f 990 1250 1239
f 1257 990 1239
f 989 990 1257
f 992 1267 1258
f 1248 992 988
f 989 992 1248
f 989 1269 992
f 1269 1267 992
f 1266 993 1109
f 1259 1266 1109
f 1262 1236 1260
f 998 1260 1261
f 998 1262 1260
f 1261 1109 1110
f 1260 994 1261
f 1261 1259 1109
f 994 1259 1261
f 1263 928 994
f 1260 1263 994
f 1265 1263 1260
f 1259 994 928
f 988 1259 928
f 1263 1265 1264
f 1244 1245 1264
f 1244 1264 985
f 1245 928 1264
f 928 1263 1264
f 1236 1265 1260
f 1266 1259 993
f 1258 993 988
f 1258 988 992
f 1150 993 1258
f 1268 1150 1267
f 1150 1258 1267
f 1150 1151 993
f 1269 1268 1267
f 1269 965 1268
f 1257 1269 989
f 1271 995 1269
f 995 965 1269
f 996 1270 1148
f 965 995 996
f 1147 964 1270
f 997 1147 1270
f 1262 1147 997
f 965 1148 1149
f 965 996 1148
f 1148 1270 964
f 997 1236 1262
f 996 997 1270
f 1271 927 997
f 996 1271 997
f 995 1271 996
f 1273 1272 985
f 1265 985 1264
f 1236 1273 1265
f 1273 985 1265
f 1236 1238 1273
f 1238 1225 1273
f 993 1106 1109
f 993 960 1106
f 1151 960 993
f 1274 960 1151
f 1274 1151 1105
f 917 1261 1110
f 998 1261 917
f 1147 1262 998
f 1113 1147 998
f 917 1113 998
f 1111 917 1110
f 1091 1113 917
f 1406 1400 1301
f 1385 1377 1376
f 1302 1379 1378
f 1303 1412 1302
f 1412 1379 1302
f 1303 1302 1380
f 1408 1304 1381
f 1380 1304 1408
f 1387 1305 1382
f 1387 1382 1383
f 1382 1275 1381
f 1305 1275 1382
f 1304 1380 1302
f 1376 1304 1302
f 1377 1304 1376
f 1382 1381 1304
f 1382 1304 1377
f 1382 1384 1383
f 1384 1385 1383
f 1377 1384 1382
f 1377 1385 1384
f 1385 1410 1383
f 1307 1383 1410
f 1386 1307 1306
f 1386 1387 1383
f 1386 1383 1307
f 1391 1397 1389
f 1390 1388 1306
f 1307 1390 1306
f 1390 1308 1388
f 1308 1391 1388
f 1308 1397 1391
f 1276 1393 1392
f 1276 1389 1393
f 1459 1395 1394
f 1392 1395 1459
f 1392 1393 1395
f 1395 1389 1397
f 1393 1389 1395
f 1309 1407 1396
f 1306 1396 1386
f 1388 1396 1306
f 1388 1309 1396
f 1389 1309 1388
f 1391 1389 1388
f 1389 1276 1309
f 1310 1397 1308
f 1310 1399 1397
f 1398 1308 1390
f 1398 1310 1308
f 1401 1310 1398
f 1400 1310 1401
f 1401 1307 1410
f 1401 1410 1400
f 1398 1390 1307
f 1398 1307 1401
f 1403 1404 1402
f 1403 1402 1277
f 1399 1310 1404
f 1405 1402 1404
f 1310 1405 1404
f 1310 1400 1405
f 1402 1406 1316
f 1405 1406 1402
f 1400 1406 1405
f 1305 1407 1275
f 1305 1396 1407
f 1305 1386 1396
f 1387 1386 1305
f 1408 1381 1275
f 1408 1275 1407
f 1435 1408 1407
f 1414 1408 1435
f 1414 1436 1408
f 1409 1376 1301
f 1400 1409 1301
f 1410 1409 1400
f 1410 1376 1409
f 1385 1376 1410
f 1418 1379 1412
f 1411 1414 1413
f 1312 1415 1413
f 1312 1413 1414
f 1313 1415 1312
f 1313 1278 1415
f 1315 1420 1419
f 1415 1315 1419
f 1415 1278 1315
f 1314 1315 1278
f 1420 1277 1416
f 1277 1402 1416
f 1316 1416 1402
f 1417 1316 1406
f 1379 1418 1417
f 1418 1416 1316
f 1417 1418 1316
f 1311 1418 1412
f 1311 1416 1418
f 1413 1311 1412
f 1413 1412 1411
f 1415 1419 1311
f 1415 1311 1413
f 1419 1416 1311
f 1419 1420 1416
f 1317 1420 1315
f 1424 1421 1317
f 1421 1277 1420
f 1317 1421 1420
f 1318 1317 1315
f 1314 1318 1315
f 1422 1318 1314
f 1422 1423 1318
f 1425 1424 1317
f 1318 1425 1317
f 1423 1425 1318
f 1423 1426 1425
f 1425 1426 1424
f 1313 1314 1278
f 1319 1314 1313
f 1319 1313 1432
f 1319 1422 1314
f 1428 1422 1319
f 1279 1428 1319
f 1427 1428 1279
f 1321 1428 1427
f 1431 1427 1279
f 1492 1427 1431
f 1492 1321 1427
f 1321 1339 1428
f 1322 1504 1320
f 1504 1321 1320
f 1492 1429 1321
f 1429 1322 1320
f 1429 1320 1321
f 1429 1475 1322
f 1279 1430 1431
f 1319 1430 1279
f 1432 1433 1430
f 1319 1432 1430
f 1433 1432 1313
f 1433 1313 1312
f 1433 1312 1414
f 1276 1430 1433
f 1434 1435 1407
f 1309 1434 1407
f 1433 1309 1276
f 1434 1309 1433
f 1414 1434 1433
f 1414 1435 1434
f 1436 1303 1380
f 1436 1412 1303
f 1408 1436 1380
f 1414 1411 1436
f 1411 1412 1436
f 1376 1437 1301
f 1302 1437 1376
f 1302 1378 1437
f 1437 1417 1406
f 1437 1406 1301
f 1378 1417 1437
f 1378 1379 1417
f 1441 1439 1438
f 1441 1438 1330
f 1439 1455 1280
f 1442 1456 1439
f 1324 1440 1441
f 1441 1442 1439
f 1440 1442 1441
f 1440 1456 1442
f 1323 1281 1324
f 1323 1324 1441
f 1327 1281 1443
f 1444 1443 1281
f 1325 1444 1281
f 1325 1446 1444
f 1446 1325 1445
f 1443 1446 1326
f 1281 1327 1532
f 1326 1327 1443
f 1326 1342 1327
f 1349 1342 1326
f 1447 1324 1281
f 1324 1448 1440
f 1447 1511 1324
f 1511 1448 1324
f 1448 1454 1440
f 1281 1323 1325
f 1325 1328 1445
f 1445 1328 1283
f 1451 1283 1328
f 1323 1330 1328
f 1325 1323 1328
f 1441 1330 1323
f 1454 1329 1440
f 1329 1456 1440
f 1329 1284 1456
f 1283 1451 1329
f 1450 1453 1330
f 1449 1451 1328
f 1449 1453 1451
f 1449 1328 1330
f 1453 1449 1330
f 1450 1439 1280
f 1452 1438 1439
f 1450 1452 1439
f 1330 1452 1450
f 1330 1438 1452
f 1453 1284 1329
f 1453 1329 1451
f 1450 1280 1453
f 1280 1284 1453
f 1283 1457 1509
f 1283 1329 1457
f 1329 1454 1457
f 1455 1284 1280
f 1439 1456 1455
f 1456 1284 1455
f 1457 1454 1448
f 1394 1458 1460
f 1394 1460 1459
f 1397 1399 1394
f 1397 1394 1395
f 1399 1458 1394
f 1506 1460 1458
f 1285 1460 1506
f 1285 1331 1460
f 1506 1458 1461
f 1426 1461 1424
f 1285 1462 1331
f 1494 1462 1285
f 1494 1465 1462
f 1331 1459 1460
f 1287 1459 1331
f 1287 1507 1459
f 1507 1392 1459
f 1462 1463 1287
f 1462 1287 1331
f 1465 1463 1462
f 1332 1333 1464
f 1332 1465 1333
f 1484 1466 1464
f 1480 1468 1466
f 1467 1475 1332
f 1466 1332 1464
f 1466 1467 1332
f 1468 1467 1466
f 1468 1470 1467
f 1288 1469 1481
f 1471 1289 1470
f 1468 1471 1470
f 1469 1471 1468
f 1469 1334 1471
f 1472 1504 1322
f 1473 1289 1472
f 1474 1472 1289
f 1471 1474 1289
f 1334 1474 1471
f 1473 1470 1289
f 1473 1467 1470
f 1322 1473 1472
f 1475 1467 1473
f 1322 1475 1473
f 1334 1476 1290
f 1334 1469 1288
f 1334 1288 1476
f 1476 1478 1477
f 1476 1477 1290
f 1476 1479 1478
f 1288 1479 1476
f 1335 1469 1468
f 1335 1468 1480
f 1481 1469 1335
f 1335 1288 1481
f 1482 1335 1480
f 1485 1482 1487
f 1605 1482 1485
f 1490 1335 1482
f 1482 1483 1487
f 1480 1483 1482
f 1480 1466 1483
f 1466 1484 1483
f 1483 1484 1336
f 1356 1485 1487
f 1356 1605 1485
f 1487 1483 1336
f 1487 1336 1486
f 1337 1487 1486
f 1488 1478 1479
f 1335 1479 1288
f 1335 1488 1479
f 1335 1489 1488
f 1488 1489 1478
f 1489 1291 1576
f 1490 1291 1489
f 1335 1490 1489
f 1482 1605 1490
f 1429 1492 1465
f 1332 1429 1465
f 1475 1429 1332
f 1463 1431 1491
f 1463 1491 1287
f 1465 1492 1463
f 1492 1431 1463
f 1336 1494 1286
f 1484 1493 1336
f 1464 1493 1484
f 1464 1333 1493
f 1493 1494 1336
f 1333 1494 1493
f 1333 1465 1494
f 1337 1336 1286
f 1337 1286 1495
f 1497 1337 1495
f 1486 1336 1337
f 1497 1496 1337
f 1500 1497 1495
f 1497 1502 1496
f 1500 1502 1497
f 1502 1498 1496
f 1505 1500 1495
f 1505 1499 1500
f 1426 1499 1505
f 1499 1501 1500
f 1426 1501 1499
f 1426 1423 1501
f 1502 1500 1339
f 1321 1502 1339
f 1504 1502 1321
f 1504 1498 1502
f 1503 1337 1496
f 1338 1496 1498
f 1559 1496 1338
f 1559 1503 1496
f 1503 1487 1337
f 1498 1472 1338
f 1498 1504 1472
f 1500 1501 1339
f 1501 1422 1428
f 1501 1428 1339
f 1423 1422 1501
f 1285 1426 1505
f 1285 1461 1426
f 1495 1286 1505
f 1286 1285 1505
f 1494 1285 1286
f 1506 1461 1285
f 1491 1507 1287
f 1431 1430 1507
f 1431 1507 1491
f 1430 1392 1507
f 1430 1276 1392
f 1508 1404 1403
f 1508 1399 1404
f 1421 1403 1277
f 1421 1508 1403
f 1424 1508 1421
f 1424 1461 1508
f 1508 1458 1399
f 1461 1458 1508
f 1283 1509 1445
f 1510 1282 1340
f 1341 1340 1282
f 1516 1340 1341
f 1512 1448 1511
f 1282 1512 1341
f 1282 1448 1512
f 1513 1516 1514
f 1516 1341 1514
f 1341 1533 1514
f 1533 1341 1512
f 1511 1533 1512
f 1447 1533 1511
f 1342 1514 1327
f 1513 1515 1516
f 1513 1514 1342
f 1292 1515 1513
f 1343 1515 1292
f 1293 1516 1515
f 1343 1293 1515
f 1517 1292 1522
f 1343 1292 1517
f 1517 1344 1518
f 1517 1522 1344
f 1520 1344 1522
f 1519 1522 1292
f 1510 1340 1523
f 1523 1516 1293
f 1340 1516 1523
f 1345 1343 1517
f 1345 1293 1343
f 1524 1345 1517
f 1513 1521 1292
f 1525 1521 1513
f 1342 1525 1513
f 1526 1521 1529
f 1526 1529 1528
f 1519 1292 1526
f 1292 1521 1526
f 1346 1522 1519
f 1346 1519 1526
f 1520 1522 1346
f 1639 1347 1520
f 1639 1520 1346
f 1374 1347 1639
f 1527 1639 1346
f 1527 1294 1639
f 1346 1542 1527
f 1346 1348 1542
f 1526 1528 1346
f 1528 1348 1346
f 1530 1531 1529
f 1531 1528 1529
f 1295 1531 1530
f 1295 1528 1531
f 1349 1326 1530
f 1525 1529 1521
f 1349 1525 1342
f 1349 1530 1529
f 1349 1529 1525
f 1532 1533 1447
f 1281 1532 1447
f 1327 1514 1532
f 1514 1533 1532
f 1510 1523 1535
f 1510 1535 1534
f 1345 1350 1535
f 1523 1293 1345
f 1523 1345 1535
f 1536 1295 1530
f 1536 1537 1295
f 1350 1537 1536
f 1351 1295 1537
f 1352 1351 1537
f 1548 1352 1539
f 1548 1541 1352
f 1541 1538 1352
f 1540 1548 1539
f 1540 1539 1556
f 1518 1540 1556
f 1353 1548 1540
f 1296 1546 1541
f 1352 1538 1351
f 1541 1544 1538
f 1348 1295 1351
f 1542 1351 1538
f 1542 1348 1351
f 1528 1295 1348
f 1543 1538 1635
f 1543 1542 1538
f 1544 1635 1538
f 1294 1543 1635
f 1294 1527 1543
f 1527 1542 1543
f 1541 1545 1544
f 1546 1545 1541
f 1643 1546 1296
f 1547 1636 1545
f 1547 1545 1546
f 1296 1541 1353
f 1541 1548 1353
f 1353 1550 1549
f 1354 1296 1549
f 1643 1296 1354
f 1296 1353 1549
f 1550 1354 1549
f 1551 1550 1555
f 1551 1552 1550
f 1552 1354 1550
f 1347 1554 1344
f 1347 1344 1520
f 1553 1554 1347
f 1518 1344 1554
f 1550 1554 1553
f 1550 1553 1555
f 1353 1554 1550
f 1353 1540 1554
f 1540 1518 1554
f 1355 1555 1553
f 1347 1355 1553
f 1355 1649 1555
f 1517 1518 1556
f 1517 1556 1524
f 1539 1524 1556
f 1539 1537 1524
f 1352 1537 1539
f 1345 1524 1350
f 1524 1537 1350
f 1535 1557 1534
f 1350 1536 1535
f 1536 1530 1326
f 1535 1536 1326
f 1535 1326 1557
f 1446 1443 1444
f 1534 1446 1445
f 1557 1446 1534
f 1557 1326 1446
f 1510 1445 1509
f 1510 1534 1445
f 1558 1509 1457
f 1448 1558 1457
f 1282 1558 1448
f 1282 1509 1558
f 1282 1510 1509
f 1560 1503 1559
f 1356 1503 1560
f 1356 1487 1503
f 1565 1560 1559
f 1565 1297 1560
f 1561 1356 1560
f 1297 1561 1560
f 1298 1561 1563
f 1562 1357 1369
f 1563 1357 1562
f 1563 1564 1357
f 1564 1358 1357
f 1359 1564 1563
f 1359 1563 1561
f 1359 1561 1297
f 1567 1564 1359
f 1598 1567 1359
f 1359 1565 1598
f 1359 1297 1565
f 1598 1290 1566
f 1567 1598 1566
f 1361 1589 1569
f 1568 1361 1583
f 1590 1589 1361
f 1568 1590 1361
f 1362 1361 1569
f 1571 1583 1361
f 1571 1361 1362
f 1570 1583 1571
f 1586 1572 1574
f 1570 1571 1586
f 1571 1362 1572
f 1571 1572 1586
f 1362 1569 1573
f 1362 1573 1572
f 1569 1575 1573
f 1363 1576 1291
f 1364 1577 1363
f 1577 1576 1363
f 1577 1579 1576
f 1579 1489 1576
f 1489 1579 1478
f 1579 1577 1578
f 1577 1573 1575
f 1577 1575 1578
f 1365 1580 1364
f 1581 1574 1365
f 1574 1580 1365
f 1574 1572 1580
f 1580 1577 1364
f 1572 1573 1580
f 1573 1577 1580
f 1582 1583 1584
f 1583 1570 1584
f 1570 1585 1584
f 1585 1570 1586
f 1299 1585 1586
f 1588 1587 1477
f 1478 1579 1588
f 1478 1588 1477
f 1579 1578 1587
f 1579 1587 1588
f 1575 1569 1587
f 1578 1575 1587
f 1366 1589 1566
f 1290 1366 1566
f 1290 1477 1366
f 1477 1587 1366
f 1587 1589 1366
f 1587 1569 1589
f 1590 1566 1589
f 1594 1358 1590
f 1564 1567 1566
f 1564 1566 1590
f 1358 1564 1590
f 1591 1358 1594
f 1367 1358 1591
f 1367 1357 1358
f 1592 1634 1367
f 1591 1592 1367
f 1591 1630 1592
f 1595 1594 1590
f 1595 1590 1568
f 1595 1591 1594
f 1596 1372 1595
f 1372 1591 1595
f 1597 1596 1595
f 1568 1597 1595
f 1583 1597 1568
f 1597 1582 1596
f 1583 1582 1597
f 1598 1565 1474
f 1598 1474 1334
f 1290 1598 1334
f 1634 1369 1357
f 1634 1357 1367
f 1599 1369 1634
f 1368 1369 1599
f 1633 1600 1599
f 1633 1370 1600
f 1370 1601 1600
f 1368 1581 1365
f 1602 1368 1365
f 1368 1602 1369
f 1599 1600 1368
f 1603 1365 1364
f 1563 1603 1298
f 1562 1603 1563
f 1562 1602 1603
f 1369 1602 1562
f 1602 1365 1603
f 1604 1363 1291
f 1298 1603 1604
f 1603 1363 1604
f 1603 1364 1363
f 1561 1298 1356
f 1298 1604 1356
f 1604 1490 1605
f 1604 1605 1356
f 1604 1291 1490
f 1581 1371 1299
f 1581 1299 1586
f 1574 1581 1586
f 1581 1368 1371
f 1368 1600 1371
f 1606 1371 1600
f 1606 1600 1601
f 1606 1622 1371
f 1622 1299 1371
f 1370 1608 1601
f 1607 1608 1370
f 1601 1608 1609
f 1300 1615 1611
f 1609 1611 1610
f 1608 1611 1609
f 1300 1611 1608
f 1622 1584 1585
f 1612 1584 1622
f 1610 1623 1609
f 1610 1612 1622
f 1610 1622 1623
f 1610 1613 1612
f 1612 1582 1584
f 1613 1582 1612
f 1613 1593 1582
f 1593 1596 1582
f 1613 1610 1611
f 1614 1593 1613
f 1372 1593 1614
f 1372 1596 1593
f 1611 1614 1613
f 1615 1614 1611
f 1615 1372 1614
f 1615 1650 1372
f 1620 1650 1615
f 1618 1615 1300
f 1618 1620 1615
f 1619 1608 1607
f 1617 1619 1616
f 1617 1608 1619
f 1618 1300 1617
f 1300 1608 1617
f 1618 1621 1620
f 1622 1585 1299
f 1606 1623 1622
f 1601 1609 1623
f 1601 1623 1606
f 1625 1627 1373
f 1627 1551 1373
f 1551 1624 1373
f 1624 1649 1626
f 1551 1627 1552
f 1607 1624 1626
f 1619 1607 1626
f 1619 1626 1616
f 1607 1370 1373
f 1607 1373 1624
f 1632 1627 1625
f 1628 1627 1632
f 1631 1630 1591
f 1629 1630 1631
f 1629 1628 1630
f 1630 1628 1632
f 1625 1373 1370
f 1633 1625 1370
f 1633 1632 1625
f 1633 1599 1634
f 1592 1633 1634
f 1630 1632 1633
f 1630 1633 1592
f 1360 1472 1474
f 1360 1338 1472
f 1565 1360 1474
f 1565 1559 1360
f 1559 1338 1360
f 1635 1544 1545
f 1648 1635 1545
f 1648 1294 1635
f 1640 1637 1648
f 1637 1374 1648
f 1640 1648 1636
f 1621 1618 1640
f 1637 1638 1374
f 1374 1294 1648
f 1639 1294 1374
f 1355 1374 1638
f 1374 1355 1347
f 1617 1637 1640
f 1617 1640 1618
f 1616 1637 1617
f 1626 1637 1616
f 1649 1637 1626
f 1640 1646 1621
f 1375 1636 1547
f 1641 1642 1628
f 1641 1628 1629
f 1354 1642 1643
f 1354 1552 1642
f 1641 1643 1642
f 1546 1641 1547
f 1546 1643 1641
f 1644 1627 1628
f 1642 1644 1628
f 1642 1552 1644
f 1552 1627 1644
f 1547 1641 1645
f 1547 1645 1375
f 1641 1629 1645
f 1646 1620 1621
f 1375 1646 1636
f 1375 1647 1646
f 1647 1620 1646
f 1647 1650 1620
f 1375 1650 1647
f 1645 1650 1375
f 1650 1645 1629
f 1636 1646 1640
f 1648 1545 1636
f 1649 1624 1551
f 1555 1649 1551
f 1638 1649 1355
f 1638 1637 1649
f 1631 1650 1629
f 1631 1591 1650
f 1591 1372 1650
f 1675 1844 1763
f 1763 1844 1676
f 1678 1676 1844
f 1764 1676 1678
f 1765 1677 1836
f 1651 1677 1765
f 1801 1678 1677
f 1765 1679 1651
f 1765 1832 1679
f 1836 1832 1765
f 1651 1679 1766
f 1651 1766 1767
f 1767 1783 1799
f 1767 1768 1783
f 1767 1680 1768
f 1652 1680 1767
f 1680 1653 1768
f 1769 1796 1771
f 1769 1653 1796
f 1769 1771 1773
f 1783 1768 1769
f 1783 1769 1770
f 1768 1653 1769
f 1681 1682 1771
f 1772 1771 1796
f 1681 1771 1772
f 1682 1773 1771
f 1774 1775 1773
f 1774 1773 1682
f 1777 1775 1774
f 1683 1776 1980
f 1980 1776 1720
f 1777 1774 1980
f 1774 1682 1683
f 1774 1683 1980
f 1778 1682 1681
f 1721 1776 1688
f 1776 1683 1688
f 1683 1682 1778
f 1688 1683 1778
f 1780 1811 1779
f 1782 1780 1779
f 1784 1780 1782
f 1775 1654 1784
f 1654 1708 1780
f 1784 1654 1780
f 1777 1781 1654
f 1777 1654 1775
f 1684 1781 1777
f 1770 1782 1779
f 1770 1779 1783
f 1773 1770 1769
f 1773 1784 1782
f 1773 1782 1770
f 1773 1775 1784
f 1685 1681 1772
f 1785 1795 1681
f 1785 1681 1685
f 1788 1785 1686
f 1788 1686 1787
f 1795 1785 1788
f 1789 1785 1786
f 1686 1785 1789
f 1894 1790 1686
f 1790 1787 1686
f 1791 1786 1687
f 1792 1830 1687
f 1792 1687 1786
f 1785 1792 1786
f 1793 1889 1792
f 1794 1788 1787
f 1899 1794 1709
f 1899 1688 1794
f 1795 1788 1794
f 1688 1795 1794
f 1795 1778 1681
f 1795 1688 1778
f 1785 1796 1793
f 1785 1793 1792
f 1785 1685 1796
f 1796 1653 1793
f 1685 1772 1796
f 1680 1793 1653
f 1652 1793 1680
f 1890 1889 1793
f 1652 1890 1793
f 1799 1797 1689
f 1799 1689 1767
f 1783 1779 1797
f 1783 1797 1799
f 1800 1797 1798
f 1689 1797 1800
f 1801 1689 1800
f 1651 1689 1801
f 1677 1651 1801
f 1651 1767 1689
f 1802 1803 1764
f 1678 1802 1764
f 1801 1802 1678
f 1804 1764 1803
f 1806 1804 1803
f 1805 1806 1803
f 1806 1690 1804
f 1690 1655 1804
f 1807 1808 1676
f 1807 1676 1764
f 1804 1807 1764
f 1804 1655 1807
f 1655 1808 1807
f 1692 1803 1802
f 1692 1691 1803
f 1800 1692 1802
f 1800 1802 1801
f 1800 1691 1692
f 1798 1691 1800
f 1805 1809 1806
f 1691 1805 1803
f 1691 1810 1805
f 1656 1810 1691
f 1810 1809 1805
f 1656 1828 1810
f 1812 1656 1811
f 1828 1656 1812
f 1691 1811 1656
f 1691 1798 1811
f 1779 1811 1798
f 1797 1779 1798
f 1813 1890 1652
f 1767 1813 1652
f 1766 1813 1767
f 1815 1813 1814
f 1694 1815 1814
f 1657 1815 1694
f 1815 1890 1813
f 1693 1814 1823
f 1694 1814 1693
f 1694 1693 1825
f 1831 1694 1826
f 1831 1657 1694
f 1690 1806 1816
f 1695 1690 1816
f 1817 1690 1695
f 1696 1690 1817
f 1696 1655 1690
f 1696 1818 1655
f 1819 1818 1696
f 1817 1819 1696
f 1819 1820 1818
f 1819 1841 1820
f 1821 1841 1819
f 1817 1821 1819
f 1821 1822 1841
f 1821 1824 1822
f 1817 1695 1824
f 1817 1824 1821
f 1695 1816 1823
f 1695 1823 1824
f 1816 1693 1823
f 1825 1693 1816
f 1809 1816 1806
f 1825 1816 1809
f 1810 1825 1809
f 1828 1825 1810
f 1826 1694 1825
f 1828 1826 1825
f 1828 1831 1826
f 1697 1812 1892
f 1831 1828 1827
f 1828 1812 1697
f 1827 1828 1697
f 1830 1831 1827
f 1830 1827 1697
f 1687 1829 1697
f 1687 1697 1791
f 1829 1830 1697
f 1687 1830 1829
f 1830 1657 1831
f 1823 1814 1835
f 1698 1824 1823
f 1698 1823 1835
f 1835 1834 1698
f 1813 1835 1814
f 1766 1834 1835
f 1766 1835 1813
f 1766 1679 1834
f 1832 1833 1834
f 1679 1832 1834
f 1836 1833 1832
f 1845 1837 1836
f 1837 1833 1836
f 1837 1838 1833
f 1833 1839 1842
f 1838 1839 1833
f 1824 1841 1822
f 1698 1840 1841
f 1698 1841 1824
f 1834 1842 1840
f 1834 1840 1698
f 1834 1833 1842
f 1840 1843 1700
f 1840 1842 1843
f 1843 1842 1839
f 1845 1836 1677
f 1845 1677 1678
f 1844 1845 1678
f 1846 1844 1675
f 1846 1845 1844
f 1837 1846 1838
f 1837 1845 1846
f 1699 1846 1675
f 1838 1846 1699
f 1839 1838 1699
f 1700 1699 1675
f 1700 1675 1847
f 1843 1699 1700
f 1843 1839 1699
f 1847 1848 1849
f 1675 1848 1847
f 1808 1763 1676
f 1849 1848 1808
f 1848 1763 1808
f 1848 1675 1763
f 1818 1808 1655
f 1849 1818 1820
f 1849 1808 1818
f 1847 1849 1820
f 1850 1840 1700
f 1820 1700 1847
f 1820 1850 1700
f 1841 1840 1850
f 1820 1841 1850
f 1855 1878 1701
f 1878 1702 1851
f 1852 1888 1851
f 1851 1702 1852
f 1852 1702 1853
f 1865 1853 1703
f 1702 1703 1853
f 1702 1704 1703
f 1702 1878 1854
f 1878 1855 1854
f 1883 1857 1856
f 1883 1856 1658
f 1855 1658 1854
f 1658 1856 1854
f 1857 1883 1705
f 1858 1857 1705
f 1704 1702 1854
f 1704 1854 1856
f 1859 1659 1704
f 1659 1860 1704
f 1981 1860 1659
f 1660 1971 1981
f 1659 1862 1660
f 1659 1660 1981
f 1703 1861 1865
f 1704 1861 1703
f 1860 1861 1704
f 1862 1859 1864
f 1862 1659 1859
f 1867 1862 1863
f 1862 1858 1863
f 1862 1864 1858
f 1864 1859 1704
f 1864 1704 1856
f 1857 1864 1856
f 1858 1864 1857
f 1870 1866 1853
f 1865 1870 1853
f 1706 1866 1870
f 1869 1866 1661
f 1706 1979 1661
f 1706 1661 1866
f 1979 1867 1661
f 1979 1868 1867
f 1868 1736 1867
f 1853 1866 1852
f 1866 1888 1852
f 1872 1870 1876
f 1871 1877 1873
f 1871 1872 1877
f 1871 1706 1872
f 1706 1870 1872
f 1875 1662 1873
f 1973 1875 1874
f 1662 1875 1973
f 1662 1973 1967
f 1875 1873 1874
f 1873 1877 1874
f 1876 1877 1872
f 1865 1861 1876
f 1865 1876 1870
f 1879 1878 1851
f 1663 1878 1879
f 1863 1858 1880
f 1880 1881 1879
f 1881 1885 1879
f 1882 1701 1879
f 1882 1855 1701
f 1664 1855 1882
f 1658 1855 1664
f 1658 1884 1883
f 1658 1664 1884
f 1886 1885 1881
f 1884 1885 1886
f 1883 1884 1886
f 1664 1885 1884
f 1882 1885 1664
f 1882 1879 1885
f 1883 1886 1705
f 1878 1663 1701
f 1663 1879 1701
f 1880 1705 1886
f 1881 1880 1886
f 1880 1858 1705
f 1887 1880 1879
f 1888 1887 1879
f 1851 1888 1879
f 1888 1866 1887
f 1866 1869 1887
f 1869 1867 1880
f 1869 1880 1887
f 1661 1867 1869
f 1867 1863 1880
f 1657 1890 1815
f 1830 1890 1657
f 1830 1891 1890
f 1830 1792 1891
f 1891 1889 1890
f 1792 1889 1891
f 1708 1811 1780
f 1708 1812 1811
f 1707 1708 1654
f 1892 1708 1707
f 1892 1812 1708
f 1946 1707 1893
f 1894 1893 1945
f 1894 1686 1893
f 1789 1946 1893
f 1686 1789 1893
f 1789 1786 1946
f 1894 1710 1709
f 1945 1710 1894
f 1944 1942 1710
f 1896 1899 1895
f 1896 1895 1942
f 1897 1711 1896
f 1897 1896 1730
f 1712 1939 1711
f 1712 1711 1897
f 1898 1939 1712
f 1711 1899 1896
f 1713 1899 1711
f 1938 1713 1711
f 1714 1917 1938
f 1900 1714 1938
f 1900 1906 1714
f 1907 1906 1900
f 1722 1907 1900
f 1714 1906 1912
f 1901 1905 1715
f 1665 1717 1902
f 1717 1903 1902
f 1716 1902 1904
f 1902 1905 1904
f 1905 1717 1715
f 1902 1903 1905
f 1903 1717 1905
f 1666 1715 1717
f 1665 1666 1717
f 1901 1912 1906
f 1901 1906 1905
f 1908 1906 1907
f 1911 1908 1907
f 1759 1904 1911
f 1904 1908 1911
f 1905 1906 1908
f 1904 1905 1908
f 1910 1907 1722
f 1910 1911 1907
f 1909 1910 1722
f 1909 1911 1910
f 2021 1911 1909
f 1915 1913 1715
f 1912 1913 1915
f 1912 1901 1913
f 1901 1715 1913
f 1916 1915 1715
f 1666 1916 1715
f 1666 1718 1916
f 1914 1727 1718
f 1914 1718 1666
f 1720 1915 1916
f 1776 1915 1720
f 1776 1719 1915
f 1719 1912 1915
f 1718 1731 1720
f 1718 1720 1916
f 1688 1917 1721
f 1899 1713 1917
f 1899 1917 1688
f 1713 1938 1917
f 1912 1721 1917
f 1912 1917 1714
f 1912 1719 1721
f 1719 1776 1721
f 1722 1900 1728
f 1918 1722 1728
f 1919 1722 1918
f 1923 1722 1919
f 1918 1723 1920
f 1918 1920 1919
f 1939 1898 1918
f 1918 1898 1723
f 1929 1919 1920
f 1929 1725 1919
f 1724 1725 1929
f 1724 1921 1725
f 1725 1921 1922
f 1909 1725 1922
f 1909 1923 1725
f 1722 1923 1909
f 1923 1919 1725
f 1924 1724 1726
f 1921 1724 1924
f 2023 1921 1924
f 1925 1726 1724
f 2010 1667 1925
f 1667 1726 1925
f 1667 1926 1726
f 1928 1929 1762
f 1929 1927 1762
f 1925 1928 2010
f 1925 1929 1928
f 1724 1929 1925
f 1929 1920 1927
f 1931 1930 1933
f 1927 1931 1932
f 1927 1723 1931
f 1920 1723 1927
f 1723 1930 1931
f 1723 1898 1930
f 1933 1932 1931
f 1666 1933 1935
f 1666 1665 1933
f 1933 1934 1932
f 1665 1934 1933
f 1914 1936 1727
f 1666 1935 1914
f 1935 1936 1914
f 1935 1933 1936
f 1933 1930 1936
f 1898 1937 1936
f 1898 1936 1930
f 1898 1712 1937
f 1712 1897 1937
f 1938 1728 1900
f 1711 1728 1938
f 1939 1918 1728
f 1711 1939 1728
f 1940 1896 1942
f 1730 1896 1940
f 1729 1730 1940
f 1941 1730 1729
f 1941 1897 1730
f 1937 1897 1941
f 1943 1731 1718
f 1729 1943 1718
f 1729 1718 1727
f 1937 1941 1727
f 1937 1727 1936
f 1941 1729 1727
f 1943 1942 1731
f 1729 1940 1943
f 1940 1942 1943
f 1732 1944 1710
f 1944 1731 1942
f 1732 1710 1945
f 1709 1895 1899
f 1790 1794 1787
f 1790 1709 1794
f 1894 1709 1790
f 1710 1942 1895
f 1710 1895 1709
f 1733 1945 1893
f 1733 1732 1945
f 1707 1733 1893
f 1707 1781 1733
f 1654 1781 1707
f 1781 1732 1733
f 1781 1684 1732
f 1946 1786 1791
f 1697 1892 1791
f 1892 1946 1791
f 1892 1707 1946
f 1735 1867 1736
f 1735 1862 1867
f 1660 1862 1735
f 1734 1735 1736
f 1734 1660 1735
f 1738 1734 1736
f 1978 1738 1736
f 1871 1947 1978
f 1873 1662 1871
f 1662 1965 1947
f 1871 1662 1947
f 1737 1947 1965
f 1738 1947 1737
f 1978 1947 1738
f 1949 1970 1948
f 1734 1738 1948
f 1738 1737 1949
f 1738 1949 1948
f 1952 1970 1950
f 1739 1970 1952
f 1739 1969 1970
f 1740 1969 1739
f 1950 1970 1949
f 1951 1952 1950
f 1955 1962 1954
f 1955 1951 1962
f 1955 1952 1951
f 1954 1953 1955
f 1957 1956 1741
f 1742 1741 1953
f 1742 2020 1741
f 1953 1741 1956
f 1953 1956 1955
f 1743 1956 1958
f 1966 1956 1743
f 1955 1956 1966
f 1958 1744 1743
f 1959 1953 1954
f 1960 1745 1959
f 1960 1961 1746
f 1960 1963 1961
f 2025 1961 1976
f 2025 1746 1961
f 1959 1745 1953
f 2014 1960 1746
f 2029 2014 1746
f 2014 1745 1960
f 1962 1963 1960
f 1954 1962 1960
f 1954 1960 1959
f 1962 1951 1963
f 1963 1965 1964
f 1951 1950 1963
f 1950 1965 1963
f 1965 1949 1737
f 1950 1949 1965
f 1739 1966 1743
f 1952 1966 1739
f 1952 1955 1966
f 1744 1739 1743
f 1968 1739 1744
f 1739 1968 1747
f 1739 1747 1740
f 1968 1967 1747
f 1660 1734 1971
f 1734 1948 1971
f 1970 1969 1971
f 1948 1970 1971
f 1971 1969 1740
f 1972 1971 1740
f 1972 1981 1971
f 1740 1747 1972
f 1973 1874 1972
f 1747 1973 1972
f 1747 1967 1973
f 1744 1974 1968
f 1958 1974 1744
f 2026 1974 1958
f 1668 1974 2026
f 1668 1975 1974
f 1668 1976 1975
f 1668 2025 1976
f 1977 1662 1967
f 1975 1977 1967
f 1968 1975 1967
f 1974 1975 1968
f 1964 1961 1963
f 1964 1662 1961
f 1965 1662 1964
f 1978 1706 1871
f 1978 1736 1706
f 1736 1979 1706
f 1736 1868 1979
f 1684 1731 1944
f 1684 1944 1732
f 1684 1720 1731
f 1777 1980 1684
f 1980 1720 1684
f 1982 1981 1972
f 1877 1982 1972
f 1877 1972 1874
f 1876 1982 1877
f 1861 1982 1876
f 1861 1860 1981
f 1861 1981 1982
f 1984 1761 1983
f 1911 1983 1759
f 1911 1984 1983
f 1985 1984 1911
f 1983 1987 1986
f 1988 1748 1986
f 2019 1748 1988
f 1990 1989 1749
f 1990 1749 1748
f 2006 1749 1989
f 1990 1748 2019
f 1669 1989 1990
f 1991 1990 2019
f 1991 1750 1990
f 1672 1992 1754
f 1672 1670 1992
f 1754 1992 1671
f 1670 1994 1992
f 1993 1994 1995
f 1669 1990 1750
f 1995 1669 1750
f 1994 1670 1995
f 1995 1670 1669
f 1994 1671 1992
f 1993 1751 1994
f 1752 1994 1751
f 1671 1994 1752
f 1752 1996 1671
f 1752 1958 1996
f 1958 1956 1957
f 1958 1957 1996
f 1671 1673 1754
f 1673 1671 1997
f 1671 1996 1997
f 1996 1957 1997
f 1753 1997 1761
f 1998 1673 1997
f 1998 1997 1753
f 1997 1999 1761
f 2028 2020 1999
f 1997 2028 1999
f 1754 2000 2004
f 1754 2004 1672
f 1673 1998 1754
f 1998 2000 1754
f 2002 2001 1674
f 2002 1924 2001
f 2023 1924 2002
f 1924 2003 2001
f 1924 1726 2003
f 2000 2002 2004
f 1755 2002 2000
f 2022 1755 2000
f 1755 2023 2002
f 2004 1674 2005
f 1672 2005 1670
f 1672 2004 2005
f 2004 2002 1674
f 2005 1989 1669
f 2005 1669 1670
f 1674 1989 2005
f 1674 2006 1989
f 1756 2006 1674
f 2001 1756 1674
f 2003 1756 2001
f 1926 1756 2003
f 1726 1926 2003
f 1756 1749 2006
f 1756 1757 1749
f 2007 1757 1756
f 1926 2007 1756
f 1667 2007 1926
f 2010 1758 2008
f 2007 2010 2009
f 2010 2008 2009
f 1667 2010 2007
f 1748 2011 1986
f 1749 2011 1748
f 1749 1757 2011
f 1757 2007 2011
f 2007 2009 2011
f 2013 1716 2012
f 2011 2009 2012
f 2009 2013 2012
f 2009 2008 2013
f 2008 1758 2013
f 2012 1716 1904
f 1759 2012 1904
f 1983 2012 1759
f 1983 1986 2012
f 1986 2011 2012
f 1750 2014 1995
f 1991 2014 1750
f 1760 1953 1745
f 1760 1742 1953
f 1760 1745 2014
f 1991 1760 2014
f 1760 2015 2017
f 1760 2017 1742
f 1991 2015 1760
f 1999 2018 2017
f 1999 2017 2016
f 1999 2020 2018
f 2016 2019 1988
f 2016 2015 2019
f 2017 2015 2016
f 2015 1991 2019
f 2016 1987 1999
f 2016 1986 1987
f 1988 1986 2016
f 2017 2020 1742
f 2018 2020 2017
f 1761 1987 1983
f 1999 1987 1761
f 1985 1761 1984
f 2022 1761 1985
f 1753 1761 2022
f 2022 2000 1753
f 2000 1998 1753
f 2021 2022 1985
f 1911 2021 1985
f 1922 2021 1909
f 2023 1755 2022
f 2021 2023 2022
f 2021 1921 2023
f 1922 1921 2021
f 2024 1762 1927
f 2024 1927 1932
f 2024 1932 1934
f 1902 2024 1934
f 1902 1934 1665
f 1716 2024 1902
f 1716 1762 2024
f 2013 1762 1716
f 1758 1762 2013
f 1758 1928 1762
f 1758 2010 1928
f 1662 1977 1975
f 1976 1662 1975
f 1961 1662 1976
f 1751 2025 1668
f 1993 2025 1751
f 2026 1751 1668
f 1752 2026 1958
f 1752 1751 2026
f 2027 1741 2020
f 2027 1957 1741
f 2028 2027 2020
f 1997 1957 2028
f 2028 1957 2027
f 2025 1993 1746
f 1993 2029 1746
f 1993 1995 2029
f 1995 2014 2029
f 2066 2057 2134
f 2141 2136 2135
f 2058 2169 2135
f 2196 2135 2136
f 2058 2135 2196
f 2165 2141 2137
f 2138 2141 2165
f 2138 2136 2141
f 2059 2139 2140
f 2059 2137 2139
f 2142 2141 2135
f 2142 2135 2166
f 2030 2139 2142
f 2030 2142 2166
f 2139 2137 2141
f 2139 2141 2142
f 2140 2060 2146
f 2143 2060 2140
f 2139 2143 2140
f 2030 2143 2139
f 2145 2146 2060
f 2145 2060 2144
f 2149 2147 2145
f 2144 2149 2145
f 2148 2149 2144
f 2148 2153 2149
f 2148 2157 2153
f 2150 2061 2063
f 2152 2154 2061
f 2151 2152 2061
f 2153 2157 2062
f 2063 2154 2062
f 2063 2062 2225
f 2154 2153 2062
f 2063 2061 2154
f 2154 2152 2153
f 2156 2155 2164
f 2147 2164 2145
f 2147 2156 2164
f 2149 2156 2147
f 2153 2152 2156
f 2153 2156 2149
f 2152 2151 2156
f 2065 2157 2148
f 2064 2065 2148
f 2064 2280 2065
f 2159 2160 2158
f 2159 2064 2160
f 2160 2144 2060
f 2064 2148 2160
f 2148 2144 2160
f 2280 2162 2279
f 2280 2064 2162
f 2159 2161 2162
f 2064 2159 2162
f 2159 2066 2161
f 2159 2057 2066
f 2158 2057 2159
f 2164 2155 2163
f 2059 2164 2163
f 2146 2164 2059
f 2140 2146 2059
f 2145 2164 2146
f 2165 2137 2059
f 2163 2165 2059
f 2155 2165 2163
f 2171 2138 2165
f 2167 2166 2057
f 2158 2167 2057
f 2160 2167 2158
f 2160 2060 2167
f 2060 2143 2167
f 2143 2030 2167
f 2030 2166 2167
f 2031 2169 2058
f 2031 2058 2168
f 2170 2171 2172
f 2173 2176 2170
f 2172 2173 2170
f 2195 2173 2172
f 2193 2174 2173
f 2193 2173 2195
f 2174 2176 2173
f 2177 2175 2176
f 2032 2177 2176
f 2174 2032 2176
f 2032 2033 2181
f 2032 2181 2177
f 2178 2162 2161
f 2180 2178 2175
f 2180 2162 2178
f 2197 2161 2066
f 2197 2178 2161
f 2031 2178 2197
f 2179 2031 2168
f 2179 2178 2031
f 2170 2179 2168
f 2179 2175 2178
f 2176 2175 2179
f 2176 2179 2170
f 2182 2180 2175
f 2181 2175 2177
f 2181 2182 2175
f 2182 2162 2180
f 2068 2033 2032
f 2183 2068 2032
f 2185 2068 2183
f 2186 2067 2185
f 2185 2067 2068
f 2033 2182 2181
f 2069 2228 2182
f 2069 2182 2033
f 2068 2069 2033
f 2034 2069 2068
f 2067 2034 2068
f 2034 2035 2069
f 2183 2032 2174
f 2070 2183 2174
f 2070 2174 2193
f 2184 2186 2070
f 2070 2185 2183
f 2186 2185 2070
f 2187 2275 2186
f 2187 2186 2184
f 2036 2275 2187
f 2071 2187 2184
f 2071 2184 2037
f 2071 2036 2187
f 2188 2275 2036
f 2189 2188 2036
f 2190 2189 2036
f 2189 2072 2188
f 2071 2191 2036
f 2191 2190 2036
f 2184 2073 2037
f 2184 2070 2073
f 2070 2193 2192
f 2070 2192 2073
f 2195 2192 2193
f 2074 2195 2172
f 2194 2074 2172
f 2151 2061 2195
f 2151 2195 2074
f 2061 2150 2195
f 2150 2192 2195
f 2194 2155 2156
f 2074 2156 2151
f 2074 2194 2156
f 2172 2155 2194
f 2171 2155 2172
f 2171 2165 2155
f 2196 2168 2058
f 2138 2196 2136
f 2171 2196 2138
f 2170 2168 2196
f 2171 2170 2196
f 2134 2057 2166
f 2166 2135 2134
f 2197 2066 2134
f 2134 2198 2197
f 2135 2169 2198
f 2135 2198 2134
f 2198 2031 2197
f 2169 2031 2198
f 2078 2214 2200
f 2204 2075 2200
f 2217 2201 2202
f 2222 2201 2217
f 2204 2201 2075
f 2203 2201 2204
f 2217 2202 2203
f 2203 2202 2201
f 2038 2077 2203
f 2204 2038 2203
f 2204 2205 2038
f 2205 2323 2038
f 2206 2323 2205
f 2206 2207 2323
f 2323 2208 2298
f 2038 2323 2298
f 2298 2209 2038
f 2291 2284 2209
f 2038 2210 2077
f 2203 2077 2211
f 2203 2211 2217
f 2077 2210 2211
f 2300 2211 2210
f 2300 2094 2211
f 2205 2213 2206
f 2205 2204 2213
f 2206 2214 2220
f 2206 2213 2214
f 2215 2281 2220
f 2215 2039 2281
f 2204 2214 2213
f 2216 2200 2214
f 2204 2216 2214
f 2204 2200 2216
f 2212 2217 2211
f 2092 2218 2217
f 2092 2217 2212
f 2092 2219 2218
f 2199 2219 2078
f 2200 2199 2078
f 2220 2078 2039
f 2220 2039 2215
f 2220 2214 2078
f 2221 2075 2201
f 2221 2201 2199
f 2200 2075 2221
f 2200 2221 2199
f 2219 2039 2078
f 2199 2218 2219
f 2199 2201 2218
f 2076 2218 2201
f 2201 2222 2076
f 2222 2217 2218
f 2222 2218 2076
f 2324 2219 2092
f 2223 2219 2324
f 2281 2039 2223
f 2223 2039 2219
f 2157 2280 2224
f 2062 2224 2225
f 2157 2224 2062
f 2065 2280 2157
f 2079 2225 2224
f 2227 2079 2224
f 2079 2226 2225
f 2231 2230 2226
f 2231 2226 2079
f 2228 2079 2227
f 2182 2228 2227
f 2035 2228 2069
f 2035 2229 2228
f 2229 2231 2079
f 2229 2079 2228
f 2080 2230 2231
f 2261 2080 2231
f 2261 2233 2080
f 2232 2233 2261
f 2226 2063 2225
f 2040 2234 2226
f 2234 2063 2226
f 2233 2260 2040
f 2230 2040 2226
f 2080 2233 2230
f 2233 2040 2230
f 2232 2235 2233
f 2233 2259 2260
f 2237 2235 2081
f 2236 2235 2237
f 2236 2259 2235
f 2259 2233 2235
f 2082 2238 2236
f 2082 2236 2237
f 2041 2238 2082
f 2239 2246 2190
f 2238 2239 2236
f 2238 2240 2239
f 2240 2246 2239
f 2083 2241 2240
f 2252 2240 2238
f 2083 2240 2252
f 2240 2084 2042
f 2241 2084 2240
f 2245 2084 2241
f 2242 2243 2189
f 2042 2243 2242
f 2084 2244 2243
f 2084 2243 2042
f 2245 2244 2084
f 2119 2398 2244
f 2245 2119 2244
f 2042 2246 2240
f 2242 2246 2042
f 2189 2246 2242
f 2190 2246 2189
f 2249 2248 2247
f 2250 2248 2249
f 2085 2250 2249
f 2245 2085 2119
f 2245 2250 2085
f 2086 2345 2248
f 2250 2086 2248
f 2250 2251 2086
f 2245 2241 2251
f 2245 2251 2250
f 2241 2083 2251
f 2087 2083 2252
f 2041 2252 2238
f 2087 2252 2041
f 2043 2083 2087
f 2254 2041 2253
f 2254 2087 2041
f 2255 2254 2253
f 2370 2254 2255
f 2043 2087 2254
f 2041 2088 2253
f 2041 2082 2088
f 2237 2089 2088
f 2082 2237 2088
f 2255 2253 2044
f 2256 2255 2044
f 2370 2255 2256
f 2044 2088 2089
f 2044 2089 2257
f 2264 2044 2257
f 2044 2253 2088
f 2090 2345 2086
f 2251 2090 2086
f 2043 2251 2083
f 2043 2090 2251
f 2258 2090 2043
f 2346 2345 2090
f 2090 2258 2346
f 2043 2254 2258
f 2258 2370 2372
f 2254 2370 2258
f 2239 2259 2236
f 2239 2191 2259
f 2190 2191 2239
f 2260 2071 2037
f 2260 2037 2040
f 2191 2071 2260
f 2259 2191 2260
f 2081 2261 2089
f 2237 2081 2089
f 2081 2235 2261
f 2235 2232 2261
f 2263 2089 2261
f 2263 2261 2262
f 2264 2257 2263
f 2257 2089 2263
f 2091 2264 2263
f 2091 2266 2264
f 2265 2091 2263
f 2265 2263 2262
f 2270 2091 2265
f 2270 2271 2091
f 2271 2266 2091
f 2278 2267 2265
f 2278 2265 2262
f 2277 2268 2267
f 2035 2034 2268
f 2035 2268 2277
f 2268 2269 2267
f 2034 2269 2268
f 2188 2270 2265
f 2188 2271 2270
f 2072 2271 2188
f 2189 2273 2271
f 2189 2271 2072
f 2272 2045 2266
f 2045 2264 2266
f 2045 2044 2264
f 2272 2398 2045
f 2266 2273 2272
f 2271 2273 2266
f 2273 2243 2272
f 2273 2189 2243
f 2274 2275 2188
f 2274 2188 2265
f 2267 2274 2265
f 2269 2274 2267
f 2067 2276 2274
f 2269 2067 2274
f 2034 2067 2269
f 2276 2186 2275
f 2276 2275 2274
f 2067 2186 2276
f 2278 2277 2267
f 2261 2231 2262
f 2231 2229 2035
f 2231 2035 2277
f 2262 2231 2277
f 2262 2277 2278
f 2073 2234 2040
f 2037 2073 2040
f 2234 2150 2063
f 2073 2192 2234
f 2192 2150 2234
f 2182 2279 2162
f 2182 2227 2279
f 2227 2224 2280
f 2227 2280 2279
f 2283 2281 2325
f 2207 2206 2283
f 2206 2281 2283
f 2206 2220 2281
f 2093 2283 2282
f 2099 2283 2093
f 2094 2093 2282
f 2094 2212 2211
f 2282 2092 2094
f 2092 2212 2094
f 2300 2286 2094
f 2300 2285 2286
f 2285 2046 2286
f 2047 2286 2046
f 2047 2094 2286
f 2093 2094 2047
f 2095 2288 2048
f 2096 2046 2048
f 2047 2046 2096
f 2046 2095 2048
f 2048 2288 2320
f 2287 2316 2288
f 2285 2095 2046
f 2288 2095 2285
f 2293 2288 2285
f 2093 2047 2289
f 2096 2289 2047
f 2291 2290 2285
f 2291 2285 2284
f 2291 2292 2290
f 2293 2292 2296
f 2293 2285 2292
f 2292 2285 2290
f 2296 2288 2293
f 2287 2288 2296
f 2294 2287 2296
f 2050 2287 2294
f 2294 2049 2050
f 2049 2295 2050
f 2097 2401 2294
f 2297 2308 2097
f 2296 2297 2097
f 2296 2097 2294
f 2296 2098 2297
f 2098 2296 2292
f 2303 2098 2208
f 2102 2098 2303
f 2098 2298 2208
f 2299 2298 2098
f 2299 2209 2298
f 2299 2098 2292
f 2299 2292 2291
f 2209 2299 2291
f 2209 2300 2210
f 2209 2210 2038
f 2209 2301 2300
f 2284 2301 2209
f 2284 2300 2301
f 2284 2285 2300
f 2093 2302 2099
f 2093 2289 2302
f 2304 2305 2303
f 2100 2303 2305
f 2320 2312 2306
f 2310 2101 2306
f 2307 2310 2306
f 2309 2100 2101
f 2101 2131 2309
f 2102 2100 2308
f 2102 2303 2100
f 2308 2297 2102
f 2297 2098 2102
f 2309 2308 2100
f 2401 2308 2309
f 2097 2308 2401
f 2310 2311 2131
f 2310 2131 2101
f 2103 2310 2307
f 2310 2105 2311
f 2104 2105 2310
f 2315 2306 2312
f 2315 2312 2314
f 2307 2306 2315
f 2051 2314 2312
f 2106 2315 2314
f 2313 2314 2051
f 2313 2106 2314
f 2050 2316 2287
f 2050 2317 2316
f 2312 2320 2288
f 2312 2288 2316
f 2051 2312 2317
f 2312 2316 2317
f 2317 2318 2313
f 2317 2313 2051
f 2050 2318 2317
f 2050 2295 2318
f 2319 2320 2306
f 2096 2319 2321
f 2048 2319 2096
f 2048 2320 2319
f 2305 2096 2321
f 2101 2321 2319
f 2101 2319 2306
f 2101 2305 2321
f 2100 2305 2101
f 2302 2305 2304
f 2096 2305 2302
f 2289 2096 2302
f 2302 2322 2099
f 2302 2304 2322
f 2304 2208 2322
f 2304 2303 2208
f 2208 2323 2207
f 2099 2208 2207
f 2322 2208 2099
f 2099 2207 2283
f 2324 2281 2223
f 2324 2325 2281
f 2092 2282 2324
f 2282 2283 2324
f 2283 2325 2324
f 2256 2045 2326
f 2256 2044 2045
f 2397 2052 2326
f 2371 2256 2326
f 2052 2371 2326
f 2327 2371 2052
f 2369 2371 2327
f 2328 2107 2120
f 2327 2107 2328
f 2327 2329 2107
f 2329 2108 2107
f 2109 2329 2327
f 2109 2327 2052
f 2053 2329 2109
f 2053 2397 2119
f 2109 2397 2053
f 2109 2052 2397
f 2111 2330 2110
f 2053 2330 2111
f 2331 2112 2332
f 2112 2113 2332
f 2114 2332 2113
f 2114 2113 2333
f 2335 2331 2332
f 2335 2332 2114
f 2334 2351 2331
f 2334 2331 2335
f 2338 2336 2349
f 2334 2335 2338
f 2335 2114 2336
f 2335 2336 2338
f 2114 2333 2337
f 2114 2337 2336
f 2333 2339 2337
f 2342 2258 2372
f 2343 2258 2342
f 2340 2341 2342
f 2341 2343 2342
f 2343 2346 2258
f 2346 2344 2345
f 2343 2341 2344
f 2343 2344 2346
f 2341 2337 2339
f 2341 2339 2344
f 2348 2115 2347
f 2349 2115 2348
f 2115 2341 2340
f 2336 2337 2115
f 2336 2115 2349
f 2337 2341 2115
f 2350 2351 2352
f 2351 2334 2352
f 2334 2353 2352
f 2353 2334 2338
f 2054 2353 2338
f 2354 2333 2113
f 2345 2355 2248
f 2345 2344 2354
f 2345 2354 2355
f 2339 2333 2354
f 2344 2339 2354
f 2110 2113 2112
f 2247 2110 2330
f 2249 2247 2330
f 2249 2330 2085
f 2247 2355 2110
f 2248 2355 2247
f 2354 2113 2110
f 2355 2354 2110
f 2356 2111 2110
f 2356 2110 2112
f 2360 2112 2331
f 2356 2112 2360
f 2108 2329 2111
f 2108 2111 2356
f 2329 2053 2111
f 2108 2356 2360
f 2357 2108 2360
f 2116 2108 2357
f 2116 2107 2108
f 2357 2117 2116
f 2357 2392 2117
f 2392 2395 2117
f 2408 2118 2359
f 2118 2357 2359
f 2358 2359 2360
f 2359 2357 2360
f 2361 2381 2358
f 2331 2358 2360
f 2331 2361 2358
f 2351 2361 2331
f 2351 2350 2361
f 2085 2053 2119
f 2330 2053 2085
f 2117 2120 2107
f 2117 2107 2116
f 2396 2120 2117
f 2362 2120 2396
f 2364 2365 2363
f 2364 2363 2362
f 2394 2365 2364
f 2366 2348 2347
f 2367 2366 2347
f 2362 2366 2367
f 2362 2367 2120
f 2363 2366 2362
f 2368 2115 2340
f 2327 2368 2369
f 2328 2368 2327
f 2328 2367 2368
f 2120 2367 2328
f 2367 2115 2368
f 2367 2347 2115
f 2369 2342 2372
f 2368 2342 2369
f 2368 2340 2342
f 2256 2371 2370
f 2371 2369 2370
f 2369 2372 2370
f 2121 2385 2054
f 2121 2054 2338
f 2349 2121 2338
f 2348 2121 2349
f 2348 2366 2121
f 2366 2363 2121
f 2363 2385 2121
f 2386 2385 2363
f 2386 2363 2365
f 2373 2386 2365
f 2374 2373 2365
f 2126 2374 2365
f 2373 2376 2375
f 2373 2374 2376
f 2055 2409 2378
f 2375 2378 2377
f 2375 2377 2387
f 2376 2378 2375
f 2055 2378 2376
f 2379 2352 2353
f 2380 2352 2379
f 2377 2380 2379
f 2377 2379 2387
f 2377 2381 2380
f 2380 2350 2352
f 2381 2350 2380
f 2381 2361 2350
f 2381 2377 2378
f 2359 2381 2122
f 2359 2358 2381
f 2122 2408 2359
f 2378 2122 2381
f 2409 2122 2378
f 2409 2408 2122
f 2382 2409 2055
f 2382 2123 2409
f 2384 2376 2374
f 2383 2384 2374
f 2382 2384 2383
f 2382 2055 2376
f 2382 2376 2384
f 2123 2382 2407
f 2382 2125 2407
f 2379 2353 2054
f 2385 2379 2054
f 2373 2375 2386
f 2386 2387 2379
f 2386 2379 2385
f 2375 2387 2386
f 2128 2390 2124
f 2128 2124 2383
f 2126 2388 2389
f 2391 2390 2128
f 2391 2128 2388
f 2411 2390 2391
f 2388 2313 2391
f 2388 2126 2313
f 2126 2127 2313
f 2389 2388 2128
f 2374 2389 2128
f 2374 2128 2383
f 2374 2126 2389
f 2129 2392 2357
f 2129 2393 2395
f 2129 2395 2392
f 2395 2130 2127
f 2395 2393 2130
f 2394 2126 2365
f 2127 2126 2394
f 2395 2127 2394
f 2364 2362 2396
f 2395 2396 2117
f 2395 2394 2396
f 2394 2364 2396
f 2398 2272 2243
f 2398 2243 2244
f 2397 2398 2119
f 2326 2045 2398
f 2326 2398 2397
f 2399 2401 2309
f 2399 2309 2131
f 2407 2125 2400
f 2125 2382 2400
f 2382 2403 2400
f 2400 2403 2402
f 2403 2295 2402
f 2403 2411 2295
f 2400 2049 2401
f 2400 2401 2399
f 2402 2049 2400
f 2049 2294 2401
f 2049 2402 2295
f 2383 2403 2382
f 2124 2390 2383
f 2390 2403 2383
f 2390 2411 2403
f 2404 2407 2400
f 2404 2400 2399
f 2406 2104 2310
f 2406 2310 2405
f 2404 2104 2406
f 2133 2393 2129
f 2132 2133 2129
f 2315 2133 2307
f 2106 2133 2315
f 2310 2132 2405
f 2310 2103 2132
f 2103 2133 2132
f 2103 2307 2133
f 2106 2127 2130
f 2133 2130 2393
f 2133 2106 2130
f 2106 2313 2127
f 2406 2056 2404
f 2132 2129 2405
f 2056 2407 2404
f 2123 2407 2409
f 2407 2408 2409
f 2407 2056 2408
f 2129 2406 2405
f 2129 2410 2406
f 2406 2408 2056
f 2410 2408 2406
f 2404 2105 2104
f 2399 2131 2404
f 2311 2105 2404
f 2131 2311 2404
f 2318 2391 2313
f 2411 2391 2318
f 2295 2411 2318
f 2118 2408 2410
f 2129 2118 2410
f 2357 2118 2129
f 2605 2604 2417
f 2706 2605 2417
f 2606 2706 2417
f 2607 2606 2417
f 2616 2606 2607
f 2418 2419 2608
f 3066 2608 2419
f 2420 2609 2610
f 2421 2422 2610
f 2421 2610 2609
f 2729 2420 2610
f 2611 2729 2610
f 2611 2610 2422
f 2728 2729 2611
f 2613 2614 2612
f 2615 2612 2614
f 2615 2614 2423
f 2424 2425 2618
f 2618 2425 2619
f 3105 2619 2621
f 3105 2620 2619
f 2617 2619 2425
f 2469 2621 2617
f 2621 2619 2617
f 2414 2622 2426
f 3044 2427 2623
f 3131 2624 2625
f 3056 2625 2624
f 3065 2428 2624
f 2615 3084 2429
f 2430 2726 2626
f 2627 2626 2431
f 2432 2626 2627
f 2432 2430 2626
f 2629 2412 2913
f 2913 2412 2628
f 2913 2628 2433
f 2430 2432 2434
f 2721 2434 2686
f 2686 2434 2630
f 2631 3113 3123
f 2435 3123 3113
f 2436 2633 2997
f 2632 2633 2436
f 3086 2437 2635
f 2634 2635 2437
f 3001 2635 2634
f 2636 2637 2438
f 2439 2438 2637
f 3039 2637 2636
f 3039 2439 2637
f 2641 2645 2440
f 2441 2642 2643
f 2644 2643 2642
f 2985 2643 2644
f 2750 2645 2443
f 2443 2645 2442
f 2444 2442 2645
f 2647 3120 2646
f 2643 2650 2441
f 2649 2441 2650
f 2649 2650 2648
f 2446 2648 2650
f 2445 2648 2446
f 2444 2612 2615
f 3103 2444 2615
f 3102 2444 3103
f 2423 2460 2615
f 3110 2448 2651
f 2449 2651 2448
f 2696 2450 2448
f 3096 2457 2431
f 3096 2431 2626
f 2601 2654 2459
f 2655 2656 2423
f 2655 2423 3124
f 2434 2432 2657
f 2625 2658 3131
f 2659 2670 2462
f 2438 2660 2636
f 2438 2463 2660
f 2661 2660 3073
f 2661 2636 2660
f 2463 2464 2660
f 2465 2464 2463
f 3123 2435 2413
f 2466 2687 2413
f 2687 3123 2413
f 2717 2662 2682
f 2662 2466 2413
f 2663 2413 2435
f 2467 2663 2435
f 2663 2662 2413
f 2663 2682 2662
f 2665 3052 2664
f 2617 2666 2468
f 2617 2468 2469
f 2667 2468 2668
f 2478 2468 2667
f 2656 2655 3010
f 2671 3010 2655
f 2670 2671 2655
f 2946 2672 2471
f 2471 2672 2948
f 2974 2674 2675
f 2974 2675 2926
f 2676 2675 2674
f 2680 2679 3078
f 2424 2679 2425
f 2424 3078 2679
f 2682 3013 3128
f 2449 3013 2682
f 3130 3128 2681
f 2682 3128 3130
f 3126 2474 3129
f 2474 2761 3129
f 2683 2475 2414
f 2684 2476 2414
f 2684 2414 2475
f 2685 2414 2476
f 2466 2721 2687
f 2721 2686 2687
f 2477 2434 2721
f 2478 3122 2689
f 2664 3122 2478
f 2479 3122 3121
f 2479 2480 3122
f 2480 2689 3122
f 2481 2478 2689
f 2482 2691 2416
f 2692 2416 2691
f 3052 2692 2693
f 2483 2416 2692
f 3106 2604 2694
f 2604 2483 2692
f 2604 2692 2694
f 2694 2692 3052
f 2485 3034 2695
f 2690 2485 2695
f 2690 2695 2486
f 2487 2696 2415
f 2450 2696 2487
f 2698 2415 2697
f 2696 2697 2415
f 2697 2696 3110
f 3113 2700 3114
f 2447 3114 2700
f 2618 2701 2424
f 2488 2424 2701
f 2703 3035 2702
f 2704 2703 2702
f 2704 2702 3051
f 3034 2703 2704
f 3085 2602 2491
f 2604 3098 2483
f 3098 2416 2483
f 2414 2685 3098
f 2685 2416 3098
f 3091 2706 2470
f 3097 3053 2606
f 3053 2706 2606
f 3054 2706 3053
f 3054 2669 2706
f 2669 2470 2706
f 2656 2492 2423
f 3010 2492 2656
f 3082 2492 2707
f 3109 2609 2708
f 3093 3109 2708
f 2975 2493 2494
f 2495 2710 2759
f 2711 2710 2495
f 2714 2710 2711
f 2714 2453 2710
f 2711 2768 2714
f 2712 2768 2711
f 2771 2713 2714
f 2771 2714 2768
f 2713 2496 2714
f 2716 2714 2496
f 2716 2453 2714
f 2497 2715 2496
f 2718 2716 2496
f 2715 2718 2496
f 2453 2716 2717
f 2466 2718 2715
f 2662 2716 2718
f 2662 2718 2466
f 2717 2716 2662
f 2720 2466 2715
f 2721 2466 2720
f 2722 2720 2777
f 2722 2721 2720
f 2477 2721 2722
f 2723 2477 2722
f 2724 2477 2723
f 2725 2724 2723
f 2499 2724 2725
f 2611 2724 2499
f 2611 2422 2724
f 2477 2724 2422
f 2430 2434 2422
f 2434 2477 2422
f 2430 2422 2421
f 3109 2726 2421
f 2726 2430 2421
f 2730 2728 2727
f 2728 2499 2727
f 2728 2611 2499
f 2426 2728 2730
f 2426 2622 2728
f 2729 2728 2622
f 2500 2730 2727
f 2499 2500 2727
f 2500 2501 2730
f 2414 2426 2730
f 2414 2730 2501
f 2500 2502 2501
f 2683 2501 2502
f 2475 2683 2502
f 2683 2414 2501
f 2782 2731 2502
f 2503 2475 2502
f 2503 2502 2731
f 2732 2503 2731
f 2504 2503 2732
f 2504 2506 2503
f 2505 2733 2504
f 2733 2506 2504
f 2475 2503 2506
f 2507 2733 2505
f 2736 2733 2507
f 2476 2684 2733
f 2476 2733 2736
f 2684 2475 2506
f 2684 2506 2733
f 2788 2734 2507
f 2734 2736 2507
f 2735 2736 2734
f 2508 2736 2735
f 2508 2482 2736
f 2737 2736 2482
f 2476 2736 2737
f 2416 2737 2482
f 2685 2737 2416
f 2685 2476 2737
f 2738 2508 2735
f 2739 2482 2508
f 2739 2508 2738
f 2739 2738 2793
f 2509 2482 2739
f 2740 2739 2793
f 2510 2739 2740
f 2510 2742 2739
f 2741 2509 2739
f 2742 2741 2739
f 2691 2509 2741
f 2691 2482 2509
f 2743 2479 2741
f 2743 2741 2742
f 2479 2693 2741
f 2692 2691 2741
f 2692 2741 2693
f 2480 2479 2743
f 2744 2743 2742
f 2745 2743 2744
f 2689 2480 2743
f 2689 2743 2745
f 2511 2745 2744
f 2512 2748 2745
f 2512 2745 2511
f 2748 2747 2745
f 2481 2689 2745
f 2512 2746 2748
f 2746 2747 2748
f 2513 2747 2746
f 2513 2481 2747
f 2481 2745 2747
f 2746 2749 2513
f 2752 2513 2749
f 2750 2751 2513
f 2751 2481 2513
f 2478 2481 2751
f 2443 2751 2750
f 2443 2469 2751
f 2468 2751 2469
f 2478 2751 2468
f 2750 2513 2752
f 2645 2750 2752
f 2640 2752 2514
f 2440 2645 2752
f 2440 2752 2640
f 2640 2514 2753
f 2756 2640 2753
f 2515 2756 2753
f 2754 2515 2753
f 2755 2756 2515
f 2763 2495 2755
f 2495 2758 2755
f 2758 2757 2755
f 2756 2755 2757
f 2440 2640 2756
f 2612 2757 2758
f 2641 2756 2757
f 2641 2757 2612
f 2641 2440 2756
f 2613 2612 2758
f 2613 2758 2759
f 2759 2758 2495
f 2760 2759 2762
f 2760 2613 2759
f 2762 3130 2760
f 2681 2760 3130
f 2613 2760 2761
f 2681 2761 2760
f 2681 3129 2761
f 2474 2613 2761
f 2710 2762 2759
f 2453 2762 2710
f 2515 2763 2755
f 2515 2764 2763
f 2712 2711 2763
f 2712 2763 2764
f 2711 2495 2763
f 2516 2808 2764
f 2516 2764 2515
f 2765 2764 2808
f 2765 2712 2764
f 2766 2767 2765
f 2806 2766 2765
f 2811 2767 2766
f 2770 2767 2811
f 2768 2765 2767
f 2768 2767 2770
f 2712 2765 2768
f 2517 2770 2769
f 2517 2773 2770
f 2771 2768 2770
f 2773 2771 2770
f 2817 2772 2517
f 2772 2773 2517
f 2518 2771 2773
f 2518 2773 2772
f 2519 2518 2772
f 2822 2519 2772
f 2774 2518 2519
f 2774 2497 2518
f 2496 2518 2497
f 2496 2713 2518
f 2713 2771 2518
f 2775 2776 2774
f 2775 2774 2519
f 2777 2774 2776
f 2777 2776 2779
f 2720 2715 2774
f 2720 2774 2777
f 2719 2774 2715
f 2715 2497 2719
f 2497 2774 2719
f 2778 2779 2776
f 2778 2776 2775
f 2778 2780 2779
f 2722 2777 2779
f 2498 2779 2780
f 2498 2780 2781
f 2723 2722 2779
f 2723 2779 2498
f 2782 2781 2780
f 2782 2780 2520
f 2782 2502 2781
f 2500 2781 2502
f 2778 2520 2780
f 2782 2520 2521
f 2521 2732 2782
f 2783 2784 2521
f 2785 2784 2783
f 2732 2521 2784
f 2732 2784 2504
f 2731 2782 2732
f 2535 2831 2785
f 2535 2785 2783
f 2522 2785 2831
f 2522 2786 2785
f 2786 2784 2785
f 2504 2784 2786
f 2523 2786 2522
f 2505 2786 2523
f 2505 2504 2786
f 2507 2505 2523
f 2507 2523 2787
f 2525 2787 2524
f 2788 2787 2525
f 2788 2507 2787
f 2789 2836 2526
f 2789 2791 2836
f 2791 2788 2525
f 2791 2525 2836
f 2527 2791 2789
f 2790 2527 2789
f 2527 2735 2791
f 2734 2788 2791
f 2734 2791 2735
f 2792 2527 2790
f 2792 2790 2528
f 2529 2793 2792
f 2738 2527 2792
f 2738 2792 2793
f 2735 2527 2738
f 2540 2847 2792
f 2540 2792 2528
f 2847 2529 2792
f 2795 2510 2529
f 2740 2793 2529
f 2740 2529 2510
f 2794 2795 2529
f 2794 2796 2795
f 2511 2795 2796
f 2511 2744 2795
f 2744 2742 2795
f 2742 2510 2795
f 2512 2511 2796
f 2797 2798 2796
f 2512 2796 2798
f 2530 2799 2798
f 2530 2798 2797
f 2802 2798 2799
f 2800 2802 2799
f 2802 2512 2798
f 2800 2801 2802
f 2531 2801 2800
f 2804 2749 2802
f 2804 2802 2801
f 2746 2802 2749
f 2746 2512 2802
f 2803 2804 2801
f 2514 2804 2803
f 2754 2514 2803
f 2754 2803 2805
f 2749 2804 2514
f 2749 2514 2752
f 2532 2805 2803
f 2533 2805 2532
f 2754 2805 2533
f 2753 2514 2754
f 2807 2516 2533
f 2516 2754 2533
f 2515 2754 2516
f 2534 2807 2533
f 2806 2807 2534
f 2806 2534 2858
f 2808 2516 2807
f 2765 2808 2807
f 2765 2807 2806
f 2858 2809 2806
f 2810 2813 2809
f 2811 2806 2809
f 2811 2809 2813
f 2766 2806 2811
f 2812 2813 2810
f 2769 2811 2813
f 2769 2813 2812
f 2770 2811 2769
f 2814 2812 2864
f 2865 2816 2814
f 2769 2812 2814
f 2769 2814 2816
f 2815 2816 2865
f 2815 2818 2816
f 2817 2816 2818
f 2817 2517 2769
f 2817 2769 2816
f 2819 2817 2818
f 2819 2818 2869
f 2823 2817 2819
f 2821 2823 2819
f 2820 2821 2819
f 2820 2819 2869
f 2822 2823 2821
f 2825 2822 2821
f 2772 2823 2822
f 2772 2817 2823
f 2824 2825 2821
f 2824 2520 2825
f 2778 2825 2520
f 2778 2775 2825
f 2775 2822 2825
f 2519 2822 2775
f 2820 2826 2824
f 2821 2820 2824
f 2828 2521 2826
f 2521 2824 2826
f 2521 2520 2824
f 2827 2828 2826
f 2872 2828 2827
f 2829 2535 2828
f 2783 2521 2828
f 2783 2828 2535
f 2829 2830 2535
f 2832 2830 2829
f 2832 2536 2830
f 2831 2535 2830
f 2831 2830 2536
f 2880 2833 2536
f 2882 2833 2880
f 2524 2831 2536
f 2524 2536 2833
f 2523 2522 2524
f 2522 2831 2524
f 2834 2833 2882
f 2834 2835 2833
f 2835 2524 2833
f 2787 2523 2524
f 2537 2837 2835
f 2537 2835 2834
f 2836 2835 2837
f 2836 2525 2835
f 2525 2524 2835
f 2526 2836 2837
f 2838 2839 2537
f 2840 2837 2537
f 2840 2537 2839
f 2840 2526 2837
f 2891 2840 2839
f 2538 2840 2891
f 2841 2840 2538
f 2841 2789 2840
f 2526 2840 2789
f 2842 2841 2538
f 2843 2841 2842
f 2845 2843 2842
f 2790 2841 2843
f 2789 2841 2790
f 2539 2845 2842
f 2897 2539 2842
f 2844 2845 2539
f 2540 2845 2844
f 2528 2845 2540
f 2528 2790 2845
f 2790 2843 2845
f 2844 2846 2540
f 2848 2844 2539
f 2844 2849 2846
f 2796 2794 2846
f 2847 2540 2846
f 2794 2847 2846
f 2529 2847 2794
f 2848 2849 2844
f 2848 2851 2849
f 2797 2796 2846
f 2797 2846 2849
f 2850 2851 2848
f 2853 2851 2850
f 2530 2797 2849
f 2530 2849 2851
f 2850 2852 2853
f 2854 2853 2852
f 2855 2851 2853
f 2854 2855 2853
f 2541 2855 2854
f 2542 2531 2855
f 2543 2542 2855
f 2531 2851 2855
f 2799 2530 2531
f 2799 2531 2800
f 2530 2851 2531
f 2543 2534 2542
f 2533 2542 2534
f 2533 2532 2542
f 2801 2532 2803
f 2801 2531 2542
f 2801 2542 2532
f 2541 2857 2543
f 2541 2543 2855
f 2541 2856 2857
f 2857 2858 2543
f 2859 2858 2857
f 2534 2543 2858
f 2859 2857 2856
f 2861 2859 2913
f 2860 2861 2913
f 2810 2809 2861
f 2809 2858 2859
f 2809 2859 2861
f 2863 2861 2860
f 2810 2861 2863
f 2544 2862 2863
f 2864 2863 2862
f 2812 2810 2863
f 2812 2863 2864
f 2544 2867 2862
f 2865 2864 2862
f 2865 2862 2867
f 2814 2864 2865
f 2866 2868 2867
f 2815 2865 2867
f 2815 2867 2868
f 2869 2815 2868
f 2869 2818 2815
f 2870 2868 2866
f 2871 2869 2868
f 2871 2868 2870
f 2872 2871 2870
f 2827 2871 2872
f 2826 2820 2827
f 2820 2869 2871
f 2820 2871 2827
f 2870 2874 2872
f 2870 2873 2874
f 2875 2874 2873
f 2875 2877 2874
f 2877 2829 2874
f 2828 2872 2874
f 2828 2874 2829
f 2545 2546 2875
f 2876 2877 2875
f 2546 2876 2875
f 2878 2877 2876
f 2546 2878 2876
f 2881 2877 2878
f 2832 2877 2881
f 2832 2829 2877
f 2879 2881 2878
f 2879 2878 2546
f 2880 2881 2879
f 2536 2832 2881
f 2536 2881 2880
f 2547 2883 2879
f 2882 2880 2879
f 2882 2879 2883
f 2548 2883 2547
f 2548 2884 2883
f 2834 2882 2883
f 2549 2886 2884
f 2549 2884 2548
f 2537 2834 2884
f 2834 2883 2884
f 2884 2886 2885
f 2934 2886 2549
f 2550 2886 2934
f 2550 2885 2886
f 2838 2537 2884
f 2838 2884 2885
f 2888 2889 2550
f 2887 2888 2550
f 2889 2885 2550
f 2891 2838 2885
f 2891 2885 2889
f 2889 2551 2891
f 2890 2891 2551
f 2892 2891 2890
f 2892 2538 2891
f 2839 2838 2891
f 2552 2892 2890
f 2894 2553 2892
f 2894 2892 2552
f 2538 2892 2553
f 2842 2538 2553
f 2893 2894 2552
f 2895 2553 2894
f 2896 2897 2895
f 2842 2553 2895
f 2842 2895 2897
f 2973 2896 2895
f 2848 2897 2896
f 2539 2897 2848
f 2900 2899 2973
f 2899 2896 2973
f 2850 2848 2896
f 2850 2896 2899
f 2898 2899 2900
f 2412 2629 2899
f 2412 2899 2898
f 2629 2688 2899
f 2852 2899 2688
f 2850 2899 2852
f 2901 2898 2900
f 2412 2898 2901
f 2902 2554 2901
f 2902 2901 2900
f 2903 2901 2554
f 2907 2433 2903
f 2412 2901 2903
f 2628 2412 2903
f 2628 2903 2433
f 2905 2907 2903
f 2904 2905 2903
f 2904 2903 2554
f 2906 2907 2905
f 2906 2555 2907
f 2433 2907 2555
f 2908 2555 2906
f 2909 2555 2908
f 2556 2433 2555
f 2556 2555 2910
f 2910 2911 2556
f 2566 2911 2910
f 2911 2912 2556
f 2557 2912 2911
f 2433 2556 2912
f 2914 2912 2557
f 2863 2860 2914
f 2913 2912 2914
f 2860 2913 2914
f 2913 2433 2912
f 2558 2557 2911
f 2544 2914 2557
f 2544 2863 2914
f 2915 2557 2558
f 2917 2544 2557
f 2917 2557 2915
f 2867 2544 2917
f 2916 2917 2915
f 2916 2915 2558
f 2866 2867 2917
f 2918 2917 2916
f 2959 2918 2916
f 2959 2560 2918
f 2866 2917 2918
f 2866 2918 2560
f 2559 2560 2959
f 2873 2866 2560
f 2870 2866 2873
f 2545 2560 2559
f 2974 2545 2559
f 2873 2560 2545
f 2875 2873 2545
f 2674 2974 2559
f 2920 2674 2559
f 2920 2559 2919
f 2546 2545 2974
f 2567 2920 2919
f 2676 2920 2921
f 2676 2674 2920
f 2568 2920 2567
f 2921 2920 2568
f 2923 2922 2561
f 2923 2921 2922
f 2676 2921 2923
f 2924 2925 2923
f 2927 2923 2925
f 2927 2676 2923
f 2675 2562 2926
f 2675 2676 2562
f 2676 2927 2562
f 2879 2562 2927
f 2879 2546 2928
f 2879 2928 2562
f 2928 2926 2562
f 2546 2926 2928
f 2547 2925 2924
f 2547 2879 2927
f 2547 2927 2925
f 2929 2924 2923
f 2547 2924 2931
f 2548 2547 2931
f 2930 2931 2924
f 2930 2924 2929
f 2931 2930 2563
f 2932 2563 2930
f 2549 2563 2934
f 2549 2548 2931
f 2549 2931 2563
f 2932 2933 2563
f 2934 2563 2933
f 2550 2934 2933
f 2966 2933 2932
f 2966 2935 2933
f 2887 2933 2935
f 2887 2550 2933
f 2936 2939 2935
f 2939 2887 2935
f 2972 2936 2935
f 2938 2939 2936
f 2937 2938 2936
f 2940 2551 2938
f 2940 2938 2937
f 2889 2939 2938
f 2889 2938 2551
f 2889 2888 2939
f 2888 2887 2939
f 2937 2564 2940
f 2941 2552 2564
f 2551 2940 2564
f 2890 2551 2564
f 2890 2564 2552
f 2944 2941 2564
f 2942 2944 2564
f 2944 2902 2941
f 2943 2941 2902
f 2943 2894 2941
f 2893 2552 2941
f 2893 2941 2894
f 2945 2944 2942
f 2900 2943 2902
f 2565 2947 2945
f 2946 2904 2945
f 2946 2945 2947
f 2904 2944 2945
f 2554 2902 2944
f 2554 2944 2904
f 2672 2946 2947
f 2967 2948 2969
f 2948 2672 2947
f 2948 2947 2969
f 2950 2471 2949
f 2471 2948 2949
f 2953 2954 2950
f 2954 2908 2950
f 2908 2951 2950
f 2951 2471 2950
f 2952 2953 2950
f 2956 2954 2953
f 2956 2953 2952
f 2566 2954 2956
f 2910 2954 2566
f 2555 2909 2954
f 2555 2954 2910
f 2909 2908 2954
f 2955 2956 2952
f 2955 2958 2956
f 2957 2558 2566
f 2957 2566 2956
f 2911 2566 2558
f 2958 2957 2956
f 2959 2916 2957
f 2916 2558 2957
f 2960 2957 2958
f 2963 2960 2958
f 2567 2960 2963
f 2959 2957 2960
f 2919 2559 2960
f 2919 2960 2567
f 2559 2959 2960
f 2963 2568 2567
f 2962 2961 2568
f 2961 2921 2568
f 2922 2961 2561
f 2921 2961 2922
f 2964 2673 2961
f 2968 2964 2961
f 2962 2968 2961
f 2952 2968 2962
f 2963 2955 2962
f 2963 2962 2568
f 2958 2955 2963
f 2952 2962 2955
f 2949 2948 2968
f 2948 2964 2968
f 2709 2965 2964
f 2472 2965 2709
f 2966 2472 2709
f 2932 2930 2966
f 2930 2472 2966
f 2673 2472 2561
f 2930 2561 2472
f 2929 2561 2930
f 2961 2673 2561
f 2923 2561 2929
f 2967 2966 2709
f 2673 2965 2472
f 2964 2965 2673
f 2950 2949 2968
f 2950 2968 2952
f 2709 2964 2948
f 2709 2948 2967
f 2969 2947 2970
f 2967 2969 2970
f 2971 2970 2947
f 2971 2947 2565
f 2937 2970 2971
f 2936 2970 2937
f 2936 2972 2970
f 2971 2565 2945
f 2942 2971 2945
f 2564 2937 2971
f 2564 2971 2942
f 2966 2967 2972
f 2966 2972 2935
f 2967 2970 2972
f 2471 2951 2908
f 2471 2908 2906
f 2905 2471 2906
f 2946 2905 2904
f 2946 2471 2905
f 2973 2943 2900
f 2895 2894 2943
f 2895 2943 2973
f 2974 2926 2546
f 2629 2856 2541
f 2629 2913 2859
f 2629 2859 2856
f 2852 2541 2854
f 2852 2629 2541
f 2629 2852 2688
f 2725 2781 2500
f 2725 2500 2499
f 2723 2498 2781
f 2723 2781 2725
f 2708 2975 2494
f 2976 2493 2975
f 2977 2493 2976
f 2458 2977 2569
f 2976 2569 2977
f 2980 3089 2978
f 2980 2978 2979
f 2415 2980 2487
f 2415 3089 2980
f 3056 2980 2979
f 3056 2624 2980
f 2428 2487 2980
f 2428 2980 2624
f 3088 2981 2428
f 2570 2981 3088
f 2988 2570 2572
f 3088 2571 2570
f 3066 2571 3088
f 2572 2570 2571
f 2982 2572 2571
f 2988 2572 2982
f 2419 2982 2571
f 2983 2982 2419
f 2573 2982 2983
f 2418 2983 2419
f 2418 2446 2983
f 2650 2983 2446
f 2650 2573 2983
f 2987 2573 2984
f 2988 2982 2987
f 2982 2573 2987
f 2985 2984 2573
f 3087 2984 2985
f 2986 2987 2984
f 2989 2987 2986
f 2988 2987 2677
f 2450 2988 2677
f 2450 2981 2988
f 2570 2988 2981
f 2989 2677 2987
f 2984 3087 2986
f 3087 2990 2986
f 2574 3087 2991
f 2574 2990 3087
f 2992 2574 2991
f 2992 2991 2644
f 3006 2992 2993
f 3006 2574 2992
f 2644 2642 2992
f 2993 2992 2642
f 2649 2993 2642
f 2995 2994 2993
f 2995 2993 2649
f 2632 2996 2633
f 2575 2995 2649
f 2633 2996 2995
f 2633 2995 2576
f 2575 2576 2995
f 2997 2633 2576
f 3075 2997 2576
f 3000 2997 3075
f 2998 2997 3000
f 2464 2999 3000
f 3001 3000 2999
f 2577 3000 3001
f 3086 2635 2999
f 2635 3001 2999
f 2578 3003 2577
f 2578 2579 3003
f 2998 3000 3003
f 3000 2577 3003
f 2579 2998 3003
f 3004 2579 2578
f 2632 2579 3004
f 2436 2579 2632
f 2632 3004 3005
f 2581 3005 2580
f 3006 3005 2581
f 2994 2632 3005
f 2995 2996 2632
f 2995 2632 2994
f 2993 2994 3006
f 2994 3005 3006
f 2582 3006 2581
f 3007 2574 3006
f 2990 2574 3007
f 2986 3008 2989
f 2986 2990 3008
f 3009 2989 3008
f 2678 2677 3009
f 2677 2989 3009
f 2678 3009 3010
f 3011 3012 2678
f 3011 2678 3010
f 3014 2678 3012
f 3014 3012 2583
f 3014 2583 2638
f 3013 3014 2638
f 2449 3014 3013
f 2448 2450 3014
f 2448 3014 2449
f 2677 2678 3014
f 2677 3014 2450
f 3011 2583 3012
f 3015 2583 3011
f 2638 2583 3015
f 2659 3015 3011
f 2639 2638 3015
f 2671 2659 3011
f 2670 2659 2671
f 2671 3011 3010
f 2492 3010 3009
f 2707 3009 3008
f 2707 2492 3009
f 2707 3008 2990
f 2707 2990 3007
f 3082 2707 3007
f 3082 3007 2582
f 2582 3007 3006
f 2584 3082 2582
f 2585 3016 2582
f 2580 2585 2582
f 2581 2580 2582
f 2580 3004 2585
f 3005 3004 2580
f 3004 3018 2585
f 2578 3018 3004
f 2586 3018 3017
f 2585 3018 2586
f 2578 3017 3018
f 2577 3017 2578
f 2587 3017 2577
f 2680 3078 2587
f 3078 3017 2587
f 2577 3002 2587
f 3002 2588 2587
f 2589 2588 3019
f 3002 2634 2588
f 2577 3001 3002
f 3001 2634 3002
f 2634 3019 2588
f 3020 3019 2634
f 3021 3027 3019
f 3020 3021 3019
f 2634 2437 3020
f 3021 3020 2437
f 3023 3021 3022
f 3086 2465 3022
f 3086 3022 3021
f 3086 3021 2437
f 2463 3022 2465
f 3077 3026 3023
f 3022 3077 3023
f 2439 3024 3022
f 3024 3077 3022
f 3025 3026 3077
f 3036 3026 3025
f 3028 3019 3027
f 3027 3023 3026
f 3021 3023 3027
f 2703 3028 3027
f 3019 3028 2589
f 2680 3029 3028
f 2703 2680 3028
f 2589 3028 3029
f 2588 2589 3029
f 2587 3029 2680
f 2587 2588 3029
f 3034 2680 2703
f 2679 2680 3034
f 2485 2679 3034
f 2473 2679 2485
f 2473 2485 3030
f 3032 3031 2473
f 2425 2679 3031
f 2679 2473 3031
f 2617 2425 3031
f 2617 3031 2666
f 3115 3031 3032
f 2666 3031 3115
f 3032 3033 2451
f 3030 3033 3032
f 3030 3032 2473
f 2452 2451 3033
f 2452 3033 2690
f 3030 2690 3033
f 2690 3030 2485
f 3035 3027 3026
f 2703 3027 3035
f 3036 3035 3026
f 2590 3035 3036
f 3025 2590 3036
f 3037 2590 3025
f 2591 3047 3037
f 2591 3037 3038
f 3040 3047 2591
f 3042 2591 3039
f 3042 3040 2591
f 3045 3040 3042
f 3041 3042 3039
f 2592 3042 3041
f 3076 2592 3041
f 2593 3042 2592
f 2593 2592 3043
f 3044 2593 3043
f 3045 2593 3044
f 3042 2593 3045
f 2427 3044 3043
f 3046 3045 2594
f 2595 3040 3046
f 3040 3045 3046
f 2595 3046 3055
f 3040 2595 3047
f 2669 3047 2595
f 3037 3047 2590
f 2669 2590 3047
f 2669 3048 2590
f 3049 2702 3048
f 3035 3048 2702
f 3035 2590 3048
f 3053 3049 3054
f 2456 2596 3049
f 3051 2702 2596
f 3051 2596 3050
f 2702 3049 2596
f 2665 2490 3052
f 3051 2490 2665
f 3051 2665 2484
f 2695 3051 2484
f 3034 2704 3051
f 3034 3051 2695
f 2489 3052 2490
f 3052 2489 2694
f 2705 3051 3050
f 2489 2490 2705
f 2490 3051 2705
f 2459 2705 3050
f 2455 2459 3050
f 2489 2705 2459
f 2456 2455 3050
f 2456 3050 2596
f 2456 2454 2455
f 2454 2456 3049
f 3053 2454 3049
f 2669 3049 3048
f 2669 3054 3049
f 2470 2669 2597
f 2595 2597 2669
f 3056 2470 2597
f 3056 2597 2625
f 2595 3055 2597
f 2625 2597 3055
f 2470 3056 2979
f 2470 2979 2978
f 2594 3055 3046
f 2594 2625 3055
f 2625 2594 2658
f 3057 2658 2594
f 3057 2594 3045
f 3044 3057 3045
f 2623 3057 3044
f 3059 2427 3043
f 3058 3043 2592
f 3059 3043 3058
f 3060 3059 3058
f 3060 3062 3059
f 3061 3060 3069
f 3061 3062 3060
f 2427 3059 3062
f 2623 2427 3062
f 3064 3062 3061
f 3131 3062 3064
f 3065 2624 3064
f 3131 3064 2624
f 3063 3064 3061
f 2598 3063 3061
f 3064 3063 2598
f 3088 3064 3066
f 3065 3064 3088
f 3066 3064 2598
f 2608 3066 2598
f 2418 2608 3067
f 2608 2598 3067
f 3067 2598 3061
f 3069 3067 3061
f 2445 3067 3069
f 3068 3069 3072
f 2648 2445 3068
f 2445 3069 3068
f 3070 3069 3060
f 3070 3072 3069
f 3058 3070 3060
f 2599 3070 3058
f 2661 2599 3076
f 3058 3076 2599
f 2592 3076 3058
f 2575 2648 3071
f 2648 3072 3071
f 2648 3068 3072
f 2599 3071 3072
f 2599 3072 3070
f 2661 3073 2599
f 3073 3075 3071
f 3073 3071 2599
f 2576 3071 3075
f 2575 3071 2576
f 2660 3074 3075
f 2660 3075 3073
f 2446 3067 2445
f 2446 2418 3067
f 3041 2661 3076
f 2636 2661 3041
f 3039 2636 3041
f 3024 2591 3038
f 2439 3039 3024
f 3039 2591 3024
f 3025 3077 3038
f 3025 3038 3037
f 3024 3038 3077
f 2438 2439 3022
f 2438 3022 2463
f 3078 2586 3017
f 2582 2586 3079
f 2582 3079 2584
f 3016 2586 2582
f 3016 2585 2586
f 3081 3082 3080
f 2584 3079 3082
f 2600 3083 3081
f 3084 3081 3083
f 2492 3082 3081
f 3084 2460 3081
f 2423 2492 2460
f 2492 3081 2460
f 3085 3084 3083
f 2491 3100 3085
f 3100 3084 3085
f 2429 3084 3100
f 2600 3085 3083
f 2488 3085 2600
f 3080 2488 2600
f 3080 2600 3081
f 2424 2488 3080
f 3079 3080 3082
f 3079 2424 3080
f 3078 3079 2586
f 3078 2424 3079
f 2464 3086 2999
f 2436 2998 2579
f 2997 2998 2436
f 3074 3000 3075
f 2660 2464 3074
f 2464 3000 3074
f 2648 2575 2649
f 2441 2649 2642
f 2985 2644 3087
f 2644 2991 3087
f 2650 2985 2573
f 2643 2985 2650
f 3066 2419 2571
f 2428 3065 3088
f 2487 2981 2450
f 2487 2428 2981
f 2627 3089 2698
f 2569 2978 3089
f 2415 2698 3089
f 2432 2627 3090
f 2431 3089 2627
f 2431 2569 3089
f 2698 3090 2627
f 2657 3090 2461
f 2432 3090 2657
f 2698 2461 3090
f 3091 2470 2978
f 2976 3091 2978
f 2976 2978 2569
f 2458 2569 2431
f 2457 2458 2431
f 3091 2976 2975
f 3092 3091 2975
f 2706 3091 3092
f 2708 3092 2975
f 2420 3092 2708
f 2420 2605 3092
f 2605 2706 3092
f 2458 2493 2977
f 2457 2493 2458
f 3093 2708 2494
f 3095 3093 2494
f 3095 2494 3094
f 3109 3093 3095
f 3096 3095 3094
f 2626 2726 3095
f 2626 3095 3096
f 2726 3109 3095
f 2457 3094 2494
f 2457 2494 2493
f 3096 3094 2457
f 2609 2420 2708
f 2454 3053 3097
f 2601 3097 2606
f 2459 3097 2601
f 2455 2454 3097
f 2455 3097 2459
f 2616 2601 2606
f 2622 3098 2729
f 2622 2414 3098
f 2605 2729 3098
f 2605 3098 2604
f 2420 2729 2605
f 2602 3085 2488
f 3099 2602 2488
f 2701 3099 2488
f 2620 2602 3099
f 2653 2602 2620
f 2653 2491 2602
f 2618 3099 2701
f 2618 2619 3099
f 2620 3099 2619
f 2653 3102 3101
f 3102 3103 3101
f 2429 3100 3101
f 3103 2429 3101
f 2491 3101 3100
f 2653 3101 2491
f 2615 2429 3103
f 2652 3104 3102
f 2652 3102 2653
f 2653 3104 2652
f 2443 2442 3104
f 2443 3104 2621
f 2444 3104 2442
f 2444 3102 3104
f 2469 2443 2621
f 3105 2621 3104
f 3105 3104 2653
f 2620 3105 2653
f 2694 2489 3107
f 3108 2694 3107
f 3106 3108 2607
f 3106 2694 3108
f 2616 2607 3108
f 2489 2654 3107
f 2459 2654 2489
f 2654 3108 3107
f 2601 2616 2654
f 2616 3108 2654
f 2421 2609 3109
f 3110 2447 2697
f 2447 3110 2651
f 3111 2447 2700
f 3111 2697 2447
f 2603 3111 2700
f 2657 3111 2603
f 3112 3111 2657
f 3112 2657 2461
f 2698 3112 2461
f 2697 3112 2698
f 2697 3111 3112
f 2631 2603 3113
f 2630 2603 2631
f 2657 2603 2630
f 3113 2603 2700
f 2630 2631 2686
f 2434 2657 2630
f 2467 3114 2447
f 2435 3114 2467
f 2435 3113 3114
f 2668 2468 3115
f 2668 3115 2646
f 2666 3115 2468
f 2646 3115 2699
f 2647 2699 3116
f 2647 2646 2699
f 3116 2699 3115
f 3032 3116 3115
f 2451 3116 3032
f 3110 2696 2448
f 3117 2486 2695
f 3118 2486 3117
f 3116 2451 3119
f 2451 3118 3119
f 2452 2486 3118
f 2452 3118 2451
f 2690 2486 2452
f 3119 3118 3117
f 2647 3116 3119
f 3120 2647 3119
f 3120 3119 3117
f 2665 3120 3117
f 2484 2665 3117
f 2665 2664 3120
f 2667 3120 2664
f 2646 2667 2668
f 2646 3120 2667
f 2484 3117 2695
f 2604 3106 2607
f 2604 2607 2417
f 3121 2693 2479
f 3122 2693 3121
f 2664 3052 2693
f 2664 2693 3122
f 3123 2687 2686
f 3123 2686 2631
f 2614 2613 2474
f 3124 2474 3125
f 3126 3125 2474
f 2462 3125 3126
f 2639 3127 3126
f 3015 3126 3127
f 3015 3127 2639
f 2659 3126 3015
f 2659 2462 3126
f 2423 2474 3124
f 2423 2614 2474
f 2639 3126 3129
f 3128 3129 2681
f 3128 2639 3129
f 2762 2453 3130
f 2717 2682 3130
f 2717 3130 2453
f 2639 3128 3013
f 2638 2639 3013
f 2667 2664 2478
f 2651 2449 2663
f 2449 2682 2663
f 2447 2651 2467
f 2651 2663 2467
f 3086 2464 2465
f 3124 2670 2655
f 3124 2462 2670
f 3124 3125 2462
f 3057 3131 2658
f 2623 3131 3057
f 2623 3062 3131
f 3084 2615 2460
f 2612 2444 2645
f 2641 2612 2645
f 3326 3329 3328
f 3330 3329 3188
f 3330 3331 3329
f 3331 3330 3332
f 3334 3331 3332
f 3333 3327 3326
f 3328 3333 3326
f 3328 3334 3333
f 3334 3335 3333
f 3328 3329 3331
f 3334 3328 3331
f 3335 3336 3327
f 3333 3335 3327
f 3337 3336 3335
f 3337 3335 3334
f 3337 3327 3336
f 3337 3367 3327
f 3337 3340 3367
f 3189 3334 3332
f 3189 3337 3334
f 3338 3342 3337
f 3342 3340 3337
f 3342 3341 3340
f 3341 3342 3366
f 3338 3366 3342
f 3195 3366 3338
f 3205 3338 3339
f 3339 3189 3132
f 3338 3337 3339
f 3189 3339 3337
f 3190 3330 3343
f 3190 3189 3332
f 3190 3332 3330
f 3190 3132 3189
f 3345 3190 3343
f 3343 3330 3188
f 3343 3188 3344
f 3340 3341 3344
f 3345 3343 3344
f 3341 3345 3344
f 3190 3345 3346
f 3191 3346 3347
f 3192 3347 3362
f 3353 3348 3347
f 3192 3353 3347
f 3191 3347 3348
f 3339 3349 3205
f 3339 3132 3349
f 3191 3348 3349
f 3132 3191 3349
f 3190 3191 3132
f 3346 3191 3190
f 3350 3348 3353
f 3350 3353 3351
f 3353 3352 3351
f 3193 3352 3353
f 3193 3354 3133
f 3353 3192 3354
f 3353 3354 3193
f 3193 3133 3356
f 3358 3356 3355
f 3357 3358 3355
f 3194 3357 3355
f 3194 3355 3374
f 3381 3357 3194
f 3392 3356 3133
f 3392 3133 3359
f 3374 3355 3356
f 3374 3356 3392
f 3363 3192 3360
f 3359 3133 3363
f 3354 3192 3363
f 3133 3354 3363
f 3362 3364 3361
f 3192 3362 3360
f 3362 3361 3363
f 3362 3363 3360
f 3347 3364 3362
f 3347 3365 3364
f 3346 3365 3347
f 3366 3345 3341
f 3366 3365 3345
f 3365 3346 3345
f 3344 3367 3340
f 3344 3188 3367
f 3367 3326 3327
f 3188 3368 3367
f 3329 3368 3188
f 3368 3326 3367
f 3329 3326 3368
f 3364 3195 3369
f 3364 3366 3195
f 3364 3365 3366
f 3369 3361 3364
f 3204 3361 3369
f 3361 3370 3363
f 3204 3370 3361
f 3370 3371 3363
f 3196 3371 3370
f 3196 3197 3371
f 3381 3194 3372
f 3194 3373 3372
f 3374 3197 3373
f 3194 3374 3373
f 3372 3389 3375
f 3372 3375 3134
f 3380 3198 3377
f 3198 3376 3377
f 3378 3377 3376
f 3358 3377 3378
f 3358 3357 3381
f 3358 3381 3377
f 3376 3379 3388
f 3376 3198 3379
f 3380 3381 3372
f 3380 3372 3134
f 3380 3377 3381
f 3134 3375 3382
f 3134 3382 3383
f 3199 3135 3383
f 3199 3383 3382
f 3387 3199 3384
f 3135 3199 3387
f 3199 3386 3384
f 3388 3385 3376
f 3384 3386 3385
f 3387 3388 3379
f 3387 3384 3388
f 3384 3385 3388
f 3386 3199 3390
f 3199 3389 3390
f 3200 3373 3197
f 3200 3197 3196
f 3389 3372 3373
f 3389 3373 3200
f 3390 3389 3200
f 3389 3199 3382
f 3375 3389 3382
f 3391 3200 3196
f 3390 3200 3391
f 3371 3359 3363
f 3371 3392 3359
f 3197 3392 3371
f 3197 3374 3392
f 3196 3370 3201
f 3136 3196 3201
f 3136 3391 3196
f 3394 3376 3385
f 3136 3203 3202
f 3136 3201 3203
f 3201 3393 3203
f 3393 3352 3203
f 3358 3202 3203
f 3358 3394 3202
f 3378 3394 3358
f 3378 3376 3394
f 3193 3203 3352
f 3356 3203 3193
f 3358 3203 3356
f 3386 3390 3391
f 3136 3202 3391
f 3394 3385 3391
f 3394 3391 3202
f 3385 3386 3391
f 3352 3393 3351
f 3393 3201 3351
f 3204 3369 3395
f 3395 3348 3350
f 3395 3350 3351
f 3348 3395 3349
f 3338 3369 3195
f 3205 3369 3338
f 3396 3395 3369
f 3205 3396 3369
f 3205 3349 3396
f 3349 3395 3396
f 3397 3351 3201
f 3370 3397 3201
f 3370 3351 3397
f 3370 3204 3351
f 3204 3395 3351
f 3398 3401 3400
f 3418 3401 3402
f 3418 3208 3401
f 3208 3404 3401
f 3404 3208 3405
f 3206 3406 3405
f 3406 3404 3405
f 3406 3399 3398
f 3400 3406 3398
f 3403 3400 3401
f 3403 3401 3404
f 3406 3403 3404
f 3406 3400 3403
f 3406 3408 3399
f 3407 3408 3406
f 3406 3206 3407
f 3206 3408 3407
f 3206 3137 3408
f 3137 3399 3408
f 3409 3206 3405
f 3206 3413 3137
f 3409 3413 3206
f 3413 3412 3137
f 3411 3441 3410
f 3412 3413 3411
f 3441 3411 3413
f 3415 3441 3413
f 3409 3415 3413
f 3409 3138 3415
f 3414 3138 3409
f 3409 3416 3414
f 3405 3416 3409
f 3405 3208 3416
f 3417 3416 3208
f 3417 3414 3416
f 3139 3414 3417
f 3419 3418 3402
f 3417 3419 3139
f 3417 3418 3419
f 3208 3418 3417
f 3412 3420 3419
f 3420 3139 3419
f 3139 3410 3421
f 3423 3421 3422
f 3209 3423 3422
f 3209 3429 3423
f 3414 3207 3138
f 3424 3423 3428
f 3424 3207 3423
f 3425 3207 3414
f 3425 3423 3207
f 3139 3425 3414
f 3139 3426 3425
f 3421 3423 3426
f 3421 3426 3139
f 3426 3423 3425
f 3427 3423 3429
f 3427 3428 3423
f 3427 3210 3469
f 3429 3210 3427
f 3433 3429 3209
f 3210 3429 3433
f 3209 3430 3433
f 3212 3430 3436
f 3433 3212 3432
f 3433 3430 3212
f 3435 3432 3431
f 3434 3435 3431
f 3435 3433 3432
f 3211 3434 3431
f 3211 3431 3446
f 3454 3434 3211
f 3212 3436 3462
f 3446 3431 3432
f 3446 3432 3212
f 3213 3209 3437
f 3213 3430 3209
f 3436 3430 3213
f 3422 3438 3437
f 3209 3422 3437
f 3213 3444 3436
f 3438 3140 3213
f 3438 3213 3437
f 3410 3438 3422
f 3421 3410 3422
f 3410 3139 3420
f 3412 3410 3420
f 3411 3410 3412
f 3419 3137 3412
f 3419 3402 3137
f 3402 3401 3439
f 3137 3398 3399
f 3439 3137 3402
f 3439 3398 3137
f 3401 3398 3439
f 3410 3440 3438
f 3410 3441 3440
f 3442 3441 3415
f 3438 3440 3441
f 3442 3140 3438
f 3442 3438 3441
f 3140 3444 3213
f 3443 3444 3140
f 3443 3214 3444
f 3214 3463 3215
f 3454 3211 3445
f 3211 3218 3445
f 3446 3215 3218
f 3211 3446 3218
f 3445 3461 3447
f 3445 3447 3141
f 3453 3216 3449
f 3216 3448 3449
f 3450 3449 3448
f 3435 3449 3450
f 3435 3434 3454
f 3435 3454 3449
f 3448 3452 3451
f 3448 3216 3452
f 3453 3454 3445
f 3453 3445 3141
f 3453 3449 3454
f 3141 3447 3455
f 3141 3455 3143
f 3455 3142 3143
f 3456 3142 3455
f 3460 3456 3457
f 3217 3456 3460
f 3142 3456 3217
f 3451 3458 3448
f 3459 3467 3458
f 3456 3458 3457
f 3456 3459 3458
f 3460 3451 3452
f 3460 3457 3451
f 3457 3458 3451
f 3456 3455 3461
f 3456 3461 3459
f 3219 3218 3215
f 3219 3215 3463
f 3461 3445 3218
f 3447 3461 3455
f 3461 3218 3219
f 3467 3461 3219
f 3459 3461 3467
f 3462 3436 3444
f 3214 3462 3444
f 3214 3215 3462
f 3215 3212 3462
f 3446 3212 3215
f 3463 3443 3220
f 3465 3219 3463
f 3463 3214 3443
f 3465 3463 3220
f 3221 3466 3458
f 3466 3448 3458
f 3465 3222 3221
f 3465 3220 3222
f 3220 3464 3222
f 3464 3210 3222
f 3435 3221 3222
f 3466 3221 3435
f 3450 3466 3435
f 3450 3448 3466
f 3433 3222 3210
f 3435 3222 3433
f 3465 3221 3219
f 3221 3458 3467
f 3221 3467 3219
f 3210 3224 3469
f 3464 3224 3210
f 3140 3442 3468
f 3468 3427 3469
f 3468 3428 3427
f 3424 3138 3207
f 3428 3138 3424
f 3415 3223 3442
f 3415 3138 3223
f 3428 3468 3442
f 3138 3428 3442
f 3138 3442 3223
f 3224 3464 3220
f 3443 3224 3220
f 3443 3468 3224
f 3140 3468 3443
f 3469 3224 3468
f 3470 3473 3472
f 3474 3490 3473
f 3230 3473 3490
f 3230 3475 3473
f 3475 3230 3477
f 3479 3478 3477
f 3478 3475 3477
f 3478 3471 3470
f 3472 3478 3470
f 3476 3472 3473
f 3476 3473 3475
f 3478 3476 3475
f 3478 3472 3476
f 3478 3480 3471
f 3479 3480 3478
f 3145 3480 3479
f 3145 3144 3480
f 3144 3471 3480
f 3484 3482 3144
f 3145 3479 3477
f 3225 3145 3477
f 3145 3481 3484
f 3145 3488 3481
f 3484 3144 3145
f 3226 3482 3484
f 3483 3484 3227
f 3485 3227 3484
f 3481 3485 3484
f 3228 3227 3485
f 3486 3228 3485
f 3486 3485 3481
f 3229 3486 3481
f 3488 3229 3481
f 3229 3228 3486
f 3147 3487 3229
f 3225 3489 3488
f 3225 3488 3145
f 3477 3489 3225
f 3477 3230 3489
f 3231 3488 3489
f 3146 3488 3231
f 3231 3489 3490
f 3493 3231 3490
f 3232 3230 3490
f 3491 3232 3490
f 3489 3491 3490
f 3489 3230 3491
f 3491 3230 3232
f 3226 3492 3482
f 3484 3492 3226
f 3494 3490 3474
f 3493 3490 3494
f 3492 3494 3474
f 3492 3493 3494
f 3493 3492 3495
f 3492 3517 3495
f 3496 3234 3233
f 3497 3496 3233
f 3239 3497 3233
f 3497 3499 3496
f 3497 3498 3499
f 3497 3148 3498
f 3499 3234 3496
f 3235 3234 3499
f 3146 3147 3229
f 3488 3146 3229
f 3499 3236 3500
f 3147 3499 3500
f 3147 3235 3499
f 3146 3235 3147
f 3231 3493 3146
f 3493 3235 3146
f 3495 3234 3235
f 3495 3235 3493
f 3498 3236 3499
f 3501 3236 3498
f 3148 3501 3498
f 3148 3559 3501
f 3562 3497 3502
f 3559 3148 3562
f 3148 3497 3562
f 3502 3503 3505
f 3502 3504 3503
f 3497 3504 3502
f 3497 3513 3504
f 3149 3502 3505
f 3560 3149 3506
f 3150 3560 3506
f 3237 3150 3506
f 3237 3506 3508
f 3509 3507 3150
f 3509 3150 3237
f 3510 3505 3503
f 3511 3510 3514
f 3511 3505 3510
f 3512 3505 3511
f 3512 3149 3505
f 3508 3506 3149
f 3508 3149 3512
f 3514 3503 3504
f 3514 3504 3513
f 3510 3503 3514
f 3238 3519 3515
f 3239 3519 3238
f 3513 3239 3238
f 3497 3239 3513
f 3513 3516 3514
f 3238 3516 3513
f 3238 3515 3516
f 3234 3517 3239
f 3234 3239 3233
f 3495 3517 3234
f 3517 3227 3239
f 3483 3517 3492
f 3483 3492 3484
f 3227 3517 3483
f 3492 3144 3482
f 3518 3144 3492
f 3492 3474 3518
f 3144 3470 3471
f 3474 3144 3518
f 3474 3470 3144
f 3473 3470 3474
f 3227 3520 3519
f 3227 3519 3239
f 3520 3228 3519
f 3227 3228 3520
f 3521 3228 3567
f 3519 3228 3521
f 3522 3515 3519
f 3522 3519 3521
f 3522 3521 3567
f 3240 3515 3522
f 3523 3524 3516
f 3240 3516 3515
f 3240 3523 3516
f 3524 3525 3516
f 3526 3525 3524
f 3526 3553 3525
f 3528 3512 3553
f 3509 3237 3528
f 3509 3528 3527
f 3237 3508 3512
f 3237 3512 3528
f 3509 3527 3529
f 3527 3551 3529
f 3539 3530 3151
f 3529 3530 3539
f 3152 3531 3241
f 3532 3241 3531
f 3242 3150 3532
f 3533 3241 3532
f 3150 3533 3532
f 3507 3533 3150
f 3507 3509 3533
f 3242 3534 3150
f 3532 3531 3242
f 3535 3536 3547
f 3535 3537 3536
f 3242 3535 3547
f 3531 3535 3242
f 3531 3152 3537
f 3531 3537 3535
f 3538 3539 3151
f 3538 3241 3539
f 3540 3241 3538
f 3152 3241 3540
f 3541 3539 3241
f 3542 3541 3241
f 3533 3542 3241
f 3509 3542 3533
f 3509 3541 3542
f 3509 3539 3541
f 3509 3529 3539
f 3151 3530 3543
f 3151 3543 3244
f 3530 3529 3543
f 3544 3244 3543
f 3243 3244 3544
f 3153 3245 3244
f 3153 3244 3243
f 3245 3545 3548
f 3245 3153 3545
f 3242 3546 3556
f 3547 3546 3242
f 3547 3545 3546
f 3545 3246 3546
f 3153 3246 3545
f 3548 3547 3536
f 3548 3545 3547
f 3246 3544 3549
f 3153 3544 3246
f 3243 3544 3153
f 3550 3528 3553
f 3247 3550 3553
f 3549 3551 3550
f 3550 3527 3528
f 3551 3527 3550
f 3552 3544 3543
f 3529 3552 3543
f 3551 3552 3529
f 3551 3544 3552
f 3551 3549 3544
f 3563 3553 3555
f 3563 3247 3553
f 3246 3549 3563
f 3549 3550 3247
f 3549 3247 3563
f 3525 3511 3514
f 3525 3514 3516
f 3553 3512 3525
f 3512 3511 3525
f 3248 3526 3524
f 3248 3524 3554
f 3555 3526 3248
f 3555 3553 3526
f 3558 3555 3248
f 3154 3555 3558
f 3249 3557 3154
f 3249 3561 3557
f 3561 3556 3557
f 3154 3558 3249
f 3248 3554 3559
f 3248 3559 3558
f 3150 3561 3249
f 3150 3249 3560
f 3150 3534 3561
f 3534 3242 3561
f 3242 3556 3561
f 3560 3558 3559
f 3560 3559 3562
f 3502 3560 3562
f 3149 3560 3502
f 3249 3558 3560
f 3563 3250 3246
f 3154 3563 3555
f 3563 3557 3250
f 3154 3557 3563
f 3557 3246 3250
f 3556 3546 3246
f 3556 3246 3557
f 3564 3569 3501
f 3559 3564 3501
f 3559 3554 3564
f 3240 3522 3566
f 3522 3567 3566
f 3565 3236 3501
f 3569 3565 3501
f 3566 3236 3565
f 3567 3236 3566
f 3500 3487 3147
f 3236 3567 3500
f 3500 3567 3487
f 3228 3568 3567
f 3487 3568 3228
f 3229 3487 3228
f 3487 3567 3568
f 3524 3564 3554
f 3523 3564 3524
f 3240 3566 3523
f 3566 3565 3523
f 3523 3569 3564
f 3565 3569 3523
f 3577 3570 3251
f 3577 3618 3570
f 3251 3570 3252
f 3259 3251 3252
f 3259 3252 3591
f 3155 3251 3259
f 3254 3155 3572
f 3254 3572 3579
f 3251 3573 3577
f 3254 3255 3573
f 3574 3251 3155
f 3155 3254 3574
f 3254 3573 3251
f 3254 3251 3574
f 3255 3575 3577
f 3573 3255 3577
f 3254 3575 3255
f 3576 3577 3575
f 3256 3576 3575
f 3578 3256 3575
f 3256 3577 3576
f 3256 3583 3577
f 3578 3583 3256
f 3578 3575 3254
f 3579 3578 3254
f 3257 3579 3572
f 3257 3578 3579
f 3257 3580 3578
f 3257 3581 3580
f 3582 3578 3580
f 3582 3583 3578
f 3582 3258 3583
f 3584 3258 3156
f 3258 3619 3156
f 3258 3582 3619
f 3585 3619 3582
f 3585 3582 3580
f 3581 3668 3585
f 3581 3585 3580
f 3586 3581 3157
f 3586 3668 3581
f 3581 3587 3157
f 3581 3257 3587
f 3572 3587 3257
f 3588 3587 3572
f 3588 3572 3155
f 3589 3587 3588
f 3260 3587 3589
f 3260 3157 3587
f 3158 3260 3589
f 3158 3589 3590
f 3158 3157 3260
f 3590 3591 3253
f 3590 3259 3591
f 3589 3259 3590
f 3588 3259 3589
f 3588 3155 3259
f 3258 3593 3592
f 3593 3584 3592
f 3592 3590 3253
f 3592 3253 3571
f 3584 3158 3592
f 3158 3590 3592
f 3612 3263 3598
f 3612 3598 3262
f 3594 3263 3612
f 3598 3261 3262
f 3601 3261 3598
f 3586 3601 3595
f 3586 3595 3596
f 3597 3601 3586
f 3157 3597 3586
f 3159 3600 3598
f 3159 3598 3599
f 3586 3596 3600
f 3596 3595 3598
f 3596 3598 3600
f 3595 3601 3598
f 3158 3597 3157
f 3601 3597 3158
f 3584 3261 3601
f 3584 3601 3158
f 3602 3599 3598
f 3602 3598 3263
f 3602 3276 3599
f 3276 3159 3599
f 3602 3264 3603
f 3263 3264 3602
f 3264 3160 3603
f 3264 3263 3594
f 3604 3161 3264
f 3594 3604 3264
f 3594 3612 3604
f 3163 3161 3605
f 3163 3264 3161
f 3659 3605 3162
f 3607 3659 3162
f 3606 3659 3607
f 3659 3163 3605
f 3265 3607 3162
f 3265 3162 3626
f 3639 3607 3265
f 3651 3161 3608
f 3651 3608 3613
f 3609 3161 3651
f 3609 3605 3161
f 3626 3162 3605
f 3626 3605 3609
f 3610 3612 3266
f 3611 3604 3612
f 3611 3612 3610
f 3613 3608 3611
f 3608 3604 3611
f 3608 3161 3604
f 3266 3620 3621
f 3262 3266 3612
f 3611 3614 3613
f 3610 3614 3611
f 3266 3621 3614
f 3266 3614 3610
f 3615 3620 3266
f 3262 3615 3266
f 3261 3615 3262
f 3156 3615 3261
f 3584 3593 3258
f 3156 3261 3584
f 3591 3617 3583
f 3592 3616 3583
f 3592 3583 3258
f 3616 3591 3583
f 3571 3591 3616
f 3592 3571 3616
f 3571 3253 3591
f 3591 3252 3617
f 3617 3618 3577
f 3617 3577 3583
f 3252 3618 3617
f 3252 3570 3618
f 3615 3267 3620
f 3156 3267 3615
f 3622 3585 3268
f 3622 3619 3585
f 3620 3267 3622
f 3267 3619 3622
f 3267 3156 3619
f 3621 3620 3622
f 3275 3621 3622
f 3652 3624 3614
f 3275 3614 3621
f 3623 3614 3275
f 3623 3652 3614
f 3624 3164 3270
f 3657 3164 3624
f 3269 3625 3649
f 3639 3265 3269
f 3265 3625 3269
f 3626 3270 3625
f 3265 3626 3625
f 3639 3269 3628
f 3269 3649 3627
f 3269 3627 3628
f 3628 3629 3165
f 3628 3627 3629
f 3638 3271 3631
f 3271 3630 3631
f 3634 3632 3631
f 3634 3631 3630
f 3606 3632 3634
f 3606 3607 3633
f 3606 3633 3632
f 3630 3635 3634
f 3635 3636 3646
f 3630 3636 3635
f 3630 3637 3636
f 3630 3271 3637
f 3638 3639 3628
f 3638 3628 3165
f 3638 3631 3639
f 3631 3632 3639
f 3633 3639 3632
f 3607 3639 3633
f 3165 3629 3640
f 3165 3640 3641
f 3629 3627 3640
f 3642 3166 3641
f 3642 3641 3640
f 3642 3640 3650
f 3272 3166 3642
f 3645 3272 3643
f 3166 3272 3645
f 3272 3642 3643
f 3635 3644 3658
f 3646 3644 3635
f 3643 3658 3644
f 3643 3662 3658
f 3642 3662 3643
f 3642 3167 3662
f 3637 3646 3636
f 3645 3646 3637
f 3645 3643 3646
f 3643 3644 3646
f 3642 3648 3167
f 3642 3650 3647
f 3642 3647 3648
f 3164 3625 3270
f 3273 3625 3164
f 3647 3649 3273
f 3649 3625 3273
f 3649 3650 3640
f 3627 3649 3640
f 3649 3647 3650
f 3167 3273 3164
f 3167 3164 3663
f 3648 3273 3167
f 3648 3647 3273
f 3624 3651 3613
f 3624 3613 3614
f 3270 3651 3624
f 3270 3626 3651
f 3626 3609 3651
f 3653 3624 3652
f 3657 3624 3653
f 3663 3164 3657
f 3655 3654 3160
f 3655 3653 3654
f 3656 3653 3655
f 3656 3657 3653
f 3663 3657 3656
f 3274 3660 3664
f 3660 3658 3664
f 3660 3635 3658
f 3656 3655 3274
f 3659 3274 3655
f 3606 3660 3274
f 3606 3274 3659
f 3634 3660 3606
f 3634 3635 3660
f 3163 3160 3264
f 3163 3655 3160
f 3661 3655 3163
f 3659 3661 3163
f 3659 3655 3661
f 3663 3662 3167
f 3664 3662 3663
f 3656 3664 3663
f 3656 3274 3664
f 3664 3658 3662
f 3666 3623 3665
f 3603 3665 3602
f 3603 3666 3665
f 3160 3654 3666
f 3160 3666 3603
f 3622 3268 3667
f 3622 3667 3275
f 3276 3602 3665
f 3667 3276 3665
f 3159 3276 3667
f 3159 3268 3668
f 3600 3668 3586
f 3159 3668 3600
f 3668 3268 3585
f 3268 3159 3667
f 3623 3666 3654
f 3623 3654 3653
f 3623 3653 3652
f 3275 3665 3623
f 3667 3665 3275
f 3679 3725 3669
f 3669 3277 3677
f 3277 3671 3677
f 3693 3692 3278
f 3693 3278 3723
f 3692 3691 3278
f 3671 3674 3677
f 3279 3671 3278
f 3672 3671 3279
f 3672 3689 3673
f 3672 3673 3674
f 3673 3689 3675
f 3676 3673 3675
f 3680 3675 3689
f 3677 3670 3669
f 3676 3678 3670
f 3676 3675 3678
f 3674 3671 3672
f 3670 3677 3674
f 3673 3670 3674
f 3676 3670 3673
f 3670 3679 3669
f 3678 3679 3670
f 3281 3679 3678
f 3281 3678 3675
f 3281 3168 3679
f 3168 3725 3679
f 3680 3281 3675
f 3280 3680 3689
f 3280 3281 3680
f 3280 3681 3281
f 3280 3283 3681
f 3281 3682 3168
f 3681 3282 3281
f 3281 3282 3682
f 3682 3683 3168
f 3685 3282 3684
f 3682 3282 3685
f 3686 3726 3282
f 3726 3684 3282
f 3686 3282 3681
f 3681 3283 3686
f 3169 3686 3283
f 3283 3687 3700
f 3283 3280 3687
f 3280 3690 3687
f 3688 3690 3280
f 3689 3688 3280
f 3690 3688 3689
f 3690 3689 3672
f 3691 3687 3690
f 3170 3687 3691
f 3700 3687 3170
f 3170 3691 3692
f 3691 3279 3278
f 3672 3279 3691
f 3690 3672 3691
f 3682 3284 3693
f 3682 3693 3683
f 3693 3284 3692
f 3284 3170 3692
f 3170 3284 3694
f 3285 3694 3695
f 3698 3285 3696
f 3697 3698 3696
f 3697 3289 3698
f 3699 3285 3698
f 3286 3285 3699
f 3283 3699 3169
f 3283 3286 3699
f 3700 3286 3283
f 3287 3698 3703
f 3169 3699 3287
f 3699 3698 3287
f 3701 3285 3286
f 3170 3286 3700
f 3701 3286 3170
f 3170 3694 3701
f 3694 3285 3701
f 3702 3703 3698
f 3702 3698 3289
f 3298 3703 3702
f 3704 3288 3702
f 3289 3704 3702
f 3289 3288 3704
f 3705 3288 3707
f 3288 3289 3707
f 3707 3708 3171
f 3289 3708 3707
f 3706 3708 3289
f 3289 3697 3706
f 3173 3171 3709
f 3711 3709 3172
f 3710 3711 3290
f 3711 3173 3709
f 3291 3290 3711
f 3291 3711 3172
f 3712 3290 3291
f 3713 3709 3171
f 3292 3709 3713
f 3292 3713 3756
f 3714 3709 3292
f 3172 3709 3714
f 3716 3708 3706
f 3716 3706 3715
f 3713 3708 3716
f 3713 3171 3708
f 3715 3719 3175
f 3706 3719 3715
f 3706 3697 3719
f 3697 3696 3719
f 3716 3720 3713
f 3715 3720 3716
f 3175 3718 3720
f 3175 3720 3715
f 3285 3719 3696
f 3695 3721 3719
f 3695 3719 3285
f 3695 3685 3721
f 3685 3684 3721
f 3685 3694 3284
f 3685 3284 3682
f 3695 3694 3685
f 3723 3724 3168
f 3693 3722 3168
f 3693 3168 3683
f 3722 3723 3168
f 3693 3723 3722
f 3278 3724 3723
f 3278 3671 3724
f 3725 3277 3669
f 3724 3725 3168
f 3671 3725 3724
f 3671 3277 3725
f 3719 3717 3175
f 3721 3717 3719
f 3721 3293 3717
f 3684 3293 3721
f 3726 3686 3768
f 3717 3293 3768
f 3293 3726 3768
f 3293 3684 3726
f 3768 3175 3717
f 3768 3718 3175
f 3176 3718 3768
f 3176 3720 3718
f 3176 3727 3720
f 3727 3728 3720
f 3758 3757 3728
f 3758 3294 3757
f 3174 3729 3752
f 3712 3291 3729
f 3712 3729 3174
f 3172 3294 3729
f 3291 3172 3729
f 3174 3752 3730
f 3174 3730 3742
f 3752 3751 3730
f 3740 3742 3731
f 3742 3730 3731
f 3739 3295 3733
f 3295 3732 3733
f 3734 3733 3732
f 3710 3290 3734
f 3290 3741 3734
f 3290 3712 3741
f 3732 3735 3734
f 3732 3736 3735
f 3732 3737 3736
f 3732 3295 3737
f 3738 3740 3731
f 3738 3731 3177
f 3739 3740 3738
f 3739 3733 3740
f 3733 3741 3740
f 3712 3740 3741
f 3734 3741 3733
f 3742 3740 3712
f 3174 3742 3712
f 3177 3731 3743
f 3177 3743 3179
f 3731 3730 3743
f 3743 3178 3179
f 3744 3178 3743
f 3746 3178 3744
f 3750 3746 3745
f 3296 3746 3750
f 3178 3746 3296
f 3735 3747 3748
f 3736 3747 3735
f 3749 3766 3748
f 3745 3748 3747
f 3746 3748 3745
f 3746 3749 3748
f 3750 3736 3737
f 3750 3745 3736
f 3745 3747 3736
f 3746 3744 3749
f 3744 3743 3751
f 3744 3751 3749
f 3753 3729 3294
f 3753 3294 3758
f 3752 3729 3753
f 3730 3751 3743
f 3754 3753 3761
f 3749 3755 3754
f 3752 3753 3754
f 3755 3752 3754
f 3749 3752 3755
f 3749 3751 3752
f 3756 3713 3720
f 3757 3292 3756
f 3728 3756 3720
f 3757 3756 3728
f 3294 3714 3757
f 3714 3292 3757
f 3294 3172 3714
f 3297 3758 3759
f 3761 3758 3297
f 3753 3758 3761
f 3180 3761 3297
f 3180 3297 3760
f 3762 3764 3748
f 3764 3735 3748
f 3760 3765 3763
f 3180 3760 3763
f 3760 3297 3765
f 3297 3759 3765
f 3759 3705 3765
f 3710 3762 3763
f 3711 3763 3765
f 3710 3763 3711
f 3734 3735 3710
f 3764 3762 3710
f 3735 3764 3710
f 3173 3765 3705
f 3173 3705 3707
f 3173 3707 3171
f 3711 3765 3173
f 3766 3749 3754
f 3180 3754 3761
f 3180 3763 3754
f 3763 3762 3754
f 3762 3748 3766
f 3762 3766 3754
f 3288 3771 3702
f 3771 3772 3702
f 3705 3759 3771
f 3705 3771 3288
f 3176 3768 3767
f 3298 3702 3772
f 3767 3298 3772
f 3703 3769 3169
f 3703 3169 3287
f 3298 3769 3703
f 3298 3767 3769
f 3770 3769 3768
f 3686 3770 3768
f 3169 3770 3686
f 3769 3767 3768
f 3169 3769 3770
f 3771 3759 3758
f 3728 3771 3758
f 3727 3771 3728
f 3176 3767 3772
f 3176 3772 3727
f 3772 3771 3727
f 3773 3775 3774
f 3800 3801 3776
f 3300 3774 3775
f 3300 3775 3299
f 3776 3300 3299
f 3300 3777 3781
f 3798 3777 3300
f 3798 3796 3777
f 3779 3777 3778
f 3777 3796 3778
f 3779 3774 3777
f 3301 3779 3778
f 3301 3778 3786
f 3301 3774 3779
f 3301 3780 3774
f 3774 3780 3773
f 3780 3301 3782
f 3781 3774 3300
f 3777 3774 3781
f 3782 3784 3773
f 3780 3782 3773
f 3301 3783 3782
f 3301 3785 3783
f 3783 3784 3782
f 3785 3784 3783
f 3314 3773 3784
f 3785 3314 3784
f 3181 3314 3785
f 3786 3785 3301
f 3778 3785 3786
f 3182 3785 3778
f 3182 3302 3785
f 3302 3181 3785
f 3302 3791 3303
f 3182 3791 3302
f 3302 3787 3181
f 3303 3787 3302
f 3303 3789 3787
f 3789 3788 3181
f 3787 3789 3181
f 3304 3789 3303
f 3305 3304 3303
f 3305 3315 3304
f 3791 3305 3303
f 3792 3305 3791
f 3790 3792 3791
f 3877 3792 3790
f 3790 3793 3794
f 3791 3793 3790
f 3791 3182 3793
f 3778 3794 3793
f 3778 3793 3182
f 3778 3306 3794
f 3778 3796 3306
f 3795 3796 3798
f 3796 3794 3306
f 3790 3794 3796
f 3307 3790 3796
f 3802 3795 3801
f 3802 3307 3795
f 3307 3796 3795
f 3797 3776 3801
f 3797 3300 3776
f 3795 3797 3801
f 3795 3798 3797
f 3798 3300 3797
f 3788 3799 3181
f 3789 3799 3788
f 3789 3308 3799
f 3799 3801 3800
f 3308 3801 3799
f 3308 3802 3801
f 3802 3308 3803
f 3804 3805 3309
f 3310 3810 3804
f 3810 3811 3808
f 3810 3805 3804
f 3307 3810 3325
f 3307 3805 3810
f 3790 3806 3877
f 3307 3806 3790
f 3877 3806 3325
f 3806 3307 3325
f 3803 3309 3802
f 3309 3307 3802
f 3309 3805 3307
f 3808 3325 3810
f 3808 3809 3879
f 3811 3809 3808
f 3810 3310 3871
f 3809 3811 3871
f 3811 3810 3871
f 3871 3812 3813
f 3310 3812 3871
f 3311 3873 3813
f 3873 3871 3813
f 3183 3814 3817
f 3183 3815 3814
f 3183 3311 3815
f 3312 3814 3815
f 3312 3815 3818
f 3819 3814 3312
f 3819 3816 3814
f 3820 3813 3812
f 3821 3820 3824
f 3821 3813 3820
f 3822 3813 3821
f 3822 3311 3813
f 3818 3815 3311
f 3818 3311 3822
f 3812 3310 3823
f 3824 3812 3823
f 3820 3812 3824
f 3313 3825 3834
f 3313 3826 3825
f 3826 3828 3825
f 3310 3826 3823
f 3310 3804 3826
f 3804 3828 3826
f 3823 3827 3824
f 3826 3827 3823
f 3313 3834 3827
f 3313 3827 3826
f 3804 3829 3828
f 3309 3829 3804
f 3803 3829 3309
f 3829 3304 3830
f 3831 3803 3308
f 3831 3308 3789
f 3304 3831 3789
f 3304 3829 3831
f 3829 3803 3831
f 3799 3832 3314
f 3799 3314 3181
f 3800 3776 3799
f 3776 3299 3832
f 3776 3832 3799
f 3314 3775 3773
f 3299 3314 3832
f 3299 3775 3314
f 3830 3825 3828
f 3829 3830 3828
f 3825 3315 3878
f 3830 3315 3825
f 3830 3304 3315
f 3833 3834 3825
f 3833 3825 3878
f 3184 3834 3833
f 3184 3827 3834
f 3184 3835 3827
f 3835 3836 3827
f 3864 3316 3837
f 3836 3837 3827
f 3862 3837 3836
f 3862 3864 3837
f 3819 3312 3858
f 3819 3858 3838
f 3822 3316 3858
f 3312 3818 3822
f 3312 3822 3858
f 3819 3838 3839
f 3839 3840 3185
f 3848 3841 3842
f 3848 3843 3841
f 3183 3817 3841
f 3817 3814 3841
f 3841 3816 3842
f 3814 3816 3841
f 3844 3322 3841
f 3841 3317 3844
f 3317 3845 3318
f 3841 3843 3845
f 3841 3845 3317
f 3846 3847 3839
f 3846 3839 3185
f 3848 3842 3847
f 3848 3847 3846
f 3816 3847 3842
f 3819 3847 3816
f 3819 3839 3847
f 3185 3840 3849
f 3185 3849 3850
f 3857 3186 3850
f 3857 3850 3849
f 3852 3186 3857
f 3186 3852 3851
f 3186 3851 3187
f 3317 3854 3844
f 3851 3319 3854
f 3852 3319 3851
f 3852 3874 3319
f 3853 3854 3317
f 3318 3853 3317
f 3320 3853 3318
f 3320 3854 3853
f 3187 3851 3854
f 3187 3854 3320
f 3852 3855 3856
f 3852 3857 3855
f 3859 3858 3316
f 3861 3859 3316
f 3855 3859 3861
f 3859 3838 3858
f 3855 3838 3859
f 3849 3855 3857
f 3840 3860 3849
f 3839 3860 3840
f 3838 3860 3839
f 3838 3855 3860
f 3860 3855 3849
f 3867 3316 3864
f 3874 3852 3861
f 3852 3856 3861
f 3861 3316 3867
f 3856 3855 3861
f 3837 3821 3824
f 3837 3824 3827
f 3316 3822 3837
f 3822 3821 3837
f 3321 3862 3863
f 3864 3862 3321
f 3865 3863 3809
f 3321 3863 3865
f 3866 3864 3321
f 3867 3864 3866
f 3868 3854 3319
f 3869 3868 3866
f 3869 3322 3868
f 3322 3854 3868
f 3322 3844 3854
f 3872 3809 3871
f 3869 3865 3872
f 3866 3865 3869
f 3866 3321 3865
f 3865 3809 3872
f 3323 3869 3872
f 3183 3322 3869
f 3183 3869 3323
f 3183 3841 3870
f 3841 3322 3870
f 3870 3322 3183
f 3872 3871 3873
f 3311 3872 3873
f 3311 3183 3872
f 3183 3323 3872
f 3874 3861 3867
f 3866 3868 3867
f 3868 3874 3867
f 3868 3319 3874
f 3809 3875 3879
f 3809 3863 3875
f 3184 3876 3324
f 3833 3876 3184
f 3833 3878 3876
f 3324 3808 3879
f 3324 3325 3808
f 3876 3325 3324
f 3807 3877 3325
f 3325 3876 3807
f 3878 3315 3305
f 3792 3878 3305
f 3792 3877 3878
f 3877 3807 3878
f 3807 3876 3878
f 3835 3875 3863
f 3835 3863 3862
f 3835 3862 3836
f 3184 3324 3835
f 3835 3879 3875
f 3324 3879 3835

