# Web-optimized basophil model
# Reduced from 26858 to 8000 triangles
v 198.668253 -351.012679 -204.281116
v 231.118491 -375.485404 -233.199728
v 285.765165 -354.017954 -228.644671
v 271.290220 -315.161496 -70.637510
v 341.541080 -347.133146 -88.546893
v 334.654221 -305.783701 -82.064099
v 352.459055 -287.995587 -137.631926
v 358.672593 -314.934418 -110.132295
v 345.018613 -292.401752 -100.465177
v 347.917301 -326.493967 -90.025045
v 316.696837 -283.112826 -84.659029
v 315.990074 -317.943163 -69.099843
v 330.900503 -339.912362 -76.514140
v 356.929244 -351.136076 -116.842575
v 361.901384 -311.508385 -135.850120
v 334.335725 -271.758509 -120.752012
v 317.826108 -270.705657 -100.584555
v 303.102413 -298.083784 -71.975477
v 293.697551 -325.388339 -65.283711
v 305.692799 -359.735360 -74.216389
v 334.647014 -369.841169 -98.463187
v 363.022911 -337.846489 -137.547856
v 355.377594 -312.920351 -162.963984
v 334.536818 -284.598620 -172.712165
v 322.169030 -263.423779 -144.240422
v 292.203059 -252.897068 -134.333437
v 279.530992 -273.333782 -90.934138
v 241.427809 -299.503586 -95.934371
v 269.133853 -293.681629 -79.067497
v 261.260948 -340.898554 -75.886278
v 283.099344 -357.128870 -74.464513
v 306.902067 -383.214230 -98.788186
v 314.502385 -392.206375 -133.878642
v 343.679912 -373.106653 -123.080814
v 348.547254 -365.432478 -147.210230
v 348.325458 -350.419847 -169.265420
v 338.663365 -305.029229 -181.639728
v 305.918875 -264.562252 -172.015793
v 271.022884 -256.620101 -124.614616
v 246.700275 -266.345038 -123.744129
v 231.926788 -325.930233 -103.881718
v 242.884430 -354.389719 -101.120789
v 269.763675 -371.685718 -89.122339
v 260.143735 -378.386134 -108.267546
v 288.024663 -392.677859 -119.315871
v 331.660261 -377.764616 -160.205274
v 302.951227 -375.549015 -184.484636
v 340.384417 -341.898640 -183.071092
v 309.794707 -349.032534 -201.065199
v 307.239315 -311.995860 -204.073674
v 277.520549 -280.282556 -205.144333
v 275.373500 -259.097086 -172.903804
v 258.807543 -256.532260 -156.012055
v 226.786817 -280.847710 -137.899596
v 221.537150 -305.649397 -125.101401
v 233.414695 -366.488197 -136.192824
v 275.856139 -390.907085 -160.489622
v 292.018604 -386.068039 -171.769922
v 269.974032 -311.386925 -233.506903
v 250.229553 -273.587908 -197.332028
v 235.562404 -270.977783 -173.859826
v 201.302332 -352.420713 -179.991165
v 254.220100 -385.005301 -144.274799
v 277.860597 -377.868021 -216.420978
v 277.101035 -333.237982 -237.725634
v 251.487775 -294.152248 -223.988333
v 226.362829 -299.059230 -218.859329
v 200.529697 -325.585150 -182.688279
v 211.415426 -376.224218 -185.656847
v 230.784523 -389.283554 -186.371683
v 253.474042 -393.152749 -194.694207
v 260.010393 -389.263323 -211.841949
v 266.773121 -359.053147 -239.610817
v 241.887202 -356.467819 -245.601442
v 254.521615 -332.103810 -245.110777
v 239.243428 -317.263038 -240.122176
v 218.982689 -324.085087 -233.655284
v 210.553928 -303.323328 -197.809786
v 234.597235 -388.457870 -217.061917
v 256.614338 -376.620760 -233.856310
v 230.249461 -342.584713 -243.782633
v 210.276666 -339.629469 -229.907453
v 205.694584 -322.446638 -215.130684
v 215.666922 -381.837752 -204.321987
v 217.042004 -365.361375 -231.687770
v 206.117691 -357.214330 -221.906377
v 292.383497 -79.689113 -260.514058
v 321.853431 -76.604420 -269.036172
v 269.483241 10.141414 -238.924124
v 345.285488 -40.182302 -218.233853
v 322.510250 -13.755363 -299.587250
v 339.966493 -15.138315 -295.054457
v 349.107314 -10.042844 -282.917692
v 353.023487 -10.287201 -266.491960
v 353.176638 -30.083868 -272.051685
v 340.911793 -63.935468 -255.038285
v 325.299935 -75.389577 -241.722612
v 332.507717 -60.219209 -220.324464
v 305.608161 -81.013644 -243.092454
v 280.075289 -68.270030 -234.490006
v 301.180107 -62.870626 -217.042261
v 303.475626 -34.410873 -203.397414
v 318.313018 -38.562662 -200.924855
v 332.569308 -20.320148 -205.178464
v 311.616859 -5.073702 -205.575675
v 277.839851 -6.587013 -215.038846
v 278.001868 -50.882939 -223.283050
v 264.878723 -45.869083 -241.717481
v 270.060055 -61.801206 -261.334475
v 278.754247 -60.871629 -280.253422
v 291.299749 -50.751981 -291.895123
v 312.092512 -67.934512 -285.144391
v 345.736490 -35.317171 -286.758116
v 322.968434 -34.494322 -299.977780
v 291.721655 -24.295601 -292.806602
v 275.986380 -30.463497 -283.254497
v 264.972342 -35.807900 -267.049646
v 262.606574 -4.051518 -236.357613
v 302.421162 -3.865018 -285.784444
v 323.402550 2.179447 -289.937816
v 341.634482 4.628866 -276.084714
v 312.723043 13.261395 -263.914891
v 276.291891 10.055818 -255.438625
v 294.439753 20.175664 -232.364547
v 283.570560 11.783291 -219.571489
v 317.731190 15.533280 -235.273801
v 330.253267 2.817366 -219.162429
v 344.235926 -17.447652 -220.730717
v -51.258212 183.299688 -374.047211
v -29.125595 182.343670 -347.081667
v -14.061050 166.130576 -453.934064
v 32.647098 112.608127 -397.886075
v 10.709344 130.816251 -344.089354
v -9.411071 127.078940 -344.028161
v 21.405210 179.282481 -344.432466
v -2.312278 175.626049 -338.225199
v 44.915993 162.737951 -431.593052
v 28.002012 208.323791 -408.288059
v 17.254977 213.087350 -386.116220
v -6.424661 217.678869 -402.937406
v -27.895714 205.703074 -370.599703
v -30.254018 209.650574 -409.562455
v -47.789070 195.472656 -397.528574
v -52.278984 184.859173 -413.473944
v -60.982810 156.437229 -393.568438
v -53.160108 137.357740 -374.715461
v -47.881698 121.740565 -387.906536
v -29.537741 114.207167 -365.133482
v 18.606202 111.815822 -364.966744
v 29.662489 141.317085 -347.790970
v 4.250812 153.719103 -335.966502
v -23.193450 157.718565 -339.058708
v -36.241562 144.722904 -347.226933
v -47.136321 165.510908 -357.068379
v 0.566463 212.173355 -370.903380
v 23.379622 195.921221 -357.373963
v 38.945592 200.107192 -387.268624
v 40.780525 184.894921 -366.428027
v -0.113683 211.222127 -425.779690
v -34.663578 180.718306 -439.786356
v -45.721819 157.649498 -435.605997
v -46.754706 136.743567 -425.421476
v -34.835499 114.666273 -413.424572
v -17.496107 103.130340 -399.517991
v 2.984032 101.851788 -385.168827
v 45.399257 129.763287 -381.067230
v 45.460046 154.804839 -360.669945
v -11.355382 195.061354 -349.045515
v 51.670709 171.681970 -377.952522
v 50.384898 182.901028 -400.943588
v 38.379422 191.047163 -424.784193
v 17.458352 196.636525 -437.277741
v -11.432713 190.713822 -445.317193
v 3.703994 133.151699 -447.632106
v -16.707476 120.543246 -437.176955
v 16.778623 121.067398 -434.956763
v 14.709625 107.265573 -414.494344
v 41.622944 133.658286 -423.414476
v 49.125218 133.404182 -401.776459
v 54.938842 153.448622 -391.667333
v 20.697687 174.532400 -448.692123
v 17.614848 149.425644 -450.630957
v 53.401999 161.710153 -412.718856
v 118.322102 389.106520 17.642291
v 97.590174 398.355425 25.216472
v 115.865861 412.933838 35.221162
v 99.729421 479.256583 -18.994439
v 102.552906 469.621932 -44.091838
v 154.107751 416.123995 8.340239
v 139.783009 392.116791 4.592386
v 103.001289 460.800270 26.207644
v 133.421271 428.115710 31.461908
v 153.488918 404.236952 -12.815088
v 123.207610 453.482460 -54.721798
v 94.379578 473.231226 7.487060
v 113.658034 477.812267 0.595302
v 135.172030 473.064465 -10.959161
v 122.258722 468.419007 16.021885
v 117.988043 445.773839 34.249509
v 85.246123 387.177473 1.438502
v 64.898695 406.629796 -5.116672
v 95.460383 381.034301 -12.051889
v 117.087970 379.412744 -4.288014
v 116.356083 385.367340 -36.929596
v 136.887696 387.227160 -21.620145
v 143.687397 404.394363 -41.246578
v 157.609893 423.698275 -24.292820
v 158.665197 436.128638 -6.663348
v 145.236539 414.813424 20.414665
v 146.491369 451.268261 13.816730
v 147.317645 460.394966 -4.031418
v 118.617867 478.313026 -22.165922
v 82.059325 472.325850 -16.969900
v 72.654728 461.084373 -29.922493
v 93.921801 451.869319 -55.039883
v 73.458100 439.042691 -46.688660
v 94.043542 431.073366 -60.811870
v 142.728450 431.499783 -50.884001
v 122.626019 425.695730 -60.717622
v 155.462747 443.267108 -26.961536
v 146.181738 457.276126 -32.260928
v 128.684999 466.906147 -39.559305
v 115.760910 406.342392 -57.029877
v 85.997875 405.702194 -50.780316
v 85.261518 388.981825 -32.109666
v 64.648468 420.447617 -32.893838
v 60.962016 438.623178 -24.711970
v 60.832178 437.956335 -3.567173
v 73.280382 456.555879 11.612144
v 85.745758 436.586567 30.979612
v 74.665518 419.848245 23.121621
v -353.417362 38.403373 -234.891304
v -396.994721 92.496702 -252.816269
v -406.453375 101.083941 -228.401396
v -402.233344 112.753527 -214.873322
v -370.722409 98.972933 -283.552762
v -347.784819 186.112123 -211.275591
v -347.930499 178.677224 -188.215941
v -266.673566 92.127438 -165.171386
v -259.836923 148.295473 -229.248591
v -272.668915 164.287120 -209.696288
v -320.772986 186.055939 -219.215802
v -341.800272 179.914275 -237.409109
v -327.811282 147.786556 -278.225110
v -354.031216 170.716435 -243.141411
v -324.602969 121.984268 -290.285171
v -354.757906 92.810469 -290.682148
v -356.108824 75.480691 -287.641918
v -359.136376 61.004565 -278.801073
v -359.068440 48.233654 -265.524353
v -370.496656 46.569661 -239.296352
v -397.838332 78.495069 -241.829991
v -398.970501 112.386094 -250.043685
v -369.520146 117.154314 -279.453924
v -389.217211 133.936057 -245.728081
v -366.207083 174.439867 -213.959987
v -365.321496 161.856756 -187.295667
v -354.747706 139.185842 -163.777267
v -322.811336 181.647196 -185.310879
v -277.129970 163.055765 -179.142894
v -255.502577 144.044428 -187.575919
v -246.328490 122.278507 -224.309486
v -249.832865 109.695436 -253.465354
v -246.986849 84.774563 -239.597150
v -260.122860 60.717632 -236.797948
v -266.080603 68.191972 -263.518505
v -277.892003 45.601458 -240.855930
v -289.436923 41.068931 -205.653339
v -312.164649 33.794279 -222.574297
v -318.132350 39.106642 -195.672488
v -336.115658 43.935278 -194.146612
v -364.528254 44.095215 -222.506933
v -394.290680 71.042989 -212.749301
v -391.604528 85.929424 -197.628887
v -403.521722 89.712653 -214.851591
v -399.730196 124.149089 -232.153336
v -385.628067 128.515762 -259.532490
v -383.094097 145.793021 -223.977609
v -338.562312 117.303342 -146.192001
v -319.913538 146.799094 -147.506133
v -287.602567 152.772010 -154.747740
v -263.878771 142.411764 -168.338188
v -248.696201 113.517803 -189.643248
v -252.387895 76.094530 -211.181119
v -265.079859 57.536713 -207.401249
v -289.688954 71.302596 -161.409385
v -313.626619 64.710046 -157.354329
v -340.217978 56.586917 -172.075805
v -349.226747 72.559753 -162.299834
v -355.695390 100.584415 -156.838820
v -395.617768 102.730035 -199.964689
v -382.982583 134.559398 -199.919945
v -328.782061 88.230770 -143.981136
v -304.288287 115.422248 -138.225047
v -286.590849 132.486150 -145.243594
v -288.853724 97.332219 -143.749713
v -264.802244 120.946173 -157.516673
v -302.108179 38.196211 -248.247995
v -269.221878 91.656785 -279.713180
v -264.069939 118.219652 -272.527955
v -260.000746 136.716023 -254.706311
v -285.499674 157.018730 -257.865305
v -302.076857 155.071978 -270.854856
v -287.089559 125.421813 -286.520435
v -309.193657 105.292521 -294.598168
v -299.923054 83.086008 -291.611860
v -296.035766 54.299605 -273.335534
v 346.068770 90.594870 136.919041
v 290.150918 159.564600 168.103869
v 402.706743 73.493791 206.878108
v 340.514930 229.436618 192.693725
v 366.403276 230.733078 203.970207
v 405.703031 200.938181 279.620638
v 355.873636 212.127550 157.338670
v 383.323197 208.232805 165.566811
v 320.186205 225.519099 204.152758
v 325.855128 228.765731 227.828218
v 325.858297 220.104535 243.555093
v 308.405557 200.401688 240.679977
v 346.597775 185.687174 282.507230
v 332.291939 139.372543 267.782103
v 366.211831 164.412467 291.794319
v 381.749570 179.475233 295.429565
v 400.314760 140.683224 271.955433
v 396.729904 159.860861 287.965567
v 421.969058 182.277768 270.331974
v 402.738193 182.072764 288.558114
v 425.053342 196.021770 251.041272
v 406.712824 213.089698 263.389216
v 380.591080 219.416684 273.195058
v 384.589629 204.891006 286.919142
v 354.201355 199.842915 284.527745
v 359.692547 220.651837 268.856363
v 385.376512 227.202580 248.608892
v 349.613380 235.525508 217.140523
v 409.759869 203.925592 197.672320
v 404.082428 186.405369 156.199617
v 391.555733 176.795375 138.129244
v 366.406410 197.570186 141.711843
v 328.842419 205.513168 155.636000
v 303.789232 209.139551 215.332826
v 295.033585 182.555576 223.418847
v 357.021184 117.611262 268.976001
v 374.921545 111.372756 264.183435
v 418.906727 124.990755 239.201034
v 425.573182 162.014399 260.992765
v 438.144687 162.552867 221.165065
v 408.824486 215.389864 237.301098
v 365.385979 229.354561 251.529887
v 428.536060 189.069628 208.036666
v 419.685545 160.523028 155.594787
v 384.373824 158.504254 126.174838
v 352.042743 170.076205 125.576497
v 307.356182 193.943603 162.396732
v 298.223886 194.402321 182.172184
v 287.892533 172.297710 191.556566
v 298.923705 143.384245 234.251365
v 309.197368 109.733434 231.578833
v 333.820577 92.093404 237.984365
v 408.967449 91.176790 227.711491
v 426.121088 101.089763 208.454353
v 433.795629 116.557118 180.329152
v 436.495218 163.646317 200.210693
v 425.109621 126.970049 153.987391
v 410.251884 129.792397 136.993131
v 374.667177 127.804228 121.011028
v 327.588306 184.327346 137.366844
v 305.818977 154.089675 143.235722
v 287.311367 152.573119 208.019778
v 292.192321 124.377162 208.716430
v 304.365570 98.311297 202.579174
v 333.946020 74.209353 213.509494
v 357.656531 78.443385 233.715834
v 385.850418 81.612758 234.710920
v 404.544628 73.004741 176.720219
v 418.258914 99.242198 155.870403
v 397.015375 102.287175 134.925528
v 367.321191 103.353077 127.045669
v 336.192109 140.620836 124.171435
v 294.390786 133.647480 162.957131
v 316.397068 109.621671 144.994135
v 302.055435 104.687143 173.886689
v 326.007101 75.089538 186.959348
v 351.823838 63.893643 201.352251
v 375.399923 67.142862 217.245152
v 421.187576 87.332833 185.716283
v 379.490869 77.946778 145.483576
v 350.628083 65.784966 170.341956
v 377.130459 61.791374 182.746492
v 324.651173 82.506184 163.930566
v 288.391803 130.559234 185.432091
v -366.945003 -87.477868 64.157667
v -356.194234 -98.478729 49.209605
v -341.796176 -70.095893 -43.951053
v -326.986649 -87.049613 39.900535
v -387.518013 22.325957 6.311598
v -387.413183 18.164321 33.991937
v -342.829352 -11.039201 62.072540
v -308.306315 -22.614455 9.845722
v -312.993685 -19.743243 32.879956
v -310.318157 -52.168613 38.543693
v -312.130783 -75.387814 18.757723
v -338.700757 -79.996167 58.596326
v -356.868034 -61.403294 75.832145
v -327.915906 -53.852746 62.038896
v -321.477569 -28.821757 53.597320
v -327.984745 -4.344928 42.129209
v -346.633406 9.273869 44.614309
v -365.152540 -11.110073 70.613332
v -372.551120 -42.713583 79.629592
v -341.852291 -33.100225 70.762291
v -391.610183 -67.104454 73.144449
v -402.757590 -88.384518 54.674682
v -412.592576 -94.671465 34.938109
v -379.275537 -107.950687 36.096947
v -353.462322 -109.900434 20.433422
v -333.890818 -100.581798 8.816260
v -313.284261 -75.279590 -3.955131
v -304.167165 -46.367145 10.618679
v -323.533660 3.065548 15.031355
v -378.437795 9.777977 51.540133
v -395.631153 -3.816281 60.841002
v -414.870809 -21.322520 59.433319
v -396.213587 -32.429852 73.937481
v -422.301660 -60.407731 56.553162
v -439.056309 -64.003819 16.846893
v -429.497094 -82.687368 7.712527
v -406.342831 -103.704086 12.145493
v -384.665401 -111.431986 2.530234
v -385.458484 -99.498372 -26.612553
v -355.814020 -104.704408 -16.585141
v -328.597196 -84.209499 -23.566725
v -314.394581 -52.864034 -23.057759
v -315.416780 -25.575383 -21.340724
v -330.555695 -0.247564 -19.999161
v -348.523612 19.483375 9.230603
v -360.393315 17.531417 -13.547994
v -359.105344 15.982908 38.912655
v -412.349047 9.296819 23.267053
v -419.933561 -5.374388 40.717925
v -435.650523 -40.562128 37.319279
v -436.489536 -20.457672 14.569278
v -433.423779 -66.427868 -10.108229
v -410.355984 -92.662477 -19.890831
v -394.436386 -73.960774 -46.608534
v -360.497592 -89.768607 -38.637835
v -375.823661 -60.527817 -55.727210
v -333.408494 -47.764608 -44.154186
v -334.729151 -22.429773 -40.436866
v -386.677602 14.919055 -18.353717
v -415.715031 5.931148 -4.633803
v -434.657778 -27.940776 -14.333600
v -420.976304 -57.827588 -35.340748
v -394.351987 -36.986002 -53.015379
v -366.149433 -31.244247 -56.224964
v -356.074818 -5.174311 -42.090354
v -383.451538 1.866280 -37.270772
v -412.639774 -13.754023 -35.665788
v -114.259387 52.081506 175.483255
v -139.467789 54.284026 174.608713
v -166.711599 111.591431 189.349130
v -154.867878 128.543484 201.548371
v -143.905051 118.934597 161.557673
v -119.899179 92.634431 148.986569
v -139.452486 100.635683 151.524666
v -97.176714 81.108126 257.111002
v -104.141699 96.817793 260.506647
v -83.997224 99.818611 255.755537
v -64.644288 90.134620 234.530211
v -68.279606 71.391303 221.746850
v -94.452283 124.650090 249.678629
v -65.233046 110.697117 198.569016
v -78.964523 132.351445 200.815524
v -77.100017 132.267042 221.520749
v -103.160444 137.226520 236.168066
v -119.670347 113.258430 255.174685
v -70.195418 110.121231 240.985829
v -59.878720 101.475680 218.259756
v -69.592461 98.829146 183.009090
v -88.293684 123.390110 172.590181
v -99.693014 140.464032 189.396263
v -111.535848 145.259376 212.867736
v -132.558161 136.302564 229.150764
v -140.424791 113.464193 244.501679
v -128.654697 86.795960 254.429527
v -114.137737 61.443110 244.436113
v -90.533170 54.855638 227.425299
v -82.760583 70.030822 244.911059
v -67.773271 73.543619 201.047798
v -77.088552 84.319152 174.697899
v -96.288640 96.080508 156.540219
v -130.737434 138.234122 178.312143
v -145.304212 135.744861 188.773350
v -153.066034 123.497687 221.507814
v -166.710387 102.282159 214.959148
v -148.881034 80.851976 238.523524
v -133.023261 53.981092 225.929974
v -120.663937 45.261645 203.302961
v -91.445184 51.686697 199.053150
v -114.862359 67.228723 157.476022
v -89.586981 70.060386 169.669140
v -117.847981 121.060753 157.187601
v -163.739196 105.153338 172.254173
v -169.904577 85.876370 191.987947
v -156.056431 81.802027 161.731728
v -161.892495 66.818874 185.453500
v -163.238807 77.016403 216.567895
v -146.381829 52.925790 205.558046
v -137.562855 71.433973 156.336552
v 186.618777 -245.776758 263.596258
v 174.854308 -234.501793 275.525342
v 206.577232 -184.956295 254.629372
v 275.421226 -270.633221 321.352452
v 310.346377 -246.834266 321.279853
v 316.482470 -216.068777 336.152476
v 253.113646 -122.844823 311.760822
v 296.501295 -158.011000 339.708613
v 282.474787 -135.651232 316.786500
v 273.112579 -137.732496 347.573725
v 275.856721 -155.257280 365.285219
v 255.737581 -122.307558 330.743090
v 244.941186 -137.528005 359.966682
v 251.832789 -165.066537 375.604402
v 273.390918 -184.077160 373.268889
v 297.560824 -208.427334 360.310538
v 307.384066 -189.421922 351.079051
v 321.188285 -194.492177 320.418651
v 321.828459 -191.216725 287.898898
v 311.148641 -168.952204 298.468268
v 267.038764 -131.517013 295.891225
v 234.540164 -131.593223 291.422144
v 224.280424 -125.986439 321.294930
v 222.258893 -132.897110 343.079660
v 206.051314 -166.571774 355.500587
v 219.428891 -153.438083 360.844337
v 227.613140 -169.554686 372.052725
v 255.386420 -209.814169 372.315576
v 307.192969 -170.148172 274.850530
v 282.862980 -161.192614 259.169294
v 209.494206 -142.068121 304.129286
v 201.433579 -150.168975 330.428653
v 223.985493 -232.057518 359.849723
v 247.004022 -246.664541 353.625824
v 267.201507 -257.395605 342.048594
v 294.778626 -231.276863 352.666259
v 294.835000 -252.123704 333.809647
v 314.282704 -247.424241 290.830439
v 321.544705 -231.419884 307.688336
v 314.007245 -236.070911 268.898443
v 322.811768 -212.507786 276.491725
v 305.160532 -191.234572 254.248807
v 260.156792 -160.619723 252.979151
v 235.843046 -170.587774 247.657802
v 194.016269 -182.644927 270.794186
v 180.823210 -189.177156 290.475893
v 175.094291 -204.150976 318.172426
v 188.736811 -222.768675 342.520688
v 204.899624 -219.949657 356.339642
v 289.115902 -272.101145 302.707566
v 303.797471 -221.537452 248.531018
v 287.559543 -210.138303 236.016089
v 279.591525 -182.261185 239.813112
v 250.351691 -180.954210 237.091938
v 253.589522 -208.868771 229.808232
v 172.215075 -212.107038 285.758841
v 171.771599 -227.847295 309.953403
v 181.690686 -242.561502 325.275214
v 198.463358 -257.190142 331.975339
v 220.242479 -274.155223 324.292880
v 238.895959 -281.403362 307.439070
v 265.456242 -277.390876 282.398841
v 296.004595 -264.680269 278.467790
v 288.068478 -246.266083 248.047905
v 259.794163 -232.254159 232.546849
v 213.563676 -204.136680 240.375689
v 186.388397 -208.041663 259.961851
v 180.724287 -257.174224 292.643298
v 191.968322 -266.132493 308.480992
v 205.028006 -275.965978 294.641571
v 232.708172 -280.199508 283.186779
v 271.730855 -266.941653 260.262778
v 262.119566 -252.026714 243.048763
v 223.408872 -219.822636 235.453261
v 199.321184 -228.916085 246.522677
v 200.857413 -258.927275 259.441199
v 221.428277 -247.106498 242.542209
v 224.375603 -271.174684 262.517530
v -14.931798 -470.298361 8.125022
v -71.701248 -390.029268 21.103281
v -67.895334 -384.963325 1.764226
v -55.499595 -401.030642 -19.072392
v 99.373019 -390.429629 54.238840
v 84.915960 -377.374614 69.389192
v 81.520209 -396.229175 84.748221
v 105.566857 -409.531882 27.884817
v 98.979608 -392.918508 14.058850
v 86.901153 -367.401164 21.279456
v 63.790078 -349.746246 37.230974
v 83.859103 -364.186877 46.924985
v 68.161247 -365.640957 75.744441
v 97.807578 -421.347598 66.812880
v 93.693737 -444.136814 56.094868
v 102.470444 -431.106561 33.600573
v 95.382596 -428.327291 2.301567
v 82.098626 -372.853527 3.109764
v 79.443371 -402.755489 -17.618625
v 53.458716 -354.501529 2.540900
v 38.909514 -344.143226 31.055929
v 42.211922 -350.609953 66.387976
v 49.209321 -397.066326 104.169216
v 72.835790 -422.732408 94.868196
v 90.476357 -455.239393 33.894818
v 77.822956 -465.669481 20.396657
v 77.511478 -437.185024 -14.077505
v 53.600553 -377.172338 -21.118818
v 18.612338 -354.932707 71.432808
v 6.512874 -373.205938 90.832098
v 39.745856 -372.132599 91.716903
v 5.705550 -394.620260 105.561586
v 29.911275 -420.680499 113.507435
v 52.227116 -442.208947 104.187801
v 74.734513 -446.936603 86.203180
v 52.896704 -468.534611 85.947507
v 76.786264 -459.772026 70.446390
v 53.222673 -468.245703 -0.531280
v 63.987674 -450.057755 -14.564725
v 48.386719 -406.803629 -32.055892
v -18.878468 -359.583424 -18.140689
v -14.453123 -345.806714 4.410479
v -19.680944 -344.703198 29.515145
v -23.107391 -352.755881 51.838410
v -5.571037 -410.466856 107.379715
v -1.613659 -433.459325 109.737452
v 24.474587 -453.923375 105.805673
v 62.079130 -476.140105 58.951270
v 48.948790 -483.164509 38.907926
v 31.301558 -454.803267 -17.604301
v 40.818585 -432.675373 -29.953929
v -40.702803 -352.402475 1.772885
v -45.601334 -352.894890 27.307007
v -45.588149 -375.490986 65.687040
v -10.014854 -453.113960 98.024636
v 19.872819 -474.870396 87.352611
v 38.670721 -482.955835 68.291217
v 20.579933 -486.811315 38.621876
v 16.209371 -481.469712 17.961263
v 4.008257 -460.901909 -10.492642
v -32.262326 -419.264646 -26.392376
v -24.081463 -387.741249 -31.888102
v -46.215828 -372.777250 -19.041073
v -59.694622 -365.797377 7.784470
v -60.247881 -370.760289 37.970861
v -41.994869 -415.798219 82.201507
v -30.217446 -461.216833 73.697335
v -9.638529 -473.739252 77.564354
v 1.410598 -485.422413 53.606380
v -13.536689 -481.235238 32.924025
v -28.834027 -472.514072 50.621163
v -32.315221 -466.762298 24.361282
v -52.104000 -430.616763 -8.204770
v -60.273827 -432.771551 11.748054
v -71.112025 -411.833710 17.536184
v -52.442665 -433.553756 64.297520
v -49.297656 -451.041101 44.783254
v -66.157184 -398.766106 49.333448
v -70.246706 -458.532122 -99.159983
v -93.985706 -469.711300 -96.816943
v -76.072533 -458.199248 -163.688736
v -107.682826 -424.986012 -182.034932
v -82.257142 -400.673912 -168.000988
v -90.958906 -447.562286 -78.791754
v -107.750598 -387.823963 -155.783463
v -65.790496 -425.928628 -167.633895
v -96.411712 -392.944596 -94.453134
v -113.286151 -398.525446 -89.870717
v -91.361881 -413.618452 -77.646605
v -61.092910 -429.081733 -95.180092
v -74.259630 -426.072365 -82.519587
v -69.995539 -407.551151 -94.631580
v -76.588683 -392.982168 -105.125413
v -98.292906 -383.627608 -114.176955
v -123.976058 -388.346729 -114.304815
v -124.885857 -416.833529 -83.178296
v -145.807692 -416.629502 -109.041111
v -105.425608 -427.215695 -74.961706
v -113.670408 -445.717643 -78.482929
v -136.875208 -444.874642 -94.132204
v -123.052377 -462.854592 -96.816882
v -76.124653 -451.921701 -87.987915
v -67.266433 -465.082910 -127.402619
v -56.644209 -442.462555 -108.702559
v -56.644741 -446.769212 -144.548833
v -50.971341 -429.102420 -130.353101
v -60.698710 -404.761695 -145.685496
v -59.671062 -402.933975 -118.895796
v -89.421932 -382.999817 -135.615400
v -135.948173 -395.894791 -136.052199
v -147.227277 -445.477785 -120.612299
v -108.594436 -476.762771 -116.858504
v -79.580369 -388.382929 -144.723103
v -108.820932 -405.407822 -176.074398
v -129.198450 -428.092201 -173.405399
v -140.086348 -409.791530 -155.338325
v -144.951923 -442.699288 -149.793684
v -121.744354 -470.274361 -148.782933
v -132.752290 -465.662506 -122.746926
v -90.259424 -476.129667 -139.825265
v -119.436884 -447.243859 -175.540189
v -97.412370 -459.377280 -171.121178
v -89.284435 -432.967120 -181.519649
v -259.100038 -326.675722 230.282541
v -258.381361 -304.451348 212.504374
v -242.190248 -306.552308 200.668765
v -255.756880 -324.685599 214.114658
v -179.675093 -330.338050 295.029463
v -238.360887 -251.363597 274.683988
v -227.208131 -251.109202 289.233780
v -181.308586 -272.867859 236.100773
v -157.660167 -302.162696 279.163848
v -173.239388 -266.380415 277.960135
v -165.138025 -298.019411 297.303764
v -168.258894 -278.679600 253.828377
v -177.031287 -262.628267 262.082692
v -202.662903 -244.680839 249.890421
v -223.779230 -243.275637 238.600725
v -218.718129 -239.610414 257.709369
v -212.153795 -243.598909 276.821213
v -186.425306 -269.450027 298.676961
v -189.884841 -287.717628 308.387817
v -166.856339 -318.002077 300.393228
v -163.452795 -334.311474 287.688449
v -164.881111 -334.385495 262.557642
v -173.941452 -298.946647 236.759120
v -159.307588 -309.823667 264.060572
v -211.916935 -289.197189 205.436574
v -212.108464 -260.241011 215.901207
v -235.515377 -258.914631 220.404847
v -219.790971 -264.849042 300.354832
v -198.834287 -305.311552 303.262513
v -176.607736 -348.461425 274.551445
v -182.626335 -346.739636 249.387589
v -187.537390 -327.657864 229.714609
v -225.189298 -301.689014 199.709237
v -231.004231 -270.996647 206.248423
v -252.230019 -285.447988 213.065667
v -251.171864 -268.919214 235.441388
v -235.176698 -268.492131 289.067821
v -222.141383 -284.684551 299.205191
v -227.938030 -343.122652 258.312663
v -196.096136 -350.341205 267.947822
v -206.967270 -355.665206 244.712808
v -207.959051 -344.733162 227.292290
v -229.291920 -333.523676 211.516851
v -243.901334 -336.574602 214.779755
v -259.821037 -301.579120 238.983581
v -236.859701 -300.363392 273.898674
v -229.093532 -352.005735 241.215764
v -246.099707 -343.762280 233.585293
v -249.593246 -332.701079 247.712663
v -369.750651 102.448899 -38.154200
v -368.644700 70.856100 -45.739100
v -286.136853 0.362503 -41.037093
v -279.076998 5.380193 -26.018364
v -266.586652 188.163341 -80.758401
v -294.182664 178.259658 -88.027671
v -274.775676 7.183334 -55.369793
v -260.588400 24.288600 -24.635500
v -254.967109 43.717531 -18.744354
v -252.586500 -124.467500 -92.196000
v -230.110500 -193.095900 -87.139750
v -245.601850 113.279500 -71.198400
v -201.499000 114.798500 -57.936300
v -208.889504 128.358406 -67.073432
v -191.094346 -62.199079 -122.611343
v -169.282806 -61.152949 -124.099158
v -143.316064 -61.768059 -118.043612
v -177.667700 114.573300 17.454600
v -152.969300 101.083300 21.781200
v -158.641300 111.124300 31.002900
v -155.068300 88.458925 -10.418775
v -133.452339 -62.553636 29.187081
v -145.196846 -45.528294 31.901315
v -128.922375 -42.991700 16.430025
v -102.160575 27.333482 25.846170
v -80.624061 38.039846 28.425028
v -60.789288 39.534638 23.665858
v -87.058262 170.072444 73.953920
v -67.370784 160.468391 67.591686
v -73.022300 190.142661 66.200569
v -44.278500 23.585800 -1.873900
v -52.036000 203.478100 26.786300
v -40.420952 180.397373 -8.119844
v -49.449800 198.658300 1.632600
v -51.836180 165.885808 -47.253256
v -47.796560 144.342541 -54.934449
v 67.181050 -94.709850 57.429050
v 113.210750 -102.593250 60.802150
v 50.774262 -53.517148 -80.484030
v 127.969751 -243.636624 -128.622257
v 334.719000 18.165075 -56.013075
v 303.589145 -1.534622 -39.462347
v 345.840427 4.756290 7.816000
v 382.144177 103.918691 9.230450
v 340.751300 129.329900 33.241500
v 373.660250 99.643050 21.887625
v 385.063442 94.915177 -19.934258
v 375.774812 68.714037 -46.024059
v 359.374650 84.709000 -56.233500
v 374.715286 112.891668 -29.190852
v 378.934226 117.663804 -6.127907
v 364.151700 127.329600 -26.959000
v 366.919500 131.474500 -7.473800
v 362.049650 135.271000 -7.748950
v 345.144100 134.368225 -33.189450
v 365.930700 129.069300 11.273000
v 345.157252 147.435310 4.673489
v 337.495181 146.672748 -21.050566
v 343.834000 137.786200 23.321000
v 326.958594 144.981244 21.637038
v 282.304200 151.607000 22.834900
v 261.247640 127.252849 37.068643
v 244.790082 99.276019 31.420485
v 231.467494 111.341086 35.645233
v 185.817868 91.330308 23.957279
v 190.373313 84.445084 3.246673
v 187.528400 82.139100 -3.543100
v 181.183175 80.968800 13.873625
v 187.582150 82.966550 -7.290300
v 187.234900 89.804175 -21.446625
v 185.144448 80.924757 -15.957107
v 178.726574 88.175905 -30.656805
v 169.728300 95.597300 -39.361700
v 166.393800 72.395700 -46.581100
v 177.322578 59.979623 -37.905000
v 171.255600 1.098200 -44.888300
v 166.142000 61.056100 -48.043300
v 139.834272 17.386814 -56.583375
v 120.914935 26.239594 -54.089163
v 87.295300 24.841175 -31.745025
v 90.237035 -18.422264 -47.328036
v 59.583700 -32.730950 -11.425450
v 76.672750 -22.606100 -35.574300
v 75.224650 -28.469300 -36.872350
v 75.859288 18.430983 -13.576854
v 63.339013 -41.660804 -45.745580
v 60.680094 -28.743663 -0.240268
v 57.607600 -36.666400 -19.638100
v 61.113400 -39.472000 13.119650
v 40.949351 -56.414368 20.074499
v 55.945600 -42.183300 8.715300
v 34.964818 -49.121731 5.479438
v 7.885561 -50.664865 -15.658113
v -15.017128 -60.808597 2.022332
v -8.769418 -58.746701 -22.411483
v -32.711099 -59.003336 -19.422420
v -68.188325 -90.945900 -90.418300
v -56.319340 -81.859314 -82.023281
v -29.873504 -111.304171 -133.037815
v -70.051215 -118.819399 -111.526097
v -70.152964 -157.863719 -130.452590
v -90.290013 -130.284487 -115.470135
v -92.864520 -161.271657 -129.939980
v -138.468562 -143.326662 -133.357725
v -154.166395 -157.994084 -136.569660
v -163.966189 -176.754876 -133.312007
v -221.817172 -174.988564 -106.707511
v -232.807196 -134.822339 -106.587786
v -229.918750 -187.074475 -91.669700
v -247.867772 -180.218312 -73.772443
v -267.986874 -132.554049 -70.629088
v -273.258119 -134.779463 -52.969741
v -279.080342 -114.604485 -33.852266
v -275.899005 -83.210186 -34.305919
v -257.530524 -43.071147 -28.194875
v -273.232859 -84.606919 1.498851
v -261.919738 -51.403050 -5.588249
v -256.208480 -85.940611 41.610262
v -217.415625 -13.125525 13.340675
v -218.596338 -41.432862 36.757075
v -182.211180 -2.555898 30.948181
v -175.642400 7.673300 24.678150
v -161.089564 -9.992187 35.019441
v -139.675196 13.762350 24.960893
v -127.639402 -7.547958 24.281036
v -117.861011 -14.221200 15.627785
v -86.612868 12.621620 18.745012
v -57.331200 15.351700 7.951400
v -103.334200 -18.095175 1.487900
v -64.249374 -4.561741 -13.043665
v -50.916100 4.668100 -17.802350
v -51.499600 4.777150 -37.863500
v -35.737476 27.995355 -17.882491
v -51.555150 4.768150 -40.778150
v -39.991868 20.312883 -43.086814
v -48.374700 29.256600 -63.697700
v -34.488667 52.465105 -53.169062
v -51.566900 58.440350 -73.926900
v -58.031500 51.020500 -78.093700
v -66.487200 145.544250 -75.158250
v -82.456111 137.952089 -87.242914
v -117.863161 131.661809 -90.727279
v -136.533682 118.601042 -81.923329
v -154.040200 91.497950 -46.974275
v -184.233613 125.883241 -66.145488
v -201.365650 114.245350 -58.380675
v -189.486700 105.705352 -45.144525
v -211.463154 104.526600 -43.487820
v -232.502319 99.554566 -36.437133
v -243.797074 102.326968 3.997376
v -299.666955 65.792456 26.916657
v -334.436800 64.072281 28.596100
v -344.307400 43.247100 7.321000
v -303.553768 34.922987 12.613252
v -332.815200 43.239900 13.727800
v -345.613600 33.071900 -10.865800
v -351.725950 51.056350 7.834400
v -324.909200 11.825400 -48.504600
v -352.966600 35.884100 -20.795200
v -315.583000 14.209500 -67.097400
v -309.410842 2.172422 -46.661755
v -315.557589 7.901945 -23.037781
v -264.895100 15.713300 -29.894900
v -264.589600 19.380300 -57.406400
v -274.326000 14.828700 -16.490100
v -269.302500 25.209600 -10.222500
v -308.439450 18.718900 -4.674550
v -297.137450 20.774800 -1.372500
v -278.837016 40.206781 7.770792
v -272.600200 78.529800 10.951500
v -258.081874 77.785203 -12.909271
v -262.656400 81.751300 -0.310000
v -246.880500 90.252300 -34.874500
v -252.786100 83.888700 -24.548700
v -116.803733 147.067747 -89.647182
v -113.374840 160.661740 -86.653974
v -89.620550 169.556350 -74.470100
v -62.795200 138.074200 -74.956500
v -38.568908 76.131856 -61.437658
v -36.216513 142.151160 -22.833961
v -30.492702 73.076377 -38.643828
v -33.932171 49.714107 -7.348702
v -60.926450 8.958750 3.431150
v -152.457700 35.723125 4.364300
v -191.385500 -4.690200 27.825700
v -186.762120 12.847785 14.781477
v -196.817920 13.409432 -2.992317
v -223.119644 -6.495761 -1.139717
v -241.307400 -21.739500 -18.486500
v -227.258190 -7.717092 -29.667490
v -237.554100 -39.312600 -77.453400
v -241.441500 -21.566300 -24.864600
v -267.483391 -100.463983 -70.164200
v -257.365100 -136.650200 -83.655750
v -237.027283 -102.301486 -105.224417
v -245.819500 -83.572100 -93.630100
v -221.949213 -55.486077 -106.764022
v -246.487500 -67.618650 -85.291250
v -224.509400 -35.529575 -90.346775
v -246.133423 -44.213478 -67.883992
v -169.062780 31.489435 -25.061279
v -159.663551 32.973305 -1.386567
v -147.040300 26.792350 16.979650
v -116.231423 44.105360 24.021278
v -130.827800 51.824125 15.748050
v -124.532600 69.899800 20.887400
v -110.067482 66.972806 28.590267
v -143.032500 92.754950 19.631400
v -136.997020 79.055242 12.280426
v -144.241300 102.322500 31.701700
v -126.606000 85.063800 26.670300
v -163.349000 121.938200 38.603200
v -173.297900 122.818200 31.098200
v -159.815900 127.870100 44.899250
v -180.359750 129.447850 29.779650
v -180.285350 161.562600 36.129950
v -197.391576 146.718160 27.790044
v -192.953659 165.940391 27.895960
v -268.165050 187.532350 25.056925
v -268.153500 199.345000 15.950100
v -265.746908 172.358296 35.893974
v -294.575854 198.212212 7.785345
v -307.868275 166.056975 26.766850
v -306.278950 187.976900 9.081950
v -322.742750 182.527050 -3.174700
v -331.383947 159.334380 11.147482
v -325.126050 190.166050 -31.824700
v -322.671050 190.236850 -17.654150
v -338.454390 166.293378 -14.681379
v -337.795049 166.955286 -52.203914
v -350.118614 139.657841 -42.409354
v -350.927769 81.847541 -67.400323
v -350.397800 107.836750 -62.035550
v -356.113525 64.872275 -60.759150
v -317.394874 48.184350 -90.486712
v -306.373339 41.446470 -90.479522
v -302.528400 14.656500 -72.333200
v -340.076600 41.115700 -69.910600
v -309.152000 23.686650 -78.276000
v -289.769200 17.719400 -74.289200
v -294.173226 4.995117 -61.154308
v -269.124850 15.192650 -57.133625
v -283.645681 32.816831 -83.946564
v -255.407524 26.617765 -49.140295
v -250.481801 46.892222 -37.615746
v -253.657305 77.661968 -43.318498
v -236.454100 104.488300 -57.198000
v -266.385175 92.874375 -78.110800
v -253.536950 95.821125 -61.991475
v -253.544617 130.928017 -82.591516
v -229.340322 159.959475 -74.827687
v -185.603971 145.996520 -68.831480
v -188.147435 165.921130 -62.680002
v -136.720450 181.014600 -65.485450
v -81.496158 208.777535 -23.707358
v -61.748275 187.942625 -34.931150
v -89.768000 181.225000 -62.945400
v -125.442015 190.831836 -56.357280
v -188.446975 185.747925 -49.441175
v -121.045650 179.875250 -69.203350
v -269.454860 160.603194 -91.625603
v -194.784950 181.407750 -54.581700
v -248.835850 200.390050 -62.316700
v -182.902152 191.160228 -37.670329
v -135.012265 201.839111 -30.098072
v -106.527642 221.624683 -1.936446
v -74.060985 220.526669 13.503855
v -61.672500 206.909150 -5.898200
v -91.650346 220.894389 41.464237
v -46.085383 199.052538 24.364448
v -66.325600 214.728600 31.025200
v -37.465937 178.480535 25.022052
v -52.455200 169.730300 55.324100
v -76.773300 205.916950 54.850600
v -85.243900 208.489400 56.687000
v -109.699700 205.289450 59.021650
v -141.977800 179.213900 59.684900
v -126.529977 212.910839 42.137010
v -111.638601 223.658601 20.832819
v -153.486970 203.606032 3.017578
v -184.719921 197.422910 -18.648509
v -230.254711 211.383865 -28.860404
v -263.587042 211.768646 -55.753036
v -272.794359 217.948440 -33.283254
v -292.364300 200.978500 -69.229800
v -256.390300 197.914900 -69.097400
v -307.542000 190.336100 -72.354000
v -311.139600 195.137000 -62.822000
v -315.709467 170.393321 -80.493754
v -353.818800 110.592500 -57.038850
v -295.536216 151.928736 -93.388701
v -315.087257 146.065803 -86.838586
v -303.461687 96.403762 -89.447880
v -283.775242 95.257638 -87.824721
v -288.453383 59.091032 -93.117793
v -274.998600 40.122900 -82.428300
v -271.160100 73.871200 -81.779150
v -259.315026 84.995870 -65.196380
v -255.403919 54.537509 -65.176164
v -264.683300 43.223600 -74.795700
v -324.380600 164.095800 -74.425800
v -327.403200 177.945000 -58.011600
v -303.935657 207.482868 -48.791389
v -264.458375 213.592535 -3.993989
v -225.418087 208.427011 -1.030364
v -185.097504 194.928431 1.858480
v -222.432850 196.755200 16.104700
v -164.275988 191.730006 26.893205
v -166.293300 179.365600 39.165500
v -120.622100 201.124225 57.643275
v -139.112983 165.429689 65.537317
v -111.712199 188.703682 70.925630
v -48.273250 148.921450 47.213650
v -51.222800 102.185700 22.675700
v -47.812000 142.178100 44.066900
v -35.421968 158.299962 27.229465
v -39.254727 110.441040 4.140097
v -46.392800 48.416750 11.942550
v -64.967999 94.879136 32.300328
v -85.183791 89.677859 38.245108
v -111.271697 88.519082 36.093226
v -90.881132 135.786004 68.997485
v -123.607753 116.922918 55.856084
v -118.267453 148.201249 71.594853
v -148.581841 142.726504 58.858889
v -190.582700 174.638700 25.173900
v -218.685656 184.513142 26.205735
v -181.360300 189.422700 15.438400
v -304.670191 205.927563 -17.420489
v -62.649978 137.148118 58.078087
v -345.388275 37.826450 -58.117175
v -366.618462 53.705749 -39.336992
v -374.540452 70.836948 -15.759267
v -376.265069 86.556053 -25.932632
v -368.305389 114.809962 -13.360648
v -319.000700 161.817450 21.687900
v -346.359900 92.385800 28.749500
v -303.159751 155.458313 35.489259
v -239.845701 154.713412 34.667363
v -193.939500 127.011800 19.856200
v -202.310925 119.335250 11.143575
v -180.882473 103.774304 -7.247308
v -177.728394 99.517975 -29.402994
v -160.685100 95.246250 -4.503950
v -149.561650 82.772200 -36.758750
v -144.713660 75.825729 -8.087091
v -215.882936 -12.991433 -71.224967
v -230.996900 -27.134550 -71.050900
v -203.253571 -37.418427 -109.837701
v -210.989122 -135.359737 -115.418810
v -162.638371 -117.433032 -124.993581
v -125.249057 -125.888946 -123.438342
v -92.685538 -100.416281 -93.485073
v -92.895650 -75.282375 -66.683450
v -65.269900 -101.522300 -101.267500
v -87.189944 -76.522198 -67.622760
v -51.236824 -73.314504 -65.946642
v -56.601019 -67.314357 -35.186879
v -35.725969 -66.308238 16.816650
v -5.055793 -68.830459 26.065913
v 22.095700 -91.445500 52.979750
v 23.885996 -124.745366 80.436186
v 16.423225 -99.485875 59.333450
v 79.423300 -110.465400 72.343900
v 79.707700 -99.906800 61.476000
v 96.977300 -99.078600 59.012000
v 131.656027 -115.183407 67.005132
v 160.967982 -156.132206 71.045974
v 201.406900 -157.767400 37.308900
v 206.766100 -200.722400 29.527600
v 222.840264 -151.943902 5.744274
v 231.972662 -171.756035 -20.452094
v 213.690674 -228.909796 -44.962151
v 207.711416 -219.565033 -71.949046
v 186.441475 -248.418700 -69.904325
v 191.104613 -216.925730 -94.086203
v 187.148375 -254.011925 -59.747075
v 170.915719 -274.085699 -55.888471
v 135.768347 -305.321045 -37.885241
v 134.869792 -304.402287 -2.987985
v 92.953850 -320.606457 11.033790
v 125.867151 -291.357183 38.704791
v 79.806031 -310.783654 42.887892
v 67.151400 -297.446000 63.355000
v 78.204975 -294.777450 62.310425
v 22.385687 -299.161563 63.249387
v 60.110463 -249.990274 95.369547
v 10.534775 -203.514421 108.602323
v -48.350282 -221.226679 94.724334
v -71.258514 -146.510971 80.119411
v -127.260352 -130.723016 85.426046
v -124.468800 -117.643600 76.892000
v -142.407925 -96.698375 58.063350
v -160.126557 -105.963971 66.795604
v -103.549978 -102.091976 50.562083
v -121.050300 -53.738300 12.865900
v -120.662200 -95.973400 51.775850
v -118.238574 -42.106666 -4.808553
v -121.318616 -42.596785 -86.898385
v -115.900182 -35.201075 -74.895674
v -128.523000 -67.037100 -110.984400
v -151.484272 -29.407973 -108.957695
v -111.513850 -16.754200 -77.837750
v -128.755860 6.449109 -87.461334
v -145.872700 16.771722 -82.325680
v -161.250150 15.699600 -77.272350
v -122.998560 50.656848 -78.631131
v -132.736300 63.636375 -63.067775
v -170.128300 12.196600 -75.196600
v -147.171325 50.280025 -47.394300
v -143.677186 69.618317 -27.155199
v -142.332936 61.234261 -43.833146
v -140.047796 59.012706 0.330876
v -149.794000 48.719800 -32.943600
v -148.344900 44.325450 -2.404700
v -159.491968 38.520804 -47.208445
v -178.812353 14.105572 -65.151920
v -207.481150 -18.165650 -88.564850
v -183.811200 -8.072100 -93.298500
v -179.771392 -26.243460 -110.593577
v -138.777229 73.608457 -48.638961
v -137.265000 89.486300 -64.004200
v -119.327319 66.706555 -74.560136
v -126.604025 94.321259 -74.224520
v -96.484900 52.912714 -85.906272
v -103.068999 4.973854 -82.687097
v -111.431218 -42.515677 -51.284468
v -111.966492 -42.008030 -25.664194
v -123.189225 -47.612950 10.932950
v -165.133254 -50.685178 42.094197
v -179.314343 -87.440034 64.911590
v -137.052033 -155.149783 91.014478
v -89.048173 -182.753407 83.934949
v -75.840031 -198.661910 84.746044
v -79.780752 -237.667820 81.078333
v -34.162012 -260.501702 90.697316
v 4.640937 -277.075119 80.966109
v 31.053900 -300.135200 63.373600
v 35.984509 -330.428763 9.976790
v 68.566008 -332.219050 -28.844760
v 138.307712 -279.976539 -91.462837
v 161.571025 -235.028600 -110.017500
v 132.874225 -254.187512 -117.797287
v 31.455300 -321.337161 36.690459
v -31.295200 -296.019300 63.684700
v -25.413219 -309.242327 43.756563
v -32.202200 -285.108700 74.822400
v -74.484889 -272.695073 71.907552
v -119.208386 -172.436766 90.393853
v -174.391959 -155.313783 79.230479
v -121.738535 -229.998692 83.916113
v -117.356400 -293.565500 52.121100
v -75.680922 -301.368719 45.497451
v -1.009350 -326.584584 -5.721861
v -5.596705 -323.805997 -57.849512
v 44.255921 -333.489083 -42.520287
v 81.764703 -320.448182 -72.413474
v 69.834352 -302.315074 -110.456291
v 141.505150 -259.643950 -107.763175
v 130.306595 -225.742218 -134.495305
v 157.789653 -187.835575 -126.063299
v 193.960550 -190.454650 -100.173550
v 168.993050 -209.094725 -116.074675
v 219.479792 -173.593855 -80.244406
v 231.209869 -182.114814 -47.746252
v 226.637088 -130.822955 -14.572428
v 203.314150 -97.038750 8.196900
v 212.052500 -153.657000 22.849000
v 191.153219 -148.212793 45.327633
v 155.323727 -103.241423 48.712563
v 120.722195 -78.694499 41.746768
v 153.111320 -74.976152 31.281224
v 99.325424 -43.189636 36.417426
v 82.149534 -42.588717 30.355099
v 85.022388 -76.203889 42.882046
v 62.733850 -61.792050 32.634050
v 101.439095 21.578878 -44.190585
v 148.262752 69.243463 -56.207471
v 162.648787 110.573050 -43.131917
v 183.897825 89.341600 -23.342550
v 180.153600 96.489300 -31.148100
v 207.631199 88.974576 12.322381
v 211.426900 95.333200 23.446900
v 234.593750 81.800000 19.773700
v 303.905138 93.410474 52.098525
v 333.739422 116.626698 44.082284
v 357.741033 113.746967 34.131706
v 387.053742 71.765950 -16.373295
v 383.708256 68.545502 6.353197
v 376.664911 38.363517 3.009869
v 372.275025 57.364575 22.033550
v 369.614625 50.776900 21.750375
v 363.099900 20.978200 8.125100
v 352.629555 31.174106 31.488156
v 329.470609 24.450784 38.809828
v 316.951550 13.708050 30.452800
v 288.355000 10.668200 20.556200
v 289.938350 21.840700 31.327600
v 274.764750 28.935925 25.865500
v 289.968545 35.210013 40.240551
v 265.533560 32.260582 21.181959
v 256.939043 24.914480 -10.556859
v 262.002903 25.245854 8.906153
v 256.990676 34.778598 -31.038076
v 228.798180 68.951890 -8.658607
v 241.970700 64.506400 -29.869750
v 242.305094 77.249618 -36.726943
v 222.359200 88.699950 -29.037350
v 194.957400 100.696975 -32.393200
v 229.351221 103.054229 -41.805376
v 208.060951 138.179417 -49.272103
v 186.980242 167.553100 -47.562455
v 136.630559 163.278696 -36.389606
v 117.312500 164.614400 -15.053900
v 116.831200 152.784275 -25.557850
v 93.523446 137.063160 -5.367810
v 91.163350 90.504975 -30.690350
v 81.571403 105.806225 7.123903
v 76.478926 37.079196 28.411061
v 93.372400 63.920275 41.252425
v 100.740327 31.276993 44.422311
v 118.481439 -11.720779 38.243075
v 140.421851 -18.247930 30.737456
v 174.507569 -70.497250 15.291865
v 187.458900 -67.166400 1.304600
v 205.559700 -102.195800 9.171400
v 188.120310 -105.027944 28.007874
v 214.934436 -92.926414 -10.736268
v 221.212079 -103.934798 -32.961750
v 222.294572 -142.181231 -72.018269
v 232.675174 -151.570635 -49.745753
v 198.308250 -159.518300 -97.464100
v 188.858939 -154.762535 -103.515352
v 200.079600 -133.508950 -88.748900
v 99.267464 -149.851901 -145.720374
v 77.526209 -164.696263 -154.707533
v 53.084792 -225.038104 -155.234235
v 58.862464 -268.247446 -140.880963
v 65.814125 -288.496925 -122.583450
v -58.811400 -279.679400 -121.420900
v 26.349517 -270.742199 -142.750372
v 23.074500 -292.592400 -123.838400
v 27.333877 -309.767565 -104.555279
v -25.509469 -304.226502 -97.516644
v -53.639026 -300.518917 -98.846433
v -52.699790 -318.983556 -53.359066
v -73.091107 -315.998863 -2.835321
v -132.607181 -306.017719 -1.518925
v -147.995500 -286.632700 42.283200
v -123.227300 -286.424100 57.660900
v -135.411976 -275.204990 63.727145
v -195.231000 -234.700600 55.699550
v -169.428096 -226.642402 73.069661
v -172.726900 -247.217000 62.466000
v -216.878366 -184.512922 72.430868
v -178.434920 -196.686157 75.827872
v -197.102920 -163.859675 78.919954
v -224.832414 -139.770602 76.235572
v -173.414594 -124.898986 73.118086
v -216.381951 -114.938686 77.019965
v -241.606200 -146.810725 63.597775
v -237.737600 -159.514750 64.205950
v -220.792900 -201.424100 60.782200
v -224.623800 -193.233700 61.987050
v -184.722778 -258.941843 40.926863
v -160.334400 -277.116100 42.502000
v -144.527185 -298.100772 24.503989
v -173.857500 -282.752300 -6.393800
v -156.169300 -293.637412 -49.472242
v 28.655319 -210.440176 -159.482844
v 196.397823 -104.010224 -77.228676
v 172.324350 -77.252750 -76.083900
v 179.291475 -108.686625 -94.943825
v 212.448537 -80.188618 -35.325866
v 169.442700 -18.126600 10.365700
v 188.560950 -60.174550 -3.886650
v 161.464970 -46.064207 19.457770
v 113.003499 87.292116 51.137375
v 88.694100 39.721300 39.722800
v 104.227900 129.381400 36.106200
v 89.965645 106.726335 30.825642
v 95.771447 134.738054 21.117540
v 125.535700 170.605300 23.774350
v 115.730550 166.016000 12.297050
v 105.446000 148.524600 -16.446100
v 140.869622 189.898499 -7.984383
v 170.959100 185.779300 -33.404600
v 143.113100 180.733100 -23.937600
v 176.177421 205.972012 0.637992
v 169.271400 193.479100 -24.426500
v 214.652910 167.393710 -47.208685
v 257.385081 88.509386 -50.877352
v 243.600650 67.772200 -34.119100
v 269.178700 18.637300 -34.989900
v 271.377600 12.567500 1.463750
v 268.958500 12.474850 -13.166500
v 285.318520 1.172394 1.579415
v 290.248893 -3.781182 -16.325978
v 311.956448 -3.213561 10.631257
v 324.867000 6.578050 22.538050
v 347.361000 17.756750 23.029750
v 348.781600 12.841500 17.303700
v 366.811050 21.120100 -12.157750
v 364.898400 20.799900 1.385850
v 363.180100 65.972250 -57.392500
v 356.943250 54.153200 -62.208100
v 365.569800 101.838000 -45.272200
v 350.879972 76.940202 -64.463990
v 337.075660 123.528746 -48.688418
v 351.504975 119.041925 -43.644925
v 286.004990 160.827727 5.374018
v 272.500542 143.698852 31.255955
v 234.729743 157.049603 48.138221
v 206.320671 141.150885 53.475502
v 192.566121 115.254592 45.987724
v 182.172500 92.974400 27.898300
v 169.871803 97.268763 37.257293
v 223.028100 90.013300 18.653300
v 183.120750 85.005600 15.696900
v 159.017634 5.928622 -52.001903
v 117.905450 -15.777111 -58.365949
v 101.191300 -31.095200 -59.161400
v 91.770750 -40.787450 -64.424300
v 87.741728 -51.604850 -79.674891
v 108.710100 -55.007150 -82.788950
v 65.461121 -64.780127 -105.125976
v 87.219800 -80.507125 -116.671375
v 41.834900 -79.291500 -120.680500
v 43.306000 -88.415300 -130.537600
v 7.389246 -113.411718 -145.154074
v -12.170109 -170.979363 -155.588935
v -70.002458 -207.242311 -141.428602
v -107.321125 -239.770783 -134.519105
v -167.959692 -221.984730 -118.536546
v -167.846258 -249.267589 -105.796521
v -180.070800 -256.539800 -86.148000
v -264.063277 -155.704242 13.552315
v -274.739999 -114.646413 1.252611
v -261.025483 -124.026121 44.235497
v -246.247950 -82.542000 49.497000
v -246.864825 -43.460325 12.747100
v -233.282250 -82.212700 59.974750
v -190.915080 -40.567555 42.146242
v -208.993423 -82.792919 69.422573
v -236.358600 -116.622800 69.258900
v -248.205000 -117.731500 60.105900
v -257.135005 -145.145021 46.180163
v -231.561901 -203.903290 48.477483
v -228.998379 -217.071083 31.914023
v -198.637431 -260.850664 0.041594
v -184.611350 -271.640500 4.310475
v -177.370775 -270.950675 -66.541975
v -135.248684 -281.421823 -94.507126
v -50.184512 -284.077662 -117.803737
v -96.150456 -261.148116 -127.836755
v -9.378380 -262.895657 -141.425231
v 2.028205 -232.417017 -155.745497
v 3.385789 -191.863923 -158.993032
v 50.874751 -165.876881 -158.254300
v 152.455726 -108.031199 -111.853273
v 197.438716 -76.884661 -54.374082
v 187.543021 -47.634277 -39.440394
v 191.308204 -48.585654 -27.338664
v 189.363972 -50.255502 -15.299623
v 181.338203 5.462155 -17.963548
v 172.244350 -11.243350 7.529750
v 175.919825 85.454275 25.469875
v 158.631652 -13.929173 20.591953
v 148.301466 59.455829 45.192654
v 131.267724 68.565399 51.046205
v 133.712835 146.143007 48.011813
v 111.303000 125.042000 43.565400
v 154.899400 181.084600 40.114700
v 141.389638 191.135084 15.016299
v 161.920085 196.251931 28.372727
v 193.285858 199.017699 -22.194532
v 216.688634 200.360718 -11.444828
v 223.813700 188.965800 -27.968800
v 221.877800 181.457200 -36.601000
v 242.843539 166.787445 -42.124418
v 269.946494 127.023962 -53.085630
v 267.444395 107.707908 -55.786286
v 272.690400 26.730300 -47.424100
v 278.410500 10.535900 -36.758100
v 309.630766 -7.525510 -19.060661
v 351.053544 13.108767 -36.264765
v 345.369875 0.393319 -8.061721
v 365.737200 22.886000 -25.497000
v 362.202600 25.892250 -38.375650
v 378.295981 41.081659 -29.711126
v 361.197800 42.116200 -55.678600
v 331.808900 22.147550 -62.466650
v 330.425204 52.063738 -75.033559
v 323.982255 93.606490 -66.665160
v 293.638100 147.736200 -33.771000
v 287.886773 157.728068 -19.480057
v 248.824134 188.307554 11.327667
v 266.255700 173.053225 10.425325
v 206.403875 188.878575 38.978425
v 232.745366 173.754725 44.489939
v 220.550550 187.014750 37.444650
v 196.846974 169.350794 53.658451
v 160.134534 90.813069 40.728947
v 184.617500 78.550212 5.060989
v 181.742160 53.620560 7.565007
v 185.695540 54.545282 -16.930366
v 178.510767 8.665901 -34.136538
v 171.439525 7.017250 -44.682575
v 145.725230 -27.909229 -60.608871
v 122.066669 -36.141753 -66.504641
v 117.167350 -47.546650 -73.991700
v 157.109188 -53.630285 -65.719548
v 148.367652 -92.092581 -105.323089
v 78.505800 -74.458600 -113.564900
v 67.445818 -97.806589 -137.660709
v 73.344652 -126.594608 -148.576048
v 43.590779 -125.426804 -151.986054
v -50.815030 -236.790999 -143.661733
v -141.299500 -265.846700 -107.310500
v -175.228600 -255.639175 -92.196625
v -151.359700 -271.353900 -96.276550
v -150.102171 -288.086853 -75.456891
v -177.904125 -275.201325 -50.884950
v -233.182277 -207.823223 -67.692321
v -206.882124 -247.139713 -42.335029
v -247.244923 -200.508206 -27.812058
v 176.154500 -45.399100 -50.757800
v 176.133175 -52.890900 -55.150200
v 176.156441 4.802818 1.672004
v 164.316719 54.169135 32.940975
v 149.937896 110.642321 48.663611
v 133.685516 118.996488 51.809215
v 171.109400 177.319869 47.601503
v 163.899500 184.577700 40.489000
v 182.578400 189.406600 40.687750
v 189.922957 201.081203 26.897787
v 217.952503 201.001018 18.508310
v 249.520082 185.459696 -15.528017
v 285.898250 147.442500 -37.156700
v 282.119572 139.564144 -45.074675
v 305.962387 73.327634 -71.700889
v 280.678277 48.567762 -63.217638
v 315.495224 33.190620 -72.424138
v 296.034143 27.933334 -65.137594
v 297.854500 14.331175 -54.435975
v 303.640000 5.755400 -49.078500
v 332.054631 1.669623 -38.049249
v -135.654082 -212.715543 -130.493057
v -107.427700 -192.436900 -136.343674
v -33.773787 -148.151147 -145.476393
v -5.370900 -90.299800 -125.722900
v -19.696675 -92.330050 -121.779900
v -15.257290 -84.640975 -116.783706
v -17.925297 -76.312250 -97.163101
v 16.820222 -71.289893 -99.344373
v 41.918024 -44.223892 -20.986166
v -120.912655 -264.800234 74.341821
v -73.099100 -290.604700 59.327500
v -113.852115 -305.378184 31.151243
v -37.683312 -322.070439 2.815627
v -36.031518 -325.428774 -31.351014
v 35.304464 -323.054410 -81.393976
v 52.103150 -291.244725 -123.302425
v 77.635400 3.183200 29.188625
v 73.658400 -40.964600 25.524800
v 70.356989 -8.555965 19.334241
v 69.628183 20.530161 9.093619
v 88.049700 30.732500 -30.760400
v 82.779504 96.769792 -17.761700
v 101.706259 77.244340 -44.846896
v 92.823625 101.688025 -30.147700
v 122.072321 81.954410 -54.312207
v 105.663093 111.356044 -41.019062
v 135.731956 134.078153 -45.849865
v 152.819965 124.667538 -46.449386
v 193.339850 101.544600 -32.250700
v 204.441172 89.450103 -18.750585
v 192.349460 88.278017 -14.823499
v 202.117925 86.613366 -0.294557
v 219.927650 79.007700 -8.909650
v 217.383950 81.708250 -0.239650
v 227.307474 76.010379 7.562281
v 265.266500 60.672800 35.019300
v 283.920724 68.292919 47.155824
v 329.908267 83.285067 51.375558
v 362.049444 74.634643 38.139344
v 370.607500 96.158600 27.758500
v 350.337137 57.608343 42.499411
v 323.773696 46.782732 48.470734
v 222.848150 81.069250 8.066250
v 215.040900 86.090250 -18.443275
v 182.663532 114.625988 -40.061830
v -114.362738 -23.743025 7.750013
v -118.829175 -35.355700 2.328875
v -103.291100 -28.986500 -30.194800
v -94.631874 -19.403175 -14.627838
v -92.720962 -17.976855 -46.823524
v -101.667450 -20.311900 -58.734350
v -104.603500 -30.259300 -43.437100
v -69.341448 -5.198763 -49.565522
v -66.398200 7.533250 -62.474050
v -118.072400 -6.854000 -84.476700
v -55.996500 33.045000 -72.103600
v -69.890679 55.512305 -84.968431
v -80.979309 96.299110 -86.155628
v -107.448100 87.303192 -82.312433
v -160.128306 94.070515 -47.519839
v -215.800188 108.260107 -9.619918
v -237.050355 101.166281 -10.668623
v -252.081100 96.225300 6.850050
v -224.016025 117.753900 11.226750
v -285.810190 85.903261 26.901744
v -266.975175 124.639990 38.045527
v -315.916014 81.396346 35.464773
v -338.557273 95.377792 32.712928
v -350.190900 66.308600 20.206200
v -350.771800 75.002400 23.819500
v -351.024000 105.051250 22.809700
v -367.775605 72.587228 6.880794
v -363.531390 45.147822 -22.761633
v -362.418721 108.956060 10.338255
v -287.101831 142.020190 41.916645
v -222.090991 132.813646 22.487192
v -226.753300 117.457850 11.352450
v -130.915200 74.970800 -63.035300
v -134.506500 -37.282000 -101.023900
v -132.164834 -103.913876 -120.330878
v -102.318900 -95.147200 -94.986800
v -92.316950 -88.705200 -84.093900
v -98.574097 -79.385322 -82.306660
v -87.006136 -65.981151 -40.575948
v -23.224150 -116.695750 81.093425
v -8.560089 -131.934334 92.111208
v 22.057343 -158.120206 102.956535
v 66.711601 -126.577379 87.086742
v 97.606940 -137.535898 90.784002
v 92.219175 -165.934058 103.646746
v 150.117556 -183.664293 81.406318
v 166.524083 -205.102984 69.404277
v 188.318702 -190.330457 54.691158
v 218.525651 -197.851005 10.554693
v 217.688718 -221.862186 -11.017571
v 197.867500 -253.676450 -21.161950
v 173.984564 -278.763201 -27.156433
v 197.429475 -252.882500 -21.409550
v 177.193900 -259.574650 21.213150
v 173.806389 -274.869120 3.650283
v 181.426800 -243.498000 34.977500
v 114.641775 -282.832625 56.276250
v 118.279750 -281.518650 55.556750
v 104.808839 -263.677687 77.995952
v 63.238799 -282.926355 78.919451
v 84.088444 -198.672554 105.930312
v 54.674962 -196.842144 111.018671
v 2.276260 -175.108129 107.809200
v -32.850572 -130.691798 91.010744
v -33.898391 -153.570624 98.104367
v -26.066200 -116.495700 81.664000
v -73.338300 -121.122100 68.215900
v -85.237169 -125.028481 70.879782
v -70.915775 -111.682900 63.113575
v -79.432363 -68.586588 -15.934625
v -93.173600 -67.947500 -5.883600
v -96.234500 -59.391100 -19.611100
v -93.737400 -60.947650 -27.211600
v -94.558700 -75.879500 -70.064100
v -98.858625 -60.378206 -54.503832
v -116.673293 -62.416961 -97.765706
v -107.029700 -105.938300 -104.318500
v -68.857098 -73.708733 -0.709231
v -63.596662 -96.386919 46.524139
v -30.880636 -104.791974 70.541069
v 61.130070 -168.271064 110.645896
v 168.829432 -237.622645 53.146972
v 196.493350 -201.157250 41.545100
v 198.060400 -235.859400 17.816750
v 207.995433 -222.036909 16.604384
v 142.470035 -217.059918 79.731629
v -332.053800 -393.647200 400.950500
v -316.663081 -336.938173 426.389707
v -351.697000 -400.699200 374.007000
v -340.122141 -314.546637 435.692739
v -353.479983 -354.053210 391.141648
v 77.567600 557.959359 -228.856882
v 426.171620 371.122292 -201.580515
v 448.399440 366.005057 -174.167161
v 451.480500 362.888600 -207.173500
v 641.925360 26.467758 89.541119
v 613.915019 -15.552808 82.771725
v 651.273667 8.428246 56.720238
v 635.996743 24.982643 110.535787
v 499.485446 -137.883728 345.942136
v 504.160062 -161.765397 341.980844
v 519.677644 -190.056350 352.699613
v 485.836799 -147.804173 362.680561
v -318.189386 545.570861 57.583696
v -311.391500 542.982200 84.679000
v -280.866300 540.235300 77.861600
v 148.399185 -160.494979 586.095169
v 126.314538 -140.713055 604.293437
v -336.770651 254.658408 502.781667
v -344.676844 285.601091 466.992249
v -368.183521 293.319132 428.065850
v -360.232031 255.143032 467.741747
v -416.939783 236.009171 433.415794
v -405.036965 217.835047 459.057066
v -464.189273 239.888742 396.363627
v -460.860000 190.946200 405.126700
v -482.330897 158.107360 385.937662
v -487.835800 129.219900 401.042400
v -448.663289 151.573957 415.014255
v -516.662893 151.795487 349.766206
v -510.498934 107.636355 363.977104
v -490.367900 106.066100 420.771300
v -517.846769 80.845456 335.948544
v -513.694425 62.801423 411.109755
v -541.688500 52.391500 311.199700
v -544.862029 2.988715 349.296217
v -512.370896 19.164043 378.874496
v -559.849444 -11.233991 314.500486
v -516.399047 -26.886079 367.181610
v -551.475139 -25.240408 255.858873
v -543.790483 -57.651269 303.543539
v -505.645603 -91.253397 349.191792
v -548.922800 -95.248150 256.660050
v -555.993200 -83.063800 247.302400
v -569.711000 -43.327150 218.653000
v -533.767800 -132.285000 288.549500
v -541.852400 -107.432500 266.017700
v -522.857700 -111.194200 327.543500
v -578.315200 -133.910900 236.186400
v -611.501500 -110.757400 222.305000
v -547.196311 -166.636982 262.850116
v -528.125200 -157.565400 313.688400
v -524.624800 -183.595600 341.938100
v -597.220900 -157.959000 196.131000
v -556.439296 -185.087092 224.667955
v -535.945700 -228.763400 255.603300
v -522.459800 -202.659400 294.341400
v -572.173032 -245.240391 193.115191
v -595.098200 -209.955500 175.484600
v -546.007900 -254.974200 214.000500
v -533.125900 -280.512900 237.327000
v -536.892600 -259.427400 286.208700
v -602.014200 -269.002000 156.390900
v -526.501241 -313.746388 195.354945
v -509.710800 -299.449500 256.461200
v -537.711100 -332.016800 145.781100
v -573.219700 -315.578900 127.906600
v -504.285642 -377.857756 185.710467
v -472.265590 -345.849963 234.576726
v -515.384200 -382.137200 119.209200
v -528.287700 -352.497400 96.924300
v -492.465500 -404.048100 139.926400
v -485.539700 -406.087500 214.160600
v -472.388500 -419.494800 89.018600
v -501.871200 -402.546800 69.666500
v -456.540600 -446.820200 111.180300
v -456.656324 -417.202700 162.133750
v -452.575200 -481.429400 63.937900
v -461.484100 -444.469000 41.205400
v -430.630700 -504.524700 87.461900
v -393.699300 -506.619500 110.020400
v -408.035836 -470.735233 145.816052
v -421.864608 -489.520975 15.781428
v -377.106600 -533.302900 64.772200
v -354.632400 -551.088700 94.695200
v -372.879900 -525.564100 139.133200
v -326.694320 -561.333111 121.548654
v -313.197205 -566.423198 34.688495
v -364.417795 -514.863369 -6.910147
v -242.655700 -583.104400 87.317500
v -269.737000 -568.599900 120.647200
v -268.327641 -579.710296 36.565844
v -269.166400 -593.884800 -22.922500
v -193.121800 -608.648000 102.607700
v -228.446300 -611.328300 133.656100
v -206.116451 -612.381193 59.902603
v -206.315700 -600.597700 -9.883000
v -141.735391 -619.921166 120.039046
v -176.481900 -632.562100 151.726300
v -102.760700 -617.772000 100.868000
v -114.807400 -614.696700 165.345400
v -80.475100 -614.658600 143.280900
v -90.268600 -625.261400 39.571300
v -69.514600 -637.657800 84.503300
v -46.202600 -621.237100 125.117800
v -24.541300 -609.878400 164.693800
v -31.638100 -623.998900 65.035700
v -10.909300 -630.201200 108.278700
v 10.190100 -632.364700 151.326200
v -3.798000 -634.153100 214.600600
v 32.549000 -645.958700 198.355100
v 45.456100 -619.453600 130.512300
v 61.272400 -622.046600 72.167000
v 66.033300 -617.632100 171.883300
v 51.443100 -604.575700 227.892200
v 86.796700 -613.790200 213.254400
v 100.076600 -608.830800 152.610400
v 82.440200 -629.003800 115.014300
v 142.563600 -607.950200 238.417700
v 110.098700 -623.213000 261.534400
v 135.446800 -607.986100 135.891700
v 159.088500 -631.259869 187.800327
v 182.795700 -624.182100 228.073900
v 195.470300 -592.235900 261.946500
v 156.023700 -574.737000 269.347200
v 217.370500 -617.779500 209.783800
v 194.953400 -616.803100 164.327200
v 228.891700 -587.320900 244.926800
v 201.766100 -546.382100 286.152800
v 226.596500 -527.225800 263.231500
v 240.829300 -533.584100 209.559100
v 242.516200 -513.162200 301.821000
v 271.794176 -498.334521 225.161791
v 277.918300 -539.735400 198.899800
v 279.093582 -493.440956 271.583116
v 301.794100 -463.994300 298.773300
v 286.445744 -457.500227 321.171850
v 318.052100 -475.383200 249.630500
v 324.113424 -478.743654 197.327409
v 330.742300 -459.317300 287.459000
v 364.821400 -492.250500 249.659900
v 367.778000 -463.397700 282.732800
v 340.999474 -406.987785 299.192514
v 335.383400 -396.795000 342.229100
v 365.122400 -394.914400 336.834200
v 384.569300 -440.634000 263.819200
v 377.069000 -403.024200 288.748300
v 399.640800 -395.811500 335.798500
v 390.843400 -356.206900 355.735800
v 354.266057 -367.141866 372.219125
v 408.884300 -399.009100 285.234600
v 424.951770 -380.387951 330.186235
v 394.535150 -305.828160 374.576255
v 423.627315 -323.509804 329.739610
v 430.133700 -300.385200 362.873900
v 404.840841 -276.732709 395.472723
v 437.155500 -276.304900 393.297000
v 435.886000 -303.715200 319.266500
v 470.313862 -283.899705 363.870410
v 434.327216 -236.499537 402.779236
v 459.797473 -260.335395 388.128826
v 445.449946 -206.369498 386.594307
v 470.777100 -219.910600 359.142900
v 474.683708 -180.180131 374.550024
v 465.380027 -166.926019 386.576241
v 474.109238 -111.460649 385.640573
v 459.842138 -148.185579 402.786254
v 470.720668 -95.177841 401.281968
v 435.160973 -109.554549 430.302662
v 427.711000 -140.029700 426.832800
v 408.838010 -163.347240 453.769034
v 425.619702 -180.262404 434.874674
v 416.109115 -211.714527 421.508754
v 385.804194 -290.084159 400.027820
v 336.903619 -328.773036 441.926191
v 366.376483 -344.398373 392.432271
v 322.966476 -361.522376 427.339394
v 318.566800 -378.260100 383.197400
v 306.409963 -426.334144 371.729168
v 288.896400 -453.195600 349.458900
v 264.069500 -462.321400 365.898900
v 260.238136 -433.147538 406.239777
v 226.447645 -498.802662 335.355305
v 244.869400 -483.107500 393.182400
v 198.998912 -518.003170 315.973382
v 196.883200 -497.307200 364.643900
v 146.060696 -554.814432 318.061180
v 150.737700 -514.898300 342.350300
v 106.745300 -547.795300 332.329200
v 119.763624 -573.316248 289.882655
v 73.306400 -611.607100 274.649200
v 37.360800 -582.439300 280.338300
v 17.735000 -608.987200 248.807600
v -15.781100 -595.553100 263.917400
v 5.288500 -587.291300 303.505100
v -37.186100 -603.055200 224.524600
v -90.644556 -565.850122 250.335938
v -47.113600 -580.302500 279.855700
v -83.642607 -597.519037 205.901223
v -128.362774 -567.642607 240.842487
v -151.722200 -626.326800 194.946500
v -182.274800 -613.734500 222.390900
v -203.934600 -609.885700 176.876000
v -215.826300 -554.292600 194.543800
v -197.047800 -563.180100 239.093900
v -253.038700 -587.805700 164.198900
v -264.984318 -530.474290 186.137333
v -289.260100 -541.894700 156.305200
v -369.133303 -477.193117 176.930244
v -338.578500 -474.906900 201.310200
v -288.355274 -499.378173 221.820919
v -385.032900 -454.476400 224.208800
v -350.222020 -447.307783 248.586285
v -409.324800 -443.616800 199.679700
v -416.744400 -416.533000 247.878200
v -380.311000 -412.719100 263.644900
v -460.363700 -421.774900 235.667000
v -421.705200 -357.372400 259.927600
v -401.671800 -369.926600 283.235200
v -452.820600 -324.037100 289.563600
v -411.324006 -349.353635 337.051682
v -484.624300 -315.388200 274.880400
v -456.549119 -278.824556 305.823371
v -495.768200 -268.465600 295.139000
v -484.223837 -244.252681 334.620822
v -499.604100 -220.997800 311.548000
v -487.472400 -196.611700 349.053400
v -457.082600 -209.562100 359.159000
v -496.931900 -155.899800 369.736800
v -466.888000 -171.278200 378.934900
v -519.070700 -136.144300 354.205700
v -490.543100 -111.442300 380.203100
v -476.414900 -67.730000 386.151300
v -477.033000 -91.639800 416.235100
v -491.318300 -27.823200 417.632900
v -451.077500 -48.024200 411.023300
v -501.071406 16.874066 446.948316
v -482.168900 -8.762900 459.456000
v -476.071279 64.137250 445.208686
v -446.525100 75.123800 475.590000
v -441.913737 100.893796 445.670578
v -419.892677 141.465306 462.476116
v -411.646600 111.360300 470.102900
v -426.059855 171.540817 450.937636
v -360.461722 215.509493 486.919915
v -282.942498 256.221751 503.448545
v -270.742109 296.515685 489.799069
v -302.991451 296.242030 477.328667
v -314.940209 312.035861 455.512850
v -332.988300 318.205500 416.628700
v -371.404500 333.626800 402.928700
v -392.455200 315.072900 405.704000
v -408.236700 305.528600 366.186200
v -412.450272 269.327904 391.875747
v -458.946692 281.699866 348.684807
v -478.099600 261.413500 355.931300
v -504.612900 255.156400 325.595800
v -482.451891 209.685103 351.438917
v -521.657733 238.075548 287.196252
v -523.910148 182.763319 298.731811
v -535.977400 152.368700 310.036200
v -544.853870 152.068868 245.409944
v -536.663765 118.438576 311.259079
v -560.823458 96.591095 246.645750
v -562.679184 54.553622 266.137803
v -574.777600 44.709400 218.553500
v -579.676614 94.076405 203.121452
v -558.368000 15.696400 229.235800
v -575.999300 27.665100 174.545800
v -576.442300 13.168800 182.958000
v -566.700000 -57.042300 228.223300
v -597.677578 -74.672084 189.393313
v -634.450400 -101.608500 155.551200
v -623.594158 -56.326996 123.592608
v -625.495400 -132.543600 178.229300
v -601.538600 -179.089000 150.608400
v -607.989300 -201.157000 104.946200
v -613.357800 -168.470200 80.688400
v -622.807600 -241.610500 133.811700
v -586.490500 -249.122500 79.549200
v -591.771400 -215.906500 55.844700
v -593.429600 -288.527600 105.689300
v -565.736500 -298.845000 54.270100
v -598.290500 -276.938100 32.607500
v -539.503200 -321.773000 74.848200
v -537.315700 -346.569500 27.796400
v -549.871300 -314.918300 6.331500
v -527.287700 -380.280600 49.383200
v -496.269200 -387.678100 0.505700
v -540.120900 -377.078700 -21.096100
v -470.701100 -409.174100 20.407000
v -463.578400 -437.537900 -26.834700
v -481.081100 -407.613900 -46.735500
v -446.373600 -468.237500 -6.640300
v -467.915293 -462.141046 -88.858035
v -437.625100 -501.920200 -56.000500
v -402.547700 -513.361600 -32.459400
v -380.649100 -480.675000 -96.394300
v -358.953100 -505.997900 -75.188600
v -340.516000 -534.728300 -50.950500
v -297.953147 -563.024874 -70.254351
v -254.534600 -574.938800 -90.441800
v -273.159400 -547.116600 -124.180600
v -232.257400 -594.191800 -51.797400
v -203.102200 -619.654300 -78.379700
v -230.295800 -610.785900 -122.653200
v -153.554713 -618.870851 5.084842
v -137.971162 -612.162588 -53.895262
v -125.391287 -617.686978 32.897965
v -94.751026 -616.098240 -67.314956
v -65.984302 -630.104882 -20.580505
v 20.006827 -624.608737 -10.445214
v 4.742300 -625.100800 47.834800
v 42.267900 -643.251000 31.307500
v 78.771800 -634.763700 13.021800
v 95.389900 -608.607300 53.745700
v 117.085100 -618.059900 96.060600
v 147.383500 -593.986700 75.748500
v 112.995600 -607.843950 44.880200
v 165.053900 -585.931600 115.111700
v 229.890618 -590.944248 86.644800
v 212.014400 -562.833100 135.287500
v 244.359700 -557.029700 119.059100
v 229.742403 -556.175760 173.392951
v 307.694177 -523.351180 135.405721
v 308.165000 -530.239500 183.099000
v 328.741900 -505.228700 163.430900
v 360.958700 -498.124700 151.139300
v 385.570100 -471.235700 232.162900
v 391.190900 -433.928400 209.853300
v 356.053244 -459.466858 180.041296
v 390.597400 -407.431300 241.942500
v 406.568100 -385.748500 230.052500
v 448.108852 -390.749593 277.519911
v 469.308581 -360.631904 270.547313
v 459.097250 -314.853735 287.625834
v 461.846890 -294.165458 304.661188
v 488.843000 -278.382900 320.224400
v 491.556059 -251.820329 345.144661
v 522.919400 -214.150900 345.400800
v 525.336856 -245.257693 319.320314
v 539.438114 -206.902067 317.885471
v 519.788109 -155.141038 295.437899
v 514.953257 -96.364018 354.034146
v 501.202938 -81.298865 374.446166
v 504.623900 -64.232900 390.518200
v 493.732061 -50.331663 434.188386
v 499.830683 -41.103455 389.628327
v 495.402730 -73.756856 428.097726
v 476.495200 -58.163400 467.433800
v 443.849968 -70.311479 488.649096
v 455.260141 -86.493110 455.561407
v 411.439102 -120.243988 451.017945
v 401.394763 -110.154746 472.315199
v 390.930916 -146.309044 490.268332
v 385.895790 -194.759880 460.664223
v 376.747421 -232.512641 433.029157
v 346.877369 -222.826763 484.291746
v 340.592276 -255.734199 465.754374
v 288.281090 -317.864568 468.409144
v 269.013935 -376.700534 458.479186
v 260.210497 -402.558651 426.083820
v 228.836400 -458.434700 438.987900
v 221.459300 -498.332200 417.949000
v 190.102000 -494.538600 428.556500
v 165.799000 -492.366600 374.589500
v 139.404600 -500.007100 395.686500
v 123.778200 -525.786500 365.319500
v 110.648300 -497.099200 410.550200
v 96.442200 -536.735200 390.883000
v 77.517300 -558.244600 356.952700
v 42.353663 -561.931331 382.766922
v 81.730375 -485.214731 412.059276
v 43.195377 -548.247004 311.462614
v -4.036100 -537.891200 342.381900
v -26.408900 -585.708500 326.385500
v -31.358700 -526.070600 360.845600
v -54.717827 -543.034482 325.251375
v -131.238519 -537.032641 309.898618
v -80.037200 -539.285200 356.966000
v -151.490102 -554.655986 269.992385
v -126.086300 -532.158500 346.098400
v -187.782500 -515.629600 295.570400
v -172.312700 -526.607600 342.632500
v -227.006400 -494.840800 290.323400
v -219.660000 -522.072100 346.090300
v -252.384727 -503.482905 254.448731
v -280.521600 -500.603400 308.964500
v -252.651500 -486.949300 337.019900
v -299.177500 -493.767200 270.077900
v -314.380100 -468.889300 314.298200
v -285.112800 -455.318600 338.552500
v -327.762600 -413.194200 310.544600
v -322.273000 -432.931200 355.266000
v -348.182800 -408.584700 282.047400
v -359.277700 -384.817800 332.574100
v -379.636000 -377.945900 306.711100
v -379.816000 -346.768000 353.571100
v -367.257000 -311.677200 387.885700
v -412.221420 -309.144943 360.864643
v -380.019408 -286.538758 412.538874
v -423.906055 -281.331392 391.270477
v -424.905500 -244.164500 403.392500
v -384.854450 -259.119600 423.878700
v -433.932270 -201.351964 402.953016
v -458.366562 -151.673829 422.302005
v -435.190900 -130.260600 442.828700
v -409.325153 -181.581120 439.374100
v -474.532987 -117.742775 443.311214
v -426.536500 -90.130500 448.253500
v -436.930800 -68.914300 427.173900
v -413.637400 -50.341500 450.825600
v -404.333234 -78.400186 468.331418
v -437.018100 -30.122600 444.974700
v -407.484462 -24.581361 480.163019
v -455.551300 10.464500 484.983200
v -388.231742 9.670710 487.285836
v -449.436005 49.100948 495.928812
v -366.833438 37.089729 491.055247
v -394.937805 73.983081 493.182493
v -365.845100 84.425000 512.260300
v -372.698234 112.393020 497.884222
v -351.200213 126.502365 518.443596
v -342.433343 175.183136 550.954539
v -311.976487 187.133133 556.796244
v -343.031873 212.984763 523.358989
v -281.476600 217.573200 535.824600
v -285.955560 236.624608 518.205949
v -249.415123 267.955101 525.744791
v -260.775172 278.051096 506.242731
v -252.300532 312.906994 493.584252
v -268.873911 335.306062 475.070506
v -288.996797 321.080676 476.816481
v -304.103752 358.449835 422.373674
v -346.369300 348.760600 399.249000
v -361.668200 389.583600 390.405200
v -388.040600 370.523000 389.634500
v -402.880500 340.568700 379.732500
v -401.517900 363.264100 350.937300
v -403.646500 321.559500 331.152700
v -427.132600 299.707700 333.311600
v -438.743300 329.841900 311.502800
v -468.154400 308.545800 316.354600
v -499.809400 288.695700 326.640700
v -483.730300 299.258500 281.042700
v -502.184100 270.141500 282.327800
v -543.598600 272.437300 258.865200
v -539.156661 205.634595 263.245794
v -542.224200 214.592800 211.707300
v -571.742100 171.709700 180.106700
v -567.599608 136.332509 184.034893
v -588.069400 124.544300 146.117600
v -589.822350 75.302650 159.367300
v -582.809505 46.475663 119.002285
v -592.697500 12.714800 134.255300
v -596.970600 29.496900 76.852300
v -614.006600 -2.410300 92.579100
v -614.645919 -52.309036 60.452704
v -617.484492 -118.593474 101.297392
v -659.180024 -94.538451 -32.937570
v -614.871100 -153.208500 9.713100
v -642.681500 -123.702200 -12.880300
v -616.184200 -188.695300 33.244000
v -596.857954 -210.388395 -20.815571
v -612.943500 -172.189100 -38.908900
v -584.907200 -234.288800 8.497300
v -560.321400 -282.565800 -15.734100
v -552.141700 -303.171100 -63.661700
v -566.335679 -259.855751 -72.612288
v -555.314900 -344.815400 -42.941100
v -503.078299 -349.621345 -100.609153
v -531.314600 -402.276000 -71.736700
v -487.983900 -402.027600 -115.930300
v -451.513200 -455.230800 -144.689100
v -422.112700 -476.529600 -121.903200
v -400.396600 -444.966900 -181.676100
v -382.852500 -477.711900 -163.972800
v -351.254500 -492.252800 -139.834200
v -334.528100 -466.642700 -198.151000
v -334.007229 -509.096858 -141.937454
v -296.949800 -527.534500 -155.553900
v -287.518200 -517.232400 -220.440300
v -271.488800 -555.207900 -195.513500
v -258.222800 -599.865500 -166.051700
v -217.216000 -604.494400 -189.838200
v -225.065200 -544.075700 -215.291900
v -167.437000 -581.324500 -199.579100
v -146.820215 -586.149577 -159.240034
v -116.725300 -589.365200 -107.143300
v -104.330400 -596.247400 -170.846800
v -81.644200 -606.987100 -125.925300
v -43.863200 -607.900800 -142.841900
v -7.403130 -632.077526 -71.590086
v 14.948300 -613.897900 -116.546200
v 35.590600 -608.991800 -71.524200
v 57.025400 -623.190000 -29.699700
v 70.410300 -599.625700 -89.351800
v 96.335400 -642.763100 -50.566000
v 116.397500 -637.950000 -5.959800
v 149.336800 -618.842900 -25.130000
v 132.940000 -636.627000 -70.919500
v 180.313150 -593.005500 8.072250
v 196.258700 -586.518700 -1.284600
v 176.123400 -583.762300 -42.697800
v 212.296142 -588.178337 40.953373
v 260.418274 -554.501956 11.413955
v 239.063600 -556.426700 -27.642150
v 226.091200 -569.064700 -19.433200
v 264.323600 -567.190900 63.607500
v 294.386500 -552.649800 46.526200
v 285.114499 -541.032348 96.228321
v 341.371800 -531.451200 72.431600
v 361.192700 -529.141000 115.131700
v 388.595100 -510.319400 101.301200
v 364.342405 -510.237533 53.779253
v 409.339800 -482.516900 89.217600
v 418.401000 -468.588300 129.922900
v 422.405800 -449.091800 168.589400
v 444.296885 -447.136360 122.459924
v 455.395814 -401.952929 151.692068
v 427.809248 -382.242237 182.995966
v 460.410600 -358.894800 225.042900
v 475.816700 -353.239200 185.912400
v 477.997964 -329.074137 221.289876
v 487.044953 -313.824475 251.460507
v 500.773100 -276.163800 284.543200
v 514.683873 -264.596194 265.718690
v 522.399220 -262.251328 217.645434
v 515.213900 -238.617900 245.791600
v 513.366049 -204.520791 241.408907
v 518.761313 -181.260818 244.826923
v 531.064790 -143.783233 277.150845
v 531.030924 -103.524200 278.927386
v 542.831949 -81.632500 273.699803
v 532.060194 -50.637188 326.619829
v 512.712942 -50.954101 350.688240
v 515.138369 -19.542210 373.638570
v 496.742500 6.730900 393.951200
v 524.794356 5.499446 378.322937
v 474.312681 -13.803296 411.096248
v 462.753562 -4.857609 429.172369
v 434.404753 21.924259 443.343276
v 468.553900 -30.438900 465.172000
v 430.358000 -8.136700 465.659700
v 445.091433 -37.237330 485.431548
v 405.071600 -13.538600 471.381800
v 406.437300 -48.824000 499.528100
v 382.966934 -20.995866 490.604070
v 375.136557 -57.364171 521.487677
v 409.198146 -79.442142 501.242904
v 363.960313 -98.026052 517.827377
v 375.923820 -114.642540 497.151472
v 361.863598 -152.775856 503.732179
v 317.152249 -195.324041 509.460213
v 283.831597 -243.488974 507.566629
v 263.848938 -343.835373 477.107307
v 226.664177 -363.358638 471.781860
v 217.457466 -404.087898 449.120012
v 171.125300 -393.181600 453.894200
v 189.523067 -447.648185 450.356926
v 143.169310 -391.700569 462.627377
v 134.355373 -479.452181 440.785658
v 79.656329 -446.382257 449.584583
v 108.788300 -416.535500 457.612600
v 52.272200 -464.593000 423.489000
v 35.915300 -507.887300 412.050600
v 8.954000 -497.908500 429.979700
v 27.791356 -462.669794 448.145127
v -11.263100 -522.089200 403.008100
v -16.842100 -472.056800 437.277100
v -56.507781 -509.969309 385.062417
v -80.169000 -489.176600 398.259000
v -47.215881 -450.378413 433.021149
v -105.638300 -526.732400 384.390400
v -122.447100 -481.107200 390.371100
v -142.391200 -490.318000 357.867600
v -167.667500 -481.374600 396.085600
v -125.090806 -459.384985 410.885389
v -193.326400 -503.547100 373.643100
v -207.912200 -465.866100 396.405900
v -232.761100 -484.057900 372.771400
v -239.580700 -436.030700 392.313700
v -213.669305 -446.780601 426.359796
v -268.234700 -457.222300 375.049400
v -274.743700 -410.308300 401.177100
v -267.844200 -420.652200 445.098100
v -300.839800 -426.497800 383.185300
v -308.335400 -381.099600 415.875300
v -293.449100 -377.183700 440.373000
v -295.464300 -321.037400 441.530000
v -350.127800 -279.927800 448.889500
v -396.372600 -253.093700 415.277100
v -359.197611 -233.642616 462.794005
v -331.552100 -264.315500 462.683100
v -388.856911 -223.462482 426.112458
v -342.925437 -210.487624 484.288032
v -390.203031 -168.297528 467.440154
v -390.358200 -156.246600 513.935800
v -367.254500 -176.303200 522.844000
v -391.270700 -129.572400 477.479600
v -383.614322 -86.576739 487.626638
v -364.622300 -74.491200 507.424300
v -373.308612 -134.861946 545.707666
v -389.583100 -54.779700 505.045900
v -359.246403 -27.842439 508.799360
v -331.393351 -15.504547 525.825777
v -321.583613 14.892597 546.718878
v -350.003444 57.096207 527.218539
v -329.392773 77.653540 541.428631
v -317.862179 121.028180 553.370448
v -334.818400 147.107000 558.605500
v -301.070000 161.754500 559.455000
v -259.940162 152.378873 543.392169
v -266.919100 173.632600 550.465000
v -237.798328 168.949011 551.346177
v -254.524728 207.215895 542.275541
v -204.439097 238.840646 546.544139
v -227.387393 258.881085 541.976196
v -235.651700 290.071100 537.836400
v -213.894260 308.708445 536.198251
v -221.032642 333.016804 485.074300
v -209.612493 367.019857 461.836313
v -254.110556 351.793961 450.905202
v -269.560300 371.144181 419.359555
v -320.154563 370.403826 401.253900
v -317.513541 400.340028 381.153100
v -318.637701 412.712894 327.377723
v -354.188100 410.341700 360.543000
v -378.842676 399.521501 359.129402
v -383.055700 373.209700 313.088900
v -409.252500 350.650200 310.081600
v -408.006600 377.752100 287.305400
v -448.689200 364.160400 292.131300
v -467.824000 331.900000 285.420200
v -433.011536 374.974996 261.216816
v -481.760200 322.568600 249.901700
v -503.108800 318.464200 217.853100
v -528.143426 300.947233 252.856461
v -559.102500 261.122200 221.113100
v -545.653900 280.559500 180.758800
v -566.412700 247.100100 180.340500
v -563.096022 189.486882 208.662098
v -593.802200 242.825900 144.457900
v -598.898600 202.420200 143.321200
v -567.351500 154.543800 137.133500
v -571.882600 178.686800 95.594400
v -581.465900 143.714100 98.109900
v -600.028500 111.762500 104.907300
v -600.025700 133.961900 57.004300
v -593.905469 73.065207 67.203023
v -613.282035 83.932357 15.698678
v -603.341743 17.053419 24.870308
v -613.968241 -21.498222 30.094282
v -643.635700 -51.992100 -51.925500
v -638.753200 -15.148700 -66.019900
v -603.990300 -100.201700 -80.131700
v -613.387400 -66.502800 -99.173900
v -611.770400 -136.457800 -60.900200
v -598.011600 -152.595800 -109.524800
v -611.938000 -119.828800 -133.301400
v -594.516700 -187.234200 -86.688400
v -595.547800 -209.030000 -138.708000
v -580.705400 -167.797000 -157.776800
v -560.225400 -232.475400 -108.092100
v -575.718600 -262.589600 -164.735100
v -540.709500 -284.180700 -133.239100
v -489.561324 -297.346628 -206.125886
v -540.203600 -271.135100 -209.191300
v -517.759220 -305.265721 -126.585684
v -467.106700 -333.275500 -195.755300
v -442.148656 -361.598792 -172.525096
v -418.256300 -368.736600 -213.021100
v -404.210900 -400.273500 -193.915600
v -370.320800 -405.989800 -233.195000
v -397.830600 -387.201800 -260.461100
v -341.320500 -418.879800 -276.360900
v -346.749111 -442.318661 -217.077124
v -306.983400 -485.329200 -242.390800
v -287.947000 -459.006000 -297.660700
v -259.845900 -475.285000 -267.466800
v -244.678900 -514.097200 -246.333800
v -209.326000 -527.367900 -274.789900
v -179.946400 -531.102200 -228.239900
v -161.997800 -507.606400 -281.676300
v -142.243100 -534.924000 -245.510500
v -126.753800 -580.093800 -214.735300
v -92.169500 -608.195400 -242.885100
v -69.438800 -627.318600 -197.575300
v -29.277900 -614.052100 -212.710600
v -6.556200 -601.293300 -159.613900
v 30.776500 -621.506600 -186.486600
v 8.870900 -622.611300 -238.268800
v 50.237100 -597.198000 -132.838800
v 85.451700 -592.214600 -152.891400
v 67.018200 -606.451000 -204.755100
v 105.351300 -595.536700 -109.042100
v 142.299100 -597.803000 -131.201200
v 119.765700 -581.249500 -172.220900
v 157.862556 -588.022090 -87.375910
v 175.928800 -582.784400 -149.827900
v 214.992900 -589.991200 -63.256800
v 245.385900 -569.269800 -80.413600
v 223.545700 -558.782200 -121.279200
v 314.471800 -547.830200 -61.560250
v 284.079500 -531.684500 -51.659500
v 274.911600 -547.041700 -95.699200
v 292.302900 -514.527100 -10.036300
v 330.743800 -512.724700 -23.494600
v 344.864100 -563.975900 -71.461000
v 338.126500 -496.052200 16.919800
v 371.652000 -484.073600 6.578400
v 365.526500 -500.441200 -34.355800
v 399.413841 -458.462536 52.044441
v 421.540800 -445.882100 79.319600
v 475.002000 -449.785300 79.598500
v 490.470682 -396.955552 112.051923
v 487.189100 -379.638100 153.730800
v 513.527095 -354.483548 126.184453
v 526.971976 -343.833907 159.931959
v 502.848000 -334.272300 187.759300
v 549.021100 -300.378300 159.522100
v 526.233647 -286.620954 186.128138
v 550.606466 -248.610759 178.940741
v 527.153042 -219.024509 213.809307
v 549.794445 -184.743975 191.439465
v 558.235992 -143.506698 182.304520
v 542.854345 -167.399831 222.659056
v 559.252951 -142.551388 229.522337
v 558.607599 -81.296036 239.621687
v 540.158045 -60.841410 312.437525
v 579.286600 -30.133400 290.554800
v 538.190829 -15.379139 316.226529
v 529.201689 -8.680395 333.924794
v 525.697641 36.119454 350.417003
v 499.142661 43.768879 378.712215
v 485.529414 52.044203 398.227946
v 455.997100 27.194000 428.000800
v 447.259507 51.116299 455.622568
v 416.426925 21.300265 461.985121
v 397.686936 25.963780 469.916954
v 380.998504 19.700964 485.258618
v 372.713600 3.858500 509.922000
v 353.452723 -29.980889 517.168972
v 351.747654 23.369409 529.095677
v 337.198397 -64.243750 532.106679
v 318.440954 -101.017928 538.071818
v 285.951062 -203.480280 531.803920
v 287.766132 -142.653456 561.365065
v 271.298373 -237.095143 514.005551
v 199.959970 -344.667576 513.504699
v 157.473944 -337.104760 524.412986
v 173.301107 -363.738307 500.336135
v 123.084221 -391.689410 490.089328
v 112.105100 -353.780500 515.313000
v 102.508800 -399.454300 516.193200
v 83.947600 -411.182100 472.599900
v 59.370700 -403.328400 487.710100
v 77.062100 -389.553100 527.969100
v 19.239800 -426.653600 489.605100
v 34.279400 -382.860100 490.156800
v 1.696400 -460.089100 474.092000
v -22.931700 -432.440900 479.414900
v -5.317900 -404.881500 497.499100
v -64.646800 -433.404500 473.114400
v -105.083041 -437.791380 444.790971
v -104.555100 -421.666600 461.326600
v -77.003825 -410.169285 491.278694
v -150.248400 -428.646400 477.712000
v -124.116600 -389.174600 473.278300
v -169.961500 -446.219700 455.909000
v -194.618000 -423.132800 489.788900
v -173.265600 -401.213100 503.248800
v -212.909500 -434.589100 463.935100
v -235.522861 -338.885521 476.115746
v -249.352000 -409.527300 466.857600
v -255.007300 -352.395500 467.861500
v -279.258100 -372.227900 464.318500
v -279.729700 -312.538300 455.898700
v -278.979466 -300.753749 480.779955
v -301.932000 -282.275500 459.976400
v -318.241671 -258.356575 489.822284
v -271.424503 -271.049088 522.219230
v -309.993300 -212.125400 517.597000
v -293.882600 -241.451300 531.052600
v -319.770379 -180.585171 529.739664
v -289.486100 -198.401600 531.117600
v -346.471300 -160.465500 544.227700
v -311.296000 -139.045300 540.465600
v -341.327800 -120.932300 549.406800
v -305.064700 -100.363300 544.429400
v -294.362065 -128.431713 556.999515
v -318.516796 -89.113583 544.810933
v -338.366609 -57.796637 521.522456
v -310.731200 -25.211800 590.900500
v -290.344000 -48.213800 595.136700
v -276.788700 -7.596800 587.550500
v -293.238163 34.584203 558.045027
v -240.806143 11.879159 569.319278
v -282.607275 64.185231 551.530888
v -260.716900 91.605700 563.679200
v -229.767962 49.241992 571.991015
v -278.716167 111.967808 542.485173
v -231.265376 115.325266 551.799084
v -207.772398 179.340925 566.271556
v -212.784117 202.882268 555.602625
v -167.614694 223.808609 551.235771
v -177.864010 256.125924 542.755208
v -204.284423 286.385021 546.928178
v -159.863888 312.339922 523.796037
v -142.586001 272.030862 537.900157
v -124.365420 323.183115 523.564781
v -146.055400 332.302200 501.986800
v -177.969980 342.747125 493.855589
v -187.302078 367.881712 485.483630
v -193.828059 387.200216 439.481902
v -194.726664 425.166244 411.663315
v -254.696948 410.035546 399.073307
v -271.721559 426.700748 364.670514
v -260.837124 471.541549 328.791276
v -301.827907 425.134385 309.497122
v -343.805200 410.067400 287.091500
v -370.688684 414.431815 240.825531
v -369.188792 390.476006 282.701408
v -417.053318 405.814162 221.839243
v -467.280200 341.075700 217.385300
v -458.929799 374.334823 197.703062
v -502.530200 348.924100 190.993100
v -515.905300 309.298100 181.630400
v -507.451400 335.952900 152.052400
v -542.458600 308.820900 148.557400
v -586.338000 284.734600 149.508000
v -572.526800 310.365400 113.033700
v -595.165700 273.399000 107.514600
v -578.219300 221.289200 98.544200
v -570.658250 271.360700 65.775200
v -610.676300 219.374500 59.360500
v -603.784100 174.346500 56.724800
v -605.765700 204.451100 14.835100
v -599.967500 160.221900 12.301400
v -617.697300 124.434300 12.569800
v -607.531288 83.764444 -24.198430
v -608.655886 65.131393 -65.230546
v -618.882100 21.797800 -74.153700
v -613.683400 46.610300 -129.049500
v -594.011655 -19.934934 -211.385584
v -620.072391 -34.415233 -126.883090
v -607.376400 -82.646200 -150.166400
v -593.235000 -57.979900 -213.799000
v -586.959867 -101.038395 -194.757402
v -584.587800 -150.936400 -235.778400
v -583.617853 -220.870148 -199.103369
v -521.741168 -159.520204 -267.901338
v -539.075074 -232.265800 -234.755187
v -495.270400 -273.882700 -247.297000
v -463.351100 -282.586100 -290.405200
v -468.513077 -244.355542 -315.099823
v -439.771444 -320.287553 -252.922628
v -436.839900 -334.421800 -317.643700
v -446.623000 -300.916000 -345.238900
v -407.256200 -352.091400 -279.669600
v -381.301600 -366.548100 -326.201200
v -397.528400 -338.224200 -355.972000
v -356.722000 -387.199300 -294.907400
v -337.289700 -412.397500 -349.767400
v -340.682600 -367.797100 -360.962400
v -318.249000 -443.246100 -328.289200
v -289.994200 -406.217400 -377.225800
v -267.801300 -431.547200 -351.046700
v -243.837400 -454.632700 -323.273400
v -240.974600 -458.499400 -403.241900
v -221.548500 -494.257500 -378.076100
v -190.829710 -493.888738 -326.071515
v -147.147900 -490.564200 -341.067800
v -182.106200 -501.152300 -407.496000
v -129.958100 -530.843600 -311.983600
v -110.249400 -491.358700 -361.790600
v -93.447200 -538.107500 -336.473800
v -99.342213 -553.143846 -279.460570
v -34.292400 -554.565100 -314.634200
v -53.544500 -511.805000 -343.650400
v -20.278105 -603.297799 -274.998537
v 23.477700 -575.237000 -296.678100
v 46.760100 -615.275500 -260.366500
v 79.166400 -568.525300 -265.351700
v 58.465100 -551.636700 -311.007900
v 98.599300 -570.521400 -215.586400
v 164.447008 -568.497210 -205.668409
v 188.399600 -558.417200 -211.501000
v 159.483107 -548.854709 -261.577170
v 213.604900 -578.838500 -171.480100
v 231.120000 -563.474200 -237.480200
v 257.310400 -583.547900 -196.043600
v 253.052800 -536.172600 -135.853200
v 279.092900 -536.728800 -200.004600
v 288.942900 -525.185100 -151.264900
v 323.260900 -557.004000 -115.245000
v 353.635430 -544.993415 -156.368632
v 389.869100 -559.581300 -85.059000
v 405.517800 -531.143300 -137.919800
v 405.281100 -511.059100 -88.321700
v 436.383900 -483.823600 -91.990800
v 422.364102 -453.831646 -49.381060
v 442.785391 -429.954323 -31.538499
v 455.980267 -428.202945 2.825430
v 502.564600 -441.339200 36.828500
v 499.986308 -403.066068 -5.614913
v 509.636400 -397.947800 37.246900
v 531.167200 -367.094000 41.313200
v 501.691593 -374.872207 75.752409
v 529.806700 -312.503900 83.276600
v 573.273900 -258.763794 100.818786
v 560.304687 -299.316239 129.043593
v 583.087225 -230.716884 123.580355
v 610.112396 -200.093833 98.340359
v 572.255792 -163.988478 152.079786
v 597.400175 -109.440539 188.809208
v 577.318236 -102.997288 227.273601
v 584.236998 -47.570522 209.552601
v 590.849357 -37.000081 267.874711
v 570.035273 10.578667 231.540015
v 565.047340 18.683437 262.350067
v 554.605629 19.027367 283.354462
v 562.327900 48.781400 289.789600
v 536.629754 28.537802 325.182719
v 576.120013 80.967389 314.174647
v 542.222802 62.852339 332.433836
v 565.587019 109.133776 323.981634
v 506.624509 97.064265 345.700817
v 493.817469 98.952357 401.041083
v 463.711635 85.113900 437.923876
v 438.081378 78.631980 467.397449
v 393.578427 122.333415 449.789850
v 385.727995 69.653618 479.052538
v 366.813255 73.371875 492.313534
v 357.003200 59.794100 506.821700
v 348.044331 100.050457 506.592215
v 337.580400 84.981100 530.108800
v 349.564500 57.573600 536.957600
v 333.693500 24.215500 542.529100
v 294.986415 18.640991 550.805939
v 323.776501 -8.011909 538.484221
v 299.109300 -10.949600 555.652500
v 306.031592 -45.180723 545.160194
v 280.061207 -68.813688 565.449594
v 293.929894 -108.095224 572.389469
v 261.249890 -140.243210 596.807515
v 256.777843 -176.254397 557.815945
v 248.026287 -195.158752 549.109890
v 199.121950 -222.576581 545.427495
v 236.810600 -172.692100 589.434200
v 240.117164 -229.714980 528.024397
v 178.074133 -275.490356 532.030260
v 138.494192 -294.053432 549.083228
v 178.295587 -234.091857 566.977043
v 124.943700 -322.883000 532.395500
v 69.645402 -332.209351 523.359554
v 80.609500 -308.145400 557.812900
v 50.682000 -366.270100 524.130600
v 26.866800 -349.778200 532.755100
v 10.890300 -371.325000 507.250800
v -12.949500 -370.319600 544.418700
v 4.170600 -344.755800 563.584800
v -28.513000 -378.853400 502.832300
v -35.825900 -345.848800 552.936000
v -67.778300 -377.832900 496.961900
v -72.539483 -335.376860 526.550014
v -103.442856 -359.396963 484.361444
v -127.450500 -343.047100 507.516400
v -106.477973 -329.555133 544.285096
v -145.878900 -363.092200 494.237900
v -169.365057 -329.275772 518.793333
v -189.149000 -358.125600 509.124400
v -206.453400 -318.832900 515.623700
v -185.116508 -287.243804 540.261519
v -220.239173 -331.610925 498.524071
v -247.976691 -267.694533 543.697105
v -256.331965 -308.492814 508.234107
v -274.084200 -228.855300 543.256700
v -240.340677 -239.155581 561.064566
v -276.667430 -158.101674 578.012914
v -240.643400 -208.407500 584.713000
v -228.112514 -144.784627 590.927060
v -270.604500 -110.268700 579.374600
v -234.619681 -97.000517 570.415257
v -271.079200 -77.783358 569.120517
v -229.880845 -61.780838 569.714022
v -253.301700 -30.018700 581.210800
v -226.671100 -13.340800 585.095500
v -201.911324 -48.423956 606.970787
v -196.748925 -19.376276 621.408953
v -192.379947 34.274504 604.476851
v -217.691395 79.031894 567.005303
v -173.970871 80.913223 567.899984
v -196.819443 109.555924 561.124269
v -160.543983 135.002803 577.787217
v -119.600220 188.172981 570.344714
v -121.732856 140.178921 582.328553
v -116.055644 242.068976 559.018337
v -108.525164 282.881280 542.436613
v -93.046267 257.460574 572.035088
v -85.647369 291.100842 539.628250
v -99.669842 359.776819 511.530287
v -134.356893 353.861769 493.866941
v -115.601900 386.213600 488.000200
v -127.709300 399.243800 466.000800
v -140.406444 421.499880 453.339280
v -165.368143 391.392460 472.547114
v -180.093100 417.641800 435.114000
v -163.737000 450.379100 448.206000
v -180.988600 467.202100 429.389300
v -193.944700 470.429700 399.693400
v -194.497819 473.004148 363.156662
v -213.165508 442.450333 392.543659
v -251.927090 489.297732 301.033104
v -285.983599 465.637349 262.505574
v -312.747403 432.352754 286.547222
v -345.100800 443.601000 270.095300
v -330.975000 460.993400 243.480400
v -366.366084 442.559537 226.161495
v -488.208900 372.928200 162.621200
v -485.422700 409.053000 141.114700
v -514.807300 377.027600 129.924300
v -520.153200 329.095300 115.323500
v -532.426800 323.171600 77.317400
v -530.590700 418.869600 69.917300
v -581.607100 253.122800 62.583500
v -551.083700 322.557300 38.659800
v -554.708923 273.688318 -0.820871
v -597.567900 247.250400 20.454100
v -580.048937 194.992821 -29.351652
v -563.171532 229.717364 -69.046257
v -581.217409 171.619134 -70.242590
v -583.254500 133.533800 -76.590200
v -582.554159 158.551793 -158.227521
v -586.843700 124.982600 -123.742200
v -613.376800 87.689000 -131.096700
v -576.751400 115.480700 -168.531200
v -597.835100 75.901100 -177.474600
v -587.352100 68.160000 -224.997600
v -601.621454 26.129458 -223.879740
v -578.366000 17.978300 -274.346800
v -563.933900 -26.131100 -264.696700
v -570.060254 -102.005357 -244.369655
v -548.442397 -33.008343 -308.638507
v -547.564121 -120.700805 -294.671205
v -511.023100 -80.942400 -339.660300
v -490.314805 -190.278081 -322.761341
v -470.795300 -169.138700 -350.680400
v -479.508500 -128.136600 -368.113300
v -445.239700 -173.009500 -393.670200
v -409.625903 -266.257224 -394.234909
v -430.057400 -221.897607 -405.740264
v -406.264400 -303.603600 -382.832400
v -363.948200 -302.536100 -415.417300
v -359.818500 -253.943600 -423.582400
v -368.139300 -350.535500 -404.196700
v -327.141500 -351.370800 -440.049200
v -330.946400 -306.004000 -455.972600
v -307.669900 -377.567300 -404.182300
v -261.478800 -369.917800 -427.791200
v -280.734400 -342.248500 -462.863700
v -254.382400 -415.563200 -417.779300
v -228.897400 -378.812700 -470.674700
v -218.098800 -424.342500 -457.450300
v -197.335700 -454.784500 -426.679700
v -153.591100 -443.889500 -442.760400
v -166.795800 -399.936200 -459.268500
v -136.160400 -483.047600 -415.979200
v -92.425800 -456.705900 -418.579600
v -111.632100 -434.546300 -461.054500
v -30.811986 -496.741826 -360.941061
v -36.401200 -477.412200 -404.255500
v -51.958100 -441.539300 -432.652500
v 19.820100 -494.419200 -387.562800
v 3.626000 -472.122200 -429.258800
v 27.425929 -528.668426 -347.828522
v 79.577200 -534.334400 -386.994000
v 60.697100 -487.178400 -410.574700
v 96.311100 -547.196900 -336.278500
v 130.577600 -513.785000 -342.038500
v 121.710000 -517.131100 -403.204300
v 148.944800 -536.656100 -301.463000
v 187.688600 -523.495700 -319.175300
v 170.866100 -498.197300 -356.885800
v 204.589200 -535.738600 -274.284900
v 240.434200 -513.824200 -284.750200
v 235.296300 -520.664300 -341.185700
v 260.185600 -529.247300 -243.832400
v 282.075900 -497.491800 -294.679000
v 296.478900 -507.419700 -251.861000
v 309.462100 -508.018900 -206.158700
v 321.792200 -465.422700 -246.022000
v 345.210400 -485.524300 -211.725700
v 383.060700 -520.375300 -180.708200
v 417.946000 -492.480200 -183.238500
v 370.900200 -447.787600 -207.610000
v 435.354100 -498.513400 -139.914400
v 441.895200 -442.532700 -131.490300
v 417.621000 -427.180900 -167.515800
v 436.250500 -425.302600 -86.050600
v 459.708162 -398.885407 -120.444953
v 509.207432 -372.540338 -39.155203
v 519.521999 -353.617717 -23.899316
v 547.930800 -342.205100 8.786000
v 548.696700 -333.546100 47.753700
v 572.579000 -311.236100 18.899400
v 551.414700 -292.848700 55.356700
v 611.666300 -286.179500 31.810300
v 573.170700 -263.026200 66.064700
v 635.040900 -253.577700 46.262400
v 607.892700 -237.954200 80.201700
v 634.254495 -215.331908 37.255434
v 589.291400 -158.981500 101.004200
v 581.004933 -149.307254 125.094242
v 598.768900 -123.568500 144.228300
v 607.150857 -96.627120 125.860670
v 602.876771 -72.975906 169.731235
v 595.213383 -63.765998 195.090015
v 625.192110 -33.535982 182.886575
v 591.152253 25.328810 200.322261
v 577.328747 0.813979 216.049761
v 597.030908 68.355300 258.403246
v 586.724800 99.179900 272.725600
v 581.876900 105.760300 299.535200
v 561.287600 128.422900 287.350800
v 553.590019 133.607658 319.301087
v 529.140979 157.348779 307.128594
v 472.403531 172.888230 316.431896
v 464.296785 162.501336 377.654717
v 498.891077 134.114094 341.315337
v 484.385943 138.814671 401.421301
v 441.400112 177.334125 392.979137
v 432.962859 151.683579 418.287946
v 401.553452 147.439764 429.064855
v 393.302343 155.649739 460.112162
v 367.752284 118.446620 471.783050
v 346.724322 144.524692 501.572619
v 322.974900 110.498200 518.696700
v 294.943875 101.766081 540.455674
v 301.941730 135.483996 540.801184
v 303.738232 78.063737 540.146676
v 329.403671 52.099740 557.573182
v 285.911900 45.972600 564.179400
v 254.689233 14.131596 570.169430
v 267.897414 54.957813 564.197077
v 278.745015 -13.137822 574.141896
v 271.067961 -43.857382 571.279009
v 242.558359 -42.551869 583.420779
v 265.304000 -75.802900 593.902900
v 246.211043 -77.306605 605.029355
v 262.108780 -110.223516 604.950516
v 232.220977 -106.342568 613.428407
v 228.044933 -162.248872 596.610679
v 178.100371 -192.033931 595.418054
v 206.810736 -190.255707 586.323903
v 163.206769 -227.816867 575.172498
v 130.513900 -254.875000 574.232800
v 94.666013 -234.849285 576.602625
v 126.055328 -197.573444 580.321042
v 106.636710 -288.478401 582.031693
v 76.302100 -272.483100 593.785000
v 48.844489 -296.681797 581.530680
v 27.832269 -305.115082 540.055412
v -0.200900 -278.836600 552.013600
v 17.600500 -268.151000 597.741200
v -18.190400 -320.796000 569.023000
v -37.148900 -282.626300 550.361100
v -19.741800 -260.535100 566.091700
v -55.367600 -309.988100 544.640300
v -109.865401 -286.077730 564.977519
v -97.649400 -266.740300 582.088600
v -133.710725 -303.379732 554.481596
v -136.948800 -260.019700 581.424400
v -184.823400 -260.181800 605.088300
v -205.923799 -270.292477 552.678177
v -204.281800 -228.058400 607.945800
v -178.666167 -197.838600 608.679231
v -197.700405 -184.613055 602.736983
v -149.938749 -135.631204 602.643181
v -168.406749 -109.666191 600.389903
v -183.903022 -95.981909 596.249181
v -151.932099 -77.976555 616.262319
v -176.520000 -44.622700 621.790600
v -151.539987 14.078490 620.927938
v -134.519673 -21.272862 599.387403
v -159.275400 39.171900 619.979100
v -130.304200 55.015000 603.107900
v -150.236360 72.770287 581.905816
v -111.733830 79.950312 587.126617
v -85.740942 115.856852 594.824142
v -88.948600 148.906200 603.055700
v -89.393553 176.120277 598.166567
v -49.622658 183.533417 620.547763
v -84.777447 206.969333 580.906806
v -56.839200 207.846300 613.944500
v -46.613400 244.140800 602.008400
v -62.061300 266.956500 595.952500
v -75.451500 282.982000 575.045800
v -36.696845 280.652750 591.943758
v -40.655022 307.928723 525.337904
v -26.447300 354.821500 519.350500
v -13.218400 337.890400 536.709700
v -64.204700 358.526600 507.941700
v -24.705309 384.602578 500.002670
v -78.844800 385.965600 503.963600
v -70.484014 435.233383 500.418207
v -94.402700 413.709800 498.555500
v -105.370700 419.537100 467.387200
v -91.323416 445.138446 447.463619
v -127.886416 475.074131 443.068260
v -121.175018 497.432998 415.118680
v -157.192300 485.096100 426.754100
v -169.958700 486.433000 395.879500
v -149.804444 476.920823 354.739993
v -182.052202 507.831016 319.610939
v -215.201692 482.411927 335.431055
v -206.009046 506.487916 287.690255
v -241.950298 517.723875 264.164744
v -266.189979 487.436439 272.808662
v -283.085897 502.269221 236.008757
v -331.370484 477.635482 223.728905
v -352.517300 519.043500 209.515000
v -374.400000 485.095700 199.561900
v -409.894545 434.752389 182.428892
v -452.479233 408.377163 159.881063
v -418.534900 447.047400 127.327700
v -475.759200 444.307300 120.588800
v -520.235100 423.326400 109.068200
v -485.293500 440.583400 84.242000
v -527.726700 360.121400 51.612700
v -515.906200 397.688500 28.641400
v -532.539500 353.915800 12.192100
v -548.348400 311.312600 -1.795900
v -553.857500 361.129400 -28.856500
v -545.163200 302.343000 -41.914400
v -551.159200 249.856400 -95.026600
v -584.299000 214.608600 -111.032500
v -567.910000 254.261500 -141.274900
v -593.991800 213.935400 -158.944600
v -577.616600 207.984100 -199.771900
v -568.244900 156.147300 -206.203900
v -581.465700 112.665400 -218.578600
v -578.053500 162.764700 -257.623400
v -576.299800 112.516700 -265.972900
v -559.107100 62.275100 -263.706100
v -542.509600 111.093900 -297.775700
v -549.014000 62.773400 -308.933600
v -546.558300 14.276500 -311.233400
v -524.024000 14.513400 -350.195900
v -538.718600 66.989100 -354.113700
v -532.137800 -35.509000 -357.449200
v -476.866513 -25.609792 -383.434852
v -486.165000 17.757100 -375.199000
v -496.679500 -84.227600 -387.316500
v -463.164100 -80.058000 -418.767800
v -450.012500 -127.580300 -405.263500
v -430.032500 -125.431600 -449.587400
v -409.743000 -169.852300 -425.521800
v -389.240200 -168.842100 -470.874700
v -435.073827 -71.813816 -452.766850
v -378.104300 -216.478100 -453.707200
v -354.046300 -215.601400 -498.140200
v -325.930100 -251.096300 -456.122500
v -302.692900 -253.424700 -502.749700
v -323.511405 -206.384097 -528.573887
v -295.800200 -304.404700 -491.440900
v -258.072000 -297.547700 -518.878300
v -265.253400 -242.871100 -524.734300
v -241.259600 -337.586200 -490.682500
v -198.109200 -326.238000 -505.382700
v -213.803400 -283.292800 -527.288900
v -186.531000 -372.548900 -493.519900
v -157.657561 -320.013153 -528.260878
v -146.936800 -374.893100 -527.258200
v -131.729900 -415.349400 -507.454100
v -98.654600 -362.756900 -539.835900
v -85.039500 -410.458800 -532.568800
v -69.654800 -435.361800 -491.967700
v -31.625600 -368.317900 -508.107500
v -20.513200 -402.073200 -483.878900
v -9.649300 -433.189800 -453.755000
v 35.980300 -418.134600 -467.444500
v 26.283300 -370.457900 -474.997700
v 46.581900 -450.837800 -438.558600
v 83.817017 -417.091049 -466.455868
v 107.060800 -484.536600 -437.452700
v 195.878684 -436.466172 -385.520531
v 135.433900 -401.499900 -443.893200
v 159.949700 -478.979900 -399.077900
v 183.888400 -401.223000 -409.037800
v 223.732500 -502.892400 -384.659300
v 258.886000 -461.050900 -372.883000
v 241.212400 -419.236800 -391.924800
v 262.690600 -469.848900 -326.575700
v 288.602000 -415.762300 -353.990400
v 298.757400 -438.528600 -321.466500
v 325.212800 -477.489300 -299.723900
v 359.765900 -442.704000 -292.869000
v 356.793600 -437.596700 -244.815000
v 396.422400 -410.371300 -286.012200
v 407.606300 -424.743800 -250.745100
v 423.760600 -375.728100 -232.321700
v 403.073855 -390.913578 -196.651487
v 443.566000 -393.123100 -160.532300
v 481.441183 -357.585705 -160.011102
v 484.265600 -367.664000 -115.438100
v 508.612100 -334.889300 -142.463000
v 557.703786 -339.121586 -90.991111
v 572.316300 -322.804300 -98.501100
v 556.424000 -312.082400 -57.527600
v 554.722200 -307.211800 -19.452700
v 585.591400 -281.264100 -43.694000
v 618.962300 -294.326000 -7.220800
v 640.657300 -260.504000 -29.117900
v 645.293900 -261.025100 9.097300
v 626.917590 -174.727300 13.667622
v 633.379842 -136.140907 11.613862
v 595.969900 -163.902886 68.549660
v 623.667445 -106.411807 33.228685
v 606.734749 -110.137800 72.599850
v 605.813473 -70.771379 105.963840
v 597.126416 -77.382972 146.948630
v 629.255696 -39.645737 154.282570
v 620.408561 -1.535635 181.748600
v 596.194478 56.680436 181.985094
v 590.339986 45.347305 208.047736
v 589.826100 77.127800 196.268300
v 602.558232 91.815857 235.580699
v 589.104016 110.156161 215.416764
v 561.141588 122.491161 252.220764
v 560.455752 167.738795 244.949550
v 555.284200 153.130400 281.336100
v 554.414500 178.789500 276.523200
v 527.288700 179.947800 293.352100
v 514.493163 220.091722 278.594318
v 492.702000 202.718100 301.154800
v 487.679300 175.183700 301.232700
v 483.406600 209.125500 327.709100
v 455.970992 203.016243 362.220821
v 456.948830 182.597792 357.543883
v 438.278799 237.361830 374.386604
v 401.510904 189.673272 430.525344
v 364.981137 199.587220 477.593222
v 343.049300 201.859900 488.981800
v 315.221300 193.199200 493.344800
v 297.302800 191.149700 512.522800
v 326.113589 172.904611 501.476329
v 278.415809 186.748201 532.828172
v 262.243835 110.162738 557.341025
v 255.671414 68.273149 583.549127
v 230.254300 121.665500 562.240400
v 240.445995 69.899650 606.036373
v 218.588100 65.126200 610.723800
v 212.388009 3.980854 585.182205
v 212.120612 -41.618948 588.086902
v 199.616051 -37.800454 592.652723
v 202.479892 31.758490 597.390324
v 194.749204 -99.121885 605.835057
v 177.238799 -86.770209 601.294303
v 171.321472 -55.389875 603.120393
v 197.659579 -127.744324 598.229107
v 149.189376 -90.785533 605.205836
v 114.494867 -102.200741 608.632757
v 79.280384 -140.345074 598.486618
v 66.628749 -172.213906 597.317286
v 53.098751 -214.051343 610.990019
v 98.369286 -194.426649 583.339850
v 38.123941 -245.557255 617.617626
v 35.852920 -194.245196 603.395919
v -1.908900 -240.686800 588.976900
v -24.327386 -218.169234 581.737326
v -39.099600 -243.088100 586.599100
v -18.684223 -193.422560 583.558913
v -77.757790 -250.084498 600.509107
v -103.734778 -218.605141 592.637238
v -134.774300 -211.435900 596.944100
v -120.123870 -167.001118 598.889001
v -161.658600 -238.907400 609.037100
v -108.612692 -140.766950 615.031760
v -112.736264 -87.297152 616.836457
v -106.473569 -31.407099 602.393098
v -81.747460 35.346002 605.770502
v -115.213900 32.798700 606.707700
v -73.990305 73.889967 610.229588
v -22.766774 95.749847 614.068581
v -35.282100 117.764200 600.088700
v -2.138064 111.876644 599.590512
v -34.384524 149.381437 602.761208
v -16.625800 199.489000 616.022200
v -32.030700 226.090800 620.076400
v 2.155822 182.249969 603.199750
v -12.624637 241.431998 614.230205
v 4.654900 266.920800 582.242700
v 14.709474 287.224412 541.797169
v -7.969477 297.209618 540.352330
v 38.999252 304.848301 533.069989
v 37.899700 354.028300 510.025000
v 53.404755 330.088002 519.694069
v 25.258200 382.732500 508.594000
v 9.296244 356.736010 529.606782
v 11.887700 409.059900 501.769900
v -27.827700 413.114400 491.190500
v 20.156549 427.156615 465.409487
v -15.580800 440.216700 461.539200
v -42.443000 439.953900 483.103900
v -40.220800 448.307601 451.076586
v -52.587687 467.611951 422.834640
v -65.881415 487.411783 409.315680
v -115.091700 501.296000 372.192500
v -77.672909 507.727793 389.058557
v -112.792227 519.054017 341.644411
v -120.512200 534.088100 319.593300
v -143.049400 510.366100 321.934200
v -162.289700 533.753300 308.808300
v -136.279300 548.317100 300.662000
v -152.660119 551.782073 265.682141
v -180.745236 540.618743 266.008822
v -213.920291 532.026047 252.797594
v -205.519304 555.383088 198.419219
v -231.393100 531.312800 218.820400
v -269.524861 521.098700 214.742502
v -310.882900 522.116500 206.085900
v -281.641100 532.695200 182.111800
v -329.774800 540.844800 189.048400
v -362.163800 518.559900 183.036000
v -336.193500 540.636600 165.601600
v -372.469319 482.427910 162.767056
v -356.013395 494.553014 117.824692
v -389.595678 470.596721 133.230229
v -433.507382 446.420252 85.727592
v -503.341100 446.695300 47.730000
v -463.471700 463.352800 28.594600
v -495.859600 432.829000 8.448400
v -515.434800 390.383900 -10.538000
v -472.292400 408.381700 -28.638500
v -537.859224 385.420743 -44.547236
v -497.602400 372.995200 -85.692100
v -521.033810 297.759872 -92.568834
v -518.653656 285.293449 -128.302041
v -545.866500 245.747400 -177.238100
v -542.688000 251.715100 -218.117900
v -543.554500 201.366100 -231.117200
v -510.734600 249.408100 -245.993400
v -532.904400 208.541600 -270.377300
v -553.080000 164.429000 -293.340500
v -510.470300 163.733300 -315.449100
v -541.262300 120.268600 -346.304000
v -496.812500 122.783000 -365.321800
v -481.316300 68.156200 -363.900000
v -460.455900 77.661600 -397.158600
v -462.310100 129.868300 -387.762200
v -470.844400 26.083800 -415.544700
v -438.377600 36.210900 -440.199000
v -429.244100 -17.545400 -439.452200
v -383.653119 -7.375595 -490.533661
v -424.331500 49.949600 -484.528200
v -387.696181 -60.267122 -469.076128
v -332.419968 -122.520990 -499.144861
v -325.318900 -90.979100 -518.683800
v -282.917900 -135.220800 -537.017300
v -306.731300 -85.385200 -568.711900
v -277.155400 -191.257200 -537.696500
v -240.793300 -184.386400 -558.714200
v -219.786292 -124.896621 -557.574356
v -225.232300 -232.801600 -538.726700
v -200.755200 -178.451600 -571.032200
v -144.869300 -223.630500 -565.160800
v -129.494400 -270.009900 -552.005200
v -109.209600 -302.867700 -521.272900
v -45.282250 -251.167635 -571.353423
v -48.974697 -327.805206 -519.529283
v -18.552000 -281.864400 -551.182700
v 0.536700 -317.770300 -537.977400
v 15.702900 -337.502300 -496.688400
v 46.251200 -288.833800 -525.625100
v 61.252200 -319.366000 -503.393000
v 73.178100 -355.459700 -486.892400
v 121.522000 -341.531500 -500.717700
v 115.911300 -326.636700 -554.102100
v 126.926900 -365.359500 -464.477900
v 175.299500 -349.632300 -474.019000
v 163.995600 -312.653500 -490.427900
v 182.261600 -381.588500 -448.447100
v 228.111500 -359.111100 -448.194200
v 234.741300 -347.619600 -503.584900
v 232.110800 -386.405000 -417.092600
v 282.804100 -347.695700 -461.939400
v 295.050456 -400.189635 -400.582693
v 337.068700 -379.786800 -395.912200
v 345.833789 -388.954332 -348.778821
v 367.500200 -340.359700 -375.447800
v 379.551751 -394.180044 -315.707580
v 420.772900 -357.238100 -307.081000
v 406.940600 -330.776200 -331.677900
v 423.711800 -369.899600 -271.344700
v 440.236500 -312.977000 -283.550000
v 445.931600 -328.774300 -252.612800
v 454.441300 -343.002600 -220.834600
v 506.446400 -314.691600 -253.353700
v 521.051300 -334.184400 -223.528900
v 515.161100 -336.602800 -183.015000
v 525.089800 -284.931200 -196.316500
v 531.767200 -295.854300 -163.663000
v 543.396100 -305.879500 -130.619900
v 576.260300 -270.049400 -151.763200
v 560.176600 -267.123200 -112.816700
v 558.380752 -262.730059 -80.714738
v 631.631600 -255.614500 -66.565600
v 633.451400 -208.202300 -79.833200
v 642.404400 -215.369700 -46.233000
v 631.387700 -167.704800 -56.683400
v 636.514300 -173.645000 -24.894200
v 631.022629 -94.076153 -12.931734
v 618.669449 -43.428823 47.625805
v 604.130747 -42.827213 89.693986
v 605.141378 -24.901116 114.283047
v 626.180000 7.009500 124.897100
v 633.014918 -8.832606 161.774592
v 631.531284 41.042523 123.596786
v 616.107833 51.762512 156.062406
v 572.130117 131.908791 199.739783
v 583.833529 89.970605 166.205706
v 558.941786 159.724150 221.454695
v 562.728111 168.565952 182.904426
v 541.895452 185.036116 214.039060
v 557.472880 226.926882 196.283245
v 538.461893 205.431346 262.190009
v 523.172284 229.450164 225.978590
v 492.553300 228.186000 296.851000
v 462.268344 266.903877 297.777717
v 483.117860 236.978427 329.026419
v 427.601686 274.852211 335.514498
v 389.719400 267.871500 430.870000
v 397.778725 241.645497 434.246939
v 367.280701 244.721237 467.946780
v 344.865697 267.979339 461.151576
v 326.795700 257.820600 483.749900
v 322.027054 233.033412 497.320443
v 285.694499 249.647812 509.522856
v 282.412614 215.357654 509.194316
v 235.168036 216.375189 520.938882
v 213.819308 210.668652 539.433717
v 230.171797 180.631917 547.557166
v 236.928697 147.718328 551.667634
v 209.893465 154.319971 593.138968
v 213.452320 109.470465 581.580704
v 197.344480 93.362931 592.295918
v 169.649315 73.239988 598.948041
v 177.501854 137.836447 620.864926
v 189.262500 57.089700 598.985900
v 160.818080 24.630352 607.713833
v 182.211879 -17.992351 614.581536
v 146.918416 -37.501152 621.387919
v 134.498874 -0.064512 620.419639
v 108.200402 -59.714576 637.724040
v 122.433133 -73.509041 618.439287
v 62.184990 -90.770145 622.841859
v 70.093326 -111.521695 600.261432
v 19.500700 -167.151700 602.772900
v -4.363034 -140.982538 622.088227
v -41.394396 -157.033922 613.972121
v -72.959553 -181.839628 596.418301
v -35.184320 -93.274254 626.108653
v -44.280010 -58.239803 626.625897
v -50.685211 -25.260284 624.130145
v -16.510750 1.566639 627.912592
v -63.323993 11.465438 612.342620
v -46.601825 47.603223 611.173358
v 9.030475 34.375119 615.803029
v 15.411226 85.962704 622.472967
v 35.139755 64.373687 629.211351
v 28.623053 126.361670 609.144012
v 47.165723 85.984980 626.970585
v 33.139695 152.686469 609.822932
v 71.108604 153.044553 603.601833
v 46.989363 207.130721 604.393602
v 60.381573 232.891703 590.742752
v 27.318299 252.313530 587.433804
v 66.002195 268.709821 564.111627
v 80.762400 297.480800 553.587300
v 88.415668 244.954201 576.294467
v 104.767400 302.822000 537.472800
v 83.402729 332.858445 509.585364
v 116.858953 329.883376 511.105690
v 85.969054 375.743595 499.817617
v 52.646400 404.227600 511.699100
v 78.978000 413.217200 498.982500
v 44.493518 425.994208 495.870111
v 48.984200 435.835400 450.081200
v 53.652395 461.077919 419.977067
v 21.670100 485.585900 427.390200
v 5.035274 473.853859 446.102610
v 5.697758 496.082683 410.610854
v -8.698909 523.155344 390.916023
v -24.886600 529.746000 364.780700
v -49.299600 513.590000 373.433500
v -46.596422 528.446621 335.260397
v -70.245781 555.407668 285.364854
v -82.745866 556.309709 269.300685
v -110.691146 549.578926 268.626345
v -115.506600 568.337974 230.446319
v -152.013307 586.798663 219.869379
v -177.938795 576.935291 231.791528
v -191.850200 577.006300 185.883900
v -171.456813 592.507070 167.149929
v -222.570967 574.669767 176.372780
v -249.982500 547.906300 179.962900
v -230.918340 576.648035 151.626563
v -259.754009 552.439358 148.907572
v -305.807899 549.545982 157.360530
v -296.216436 554.627961 125.959407
v -333.845259 517.781476 116.973944
v -346.881100 527.439600 92.002600
v -386.611163 486.049491 67.403670
v -412.508600 471.392300 47.906300
v -379.668100 490.697300 36.854200
v -416.629400 470.251000 13.377600
v -457.724700 452.605300 -8.531600
v -483.040600 417.295300 -67.182600
v -475.312400 415.327500 -103.285700
v -473.422542 373.492327 -123.771766
v -476.871919 364.455682 -149.920169
v -489.087411 292.757788 -212.023751
v -482.642803 270.285941 -291.123882
v -457.906232 332.128828 -256.808134
v -490.034668 224.809088 -299.697852
v -452.172158 248.825567 -348.643663
v -477.313122 171.951751 -351.723959
v -441.147000 194.789100 -408.631100
v -435.916800 244.133900 -391.131400
v -436.975932 138.283368 -422.132888
v -404.724000 150.968900 -438.951500
v -408.302100 203.794300 -430.805500
v -420.933200 103.773300 -468.917900
v -375.020000 111.089100 -475.955300
v -388.699200 61.654200 -505.757800
v -355.627000 72.658100 -530.101700
v -347.417127 125.212682 -484.625207
v -343.108366 -33.253052 -531.050466
v -302.528800 25.654700 -534.052400
v -307.784100 78.113500 -530.066800
v -291.766700 -26.961500 -528.084800
v -254.550700 -20.006500 -541.149500
v -262.021700 -75.863100 -572.705300
v -222.021200 -70.513500 -583.824300
v -180.875000 -67.556000 -590.396500
v -173.741700 -122.805100 -594.071000
v -174.598000 -191.987202 -583.287781
v -137.823400 -125.424400 -625.658800
v -122.927500 -177.069400 -609.768700
v -105.998900 -224.918200 -593.637200
v -80.572200 -174.694200 -630.914200
v -61.517900 -217.815900 -609.340300
v -13.475000 -197.949100 -598.297100
v 28.614800 -264.730100 -560.195200
v 54.966000 -211.630700 -579.176600
v 74.432100 -240.378000 -553.385600
v 96.728000 -284.295300 -559.579100
v 123.027718 -241.641018 -542.776137
v 154.827800 -285.757400 -521.248300
v 180.531800 -226.575300 -528.514000
v 203.222000 -267.960300 -529.107400
v 224.848800 -313.413500 -528.700100
v 256.734247 -266.154782 -522.291962
v 283.835400 -324.756300 -503.769800
v 347.668603 -257.907903 -448.116326
v 320.396318 -329.879524 -440.285563
v 355.878500 -282.857700 -429.843300
v 365.181600 -315.242000 -406.972000
v 413.312400 -292.415800 -404.461100
v 410.002600 -264.627700 -434.682500
v 415.938989 -309.248078 -362.375844
v 452.872900 -285.705000 -358.774400
v 459.582593 -263.370146 -390.914241
v 489.015200 -273.597400 -310.748000
v 479.853400 -248.753700 -336.263100
v 481.475300 -286.021700 -273.703600
v 498.047293 -228.901026 -273.511598
v 521.004200 -271.719200 -228.263100
v 534.642171 -231.984458 -204.662202
v 569.835100 -258.876500 -184.207000
v 569.924216 -198.615391 -183.937183
v 574.985977 -211.310053 -153.642083
v 563.016100 -219.429900 -123.623300
v 583.776100 -185.987000 -104.066300
v 602.807600 -144.215800 -113.440200
v 603.947300 -153.647000 -84.091900
v 611.022805 -108.246629 -82.919958
v 633.279370 -96.442403 -39.287592
v 640.908116 -52.939885 -33.184490
v 635.329951 -7.957736 -20.344900
v 633.926600 -28.310300 1.065600
v 661.186891 19.693041 45.233269
v 651.864300 35.007200 26.538200
v 636.160143 54.895746 88.674690
v 612.072896 96.155151 119.279921
v 610.429256 105.311795 101.475502
v 574.513289 159.706708 129.040156
v 569.777019 195.527831 129.186267
v 564.957011 215.333818 168.950285
v 547.414593 245.483553 182.156401
v 515.908582 266.318667 201.047335
v 515.939563 256.204750 222.453915
v 500.465944 247.896383 260.015902
v 514.569100 301.053000 255.375000
v 462.131996 283.259743 286.123167
v 417.919565 305.346509 320.458750
v 364.058141 307.836189 380.412911
v 392.473404 273.734244 406.341327
v 351.941117 298.951451 435.461712
v 313.114300 300.029100 433.611500
v 287.007582 279.664619 449.228583
v 289.369900 275.316800 485.669000
v 250.932600 290.983600 485.660300
v 270.525800 274.339100 507.030500
v 240.324599 274.613178 511.225903
v 208.329470 270.706548 513.627308
v 186.051347 256.766152 527.879657
v 139.168996 261.257572 560.196464
v 159.306411 241.536966 563.840340
v 198.359265 199.875036 561.664989
v 155.997104 186.285304 575.973683
v 179.546512 162.591241 593.433813
v 124.515800 171.647700 593.372700
v 140.851510 152.512766 613.179242
v 158.356800 132.621400 624.828200
v 97.366975 135.458354 605.960994
v 138.438583 76.415846 615.920998
v 131.285898 63.915575 616.463091
v 91.249222 103.216862 611.722759
v 127.062141 31.096562 628.311252
v 111.026126 -4.205618 621.015652
v 98.618565 -43.493109 643.104960
v 65.645600 -32.239400 623.855600
v 60.669562 -66.389121 635.752125
v 11.438370 -43.950548 625.905773
v 30.302839 -89.682462 628.067885
v 53.723561 -7.096450 619.578528
v 91.077250 41.163020 618.132076
v 83.865900 179.315400 583.503500
v 123.004277 200.144805 573.725436
v 138.609428 300.518852 531.373230
v 159.894199 337.779239 476.304853
v 177.974525 295.000477 501.568297
v 109.180332 350.913555 506.568500
v 101.124700 404.483000 466.755600
v 146.979125 422.120882 448.724192
v 121.062137 437.071258 435.611785
v 88.627000 428.395700 456.861600
v 90.481406 448.694716 425.427458
v 54.786014 485.063474 401.541673
v 18.892239 527.392443 373.373937
v 24.438500 538.453300 332.531300
v -12.750558 548.687282 328.979608
v 14.938932 563.193833 314.667175
v -10.799651 579.764297 300.711464
v -18.871851 591.113047 273.007718
v -29.903034 579.428385 231.999754
v -115.201730 582.450776 207.494998
v -104.381523 583.218142 181.727954
v -67.931087 592.126270 186.959271
v -109.739862 594.398014 152.789923
v -88.552889 619.882348 110.891047
v -141.584389 644.296829 105.077140
v -183.517158 609.875753 145.353813
v -161.778051 634.567391 82.709705
v -238.901515 561.938685 123.767298
v -224.004658 572.055936 111.314343
v -262.392977 552.656174 87.452992
v -301.815900 532.893600 103.066700
v -352.544900 527.353100 63.377700
v -338.999906 512.379046 -4.370590
v -375.590619 474.570823 -17.996346
v -429.724267 437.377498 -44.377592
v -346.737661 497.103303 -65.696752
v -420.560703 456.905734 -84.376615
v -376.556600 466.253400 -105.120500
v -403.072874 446.269376 -125.265914
v -425.997800 400.755500 -157.612300
v -389.310200 445.410900 -158.704200
v -440.488307 382.718036 -191.049382
v -404.455080 398.943675 -232.974950
v -444.613300 352.543900 -266.133500
v -418.204411 357.795299 -290.361117
v -409.224900 329.436900 -341.653200
v -415.116442 288.857659 -365.177998
v -380.650317 330.453531 -361.901712
v -415.668200 260.046800 -425.891300
v -377.102400 264.993300 -441.862900
v -328.423322 308.754138 -427.453850
v -346.312406 175.924250 -464.391852
v -317.110616 233.118888 -488.640630
v -342.841900 272.044600 -461.230300
v -298.723500 172.855300 -489.946600
v -290.892671 109.240136 -528.473266
v -273.693700 135.008500 -537.747300
v -277.805600 187.395400 -532.372900
v -256.471670 28.295574 -558.736307
v -239.331000 140.298700 -558.893400
v -197.944100 90.933700 -579.882900
v -222.448238 -13.723666 -575.610040
v -195.453200 -14.398500 -613.517000
v -164.022200 41.999600 -633.344000
v -154.416400 -14.013800 -624.577800
v -129.795549 -59.279742 -589.770612
v -101.055000 -66.443100 -612.992300
v -90.339800 -117.811400 -607.573700
v -47.709427 -105.349960 -616.573815
v -32.978300 -159.779800 -620.114300
v 13.334700 -138.901700 -596.485800
v -3.506053 -96.273389 -600.865625
v 8.190505 -234.722872 -600.763613
v 68.399216 -128.291617 -592.601476
v 117.256079 -112.134388 -596.545084
v 138.524410 -171.774862 -576.369419
v 162.191400 -194.218300 -543.387100
v 192.861700 -145.153200 -576.552100
v 208.569600 -174.154500 -549.064700
v 233.268800 -212.416000 -548.604100
v 247.083000 -147.393800 -534.807500
v 289.869845 -182.599388 -546.424514
v 284.510500 -214.106500 -508.163100
v 326.487000 -189.387000 -501.517400
v 294.352528 -242.564294 -479.955927
v 388.231500 -225.686000 -444.663900
v 424.045400 -196.771400 -429.096600
v 387.714902 -172.627454 -448.738731
v 454.654100 -237.658800 -425.925000
v 473.904300 -198.981800 -393.793100
v 446.796400 -163.241400 -401.330700
v 473.375766 -158.775833 -349.825128
v 484.850000 -204.937300 -300.459100
v 511.126500 -173.383600 -280.153600
v 509.223300 -152.123400 -306.773100
v 512.151400 -192.257300 -252.701100
v 591.363300 -176.710300 -256.589700
v 583.246200 -154.321100 -282.452600
v 566.393400 -186.592900 -216.346300
v 600.828400 -138.395600 -226.776100
v 590.800000 -153.340600 -194.759300
v 605.726400 -118.590200 -170.113100
v 610.864500 -134.239100 -143.877100
v 603.646600 -86.217162 -129.411087
v 618.102804 -53.703045 -114.453990
v 625.008302 -8.621417 -105.332999
v 625.620268 2.138409 -53.654301
v 626.001067 12.874050 -24.769644
v 621.799992 48.610365 1.990379
v 609.669046 77.406507 20.155090
v 595.641067 98.908882 41.435930
v 624.267413 77.157885 72.561863
v 602.051867 132.519526 93.096369
v 603.348128 166.598899 74.302298
v 564.594834 216.644240 122.767701
v 527.656655 260.017378 140.901646
v 520.051173 270.061039 159.188586
v 517.311626 280.698534 98.251098
v 516.064200 296.403300 144.711200
v 504.745900 284.313200 179.254800
v 505.307000 308.335200 170.906200
v 499.904525 303.608931 204.448769
v 486.856600 334.641700 226.693700
v 508.150200 322.855700 244.355600
v 486.651600 327.823200 268.306900
v 467.727600 341.022900 251.092000
v 450.553300 321.539000 282.828900
v 436.806580 340.587083 279.566719
v 385.216329 351.335358 336.911714
v 389.546222 300.734189 364.117689
v 323.055694 323.042412 387.520337
v 296.202482 319.332715 409.193147
v 261.678953 309.013884 433.080507
v 233.480346 327.394420 442.778994
v 219.396964 307.841487 474.894465
v 212.101188 348.601505 442.710455
v 179.632483 314.178130 477.088369
v 189.470915 408.144102 437.788920
v 155.135229 383.467093 461.889050
v 174.745570 443.998255 414.381896
v 94.004534 465.582445 413.176487
v 153.287600 473.813800 403.085800
v 113.083300 488.899700 405.098200
v 162.781304 495.271794 372.407294
v 103.433033 506.129219 387.216114
v 63.146231 509.622603 357.331567
v 73.896881 519.821172 312.086284
v 66.620414 527.313528 303.197405
v 37.548968 597.429308 276.592516
v 37.282437 603.986355 256.924730
v 4.661268 590.978879 215.250337
v -6.658700 600.136400 189.627900
v -40.051448 590.546566 186.887723
v -26.829009 595.802756 162.696236
v -48.710832 594.707806 118.275660
v -75.544800 601.847400 128.796800
v -72.528100 623.147400 90.470300
v -107.510213 641.609350 78.065632
v -174.046686 607.790355 53.447660
v -184.615481 597.268360 24.188620
v -210.889008 581.803289 55.692904
v -251.780786 570.667007 41.404152
v -262.392400 571.958200 12.371500
v -273.749800 550.261400 58.139200
v -293.764554 539.375054 20.972839
v -321.001200 520.394200 -38.524100
v -334.026632 511.638455 -98.035627
v -275.219515 550.611626 -29.197290
v -311.309494 534.912798 -64.586700
v -342.223630 462.705028 -135.459533
v -295.951898 516.423240 -129.100118
v -318.235000 477.794100 -165.302000
v -356.595508 460.395090 -206.260496
v -377.310800 460.435000 -184.617400
v -303.660348 494.470021 -192.756275
v -272.338294 528.301272 -149.166015
v -322.658000 459.107400 -218.217700
v -355.451700 442.156400 -257.791900
v -295.822600 459.733200 -233.482400
v -336.978400 458.790200 -283.283500
v -358.083794 405.972415 -294.322932
v -303.142500 454.893100 -295.237200
v -272.810700 466.875200 -251.197100
v -319.128000 419.045900 -325.476200
v -343.456400 392.912400 -364.484400
v -298.797500 437.194000 -352.938800
v -273.276700 456.127500 -309.303100
v -321.514900 410.870200 -394.170000
v -318.955300 352.950900 -404.058600
v -364.520213 371.446110 -343.574764
v -279.639800 402.852500 -398.246500
v -267.245100 440.225000 -367.777700
v -275.835630 328.248768 -455.272159
v -244.020490 385.757457 -412.723710
v -275.080758 237.406513 -492.444862
v -224.455286 338.019976 -483.966057
v -232.447200 281.105700 -500.336600
v -193.991100 328.484200 -491.258600
v -198.326879 293.701241 -534.932908
v -203.626091 232.323690 -537.613027
v -241.548900 191.726300 -549.265900
v -201.610400 191.838300 -556.236900
v -164.275900 241.500400 -549.446900
v -203.394300 144.030200 -577.890000
v -161.076500 142.024800 -576.152500
v -160.673898 191.011728 -558.792910
v -129.871900 247.550000 -569.227300
v -124.968200 144.684800 -593.420000
v -159.149500 91.728000 -590.199700
v -120.640800 91.988100 -600.056900
v -89.670800 197.085800 -587.337800
v -89.523500 150.263600 -618.780800
v -82.323791 93.166998 -615.330223
v -120.784700 41.397200 -634.800700
v -78.616300 42.157100 -635.295000
v -50.869300 154.984700 -631.166900
v -43.187200 96.059100 -611.364400
v -28.600700 -5.690500 -641.273600
v -71.098300 -11.793600 -640.340700
v 3.523200 53.015600 -619.307900
v 13.554700 4.556500 -622.480800
v -10.732003 -46.536526 -627.378687
v 53.920300 18.186200 -610.293900
v 39.685779 69.594166 -604.947506
v 68.436900 -25.077200 -617.476400
v 84.669700 -64.486200 -607.728000
v 112.779300 -5.534900 -622.325300
v 98.396900 36.419100 -631.762000
v 133.293000 -44.252900 -627.353500
v 148.756200 -77.723100 -596.152500
v 176.116300 -19.702700 -613.744500
v 195.548800 -54.522100 -600.701400
v 168.538400 -110.248300 -579.578200
v 221.716900 -90.066900 -602.383400
v 217.400700 5.811900 -600.412600
v 245.445295 -39.345965 -595.018253
v 241.980300 -123.044700 -584.751500
v 281.208100 -95.228200 -567.839400
v 274.204670 -3.084271 -570.601189
v 311.805720 -66.968935 -540.256876
v 289.896700 -123.511200 -531.168300
v 341.651500 -101.539600 -540.347800
v 328.261800 -8.973900 -534.656600
v 346.337000 -40.347700 -518.787800
v 379.874400 -74.412400 -524.802700
v 347.066900 -129.934800 -504.301200
v 378.798300 -102.198900 -483.102700
v 382.753000 -43.554400 -465.413400
v 380.599366 27.437527 -481.166335
v 389.638800 -131.890700 -459.825800
v 432.410800 -107.154300 -452.567100
v 424.871100 -18.277300 -458.458200
v 415.505959 -73.910791 -460.048730
v 461.543700 -78.378700 -430.074000
v 468.346600 -106.147400 -404.722900
v 435.368500 -134.209800 -422.298700
v 464.037000 -20.330600 -414.809100
v 510.097200 -51.573300 -424.358700
v 517.406100 -80.275900 -399.288200
v 494.101000 -101.961000 -352.348500
v 536.811500 -49.393300 -369.359800
v 516.892200 -21.130800 -383.254200
v 518.118200 -72.826300 -329.095900
v 529.172400 -98.189200 -309.112800
v 465.131008 -129.982620 -369.140641
v 571.171900 -46.013200 -322.231400
v 556.100552 1.520845 -311.434767
v 571.731800 -70.380800 -295.846000
v 572.049119 -91.804699 -266.019399
v 560.234200 -127.059900 -299.201800
v 580.168900 -15.143600 -288.807200
v 596.107700 -39.453600 -271.427600
v 577.963900 -59.836800 -237.939600
v 582.707500 -80.124600 -214.606600
v 584.593000 -7.941300 -231.536200
v 601.996300 -29.372400 -214.618900
v 624.421600 -50.714800 -197.640200
v 608.384100 -67.415200 -167.621900
v 598.512400 -100.630700 -194.442500
v 622.010800 1.465100 -189.011600
v 645.175703 -22.362551 -173.143084
v 629.539200 12.608000 -137.611700
v 608.227481 35.540730 -97.528574
v 613.381706 79.485296 -89.004892
v 629.386200 51.152600 -58.556900
v 625.104036 75.140725 -34.627616
v 602.892300 102.089570 -3.963983
v 600.175539 122.023789 13.214472
v 599.386600 149.819131 43.091012
v 594.013491 163.281201 23.424247
v 593.750524 185.190887 65.821789
v 549.255605 253.997227 64.149466
v 562.694698 236.061227 84.724207
v 552.123505 257.389226 43.977482
v 512.654509 283.331282 79.112417
v 526.756500 332.058800 100.137300
v 536.487200 333.312200 140.956800
v 532.346900 356.744000 130.725400
v 519.709400 342.832100 166.936900
v 519.380900 369.533300 158.127200
v 490.161400 369.941300 180.074700
v 489.326200 342.386400 187.707500
v 441.643775 372.338064 209.759208
v 451.824037 349.537369 223.943314
v 406.544419 375.423094 271.271570
v 387.258771 381.439128 291.929389
v 356.137558 400.376976 306.438838
v 344.876300 369.733700 344.722400
v 349.661700 407.899800 347.013600
v 323.243800 403.910200 364.327200
v 312.294409 365.711199 362.210080
v 220.849311 369.618286 422.462806
v 229.542577 394.149035 384.539124
v 226.112700 435.954900 389.052000
v 206.533269 422.738251 406.761540
v 231.542876 469.155008 375.956929
v 194.033481 474.256561 395.680430
v 191.328030 492.527894 348.781663
v 160.360364 519.402533 321.761248
v 132.096447 513.913051 341.510740
v 134.490513 544.782498 291.305707
v 112.255379 515.190454 343.360969
v 124.678098 574.755443 240.126738
v 85.207633 556.918622 273.707404
v 77.781215 606.676819 252.907871
v 77.828900 625.608000 222.189900
v 62.506772 629.017645 198.459675
v 41.492100 638.419000 169.276100
v 27.321030 609.533662 124.820071
v 15.559568 623.464026 181.702320
v -5.322260 606.848265 114.677353
v -16.960202 622.018635 89.786688
v -44.198069 627.440236 67.212942
v -70.342015 624.476047 48.610678
v -84.987600 622.356100 21.478200
v -63.997900 629.866400 6.739400
v -81.570832 628.125174 -19.007927
v -128.543816 604.810274 18.142426
v -155.713300 591.344700 -2.813200
v -129.893311 602.114119 -26.514200
v -210.173990 606.678959 -5.139796
v -230.762864 591.360894 19.175288
v -187.512148 597.168218 -32.029258
v -252.618279 555.961217 -54.874501
v -225.678900 564.817331 -80.934165
v -193.999400 574.759800 -65.080700
v -226.354010 570.386814 -154.972992
v -174.666752 584.964247 -82.123455
v -193.228073 577.512130 -112.328451
v -246.070800 546.673800 -193.152600
v -201.461200 571.306100 -171.742700
v -258.147693 509.314125 -228.198830
v -216.950931 554.013045 -209.200903
v -258.254000 491.311200 -278.164100
v -166.168600 536.201000 -227.888200
v -202.190310 510.426742 -250.179226
v -239.737407 514.691434 -305.444824
v -248.235200 465.979400 -328.525900
v -211.421302 464.944635 -337.162540
v -174.232100 495.339700 -315.408600
v -204.656800 445.578600 -394.648200
v -232.596600 436.826000 -376.337900
v -155.641200 460.119600 -355.193200
v -169.932800 439.104400 -398.220400
v -210.164900 400.047700 -416.849900
v -174.891400 394.805700 -420.515500
v -139.918700 443.435100 -410.147000
v -152.824100 422.567400 -458.488400
v -153.243283 366.026331 -467.937779
v -180.570800 354.607200 -445.486200
v -114.366100 467.488700 -439.200200
v -122.894600 437.113200 -481.183900
v -125.647800 388.083800 -502.939100
v -125.251700 334.458000 -515.034100
v -87.575000 435.259200 -483.563200
v -92.428548 369.608829 -517.336480
v -89.756705 291.154241 -547.845331
v -130.937900 298.377100 -554.504600
v -55.825500 343.728700 -532.090600
v -50.735483 425.143941 -473.438801
v -54.340900 248.931100 -573.673000
v -94.696200 255.921500 -591.694200
v -19.049700 291.626000 -537.646000
v -17.966400 253.421700 -575.222800
v -50.019267 199.754208 -587.701110
v 15.713300 301.184300 -543.455300
v 18.906100 267.509900 -590.142000
v 21.846900 207.599500 -579.662400
v -10.632400 152.531900 -600.757300
v 54.861700 268.358400 -568.392800
v 57.314738 185.397423 -571.788659
v 63.016505 126.095421 -601.374380
v 122.211844 162.040473 -569.847367
v 94.990500 230.708800 -570.508400
v 108.915500 138.158900 -586.965900
v 126.162400 99.810700 -623.559700
v 67.503345 90.473463 -611.407513
v 175.518800 77.434300 -592.557400
v 147.602653 52.206950 -635.159855
v 185.440024 129.655013 -563.937825
v 180.055100 172.211100 -553.951300
v 208.979800 98.282000 -564.456700
v 233.580500 65.718200 -581.504800
v 201.581700 42.702300 -617.787500
v 250.396500 123.854500 -559.709800
v 232.840000 158.315100 -553.527800
v 288.328100 55.727900 -555.298200
v 275.132271 85.604818 -533.931182
v 314.671100 77.910100 -520.966700
v 345.045800 48.336200 -529.956700
v 318.221900 23.846200 -564.416600
v 329.154700 132.480700 -504.213100
v 354.859900 103.626900 -510.862400
v 375.929082 65.681617 -511.512838
v 381.884351 104.262033 -452.390607
v 400.956100 63.535900 -442.663700
v 400.197800 11.236800 -464.561000
v 417.815100 35.570800 -430.241200
v 416.193500 116.206500 -433.681200
v 442.771500 90.429100 -433.206600
v 453.798700 61.434100 -415.422100
v 444.863900 8.103400 -427.079400
v 459.928700 33.060600 -393.000500
v 457.291718 123.897281 -410.639250
v 485.236681 76.838628 -383.743684
v 483.051100 6.502400 -384.800800
v 481.228045 115.324490 -355.576890
v 523.510569 84.000699 -343.120509
v 521.854678 26.289047 -368.034423
v 550.216100 34.756200 -321.412100
v 528.230800 108.442700 -313.134900
v 540.834797 80.477572 -296.331782
v 549.939380 24.167454 -248.765616
v 577.276700 88.557900 -258.183700
v 550.008354 125.215053 -278.128458
v 581.705500 64.944600 -239.456000
v 580.589800 42.097100 -218.272200
v 598.735400 116.768000 -229.937200
v 615.744000 95.591600 -216.700200
v 596.053241 44.345156 -182.750123
v 590.175200 21.241500 -200.674300
v 626.387800 100.706400 -165.162000
v 624.707000 122.982400 -183.339400
v 610.423300 77.376500 -142.161000
v 610.900000 30.590300 -154.224300
v 600.873000 57.046600 -121.279600
v 615.429201 113.274359 -121.325307
v 601.485262 115.284266 -82.001820
v 599.271940 132.920909 -43.645227
v 601.436107 152.139700 -10.385879
v 597.527165 196.445623 -35.030776
v 592.073628 179.334915 4.694844
v 578.833398 251.987059 2.416012
v 589.076347 238.908076 -18.787111
v 567.357420 274.236560 -8.564045
v 522.151044 291.024186 40.516623
v 514.433900 328.659000 61.380200
v 530.278969 356.071648 18.663145
v 511.282868 360.034997 51.202459
v 507.470100 344.642100 87.665100
v 484.969546 370.030986 73.418950
v 478.518500 371.288600 101.032700
v 512.420500 369.781400 117.082700
v 479.058523 407.114537 126.571173
v 503.962700 386.090300 144.933600
v 469.934985 426.517915 153.271647
v 487.650635 398.570766 175.773517
v 431.834500 395.668400 212.761800
v 420.403737 414.177874 200.759129
v 409.302879 405.049603 236.763391
v 399.640001 415.420946 265.449109
v 377.092055 417.607224 281.840176
v 337.200487 434.533518 335.088225
v 321.897900 438.876600 362.370900
v 269.758352 442.556296 379.515878
v 253.873791 399.330856 371.616685
v 302.093073 460.995265 339.848135
v 229.663468 485.658028 301.371955
v 205.020402 516.433865 273.515342
v 181.486702 523.089995 274.010382
v 161.895434 533.056631 259.218563
v 153.946347 567.283504 218.973092
v 135.487400 571.599300 196.540500
v 116.760200 594.143600 222.350000
v 114.456112 581.759082 170.448303
v 101.864900 621.202300 204.517900
v 67.206308 626.456566 150.960173
v 85.618644 601.291589 128.565971
v 55.818086 601.343735 73.217553
v 32.352665 607.990207 82.881185
v 16.848354 616.615901 32.043460
v -6.290400 629.980400 46.354400
v -39.939031 619.701141 27.418800
v -22.551198 606.425026 -48.473841
v -58.396200 618.155000 -34.504600
v -97.579300 606.873600 -49.521300
v -87.622272 609.679770 -80.779191
v -116.084700 601.194300 -80.078600
v -158.188559 602.589729 -54.222358
v -132.606076 576.230059 -117.156661
v -150.480635 554.018655 -180.049842
v -123.451600 553.278300 -201.452500
v -108.873374 594.891980 -139.136361
v -121.001189 554.892787 -254.359218
v -149.939766 510.055485 -273.708384
v -104.871900 517.443700 -293.829900
v -92.043300 544.505000 -259.059100
v -127.967951 499.210725 -333.707948
v -90.546200 500.835800 -342.668500
v -81.388100 536.198100 -311.082800
v -102.684539 468.280255 -376.693911
v -69.832600 469.689600 -381.341300
v -81.486000 468.179100 -444.470200
v -46.276800 444.917900 -424.083900
v -58.435943 493.939936 -349.199426
v -15.311100 441.758600 -419.987800
v -20.524894 427.693739 -473.253899
v 45.785563 362.660406 -529.574978
v -4.518167 342.947925 -530.672665
v 22.880951 427.606693 -466.054329
v 50.569500 306.746500 -535.980300
v 85.527100 316.092800 -528.655300
v 88.363400 270.384500 -543.103300
v 125.874500 288.141800 -543.419700
v 88.937797 354.459953 -506.884796
v 128.259546 216.119931 -568.874907
v 165.935100 257.868800 -541.740200
v 159.142600 297.422100 -522.387700
v 172.346500 214.797900 -550.957400
v 216.415800 242.335100 -557.486500
v 204.813700 278.812600 -535.481700
v 212.796500 188.935100 -530.365700
v 248.493500 209.614300 -514.559900
v 252.079200 260.435000 -536.392300
v 281.373239 156.214897 -525.843029
v 302.800980 196.722024 -502.734835
v 292.540800 237.700200 -512.107500
v 315.055400 166.094100 -509.853100
v 377.430535 168.693471 -440.321389
v 334.663956 215.423606 -478.345520
v 390.913200 141.331200 -431.999600
v 425.667700 166.160000 -414.104300
v 444.565036 174.305350 -381.498719
v 468.353846 180.702056 -332.143667
v 494.659786 134.975709 -320.862873
v 523.199943 152.658147 -284.125989
v 563.546000 133.453400 -234.016300
v 567.401471 156.885033 -203.375660
v 602.848100 141.582700 -194.352900
v 593.760453 177.940077 -168.384503
v 617.057600 145.688300 -145.854900
v 588.538986 182.031848 -115.837014
v 585.949470 181.298961 -73.476335
v 576.042370 205.192605 -87.143562
v 568.768134 256.417703 -37.742177
v 552.283008 257.471738 -64.911400
v 543.269360 290.224547 -33.587589
v 526.005744 304.232605 -22.108199
v 521.877848 312.443895 26.003944
v 510.149207 390.930862 2.517058
v 493.167440 399.380683 32.007903
v 454.902205 388.982413 86.535367
v 443.761800 422.168600 102.315900
v 435.655310 438.927396 133.919203
v 406.597986 449.900583 145.464032
v 401.528700 426.793300 183.988000
v 371.912408 446.003754 222.062036
v 334.175869 441.233131 279.932360
v 304.957105 463.779027 284.959686
v 253.170813 497.039712 275.929525
v 246.079900 520.850300 269.752700
v 226.259836 544.754473 244.814101
v 203.405968 562.270187 181.066234
v 192.036300 548.757400 212.236800
v 166.931584 543.496168 186.549366
v 137.113595 577.008513 152.618546
v 171.579244 580.714502 145.407629
v 130.162253 601.678309 94.900416
v 90.559294 606.589753 90.500300
v 117.545689 619.870701 74.575113
v 100.483508 610.030272 44.900452
v 62.333948 600.391640 42.161408
v 62.809600 606.992400 4.459000
v 22.342530 611.047792 -4.850856
v 48.118500 641.080500 -20.204100
v 29.191800 624.400200 -44.228100
v 5.404800 608.414600 -31.089800
v 10.042299 603.025822 -67.228598
v -31.369600 628.478900 -88.551000
v -58.926369 627.213735 -96.482438
v -51.373700 637.070500 -121.843500
v -80.876366 621.865604 -151.384952
v -98.521805 552.187904 -210.233844
v -60.428600 581.541100 -188.299300
v -45.277400 620.319000 -162.541200
v -50.279717 542.517680 -224.866867
v -35.792300 570.457000 -191.135200
v -43.276000 564.820700 -280.076800
v -56.003100 552.660700 -325.551900
v -25.896552 555.016186 -328.467175
v -19.293275 503.681963 -351.705391
v -9.059535 475.834206 -392.537364
v 20.777400 504.237500 -350.377000
v 15.055400 446.770500 -420.849500
v 46.751901 420.159023 -450.364662
v 77.247700 424.294400 -442.212600
v 78.078500 382.886900 -463.165300
v 112.751800 401.644200 -466.099200
v 113.545600 356.771100 -481.621300
v 148.737100 373.184400 -477.439500
v 149.521600 327.003700 -487.562500
v 176.512400 327.913800 -457.009400
v 181.652900 384.648300 -463.095900
v 186.870700 300.195900 -488.361200
v 221.348300 316.740500 -474.624500
v 234.731700 288.506300 -504.479100
v 267.394300 303.730800 -481.127200
v 251.994386 344.168964 -450.986697
v 278.469200 270.112700 -497.252800
v 300.235200 277.496600 -456.017600
v 319.105100 251.689500 -477.194000
v 326.730000 251.901400 -420.003100
v 325.079300 289.790300 -423.780800
v 345.984500 227.663700 -435.149600
v 362.958700 238.583500 -396.284900
v 399.904417 197.676050 -407.408298
v 364.232292 275.080075 -396.288308
v 409.270435 228.310270 -380.492636
v 466.696167 215.668172 -306.080869
v 442.257400 257.407000 -357.489000
v 464.946400 243.679000 -315.765400
v 494.242400 239.165600 -277.856800
v 510.225441 220.971893 -274.757439
v 521.321000 196.499800 -264.104500
v 506.000686 222.060625 -223.007773
v 540.939300 195.454400 -219.103100
v 512.713770 247.149987 -192.447579
v 555.698238 216.578556 -186.797406
v 549.770285 227.380319 -109.146565
v 519.741455 277.585995 -127.321222
v 542.818983 283.064843 -91.287556
v 529.377600 317.708847 -105.932798
v 537.436575 318.174117 -70.319937
v 528.232818 347.080633 -26.019273
v 521.454448 365.607937 -27.059850
v 510.199753 391.641415 -65.984387
v 486.227894 381.788912 -34.343853
v 479.188045 410.174209 14.098998
v 432.423039 421.720065 -1.708510
v 437.728882 411.717268 60.512331
v 418.373678 441.000808 52.515917
v 414.213389 447.113546 108.099989
v 400.363660 462.932199 69.173123
v 387.627000 480.409200 117.704400
v 378.510272 477.631429 168.652242
v 323.934556 508.668484 191.463616
v 345.415516 488.668090 205.470385
v 313.213687 476.183376 249.476320
v 264.992384 526.356806 250.854133
v 255.146124 562.517615 141.114370
v 240.862725 558.887921 187.624303
v 224.152000 565.682200 111.536100
v 220.088266 566.855646 149.660526
v 177.312996 586.438769 109.957980
v 203.196141 568.430016 89.238435
v 168.139618 589.770137 44.471855
v 142.711900 603.859400 14.050400
v 101.790400 599.367600 11.499000
v 109.044383 596.132884 -27.512198
v 86.852800 611.941200 -10.710800
v 72.470340 638.125639 -35.514413
v 53.453500 627.809500 -57.356200
v 93.982106 591.204206 -79.684742
v 33.702700 601.107500 -78.367100
v 70.531654 577.008151 -94.175148
v 51.615199 589.311274 -114.154630
v 15.828200 604.052900 -104.538500
v 8.223374 625.968928 -142.086652
v -27.171300 639.511700 -132.339500
v -14.493088 608.762929 -166.427069
v 4.063172 576.000076 -198.744512
v 41.083397 607.462159 -182.851218
v -10.029642 561.963955 -231.449489
v 30.926280 556.283285 -236.240596
v 34.142300 578.120100 -206.560100
v -16.588931 579.409614 -290.743680
v 49.910003 558.383193 -280.945281
v 33.186200 546.982722 -321.037067
v 73.511746 515.823940 -346.532059
v 88.743434 545.522685 -307.896629
v 86.187554 494.199678 -376.670175
v 100.485800 505.295800 -329.583500
v 97.081936 465.181069 -405.736481
v 144.010320 455.368814 -399.979580
v 148.764255 421.520206 -454.221734
v 135.194948 492.252305 -357.061908
v 203.257000 422.012200 -413.529100
v 193.566700 444.580500 -380.151900
v 215.594271 359.563127 -460.131757
v 241.430600 403.779900 -420.885700
v 268.459404 462.180469 -390.634332
v 270.378500 371.560500 -406.399700
v 273.096900 419.885300 -403.343100
v 297.537895 319.329547 -437.857470
v 314.911341 329.985009 -417.948514
v 356.242300 349.760800 -402.159100
v 295.362099 377.004781 -365.933487
v 366.939700 318.625000 -413.481700
v 386.578300 328.876200 -377.928100
v 374.973000 357.476900 -366.558700
v 387.800800 291.595400 -375.618400
v 408.161000 304.493100 -343.838900
v 428.853000 283.799400 -355.646400
v 451.956390 315.485655 -328.198769
v 471.967200 279.768400 -331.998800
v 467.320500 282.373800 -283.530900
v 480.415970 264.601907 -245.447575
v 453.631416 300.237472 -239.882583
v 492.983400 250.049400 -236.070500
v 532.651001 246.623029 -119.711680
v 516.796313 369.138660 -121.625171
v 530.541888 372.840067 -89.105923
v 498.988100 409.363400 -106.434500
v 485.820800 422.007900 -84.315900
v 455.958600 420.713600 -62.079700
v 462.524000 399.813800 -48.153200
v 445.948566 411.021164 -26.719454
v 424.233083 430.119960 1.392724
v 413.696189 465.342353 2.185037
v 364.920349 497.354961 99.041034
v 343.263305 506.692061 152.526782
v 327.690332 514.714874 126.506548
v 293.469729 534.654560 97.959446
v 290.180047 535.714370 153.683854
v 263.910456 555.781233 91.433536
v 210.779462 572.898544 57.044694
v 233.773800 574.496000 30.153900
v 222.133600 592.224800 10.188400
v 191.345192 611.151258 17.465434
v 210.209400 609.655900 -10.686200
v 169.586300 615.884200 -7.748200
v 198.080062 576.215376 -49.418321
v 145.531200 588.623600 -26.268700
v 163.618500 571.227700 -46.506500
v 128.543700 586.570500 -45.131000
v 156.291500 607.907800 -68.666400
v 113.652000 596.101300 -64.923900
v 141.460400 619.975400 -88.708100
v 120.813300 606.003400 -104.382900
v 107.365499 576.617684 -126.968058
v 49.302680 612.189974 -155.313770
v 60.260482 573.201533 -201.612771
v 85.162473 578.554164 -147.354865
v 109.679857 559.638307 -220.584313
v 136.639110 546.193251 -252.283696
v 123.427000 537.071000 -287.712300
v 152.684400 521.841000 -309.742100
v 126.404800 511.118100 -319.351200
v 167.746109 539.844310 -250.609512
v 190.575800 524.072800 -339.372700
v 158.608300 500.400400 -343.862900
v 175.184832 528.857374 -290.486043
v 248.460067 521.259151 -332.760626
v 227.109500 511.714300 -356.756100
v 247.363324 507.881820 -265.285667
v 219.541439 511.638228 -242.487583
v 259.789700 486.697300 -360.803500
v 213.193392 460.448563 -371.421476
v 269.263300 508.910900 -303.908400
v 287.332438 472.083554 -339.435838
v 277.230400 487.429000 -266.491400
v 297.964541 447.863657 -312.604659
v 292.543400 419.263000 -368.976500
v 298.219400 402.305400 -321.988600
v 315.919400 442.300300 -283.875500
v 324.895000 416.771800 -301.541700
v 350.779200 410.447100 -334.092200
v 310.609200 379.620300 -342.809200
v 356.085000 436.957800 -283.999400
v 304.095227 452.644590 -262.381376
v 382.351300 430.515200 -314.063400
v 384.866400 395.160100 -322.499300
v 353.226900 374.157600 -341.941900
v 393.349184 422.624169 -286.402636
v 401.446525 363.806130 -297.059824
v 383.134285 351.253029 -321.552376
v 404.891900 360.548200 -254.886300
v 421.218953 347.697059 -266.487478
v 443.451564 327.765297 -252.490025
v 464.900730 345.409332 -213.389341
v 470.504105 346.165433 -175.350831
v 498.710894 288.060454 -169.044987
v 491.274929 285.552602 -203.280939
v 476.432380 370.990034 -151.319256
v 498.026268 332.205238 -143.780429
v 492.153559 395.043729 -132.100950
v 445.822875 404.251330 -132.767515
v 467.845516 430.165801 -101.124572
v 403.049862 419.750199 -122.205584
v 439.047400 431.423400 -77.465700
v 410.417948 432.192480 -79.043415
v 392.476430 453.785208 -49.551028
v 394.931470 474.324508 -24.705800
v 375.315819 499.007734 29.241471
v 326.779817 531.440480 5.614246
v 363.110900 519.667500 41.821900
v 341.203965 528.169271 66.732907
v 321.537433 535.848967 47.132907
v 265.850640 567.181266 50.729674
v 280.475021 557.376860 30.694891
v 298.050600 565.751200 5.790000
v 301.191296 572.126445 -34.788501
v 260.124500 567.038800 -35.214700
v 252.208087 566.173125 7.396966
v 222.191700 575.658000 -32.390000
v 233.044564 562.769873 -62.473315
v 185.488400 570.689500 -69.146300
v 219.527121 551.519797 -113.652808
v 192.589200 580.338300 -112.915700
v 178.160400 604.612000 -91.959800
v 178.682300 592.661600 -132.780800
v 163.053100 615.314000 -111.644900
v 141.792300 601.425200 -125.815800
v 161.012729 581.182140 -159.810084
v 141.039120 585.424777 -163.090133
v 102.730356 576.395434 -164.781247
v 124.178699 586.068881 -174.770167
v 165.667794 568.467905 -221.700375
v 191.615500 561.090000 -198.596400
v 238.219200 536.986500 -186.941600
v 214.942339 539.542436 -198.149919
v 196.138382 557.776357 -149.389011
v 223.226958 545.820813 -146.659924
v 277.578568 538.075457 -123.302618
v 265.315553 538.265925 -182.335395
v 253.012976 548.176897 -119.657060
v 328.250714 526.907338 -122.818838
v 299.743771 565.297594 -93.876558
v 276.566514 571.364603 -74.756774
v 321.978225 559.221250 -62.137432
v 320.246279 558.646577 -23.472336
v 347.017491 501.769237 -76.452124
v 348.597272 498.646552 -43.619741
v 366.246241 468.203377 -87.292281
v 350.503900 493.003700 -124.871200
v 344.840400 518.613400 -106.297400
v 313.091186 507.331552 -152.095629
v 304.005891 518.737368 -193.183363
v 285.652100 509.763300 -219.552700
v 267.898307 506.105443 -231.712042
v 295.746764 483.188429 -231.288181
v 331.227311 460.570088 -212.954112
v 324.431775 488.733254 -172.780689
v 360.288046 439.414567 -242.091903
v 362.035294 445.669155 -190.402783
v 371.001300 418.321800 -214.645900
v 387.032100 389.047999 -232.080039
v 425.271229 391.465690 -153.118293
v 382.107374 424.636600 -167.570066
v 370.286850 457.846921 -157.924309
v 376.361504 458.314951 -105.016538
vn -0.977161 -0.154847 -0.145529
vn -0.308821 -0.638473 -0.704969
vn 0.664771 -0.278075 -0.693364
vn -0.362270 0.150863 0.919783
vn 0.696081 -0.343649 0.630378
vn 0.572263 0.295046 0.765155
vn 0.823928 0.562709 -0.067098
vn 0.927647 0.159377 0.337742
vn 0.729011 0.498669 0.468905
vn 0.781387 0.001205 0.624046
vn 0.307258 0.620198 0.721767
vn 0.312670 0.102145 0.944354
vn 0.484799 -0.206560 0.849884
vn 0.897552 -0.357414 0.258175
vn 0.975579 0.216646 -0.036189
vn 0.575541 0.794521 0.193620
vn 0.315833 0.827404 0.464384
vn 0.093369 0.418228 0.903531
vn -0.024750 -0.015803 0.999569
vn 0.158347 -0.493846 0.855010
vn 0.551777 -0.657192 0.513460
vn 0.980900 -0.175792 -0.083258
vn 0.882336 0.177413 -0.435898
vn 0.624497 0.580030 -0.523038
vn 0.472984 0.873065 -0.118510
vn 0.121168 0.987509 0.100720
vn -0.174995 0.743586 0.645335
vn -0.679485 0.331846 0.654354
vn -0.363329 0.462517 0.808746
vn -0.512940 -0.205428 0.833482
vn -0.179516 -0.445721 0.876987
vn 0.166384 -0.841448 0.514083
vn 0.304171 -0.952577 0.008729
vn 0.683611 -0.716509 0.138893
vn 0.795338 -0.576283 -0.187977
vn 0.785410 -0.361530 -0.502421
vn 0.648676 0.265139 -0.713387
vn 0.343974 0.828711 -0.441497
vn -0.183510 0.934203 0.305923
vn -0.541564 0.761316 0.356520
vn -0.822579 -0.077682 0.563320
vn -0.728069 -0.424431 0.538306
vn -0.353437 -0.677146 0.645411
vn -0.496423 -0.775812 0.389462
vn -0.105087 -0.964717 0.241409
vn 0.531736 -0.752101 -0.389360
vn 0.503307 -0.708898 -0.494111
vn 0.662054 -0.220313 -0.716342
vn 0.652649 -0.294642 -0.698022
vn 0.613283 0.168994 -0.771573
vn 0.242136 0.711046 -0.660139
vn 0.025057 0.930985 -0.364197
vn -0.293984 0.951742 -0.088097
vn -0.791781 0.568402 0.223612
vn -0.901204 0.180249 0.394134
vn -0.676996 -0.635960 0.370447
vn -0.000307 -0.999742 -0.022723
vn 0.283263 -0.921552 -0.265526
vn 0.334770 0.452980 -0.826280
vn -0.222173 0.845934 -0.484805
vn -0.579119 0.798477 -0.164483
vn -0.933248 -0.238381 0.268743
vn -0.385176 -0.895934 0.221226
vn 0.539392 -0.679067 -0.497920
vn 0.513113 0.095529 -0.852988
vn -0.049573 0.689502 -0.722586
vn -0.501127 0.667613 -0.550604
vn -0.973389 0.196126 0.118524
vn -0.751325 -0.624319 0.213861
vn -0.360971 -0.920162 0.151664
vn 0.019028 -0.998716 -0.046940
vn 0.230601 -0.910741 -0.342599
vn 0.382355 -0.299030 -0.874292
vn -0.070309 -0.240615 -0.968071
vn 0.140128 0.139051 -0.980321
vn -0.180462 0.444141 -0.877595
vn -0.574993 0.359085 -0.735147
vn -0.812217 0.553860 -0.183148
vn -0.244415 -0.896348 -0.369893
vn 0.214884 -0.656332 -0.723224
vn -0.357770 0.027357 -0.933409
vn -0.768137 0.062279 -0.637250
vn -0.867423 0.333816 -0.368977
vn -0.658498 -0.736056 -0.156851
vn -0.608308 -0.421751 -0.672374
vn -0.857850 -0.263571 -0.441161
vn -0.318325 -0.929189 -0.187823
vn 0.374626 -0.857205 -0.353348
vn -0.732911 0.679575 0.031928
vn 0.833555 -0.238326 0.498384
vn -0.018600 0.292428 -0.956107
vn 0.533360 0.205142 -0.820636
vn 0.822961 0.316046 -0.472070
vn 0.942216 0.333974 0.026280
vn 0.971519 -0.177209 -0.157315
vn 0.801118 -0.595363 -0.061260
vn 0.436765 -0.865122 0.246577
vn 0.496593 -0.653630 0.571108
vn -0.013576 -0.964518 0.263670
vn -0.587514 -0.696868 0.411343
vn -0.166943 -0.645029 0.745699
vn -0.320540 -0.128096 0.938534
vn 0.117122 -0.250116 0.961106
vn 0.495406 0.181804 0.849423
vn 0.029144 0.446039 0.894539
vn -0.602737 0.135526 0.786347
vn -0.657073 -0.317018 0.683926
vn -0.937831 -0.241345 0.249449
vn -0.832227 -0.534431 -0.147586
vn -0.599152 -0.510096 -0.617106
vn -0.333319 -0.290169 -0.897051
vn 0.112318 -0.676881 -0.727473
vn 0.726711 -0.331354 -0.601744
vn 0.149192 -0.223017 -0.963330
vn -0.435103 0.234289 -0.869364
vn -0.709201 0.151890 -0.688450
vn -0.938661 0.003165 -0.344826
vn -0.959922 0.219059 0.174821
vn -0.372092 0.624308 -0.686867
vn 0.018746 0.740196 -0.672130
vn 0.552584 0.789595 -0.266816
vn 0.001635 0.947916 -0.318518
vn -0.556852 0.709906 -0.431218
vn -0.054392 0.980413 0.189295
vn -0.355437 0.674749 0.646822
vn 0.344311 0.921584 0.179256
vn 0.526048 0.688144 0.499731
vn 0.867725 0.289903 0.403744
vn -0.845613 0.418102 0.331858
vn -0.476070 0.411285 0.777304
vn -0.214593 0.039380 -0.975909
vn 0.594050 -0.802279 -0.058752
vn 0.245044 -0.489626 0.836792
vn -0.126521 -0.561103 0.818019
vn 0.424232 0.329093 0.843638
vn 0.007263 0.305276 0.952236
vn 0.794143 0.033732 -0.606795
vn 0.512068 0.833514 -0.207462
vn 0.332770 0.926046 0.178052
vn -0.071065 0.995525 -0.062281
vn -0.448450 0.807371 0.383465
vn -0.484812 0.840800 -0.240857
vn -0.784310 0.620099 0.018277
vn -0.862468 0.398663 -0.311795
vn -0.999205 -0.039109 -0.007731
vn -0.877679 -0.328190 0.349243
vn -0.771683 -0.633601 0.055279
vn -0.425486 -0.774417 0.468232
vn 0.359330 -0.802142 0.476918
vn 0.576491 -0.289262 0.764189
vn 0.133004 -0.075359 0.988246
vn -0.333784 -0.004053 0.942641
vn -0.591200 -0.256780 0.764556
vn -0.794297 0.113133 0.596902
vn 0.040142 0.909033 0.414787
vn 0.421264 0.666920 0.614618
vn 0.709877 0.687254 0.154131
vn 0.749762 0.436178 0.497600
vn 0.016180 0.866696 -0.498574
vn -0.569805 0.402033 -0.716723
vn -0.736438 -0.068011 -0.673077
vn -0.769071 -0.394033 -0.503258
vn -0.552676 -0.766280 -0.327664
vn -0.247934 -0.962777 -0.107658
vn 0.082565 -0.983456 0.161236
vn 0.816210 -0.506936 0.277160
vn 0.820636 -0.071842 0.566917
vn -0.114854 0.648736 0.752297
vn 0.937510 0.218137 0.271093
vn 0.913159 0.397133 -0.091798
vn 0.712614 0.523421 -0.467131
vn 0.334857 0.632326 -0.698594
vn -0.172364 0.555164 -0.813685
vn 0.043258 -0.447859 -0.893057
vn -0.264304 -0.656756 -0.706268
vn 0.348696 -0.677246 -0.647880
vn 0.264127 -0.900249 -0.346104
vn 0.735045 -0.462358 -0.495918
vn 0.887623 -0.443390 -0.124626
vn 0.992421 -0.095780 0.076980
vn 0.380710 0.250664 -0.890072
vn 0.355657 -0.193710 -0.914322
vn 0.963331 0.041668 -0.265060
vn 0.165170 -0.774872 0.610158
vn -0.294851 -0.588762 0.752611
vn 0.090667 -0.300436 0.949483
vn -0.194299 0.973292 -0.122273
vn -0.141140 0.774728 -0.616341
vn 0.895806 -0.212294 0.390464
vn 0.593667 -0.720816 0.357748
vn -0.150460 0.605888 0.781192
vn 0.493378 0.016849 0.869652
vn 0.881158 -0.472380 -0.020432
vn 0.279901 0.442765 -0.851830
vn -0.306493 0.857073 0.414111
vn 0.097321 0.953968 0.283680
vn 0.532959 0.844696 0.049421
vn 0.297121 0.755880 0.583407
vn 0.166526 0.311785 0.935446
vn -0.507310 -0.804597 0.308644
vn -0.880735 -0.452334 0.140359
vn -0.267367 -0.963474 -0.015263
vn 0.122615 -0.981298 0.148392
vn 0.107314 -0.859251 -0.500171
vn 0.528911 -0.827349 -0.189069
vn 0.660439 -0.475046 -0.581507
vn 0.959873 -0.126846 -0.250107
vn 0.979187 0.144943 0.142072
vn 0.672143 -0.275305 0.687336
vn 0.719011 0.425008 0.549902
vn 0.766986 0.617577 0.174158
vn 0.209694 0.955750 -0.206327
vn -0.566098 0.822503 -0.054971
vn -0.724773 0.605662 -0.328449
vn -0.297857 0.436267 -0.849089
vn -0.704882 0.163294 -0.690273
vn -0.280143 0.011240 -0.959893
vn 0.662811 0.050913 -0.747054
vn 0.249436 -0.058778 -0.966606
vn 0.914815 0.282897 -0.288240
vn 0.724863 0.559734 -0.401586
vn 0.408466 0.741486 -0.532309
vn 0.113493 -0.473706 -0.873339
vn -0.465706 -0.465043 -0.752896
vn -0.500632 -0.776353 -0.382941
vn -0.881544 -0.251499 -0.399536
vn -0.964011 0.171090 -0.203498
vn -0.965080 0.160029 0.207391
vn -0.719803 0.511061 0.469787
vn -0.434204 0.133139 0.890922
vn -0.685472 -0.212217 0.696486
vn -0.237531 -0.969783 -0.055687
vn -0.834579 -0.177666 -0.521452
vn -0.998318 -0.003103 -0.057895
vn -0.903003 0.292403 0.314780
vn -0.583710 0.006842 -0.811934
vn -0.303680 0.952748 0.007015
vn -0.387062 0.774084 0.500976
vn 0.732323 -0.378692 0.565947
vn 0.762315 0.620726 -0.183237
vn 0.579184 0.813759 -0.048396
vn 0.200566 0.969073 -0.143775
vn -0.177131 0.876906 -0.446834
vn -0.148760 0.588492 -0.794699
vn -0.464206 0.720566 -0.515070
vn -0.097270 0.315201 -0.944027
vn -0.246939 0.008681 -0.968992
vn -0.307820 -0.339099 -0.888965
vn -0.385187 -0.551990 -0.739553
vn -0.362497 -0.788581 -0.496725
vn -0.596352 -0.791266 -0.135139
vn -0.848111 -0.448978 -0.281295
vn -0.870841 0.190461 -0.453168
vn -0.480836 0.362513 -0.798361
vn -0.758155 0.573706 -0.309939
vn -0.708534 0.705677 -0.000105
vn -0.710066 0.489404 0.506251
vn -0.607761 0.334914 0.720041
vn 0.074389 0.906809 0.414925
vn 0.507057 0.801657 0.316605
vn 0.863402 0.456616 0.214565
vn 0.974298 0.217342 -0.059212
vn 0.918328 0.082729 -0.387079
vn 0.950517 -0.251785 -0.181994
vn 0.770463 -0.624096 -0.129963
vn 0.671886 -0.505325 -0.541494
vn 0.505316 -0.840986 -0.193387
vn 0.381860 -0.882136 0.275716
vn 0.067866 -0.997436 0.022715
vn 0.000317 -0.925869 0.377844
vn -0.280296 -0.889900 0.359878
vn -0.463820 -0.855166 0.231435
vn -0.762796 -0.584281 0.277051
vn -0.744058 -0.281442 0.605945
vn -0.938837 -0.224037 0.261520
vn -0.885308 0.462329 -0.049808
vn -0.659799 0.462656 -0.592127
vn -0.847877 0.522764 0.088443
vn -0.421700 0.118700 0.898932
vn -0.170891 0.487538 0.856214
vn 0.331005 0.615645 0.715134
vn 0.742511 0.415259 0.525583
vn 0.957759 -0.031447 0.285848
vn 0.898175 -0.386244 0.209993
vn 0.690337 -0.669766 0.273583
vn 0.436249 -0.634958 0.637585
vn 0.067549 -0.680801 0.729347
vn -0.319759 -0.747435 0.582319
vn -0.493517 -0.495135 0.715041
vn -0.629985 -0.075587 0.772920
vn -0.811503 0.081885 0.578582
vn -0.820166 0.394335 0.414521
vn -0.222797 -0.315064 0.922549
vn 0.051106 0.040355 0.997878
vn 0.370021 0.262861 0.891061
vn 0.373736 -0.287709 0.881785
vn 0.739728 0.052746 0.670836
vn 0.172256 -0.936040 -0.306849
vn 0.617165 -0.169775 -0.768299
vn 0.692621 0.250917 -0.676252
vn 0.742486 0.510002 -0.434295
vn 0.456302 0.755614 -0.469932
vn 0.206129 0.708976 -0.674435
vn 0.358601 0.341986 -0.868591
vn 0.086535 0.065312 -0.994106
vn 0.208593 -0.289739 -0.934098
vn 0.254291 -0.686312 -0.681404
vn -0.298714 -0.577141 -0.760051
vn -0.923551 0.124613 -0.362665
vn 0.517773 -0.817239 0.253045
vn -0.149023 0.927971 -0.341559
vn 0.279699 0.930413 -0.236854
vn 0.567422 0.492524 0.659888
vn 0.040057 0.825714 -0.562665
vn 0.417280 0.789410 -0.450231
vn -0.531616 0.829897 -0.169279
vn -0.477428 0.851954 0.215028
vn -0.566145 0.654520 0.501081
vn -0.779201 0.338039 0.527803
vn -0.575717 0.078573 0.813865
vn -0.570800 -0.250186 0.782045
vn -0.224175 -0.212505 0.951098
vn 0.037259 0.045269 0.998280
vn 0.536508 -0.496955 0.682052
vn 0.389960 -0.346186 0.853280
vn 0.827082 0.119405 0.549253
vn 0.511084 0.066999 0.856915
vn 0.868132 0.451903 0.205259
vn 0.583586 0.732204 0.351148
vn 0.134466 0.813456 0.565869
vn 0.123719 0.526245 0.841284
vn -0.397432 0.384223 0.833319
vn -0.248981 0.769491 0.588127
vn 0.311682 0.940220 0.137263
vn -0.036809 0.999193 -0.016075
vn 0.602631 0.743930 -0.288796
vn 0.622893 0.576232 -0.529113
vn 0.472249 0.450410 -0.757702
vn 0.160289 0.644785 -0.747369
vn -0.342057 0.731835 -0.589419
vn -0.825152 0.555337 0.103563
vn -0.919224 0.203677 0.336961
vn -0.194612 -0.519384 0.832085
vn 0.182746 -0.590539 0.786045
vn 0.720560 -0.425762 0.547284
vn 0.836585 -0.222237 0.500735
vn 0.992245 0.044141 0.116193
vn 0.605871 0.794354 -0.043830
vn -0.026019 0.956463 0.290691
vn 0.837503 0.514774 -0.183291
vn 0.786225 0.301696 -0.539287
vn 0.340037 0.243598 -0.908314
vn -0.066643 0.317060 -0.946061
vn -0.682431 0.531495 -0.501798
vn -0.827291 0.507107 -0.241726
vn -0.974650 0.217729 -0.051500
vn -0.824706 -0.115874 0.553564
vn -0.706545 -0.466871 0.531813
vn -0.442295 -0.633564 0.634801
vn 0.619297 -0.580416 0.528761
vn 0.863463 -0.431587 0.261084
vn 0.967581 -0.202876 -0.150425
vn 0.959098 0.197525 -0.202767
vn 0.858624 -0.037821 -0.511208
vn 0.617548 -0.008043 -0.786492
vn 0.142142 -0.086301 -0.986077
vn -0.388076 0.445654 -0.806715
vn -0.693373 0.072129 -0.716960
vn -0.980067 -0.016208 0.198006
vn -0.918884 -0.316868 0.235045
vn -0.793200 -0.590558 0.148577
vn -0.466602 -0.814081 0.345766
vn -0.135992 -0.781397 0.609037
vn 0.284004 -0.716983 0.636614
vn 0.523599 -0.820598 -0.229049
vn 0.729846 -0.458783 -0.506797
vn 0.445457 -0.400149 -0.800905
vn -0.000591 -0.388694 -0.921367
vn -0.336670 -0.047233 -0.940437
vn -0.869846 -0.209581 -0.446591
vn -0.633974 -0.384432 -0.671036
vn -0.823690 -0.508346 -0.251234
vn -0.588211 -0.807653 -0.041283
vn -0.215785 -0.960134 0.177707
vn 0.111627 -0.915655 0.386155
vn 0.801302 -0.595814 -0.054039
vn 0.187048 -0.755651 -0.627698
vn -0.234856 -0.920209 -0.313141
vn 0.150713 -0.982301 -0.111225
vn -0.585481 -0.707096 -0.396518
vn -0.967061 -0.236668 -0.093710
vn 0.054617 -0.627649 0.776579
vn 0.252234 -0.804790 0.537300
vn 0.452494 -0.346978 -0.821495
vn 0.669869 -0.620234 0.408149
vn -0.197974 0.978339 -0.060497
vn -0.217656 0.920661 0.324052
vn 0.446080 0.500022 0.742288
vn 0.937559 0.343315 -0.055839
vn 0.881845 0.354886 0.310493
vn 0.907190 -0.121938 0.402664
vn 0.879445 -0.459242 0.125190
vn 0.502415 -0.505263 0.701633
vn 0.236072 -0.249889 0.939056
vn 0.656185 -0.157602 0.737958
vn 0.747166 0.235867 0.621377
vn 0.660650 0.598100 0.453671
vn 0.389643 0.781336 0.487537
vn 0.093253 0.486398 0.868747
vn -0.000104 0.046743 0.998907
vn 0.434100 0.163001 0.885995
vn -0.283025 -0.319149 0.904456
vn -0.424643 -0.642324 0.638042
vn -0.607088 -0.717685 0.341133
vn -0.116306 -0.922374 0.368375
vn 0.276559 -0.952316 0.128873
vn 0.581426 -0.812225 -0.047268
vn 0.865348 -0.447794 -0.225061
vn 0.999408 -0.023214 -0.025386
vn 0.715951 0.697334 0.033771
vn -0.074195 0.787775 0.611478
vn -0.337591 0.602960 0.722822
vn -0.640644 0.308161 0.703287
vn -0.355974 0.168542 0.919172
vn -0.721396 -0.227812 0.653980
vn -0.960956 -0.256125 0.104707
vn -0.803538 -0.593506 -0.045586
vn -0.495392 -0.868633 0.007945
vn -0.162827 -0.977562 -0.133641
vn -0.185237 -0.807375 -0.560207
vn 0.249712 -0.887422 -0.387461
vn 0.634961 -0.580486 -0.509766
vn 0.852313 -0.125711 -0.507700
vn 0.845631 0.280875 -0.453892
vn 0.614544 0.658493 -0.434422
vn 0.342004 0.939512 -0.018746
vn 0.187776 0.903661 -0.384885
vn 0.166990 0.917193 0.361761
vn -0.595967 0.783168 0.177400
vn -0.700734 0.575476 0.421662
vn -0.918912 0.080403 0.386182
vn -0.932352 0.357922 0.051109
vn -0.889499 -0.296389 -0.347772
vn -0.559321 -0.692040 -0.456335
vn -0.337426 -0.438862 -0.832793
vn 0.164763 -0.652146 -0.739972
vn -0.013886 -0.239205 -0.970870
vn 0.562731 -0.053567 -0.824903
vn 0.550335 0.316719 -0.772542
vn -0.226569 0.863287 -0.451001
vn -0.640906 0.727662 -0.244432
vn -0.900422 0.228124 -0.370405
vn -0.702024 -0.179203 -0.689237
vn -0.346717 0.156257 -0.924863
vn 0.098202 0.204621 -0.973903
vn 0.233890 0.592966 -0.770511
vn -0.169964 0.655304 -0.735995
vn -0.564567 0.443838 -0.695896
vn 0.159610 -0.875119 -0.456827
vn -0.333839 -0.835088 -0.437241
vn -0.905177 0.406892 -0.122858
vn -0.709843 0.700187 0.076554
vn -0.450662 0.554405 -0.699671
vn 0.093904 -0.028797 -0.995165
vn -0.327646 0.146036 -0.933446
vn 0.164002 -0.371252 0.913934
vn 0.005371 0.037177 0.999294
vn 0.479349 0.069073 0.874902
vn 0.878871 -0.175332 0.443671
vn 0.817664 -0.552466 0.161884
vn 0.237609 0.610214 0.755765
vn 0.906747 0.326130 -0.267301
vn 0.640985 0.741028 -0.200039
vn 0.633209 0.750800 0.188005
vn 0.084595 0.852722 0.515469
vn -0.239257 0.394617 0.887149
vn 0.764176 0.341122 0.547423
vn 0.991758 0.119165 0.047063
vn 0.860412 0.071757 -0.504522
vn 0.547679 0.542819 -0.636707
vn 0.276720 0.905640 -0.321314
vn 0.017711 0.996054 0.086967
vn -0.373056 0.814642 0.444059
vn -0.584749 0.335906 0.738401
vn -0.397410 -0.212655 0.892661
vn -0.109621 -0.724913 0.680062
vn 0.352608 -0.880621 0.316502
vn 0.506407 -0.568442 0.648402
vn 0.857397 -0.463528 -0.223635
vn 0.756939 -0.231392 -0.611147
vn 0.486843 0.039309 -0.872605
vn -0.169062 0.889508 -0.424492
vn -0.510152 0.840243 -0.183675
vn -0.723305 0.564086 0.398291
vn -0.918987 0.172836 0.354387
vn -0.664947 -0.295701 0.685862
vn -0.336291 -0.815632 0.470800
vn -0.034802 -0.998549 0.041083
vn 0.460598 -0.873483 -0.157725
vn 0.182045 -0.544774 -0.818585
vn 0.561630 -0.530476 -0.634954
vn 0.107791 0.555879 -0.824245
vn -0.827530 0.262253 -0.496404
vn -0.985001 -0.151588 -0.082433
vn -0.679223 -0.248369 -0.690630
vn -0.791831 -0.574369 -0.207615
vn -0.843838 -0.380983 0.377875
vn -0.531302 -0.834433 0.146423
vn -0.270853 -0.476850 -0.836213
vn -0.723035 -0.383785 -0.574395
vn -0.914234 -0.180956 -0.362535
vn -0.539773 0.509270 -0.670290
vn 0.275932 -0.858290 0.432666
vn 0.743648 -0.571680 0.346656
vn 0.871623 -0.175974 0.457500
vn 0.108402 0.975651 -0.190668
vn 0.769202 0.546724 0.330789
vn 0.618359 0.785894 -0.001713
vn 0.486450 0.749790 0.448533
vn 0.466726 0.469714 0.749357
vn 0.172084 0.962655 0.209002
vn -0.046889 0.712844 0.699753
vn 0.012733 0.240549 0.970553
vn 0.324535 0.021300 0.945634
vn 0.542555 -0.168002 0.823049
vn 0.781487 0.202742 0.590063
vn 0.956821 0.212463 0.198375
vn 0.949830 0.273474 -0.151770
vn 0.826531 0.562565 -0.019160
vn 0.323704 0.866499 -0.379993
vn -0.254658 0.836872 -0.484556
vn -0.432574 0.901587 -0.004467
vn -0.473628 0.773853 0.420509
vn -0.733077 0.268870 0.624745
vn -0.512863 0.477459 0.713446
vn -0.352771 0.139851 0.925200
vn 0.019556 -0.271925 0.962120
vn 0.722730 0.574196 -0.384655
vn 0.411989 0.689274 -0.595958
vn -0.682120 0.677140 -0.276031
vn -0.816714 0.540851 0.201143
vn -0.243702 -0.407573 0.880053
vn 0.003072 -0.587782 0.809014
vn 0.174819 -0.698994 0.693431
vn 0.468417 -0.455318 0.757147
vn 0.494403 -0.678391 0.543463
vn 0.842855 -0.530722 -0.089052
vn 0.957712 -0.268207 0.104175
vn 0.824339 -0.383886 -0.416049
vn 0.955751 -0.016495 -0.293714
vn 0.709515 0.314429 -0.630653
vn 0.047438 0.716869 -0.695593
vn -0.302929 0.600811 -0.739770
vn -0.701306 0.535807 -0.470193
vn -0.871987 0.449410 -0.194084
vn -0.938924 0.200140 0.279939
vn -0.743373 -0.136583 0.654784
vn -0.498418 -0.197824 0.844065
vn 0.470939 -0.873407 0.124004
vn 0.686241 -0.151201 -0.711485
vn 0.419324 0.011144 -0.907768
vn 0.331416 0.425617 -0.842030
vn -0.084680 0.429013 -0.899320
vn -0.021369 0.071602 -0.997204
vn -0.959091 0.188133 -0.211544
vn -0.970142 -0.126443 0.206969
vn -0.805468 -0.365300 0.466666
vn -0.488490 -0.607228 0.626619
vn -0.198462 -0.845298 0.496070
vn 0.012325 -0.981627 0.190413
vn 0.189995 -0.959754 -0.206817
vn 0.574676 -0.762534 -0.297135
vn 0.467998 -0.501407 -0.727715
vn 0.089223 -0.284538 -0.954504
vn -0.427936 0.237043 -0.872171
vn -0.758242 0.229729 -0.610159
vn -0.809244 -0.582338 -0.077502
vn -0.619486 -0.746070 0.244164
vn -0.405766 -0.911645 -0.065248
vn -0.065301 -0.972780 -0.222340
vn 0.244535 -0.803489 -0.542779
vn 0.112343 -0.586699 -0.801975
vn -0.269386 -0.056994 -0.961344
vn -0.562991 -0.122049 -0.817402
vn -0.490261 -0.635973 -0.595971
vn -0.234283 -0.443960 -0.864876
vn -0.163911 -0.823018 -0.543852
vn -0.351055 -0.784056 -0.511875
vn -0.980799 0.190367 0.042349
vn -0.904315 0.216524 -0.367876
vn -0.676731 -0.070475 -0.732850
vn 0.915813 0.312263 0.252542
vn 0.713213 0.498914 0.492355
vn 0.661670 0.246449 0.708136
vn 0.994482 0.051747 -0.091253
vn 0.898148 0.293598 -0.327307
vn 0.724464 0.663552 -0.186686
vn 0.396807 0.917578 0.024389
vn 0.684520 0.709757 0.166362
vn 0.444835 0.684592 0.577457
vn 0.892998 -0.100744 0.438640
vn 0.852499 -0.444236 0.275499
vn 0.957137 -0.288623 -0.024219
vn 0.845143 -0.243659 -0.475778
vn 0.634255 0.570240 -0.522060
vn 0.618053 0.144756 -0.772694
vn 0.295642 0.835206 -0.463709
vn 0.117431 0.992286 -0.039719
vn 0.126664 0.897551 0.422325
vn 0.299942 0.307335 0.903095
vn 0.596809 -0.040630 0.801354
vn 0.792868 -0.607423 -0.048969
vn 0.600455 -0.753038 -0.269048
vn 0.584346 -0.357728 -0.728402
vn 0.292632 0.504339 -0.812409
vn -0.093890 0.840976 0.532865
vn -0.202222 0.655003 0.728064
vn 0.117112 0.627662 0.769627
vn -0.192800 0.415496 0.888927
vn 0.114807 0.034149 0.992801
vn 0.381372 -0.284632 0.879511
vn 0.660682 -0.391567 0.640449
vn 0.379227 -0.701128 0.603826
vn 0.682491 -0.625493 0.378105
vn 0.256397 -0.807951 -0.530543
vn 0.391199 -0.563748 -0.727428
vn 0.220908 0.066662 -0.973014
vn -0.071958 0.679703 -0.729949
vn -0.057954 0.950796 -0.304349
vn -0.169591 0.978717 0.115551
vn -0.293770 0.845004 0.446842
vn -0.388047 0.183228 0.903243
vn -0.326175 -0.166813 0.930475
vn 0.030772 -0.481613 0.875843
vn 0.503354 -0.842853 0.190348
vn 0.288994 -0.951282 -0.107451
vn 0.005224 -0.610745 -0.791810
vn 0.110126 -0.304615 -0.946088
vn -0.411062 0.848724 -0.332708
vn -0.518367 0.840877 0.155633
vn -0.593251 0.508749 0.623881
vn -0.441943 -0.463401 0.768080
vn -0.043310 -0.803385 0.593882
vn 0.173603 -0.938924 0.297127
vn 0.018643 -0.994988 -0.098239
vn -0.024719 -0.916204 -0.399949
vn -0.157834 -0.665132 -0.729854
vn -0.296438 -0.328148 -0.896908
vn -0.153895 0.171661 -0.973062
vn -0.505067 0.452491 -0.734956
vn -0.766943 0.608931 -0.202485
vn -0.783954 0.542722 0.301443
vn -0.691147 -0.001619 0.722713
vn -0.657171 -0.567172 0.496429
vn -0.359993 -0.798424 0.482623
vn -0.197028 -0.968621 0.151503
vn -0.355918 -0.920201 -0.162947
vn -0.597979 -0.790303 0.133577
vn -0.622050 -0.743964 -0.244073
vn -0.643735 -0.499015 -0.580163
vn -0.824872 -0.520773 -0.219959
vn -0.967149 -0.235228 -0.096390
vn -0.833390 -0.313328 0.455287
vn -0.815513 -0.567522 0.113386
vn -0.908705 0.063388 0.412598
vn 0.633886 -0.633766 0.443317
vn 0.137529 -0.847373 0.512878
vn 0.521660 -0.605329 -0.601205
vn -0.129297 0.088188 -0.987677
vn 0.384460 0.599023 -0.702398
vn 0.193084 -0.374909 0.906731
vn -0.177953 0.888178 -0.423643
vn 0.728774 0.065027 -0.681659
vn 0.098419 0.795695 0.597648
vn -0.304944 0.677458 0.669373
vn 0.185786 0.371892 0.909495
vn 0.837146 0.026435 0.546340
vn 0.535698 0.069477 0.841546
vn 0.628997 0.493101 0.601011
vn 0.470981 0.795046 0.382203
vn 0.021551 0.976279 0.215439
vn -0.460110 0.854519 0.241032
vn -0.534650 0.298901 0.790448
vn -0.906252 0.289813 0.307758
vn -0.101001 0.073826 0.992143
vn -0.286312 -0.353897 0.890383
vn -0.753477 -0.293293 0.588431
vn -0.450730 -0.717980 0.530422
vn 0.521360 -0.447949 0.726309
vn 0.656666 -0.754002 0.016479
vn 0.910724 -0.285534 0.298415
vn 0.885418 -0.367890 -0.284062
vn 0.999161 0.022447 -0.034263
vn 0.811959 0.501054 -0.299446
vn 0.816790 0.554601 0.158973
vn 0.189273 0.979214 -0.072916
vn -0.696934 0.707190 -0.119018
vn -0.947745 -0.302071 0.102629
vn -0.143958 -0.975649 0.165484
vn 0.447489 0.857104 -0.255197
vn -0.174835 0.529738 -0.829946
vn -0.623350 0.047034 -0.780527
vn -0.804768 0.406181 -0.432858
vn -0.900654 -0.267375 -0.342539
vn -0.422741 -0.832471 -0.358166
vn -0.659444 -0.747771 0.077273
vn 0.215240 -0.957616 -0.191426
vn -0.391971 -0.424166 -0.816359
vn 0.054833 -0.665388 -0.744481
vn 0.268115 -0.078261 -0.960203
vn -0.934991 -0.351288 0.048882
vn -0.867405 0.073640 -0.492124
vn -0.296041 -0.081604 -0.951683
vn -0.733119 -0.386507 -0.559597
vn -0.090412 -0.590806 0.801732
vn -0.733876 0.621325 0.274557
vn -0.350890 0.696409 0.626011
vn 0.703112 0.428589 -0.567402
vn 0.986240 0.127194 0.105606
vn 0.735141 0.639931 0.223732
vn 0.755821 0.221441 0.616197
vn 0.880982 0.366377 -0.299396
vn 0.705376 0.695951 -0.134528
vn 0.458120 0.864347 -0.207438
vn -0.211907 0.919102 -0.332184
vn -0.097807 0.995003 0.020049
vn 0.147429 0.923685 0.353653
vn 0.408810 0.591628 0.694875
vn 0.116313 0.109725 0.987133
vn 0.537539 -0.236898 0.809278
vn 0.713545 -0.555133 0.427413
vn 0.851396 -0.434249 -0.294198
vn 0.777546 0.008836 -0.628765
vn 0.959932 -0.050197 -0.275701
vn 0.461196 0.111207 -0.880302
vn 0.327784 0.614011 -0.718017
vn -0.451951 0.731940 -0.509906
vn -0.252121 0.356098 0.899794
vn -0.308991 -0.360806 0.879968
vn 0.339958 -0.899925 0.273064
vn 0.562768 -0.715806 -0.413417
vn 0.610986 -0.325428 -0.721660
vn 0.200376 -0.081991 -0.976282
vn -0.165358 0.475332 -0.864128
vn -0.745788 0.369022 -0.554638
vn -0.864026 0.494789 -0.092966
vn -0.784052 0.066564 0.617115
vn -0.539134 -0.221975 0.812442
vn -0.470328 -0.654933 0.591485
vn -0.178771 -0.859957 0.478032
vn 0.067993 -0.985122 -0.157834
vn 0.282253 -0.674470 -0.682219
vn 0.133968 -0.553408 -0.822065
vn -0.327742 -0.692304 -0.642885
vn -0.973465 0.041652 0.225015
vn -0.722061 -0.286966 0.629507
vn -0.315182 -0.948996 0.008197
vn -0.586163 -0.809940 -0.020252
vn -0.741613 -0.443176 0.503593
vn -0.890389 0.262973 -0.371553
vn -0.909347 -0.126917 -0.396206
vn 0.182875 -0.982632 0.031476
vn 0.330260 -0.873090 0.358667
vn 0.132144 0.578643 -0.804804
vn -0.170204 0.461658 -0.870576
vn 0.521350 -0.743208 -0.419328
vn 0.859638 -0.439792 0.260011
vn 0.773777 -0.256567 0.579174
vn -0.656817 -0.069238 -0.750865
vn -0.703846 -0.470168 -0.532488
vn 0.397618 -0.360595 -0.843725
vn 0.009086 -0.872965 -0.487699
vn 0.158233 -0.297661 -0.941467
vn -0.222342 0.157094 -0.962229
vn 0.049554 0.177870 -0.982806
vn 0.360845 0.246198 -0.899543
vn -0.385967 -0.831823 0.398874
vn -0.353244 -0.857950 0.373015
vn -0.524895 -0.662238 0.534721
vn -0.806651 -0.553332 0.207698
vn 0.557957 0.381201 0.737136
vn 0.533030 0.060030 0.843964
vn 0.681748 0.005651 0.731565
vn 0.012730 -0.159948 0.987043
vn 0.136521 -0.269180 0.953365
vn 0.605868 -0.245532 0.756728
vn 0.135608 0.051854 0.989405
vn 0.476164 -0.078190 0.875874
vn 0.441600 0.429314 0.787832
vn 0.834341 -0.402624 0.376523
vn 0.706882 0.622033 0.336738
vn 0.892859 0.375724 -0.248263
vn 0.799030 0.558562 -0.222619
vn 0.719258 0.452824 -0.526896
vn 0.830091 0.243442 -0.501683
vn 0.069646 0.711987 0.698731
vn 0.108189 0.613220 0.782468
vn -0.179339 0.918301 -0.352932
vn 0.494265 -0.406788 -0.768261
vn 0.354768 -0.687859 -0.633237
vn -0.140420 -0.876555 -0.460362
vn 0.462098 -0.816015 0.347253
vn 0.900565 0.242340 0.360908
vn 0.276664 0.589707 0.758751
vn 0.793594 0.149659 0.589755
vn 0.955267 0.189961 -0.226671
vn 0.811045 0.013295 -0.584833
vn 0.491925 0.319950 -0.809717
vn 0.761496 0.446136 -0.470198
vn 0.865759 0.500238 -0.014957
vn 0.722168 0.585351 -0.368562
vn 0.760864 0.644622 -0.074489
vn 0.596700 0.796612 -0.096742
vn 0.406222 0.757174 -0.511538
vn 0.776337 0.552881 0.302694
vn 0.466164 0.867222 0.174980
vn 0.331771 0.869519 -0.365874
vn 0.431467 0.759481 0.486851
vn 0.175162 0.713088 0.678840
vn 0.288114 0.687605 0.666476
vn 0.058539 0.022983 0.998021
vn -0.289883 -0.249433 0.923987
vn 0.076892 -0.462237 0.883417
vn 0.203230 -0.853787 0.479318
vn 0.282187 -0.950416 0.130692
vn 0.594752 -0.802047 -0.054692
vn 0.920449 -0.016769 0.390502
vn 0.854294 -0.515291 -0.068242
vn 0.110227 -0.849468 -0.515998
vn 0.968188 -0.079599 -0.237227
vn 0.809598 0.112016 -0.576198
vn 0.739749 0.120414 -0.662021
vn 0.491581 0.082298 -0.866934
vn 0.815078 0.055880 -0.576649
vn 0.533853 0.135594 -0.834635
vn 0.682659 0.078230 -0.726538
vn 0.064547 0.049453 -0.996689
vn -0.281144 0.051555 -0.958280
vn -0.665359 0.111304 -0.738179
vn -0.578905 0.203653 -0.789554
vn -0.972269 0.230590 -0.038999
vn -0.675317 0.180434 -0.715116
vn -0.510485 0.746741 -0.426360
vn -0.912890 0.176082 -0.368276
vn -0.345360 0.876562 -0.335210
vn -0.979107 0.183319 0.088001
vn -0.449414 0.884666 -0.124073
vn -0.959078 0.189536 0.210344
vn -0.195765 0.766886 0.611198
vn -0.329038 0.886592 0.325098
vn -0.263661 0.908267 0.324861
vn -0.291440 0.956501 -0.013010
vn -0.154513 0.962179 0.224360
vn -0.212962 0.967913 -0.133384
vn -0.162939 0.986474 -0.017879
vn -0.228612 0.801932 -0.551944
vn -0.220503 0.856073 -0.467459
vn -0.367203 0.495651 -0.787078
vn -0.295848 0.493748 -0.817733
vn -0.263318 0.310100 -0.913510
vn 0.063651 0.493445 -0.867445
vn 0.043728 0.286316 -0.957137
vn 0.092896 0.273654 -0.957332
vn -0.132423 0.078354 -0.988091
vn -0.279105 -0.139911 -0.950013
vn -0.571716 -0.262639 -0.777278
vn -0.515856 -0.088139 -0.852129
vn -0.657607 -0.381196 -0.649802
vn -0.813128 -0.401872 -0.421095
vn -0.879970 -0.137922 -0.454567
vn -0.955676 -0.234477 -0.178058
vn -0.996809 -0.058879 -0.053903
vn -0.958523 0.255163 -0.126984
vn -0.829667 0.544589 -0.122781
vn -0.949203 0.213160 0.231466
vn -0.848399 0.485713 0.210482
vn -0.778748 0.318572 0.540428
vn -0.632834 0.549214 0.545788
vn -0.212425 0.498078 0.840710
vn -0.237614 0.529614 0.814278
vn -0.338124 0.622801 0.705543
vn 0.103554 0.258422 0.960466
vn -0.039531 0.237811 0.970507
vn 0.347774 -0.121818 0.929631
vn 0.479030 -0.394177 0.784318
vn 0.274422 -0.414467 0.867703
vn 0.470496 -0.438531 0.765718
vn 0.422790 -0.836394 0.348848
vn 0.521786 -0.818498 0.240415
vn 0.597978 -0.787848 0.147370
vn 0.755287 -0.645293 -0.114624
vn 0.912442 -0.382691 0.144908
vn 0.558293 -0.811592 -0.172127
vn 0.838916 -0.475159 -0.265411
vn 0.776167 -0.312768 -0.547485
vn 0.913851 -0.135782 -0.382676
vn 0.714310 -0.054569 -0.697698
vn 0.457949 -0.135596 -0.878576
vn 0.681038 0.274656 -0.678786
vn 0.342891 0.176940 -0.922561
vn -0.134970 -0.054011 -0.989377
vn -0.335182 -0.276516 -0.900662
vn -0.337270 -0.939716 -0.056413
vn -0.186661 -0.278525 -0.942115
vn 0.013486 -0.437841 -0.898951
vn -0.190577 -0.920669 -0.340660
vn 0.104875 -0.968001 -0.227983
vn 0.377658 -0.924160 -0.057466
vn 0.608916 -0.749624 0.259395
vn 0.249406 -0.342982 0.905627
vn -0.256957 -0.394565 0.882208
vn -0.407226 -0.762745 0.502381
vn 0.050920 -0.604886 0.794682
vn -0.214576 -0.601469 0.769540
vn -0.495682 -0.778295 0.385430
vn -0.696581 -0.528118 0.485660
vn -0.544548 -0.834752 -0.081586
vn -0.666310 -0.739401 0.096529
vn -0.308640 -0.840954 -0.444452
vn -0.292747 -0.950118 -0.107588
vn -0.329462 -0.884618 0.330010
vn 0.643707 -0.753047 0.136244
vn 0.753611 -0.556437 -0.349926
vn 0.365735 -0.745629 0.557024
vn 0.519916 -0.500226 0.692432
vn -0.167165 -0.804081 0.570534
vn 0.186289 -0.663544 0.724573
vn 0.543256 -0.395460 0.740598
vn 0.633068 -0.370667 0.679581
vn 0.952560 -0.049637 0.300275
vn 0.903788 -0.055145 0.424413
vn 0.531712 -0.846889 0.007764
vn 0.917343 -0.377497 0.126405
vn -0.103541 0.162962 -0.981184
vn -0.006449 0.449287 -0.893364
vn 0.276170 0.514628 -0.811719
vn 0.501662 0.178279 -0.846494
vn 0.821142 0.072937 -0.566044
vn 0.980013 0.119812 -0.158806
vn 0.994441 0.033237 -0.099914
vn 0.944028 -0.098735 0.314742
vn 0.517724 -0.709606 0.477934
vn -0.491009 0.825511 0.278283
vn -0.381102 0.533629 0.754984
vn -0.448842 0.702745 0.551989
vn -0.541227 0.824022 0.167513
vn -0.724595 0.605757 0.328665
vn -0.762956 0.646449 -0.001264
vn -0.643552 0.756918 -0.113654
vn -0.754177 0.527817 -0.390674
vn -0.746376 0.664354 -0.039456
vn -0.850726 0.143442 -0.505658
vn -0.768482 -0.159154 -0.619763
vn -0.550243 0.057679 -0.833010
vn -0.672818 0.187347 -0.715693
vn -0.578145 0.294757 -0.760833
vn -0.808588 0.302830 -0.504459
vn -0.598555 0.509787 -0.617939
vn -0.773666 0.538058 -0.334567
vn -0.592983 0.805063 0.015635
vn -0.462338 0.871118 0.165518
vn -0.281021 0.397416 0.873549
vn -0.301073 0.033317 0.953019
vn -0.417936 0.079882 0.904957
vn -0.753101 -0.277117 0.596696
vn -0.315305 -0.194314 0.928884
vn -0.740412 -0.540552 0.399492
vn -0.765468 -0.433672 0.475382
vn -0.381773 -0.814111 0.437575
vn -0.385221 -0.447049 0.807311
vn -0.513445 -0.603698 0.609855
vn -0.673227 -0.728049 0.129263
vn -0.506693 -0.398324 0.764592
vn -0.633015 -0.570129 0.523684
vn -0.505361 0.021552 0.862639
vn -0.048100 -0.261119 0.964107
vn -0.174050 0.211654 0.961722
vn -0.098632 0.575441 0.811874
vn -0.086233 0.788059 0.609530
vn -0.034130 0.377197 0.925504
vn -0.364489 0.684996 0.630816
vn -0.397754 0.471187 0.787258
vn -0.530366 0.655052 0.538163
vn -0.753473 0.563445 0.338834
vn -0.706942 0.479798 0.519641
vn -0.833218 0.552286 0.026992
vn -0.671462 0.715655 0.192295
vn -0.845353 0.506612 0.169478
vn -0.832203 0.407340 -0.376180
vn -0.891831 0.390233 -0.228813
vn -0.722332 0.058432 -0.689074
vn -0.701655 0.156232 -0.695178
vn -0.685855 -0.083761 -0.722901
vn -0.378691 -0.189678 -0.905878
vn -0.079919 -0.370502 -0.925387
vn -0.038462 -0.762233 -0.646159
vn -0.603523 -0.258780 -0.754184
vn -0.186207 -0.552492 -0.812453
vn 0.105459 -0.565853 -0.817734
vn 0.067912 -0.848859 -0.524239
vn 0.680861 -0.579115 -0.448392
vn 0.341387 -0.498055 -0.797118
vn 0.857331 -0.493647 -0.145934
vn 0.995491 -0.085916 0.040198
vn 0.998084 -0.009494 -0.061143
vn 0.282207 -0.903577 -0.322347
vn 0.497694 -0.142842 -0.855510
vn 0.913763 -0.289009 -0.285503
vn 0.364499 -0.177967 -0.914040
vn 0.285073 0.074483 -0.955608
vn -0.103182 0.052461 -0.993278
vn 0.010114 0.385205 -0.922775
vn -0.111470 0.764322 -0.635127
vn 0.306570 0.808778 -0.501890
vn 0.675161 0.570038 -0.468203
vn 0.164956 0.766144 -0.621139
vn -0.043123 0.795685 -0.604174
vn 0.170797 0.859981 -0.480897
vn -0.101795 0.629415 -0.770373
vn 0.224126 0.122595 -0.966818
vn 0.157692 0.509823 -0.845703
vn 0.265642 0.716475 -0.645057
vn 0.076295 0.914068 -0.398320
vn -0.199368 0.915601 -0.349181
vn -0.088907 0.957443 -0.274587
vn 0.381998 0.919521 -0.092515
vn 0.494345 0.797457 -0.345956
vn 0.078962 0.912556 0.401256
vn 0.756822 0.551985 0.350047
vn 0.435738 0.879043 0.193433
vn 0.935164 0.275462 0.222686
vn 0.753309 0.098389 0.650266
vn 0.295410 0.603274 0.740806
vn 0.088790 0.790114 0.606495
vn -0.101903 0.592493 0.799105
vn -0.494279 0.294740 0.817812
vn -0.402392 0.800919 0.443406
vn -0.203768 0.977551 0.053601
vn -0.339900 0.939822 0.034683
vn 0.079173 0.991516 -0.103086
vn 0.244843 0.960493 -0.132307
vn 0.098818 0.859561 -0.501388
vn -0.081515 0.995675 -0.044567
vn -0.200202 0.850804 -0.485851
vn 0.221983 0.642319 -0.733587
vn -0.336623 0.634499 -0.695770
vn -0.594098 0.730180 -0.337466
vn -0.579388 0.364846 -0.728832
vn -0.802484 0.277840 -0.528039
vn -0.138398 0.069080 -0.987964
vn -0.487999 0.099398 -0.867166
vn -0.180670 0.023603 -0.983261
vn 0.271981 -0.023864 -0.962007
vn 0.248828 -0.053405 -0.967074
vn 0.489528 -0.247664 -0.836077
vn 0.780684 0.022606 -0.624518
vn 0.898833 -0.185559 -0.397073
vn 0.898864 -0.034046 -0.436903
vn 0.792486 -0.187182 -0.580455
vn -0.678913 0.238022 -0.694566
vn -0.765900 0.538923 -0.350656
vn -0.487021 0.847848 -0.209678
vn -0.048351 0.933468 0.355387
vn 0.170575 0.921562 0.348751
vn 0.041308 0.967636 0.248947
vn 0.098748 0.651132 0.752513
vn -0.491227 0.758507 0.428210
vn -0.530938 0.626818 0.570266
vn -0.320186 0.686701 0.652628
vn -0.435053 0.085820 0.896305
vn -0.178663 0.378079 0.908370
vn 0.862488 -0.155995 0.481435
vn 0.782482 -0.214402 0.584597
vn 0.707523 -0.281359 0.648266
vn 0.962914 -0.029852 0.268153
vn 0.953345 -0.075911 0.292183
vn 0.839221 -0.105674 0.533424
vn 0.500063 -0.284003 0.818095
vn 0.134888 -0.365597 0.920947
vn -0.200560 -0.493269 0.846440
vn 0.134441 -0.373408 0.917873
vn -0.226956 -0.532460 0.815461
vn -0.180546 -0.194275 0.964189
vn -0.479514 -0.233943 0.845776
vn -0.021156 0.366605 0.930136
vn 0.145965 0.504847 0.850778
vn -0.163755 0.886420 0.432949
vn -0.489533 0.842220 0.225883
vn 0.540638 -0.345646 0.766967
vn -0.725057 -0.598191 -0.341262
vn -0.851325 -0.426248 -0.305874
vn -0.968350 -0.209557 0.135589
vn -0.996024 0.060651 -0.065257
vn -0.920288 0.374247 0.114056
vn -0.623174 0.477040 0.619747
vn -0.462235 -0.053515 0.885141
vn -0.363744 0.338187 0.867940
vn 0.176946 -0.055110 0.982676
vn -0.031779 -0.437639 0.898589
vn -0.114589 -0.873408 0.473316
vn -0.296544 -0.909793 0.290412
vn -0.282498 -0.959170 0.013714
vn -0.399626 -0.885258 0.237945
vn -0.839504 -0.496954 -0.219703
vn -0.881266 -0.412497 0.230688
vn -0.575979 0.728458 -0.370940
vn -0.657561 0.677615 -0.329320
vn -0.400269 0.477036 -0.782446
vn -0.332746 -0.019188 -0.942821
vn -0.073361 0.131357 -0.988617
vn 0.257781 0.353714 -0.899130
vn 0.074797 0.603322 -0.793982
vn 0.123950 0.914819 -0.384372
vn -0.313280 0.582954 -0.749680
vn 0.041836 0.900914 -0.431977
vn -0.119842 0.941647 -0.314546
vn -0.105740 0.991765 -0.072259
vn -0.213963 0.897822 0.384885
vn -0.106357 0.832913 0.543087
vn -0.050650 0.741269 0.669295
vn 0.012652 0.607985 0.793848
vn 0.035701 0.668520 0.742836
vn 0.067718 0.714707 0.696138
vn 0.067701 0.711889 0.699021
vn 0.065456 0.712765 0.698342
vn 0.310151 0.490622 0.814307
vn 0.508287 0.261041 0.820671
vn 0.727256 0.156082 0.668384
vn 0.827805 -0.165625 0.536010
vn 0.880865 0.148581 0.449444
vn 0.983216 -0.070766 0.168161
vn 0.840875 -0.509246 -0.183295
vn 0.780107 -0.423477 -0.460544
vn 0.686773 -0.585279 -0.431036
vn 0.652081 -0.366541 -0.663655
vn 0.705850 -0.627681 -0.328317
vn 0.644706 -0.695170 -0.317951
vn 0.482387 -0.864122 -0.143516
vn 0.483821 -0.856276 0.180856
vn 0.312878 -0.916870 0.247906
vn 0.484042 -0.713068 0.507186
vn 0.245088 -0.827244 0.505568
vn 0.160974 -0.761684 0.627635
vn 0.247263 -0.676263 0.693924
vn -0.033803 -0.782759 0.621406
vn 0.108492 -0.359268 0.926907
vn -0.093765 -0.132226 0.986775
vn -0.279566 -0.093479 0.955565
vn -0.299780 0.249698 0.920751
vn 0.048271 0.370651 0.927517
vn 0.034963 0.532054 0.845989
vn 0.056034 0.647586 0.759930
vn 0.088469 0.430937 0.898035
vn 0.233090 0.937649 0.257842
vn 0.641757 0.317633 0.698038
vn 0.331119 0.841299 0.427289
vn 0.922655 0.180554 0.340746
vn 0.848906 0.212248 -0.484055
vn 0.929873 -0.262595 -0.257643
vn 0.482988 0.231895 -0.844362
vn 0.245247 0.382691 -0.890731
vn 0.896390 -0.220245 -0.384678
vn 0.114559 0.192900 -0.974508
vn -0.197604 0.402725 -0.893737
vn -0.304013 0.576983 -0.758068
vn -0.430560 0.314208 -0.846104
vn -0.615275 0.188242 -0.765507
vn -0.408151 0.744685 -0.528068
vn -0.926827 0.372330 -0.048605
vn -0.942964 -0.329791 -0.045346
vn -0.955693 0.290041 0.050269
vn -0.930567 0.174351 0.321942
vn -0.602797 0.797698 0.017715
vn -0.879147 0.453823 0.145412
vn -0.206469 0.828610 -0.520361
vn -0.508316 0.770144 -0.385348
vn -0.512919 0.716845 -0.472278
vn -0.256943 0.654190 -0.711348
vn -0.116025 0.507580 -0.853757
vn -0.916422 -0.080643 -0.392003
vn -0.514178 -0.379368 -0.769221
vn -0.723433 0.153163 -0.673190
vn -0.491153 -0.346705 -0.799102
vn -0.090584 0.044586 -0.994890
vn 0.320680 -0.295538 -0.899901
vn 0.976340 0.115632 -0.182726
vn 0.955748 0.240983 0.168740
vn 0.895800 0.248351 0.368598
vn 0.295784 0.290058 0.910153
vn 0.225170 0.358218 0.906079
vn -0.098439 0.090828 0.990989
vn 0.111244 0.068862 0.991404
vn -0.238258 -0.007791 0.971171
vn -0.144756 -0.184907 0.972037
vn -0.157848 -0.374901 0.913528
vn -0.004278 -0.547170 0.837011
vn -0.001461 -0.656815 0.754050
vn -0.020251 -0.975983 0.216903
vn 0.206262 -0.978388 -0.014584
vn 0.506080 -0.683497 -0.526037
vn 0.620294 -0.441307 -0.648447
vn 0.458146 -0.503362 -0.732618
vn -0.020561 -0.891877 0.451811
vn -0.081777 -0.844894 0.528647
vn -0.102699 -0.894227 0.435673
vn -0.113523 -0.559062 0.821317
vn -0.155659 -0.456856 0.875815
vn 0.106260 0.016735 0.994198
vn -0.181389 0.084425 0.979781
vn -0.095500 -0.192002 0.976737
vn -0.201209 -0.863169 0.463093
vn -0.092892 -0.909080 0.406133
vn -0.117966 -0.985829 0.119267
vn -0.129845 -0.965468 -0.225856
vn -0.007003 -0.992920 -0.118577
vn 0.289543 -0.894328 -0.341089
vn 0.233027 -0.736337 -0.635221
vn 0.517768 -0.577876 -0.630853
vn 0.397505 -0.231852 -0.887826
vn 0.467303 0.009865 -0.884042
vn 0.646381 -0.151790 -0.747765
vn 0.540544 -0.164444 -0.825088
vn 0.789034 -0.072251 -0.610087
vn 0.962856 -0.206895 -0.173500
vn 0.944814 0.205717 0.254963
vn 0.634867 0.414494 0.652026
vn 0.846760 0.107843 0.520930
vn 0.637529 0.255491 0.726830
vn 0.409623 0.453333 0.791642
vn 0.155470 0.377993 0.912661
vn 0.417055 0.326018 0.848397
vn -0.190276 0.071711 0.979108
vn -0.371379 0.161528 0.914323
vn -0.063811 0.429146 0.900978
vn -0.236342 0.366247 0.900003
vn -0.541241 0.100663 -0.834820
vn 0.206352 0.063362 -0.976424
vn 0.368250 -0.029821 -0.929248
vn 0.843041 -0.213114 -0.493826
vn 0.352281 -0.312724 -0.882101
vn 0.015471 -0.918915 0.394152
vn 0.105966 -0.876812 0.469012
vn -0.449327 -0.298907 0.841879
vn -0.092662 0.120745 0.988349
vn 0.214221 0.376081 0.901484
vn 0.741724 0.591731 0.315753
vn 0.992976 -0.073623 -0.092622
vn 0.935857 -0.106545 0.335887
vn 0.872285 -0.404631 0.274578
vn 0.828147 -0.202999 0.522459
vn 0.744278 -0.258476 0.615825
vn 0.792283 -0.528435 0.305031
vn 0.609087 -0.459835 0.646193
vn 0.177995 -0.541893 0.821383
vn -0.006721 -0.615856 0.787830
vn -0.382656 -0.759291 0.526357
vn -0.277183 -0.532535 0.799735
vn -0.523026 -0.572512 0.631406
vn -0.339052 -0.408619 0.847392
vn -0.587077 -0.450827 0.672381
vn -0.768524 -0.639248 -0.027075
vn -0.683381 -0.616947 0.390343
vn -0.748059 -0.418409 -0.515114
vn -0.800136 -0.595327 -0.073268
vn -0.798597 -0.429532 -0.421598
vn -0.546488 -0.299656 -0.782021
vn -0.361430 -0.503373 -0.784846
vn -0.075697 -0.562794 -0.823124
vn -0.305148 -0.394005 -0.866974
vn -0.078080 -0.112465 -0.990583
vn -0.068134 0.347534 -0.935189
vn -0.465988 0.625662 -0.625621
vn -0.719767 0.680158 -0.138995
vn -0.622565 0.479073 -0.618791
vn -0.867659 0.467214 -0.169939
vn -0.794616 0.150691 -0.588114
vn -0.964741 0.247638 0.089164
vn -0.836465 0.073859 0.543021
vn -0.682619 0.103695 0.723380
vn -0.191634 -0.090881 0.977250
vn 0.152220 -0.088589 0.984368
vn 0.411102 -0.053377 0.910026
vn 0.591455 0.346781 0.727959
vn 0.628527 0.334569 0.702152
vn 0.804908 0.303703 0.509792
vn 0.586466 0.393010 0.708238
vn 0.859938 0.379163 0.341676
vn 0.935824 0.324262 -0.138154
vn 0.808456 0.238200 -0.538201
vn 0.978651 0.109371 -0.174014
vn 0.592188 0.114679 -0.797598
vn 0.544018 0.174046 -0.820824
vn 0.608384 0.260705 -0.749601
vn 0.346971 0.169851 -0.922368
vn 0.223888 0.052782 -0.973185
vn 0.157393 -0.188873 -0.969306
vn 0.208345 -0.481745 -0.851184
vn 0.214289 -0.608338 -0.764202
vn -0.148460 -0.599988 -0.786113
vn -0.021353 -0.533562 -0.845491
vn -0.063676 -0.746966 -0.661806
vn -0.054657 -0.820405 -0.569164
vn -0.129033 -0.851013 -0.509046
vn -0.152845 -0.833428 -0.531070
vn -0.184750 -0.950925 -0.248212
vn -0.156065 -0.972648 0.172044
vn -0.323972 -0.945736 0.025000
vn -0.467935 -0.781446 0.412770
vn -0.159785 -0.635733 0.755190
vn -0.431545 -0.662421 0.612346
vn -0.586216 -0.580047 0.565594
vn -0.291524 -0.282416 0.913923
vn -0.356407 -0.402563 0.843159
vn -0.413589 -0.269369 0.869703
vn -0.159932 -0.128457 0.978734
vn -0.073414 -0.049035 0.996095
vn -0.372114 -0.045225 0.927085
vn -0.025876 0.242275 0.969862
vn -0.136726 0.166422 0.976529
vn -0.742424 -0.209249 0.636413
vn -0.570814 -0.169670 0.803357
vn -0.479712 -0.408426 0.776572
vn -0.674019 -0.370730 0.638951
vn -0.590359 -0.675025 0.442513
vn -0.570040 -0.732734 0.371693
vn -0.466274 -0.844370 0.263871
vn -0.560184 -0.827652 0.034455
vn -0.471139 -0.867321 -0.160567
vn 0.034760 -0.087798 -0.995532
vn 0.593235 0.420151 -0.686691
vn 0.550789 0.492169 -0.674092
vn 0.521154 0.380186 -0.764105
vn 0.873243 0.449091 -0.189113
vn 0.663194 -0.020750 0.748160
vn 0.802178 0.413521 0.430710
vn 0.607053 0.116642 0.786054
vn -0.328327 0.043257 0.943573
vn -0.415855 -0.031045 0.908901
vn -0.690323 0.393243 0.607301
vn -0.783283 0.216146 0.582880
vn -0.808826 0.469401 0.354207
vn -0.702208 0.660090 0.266805
vn -0.777583 0.609798 0.153331
vn -0.781105 0.553466 -0.289051
vn -0.540873 0.805374 -0.242548
vn -0.182166 0.555704 -0.811177
vn -0.485945 0.726563 -0.485761
vn -0.155182 0.984921 -0.076483
vn -0.257266 0.849776 -0.460102
vn 0.055604 0.401111 -0.914340
vn -0.477469 -0.111862 -0.871499
vn -0.634199 -0.280009 -0.720685
vn -0.731927 -0.634510 -0.248355
vn -0.643778 -0.735289 0.211894
vn -0.656976 -0.753655 0.019657
vn -0.511986 -0.804589 0.300845
vn -0.396123 -0.916506 -0.055704
vn -0.025488 -0.910587 0.412531
vn 0.153600 -0.819312 0.552390
vn 0.469357 -0.640717 0.607606
vn 0.513098 -0.725285 0.459012
vn 0.820865 -0.570743 -0.020801
vn 0.710904 -0.695794 0.102400
vn 0.667692 0.018619 -0.744204
vn 0.477412 -0.084039 -0.874652
vn 0.706298 0.295462 -0.643308
vn 0.442061 0.207999 -0.872536
vn 0.318040 0.697286 -0.642373
vn 0.422671 0.512177 -0.747679
vn 0.410791 0.887562 0.208532
vn 0.272355 0.341838 0.899427
vn 0.318007 0.090480 0.943761
vn 0.128138 -0.156875 0.979271
vn 0.147278 -0.466591 0.872125
vn 0.181869 -0.836360 0.517133
vn 0.307412 -0.488379 0.816691
vn -0.069086 -0.562084 0.824190
vn 0.510047 -0.773340 0.376561
vn 0.402049 0.095086 -0.910667
vn -0.199620 0.239503 -0.950153
vn -0.340407 0.397593 -0.852082
vn -0.254754 0.807294 -0.532331
vn -0.027496 0.872773 -0.487351
vn 0.075565 0.822013 -0.564433
vn -0.003677 0.813709 -0.581260
vn 0.228275 0.649240 -0.725519
vn -0.088403 0.782791 -0.615973
vn -0.022719 0.601646 -0.798440
vn -0.143757 0.420310 -0.895920
vn -0.185452 0.117816 -0.975565
vn -0.190279 0.042482 -0.980810
vn -0.231318 -0.252170 -0.939629
vn -0.390004 -0.325264 -0.861453
vn -0.478491 -0.519310 -0.708070
vn -0.697536 -0.633897 -0.334092
vn -0.930870 -0.320741 0.174947
vn -0.979087 -0.061459 0.193934
vn -0.882538 -0.019451 0.469839
vn -0.649877 0.387885 0.653609
vn -0.742064 0.539151 0.398317
vn -0.325143 0.419196 0.847677
vn -0.036176 0.391957 0.919272
vn -0.070941 0.397787 0.914731
vn -0.421951 0.147948 0.894465
vn -0.769595 0.043008 0.637082
vn -0.854407 -0.215019 0.473029
vn -0.747862 -0.466556 0.472259
vn -0.783508 -0.574220 0.237457
vn -0.699613 -0.709622 0.083541
vn -0.621354 -0.769271 0.148801
vn -0.625390 -0.725033 -0.288470
vn -0.270805 -0.706854 -0.653469
vn -0.150362 -0.741227 -0.654198
vn -0.219411 -0.530094 -0.819060
vn -0.149556 -0.451561 -0.879617
vn -0.105910 -0.223802 -0.968863
vn -0.113924 0.009355 -0.993445
vn 0.062713 0.076816 -0.995071
vn 0.423528 0.333596 -0.842222
vn 0.662765 0.482516 -0.572643
vn 0.801965 0.372381 -0.467102
vn 0.921874 0.386900 -0.021381
vn 0.903475 0.323270 0.281477
vn 0.998372 0.037105 0.043329
vn 0.854954 0.018984 0.518357
vn 0.477659 -0.416286 0.773659
vn 0.594590 -0.093885 0.798529
vn 0.413504 -0.146089 0.898706
vn 0.083070 -0.109020 0.990562
vn -0.447842 0.405222 0.797015
vn -0.412658 0.200050 0.888647
vn -0.424227 0.668914 0.610398
vn -0.571515 0.789187 0.224844
vn -0.308412 0.828441 0.467513
vn -0.001354 0.784941 -0.619569
vn 0.239503 0.938624 -0.248239
vn 0.276787 0.803867 -0.526486
vn 0.110301 0.593979 -0.796883
vn 0.293362 0.591061 -0.751389
vn 0.030792 0.289557 -0.956665
vn -0.227383 0.054991 -0.972251
vn -0.598576 -0.359754 -0.715740
vn -0.514048 -0.799332 -0.311164
vn 0.008570 -0.997477 -0.070465
vn 0.634379 -0.609869 -0.474998
vn 0.473452 -0.880655 0.017005
vn 0.708622 -0.671325 -0.217204
vn 0.734631 -0.559139 -0.384293
vn 0.882031 -0.386284 -0.269826
vn 0.760364 -0.301122 -0.575475
vn 0.222517 -0.494641 -0.840129
vn 0.198323 -0.074138 -0.977329
vn 0.114818 0.342589 -0.932443
vn 0.277716 0.817191 -0.505047
vn 0.409386 0.876447 -0.253462
vn 0.528847 0.806179 0.265324
vn 0.519890 0.572206 0.634267
vn 0.130637 0.644047 0.753749
vn 0.412057 0.625119 0.662899
vn 0.279126 0.775267 0.566613
vn 0.034581 0.305083 0.951698
vn 0.538017 -0.148292 0.829787
vn 0.967181 0.029273 0.252397
vn 0.859260 -0.136962 0.492862
vn 0.992820 -0.033542 -0.114816
vn 0.923012 0.057704 -0.380420
vn 0.801384 0.087187 -0.591761
vn 0.092221 0.222419 -0.970580
vn 0.023294 0.435260 -0.900003
vn 0.163085 0.604158 -0.779998
vn 0.322043 0.477526 -0.817470
vn 0.369781 0.538363 -0.757250
vn 0.112593 0.734883 -0.668782
vn 0.143176 0.546709 -0.824991
vn 0.218996 0.286951 -0.932577
vn 0.013168 0.295806 -0.955157
vn -0.178055 -0.199184 -0.963650
vn -0.340342 -0.518234 -0.784603
vn -0.575490 -0.574834 -0.581701
vn -0.437973 -0.672411 -0.596693
vn -0.407797 -0.820008 -0.401608
vn -0.697379 -0.690990 -0.190250
vn -0.756975 -0.561418 -0.334362
vn -0.734414 -0.659482 -0.160377
vn -0.858733 -0.511052 -0.037472
vn 0.703177 0.285369 -0.651235
vn 0.467447 0.373366 -0.801306
vn 0.942467 -0.053047 0.330063
vn 0.692650 -0.157964 0.703764
vn 0.183137 -0.205307 0.961410
vn -0.080284 0.036754 0.996094
vn -0.161465 0.465242 0.870333
vn -0.252068 0.562935 0.787125
vn -0.037427 0.753618 0.656246
vn 0.043884 0.884290 0.464872
vn 0.259954 0.923026 0.283631
vn 0.458214 0.832336 -0.311859
vn 0.260849 0.645409 -0.717917
vn 0.181576 0.531437 -0.827409
vn -0.160021 0.132533 -0.978176
vn -0.490116 -0.154093 -0.857929
vn -0.040198 -0.359906 -0.932122
vn -0.342164 -0.432752 -0.834056
vn -0.271637 -0.633225 -0.724734
vn -0.058323 -0.795385 -0.603291
vn 0.302750 -0.848389 -0.434257
vn -0.214326 -0.159795 -0.963603
vn -0.060328 0.041260 -0.997325
vn -0.328969 0.248866 -0.910958
vn -0.224880 0.604999 -0.763810
vn -0.298338 0.635170 -0.712428
vn -0.222630 0.755173 -0.616563
vn -0.198421 0.921322 -0.334359
vn -0.200297 0.918736 -0.340302
vn -0.294609 0.955246 -0.026665
vn -0.139818 -0.418127 0.897564
vn -0.139131 -0.581316 0.801695
vn -0.168024 -0.934572 0.313596
vn -0.128537 -0.968699 0.212371
vn -0.121961 -0.991431 -0.046794
vn -0.017256 -0.925037 -0.379484
vn 0.137452 -0.670499 -0.729067
vn -0.788794 0.008580 0.614598
vn -0.448080 0.228154 0.864390
vn -0.907504 0.131942 0.398783
vn -0.991840 0.124408 0.027867
vn -0.841782 0.090893 -0.532111
vn -0.894576 0.212872 -0.392963
vn -0.617202 0.073676 -0.783348
vn -0.745220 0.208645 -0.633336
vn -0.229665 0.108792 -0.967170
vn -0.580205 0.292608 -0.760094
vn -0.202381 0.213601 -0.955728
vn 0.074836 0.004311 -0.997187
vn 0.019144 -0.736806 -0.675833
vn -0.143557 -0.907950 -0.393724
vn 0.151499 -0.954041 -0.258561
vn -0.042339 -0.998957 -0.017120
vn -0.749813 -0.660429 0.040173
vn -0.267296 -0.960725 0.074566
vn -0.762520 -0.636316 0.116898
vn -0.495197 -0.232237 0.837165
vn -0.305606 -0.126808 0.943676
vn 0.207943 0.042173 0.977231
vn 0.634597 -0.038204 0.771898
vn 0.708664 0.134332 0.692640
vn 0.450508 -0.193431 0.871566
vn 0.082266 -0.253336 0.963874
vn -0.734261 -0.646260 0.207868
vn -0.286867 -0.919986 -0.267082
vn 0.065220 -0.362765 -0.929596
vn 0.577880 -0.383644 0.720328
vn 0.949646 -0.182197 0.254906
vn 0.648989 -0.760528 0.020269
vn 0.466330 -0.864403 0.187998
vn 0.506869 -0.852199 -0.129769
vn 0.492182 -0.824049 -0.280535
vn 0.918979 -0.386906 -0.076037
vn 0.525872 -0.788730 -0.318376
vn 0.540319 -0.657413 -0.525227
vn 0.355522 0.087508 -0.930563
vn 0.379279 -0.276407 -0.883033
vn 0.308476 -0.067561 -0.948830
vn 0.177058 -0.003178 -0.984195
vn -0.280183 -0.103245 -0.954378
vn -0.356696 -0.898321 -0.256490
vn 0.084634 -0.943930 0.319113
vn 0.444248 -0.861176 0.247023
vn 0.578069 -0.781084 0.236102
vn 0.306607 -0.596780 0.741516
vn 0.421350 -0.375076 0.825701
vn 0.244123 -0.235838 0.940630
vn 0.016249 -0.232104 0.972555
vn -0.368307 0.043397 0.928691
vn -0.478271 -0.353955 0.803724
vn -0.685431 -0.158532 0.710670
vn -0.687293 0.200050 0.698290
vn -0.839985 -0.204081 0.502769
vn -0.782021 -0.617204 0.086618
vn -0.820702 0.264829 0.506274
vn -0.053325 0.071917 0.995984
vn 0.170274 -0.467600 0.867385
vn 0.272126 -0.866064 0.419382
vn -0.877187 0.100335 -0.469549
vn 0.727015 0.206706 -0.654768
vn 0.442236 0.218944 -0.869765
vn 0.780715 0.224793 -0.583055
vn -0.007109 0.625721 -0.780014
vn 0.872044 0.269269 -0.408697
vn 0.090621 0.971507 -0.219003
vn -0.026672 0.644724 0.763950
vn 0.048540 0.502532 0.863195
vn -0.038474 0.433394 0.900383
vn 0.012983 0.604723 0.796330
vn 0.219209 0.468961 0.855583
vn 0.283402 0.186802 0.940632
vn 0.458212 0.015213 0.888713
vn 0.567511 -0.202792 0.798001
vn 0.702137 -0.073942 0.708193
vn 0.904881 -0.165167 0.392314
vn 0.893774 -0.422099 0.151658
vn 0.753953 -0.656928 -0.000762
vn 0.663578 -0.746326 -0.051591
vn 0.783691 -0.621022 0.012626
vn 0.664408 -0.611156 0.430174
vn 0.662613 -0.695060 0.278989
vn 0.653337 -0.459602 0.601595
vn 0.410349 -0.676183 0.611874
vn 0.430578 -0.576418 0.694510
vn 0.348751 -0.466665 0.812771
vn 0.125591 -0.593017 0.795335
vn 0.255535 -0.148113 0.955387
vn 0.052870 -0.127990 0.990365
vn -0.130015 0.135856 0.982161
vn -0.191379 0.464705 0.864537
vn -0.244516 0.194155 0.950008
vn -0.065832 0.696080 0.714940
vn -0.125506 0.415107 0.901074
vn 0.137006 0.246053 0.959524
vn -0.129594 0.766035 0.629600
vn 0.179610 0.949747 0.256362
vn 0.368826 0.805218 0.464317
vn 0.770373 0.633342 0.073505
vn 0.382027 0.924146 -0.002942
vn 0.785171 0.508608 -0.353304
vn 0.837671 0.510166 -0.195032
vn 0.539448 0.233471 -0.809004
vn 0.492926 0.313186 -0.811750
vn -0.196154 0.927357 0.318642
vn -0.184454 0.813328 0.551792
vn -0.070946 0.722783 0.687424
vn 0.061138 0.236442 0.969720
vn 0.589570 -0.444812 0.674203
vn 0.746788 -0.221290 0.627167
vn 0.761406 -0.537416 0.362554
vn 0.778357 -0.408972 0.476343
vn 0.424323 -0.273258 0.863296
vn -0.500605 -0.470786 0.726468
vn -0.467504 -0.375397 0.800323
vn -0.814773 -0.500662 0.292374
vn -0.454227 -0.502580 0.735589
vn -0.777691 -0.299905 0.552498
vn 0.104388 0.963823 -0.245251
vn 0.459869 0.839182 -0.290335
vn 0.500474 0.787591 -0.359482
vn 0.519081 0.819803 -0.241821
vn 0.952972 -0.139830 0.268870
vn 0.840339 -0.447872 0.305353
vn 0.826768 -0.404225 0.391224
vn 0.934099 -0.236136 0.267765
vn 0.853406 -0.135373 0.503362
vn 0.855041 0.364475 0.368867
vn 0.731084 0.177259 0.658859
vn 0.759497 0.024414 0.650052
vn -0.309705 0.948372 -0.068363
vn -0.111123 0.945455 0.306212
vn -0.307725 0.938830 0.154609
vn 0.026926 -0.192723 0.980884
vn 0.195356 -0.252756 0.947603
vn -0.458353 0.496124 0.737410
vn -0.564110 0.599078 0.568230
vn -0.555599 0.504397 0.660979
vn -0.701567 0.402517 0.588034
vn -0.469145 0.641354 0.607098
vn -0.532598 0.384993 0.753737
vn -0.730698 0.367447 0.575381
vn -0.799069 0.082585 0.595541
vn -0.749474 0.305227 0.587474
vn -0.712548 0.442849 0.544206
vn -0.726761 0.164862 0.666812
vn -0.792048 0.310043 0.525865
vn -0.939303 0.128230 0.318224
vn -0.622026 0.455077 0.637172
vn -0.887555 0.098329 0.450087
vn -0.929932 0.146037 0.337491
vn -0.871598 0.221342 0.437406
vn -0.833420 0.007621 0.552587
vn -0.934461 0.056454 0.351562
vn -0.959771 -0.134306 0.246579
vn -0.794992 -0.310443 0.521165
vn -0.982138 -0.065526 0.176384
vn -0.925458 -0.224911 0.304865
vn -0.814424 0.021539 0.579870
vn -0.955877 -0.103228 0.275032
vn -0.658311 0.239251 0.713713
vn -0.807610 0.204104 0.553269
vn -0.956599 -0.084139 0.278998
vn -0.760776 0.087537 0.643084
vn -0.913733 0.038389 0.404498
vn -0.649783 -0.231114 0.724132
vn -0.798388 0.108150 0.592352
vn -0.875206 -0.176066 0.450571
vn -0.964607 -0.121913 0.233818
vn -0.790579 -0.365352 0.491429
vn -0.754248 -0.429655 0.496495
vn -0.808434 -0.290695 0.511792
vn -0.963552 -0.077502 0.256049
vn -0.883165 -0.221525 0.413455
vn -0.678805 -0.309232 0.666033
vn -0.835262 -0.082979 0.543554
vn -0.824252 -0.291265 0.485565
vn -0.882913 -0.414475 0.220625
vn -0.795886 -0.297643 0.527232
vn -0.712741 -0.485419 0.506329
vn -0.783673 -0.475034 0.400249
vn -0.659157 -0.627320 0.414707
vn -0.757242 -0.570655 0.317708
vn -0.679736 -0.713770 0.168796
vn -0.816661 -0.476727 0.325262
vn -0.637133 -0.457642 0.620182
vn -0.819577 -0.570511 0.053013
vn -0.871043 -0.491188 0.004314
vn -0.660660 -0.729726 0.176147
vn -0.799154 -0.522619 0.297022
vn -0.770158 -0.632708 0.080855
vn -0.689789 -0.723542 0.026034
vn -0.768102 -0.571679 0.288449
vn -0.576294 -0.790608 0.206938
vn -0.826922 -0.555156 -0.089456
vn -0.876855 -0.463422 -0.127928
vn -0.602012 -0.766512 0.223699
vn -0.590833 -0.733494 0.336010
vn -0.606804 -0.644531 0.465155
vn -0.627316 -0.774930 -0.077186
vn -0.559453 -0.826080 -0.067858
vn -0.544450 -0.836565 0.061092
vn -0.543670 -0.673173 0.501259
vn -0.314295 -0.870040 0.379801
vn -0.456603 -0.887666 -0.059690
vn -0.457569 -0.878790 -0.135496
vn -0.440585 -0.897656 0.009929
vn -0.453003 -0.872444 0.183383
vn -0.310353 -0.944696 0.105972
vn -0.350779 -0.934134 -0.065933
vn -0.294707 -0.949154 -0.110699
vn -0.483274 -0.870459 -0.093525
vn -0.337953 -0.940332 0.039536
vn -0.288896 -0.957296 -0.011072
vn 0.051358 -0.995886 -0.074659
vn -0.130640 -0.991231 -0.019854
vn -0.127297 -0.987583 0.092063
vn 0.159619 -0.965849 0.204102
vn 0.034655 -0.958004 0.284652
vn -0.157217 -0.987550 -0.005194
vn -0.064079 -0.994518 0.082635
vn -0.054702 -0.986634 0.153495
vn -0.332853 -0.935041 0.122095
vn 0.038673 -0.998401 -0.041239
vn -0.077581 -0.996348 0.035659
vn -0.106992 -0.987568 -0.115164
vn -0.343056 -0.875439 0.340468
vn 0.249512 -0.947673 0.199148
vn 0.126840 -0.991540 0.027579
vn 0.128538 -0.989111 0.071677
vn 0.311075 -0.950004 -0.026929
vn 0.063919 -0.944048 0.323554
vn -0.122889 -0.992060 0.026756
vn 0.049132 -0.998580 0.020588
vn 0.084122 -0.987713 0.131703
vn 0.091949 -0.874076 0.477007
vn 0.222452 -0.909572 0.350989
vn 0.180035 -0.957910 -0.223598
vn -0.024543 -0.997458 -0.066899
vn 0.079060 -0.902602 0.423154
vn 0.182671 -0.623590 0.760110
vn 0.153727 -0.739083 0.655838
vn 0.681239 -0.731760 0.020996
vn 0.482708 -0.757029 -0.440341
vn 0.801880 -0.441136 0.402973
vn 0.475443 -0.616510 0.627590
vn 0.766543 -0.588342 0.257421
vn 0.671029 -0.614415 0.414987
vn 0.517689 -0.771110 0.370659
vn 0.523577 -0.761123 0.382830
vn 0.338477 -0.778797 0.528118
vn 0.528801 -0.824112 0.203000
vn 0.465666 -0.641417 0.609705
vn 0.653301 -0.689264 0.313230
vn 0.123276 -0.974051 0.189812
vn 0.507163 -0.822452 0.257602
vn 0.209716 -0.597344 0.774080
vn 0.295548 -0.941996 0.159047
vn 0.495636 -0.421630 0.759324
vn 0.446476 -0.682746 0.578375
vn 0.514063 -0.755272 0.406576
vn 0.143949 -0.857459 0.494006
vn 0.893955 -0.141366 0.425276
vn 0.321421 -0.858204 0.400217
vn 0.263099 -0.782811 0.563902
vn 0.447286 -0.452029 0.771754
vn 0.437162 -0.738505 0.513322
vn 0.264061 -0.962937 0.054982
vn 0.710532 -0.438981 0.549945
vn 0.612092 -0.477770 0.630142
vn 0.829576 -0.241603 0.503420
vn 0.364607 -0.812884 0.454182
vn 0.342570 -0.513303 0.786871
vn 0.240264 -0.529262 0.813729
vn 0.700964 -0.600331 0.385034
vn 0.628963 -0.649220 0.427690
vn 0.503014 -0.107295 0.857592
vn 0.638137 -0.131909 0.758539
vn 0.729702 -0.137324 0.669834
vn 0.505230 -0.128637 0.853344
vn 0.558376 -0.157716 0.814458
vn 0.736843 -0.216533 0.640449
vn 0.798099 -0.258080 0.544456
vn 0.771537 -0.168225 0.613540
vn 0.713805 -0.547568 0.436637
vn 0.651943 -0.528358 0.543882
vn 0.687680 -0.064468 0.723146
vn 0.773092 -0.157542 0.614418
vn 0.711859 -0.238003 0.660765
vn 0.597779 -0.400645 0.694366
vn 0.666262 -0.397874 0.630707
vn 0.563287 -0.403064 0.721282
vn 0.677700 -0.506393 0.533187
vn 0.533049 -0.647686 0.544391
vn 0.566230 -0.683668 0.460415
vn 0.711866 -0.545524 0.442324
vn 0.679770 -0.707202 0.194366
vn 0.650839 -0.688756 0.319411
vn 0.665444 -0.414229 0.620965
vn 0.410902 -0.840338 0.353541
vn 0.703207 -0.679021 0.210785
vn 0.314886 -0.748861 0.583142
vn 0.074460 -0.975817 0.205515
vn 0.259688 -0.731304 0.630680
vn 0.398643 -0.742939 0.537704
vn 0.212449 -0.898891 0.383222
vn 0.148741 -0.750245 0.644212
vn -0.259502 -0.770904 0.581691
vn 0.080847 -0.796669 0.598985
vn 0.103620 -0.845310 0.524132
vn -0.205230 -0.917695 0.340171
vn 0.257966 -0.863167 0.434047
vn -0.382281 -0.871147 0.308163
vn -0.220419 -0.875107 0.430817
vn -0.465444 -0.845561 0.261512
vn -0.139128 -0.906251 0.399190
vn 0.012391 -0.840401 0.541823
vn -0.076759 -0.991459 0.105442
vn -0.349551 -0.739195 0.575678
vn -0.552129 -0.721651 0.417581
vn -0.636315 -0.547208 0.543752
vn -0.541238 -0.636239 0.549783
vn -0.619917 -0.635191 0.460690
vn -0.482183 -0.657544 0.578909
vn -0.464107 -0.669850 0.579573
vn -0.424196 -0.738522 0.524064
vn -0.387188 -0.806754 0.446357
vn -0.481175 -0.838995 0.254082
vn -0.403937 -0.796734 0.449500
vn -0.537088 -0.692738 0.481300
vn -0.509161 -0.819508 0.262985
vn -0.316319 -0.583070 0.748312
vn -0.339342 -0.625148 0.702878
vn -0.487216 -0.655033 0.577539
vn -0.624106 -0.502814 0.598055
vn -0.670061 -0.615284 0.415263
vn -0.615628 -0.579057 0.534505
vn -0.566547 -0.637567 0.522046
vn -0.560649 -0.591477 0.579506
vn -0.603922 -0.551013 0.575902
vn -0.444673 -0.525633 0.725242
vn -0.745907 -0.380345 0.546773
vn -0.725264 -0.350553 0.592541
vn -0.540113 -0.472581 0.696380
vn -0.655135 -0.272762 0.704556
vn -0.628222 -0.327983 0.705524
vn -0.618934 -0.553961 0.556820
vn -0.845537 0.065458 0.529888
vn -0.886077 0.162994 0.433936
vn -0.817517 -0.080973 0.570184
vn -0.790478 0.397656 0.465847
vn -0.612248 -0.626573 0.482244
vn -0.597629 -0.308330 0.740117
vn -0.853687 -0.044567 0.518877
vn -0.537151 -0.549449 0.639980
vn -0.650402 0.401573 0.644760
vn -0.536173 0.573667 0.619213
vn -0.620777 0.433453 0.653264
vn -0.644767 0.111008 0.756276
vn -0.562269 0.227662 0.794999
vn -0.711577 0.142915 0.687920
vn -0.733941 0.269573 0.623427
vn -0.325107 0.545040 0.772811
vn -0.416800 0.329105 0.847330
vn -0.369414 0.491139 0.788870
vn -0.573587 0.612834 0.543537
vn -0.465584 0.574048 0.673573
vn -0.256828 0.413808 0.873385
vn -0.652804 0.321509 0.685915
vn -0.909525 0.322237 0.262540
vn -0.583589 0.592369 0.555448
vn -0.285556 0.727382 0.623997
vn -0.684264 0.360755 0.633750
vn -0.903784 0.077627 0.420890
vn -0.866643 0.132882 0.480908
vn -0.814792 0.190797 0.547458
vn -0.873060 0.267562 0.407647
vn -0.926886 0.237863 0.290350
vn -0.944971 0.117677 0.305258
vn -0.913852 0.054304 0.402401
vn -0.932650 0.208768 0.294245
vn -0.967401 0.041117 0.249889
vn -0.953590 -0.154071 0.258704
vn -0.937078 0.164232 0.308078
vn -0.952931 -0.148225 0.264484
vn -0.906501 0.101130 0.409914
vn -0.951745 -0.088655 0.293806
vn -0.893398 0.031311 0.448174
vn -0.805869 0.375600 0.457712
vn -0.983322 0.070639 0.167592
vn -0.976897 0.191504 0.094856
vn -0.937489 -0.247596 0.244563
vn -0.981295 -0.112474 0.156236
vn -0.986473 -0.072669 -0.146935
vn -0.976419 -0.206490 0.062983
vn -0.991894 -0.121912 0.035825
vn -0.961699 -0.204382 -0.182656
vn -0.951650 -0.307021 0.010042
vn -0.832465 -0.493792 -0.251339
vn -0.751891 -0.658189 0.038051
vn -0.925608 -0.372043 -0.069519
vn -0.817007 -0.574388 -0.050767
vn -0.891334 -0.447555 0.072240
vn -0.909003 -0.416790 -0.000277
vn -0.816453 -0.574867 -0.054146
vn -0.603330 -0.792309 0.090771
vn -0.716827 -0.631191 0.296236
vn -0.806347 -0.583813 -0.094697
vn -0.891737 -0.435582 0.122774
vn -0.692749 -0.709514 0.129184
vn -0.788084 -0.600980 0.133219
vn -0.818762 -0.563689 -0.109010
vn -0.493930 -0.867104 -0.064528
vn -0.266719 -0.963734 -0.008842
vn -0.277334 -0.917722 -0.284381
vn -0.547296 -0.780772 -0.301434
vn -0.638068 -0.761104 -0.116575
vn -0.516854 -0.814144 -0.264634
vn -0.604864 -0.785858 -0.128708
vn -0.671195 -0.727526 -0.142137
vn -0.403633 -0.913600 -0.049141
vn -0.222036 -0.974978 -0.010849
vn -0.367870 -0.928980 0.040849
vn -0.055562 -0.998289 -0.018245
vn 0.044915 -0.983240 -0.176698
vn -0.106366 -0.994321 -0.003456
vn -0.237935 -0.944354 -0.227118
vn -0.123783 -0.991549 -0.038848
vn -0.013812 -0.992357 -0.122626
vn -0.108141 -0.993930 0.020230
vn -0.069475 -0.994897 0.073160
vn 0.112510 -0.990815 0.075013
vn 0.252345 -0.941618 -0.222884
vn 0.373292 -0.919566 -0.122681
vn 0.285590 -0.958287 0.011155
vn 0.395536 -0.831422 0.390241
vn 0.342784 -0.928956 -0.139783
vn 0.373963 -0.906184 0.197439
vn 0.520152 -0.853369 0.034698
vn 0.457143 -0.839174 0.294631
vn 0.681439 -0.729811 -0.054918
vn 0.350057 -0.922227 0.164189
vn 0.615893 -0.722805 0.313414
vn 0.621841 -0.684227 0.380982
vn 0.569551 -0.548167 0.612474
vn 0.824887 -0.550806 -0.127173
vn 0.855948 -0.460960 0.234240
vn 0.534492 -0.814990 0.223849
vn 0.886761 -0.438858 0.145119
vn 0.533145 -0.844397 0.052446
vn 0.610640 -0.772301 0.175127
vn 0.871287 -0.392608 0.294480
vn 0.740353 -0.290394 0.606258
vn 0.535418 -0.769827 0.347410
vn 0.609511 -0.757848 0.232729
vn 0.678866 -0.333161 0.654327
vn 0.663975 -0.260645 0.700857
vn 0.804512 -0.512107 0.300843
vn 0.990154 0.030688 0.136574
vn 0.956394 0.060475 0.285749
vn 0.831812 -0.256607 0.492181
vn 0.804369 -0.314924 0.503799
vn 0.951595 -0.208853 0.225492
vn 0.905835 0.258195 0.335854
vn 0.908106 0.154935 0.389022
vn 0.817287 -0.493640 0.297257
vn 0.735674 -0.160873 0.657954
vn 0.489389 -0.335875 0.804790
vn 0.535312 -0.729501 0.425758
vn 0.765532 -0.345638 0.542674
vn 0.711156 -0.392373 0.583353
vn 0.665224 -0.173464 0.726215
vn 0.624659 -0.447651 0.639852
vn 0.615348 -0.430077 0.660591
vn 0.566368 -0.419605 0.709337
vn 0.608775 -0.376834 0.698133
vn 0.522628 -0.349288 0.777727
vn 0.307270 -0.626239 0.716527
vn 0.453973 -0.599364 0.659296
vn 0.534136 -0.287440 0.795033
vn 0.381303 -0.841431 0.382886
vn 0.041503 -0.821095 0.569281
vn 0.192414 -0.959908 0.203846
vn 0.217084 -0.907262 0.360208
vn 0.538855 -0.766962 0.348432
vn 0.027105 -0.714739 0.698866
vn 0.379455 -0.656452 0.651985
vn 0.254396 -0.966391 0.037022
vn -0.075400 -0.904003 0.420825
vn -0.069748 -0.531499 0.844182
vn 0.087327 -0.907858 0.410082
vn -0.167668 -0.891437 0.420983
vn -0.191264 -0.765712 0.614088
vn -0.162646 -0.917314 0.363430
vn -0.245585 -0.846033 0.473198
vn -0.227949 -0.929995 0.288354
vn 0.041047 -0.940309 0.337839
vn -0.200595 -0.857350 0.474039
vn -0.325438 -0.849486 0.415288
vn -0.388914 -0.893352 0.225096
vn -0.059652 -0.921318 0.384206
vn -0.326449 -0.927757 0.180826
vn -0.428781 -0.878619 0.210179
vn -0.346414 -0.897175 0.273998
vn -0.282301 -0.888181 0.362548
vn -0.522287 -0.782574 0.338813
vn -0.510030 -0.858908 0.046331
vn -0.689870 -0.580963 0.431928
vn -0.456231 -0.713144 0.532239
vn -0.831157 -0.523390 0.187725
vn -0.631330 -0.719608 0.289116
vn -0.551577 -0.648320 0.524827
vn -0.743606 -0.639168 0.196251
vn -0.549114 -0.742899 0.382851
vn -0.567249 -0.576845 0.587774
vn -0.653610 -0.525957 0.544208
vn -0.618177 -0.567479 0.543898
vn -0.575636 -0.541297 0.612896
vn -0.618646 -0.498324 0.607414
vn -0.668104 -0.184377 0.720862
vn -0.656687 -0.186888 0.730640
vn -0.700911 -0.374366 0.607102
vn -0.586529 -0.536506 0.606750
vn -0.301113 -0.275545 0.912911
vn -0.590993 -0.412411 0.693285
vn -0.616621 -0.040857 0.786199
vn -0.601935 0.204236 0.771985
vn -0.648584 0.180755 0.739369
vn -0.769474 -0.193828 0.608557
vn -0.771187 -0.092229 0.629892
vn -0.477133 -0.633296 0.609327
vn -0.577860 -0.217908 0.786508
vn -0.368164 -0.364248 0.855441
vn -0.227594 -0.003524 0.973750
vn -0.393564 0.187846 0.899901
vn -0.504037 -0.119457 0.855381
vn -0.329891 0.096673 0.939056
vn -0.673424 0.003988 0.739246
vn -0.650406 0.076775 0.755697
vn -0.767598 0.019721 0.640628
vn -0.670849 0.196350 0.715128
vn -0.120111 0.366627 0.922582
vn -0.594979 0.471002 0.651273
vn -0.202131 0.535843 0.819765
vn -0.306598 0.566290 0.765058
vn -0.634319 0.274187 0.722815
vn -0.638573 0.412006 0.649982
vn -0.425530 0.541617 0.724966
vn -0.235077 0.694447 0.680060
vn -0.473368 0.459855 0.751303
vn -0.430457 0.652565 0.623591
vn -0.247613 0.308603 0.918397
vn -0.247336 0.574398 0.780315
vn -0.612820 0.387063 0.688937
vn -0.900433 0.192895 0.389887
vn -0.924865 0.378990 0.031499
vn -0.815666 0.391485 0.425944
vn -0.404347 0.674242 0.617982
vn -0.372478 0.490122 0.788061
vn -0.443470 0.732329 0.516748
vn -0.750666 0.544766 0.373805
vn -0.731627 0.596326 0.330328
vn -0.759725 0.463833 0.455716
vn -0.779124 0.305131 0.547596
vn -0.923569 0.025311 0.382595
vn -0.914300 0.146143 0.377754
vn -0.937145 -0.238230 0.254962
vn -0.938811 0.218115 0.266571
vn -0.911490 0.340059 0.231399
vn -0.984496 -0.046290 0.169188
vn -0.997351 0.070607 0.017479
vn -0.932392 0.296945 0.206080
vn -0.953455 0.276509 0.120274
vn -0.937027 0.340120 0.079369
vn -0.995944 0.051040 0.074103
vn -0.991665 -0.102297 -0.078326
vn -0.979661 -0.122150 -0.159194
vn -0.961216 -0.253547 0.108528
vn -0.887204 -0.425486 0.178414
vn -0.946894 -0.321516 0.004395
vn -0.907395 -0.412775 -0.079063
vn -0.924059 -0.352534 -0.147767
vn -0.935832 -0.307213 -0.172738
vn -0.920665 -0.351319 -0.170149
vn -0.890131 -0.294069 -0.348124
vn -0.886110 -0.367875 -0.281916
vn -0.960102 -0.214430 -0.179508
vn -0.759876 -0.245631 -0.601875
vn -0.678178 -0.687563 -0.259482
vn -0.811185 -0.300921 -0.501423
vn -0.593913 -0.574189 -0.563537
vn -0.257973 -0.907165 -0.332417
vn -0.503409 -0.457221 -0.733163
vn -0.357806 -0.819433 -0.447778
vn -0.528946 -0.800470 -0.281894
vn -0.641734 -0.627751 -0.440575
vn -0.626926 -0.717983 -0.302430
vn -0.598299 -0.791264 -0.126256
vn -0.516234 -0.675642 -0.526319
vn -0.647084 -0.573925 -0.501889
vn -0.675879 -0.719629 -0.159126
vn -0.035235 -0.828196 -0.559330
vn -0.183114 -0.667466 -0.721775
vn 0.007324 -0.803987 -0.594602
vn 0.048104 -0.987891 -0.147503
vn -0.129911 -0.967139 -0.218554
vn -0.390036 -0.920123 0.035296
vn -0.259795 -0.954369 -0.147261
vn -0.019190 -0.997905 -0.061785
vn 0.137682 -0.980916 -0.137282
vn 0.229244 -0.936778 -0.264374
vn 0.256257 -0.951038 -0.172795
vn -0.207924 -0.951900 -0.225064
vn -0.034729 -0.945180 -0.324698
vn -0.184928 -0.963628 -0.192930
vn 0.295145 -0.929070 0.222975
vn 0.603990 -0.794638 0.061214
vn 0.381542 -0.847630 -0.368713
vn 0.281701 -0.952241 -0.117818
vn 0.482804 -0.868951 -0.108743
vn 0.415423 -0.905766 -0.083741
vn 0.301953 -0.939679 -0.160712
vn 0.496190 -0.807531 -0.318888
vn 0.515378 -0.856704 -0.021074
vn 0.437506 -0.888590 0.137827
vn 0.511037 -0.858582 0.040970
vn 0.450449 -0.881398 -0.142243
vn 0.400663 -0.880854 0.252121
vn 0.388837 -0.917774 -0.080601
vn 0.357459 -0.893894 0.270511
vn 0.744167 -0.656535 0.123195
vn 0.587159 -0.717298 -0.375138
vn 0.815514 -0.566939 -0.116261
vn 0.472168 -0.862307 0.182984
vn 0.576011 -0.624227 0.527780
vn 0.620667 -0.752073 0.221716
vn 0.611413 -0.521138 0.595475
vn 0.643496 -0.624065 0.443233
vn 0.771801 -0.632383 -0.066446
vn 0.518686 -0.708497 0.478536
vn 0.832035 -0.519669 0.194065
vn 0.853343 -0.467744 0.230264
vn 0.680235 -0.689678 0.248245
vn 0.913324 -0.402773 0.060115
vn 0.889904 -0.286591 0.354876
vn 0.998929 -0.014968 0.043792
vn 0.984425 -0.126420 0.122173
vn 0.917323 -0.317139 0.240709
vn 0.841268 -0.057757 0.537525
vn 0.871834 -0.194925 0.449344
vn 0.790557 -0.504120 0.347683
vn 0.831881 0.025370 0.554373
vn 0.880573 -0.002110 0.473905
vn 0.820874 -0.350932 0.450569
vn 0.499441 0.131664 0.856285
vn 0.794603 -0.028845 0.606444
vn 0.798935 0.306105 0.517690
vn 0.802776 0.431050 0.412003
vn 0.681866 -0.030716 0.730832
vn 0.663565 0.473754 0.578999
vn 0.278276 0.490115 0.826045
vn 0.366046 0.382899 0.848174
vn 0.352052 0.377884 0.856308
vn 0.369367 0.355435 0.858623
vn 0.618976 0.289273 0.730199
vn 0.395927 0.164299 0.903464
vn 0.483414 -0.331220 0.810311
vn 0.376988 -0.283122 0.881885
vn 0.653676 -0.251925 0.713611
vn 0.479770 -0.270374 0.834697
vn 0.490648 -0.314871 0.812478
vn 0.397902 -0.399783 0.825740
vn 0.451196 -0.413431 0.790884
vn 0.224999 -0.692805 0.685125
vn 0.292481 -0.317630 0.901979
vn 0.203719 -0.424924 0.882008
vn 0.119010 -0.238503 0.963822
vn 0.284673 -0.645312 0.708896
vn -0.084892 -0.619205 0.780627
vn 0.047455 -0.597246 0.800653
vn 0.245643 -0.587022 0.771404
vn 0.201030 -0.670032 0.714594
vn 0.194025 -0.482344 0.854224
vn 0.017097 -0.597111 0.801976
vn 0.321812 -0.717368 0.617916
vn -0.326641 -0.707005 0.627256
vn -0.362106 -0.651249 0.666899
vn -0.087091 -0.705316 0.703523
vn -0.103909 -0.510820 0.853385
vn -0.290783 -0.743237 0.602532
vn -0.285574 -0.658302 0.696481
vn -0.258792 -0.652756 0.711995
vn -0.182869 -0.711208 0.678779
vn 0.038791 -0.768162 0.639079
vn -0.017649 -0.774238 0.632649
vn -0.030341 -0.710354 0.703190
vn -0.413216 -0.656529 0.631048
vn -0.463784 -0.585055 0.665293
vn -0.453615 -0.701858 0.549208
vn -0.356741 -0.873079 0.332369
vn -0.462819 -0.645514 0.607545
vn -0.491544 -0.710595 0.503427
vn -0.605511 -0.712566 0.354410
vn -0.358711 -0.686787 0.632179
vn -0.473449 -0.510943 0.717484
vn -0.789878 -0.361622 0.495299
vn -0.504088 -0.243292 0.828676
vn -0.482863 -0.407868 0.774911
vn -0.514671 -0.317578 0.796403
vn -0.605552 -0.348171 0.715601
vn -0.455676 -0.509085 0.730200
vn -0.655165 -0.272143 0.704768
vn -0.600381 -0.487948 0.633601
vn -0.811325 -0.367772 0.454419
vn -0.901492 -0.279485 0.330454
vn -0.492805 -0.688028 0.532692
vn -0.934362 -0.018686 0.355834
vn -0.788766 -0.085833 0.608671
vn -0.593434 0.153819 0.790048
vn -0.592316 0.019906 0.805460
vn -0.562652 -0.076062 0.823187
vn -0.467077 0.121590 0.875817
vn -0.822117 0.040970 0.567842
vn -0.695391 0.092675 0.712631
vn -0.724852 -0.109357 0.680169
vn -0.351035 -0.027974 0.935945
vn -0.166436 -0.262201 0.950552
vn -0.496252 -0.160370 0.853238
vn 0.126385 -0.035149 0.991358
vn -0.019613 -0.143795 0.989413
vn 0.142709 -0.003116 0.989760
vn -0.292221 0.020317 0.956135
vn -0.112024 0.210712 0.971108
vn -0.071038 0.211981 0.974688
vn -0.269125 0.096949 0.958213
vn -0.549737 0.311224 0.775196
vn -0.161231 0.684222 0.711228
vn -0.289470 0.696544 0.656532
vn -0.457336 0.726390 0.513032
vn -0.205798 0.763735 0.611846
vn -0.376581 0.650666 0.659409
vn -0.277379 0.517634 0.809392
vn -0.176900 0.792493 0.583662
vn -0.305126 0.934634 0.182641
vn -0.223900 0.964247 0.141762
vn -0.631070 0.766007 0.122406
vn -0.727336 0.682008 0.076471
vn -0.576153 0.551208 0.603505
vn -0.307187 0.856850 0.414057
vn -0.621047 0.665712 0.413677
vn -0.783527 0.529221 0.325592
vn -0.577554 0.783672 0.228670
vn -0.618379 0.746065 0.246970
vn -0.604498 0.756592 0.249300
vn -0.611729 0.677669 0.408108
vn -0.970697 0.176933 0.162610
vn -0.695329 0.633432 0.339531
vn -0.829172 0.209046 0.518434
vn -0.882058 0.118857 0.455902
vn -0.976074 0.060779 0.208769
vn -0.987035 -0.157690 0.029929
vn -0.979194 -0.201005 0.027855
vn -0.977316 -0.126952 0.169518
vn -0.867481 0.355650 0.347837
vn -0.985562 0.132081 0.105938
vn -0.969734 0.062913 0.235921
vn -0.979347 -0.061162 0.192713
vn -0.988537 -0.116757 0.095723
vn -0.977431 0.161866 0.135750
vn -0.951940 0.269226 0.146043
vn -0.970125 0.089885 -0.225342
vn -0.968319 0.226760 -0.104582
vn -0.931033 -0.209670 -0.298692
vn -0.951521 -0.255273 -0.171593
vn -0.877809 -0.212995 -0.429052
vn -0.976492 -0.184112 -0.112101
vn -0.965641 -0.224030 -0.131711
vn -0.938129 -0.323149 -0.124457
vn -0.973677 -0.226053 0.029221
vn -0.980505 -0.048203 -0.190492
vn -0.879162 -0.476516 0.002478
vn -0.771476 -0.635938 -0.020209
vn -0.689548 -0.723619 -0.030002
vn -0.605638 -0.718721 -0.341530
vn -0.566801 -0.686220 -0.455893
vn -0.715828 -0.618200 -0.324683
vn -0.680302 -0.654691 -0.329499
vn -0.720962 -0.494256 -0.485720
vn -0.721819 -0.627977 -0.290899
vn -0.667094 -0.427770 -0.609916
vn -0.633391 -0.700824 -0.328118
vn -0.612398 -0.719355 -0.327867
vn -0.743310 -0.630941 -0.222270
vn -0.639393 -0.599655 -0.481239
vn -0.587108 -0.630961 -0.507141
vn -0.314853 -0.876517 -0.364124
vn -0.347930 -0.756518 -0.553738
vn -0.486828 -0.661204 -0.570796
vn -0.195051 -0.855990 -0.478786
vn -0.077443 -0.795320 -0.601223
vn -0.225875 -0.903153 -0.365096
vn -0.487497 -0.719381 -0.494810
vn -0.488286 -0.782819 -0.385709
vn -0.459338 -0.782822 -0.419759
vn -0.151026 -0.988245 0.023735
vn -0.008464 -0.999503 -0.030357
vn 0.015994 -0.997551 0.068095
vn 0.090620 -0.979006 0.182577
vn -0.063183 -0.986880 -0.148582
vn 0.195584 -0.980681 -0.003453
vn 0.203000 -0.979179 -0.000604
vn 0.512925 -0.852224 -0.103062
vn 0.005053 -0.953835 -0.300289
vn 0.169033 -0.979855 -0.106358
vn 0.201020 -0.934729 -0.293041
vn 0.426572 -0.878871 -0.213596
vn 0.228446 -0.969510 -0.088678
vn 0.283389 -0.957846 -0.047135
vn 0.491271 -0.859922 -0.138519
vn 0.433711 -0.893654 -0.115225
vn 0.276277 -0.700366 0.658148
vn 0.221921 -0.928962 0.296279
vn 0.142581 -0.980296 -0.136711
vn 0.479604 -0.874879 0.067578
vn 0.322020 -0.834665 0.446809
vn -0.098352 -0.993758 -0.052650
vn 0.444287 -0.858854 -0.254908
vn 0.562634 -0.826319 0.025282
vn 0.518535 -0.707881 0.479610
vn 0.687569 -0.699644 -0.194286
vn 0.486513 -0.847600 -0.211848
vn 0.396968 -0.902373 0.167747
vn 0.808830 -0.493703 0.319456
vn 0.558545 -0.683765 0.469568
vn 0.809045 -0.586652 -0.035854
vn 0.716083 -0.599655 0.357265
vn 0.595479 -0.520220 0.612190
vn 0.813159 -0.304667 0.495933
vn 0.718519 -0.373470 0.586729
vn 0.832351 -0.189249 0.520938
vn 0.855395 -0.089801 0.510133
vn 0.876455 -0.154110 0.456154
vn 0.778523 -0.512406 0.362412
vn 0.821777 -0.457380 0.339831
vn 0.805481 -0.516725 0.290164
vn 0.838563 -0.188130 0.511292
vn 0.823269 -0.279400 0.494130
vn 0.791909 0.014445 0.610469
vn 0.784830 0.026774 0.619133
vn 0.917643 -0.174108 0.357235
vn 0.815939 0.221693 0.533943
vn 0.747698 0.236622 0.620450
vn 0.843674 -0.072262 0.531970
vn 0.716059 -0.129182 0.685982
vn 0.649075 -0.267285 0.712223
vn 0.469222 0.003362 0.883074
vn 0.512168 0.037126 0.858082
vn 0.747678 0.151458 0.646559
vn 0.785743 0.044844 0.616926
vn 0.533868 0.105249 0.838992
vn 0.714621 -0.046041 0.697996
vn 0.383025 -0.019341 0.923535
vn 0.608318 -0.096572 0.787796
vn 0.457267 -0.428593 0.779240
vn 0.710622 -0.390446 0.585293
vn 0.279391 -0.387762 0.878397
vn 0.296406 -0.512812 0.805709
vn 0.132085 -0.399395 0.907214
vn 0.218910 -0.743054 0.632415
vn 0.458170 -0.741915 0.489533
vn 0.180581 -0.334030 0.925103
vn 0.408194 -0.668174 0.622030
vn 0.196374 -0.784358 0.588404
vn -0.060750 -0.700710 0.710855
vn -0.116443 -0.477661 0.870793
vn 0.194306 -0.422681 0.885204
vn -0.049615 -0.536616 0.842367
vn -0.014717 -0.740108 0.672327
vn -0.213663 -0.616776 0.757585
vn 0.034163 -0.342533 0.938884
vn -0.174961 -0.804353 0.567807
vn 0.007282 -0.830958 0.556287
vn -0.113854 -0.616954 0.778720
vn -0.292225 -0.417630 0.860343
vn 0.290833 -0.612581 0.734957
vn 0.129135 -0.305307 0.943457
vn -0.008492 -0.915104 0.403128
vn -0.326262 -0.561910 0.760138
vn 0.111942 -0.298446 0.947839
vn -0.409776 -0.738997 0.534758
vn -0.482740 -0.423952 0.766308
vn -0.288986 -0.431674 0.854485
vn -0.310907 -0.090153 0.946155
vn -0.559143 -0.121542 0.820114
vn -0.721088 -0.343362 0.601776
vn -0.692267 -0.599001 0.402447
vn -0.509143 -0.635184 0.580787
vn -0.687387 -0.517688 0.509410
vn -0.564673 -0.511427 0.647756
vn -0.626989 -0.262343 0.733526
vn -0.567222 -0.302782 0.765886
vn -0.234873 -0.498176 0.834659
vn -0.615707 -0.232167 0.752996
vn -0.073882 -0.424938 0.902202
vn -0.277358 -0.116163 0.953718
vn -0.032725 0.063379 0.997453
vn -0.315073 -0.106879 0.943030
vn -0.712257 -0.006721 0.701887
vn -0.401806 -0.079186 0.912295
vn -0.691230 0.120211 0.712567
vn -0.577644 0.156930 0.801062
vn -0.059126 -0.326966 0.943185
vn 0.053303 0.374991 0.925495
vn -0.260638 0.277234 0.924775
vn -0.288800 0.253680 0.923169
vn -0.266527 0.157069 0.950943
vn -0.280600 0.277844 0.918731
vn -0.440418 0.184179 0.878698
vn -0.087649 0.086857 0.992358
vn -0.218104 0.163497 0.962133
vn -0.289509 0.181760 0.939760
vn -0.222745 0.283440 0.932763
vn -0.101951 0.306230 0.946483
vn 0.057906 0.200807 0.977918
vn 0.032729 0.186478 0.981914
vn -0.035248 0.576749 0.816161
vn -0.152720 0.323721 0.933746
vn -0.172775 0.499334 0.849008
vn -0.202781 0.615625 0.761502
vn -0.151131 0.468756 0.870303
vn -0.275660 0.546778 0.790598
vn -0.477024 0.620476 0.622460
vn -0.612342 0.367403 0.700037
vn -0.358209 0.650227 0.669994
vn -0.480244 0.734520 0.479422
vn -0.552005 0.705916 0.443817
vn -0.511987 0.784039 0.350930
vn -0.579626 0.735088 0.351681
vn -0.584557 0.571923 0.575497
vn -0.533887 0.814070 0.228591
vn -0.560898 0.710099 0.425621
vn -0.641807 0.641256 0.420564
vn -0.644235 0.620058 0.447760
vn -0.757437 0.545391 0.358941
vn -0.772904 0.597135 0.214590
vn -0.859149 0.441559 0.258628
vn -0.490758 0.773463 0.401138
vn -0.760462 0.471643 0.446374
vn -0.629906 0.774742 -0.054704
vn -0.959228 0.212277 -0.186604
vn -0.939808 -0.143570 -0.310078
vn -0.825901 0.563375 0.022285
vn -0.981972 0.136731 0.130524
vn -0.958385 -0.087815 0.271638
vn -0.948493 0.043853 -0.313748
vn -0.976822 0.183553 -0.110122
vn -0.986435 0.160565 0.034132
vn -0.988939 0.038211 -0.143314
vn -0.973004 0.226269 0.045461
vn -0.960438 0.277123 -0.027608
vn -0.994141 0.005055 -0.107969
vn -0.942801 -0.092327 -0.320317
vn -0.973836 -0.012592 -0.226905
vn -0.953761 -0.053043 -0.295849
vn -0.920107 -0.115499 -0.374250
vn -0.954435 -0.128654 -0.269262
vn -0.821396 -0.113130 -0.559026
vn -0.872593 -0.254571 -0.416864
vn -0.765184 -0.407861 -0.498138
vn -0.672504 -0.312818 -0.670734
vn -0.617910 -0.669515 -0.412233
vn -0.824552 -0.495857 -0.272468
vn -0.823618 -0.306988 -0.476878
vn -0.741659 -0.632433 -0.223539
vn -0.717466 -0.671632 -0.184803
vn -0.810603 -0.337191 -0.478774
vn -0.679922 -0.695886 -0.231190
vn -0.589569 -0.758954 -0.276400
vn -0.586012 -0.692252 -0.421162
vn -0.705516 -0.682279 -0.191683
vn -0.641976 -0.534325 -0.549877
vn -0.567032 -0.665830 -0.484918
vn -0.460808 -0.829782 -0.314830
vn -0.495835 -0.710797 -0.498915
vn -0.450365 -0.808341 -0.379151
vn -0.518132 -0.819649 -0.244364
vn -0.680845 -0.599339 -0.421003
vn -0.530466 -0.837289 -0.132489
vn -0.215029 -0.953943 -0.209178
vn -0.187033 -0.939384 -0.287362
vn -0.107494 -0.867999 -0.484792
vn -0.558933 -0.740851 -0.372470
vn -0.080493 -0.836786 -0.541582
vn -0.187040 -0.730171 -0.657166
vn -0.458863 -0.766807 -0.448834
vn -0.132101 -0.698762 -0.703051
vn -0.007045 -0.604139 -0.796848
vn -0.144778 -0.800390 -0.581734
vn 0.164778 -0.684789 -0.709867
vn 0.398348 -0.811548 -0.427445
vn 0.427529 -0.798886 -0.423084
vn 0.135211 -0.884760 -0.446002
vn 0.367463 -0.891184 -0.266012
vn 0.151487 -0.934212 -0.322954
vn 0.010155 -0.942041 -0.335344
vn 0.166702 -0.924462 -0.342901
vn 0.126590 -0.990061 0.061267
vn 0.226410 -0.821315 -0.523622
vn 0.496399 -0.865293 -0.069685
vn 0.457406 -0.888543 -0.035634
vn 0.717391 -0.688167 -0.108518
vn 0.053268 -0.973252 -0.223478
vn -0.154749 -0.951733 -0.265061
vn 0.055593 -0.882278 -0.467434
vn 0.549938 -0.803550 0.227763
vn 0.641193 -0.742625 -0.193338
vn 0.765414 -0.485631 0.422260
vn 0.862261 -0.398075 0.313117
vn 0.785325 -0.573055 0.234248
vn 0.602419 -0.793196 -0.089053
vn 0.319839 -0.917170 -0.237703
vn 0.653524 -0.741813 -0.150399
vn 0.749523 -0.594441 -0.291299
vn 0.940339 -0.334802 0.060580
vn 0.802651 -0.571056 0.172181
vn 0.899930 -0.349775 0.260351
vn 0.856159 -0.503541 0.115923
vn 0.807334 -0.585012 0.077277
vn 0.891472 -0.453032 0.006360
vn 0.842933 -0.272369 0.463981
vn 0.906476 0.084959 0.413621
vn 0.870526 -0.221249 0.439583
vn 0.911363 -0.303280 0.278278
vn 0.810671 -0.052864 0.583110
vn 0.844198 -0.129559 0.520138
vn 0.965904 -0.140031 0.217763
vn 0.974080 -0.009895 0.225987
vn 0.946218 -0.019371 0.322950
vn 0.868048 0.017342 0.496178
vn 0.782329 -0.469303 0.409532
vn 0.894043 -0.175010 0.412381
vn 0.794313 -0.205873 0.571562
vn 0.564284 -0.067946 0.822780
vn 0.631113 0.286298 0.720923
vn 0.723398 0.164903 0.670449
vn 0.902462 0.033411 0.429472
vn 0.708298 0.172064 0.684622
vn 0.454238 0.185634 0.871325
vn 0.549261 0.269106 0.791135
vn 0.448034 0.143466 0.882430
vn 0.699453 0.183463 0.690729
vn 0.845163 0.183619 0.501980
vn 0.723139 0.243519 0.646350
vn 0.538297 0.490351 0.685414
vn 0.829655 0.179150 0.528751
vn 0.469252 -0.273170 0.839750
vn 0.394631 -0.090356 0.914386
vn 0.483003 -0.085039 0.871479
vn 0.610867 0.028171 0.791232
vn 0.512567 -0.040311 0.857700
vn 0.734584 0.191241 0.651009
vn 0.791203 -0.001534 0.611552
vn 0.503147 -0.390990 0.770695
vn 0.532159 -0.612205 0.584818
vn 0.254724 -0.499225 0.828185
vn 0.523846 -0.544810 0.654803
vn 0.419863 -0.599002 0.681844
vn 0.284309 -0.427309 0.858240
vn 0.390667 -0.366337 0.844498
vn 0.446639 -0.639048 0.626204
vn 0.525393 -0.509068 0.681771
vn 0.051665 -0.446947 0.893067
vn 0.081484 -0.380488 0.921189
vn 0.082728 -0.865166 0.494614
vn -0.173846 -0.428474 0.886672
vn 0.391515 -0.485030 0.781960
vn 0.178722 -0.752434 0.633957
vn -0.027166 -0.841960 0.538856
vn 0.366614 -0.334723 0.868076
vn -0.162765 -0.582647 0.796260
vn -0.484711 -0.446980 0.751840
vn -0.288290 -0.317147 0.903497
vn -0.195954 -0.696258 0.690527
vn -0.168053 -0.539325 0.825158
vn -0.050124 -0.803616 0.593033
vn -0.022223 -0.700223 0.713579
vn 0.295899 -0.400627 0.867146
vn -0.134947 -0.530643 0.836784
vn -0.198090 -0.302023 0.932493
vn -0.271750 -0.502381 0.820832
vn -0.293470 -0.670815 0.681090
vn -0.493239 -0.528182 0.691187
vn -0.387203 -0.487025 0.782867
vn -0.511362 -0.645078 0.567788
vn -0.563669 -0.281117 0.776692
vn -0.537945 -0.475012 0.696404
vn -0.629374 -0.134497 0.765375
vn -0.587637 -0.284407 0.757493
vn -0.221591 0.165204 0.961044
vn -0.377154 0.221808 0.899197
vn -0.159718 0.212896 0.963932
vn -0.108232 -0.224905 0.968351
vn -0.316619 -0.175926 0.932096
vn 0.190545 -0.089536 0.977587
vn -0.586688 0.039534 0.808847
vn -0.610996 -0.301548 0.731951
vn -0.452348 0.000798 0.891841
vn -0.392685 0.410257 0.823097
vn -0.248741 0.359117 0.899535
vn -0.163437 0.441042 0.882480
vn -0.245697 0.006565 0.969324
vn -0.174837 -0.008314 0.984562
vn -0.323068 0.280472 0.903860
vn -0.336154 0.070082 0.939196
vn -0.397051 0.277424 0.874863
vn -0.208540 0.466954 0.859340
vn -0.607002 0.281331 0.743237
vn -0.153930 0.690344 0.706916
vn -0.187693 0.404579 0.895035
vn -0.313651 0.440532 0.841163
vn -0.438606 0.456902 0.773864
vn -0.242840 0.606006 0.757486
vn -0.194828 0.370477 0.908179
vn -0.316183 0.603630 0.731887
vn -0.679286 0.285882 0.675901
vn -0.373190 0.196449 0.906718
vn -0.675254 0.456600 0.579265
vn -0.740814 0.603329 0.295277
vn -0.373262 0.863152 0.340065
vn -0.514971 0.565197 0.644482
vn -0.443117 0.805982 0.392479
vn -0.603193 0.617222 0.505169
vn -0.387432 0.743893 0.544537
vn -0.493953 0.634146 0.594869
vn -0.406506 0.747835 0.524878
vn -0.620497 0.513147 0.593012
vn -0.686144 0.534926 0.493012
vn -0.499879 0.465238 0.730531
vn -0.848806 0.160546 0.503740
vn -0.810986 0.532356 0.242690
vn -0.848864 0.520141 0.094248
vn -0.802593 0.572725 -0.166826
vn -0.915200 0.158169 -0.370663
vn -0.914724 0.398196 0.068701
vn -0.901914 0.375147 -0.214046
vn -0.797290 0.535526 -0.278461
vn -0.914223 0.283790 -0.289238
vn -0.913313 0.407257 0.001444
vn -0.982425 0.174544 -0.066153
vn -0.975198 0.184020 -0.122984
vn -0.986260 -0.081908 -0.143464
vn -0.947204 0.317519 -0.044578
vn -0.938315 0.331441 -0.098550
vn -0.941634 0.289178 -0.172343
vn -0.927532 0.301104 -0.221408
vn -0.913776 0.153169 -0.376235
vn -0.947242 0.043681 -0.317530
vn -0.866278 -0.015134 -0.499333
vn -0.885599 -0.149228 -0.439825
vn -0.881042 -0.093904 -0.463623
vn -0.911566 -0.062562 -0.406367
vn -0.840700 -0.345961 -0.416575
vn -0.790020 -0.203330 -0.578382
vn -0.817295 -0.347646 -0.459534
vn -0.783572 -0.233382 -0.575801
vn -0.758877 -0.371709 -0.534732
vn -0.763476 -0.187820 -0.617922
vn -0.623919 -0.297016 -0.722846
vn -0.710087 -0.308387 -0.632988
vn -0.657146 -0.367620 -0.658039
vn -0.656552 -0.139830 -0.741206
vn -0.579407 -0.355169 -0.733582
vn -0.626554 -0.614177 -0.479809
vn -0.437340 -0.590765 -0.678034
vn -0.680498 -0.193640 -0.706701
vn -0.443666 -0.773024 -0.453425
vn -0.515632 -0.577428 -0.633009
vn -0.396620 -0.667541 -0.630145
vn -0.719672 -0.442959 -0.534658
vn -0.446904 -0.526888 -0.722957
vn -0.312277 -0.489691 -0.814055
vn -0.217223 -0.655213 -0.723540
vn -0.061815 -0.577687 -0.813915
vn -0.284220 -0.654640 -0.700475
vn 0.223179 -0.780402 -0.584092
vn 0.112097 -0.808311 -0.577985
vn -0.179492 -0.902828 -0.390749
vn -0.160494 -0.784639 -0.598819
vn -0.210078 -0.832112 -0.513281
vn -0.055326 -0.848844 -0.525741
vn -0.252105 -0.804272 -0.538135
vn -0.100714 -0.720270 -0.686343
vn -0.202301 -0.789769 -0.579084
vn -0.050751 -0.847039 -0.529103
vn -0.222325 -0.659537 -0.718041
vn 0.216295 -0.921313 -0.323109
vn 0.380380 -0.850051 -0.364313
vn 0.312360 -0.804004 -0.505974
vn 0.283253 -0.860038 -0.424385
vn 0.083280 -0.922750 -0.376294
vn 0.068292 -0.912322 -0.403738
vn 0.260137 -0.825905 -0.500210
vn 0.382067 -0.851110 -0.360050
vn 0.443076 -0.868308 -0.222992
vn 0.470659 -0.759927 -0.448319
vn 0.289134 -0.753158 -0.590894
vn 0.627335 -0.743425 -0.231885
vn 0.476047 -0.776625 -0.412593
vn 0.703460 -0.678021 -0.213147
vn 0.380092 -0.552176 -0.742045
vn 0.284306 -0.690132 -0.665498
vn 0.675701 -0.278961 -0.682355
vn 0.687469 -0.430758 -0.584666
vn 0.892070 -0.432922 -0.129575
vn 0.965104 -0.167629 -0.201181
vn 0.719059 -0.142010 -0.680284
vn 0.884316 -0.463208 0.058517
vn 0.797763 -0.565143 -0.210210
vn 0.778295 -0.618051 -0.110774
vn 0.821548 -0.568707 -0.040397
vn 0.758731 -0.614958 -0.214835
vn 0.820599 -0.394179 0.413811
vn 0.608812 -0.776828 0.160894
vn 0.715896 -0.508443 0.478517
vn 0.494331 -0.712837 0.497495
vn 0.572065 -0.702465 0.423420
vn 0.781259 -0.311415 0.540976
vn 0.713296 -0.487484 0.503556
vn 0.937353 0.204572 0.281994
vn 0.959328 0.174149 0.222174
vn 0.970336 -0.151433 0.188455
vn 0.938092 -0.345391 0.026228
vn 0.981736 -0.077675 0.173668
vn 0.915703 -0.390443 0.095095
vn 0.801863 -0.180143 0.569706
vn 0.821581 -0.200094 0.533823
vn 0.799601 0.056553 0.597863
vn 0.812944 0.011775 0.582223
vn 0.928825 -0.246095 0.276986
vn 0.876217 0.446114 0.182277
vn 0.892046 0.368995 0.260955
vn 0.887140 0.449947 0.102619
vn 0.616364 0.516139 0.594724
vn 0.382334 0.617773 0.687152
vn 0.798689 0.265917 0.539800
vn 0.699487 0.676509 0.230334
vn 0.659045 0.515466 0.547681
vn 0.719665 0.485712 0.496151
vn 0.694055 0.425078 0.581031
vn 0.435602 0.425312 0.793323
vn 0.643791 0.207538 0.736519
vn 0.829673 0.005467 0.558223
vn 0.714372 0.060112 0.697180
vn 0.628794 0.125525 0.767373
vn 0.546938 0.171718 0.819373
vn 0.525283 0.051815 0.849349
vn 0.501464 0.132513 0.854970
vn 0.297392 0.410355 0.862071
vn 0.395623 0.109424 0.911871
vn 0.224527 0.114143 0.967760
vn 0.342367 0.028034 0.939148
vn 0.551507 0.128829 0.824162
vn 0.446595 0.084565 0.890731
vn 0.571518 0.044635 0.819375
vn 0.234501 0.330059 0.914369
vn 0.605100 0.338855 0.720438
vn 0.211254 0.355417 0.910522
vn 0.496247 -0.055122 0.866430
vn 0.008729 -0.019775 0.999766
vn 0.116043 -0.312658 0.942751
vn -0.016866 -0.295190 0.955290
vn 0.359684 -0.623758 0.693940
vn 0.132330 -0.386424 0.912779
vn 0.086749 0.062220 0.994285
vn 0.356964 -0.030165 0.933631
vn -0.020083 -0.177638 0.983891
vn 0.315040 -0.487277 0.814439
vn 0.324570 -0.250230 0.912162
vn -0.159620 -0.793220 0.587642
vn 0.120229 -0.509073 0.852285
vn -0.183779 -0.469480 0.863605
vn -0.467249 -0.538006 0.701589
vn -0.087645 0.028837 0.995734
vn -0.001398 -0.308784 0.951131
vn -0.086794 -0.697948 0.710870
vn -0.203622 -0.257436 0.944598
vn 0.029476 -0.550325 0.834430
vn -0.266189 -0.443736 0.855711
vn -0.170374 -0.596248 0.784513
vn 0.228011 -0.432609 0.872273
vn -0.198642 -0.595807 0.778175
vn -0.355296 -0.753294 0.553456
vn -0.414552 -0.160213 0.895811
vn -0.005592 0.081878 0.996627
vn -0.255461 0.123782 0.958863
vn -0.189284 -0.104353 0.976362
vn -0.350297 -0.106510 0.930563
vn -0.457014 -0.247160 0.854430
vn -0.123617 -0.066604 0.990092
vn -0.049922 -0.207558 0.976948
vn 0.190763 -0.005680 0.981620
vn 0.231854 -0.026092 0.972401
vn -0.110847 0.369783 0.922482
vn 0.056386 0.512827 0.856638
vn -0.186483 0.672193 0.716506
vn -0.281859 0.249297 0.926502
vn -0.274828 0.018711 0.961311
vn -0.346008 -0.114711 0.931193
vn -0.568930 0.260623 0.779996
vn -0.089446 -0.092941 0.991646
vn -0.564348 0.299222 0.769401
vn -0.467234 0.254967 0.846572
vn -0.414782 0.289184 0.862745
vn -0.384936 0.275389 0.880900
vn -0.453483 0.750088 0.481374
vn 0.036066 0.726366 0.686361
vn -0.187355 0.555099 0.810409
vn -0.309513 0.440608 0.842654
vn -0.240291 0.284135 0.928185
vn 0.002464 0.298636 0.954364
vn -0.076518 0.362231 0.928942
vn -0.094801 0.173543 0.980253
vn -0.125143 0.650288 0.749309
vn -0.550792 0.354483 0.755625
vn -0.547575 0.603156 0.579970
vn -0.076512 0.699028 0.710989
vn 0.034449 0.537104 0.842812
vn -0.078259 0.931079 0.356325
vn -0.330073 0.798833 0.502908
vn -0.342277 0.939586 -0.004950
vn -0.281753 0.920850 0.269537
vn -0.338031 0.744548 0.575659
vn -0.319475 0.813813 0.485431
vn -0.364416 0.793576 0.487276
vn -0.376718 0.815110 0.440090
vn -0.708373 0.595254 0.379315
vn -0.476959 0.648391 0.593379
vn -0.400287 0.486722 0.776448
vn -0.460493 0.539564 0.704852
vn -0.793708 0.403241 0.455438
vn -0.676158 0.651017 0.344945
vn -0.500607 0.652245 0.569183
vn -0.483581 0.824761 0.293118
vn -0.288550 0.876645 0.385011
vn -0.641600 0.655706 0.397993
vn -0.285487 0.950648 0.121510
vn -0.971495 0.234257 -0.036347
vn -0.920759 0.323423 -0.218174
vn -0.894901 0.414970 0.164171
vn -0.989078 0.144980 -0.026550
vn -0.953990 0.292930 -0.063986
vn -0.951904 0.144756 -0.270044
vn -0.778205 0.616452 0.119933
vn -0.939841 0.270788 0.208260
vn -0.677839 0.729025 -0.095170
vn -0.959622 0.238609 -0.148970
vn -0.843284 0.229803 -0.485863
vn -0.981655 0.157503 -0.107454
vn -0.977858 0.208022 -0.022802
vn -0.915279 0.355971 -0.188544
vn -0.873113 -0.091074 -0.478935
vn -0.882029 0.137746 -0.450612
vn -0.898794 0.100303 -0.426741
vn -0.953872 0.071511 -0.291573
vn -0.845031 -0.050745 -0.532305
vn -0.706369 0.043300 -0.706518
vn -0.697482 -0.113038 -0.707631
vn -0.731467 -0.172613 -0.659667
vn -0.720917 0.014243 -0.692875
vn -0.772947 0.082714 -0.629056
vn -0.855099 -0.088914 -0.510783
vn -0.761097 -0.044093 -0.647137
vn -0.745719 -0.371124 -0.553326
vn -0.725154 -0.306752 -0.616486
vn -0.758804 -0.295471 -0.580442
vn -0.771256 -0.302488 -0.560059
vn -0.611258 0.106833 -0.784188
vn -0.671787 -0.521245 -0.526314
vn -0.674418 -0.477223 -0.563399
vn -0.718222 -0.415088 -0.558443
vn -0.596716 -0.451934 -0.663088
vn -0.407889 -0.178647 -0.895384
vn -0.595581 -0.418472 -0.685685
vn -0.290938 -0.390586 -0.873383
vn -0.279957 -0.279815 -0.918329
vn -0.318051 -0.542630 -0.777429
vn -0.276089 -0.429281 -0.859937
vn -0.230532 -0.371962 -0.899166
vn -0.449135 -0.557992 -0.697799
vn -0.222941 -0.268450 -0.937140
vn -0.407340 -0.324727 -0.853596
vn -0.423665 -0.741330 -0.520517
vn 0.055798 -0.021907 -0.998202
vn 0.121460 -0.511523 -0.850642
vn 0.172123 -0.875293 -0.451924
vn 0.439091 -0.269424 -0.857094
vn 0.365102 -0.458583 -0.810186
vn 0.045553 -0.705513 -0.707231
vn 0.058280 -0.451202 -0.890517
vn 0.153920 -0.354106 -0.922452
vn -0.060756 -0.589870 -0.805209
vn 0.179075 -0.370390 -0.911451
vn 0.144558 -0.532527 -0.833977
vn 0.286732 -0.253416 -0.923886
vn 0.390002 -0.490927 -0.779031
vn 0.475741 -0.448574 -0.756605
vn 0.327072 -0.633263 -0.701428
vn 0.251602 -0.605575 -0.754967
vn 0.676708 -0.335172 -0.655534
vn 0.192322 -0.542448 -0.817779
vn 0.722355 -0.550821 -0.418090
vn 0.537246 -0.704012 -0.464472
vn 0.432796 -0.532692 -0.727274
vn 0.555707 -0.647723 -0.521196
vn 0.615451 -0.691201 -0.378762
vn 0.523062 -0.816185 -0.245455
vn 0.653288 -0.618750 -0.436306
vn 0.690729 -0.711146 -0.131014
vn 0.858189 -0.511978 0.037289
vn 0.796348 -0.550866 -0.249754
vn 0.662561 -0.492443 -0.564369
vn 0.588662 -0.761283 -0.271892
vn 0.674128 -0.685422 -0.275224
vn 0.682980 -0.689015 -0.242482
vn 0.696050 -0.708715 -0.115050
vn 0.908887 -0.359285 -0.211752
vn 0.889104 -0.434555 0.143725
vn 0.648957 -0.733037 -0.203742
vn 0.439867 -0.754821 -0.486583
vn 0.546324 -0.819975 -0.170796
vn 0.885254 -0.409814 -0.219948
vn 0.958140 -0.270809 0.092902
vn 0.950257 0.058413 0.305940
vn 0.958908 -0.010814 0.283512
vn 0.941437 0.140802 0.306383
vn 0.944051 -0.010489 0.329632
vn 0.952400 -0.168950 0.253750
vn 0.990030 0.035589 0.136289
vn 0.981127 -0.193359 -0.001357
vn 0.902238 -0.394849 -0.173380
vn 0.756291 0.201346 0.622481
vn 0.879030 0.295989 0.373762
vn 0.970049 -0.173021 0.170494
vn 0.972927 0.185459 -0.137907
vn 0.966760 0.255306 0.013897
vn 0.833245 0.534034 -0.143214
vn 0.880731 0.467608 0.075204
vn 0.946867 0.313191 -0.073172
vn 0.876652 0.300694 0.375585
vn 0.809238 0.407734 0.422951
vn 0.394300 0.462162 0.794314
vn 0.664027 0.530432 0.526982
vn 0.717812 0.028390 0.695658
vn 0.458122 0.376034 0.805433
vn 0.878934 -0.147111 0.453688
vn 0.808318 0.051189 0.586516
vn 0.896093 0.177808 0.406695
vn 0.728775 0.400504 0.555414
vn 0.774408 0.126931 0.619823
vn 0.624535 0.143087 0.767778
vn 0.370057 0.083921 0.925211
vn 0.462782 0.183897 0.867188
vn 0.564373 0.381231 0.732220
vn 0.446518 0.381979 0.809144
vn 0.363237 0.452703 0.814321
vn 0.446710 0.249339 0.859232
vn 0.752594 0.102091 0.650523
vn 0.413312 0.312182 0.855404
vn 0.565380 0.143292 0.812288
vn -0.005415 0.026513 0.999634
vn 0.483607 -0.108618 0.868520
vn 0.229146 0.220575 0.948071
vn 0.463429 -0.028480 0.885676
vn 0.212277 -0.141590 0.966897
vn -0.242335 -0.033979 0.969598
vn 0.014968 -0.035102 0.999272
vn 0.365759 -0.194837 0.910087
vn -0.194129 -0.167578 0.966557
vn 0.237231 -0.197365 0.951193
vn -0.008700 -0.213275 0.976953
vn -0.067806 -0.054450 0.996212
vn 0.153182 -0.017614 0.988041
vn 0.252718 0.135708 0.957975
vn 0.270120 -0.219158 0.937553
vn -0.089949 -0.138324 0.986294
vn -0.177086 0.126835 0.975988
vn -0.428358 -0.142058 0.892373
vn -0.040751 0.031116 0.998685
vn 0.258629 -0.289124 0.921693
vn -0.067129 -0.277233 0.958455
vn -0.010281 -0.272999 0.961959
vn 0.004984 -0.123724 0.992304
vn 0.239770 -0.134154 0.961516
vn -0.010864 -0.232737 0.972479
vn 0.296994 -0.211647 0.931129
vn -0.162406 -0.284001 0.944970
vn -0.081247 0.085865 0.992988
vn -0.169486 0.117244 0.978534
vn -0.163194 0.074343 0.983789
vn 0.135290 0.041602 0.989932
vn -0.294878 0.082177 0.951995
vn -0.080686 0.346901 0.934425
vn -0.045236 0.212766 0.976055
vn -0.130745 0.293918 0.946846
vn 0.020940 -0.216814 0.975988
vn 0.309760 -0.115723 0.943746
vn -0.126300 0.210253 0.969454
vn 0.122758 0.001908 0.992435
vn 0.245268 0.333831 0.910165
vn 0.358859 0.732421 0.578601
vn 0.137621 0.644098 0.752461
vn 0.110415 0.594955 0.796139
vn -0.003339 0.452299 0.891860
vn 0.297301 0.309399 0.903263
vn 0.067138 0.490947 0.868598
vn 0.038735 0.231290 0.972113
vn 0.148972 0.449215 0.880916
vn -0.198439 0.557554 0.806074
vn 0.220773 0.497479 0.838912
vn 0.015400 0.807708 0.589381
vn 0.113430 0.641585 0.758619
vn 0.267613 0.798515 0.539218
vn -0.101620 0.857946 0.503589
vn -0.064418 0.679806 0.730557
vn 0.071878 0.680072 0.729613
vn -0.470320 0.852531 0.228012
vn 0.017281 0.882115 0.470718
vn -0.341621 0.801290 0.491151
vn -0.147372 0.777521 0.611345
vn -0.306818 0.566346 0.764928
vn -0.384795 0.683531 0.620256
vn -0.032858 0.917388 0.396635
vn -0.151804 0.896605 0.415999
vn -0.420482 0.826306 0.374719
vn -0.422616 0.794834 0.435471
vn -0.543997 0.700835 0.461408
vn -0.367829 0.853816 0.368374
vn -0.274531 0.860210 0.429734
vn -0.043525 0.700659 0.712168
vn -0.087544 0.892299 0.442874
vn -0.181793 0.891106 0.415790
vn -0.807792 0.586225 -0.061738
vn -0.544850 0.823029 -0.160505
vn -0.793122 0.604304 -0.075985
vn -0.678299 0.716108 0.164620
vn -0.626637 0.763444 0.156462
vn -0.324539 0.928215 0.181910
vn -0.603336 0.796647 -0.036600
vn -0.342906 0.939063 -0.024018
vn -0.688953 0.580008 -0.434665
vn -0.716192 0.697852 -0.008470
vn -0.550567 0.807251 -0.212655
vn -0.750468 0.617489 -0.235596
vn -0.745311 0.330849 -0.578835
vn -0.857933 0.373213 -0.353075
vn -0.781980 0.594665 -0.186764
vn -0.645280 0.731572 -0.220039
vn -0.703011 0.589894 -0.397243
vn -0.811783 0.423782 -0.401768
vn -0.744045 0.541631 -0.391194
vn -0.721920 0.547941 -0.422602
vn -0.625574 0.286642 -0.725599
vn -0.635954 0.444492 -0.630864
vn -0.773834 0.392093 -0.497438
vn -0.522353 0.269835 -0.808911
vn -0.628706 0.008457 -0.777597
vn -0.800483 0.135222 -0.583903
vn -0.720423 0.188840 -0.667331
vn -0.791927 0.045823 -0.608894
vn -0.798622 -0.034758 -0.600828
vn -0.689598 -0.027664 -0.723663
vn -0.723165 -0.227512 -0.652128
vn -0.767864 -0.106666 -0.631670
vn -0.566332 -0.046306 -0.822875
vn -0.493835 0.014793 -0.869430
vn -0.738439 -0.369488 -0.564080
vn -0.490855 -0.241603 -0.837072
vn -0.471250 -0.141866 -0.870516
vn -0.352477 -0.126282 -0.927261
vn -0.347295 -0.184329 -0.919461
vn -0.382735 -0.147161 -0.912062
vn -0.359962 -0.321026 -0.875996
vn -0.446536 -0.141492 -0.883508
vn -0.209026 -0.451140 -0.867630
vn -0.107482 -0.519677 -0.847575
vn 0.068158 -0.263265 -0.962313
vn -0.075209 -0.619879 -0.781085
vn 0.112253 -0.315359 -0.942310
vn -0.065866 -0.547829 -0.833993
vn 0.148207 -0.668499 -0.728796
vn 0.248793 -0.552207 -0.795719
vn 0.105371 -0.626560 -0.772217
vn -0.161880 -0.590733 -0.790461
vn 0.012840 -0.457065 -0.889341
vn 0.209045 -0.775886 -0.595232
vn 0.163842 -0.606286 -0.778186
vn 0.215714 -0.592184 -0.776393
vn 0.030339 -0.649467 -0.759784
vn 0.099597 -0.527631 -0.843615
vn 0.230635 -0.707063 -0.668483
vn 0.129691 -0.843769 -0.520802
vn 0.011749 -0.810951 -0.584996
vn 0.108963 -0.707951 -0.697806
vn 0.378453 -0.787266 -0.486812
vn 0.310949 -0.795946 -0.519404
vn 0.614546 -0.609123 -0.501301
vn 0.554775 -0.694908 -0.457522
vn 0.672446 -0.560675 -0.483177
vn 0.529211 -0.541211 -0.653473
vn 0.798082 -0.348176 -0.491772
vn 0.700675 -0.528099 -0.479755
vn 0.898374 -0.394531 -0.193051
vn 0.732292 -0.587895 -0.343698
vn 0.626668 -0.628810 -0.460309
vn 0.456339 -0.809032 -0.370435
vn 0.550698 -0.397427 -0.734019
vn 0.703758 -0.649724 -0.287373
vn 0.720446 -0.692859 -0.030070
vn 0.891512 -0.310819 -0.329543
vn 0.731211 -0.608063 -0.309176
vn 0.707372 -0.519765 -0.479030
vn 0.914407 -0.404396 -0.017985
vn 0.994142 -0.060970 0.089248
vn 0.872657 -0.267212 -0.408738
vn 0.614861 -0.527693 -0.586077
vn 0.729414 -0.028537 -0.683477
vn 0.997722 0.026972 -0.061832
vn 0.915499 0.153543 -0.371868
vn 0.997501 0.036078 0.060747
vn 0.987980 0.002487 0.154565
vn 0.929206 -0.236693 0.283816
vn 0.980744 -0.022533 0.193992
vn 0.928792 -0.330907 -0.166870
vn 0.931879 -0.315969 -0.178229
vn 0.984125 0.056897 0.168107
vn 0.947025 0.187448 0.260780
vn 0.822849 0.368563 0.432529
vn 0.929532 0.363434 0.062343
vn 0.890434 0.378613 0.252545
vn 0.928812 0.365365 0.061782
vn 0.953190 0.196698 0.229651
vn 0.901382 0.346317 0.259952
vn 0.818454 0.352984 0.453359
vn 0.766949 0.596327 0.237031
vn 0.820152 0.408738 0.400354
vn 0.817764 0.375985 0.435771
vn 0.699234 0.552961 0.453108
vn 0.818943 0.387948 0.422882
vn 0.658872 0.587569 0.469734
vn 0.757767 0.501827 0.417084
vn 0.803552 0.214362 0.555295
vn 0.568389 0.338973 0.749688
vn 0.241107 0.640764 0.728896
vn 0.494247 0.576428 0.650731
vn 0.430945 0.171187 0.885991
vn 0.330404 0.242683 0.912107
vn 0.285937 0.236778 0.928534
vn 0.324753 0.370238 0.870321
vn 0.537707 0.473967 0.697299
vn 0.501749 0.430360 0.750359
vn 0.407058 0.172824 0.896903
vn 0.608991 0.293195 0.736999
vn 0.580590 0.236670 0.779039
vn 0.257333 0.102902 0.960828
vn 0.344451 -0.052504 0.937335
vn 0.329051 0.264308 0.906569
vn -0.052237 0.077672 0.995610
vn 0.329644 0.109155 0.937774
vn 0.429882 -0.053064 0.901325
vn 0.352752 -0.116574 0.928427
vn 0.271978 0.048062 0.961102
vn 0.294018 -0.365345 0.883219
vn 0.311525 -0.441130 0.841639
vn 0.224749 -0.531957 0.816401
vn 0.156826 -0.375243 0.913564
vn 0.044527 -0.271965 0.961276
vn 0.084295 -0.346814 0.934138
vn -0.013423 -0.433498 0.901055
vn 0.025467 -0.355394 0.934370
vn -0.060827 -0.072985 0.995476
vn -0.125440 0.022376 0.991849
vn -0.277596 0.092006 0.956282
vn -0.064957 0.223813 0.972465
vn -0.227332 0.151543 0.961954
vn -0.109853 0.001392 0.993947
vn -0.125574 0.030830 0.991605
vn -0.211162 0.220363 0.952287
vn -0.105851 -0.028986 0.993959
vn -0.150414 0.194097 0.969382
vn 0.080678 0.228875 0.970107
vn 0.008982 0.013142 0.999873
vn 0.228656 0.235154 0.944679
vn 0.152884 0.233065 0.960368
vn 0.286428 0.365237 0.885754
vn 0.236975 0.560190 0.793744
vn -0.034680 0.560430 0.827475
vn 0.051933 0.575715 0.816000
vn 0.231331 0.369523 0.899966
vn 0.193932 0.636109 0.746830
vn 0.133179 0.456959 0.879461
vn 0.259842 0.550364 0.793462
vn 0.362478 0.287930 0.886401
vn 0.090771 0.212951 0.972837
vn 0.532780 0.510065 0.675262
vn -0.047711 0.843923 0.534338
vn 0.078312 0.871846 0.483478
vn 0.287740 0.608722 0.739367
vn 0.301584 0.691058 0.656875
vn 0.040524 0.670056 0.741203
vn -0.090692 0.734956 0.672022
vn -0.024364 0.813731 0.580731
vn -0.283824 0.883549 0.372538
vn -0.202740 0.883212 0.422886
vn -0.276133 0.854397 0.440179
vn -0.296805 0.886770 0.354323
vn -0.207174 0.928135 0.309266
vn -0.081854 0.940538 0.329678
vn 0.007387 0.861533 0.507648
vn 0.001644 0.910048 0.414499
vn -0.365333 0.823464 0.434096
vn -0.407226 0.813693 0.414813
vn -0.076026 0.887849 0.453810
vn -0.454423 0.716459 0.529327
vn -0.448137 0.792595 0.413481
vn -0.639461 0.765278 0.073750
vn -0.324448 0.914889 0.240234
vn -0.184834 0.974074 0.130449
vn -0.400488 0.902874 -0.156290
vn -0.614879 0.784065 0.084654
vn -0.542800 0.773059 0.328251
vn -0.649567 0.751249 0.116997
vn -0.430854 0.890130 0.148434
vn -0.567223 0.806181 -0.168317
vn -0.294745 0.926999 -0.231944
vn -0.408488 0.761939 -0.502580
vn -0.623448 0.781083 -0.034952
vn -0.674739 0.549012 -0.493268
vn -0.760664 0.507689 -0.404528
vn -0.768388 0.593196 -0.240206
vn -0.786003 0.574165 -0.229204
vn -0.753840 0.456743 -0.472347
vn -0.814812 0.485867 -0.316251
vn -0.716156 0.295774 -0.632169
vn -0.797810 0.394291 -0.456107
vn -0.769679 0.325466 -0.549242
vn -0.740495 0.201095 -0.641271
vn -0.845913 0.329744 -0.419167
vn -0.750757 0.211939 -0.625656
vn -0.529511 0.290706 -0.796937
vn -0.559182 0.116964 -0.820753
vn -0.598943 0.410193 -0.687757
vn -0.396646 0.528927 -0.750272
vn -0.566253 0.164715 -0.807605
vn -0.349292 0.323181 -0.879516
vn -0.458787 0.426740 -0.779363
vn -0.509439 -0.074057 -0.857314
vn -0.229416 -0.061213 -0.971402
vn -0.268843 0.268336 -0.925051
vn -0.166099 0.221356 -0.960944
vn -0.560124 0.099975 -0.822354
vn -0.278814 -0.007383 -0.960317
vn -0.268467 -0.244941 -0.931627
vn -0.137220 -0.294709 -0.945684
vn -0.566218 0.046781 -0.822927
vn -0.369755 -0.348486 -0.861301
vn -0.220311 0.037789 -0.974697
vn -0.309394 -0.306864 -0.900061
vn -0.310373 -0.556664 -0.770580
vn -0.135240 -0.108165 -0.984891
vn 0.109303 -0.574034 -0.811503
vn 0.129724 -0.216812 -0.967556
vn 0.347771 -0.598252 -0.721907
vn 0.388863 -0.372331 -0.842707
vn 0.168841 -0.362547 -0.916544
vn -0.063698 -0.131504 -0.989267
vn 0.345417 -0.204904 -0.915806
vn 0.407113 -0.398918 -0.821659
vn -0.012666 -0.226433 -0.973944
vn -0.124581 -0.225112 -0.966335
vn -0.087276 -0.347245 -0.933704
vn 0.458472 -0.107624 -0.882168
vn 0.552896 -0.435429 -0.710428
vn 0.525233 -0.322542 -0.787463
vn 0.661041 -0.465803 -0.588262
vn 0.442654 -0.413135 -0.795850
vn 0.518255 -0.574288 -0.633723
vn 0.434383 -0.721326 -0.539444
vn 0.286684 -0.422650 -0.859755
vn 0.554779 -0.763615 -0.330322
vn 0.660724 -0.691943 -0.290962
vn 0.802689 -0.473838 -0.362170
vn 0.868161 -0.437866 -0.233602
vn 0.918394 -0.011544 -0.395498
vn 0.710685 -0.498070 -0.496843
vn 0.911287 -0.066658 -0.406341
vn 0.909873 -0.073650 -0.408296
vn 0.706234 -0.238627 -0.666551
vn 0.752258 -0.315145 -0.578612
vn 0.872868 -0.336283 -0.353575
vn 0.973974 -0.226388 -0.011079
vn 0.953500 -0.285743 0.095854
vn 0.821146 -0.357110 -0.445187
vn 0.967091 -0.254375 -0.005263
vn 0.842748 -0.068964 -0.533873
vn 0.932617 -0.112257 -0.342963
vn 0.978718 -0.037293 -0.201791
vn 0.998441 -0.045574 -0.032237
vn 0.965116 0.142789 -0.219460
vn 0.972553 -0.213532 0.092433
vn 0.995228 -0.021646 0.095149
vn 0.844689 0.423804 -0.326941
vn 0.920990 0.352768 0.165323
vn 0.856151 0.405838 0.319847
vn 0.924976 0.378493 -0.034101
vn 0.904032 0.207882 0.373511
vn 0.939187 0.222517 0.261560
vn 0.955568 0.292791 0.034099
vn 0.733398 0.658391 0.169260
vn 0.952144 0.301762 0.048601
vn 0.690644 0.593712 0.412938
vn 0.819417 0.320388 0.475298
vn 0.883707 0.115409 0.453589
vn 0.622860 0.262170 0.737097
vn 0.710571 0.395058 0.582252
vn 0.445640 0.857357 0.257573
vn 0.705716 0.624616 0.334394
vn 0.319705 0.775694 0.544140
vn -0.024397 0.758926 0.650720
vn 0.257919 0.834490 0.486934
vn 0.440959 0.823603 0.356697
vn 0.311045 0.879070 0.361229
vn 0.326073 0.580220 0.746338
vn 0.089095 0.508221 0.856606
vn 0.170384 0.519061 0.837582
vn 0.416198 0.522947 0.743845
vn 0.283709 0.456753 0.843141
vn 0.324190 0.406164 0.854360
vn 0.414531 0.513927 0.751028
vn 0.123595 0.479724 0.868671
vn 0.137537 0.668776 0.730631
vn -0.137912 0.600667 0.787514
vn -0.085183 0.509333 0.856343
vn -0.052053 0.172739 0.983591
vn -0.095905 0.315549 0.944050
vn 0.180724 -0.003128 0.983529
vn -0.284217 0.243220 0.927397
vn 0.032200 0.160318 0.986540
vn 0.111648 0.053411 0.992311
vn -0.099229 0.215210 0.971513
vn 0.029624 0.130774 0.990970
vn -0.138623 0.300032 0.943803
vn -0.053311 -0.115238 0.991906
vn -0.002629 0.050291 0.998731
vn 0.011496 -0.146489 0.989146
vn 0.019606 0.067638 0.997517
vn 0.012452 0.057506 0.998267
vn 0.340304 0.273660 0.899613
vn 0.123964 0.290612 0.948777
vn 0.379860 0.596835 0.706750
vn 0.468060 0.421296 0.776807
vn 0.403726 0.627699 0.665583
vn 0.253340 0.366077 0.895436
vn 0.490258 0.526287 0.694744
vn 0.219373 0.583054 0.782255
vn 0.137341 0.715645 0.684829
vn 0.312090 0.779980 0.542430
vn 0.061142 0.702884 0.708672
vn 0.243683 0.699393 0.671914
vn 0.270756 0.853683 0.444878
vn 0.374238 0.808368 0.454408
vn -0.115221 0.784639 0.609151
vn 0.233692 0.629414 0.741098
vn -0.187515 0.781938 0.594484
vn -0.370285 0.913941 0.166136
vn -0.279615 0.951247 0.130170
vn 0.051846 0.957339 0.284278
vn -0.110106 0.977143 0.181845
vn -0.059142 0.976190 0.208697
vn 0.031047 0.906319 0.421452
vn 0.312921 0.803122 0.507027
vn -0.070843 0.951599 0.299066
vn -0.268453 0.858605 0.436728
vn -0.448492 0.845438 -0.289983
vn -0.474552 0.877924 -0.063642
vn -0.622195 0.780561 -0.059975
vn -0.464975 0.884904 -0.027253
vn -0.393116 0.917372 -0.062353
vn -0.598613 0.787832 -0.144858
vn -0.599495 0.788198 -0.139107
vn -0.549799 0.818753 -0.165422
vn -0.491220 0.868634 -0.064638
vn -0.658785 0.752070 -0.019830
vn -0.484530 0.870717 -0.084157
vn -0.420472 0.825216 -0.377123
vn -0.529599 0.761547 -0.373592
vn -0.702235 0.680454 -0.209401
vn -0.635997 0.761181 -0.126927
vn -0.709739 0.660736 -0.244333
vn -0.632241 0.687925 -0.356413
vn -0.741370 0.467193 -0.481768
vn -0.548306 0.673505 -0.495733
vn -0.658029 0.556575 -0.507170
vn -0.671023 0.563205 -0.482212
vn -0.571944 0.562402 -0.597146
vn -0.631204 0.430997 -0.644843
vn -0.504902 0.449446 -0.736935
vn -0.490360 0.555080 -0.671887
vn -0.451930 0.192087 -0.871127
vn -0.426089 0.255020 -0.867994
vn -0.326451 0.546357 -0.771313
vn -0.674392 0.082398 -0.733761
vn -0.540448 0.235258 -0.807818
vn -0.652136 0.109945 -0.750088
vn -0.636508 0.223645 -0.738133
vn -0.474372 -0.072194 -0.877359
vn -0.460137 0.136897 -0.877231
vn -0.266267 0.054785 -0.962341
vn -0.675501 0.129905 -0.725825
vn -0.561427 -0.094966 -0.822059
vn -0.419827 0.287048 -0.861016
vn 0.054890 -0.372969 -0.926219
vn -0.265004 -0.049529 -0.962975
vn -0.374940 -0.006229 -0.927028
vn -0.024009 0.055023 -0.998196
vn 0.077827 -0.061879 -0.995045
vn 0.354485 -0.075690 -0.931993
vn 0.199787 -0.005142 -0.979826
vn 0.224840 -0.231096 -0.946595
vn 0.083042 -0.397551 -0.913815
vn 0.076765 -0.181711 -0.980351
vn 0.141776 -0.231498 -0.962449
vn 0.253919 -0.388278 -0.885870
vn 0.303169 -0.470515 -0.828676
vn 0.145283 -0.473453 -0.868755
vn 0.216071 -0.313995 -0.924511
vn 0.094460 -0.193046 -0.976632
vn 0.297837 -0.275872 -0.913886
vn 0.361264 -0.229258 -0.903841
vn 0.566122 -0.508233 -0.649003
vn 0.630296 -0.472719 -0.615844
vn 0.632627 -0.073214 -0.770988
vn 0.342059 -0.140471 -0.929120
vn 0.485146 0.156534 -0.860309
vn 0.584042 -0.175064 -0.792621
vn 0.633807 -0.166725 -0.755309
vn 0.937933 0.100024 -0.332080
vn 0.758226 0.125396 -0.639819
vn 0.888441 -0.096045 -0.448829
vn 0.914522 -0.096512 -0.392856
vn 0.539997 -0.616714 -0.572771
vn 0.604125 -0.477169 -0.638233
vn 0.653850 -0.531519 -0.538487
vn 0.714622 -0.650094 -0.258251
vn 0.643944 -0.254648 -0.721451
vn 0.679450 -0.700195 -0.219259
vn 0.994814 -0.077609 -0.065748
vn 0.917194 -0.398013 -0.018448
vn 0.968628 -0.109851 -0.222919
vn 0.987515 -0.152651 -0.038888
vn 0.983564 -0.161824 -0.080092
vn 0.949333 -0.300946 -0.090544
vn 0.989266 0.123095 0.078741
vn 0.977890 0.156444 -0.138768
vn 0.971120 0.206715 -0.119144
vn 0.899271 0.384226 -0.209004
vn 0.871082 0.487182 -0.062212
vn 0.948093 0.317634 -0.015117
vn 0.811611 0.574427 -0.106401
vn 0.969598 0.211594 0.122916
vn 0.970014 0.235715 0.059253
vn 0.874697 0.448319 0.184158
vn 0.774535 0.632156 0.021768
vn 0.823763 0.553074 0.124592
vn 0.982726 -0.066256 -0.172800
vn 0.956390 -0.127180 0.262952
vn 0.924751 0.347507 0.155158
vn 0.901195 -0.017761 0.433050
vn 0.923389 0.367548 -0.110728
vn 0.598707 0.800533 0.026399
vn 0.774814 0.630134 0.050937
vn 0.444223 0.610327 0.655871
vn 0.322071 0.906022 0.274580
vn 0.498162 0.438230 0.748191
vn 0.612593 0.607219 0.505979
vn 0.563833 0.544953 0.620580
vn 0.625312 0.576132 0.526362
vn 0.376956 0.707664 0.597592
vn 0.338928 0.655609 0.674762
vn 0.448517 0.586257 0.674637
vn 0.496096 0.539482 0.680329
vn 0.260404 0.775774 0.574774
vn 0.524825 0.384172 0.759586
vn 0.432852 0.600528 0.672313
vn 0.531657 0.443470 0.721578
vn 0.360901 0.383323 0.850185
vn 0.308400 0.523935 0.793966
vn 0.032232 0.547165 0.836404
vn 0.169595 0.577439 0.798625
vn 0.022197 0.568138 0.822634
vn 0.273115 0.871145 0.408062
vn 0.011742 0.857002 0.515179
vn 0.185756 0.917553 0.351556
vn 0.029931 0.884936 0.464751
vn 0.302917 0.714487 0.630674
vn 0.079772 0.828762 0.553887
vn -0.199874 0.951195 0.235115
vn -0.354452 0.913628 0.199119
vn -0.417277 0.815134 0.401791
vn -0.064716 0.971363 0.228617
vn -0.267957 0.958977 0.092531
vn 0.074659 0.945467 0.317046
vn 0.214043 0.907818 0.360627
vn 0.243577 0.907890 0.341184
vn 0.138718 0.984082 -0.111084
vn -0.460462 0.839418 -0.288709
vn -0.146712 0.989136 0.009251
vn -0.411140 0.900891 0.139134
vn -0.523491 0.819069 0.234700
vn -0.602532 0.797919 -0.016717
vn -0.444522 0.882672 0.152612
vn -0.481215 0.868021 -0.122358
vn -0.604335 0.796372 0.023893
vn -0.610945 0.728623 -0.309605
vn -0.511387 0.852920 -0.104933
vn -0.515713 0.853963 -0.069183
vn -0.476778 0.827732 -0.295876
vn -0.552193 0.784308 -0.282744
vn -0.669854 0.731730 -0.125964
vn -0.338402 0.886973 -0.314267
vn -0.517727 0.846513 -0.123996
vn -0.674880 0.669217 -0.310943
vn -0.611782 0.777764 -0.144241
vn -0.266743 0.885049 -0.381491
vn -0.811574 0.571429 -0.121726
vn -0.406838 0.841160 -0.356278
vn -0.452887 0.842005 -0.293123
vn -0.708909 0.570104 -0.415247
vn -0.204135 0.923550 -0.324629
vn -0.660945 0.705937 -0.254568
vn -0.646642 0.687112 -0.331258
vn -0.792787 0.459019 -0.400986
vn -0.447425 0.829288 -0.334803
vn -0.429339 0.852126 -0.299249
vn -0.469976 0.564548 -0.678534
vn -0.586083 0.391003 -0.709664
vn -0.816930 0.444581 -0.367388
vn -0.114028 0.592908 -0.797156
vn -0.222102 0.781589 -0.582915
vn -0.482790 0.466991 -0.740833
vn -0.229198 0.654900 -0.720121
vn -0.326415 0.506427 -0.798113
vn -0.206198 0.584140 -0.785024
vn -0.545855 0.341276 -0.765228
vn -0.291744 0.723820 -0.625276
vn -0.501343 0.418228 -0.757456
vn -0.402227 0.325615 -0.855680
vn -0.327909 0.356566 -0.874835
vn -0.175575 0.337981 -0.924631
vn -0.366056 0.161064 -0.916549
vn -0.222651 0.220132 -0.949720
vn -0.227147 0.254896 -0.939911
vn -0.231504 0.246398 -0.941113
vn -0.435132 0.220343 -0.872988
vn -0.469979 0.249479 -0.846687
vn -0.359378 0.328200 -0.873574
vn -0.306521 0.320994 -0.896107
vn -0.211197 0.290678 -0.933221
vn -0.409259 0.263645 -0.873498
vn -0.119441 0.125358 -0.984896
vn -0.015938 0.090247 -0.995792
vn 0.006960 0.172213 -0.985035
vn 0.152944 0.267826 -0.951250
vn 0.175024 0.055484 -0.983000
vn 0.210053 0.045486 -0.976631
vn -0.303295 -0.085327 -0.949069
vn 0.137149 0.195749 -0.971016
vn 0.223959 0.121887 -0.966947
vn 0.204585 -0.251043 -0.946109
vn -0.041439 0.068494 -0.996791
vn -0.059647 0.114940 -0.991580
vn 0.049029 -0.049220 -0.997584
vn 0.013153 -0.277957 -0.960504
vn -0.080675 -0.121505 -0.989307
vn -0.209993 -0.040588 -0.976860
vn 0.093926 -0.269366 -0.958447
vn 0.193289 -0.383984 -0.902882
vn 0.288327 -0.181966 -0.940083
vn 0.059336 -0.162866 -0.984862
vn 0.028609 -0.245412 -0.968997
vn 0.106559 -0.180075 -0.977864
vn 0.434544 -0.010313 -0.900592
vn 0.412029 0.031606 -0.910623
vn 0.410482 -0.549658 -0.727586
vn 0.647405 -0.303351 -0.699175
vn 0.475491 0.026380 -0.879325
vn 0.479523 -0.013753 -0.877422
vn 0.368003 -0.261685 -0.892241
vn 0.304188 -0.306218 -0.902054
vn 0.594371 -0.172849 -0.785396
vn 0.614317 0.154160 -0.773853
vn 0.769577 0.079989 -0.633524
vn 0.622079 -0.386805 -0.680735
vn 0.787573 -0.261329 -0.558065
vn 0.611060 0.086756 -0.786816
vn 0.851728 -0.025607 -0.523357
vn 0.644855 -0.273022 -0.713878
vn 0.530216 -0.288887 -0.797129
vn 0.614115 0.033677 -0.788498
vn 0.463594 0.043183 -0.884995
vn 0.519767 -0.135789 -0.843448
vn 0.635217 -0.613534 -0.469122
vn 0.690686 -0.395246 -0.605585
vn 0.516457 0.310598 -0.797998
vn 0.542383 0.114149 -0.832340
vn 0.722811 -0.581357 -0.373589
vn 0.751373 -0.562300 -0.345336
vn 0.904173 -0.183310 -0.385834
vn 0.660969 0.395303 -0.637852
vn 0.697986 -0.557570 -0.449368
vn 0.599590 -0.221929 -0.768921
vn 0.819045 -0.328724 -0.470219
vn 0.832435 -0.191221 -0.520084
vn 0.873016 0.325037 -0.363586
vn 0.731565 -0.466902 -0.496805
vn 0.925337 -0.045560 -0.376399
vn 0.507645 -0.011107 -0.861495
vn 0.837667 0.423719 -0.344639
vn 0.985524 -0.031463 -0.166589
vn 0.969954 -0.214075 -0.115591
vn 0.910341 0.002616 -0.413852
vn 0.876516 0.303865 -0.373344
vn 0.690437 0.058066 -0.721059
vn 0.775354 -0.400773 -0.488066
vn 0.899452 -0.428401 -0.086370
vn 0.945942 0.086484 -0.312593
vn 0.683538 0.463781 -0.563634
vn 0.975826 -0.017396 -0.217855
vn 0.882618 0.466742 0.056010
vn 0.963216 0.193233 -0.186750
vn 0.978423 0.095651 -0.183140
vn 0.980467 0.065449 -0.185473
vn 0.954950 0.282452 0.091055
vn 0.963064 0.249429 0.101457
vn 0.991375 0.084854 0.099874
vn 0.991162 0.088826 -0.098527
vn 0.962056 0.272499 0.013844
vn 0.880078 0.467997 -0.080260
vn 0.767034 0.629819 0.122423
vn 0.812031 0.575079 0.099447
vn 0.793352 0.515330 0.324079
vn 0.946622 0.321286 0.026099
vn 0.915392 0.181355 -0.359399
vn 0.972432 -0.069671 0.222537
vn 0.882128 0.460475 -0.099060
vn 0.740168 0.035663 0.671475
vn 0.738164 0.534744 0.411294
vn 0.604984 0.265307 0.750737
vn 0.715350 0.339393 0.610809
vn 0.682318 0.362928 0.634607
vn 0.550081 0.767919 0.328194
vn 0.737665 0.505509 0.447562
vn 0.636594 0.528449 0.561685
vn 0.749623 0.462389 0.473564
vn 0.588118 0.297691 0.751996
vn 0.814275 0.225494 0.534891
vn 0.425444 -0.003415 0.904978
vn 0.396789 0.296387 0.868742
vn 0.620184 0.459274 0.635955
vn 0.604656 0.349234 0.715840
vn 0.447718 0.121294 0.885910
vn 0.644918 0.328132 0.690225
vn 0.335949 0.689953 0.641173
vn 0.334619 0.638193 0.693354
vn 0.346935 0.889114 0.298517
vn 0.350300 0.838530 0.417321
vn 0.182702 0.890672 0.416322
vn 0.281871 0.859834 0.425715
vn -0.010329 0.939063 0.343589
vn 0.498736 0.753369 0.428600
vn 0.294738 0.634628 0.714406
vn 0.342802 0.699540 0.627001
vn 0.145339 0.932657 0.330194
vn -0.051369 0.980540 0.189479
vn -0.134012 0.988738 -0.066621
vn -0.010025 0.967653 -0.252087
vn -0.456573 0.826607 0.329033
vn -0.105153 0.977268 0.184092
vn 0.103399 0.912679 0.395380
vn -0.038102 0.998632 0.035803
vn 0.025406 0.988619 -0.148283
vn -0.255413 0.958316 0.128042
vn 0.140789 0.987028 0.077159
vn -0.144392 0.962411 -0.230035
vn -0.301844 0.928156 -0.217754
vn -0.104671 0.993898 -0.034786
vn -0.266795 0.963600 0.017222
vn -0.230312 0.970538 -0.070795
vn -0.434381 0.884162 0.171965
vn -0.163206 0.953839 -0.252100
vn -0.433583 0.871745 -0.228179
vn -0.433054 0.894782 -0.108759
vn -0.287325 0.918514 -0.271617
vn -0.418360 0.900768 -0.116586
vn -0.310229 0.926522 -0.212872
vn -0.139868 0.985124 -0.099835
vn -0.607159 0.721576 -0.332695
vn 0.026787 0.955696 -0.293135
vn -0.546324 0.695969 -0.466001
vn -0.184679 0.823837 -0.535897
vn -0.748889 0.649355 -0.132302
vn -0.196242 0.861991 -0.467397
vn -0.144498 0.890306 -0.431827
vn -0.395717 0.850942 -0.345405
vn -0.419436 0.712114 -0.562998
vn -0.118002 0.746031 -0.655373
vn -0.094159 0.853367 -0.512736
vn -0.215949 0.744551 -0.631672
vn -0.302556 0.718278 -0.626527
vn -0.235850 0.801350 -0.549738
vn -0.166542 0.735051 -0.657240
vn -0.177908 0.589001 -0.788306
vn -0.447891 0.501426 -0.740247
vn -0.573172 0.779996 -0.251159
vn -0.811991 0.436244 -0.387764
vn -0.709617 0.428132 -0.559595
vn -0.224251 0.730914 -0.644574
vn -0.368756 0.899110 -0.235840
vn -0.354891 0.616359 -0.702962
vn -0.505157 0.290138 -0.812795
vn -0.336038 0.523042 -0.783266
vn 0.147379 0.606241 -0.781506
vn -0.107248 0.415957 -0.903038
vn 0.035553 0.526470 -0.849450
vn -0.061903 0.500334 -0.863617
vn 0.018155 0.389739 -0.920746
vn 0.194140 0.703510 -0.683654
vn 0.086354 0.373212 -0.923718
vn -0.088830 0.391609 -0.915834
vn -0.070714 0.463407 -0.883320
vn -0.160441 0.387784 -0.907680
vn 0.045679 0.401838 -0.914571
vn -0.055910 0.532172 -0.844788
vn -0.019476 0.400221 -0.916212
vn 0.091747 0.085705 -0.992087
vn 0.264813 0.259417 -0.928750
vn 0.376993 0.466945 -0.799899
vn 0.246561 0.238952 -0.939207
vn 0.071971 0.391105 -0.917528
vn 0.215655 0.256211 -0.942257
vn 0.174333 0.285751 -0.942313
vn 0.191753 0.586314 -0.787062
vn 0.157775 0.438335 -0.884856
vn -0.201597 0.158608 -0.966541
vn 0.451140 0.514637 -0.729124
vn 0.211110 0.160869 -0.964134
vn 0.261328 0.315111 -0.912367
vn 0.280416 0.245362 -0.927989
vn 0.318131 0.320761 -0.892135
vn 0.448922 0.453626 -0.769865
vn 0.446281 0.177334 -0.877146
vn 0.415702 0.025508 -0.909143
vn 0.267841 0.478083 -0.836480
vn 0.358096 0.477893 -0.802113
vn 0.469900 0.332915 -0.817534
vn 0.260895 0.409963 -0.873993
vn 0.492557 0.183271 -0.850764
vn 0.485494 0.028247 -0.873784
vn 0.547537 0.249699 -0.798657
vn 0.496148 0.483888 -0.720895
vn 0.801958 0.125987 -0.583944
vn 0.707212 0.243231 -0.663845
vn 0.615560 0.083812 -0.783621
vn 0.602701 0.132238 -0.786934
vn 0.560526 0.197604 -0.804216
vn 0.340994 0.257850 -0.904011
vn 0.528111 0.023638 -0.848846
vn 0.681374 -0.125878 -0.721030
vn 0.673504 0.213290 -0.707743
vn 0.710057 0.035358 -0.703256
vn 0.725369 0.302583 -0.618290
vn 0.696793 0.170720 -0.696659
vn 0.475608 0.273066 -0.836201
vn 0.755997 0.441585 -0.483188
vn 0.749085 0.389225 -0.536075
vn 0.675549 0.139158 -0.724064
vn 0.941958 0.166048 -0.291794
vn 0.745782 0.376101 -0.549870
vn 0.898841 0.100367 -0.426628
vn 0.885845 0.180769 -0.427319
vn 0.786301 -0.007469 -0.617799
vn 0.755905 0.412260 -0.508576
vn 0.761434 -0.376645 -0.527595
vn 0.864868 -0.161764 -0.475222
vn 0.630795 0.408290 -0.659847
vn 0.862069 -0.101519 -0.496518
vn 0.927293 -0.146429 -0.344509
vn 0.835416 0.280946 -0.472387
vn 0.979753 -0.190108 0.062800
vn 0.911925 0.322077 -0.254282
vn 0.950622 -0.264647 0.162110
vn 0.881671 0.421800 -0.211521
vn 0.999960 -0.003843 0.008024
vn 0.965802 0.073475 0.248651
vn 0.949314 0.306461 0.069887
vn 0.975501 0.208975 -0.068761
vn 0.993035 0.101899 0.059141
vn 0.978550 0.173071 -0.111742
vn 0.941594 0.248676 0.227071
vn 0.869986 0.408949 0.275471
vn 0.910194 0.413397 -0.025507
vn 0.749763 0.661201 0.025868
vn 0.845509 0.458952 0.272907
vn 0.990633 0.099741 0.093262
vn 0.956757 0.230665 0.177229
vn 0.791196 0.458694 0.404486
vn 0.727982 0.654527 -0.204048
vn 0.638076 0.684098 0.353369
vn 0.595009 0.692788 -0.407442
vn 0.602595 0.652757 -0.459117
vn 0.655066 0.657217 -0.372765
vn 0.725745 0.684718 0.066754
vn 0.549207 0.827718 0.115125
vn 0.711210 0.478018 0.515440
vn 0.652328 0.476322 0.589565
vn 0.373643 0.818557 0.436298
vn 0.757551 0.584734 0.290175
vn 0.718726 0.542207 0.435251
vn 0.494989 0.614380 0.614429
vn 0.772920 0.586210 0.242801
vn 0.614506 0.435660 0.657710
vn 0.250980 0.183427 0.950455
vn 0.307543 0.054294 0.949984
vn 0.431760 0.869514 0.239851
vn 0.343336 0.875337 0.340449
vn 0.175325 0.680802 0.711175
vn 0.297897 0.872931 0.386328
vn 0.458037 0.828211 0.322906
vn 0.472884 0.878913 0.062391
vn 0.581916 0.811126 -0.058729
vn 0.753218 0.618820 0.222991
vn 0.567301 0.821611 -0.055892
vn 0.632300 0.774165 0.029400
vn 0.351168 0.846208 -0.400765
vn 0.361138 0.927851 -0.093124
vn 0.073039 0.997319 0.004524
vn 0.272340 0.959840 0.067363
vn 0.388306 0.912478 -0.128850
vn 0.168727 0.970601 -0.171654
vn 0.078692 0.985963 -0.147254
vn 0.187017 0.979064 0.080363
vn 0.139783 0.980992 -0.134592
vn -0.230765 0.957591 -0.172533
vn -0.396905 0.917509 0.025368
vn -0.265698 0.940585 -0.211434
vn -0.242644 0.954995 -0.170613
vn -0.377180 0.871821 -0.312510
vn -0.015886 0.949735 -0.312652
vn -0.214851 0.944933 -0.246862
vn -0.673378 0.704320 -0.224714
vn -0.153768 0.908658 -0.388195
vn -0.304527 0.839884 -0.449285
vn -0.447245 0.779491 -0.438595
vn 0.104111 0.953228 -0.283755
vn -0.251594 0.823098 -0.509127
vn -0.156287 0.771197 -0.617113
vn -0.604893 0.700913 -0.377923
vn -0.248169 0.887708 -0.387797
vn -0.013239 0.902081 -0.431363
vn 0.240779 0.900519 -0.362066
vn 0.327371 0.873820 -0.359537
vn -0.137709 0.667335 -0.731915
vn -0.027304 0.861751 -0.506597
vn -0.000129 0.814370 -0.580346
vn 0.176986 0.475575 -0.861687
vn -0.048018 0.350314 -0.935401
vn 0.270502 0.836861 -0.475912
vn 0.150059 0.374981 -0.914807
vn 0.115473 0.357837 -0.926617
vn 0.162564 0.458395 -0.873754
vn 0.132328 0.432978 -0.891638
vn 0.433634 0.655434 -0.618359
vn 0.201084 0.180054 -0.962884
vn 0.096447 0.362073 -0.927147
vn 0.333423 0.676499 -0.656642
vn 0.258660 0.062775 -0.963926
vn 0.227954 0.031429 -0.973165
vn 0.102300 0.714960 -0.691641
vn 0.386449 0.182037 -0.904168
vn 0.374043 -0.082139 -0.923767
vn 0.497249 0.328891 -0.802854
vn 0.428363 0.260328 -0.865294
vn 0.477353 0.154015 -0.865109
vn 0.523981 0.137277 -0.840594
vn 0.541550 0.248689 -0.803043
vn 0.667037 0.182765 -0.722259
vn 0.734974 0.208186 -0.645346
vn 0.511517 0.199883 -0.835702
vn 0.545113 0.434246 -0.717135
vn 0.750135 0.460670 -0.474427
vn 0.740762 0.375284 -0.557165
vn 0.682068 0.417271 -0.600557
vn 0.701789 0.419693 -0.575630
vn 0.640997 0.564770 -0.519767
vn 0.631942 0.497735 -0.594062
vn 0.638841 0.589581 -0.494244
vn 0.767829 0.557630 -0.315415
vn 0.915462 0.386105 0.113370
vn 0.911532 0.395103 0.114028
vn 0.964714 0.217417 -0.148516
vn 0.853618 0.480542 -0.201037
vn 0.744358 0.577353 -0.335551
vn 0.843431 0.433072 -0.317920
vn 0.791691 0.610174 0.030223
vn 0.914477 0.345945 0.209890
vn 0.989859 -0.018988 0.140777
vn 0.670538 0.734230 -0.106230
vn 0.592442 0.737730 0.323678
vn 0.733164 0.673937 -0.090989
vn 0.647840 0.680936 -0.341512
vn 0.437598 0.898785 0.026342
vn 0.658628 0.701666 0.271799
vn 0.569564 0.733142 0.371618
vn 0.644624 0.673309 0.362098
vn 0.602729 0.737029 0.305788
vn 0.503513 0.824496 0.258228
vn 0.374465 0.595263 0.710942
vn 0.274824 0.541790 0.794315
vn 0.080433 0.887990 0.452775
vn -0.079365 0.939964 0.331918
vn -0.039140 0.969501 0.241940
vn 0.163845 0.974782 0.151512
vn 0.235438 0.905259 0.353658
vn 0.106673 0.906741 0.407973
vn 0.275034 0.911182 0.306763
vn -0.107893 0.974471 0.196891
vn 0.109271 0.985738 0.127989
vn -0.097676 0.979773 -0.174654
vn 0.031177 0.999450 -0.011341
vn 0.116905 0.881091 0.458271
vn -0.107627 0.980871 0.162200
vn -0.175635 0.933846 0.311582
vn -0.498925 0.832477 -0.240946
vn -0.214246 0.974241 -0.070373
vn 0.050595 0.996812 -0.061687
vn 0.100949 0.919967 0.378775
vn -0.300136 0.926646 0.226374
vn -0.267952 0.963215 0.020472
vn -0.458429 0.810495 -0.364611
vn -0.029975 0.925147 -0.378423
vn 0.007006 0.626247 -0.779593
vn -0.024264 0.737864 -0.674514
vn -0.213920 0.941918 -0.258898
vn -0.051171 0.717229 -0.694957
vn -0.511459 0.855738 0.078237
vn -0.395401 0.723654 -0.565671
vn -0.048765 0.710188 -0.702322
vn -0.093433 0.616756 -0.781589
vn -0.186311 0.720506 -0.667951
vn -0.038914 0.719433 -0.693471
vn -0.171110 0.714865 -0.678004
vn 0.321889 0.699039 -0.638539
vn 0.007758 0.588280 -0.808620
vn 0.223349 0.655914 -0.721035
vn -0.125478 0.465036 -0.876354
vn 0.209825 0.574640 -0.791052
vn 0.237048 0.239386 -0.941543
vn 0.521832 0.575463 -0.629709
vn 0.272109 0.377812 -0.884994
vn 0.383608 0.332771 -0.861457
vn 0.213638 0.819814 -0.531284
vn 0.003816 0.599963 -0.800019
vn 0.208446 0.777899 -0.592809
vn 0.439648 0.574444 -0.690451
vn 0.433322 0.538743 -0.722488
vn 0.560394 0.594811 -0.576332
vn 0.741694 0.466088 -0.482339
vn 0.721201 0.548470 -0.423142
vn 0.744919 0.371280 -0.554299
vn 0.578912 0.052020 -0.813729
vn 0.661900 0.669097 -0.337932
vn 0.517927 0.346611 -0.782056
vn 0.566923 0.505121 -0.650731
vn 0.544395 -0.083460 -0.834667
vn 0.576941 0.269699 -0.770974
vn 0.700210 0.225334 -0.677444
vn 0.648665 -0.021764 -0.760763
vn 0.901351 -0.080471 -0.425547
vn 0.728108 0.541850 -0.419830
vn 0.807203 0.466167 -0.362094
vn 0.867907 0.344188 -0.358150
vn 0.776178 0.536830 -0.330700
vn 0.723335 0.482576 -0.493869
vn 0.779715 0.522648 -0.344795
vn 0.674392 0.633177 -0.379845
vn 0.738997 0.630681 -0.236907
vn 0.853947 0.207514 -0.477193
vn 0.938947 0.157296 -0.305999
vn 0.889552 0.113169 -0.442595
vn 0.984654 0.174317 -0.008378
vn 0.988325 0.132708 0.074843
vn 0.809095 0.587536 0.012937
vn 0.609914 0.723942 0.322355
vn 0.486893 0.873199 0.021398
vn 0.393760 0.918824 -0.026742
vn 0.581048 0.813809 0.009855
vn 0.666504 0.741639 0.075787
vn 0.838631 0.541888 0.055278
vn 0.634095 0.771938 -0.045108
vn 0.758949 0.647216 0.071469
vn 0.707081 0.705548 0.047301
vn 0.691446 0.662846 0.287296
vn 0.516256 0.802346 0.299533
vn 0.551071 0.709051 0.439963
vn 0.554394 0.676646 0.484559
vn 0.495372 0.704591 0.508092
vn 0.379048 0.923614 0.057096
vn 0.283849 0.932055 0.225173
vn 0.262819 0.964417 -0.028734
vn 0.200160 0.971996 0.123123
vn 0.336050 0.940697 -0.046480
vn 0.252703 0.967519 -0.006991
vn 0.225696 0.918447 0.324831
vn -0.044157 0.998609 0.028800
vn -0.368247 0.927706 -0.061290
vn 0.464306 0.884593 -0.043762
vn 0.468196 0.793240 0.389310
vn 0.384413 0.920893 -0.064680
vn -0.056856 0.797349 -0.600834
vn -0.135929 0.862471 -0.487511
vn 0.091849 0.906970 -0.411058
vn 0.161238 0.930968 -0.327569
vn 0.483098 0.855905 0.184507
vn 0.580773 0.799349 0.154093
vn 0.284009 0.952837 -0.106959
vn 0.121461 0.978800 -0.164915
vn -0.013305 0.702325 -0.711732
vn -0.174085 0.777795 -0.603929
vn 0.278791 0.780543 -0.559490
vn -0.152130 0.986304 -0.063725
vn 0.089924 0.982134 -0.165306
vn 0.012352 0.726440 -0.687119
vn -0.110929 0.982074 -0.152397
vn 0.200588 0.971047 -0.129736
vn 0.163257 0.764149 -0.624038
vn 0.236808 0.754160 -0.612507
vn 0.308428 0.839993 -0.446411
vn 0.131481 0.810030 -0.571458
vn 0.306320 0.761762 -0.570865
vn 0.087955 0.734566 -0.672813
vn 0.308674 0.788538 -0.531910
vn 0.202817 0.655601 -0.727360
vn 0.147840 0.826538 -0.543119
vn 0.188164 0.704596 -0.684207
vn 0.070478 0.728377 -0.681543
vn 0.201517 0.351927 -0.914078
vn 0.326725 0.415281 -0.848995
vn 0.399352 0.597456 -0.695388
vn 0.673025 0.404549 -0.619175
vn 0.655915 0.169703 -0.735511
vn 0.589675 0.470117 -0.656714
vn 0.319236 0.519075 -0.792874
vn 0.341880 0.675580 -0.653230
vn 0.649918 0.503460 -0.569328
vn 0.567615 0.100883 -0.817090
vn 0.860505 0.305441 -0.407722
vn 0.643075 0.715881 -0.271973
vn 0.691332 0.178896 -0.700040
vn 0.488548 0.560221 -0.668935
vn 0.411171 0.446268 -0.794848
vn 0.636224 0.612830 -0.468677
vn 0.903513 0.130625 -0.408169
vn 0.938025 0.345096 -0.031909
vn 0.793687 0.542547 -0.275143
vn 0.861340 0.394150 -0.320529
vn 0.869149 0.423110 -0.256045
vn 0.849083 0.404041 -0.340307
vn 0.776034 0.275071 -0.567546
vn 0.913005 0.389955 -0.119823
vn 0.665829 0.688910 -0.286488
vn 0.495217 0.837577 0.230704
vn 0.385602 0.815365 0.431846
vn 0.581082 0.748940 0.318485
vn 0.460498 0.886692 -0.041450
vn 0.804329 0.586021 -0.098159
vn 0.837911 0.530151 -0.129789
vn 0.630646 0.766697 0.120256
vn 0.517507 0.845819 0.129524
vn 0.461640 0.882179 0.092996
vn 0.469916 0.867511 0.163109
vn 0.524148 0.843516 0.117260
vn 0.396006 0.909671 0.125214
vn 0.257470 0.917765 0.302350
vn 0.421898 0.881913 0.210314
vn 0.671024 0.730408 0.127401
vn 0.185050 0.901210 0.391889
vn 0.511549 0.823696 -0.244629
vn -0.189200 0.946265 -0.262270
vn 0.115607 0.861109 -0.495103
vn 0.020239 0.869135 -0.494161
vn 0.227441 0.971161 -0.071530
vn 0.260154 0.952815 0.156411
vn 0.299717 0.759259 0.577664
vn 0.075109 0.993316 0.087645
vn -0.137528 0.984311 0.110532
vn -0.512408 0.803753 -0.302357
vn -0.300419 0.932043 -0.202594
vn 0.531039 0.847347 -0.000514
vn 0.362649 0.806066 -0.467699
vn 0.313167 0.948283 -0.051818
vn -0.077081 0.925248 -0.371448
vn 0.075691 0.910203 -0.407187
vn 0.247792 0.897861 -0.363929
vn -0.120277 0.887811 -0.444213
vn 0.056018 0.794821 -0.604253
vn 0.349366 0.827559 -0.439420
vn -0.159666 0.824986 -0.542129
vn -0.111371 0.727170 -0.677362
vn 0.134662 0.980454 -0.143447
vn 0.405786 0.880057 -0.246654
vn 0.049200 0.610803 -0.790253
vn 0.328333 0.941278 0.078691
vn 0.328816 0.915814 -0.230576
vn 0.381941 0.649297 -0.657674
vn -0.145055 0.557713 -0.817261
vn 0.663785 0.745580 0.059163
vn 0.861862 0.447290 -0.239009
vn 0.734644 0.671686 -0.095581
vn 0.886862 0.394040 -0.241263
vn 0.920825 0.166197 -0.352788
vn 0.640252 0.550499 -0.535750
vn 0.387578 0.823030 -0.415216
vn 0.119136 0.753655 -0.646383
vn 0.017367 0.588122 -0.808585
vn 0.384490 0.735019 -0.558493
vn 0.130011 0.951494 -0.278848
vn 0.567096 0.776684 -0.274162
vn 0.470585 0.732666 -0.491682
vn 0.708671 0.139644 -0.691581
vn 0.390749 0.604436 -0.694242
vn 0.823757 0.566941 0.001243
vn 0.821091 0.460519 -0.337243
vn 0.685152 0.460179 -0.564626
vn 0.739233 0.660017 -0.133836
vn 0.629457 0.754007 -0.187769
vn 0.856552 0.416705 -0.304427
vn 0.797440 0.465541 -0.383877
vn 0.778546 0.508949 -0.367201
vn 0.882416 0.358846 -0.304256
vn 0.842425 0.398339 -0.362831
vn 0.484366 0.476107 -0.733970
vn 0.773315 0.201096 -0.601286
vn 0.471510 0.544008 -0.694070
vn 0.162423 0.704388 -0.690982
vn 0.223972 0.942856 -0.246696
vn 0.516442 0.779184 -0.355189
vn 0.081241 0.987797 0.132877
vn 0.441419 0.887576 -0.131751
vn 0.704185 0.654677 -0.274811
vn 0.660210 0.655656 -0.366385
vn 0.713433 0.697820 -0.063720
vn 0.687865 0.723810 0.054236
vn 0.680638 0.730800 -0.051606
vn 0.426559 0.885235 0.185488
vn 0.394806 0.917050 0.056098
vn 0.333050 0.939166 0.083936
vn 0.390950 0.915107 0.098683
vn 0.390336 0.835212 0.387374
vn 0.249304 0.968016 0.028163
vn -0.017955 0.999644 -0.019753
vn 0.306098 0.951309 0.036274
vn 0.434528 0.830116 -0.349418
vn 0.048408 0.965638 -0.255344
vn 0.478133 0.872043 0.104550
vn 0.338775 0.925726 -0.168117
vn 0.805779 0.590470 -0.045442
vn 0.713939 0.671156 0.199602
vn 0.546536 0.714861 -0.436201
vn 0.260431 0.911528 -0.318266
vn -0.228576 0.829551 -0.509507
vn 0.354839 0.863934 -0.357361
vn 0.060514 0.978725 -0.196049
vn -0.274215 0.946682 -0.169114
vn -0.186885 0.967939 -0.167835
vn 0.246678 0.862009 -0.442821
vn 0.584800 0.799301 -0.138301
vn 0.135690 0.937487 -0.320480
vn 0.455936 0.843950 -0.282615
vn 0.577180 0.782053 -0.235068
vn 0.260022 0.953910 -0.149815
vn 0.265852 0.833934 -0.483608
vn 0.204876 0.935898 -0.286566
vn 0.104473 0.912955 -0.394459
vn 0.512025 0.660525 -0.549124
vn 0.277331 0.876496 -0.393500
vn -0.049144 0.983244 -0.175545
vn 0.686815 0.722544 -0.078837
vn 0.746951 0.644017 0.165245
vn 0.906567 0.420808 0.032511
vn 0.778370 0.614850 -0.126882
vn 0.753866 0.654243 -0.060439
vn 0.782606 0.562530 -0.266622
vn 0.868118 0.466252 -0.170235
vn 0.635831 0.713551 -0.294217
vn 0.660898 0.676017 -0.325907
vn 0.408987 0.669542 -0.620034
vn 0.356385 0.828056 -0.432796
vn 0.671423 0.596267 -0.440065
vn 0.550160 0.767081 -0.330015
vn 0.708456 0.631510 -0.315095
vn 0.607709 0.793445 -0.033697
vn 0.738191 0.609533 -0.289040
vn 0.860216 0.491537 -0.135722
vn 0.805848 0.590543 -0.043221
vn 0.448815 0.759850 -0.470312
vn 0.770925 0.554192 -0.313920
vn 0.754783 0.581273 -0.304013
vn 0.751160 0.655145 -0.080896
f 80//80 79//79 2//2
f 13//13 21//21 5//5
f 6//6 11//11 18//18
f 6//6 12//12 13//13
f 22//22 8//8 14//14
f 8//8 22//22 15//15
f 9//9 16//16 17//17
f 27//27 11//11 17//17
f 12//12 18//18 19//19
f 13//13 12//12 20//20
f 34//34 14//14 21//21
f 5//5 21//21 14//14
f 25//25 7//7 24//24
f 7//7 25//25 16//16
f 16//16 25//25 26//26
f 39//39 27//27 26//26
f 17//17 26//26 27//27
f 28//28 4//4 29//29
f 41//41 30//30 28//28
f 4//4 28//28 30//30
f 43//43 31//31 30//30
f 30//30 31//31 19//19
f 20//20 19//19 31//31
f 33//33 21//21 32//32
f 23//23 48//48 37//37
f 24//24 23//23 37//37
f 25//25 38//38 26//26
f 27//27 40//40 28//28
f 32//32 45//45 33//33
f 49//49 48//48 46//46
f 50//50 48//48 49//49
f 24//24 37//37 50//50
f 38//38 51//51 52//52
f 26//26 52//52 53//53
f 61//61 40//40 53//53
f 39//39 53//53 40//40
f 28//28 54//54 55//55
f 62//62 42//42 41//41
f 42//42 56//56 44//44
f 57//57 33//33 45//45
f 51//51 24//24 59//59
f 53//53 60//60 61//61
f 41//41 55//55 68//68
f 44//44 56//56 63//63
f 45//45 63//63 57//57
f 58//58 57//57 71//71
f 47//47 58//58 72//72
f 49//49 47//47 64//64
f 50//50 49//49 3//3
f 59//59 50//50 65//65
f 67//67 60//60 66//66
f 67//67 61//61 60//60
f 55//55 54//54 68//68
f 63//63 56//56 69//69
f 57//57 63//63 70//70
f 79//79 72//72 71//71
f 3//3 64//64 80//80
f 65//65 73//73 74//74
f 59//59 75//75 76//76
f 77//77 67//67 76//76
f 66//66 76//76 67//67
f 83//83 67//67 77//77
f 84//84 79//79 70//70
f 75//75 74//74 81//81
f 68//68 78//78 83//83
f 79//79 84//84 85//85
f 81//81 74//74 85//85
f 2//2 74//74 80//80
f 75//75 59//59 65//65
f 5//5 14//14 10//10
f 5//5 10//10 13//13
f 6//6 10//10 9//9
f 88//88 99//99 87//87
f 98//98 90//90 103//103
f 128//128 90//90 94//94
f 95//95 94//94 90//90
f 99//99 88//88 97//97
f 87//87 99//99 100//100
f 101//101 100//100 99//99
f 102//102 101//101 103//103
f 106//106 102//102 105//105
f 107//107 106//106 108//108
f 102//102 106//106 107//107
f 109//109 100//100 108//108
f 100//100 109//109 87//87
f 87//87 112//112 88//88
f 113//113 88//88 112//112
f 93//93 113//113 92//92
f 93//93 95//95 113//113
f 95//95 93//93 94//94
f 92//92 113//113 114//114
f 111//111 115//115 114//114
f 91//91 114//114 115//115
f 117//117 118//118 123//123
f 110//110 109//109 117//117
f 108//108 117//117 109//109
f 119//119 115//115 123//123
f 122//122 126//126 121//121
f 127//127 121//121 126//126
f 96//96 90//90 98//98
f 128//128 104//104 90//90
f 125//125 105//105 127//127
f 110//110 116//116 111//111
f 98//98 103//103 101//101
f 129//129 143//143 144//144
f 148//148 146//146 147//147
f 133//133 134//134 149//149
f 133//133 150//150 151//151
f 154//154 153//153 152//152
f 168//168 141//141 130//130
f 139//139 155//155 156//156
f 173//173 160//160 142//142
f 144//144 142//142 160//160
f 160//160 161//161 144//144
f 145//145 161//161 162//162
f 149//149 165//165 132//132
f 132//132 166//166 149//149
f 150//150 149//149 166//166
f 135//135 167//167 158//158
f 155//155 168//168 156//156
f 169//169 157//157 158//158
f 157//157 169//169 170//170
f 157//157 170//170 171//171
f 173//173 159//159 172//172
f 161//161 160//160 131//131
f 131//131 175//175 161//161
f 162//162 161//161 175//175
f 176//176 177//177 175//175
f 164//164 175//175 177//177
f 178//178 132//132 177//177
f 178//178 179//179 132//132
f 167//167 166//166 180//180
f 169//169 180//180 183//183
f 170//170 183//183 137//137
f 174//174 182//182 176//176
f 178//178 176//176 182//182
f 183//183 178//178 137//137
f 137//137 182//182 181//181
f 175//175 131//131 174//174
f 182//182 174//174 131//131
f 132//132 179//179 166//166
f 136//136 151//151 135//135
f 186//186 209//209 192//192
f 187//187 195//195 196//196
f 197//197 212//212 196//196
f 231//231 186//186 230//230
f 200//200 185//185 231//231
f 200//200 202//202 203//203
f 204//204 203//203 202//202
f 193//193 205//205 206//206
f 193//193 207//207 208//208
f 210//210 209//209 189//189
f 197//197 210//210 211//211
f 196//196 212//212 187//187
f 188//188 213//213 187//187
f 215//215 216//216 214//214
f 216//216 215//215 217//217
f 194//194 217//217 215//215
f 218//218 219//219 194//194
f 208//208 207//207 220//220
f 211//211 220//220 221//221
f 211//211 221//221 197//197
f 212//212 197//197 222//222
f 206//206 219//219 218//218
f 204//204 224//224 223//223
f 223//223 224//224 217//217
f 226//226 216//216 224//224
f 217//217 224//224 216//216
f 216//216 226//226 227//227
f 214//214 227//227 228//228
f 214//214 229//229 213//213
f 187//187 213//213 195//195
f 230//230 191//191 229//229
f 228//228 231//231 229//229
f 193//193 189//189 190//190
f 184//184 203//203 190//190
f 191//191 230//230 199//199
f 259//259 237//237 238//238
f 237//237 259//259 242//242
f 245//245 243//243 244//244
f 246//246 254//254 244//244
f 252//252 249//249 250//250
f 233//233 252//252 234//234
f 254//254 236//236 277//277
f 244//244 254//254 277//277
f 245//245 256//256 237//237
f 238//238 256//256 257//257
f 280//280 238//238 257//257
f 260//260 261//261 241//241
f 301//301 240//240 262//262
f 264//264 263//263 262//262
f 266//266 264//264 265//265
f 268//268 298//298 267//267
f 298//298 268//268 269//269
f 270//270 269//269 268//268
f 275//275 273//273 274//274
f 253//253 234//234 276//276
f 245//245 277//277 255//255
f 281//281 259//259 280//280
f 282//282 260//260 281//281
f 261//261 260//260 282//282
f 297//297 283//283 261//261
f 262//262 261//261 283//283
f 289//289 288//288 287//287
f 291//291 274//274 290//290
f 292//292 235//235 291//291
f 292//292 276//276 235//235
f 258//258 292//292 291//291
f 291//291 290//290 258//258
f 293//293 279//279 290//290
f 294//294 280//280 279//279
f 280//280 294//294 295//295
f 296//296 295//295 294//294
f 283//283 297//297 239//239
f 239//239 297//297 296//296
f 296//296 286//286 239//239
f 275//275 274//274 291//291
f 288//288 289//289 273//273
f 239//239 285//285 284//284
f 239//239 284//284 283//283
f 232//232 272//272 251//251
f 267//267 298//298 307//307
f 263//263 299//299 300//300
f 246//246 304//304 305//305
f 248//248 306//306 307//307
f 299//299 306//306 304//304
f 244//244 304//304 246//246
f 301//301 304//304 302//302
f 252//252 250//250 251//251
f 271//271 272//272 232//232
f 232//232 269//269 270//270
f 284//284 265//265 264//264
f 254//254 247//247 236//236
f 386//386 310//310 375//375
f 339//339 315//315 337//337
f 316//316 335//335 311//311
f 317//317 335//335 316//316
f 320//320 332//332 319//319
f 322//322 320//320 321//321
f 328//328 329//329 326//326
f 313//313 326//326 329//329
f 327//327 331//331 323//323
f 320//320 322//322 332//332
f 318//318 332//332 333//333
f 349//349 317//317 333//333
f 317//317 349//349 335//335
f 316//316 340//340 354//354
f 317//317 316//316 341//341
f 321//321 320//320 357//357
f 358//358 321//321 357//357
f 326//326 346//346 347//347
f 350//350 348//348 328//328
f 329//329 328//328 348//348
f 312//312 335//335 334//334
f 338//338 351//351 352//352
f 339//339 352//352 353//353
f 341//341 355//355 356//356
f 358//358 359//359 321//321
f 343//343 321//321 359//359
f 374//374 324//324 344//344
f 324//324 360//360 345//345
f 346//346 361//361 347//347
f 363//363 350//350 347//347
f 351//351 350//350 363//363
f 362//362 364//364 363//363
f 376//376 365//365 364//364
f 377//377 366//366 365//365
f 352//352 365//365 366//366
f 354//354 367//367 368//368
f 368//368 309//309 354//354
f 355//355 354//354 309//309
f 356//356 355//355 309//309
f 358//358 357//357 370//370
f 344//344 373//373 374//374
f 363//363 347//347 362//362
f 386//386 376//376 362//362
f 365//365 376//376 377//377
f 387//387 378//378 377//377
f 366//366 377//377 378//378
f 367//367 379//379 368//368
f 380//380 368//368 381//381
f 309//309 368//368 380//380
f 380//380 382//382 391//391
f 384//384 385//385 372//372
f 373//373 372//372 385//385
f 374//374 385//385 310//310
f 361//361 360//360 310//310
f 362//362 361//361 386//386
f 378//378 387//387 308//308
f 308//308 387//387 388//388
f 308//308 388//388 390//390
f 385//385 389//389 310//310
f 370//370 391//391 371//371
f 309//309 380//380 391//391
f 331//331 333//333 332//332
f 325//325 326//326 327//327
f 315//315 312//312 336//336
f 392//392 404//404 412//412
f 392//392 413//413 415//415
f 393//393 415//415 416//416
f 418//418 402//402 417//417
f 395//395 417//417 402//402
f 402//402 418//418 419//419
f 408//408 438//438 421//421
f 409//409 421//421 422//422
f 426//426 414//414 425//425
f 415//415 428//428 429//429
f 417//417 431//431 432//432
f 419//419 418//418 433//433
f 420//420 434//434 435//435
f 397//397 438//438 436//436
f 421//421 438//438 397//397
f 396//396 439//439 397//397
f 422//422 397//397 440//440
f 443//443 427//427 426//426
f 445//445 430//430 444//444
f 445//445 447//447 446//446
f 394//394 447//447 455//455
f 432//432 394//394 448//448
f 449//449 434//434 448//448
f 433//433 448//448 434//434
f 435//435 449//449 456//456
f 436//436 435//435 437//437
f 437//437 450//450 396//396
f 452//452 451//451 458//458
f 442//442 451//451 452//452
f 440//440 439//439 442//442
f 443//443 452//452 453//453
f 445//445 453//453 454//454
f 458//458 457//457 455//455
f 446//446 394//394 432//432
f 498//498 460//460 459//459
f 474//474 478//478 472//472
f 476//476 467//467 471//471
f 468//468 471//471 467//467
f 488//488 469//469 468//468
f 489//489 479//479 478//478
f 472//472 478//478 479//479
f 473//473 472//472 480//480
f 482//482 474//474 481//481
f 466//466 467//467 485//485
f 499//499 470//470 487//487
f 479//479 489//489 490//490
f 480//480 479//479 491//491
f 482//482 481//481 492//492
f 482//482 493//493 483//483
f 496//496 484//484 495//495
f 484//484 496//496 485//485
f 486//486 485//485 496//496
f 486//486 497//497 498//498
f 487//487 498//498 499//499
f 459//459 500//500 501//501
f 464//464 491//491 500//500
f 502//502 491//491 464//464
f 495//495 461//461 504//504
f 505//505 506//506 504//504
f 504//504 506//506 507//507
f 508//508 507//507 506//506
f 497//497 508//508 498//498
f 459//459 499//499 498//498
f 498//498 508//508 460//460
f 505//505 509//509 460//460
f 459//459 460//460 500//500
f 465//465 464//464 509//509
f 500//500 509//509 464//464
f 503//503 463//463 465//465
f 502//502 465//465 463//463
f 497//497 496//496 507//507
f 495//495 504//504 507//507
f 463//463 503//503 493//493
f 462//462 495//495 494//494
f 466//466 488//488 468//468
f 551//551 560//560 561//561
f 520//520 517//517 519//519
f 517//517 520//520 526//526
f 519//519 521//521 522//522
f 520//520 523//523 524//524
f 526//526 524//524 525//525
f 529//529 527//527 528//528
f 518//518 538//538 530//530
f 521//521 516//516 532//532
f 522//522 521//521 533//533
f 524//524 523//523 537//537
f 525//525 524//524 537//537
f 545//545 515//515 525//525
f 528//528 527//527 550//550
f 530//530 538//538 539//539
f 530//530 539//539 552//552
f 532//532 531//531 540//540
f 533//533 532//532 541//541
f 537//537 536//536 558//558
f 545//545 537//537 543//543
f 546//546 545//545 544//544
f 514//514 545//545 546//546
f 549//549 550//550 548//548
f 551//551 528//528 550//550
f 538//538 551//551 562//562
f 531//531 552//552 553//553
f 540//540 531//531 554//554
f 541//541 540//540 555//555
f 534//534 541//541 556//556
f 544//544 513//513 546//546
f 514//514 546//546 513//513
f 572//572 549//549 547//547
f 565//565 556//556 555//555
f 556//556 566//566 567//567
f 557//557 567//567 568//568
f 542//542 558//558 568//568
f 543//543 542//542 569//569
f 544//544 543//543 569//569
f 544//544 569//569 513//513
f 513//513 569//569 570//570
f 581//581 573//573 572//572
f 561//561 560//560 573//573
f 575//575 563//563 564//564
f 512//512 553//553 575//575
f 563//563 575//575 553//553
f 512//512 575//575 576//576
f 554//554 576//576 565//565
f 566//566 511//511 577//577
f 568//568 567//567 578//578
f 570//570 569//569 579//579
f 575//575 583//583 584//584
f 586//586 585//585 584//584
f 585//585 577//577 510//510
f 511//511 510//510 577//577
f 587//587 579//579 585//585
f 603//603 612//612 604//604
f 599//599 593//593 592//592
f 597//597 592//592 596//596
f 592//592 597//597 599//599
f 598//598 599//599 597//597
f 594//594 593//593 600//600
f 595//595 601//601 603//603
f 604//604 596//596 595//595
f 606//606 596//596 604//604
f 607//607 597//597 605//605
f 597//597 607//607 598//598
f 609//609 598//598 608//608
f 600//600 609//609 618//618
f 601//601 622//622 602//602
f 617//617 609//609 616//616
f 609//609 617//617 618//618
f 619//619 618//618 617//617
f 620//620 610//610 619//619
f 621//621 620//620 634//634
f 624//624 622//622 623//623
f 612//612 624//624 635//635
f 636//636 625//625 613//613
f 614//614 626//626 638//638
f 614//614 638//638 627//627
f 607//607 615//615 628//628
f 608//608 607//607 629//629
f 631//631 609//609 630//630
f 617//617 616//616 631//631
f 633//633 620//620 632//632
f 619//619 632//632 620//620
f 623//623 634//634 643//643
f 624//624 623//623 635//635
f 613//613 635//635 636//636
f 626//626 637//637 638//638
f 649//649 627//627 638//638
f 630//630 629//629 639//639
f 631//631 630//630 640//640
f 643//643 634//634 642//642
f 645//645 636//636 644//644
f 649//649 638//638 648//648
f 591//591 649//649 648//648
f 591//591 650//650 649//649
f 639//639 628//628 650//650
f 640//640 639//639 651//651
f 641//641 640//640 652//652
f 653//653 641//641 665//665
f 642//642 633//633 653//653
f 654//654 642//642 663//663
f 655//655 642//642 654//654
f 657//657 645//645 656//656
f 657//657 646//646 645//645
f 588//588 646//646 657//657
f 646//646 588//588 647//647
f 588//588 657//657 659//659
f 657//657 656//656 658//658
f 655//655 658//658 656//656
f 647//647 588//588 660//660
f 662//662 591//591 660//660
f 661//661 664//664 662//662
f 659//659 664//664 661//661
f 588//588 659//659 660//660
f 662//662 665//665 589//589
f 591//591 662//662 590//590
f 650//650 591//591 590//590
f 589//589 665//665 652//652
f 590//590 589//589 651//651
f 644//644 636//636 635//635
f 643//643 644//644 623//623
f 604//604 595//595 603//603
f 695//695 677//677 693//693
f 676//676 680//680 674//674
f 674//674 681//681 682//682
f 683//683 675//675 682//682
f 675//675 683//683 676//676
f 685//685 676//676 683//683
f 671//671 676//676 685//685
f 671//671 686//686 667//667
f 692//692 691//691 690//690
f 687//687 683//683 684//684
f 706//706 688//688 687//687
f 667//667 699//699 707//707
f 667//667 707//707 690//690
f 692//692 690//690 668//668
f 673//673 692//692 668//668
f 694//694 693//693 673//673
f 672//672 696//696 700//700
f 706//706 698//698 704//704
f 668//668 707//707 709//709
f 708//708 709//709 705//705
f 668//668 709//709 710//710
f 668//668 710//710 673//673
f 669//669 701//701 710//710
f 704//704 698//698 684//684
f 669//669 702//702 701//701
f 672//672 682//682 696//696
f 694//694 700//700 695//695
f 677//677 695//695 679//679
f 683//683 687//687 686//686
f 719//719 720//720 721//721
f 722//722 720//720 719//719
f 729//729 721//721 728//728
f 733//733 722//722 734//734
f 718//718 722//722 733//733
f 718//718 733//733 735//735
f 737//737 725//725 736//736
f 726//726 725//725 716//716
f 727//727 726//726 716//716
f 738//738 728//728 717//717
f 727//727 717//717 728//728
f 739//739 730//730 729//729
f 731//731 730//730 715//715
f 740//740 741//741 732//732
f 732//732 742//742 733//733
f 735//735 742//742 743//743
f 736//736 735//735 744//744
f 737//737 744//744 745//745
f 746//746 737//737 745//745
f 755//755 716//716 746//746
f 738//738 747//747 748//748
f 740//740 715//715 750//750
f 741//741 740//740 751//751
f 742//742 741//741 752//752
f 742//742 752//752 753//753
f 754//754 713//713 753//753
f 713//713 712//712 745//745
f 755//755 746//746 712//712
f 739//739 756//756 759//759
f 751//751 750//750 757//757
f 754//754 757//757 758//758
f 711//711 758//758 759//759
f 755//755 759//759 756//756
f 749//749 759//759 758//758
f 712//712 711//711 755//755
f 752//752 751//751 754//754
f 62//62 68//68 1//1
f 85//85 82//82 81//81
f 85//85 86//86 82//82
f 15//15 7//7 8//8
f 8//8 9//9 10//10
f 9//9 17//17 11//11
f 9//9 11//11 6//6
f 18//18 12//12 6//6
f 13//13 10//10 6//6
f 10//10 14//14 8//8
f 9//9 8//8 7//7
f 7//7 16//16 9//9
f 27//27 18//18 11//11
f 18//18 27//27 29//29
f 19//19 18//18 4//4
f 19//19 20//20 12//12
f 20//20 21//21 13//13
f 14//14 35//35 22//22
f 22//22 36//36 23//23
f 23//23 15//15 22//22
f 23//23 7//7 15//15
f 23//23 24//24 7//7
f 24//24 38//38 25//25
f 26//26 17//17 16//16
f 29//29 4//4 18//18
f 20//20 43//43 32//32
f 32//32 21//21 20//20
f 21//21 33//33 34//34
f 34//34 33//33 46//46
f 34//34 46//46 35//35
f 35//35 14//14 34//34
f 35//35 46//46 36//36
f 36//36 22//22 35//35
f 48//48 23//23 36//36
f 40//40 27//27 39//39
f 28//28 29//29 27//27
f 42//42 30//30 41//41
f 42//42 43//43 30//30
f 43//43 42//42 44//44
f 43//43 20//20 31//31
f 43//43 44//44 45//45
f 45//45 32//32 43//43
f 33//33 58//58 46//46
f 46//46 47//47 49//49
f 48//48 36//36 46//46
f 48//48 50//50 37//37
f 24//24 51//51 38//38
f 52//52 26//26 38//38
f 53//53 39//39 26//26
f 40//40 61//61 54//54
f 54//54 28//28 40//40
f 55//55 41//41 28//28
f 42//42 62//62 56//56
f 44//44 63//63 45//45
f 33//33 57//57 58//58
f 47//47 46//46 58//58
f 50//50 59//59 24//24
f 60//60 52//52 51//51
f 60//60 53//53 52//52
f 68//68 62//62 41//41
f 71//71 72//72 58//58
f 72//72 64//64 47//47
f 64//64 3//3 49//49
f 3//3 65//65 50//50
f 51//51 59//59 66//66
f 66//66 60//60 51//51
f 78//78 54//54 61//61
f 78//78 68//68 54//54
f 62//62 69//69 56//56
f 69//69 70//70 63//63
f 70//70 71//71 57//57
f 72//72 80//80 64//64
f 80//80 73//73 3//3
f 73//73 65//65 3//3
f 74//74 75//75 65//65
f 76//76 66//66 59//59
f 67//67 83//83 78//78
f 78//78 61//61 67//67
f 69//69 84//84 70//70
f 70//70 79//79 71//71
f 79//79 80//80 72//72
f 80//80 74//74 73//73
f 81//81 76//76 75//75
f 76//76 81//81 77//77
f 77//77 82//82 83//83
f 82//82 86//86 83//83
f 83//83 1//1 68//68
f 1//1 83//83 86//86
f 69//69 62//62 1//1
f 69//69 1//1 84//84
f 84//84 86//86 85//85
f 85//85 2//2 79//79
f 2//2 85//85 74//74
f 86//86 84//84 1//1
f 77//77 81//81 82//82
f 19//19 4//4 30//30
f 103//103 90//90 104//104
f 93//93 121//121 94//94
f 95//95 90//90 96//96
f 96//96 113//113 95//95
f 96//96 98//98 97//97
f 96//96 97//97 88//88
f 101//101 99//99 98//98
f 101//101 102//102 107//107
f 103//103 105//105 102//102
f 105//105 103//103 104//104
f 105//105 125//125 106//106
f 125//125 118//118 106//106
f 118//118 125//125 89//89
f 118//118 108//108 106//106
f 107//107 108//108 100//100
f 100//100 101//101 107//107
f 109//109 110//110 87//87
f 110//110 111//111 112//112
f 112//112 87//87 110//110
f 112//112 114//114 113//113
f 113//113 96//96 88//88
f 114//114 91//91 92//92
f 114//114 112//112 111//111
f 115//115 119//119 91//91
f 115//115 111//111 116//116
f 116//116 110//110 117//117
f 118//118 117//117 108//108
f 118//118 89//89 123//123
f 123//123 116//116 117//117
f 116//116 123//123 115//115
f 119//119 122//122 120//120
f 120//120 91//91 119//119
f 91//91 120//120 92//92
f 120//120 121//121 92//92
f 121//121 93//93 92//92
f 121//121 120//120 122//122
f 121//121 127//127 94//94
f 122//122 119//119 123//123
f 123//123 124//124 122//122
f 124//124 123//123 89//89
f 89//89 125//125 124//124
f 124//124 127//127 126//126
f 126//126 122//122 124//124
f 128//128 94//94 127//127
f 98//98 99//99 97//97
f 104//104 128//128 127//127
f 104//104 127//127 105//105
f 127//127 124//124 125//125
f 129//129 130//130 141//141
f 171//171 172//172 138//138
f 139//139 157//157 138//138
f 138//138 140//140 139//139
f 140//140 138//138 159//159
f 142//142 141//141 140//140
f 143//143 141//141 142//142
f 143//143 142//142 144//144
f 144//144 145//145 129//129
f 146//146 154//154 145//145
f 146//146 145//145 147//147
f 148//148 153//153 146//146
f 148//148 134//134 153//153
f 134//134 148//148 149//149
f 149//149 150//150 133//133
f 167//167 135//135 150//150
f 151//151 150//150 135//135
f 151//151 136//136 152//152
f 151//151 152//152 134//134
f 134//134 152//152 153//153
f 134//134 133//133 151//151
f 152//152 130//130 154//154
f 154//154 146//146 153//153
f 154//154 130//130 129//129
f 129//129 145//145 154//154
f 141//141 168//168 155//155
f 155//155 140//140 141//141
f 139//139 140//140 155//155
f 156//156 157//157 139//139
f 156//156 158//158 157//157
f 159//159 142//142 140//140
f 142//142 159//159 173//173
f 161//161 145//145 144//144
f 162//162 147//147 145//145
f 162//162 163//163 147//147
f 163//163 164//164 147//147
f 164//164 148//148 147//147
f 164//164 165//165 148//148
f 165//165 149//149 148//148
f 166//166 167//167 150//150
f 169//169 158//158 167//167
f 135//135 156//156 168//168
f 168//168 136//136 135//135
f 168//168 130//130 136//136
f 130//130 152//152 136//136
f 156//156 135//135 158//158
f 171//171 138//138 157//157
f 171//171 181//181 172//172
f 172//172 181//181 173//173
f 160//160 173//173 131//131
f 175//175 163//163 162//162
f 175//175 164//164 163//163
f 177//177 165//165 164//164
f 177//177 132//132 165//165
f 177//177 176//176 178//178
f 179//179 180//180 166//166
f 180//180 169//169 167//167
f 183//183 170//170 169//169
f 137//137 171//171 170//170
f 137//137 181//181 171//171
f 181//181 182//182 131//131
f 131//131 173//173 181//181
f 182//182 137//137 178//178
f 183//183 179//179 178//178
f 183//183 180//180 179//179
f 176//176 175//175 174//174
f 159//159 138//138 172//172
f 141//141 143//143 129//129
f 185//185 200//200 184//184
f 186//186 184//184 209//209
f 209//209 190//190 189//189
f 194//194 222//222 221//221
f 196//196 198//198 197//197
f 196//196 195//195 198//198
f 210//210 197//197 198//198
f 198//198 199//199 210//210
f 199//199 198//198 191//191
f 199//199 186//186 192//192
f 199//199 230//230 186//186
f 186//186 231//231 185//185
f 231//231 201//201 200//200
f 203//203 184//184 200//200
f 200//200 225//225 202//202
f 202//202 225//225 204//204
f 203//203 204//204 205//205
f 205//205 190//190 203//203
f 206//206 207//207 193//193
f 206//206 218//218 207//207
f 208//208 189//189 193//193
f 189//189 208//208 210//210
f 209//209 210//210 192//192
f 192//192 210//210 199//199
f 211//211 210//210 208//208
f 213//213 188//188 214//214
f 216//216 227//227 214//214
f 214//214 188//188 215//215
f 217//217 194//194 219//219
f 219//219 223//223 217//217
f 220//220 207//207 218//218
f 220//220 211//211 208//208
f 221//221 222//222 197//197
f 222//222 188//188 212//212
f 188//188 187//187 212//212
f 194//194 215//215 188//188
f 188//188 222//222 194//194
f 221//221 220//220 218//218
f 218//218 194//194 221//221
f 219//219 206//206 223//223
f 224//224 225//225 226//226
f 226//226 201//201 227//227
f 228//228 229//229 214//214
f 229//229 195//195 213//213
f 195//195 229//229 191//191
f 191//191 198//198 195//195
f 229//229 231//231 230//230
f 231//231 228//228 201//201
f 228//228 227//227 201//201
f 201//201 226//226 225//225
f 225//225 200//200 201//201
f 225//225 224//224 204//204
f 223//223 206//206 204//204
f 190//190 205//205 193//193
f 190//190 209//209 184//184
f 205//205 204//204 206//206
f 186//186 185//185 184//184
f 241//241 302//302 242//242
f 242//242 243//243 237//237
f 243//243 242//242 303//303
f 246//246 247//247 254//254
f 247//247 248//248 236//236
f 248//248 249//249 236//236
f 249//249 252//252 233//233
f 251//251 273//273 252//252
f 273//273 275//275 252//252
f 234//234 253//253 233//233
f 233//233 236//236 249//249
f 233//233 253//253 236//236
f 253//253 277//277 236//236
f 277//277 245//245 244//244
f 245//245 255//255 256//256
f 237//237 243//243 245//245
f 237//237 256//256 238//238
f 257//257 258//258 280//280
f 238//238 280//280 259//259
f 260//260 242//242 259//259
f 259//259 281//281 260//260
f 241//241 242//242 260//260
f 261//261 262//262 240//240
f 261//261 240//240 241//241
f 262//262 263//263 301//301
f 264//264 299//299 263//263
f 265//265 267//267 266//266
f 265//265 285//285 267//267
f 267//267 285//285 268//268
f 271//271 288//288 272//272
f 273//273 251//251 272//272
f 275//275 234//234 252//252
f 234//234 275//275 235//235
f 235//235 276//276 234//234
f 276//276 255//255 253//253
f 253//253 255//255 277//277
f 278//278 256//256 255//255
f 256//256 278//278 257//257
f 258//258 279//279 280//280
f 281//281 297//297 282//282
f 261//261 282//282 297//297
f 283//283 264//264 262//262
f 264//264 283//283 284//284
f 285//285 239//239 286//286
f 287//287 268//268 286//286
f 286//286 296//296 287//287
f 287//287 293//293 289//289
f 289//289 290//290 274//274
f 276//276 292//292 278//278
f 276//276 278//278 255//255
f 292//292 257//257 278//278
f 292//292 258//258 257//257
f 290//290 279//279 258//258
f 279//279 293//293 294//294
f 295//295 281//281 280//280
f 295//295 296//296 297//297
f 297//297 281//281 295//295
f 293//293 287//287 296//296
f 296//296 294//294 293//293
f 290//290 289//289 293//293
f 291//291 235//235 275//275
f 274//274 273//273 289//289
f 273//273 272//272 288//288
f 288//288 271//271 270//270
f 270//270 287//287 288//288
f 268//268 287//287 270//270
f 285//285 286//286 268//268
f 285//285 265//265 284//284
f 232//232 251//251 250//250
f 250//250 298//298 232//232
f 232//232 298//298 269//269
f 307//307 266//266 267//267
f 266//266 307//307 299//299
f 299//299 264//264 266//266
f 300//300 301//301 263//263
f 301//301 302//302 240//240
f 302//302 241//241 240//240
f 302//302 303//303 242//242
f 303//303 302//302 304//304
f 304//304 244//244 303//303
f 305//305 304//304 306//306
f 307//307 249//249 248//248
f 307//307 250//250 249//249
f 250//250 307//307 298//298
f 306//306 248//248 247//247
f 247//247 305//305 306//306
f 306//306 299//299 307//307
f 305//305 247//247 246//246
f 304//304 300//300 299//299
f 304//304 301//301 300//300
f 303//303 244//244 243//243
f 232//232 270//270 271//271
f 324//324 346//346 325//325
f 336//336 337//337 315//315
f 315//315 339//339 314//314
f 312//312 314//314 311//311
f 311//311 314//314 340//340
f 335//335 312//312 311//311
f 317//317 319//319 318//318
f 319//319 332//332 318//318
f 322//322 325//325 323//323
f 324//324 345//345 346//346
f 326//326 325//325 346//346
f 313//313 327//327 326//326
f 329//329 330//330 313//313
f 330//330 329//329 334//334
f 331//331 313//313 330//330
f 331//331 327//327 313//313
f 327//327 323//323 325//325
f 323//323 332//332 322//322
f 317//317 318//318 333//333
f 349//349 334//334 335//335
f 336//336 312//312 348//348
f 337//337 336//336 350//350
f 337//337 351//351 338//338
f 338//338 339//339 337//337
f 339//339 338//338 352//352
f 314//314 339//339 340//340
f 340//340 316//316 311//311
f 316//316 354//354 355//355
f 355//355 341//341 316//316
f 319//319 341//341 342//342
f 319//319 357//357 320//320
f 321//321 343//343 322//322
f 344//344 325//325 343//343
f 325//325 322//322 343//343
f 324//324 325//325 344//344
f 346//346 345//345 361//361
f 347//347 328//328 326//326
f 328//328 347//347 350//350
f 348//348 334//334 329//329
f 334//334 349//349 330//330
f 349//349 333//333 330//330
f 334//334 348//348 312//312
f 348//348 350//350 336//336
f 350//350 351//351 337//337
f 351//351 364//364 365//365
f 365//365 352//352 351//351
f 353//353 367//367 339//339
f 367//367 340//340 339//339
f 367//367 354//354 340//340
f 356//356 342//342 341//341
f 357//357 319//319 342//342
f 324//324 374//374 360//360
f 360//360 361//361 345//345
f 361//361 362//362 347//347
f 363//363 364//364 351//351
f 366//366 379//379 353//353
f 366//366 353//353 352//352
f 379//379 367//367 353//353
f 369//369 342//342 356//356
f 356//356 391//391 369//369
f 357//357 342//342 369//369
f 369//369 370//370 357//357
f 370//370 371//371 358//358
f 358//358 371//371 372//372
f 358//358 372//372 359//359
f 373//373 343//343 359//359
f 373//373 344//344 343//343
f 376//376 364//364 362//362
f 376//376 386//386 375//375
f 377//377 376//376 387//387
f 378//378 379//379 366//366
f 379//379 378//378 308//308
f 379//379 308//308 381//381
f 381//381 368//368 379//379
f 382//382 380//380 381//381
f 382//382 371//371 391//391
f 371//371 382//382 383//383
f 383//383 372//372 371//371
f 372//372 383//383 384//384
f 372//372 373//373 359//359
f 385//385 374//374 373//373
f 310//310 360//360 374//374
f 310//310 386//386 361//361
f 375//375 389//389 387//387
f 375//375 387//387 376//376
f 388//388 387//387 389//389
f 375//375 310//310 389//389
f 389//389 385//385 384//384
f 384//384 388//388 389//389
f 388//388 384//384 383//383
f 383//383 390//390 388//388
f 390//390 381//381 308//308
f 381//381 390//390 382//382
f 390//390 383//383 382//382
f 370//370 369//369 391//391
f 391//391 356//356 309//309
f 341//341 319//319 317//317
f 333//333 331//331 330//330
f 332//332 323//323 331//331
f 314//314 312//312 315//315
f 399//399 400//400 419//419
f 401//401 419//419 400//400
f 401//401 402//402 419//419
f 402//402 401//401 395//395
f 403//403 393//393 395//395
f 403//403 404//404 392//392
f 403//403 405//405 404//404
f 406//406 405//405 401//401
f 401//401 400//400 406//406
f 411//411 405//405 406//406
f 406//406 407//407 398//398
f 398//398 411//411 406//406
f 400//400 420//420 407//407
f 407//407 406//406 400//400
f 407//407 420//420 408//408
f 408//408 398//398 407//407
f 408//408 409//409 398//398
f 409//409 424//424 410//410
f 409//409 410//410 411//411
f 411//411 398//398 409//409
f 410//410 404//404 411//411
f 411//411 404//404 405//405
f 410//410 412//412 404//404
f 412//412 413//413 392//392
f 413//413 414//414 415//415
f 415//415 393//393 392//392
f 416//416 395//395 393//393
f 417//417 395//395 416//416
f 417//417 432//432 418//418
f 399//399 419//419 434//434
f 399//399 434//434 420//420
f 420//420 400//400 399//399
f 420//420 436//436 408//408
f 408//408 436//436 438//438
f 421//421 409//409 408//408
f 422//422 423//423 424//424
f 424//424 409//409 422//422
f 424//424 425//425 412//412
f 424//424 412//412 410//410
f 425//425 424//424 423//423
f 425//425 413//413 412//412
f 425//425 441//441 426//426
f 425//425 414//414 413//413
f 414//414 426//426 427//427
f 414//414 427//427 428//428
f 428//428 415//415 414//414
f 429//429 416//416 415//415
f 429//429 444//444 430//430
f 429//429 430//430 431//431
f 431//431 416//416 429//429
f 431//431 417//417 416//416
f 431//431 446//446 432//432
f 432//432 433//433 418//418
f 433//433 434//434 419//419
f 435//435 434//434 449//449
f 435//435 436//436 420//420
f 436//436 396//396 397//397
f 439//439 440//440 397//397
f 440//440 423//423 422//422
f 423//423 440//440 441//441
f 423//423 441//441 425//425
f 441//441 442//442 426//426
f 427//427 443//443 444//444
f 444//444 428//428 427//427
f 444//444 429//429 428//428
f 444//444 453//453 445//445
f 430//430 445//445 446//446
f 446//446 431//431 430//430
f 447//447 394//394 446//446
f 455//455 448//448 394//394
f 448//448 433//433 432//432
f 448//448 455//455 449//449
f 437//437 435//435 456//456
f 437//437 457//457 450//450
f 450//450 458//458 451//451
f 450//450 451//451 396//396
f 439//439 396//396 451//451
f 451//451 442//442 439//439
f 452//452 426//426 442//442
f 452//452 443//443 426//426
f 453//453 444//444 443//443
f 453//453 458//458 454//454
f 454//454 447//447 445//445
f 454//454 455//455 447//447
f 456//456 449//449 455//455
f 456//456 455//455 457//457
f 455//455 454//454 458//458
f 458//458 450//450 457//457
f 458//458 453//453 452//452
f 457//457 437//437 456//456
f 396//396 436//436 437//437
f 442//442 441//441 440//440
f 421//421 397//397 422//422
f 405//405 403//403 395//395
f 405//405 395//395 401//401
f 393//393 403//403 392//392
f 495//495 462//462 461//461
f 464//464 465//465 502//502
f 469//469 470//470 478//478
f 477//477 478//478 474//474
f 472//472 473//473 474//474
f 474//474 475//475 471//471
f 475//475 474//474 482//482
f 475//475 483//483 471//471
f 471//471 483//483 476//476
f 468//468 469//469 477//477
f 469//469 478//478 477//477
f 479//479 480//480 472//472
f 480//480 481//481 473//473
f 473//473 481//481 474//474
f 482//482 483//483 475//475
f 484//484 476//476 483//483
f 476//476 484//484 485//485
f 485//485 467//467 476//476
f 485//485 486//486 466//466
f 486//486 488//488 466//466
f 486//486 487//487 488//488
f 488//488 487//487 470//470
f 470//470 469//469 488//488
f 470//470 499//499 489//489
f 489//489 478//478 470//470
f 490//490 489//489 501//501
f 490//490 491//491 479//479
f 480//480 502//502 481//481
f 481//481 502//502 492//492
f 492//492 493//493 482//482
f 493//493 462//462 483//483
f 483//483 462//462 494//494
f 494//494 484//484 483//483
f 494//494 495//495 484//484
f 495//495 507//507 496//496
f 496//496 497//497 486//486
f 498//498 487//487 486//486
f 499//499 501//501 489//489
f 501//501 499//499 459//459
f 501//501 500//500 491//491
f 491//491 490//490 501//501
f 491//491 502//502 480//480
f 502//502 463//463 492//492
f 493//493 461//461 462//462
f 461//461 493//493 503//503
f 503//503 504//504 461//461
f 504//504 503//503 505//505
f 506//506 460//460 508//508
f 460//460 506//506 505//505
f 509//509 500//500 460//460
f 509//509 505//505 465//465
f 465//465 505//505 503//503
f 507//507 508//508 497//497
f 493//493 492//492 463//463
f 477//477 471//471 468//468
f 468//468 467//467 466//466
f 477//477 474//474 471//471
f 510//510 511//511 584//584
f 514//514 548//548 515//515
f 518//518 519//519 517//517
f 517//517 527//527 529//529
f 529//529 518//518 517//517
f 521//521 519//519 518//518
f 522//522 523//523 520//520
f 522//522 520//520 519//519
f 523//523 522//522 536//536
f 524//524 526//526 520//520
f 526//526 527//527 517//517
f 528//528 538//538 529//529
f 538//538 518//518 529//529
f 530//530 516//516 518//518
f 516//516 521//521 518//518
f 516//516 530//530 531//531
f 531//531 532//532 516//516
f 532//532 533//533 521//521
f 533//533 535//535 522//522
f 535//535 533//533 534//534
f 535//535 536//536 522//522
f 536//536 535//535 534//534
f 536//536 537//537 523//523
f 537//537 545//545 525//525
f 525//525 515//515 526//526
f 515//515 527//527 526//526
f 527//527 515//515 548//548
f 548//548 550//550 527//527
f 528//528 551//551 538//538
f 552//552 531//531 530//530
f 540//540 541//541 532//532
f 541//541 534//534 533//533
f 534//534 558//558 536//536
f 558//558 542//542 537//537
f 542//542 543//543 537//537
f 543//543 544//544 545//545
f 514//514 559//559 547//547
f 547//547 548//548 514//514
f 548//548 547//547 549//549
f 550//550 560//560 551//551
f 562//562 539//539 538//538
f 562//562 551//551 561//561
f 562//562 552//552 539//539
f 552//552 562//562 563//563
f 553//553 512//512 531//531
f 512//512 554//554 531//531
f 554//554 555//555 540//540
f 555//555 556//556 541//541
f 556//556 557//557 534//534
f 557//557 558//558 534//534
f 513//513 559//559 514//514
f 572//572 547//547 559//559
f 560//560 550//550 549//549
f 562//562 564//564 563//563
f 553//553 552//552 563//563
f 556//556 565//565 566//566
f 567//567 557//557 556//556
f 568//568 558//558 557//557
f 568//568 569//569 542//542
f 570//570 559//559 513//513
f 559//559 570//570 571//571
f 571//571 572//572 559//559
f 572//572 571//571 581//581
f 573//573 549//549 572//572
f 573//573 560//560 549//549
f 573//573 574//574 561//561
f 574//574 573//573 582//582
f 574//574 564//564 561//561
f 564//564 562//562 561//561
f 564//564 583//583 575//575
f 576//576 554//554 512//512
f 565//565 555//555 554//554
f 511//511 566//566 565//565
f 577//577 567//567 566//566
f 577//577 578//578 567//567
f 578//578 579//579 569//569
f 578//578 569//569 568//568
f 580//580 571//571 570//570
f 571//571 580//580 581//581
f 582//582 573//573 581//581
f 574//574 583//583 564//564
f 583//583 574//574 586//586
f 584//584 576//576 575//575
f 576//576 584//584 511//511
f 511//511 565//565 576//576
f 585//585 510//510 584//584
f 577//577 585//585 579//579
f 579//579 578//578 577//577
f 585//585 586//586 587//587
f 586//586 584//584 583//583
f 586//586 582//582 587//587
f 586//586 574//574 582//582
f 580//580 579//579 587//587
f 579//579 580//580 570//570
f 587//587 581//581 580//580
f 587//587 582//582 581//581
f 515//515 545//545 514//514
f 592//592 593//593 594//594
f 592//592 594//594 601//601
f 601//601 595//595 592//592
f 595//595 596//596 592//592
f 599//599 598//598 600//600
f 600//600 593//593 599//599
f 594//594 600//600 610//610
f 594//594 611//611 601//601
f 601//601 602//602 603//603
f 596//596 606//606 605//605
f 605//605 597//597 596//596
f 605//605 615//615 607//607
f 607//607 608//608 598//598
f 609//609 600//600 598//598
f 618//618 610//610 600//600
f 610//610 611//611 594//594
f 611//611 622//622 601//601
f 624//624 602//602 622//622
f 602//602 624//624 612//612
f 612//612 603//603 602//602
f 613//613 604//604 612//612
f 613//613 614//614 604//604
f 614//614 613//613 626//626
f 614//614 606//606 604//604
f 606//606 627//627 615//615
f 615//615 605//605 606//606
f 609//609 631//631 616//616
f 618//618 619//619 610//610
f 620//620 621//621 610//610
f 622//622 611//611 621//621
f 622//622 621//621 623//623
f 612//612 635//635 613//613
f 625//625 626//626 613//613
f 627//627 606//606 614//614
f 627//627 649//649 615//615
f 615//615 649//649 628//628
f 628//628 629//629 607//607
f 629//629 630//630 608//608
f 608//608 630//630 609//609
f 631//631 641//641 617//617
f 617//617 641//641 619//619
f 633//633 634//634 620//620
f 633//633 642//642 634//634
f 634//634 623//623 621//621
f 644//644 635//635 623//623
f 636//636 646//646 625//625
f 625//625 647//647 637//637
f 637//637 626//626 625//625
f 637//637 647//647 638//638
f 628//628 639//639 629//629
f 639//639 640//640 630//630
f 640//640 641//641 631//631
f 641//641 653//653 632//632
f 632//632 619//619 641//641
f 632//632 653//653 633//633
f 642//642 655//655 643//643
f 644//644 656//656 645//645
f 646//646 636//636 645//645
f 647//647 625//625 646//646
f 648//648 638//638 647//647
f 650//650 628//628 649//649
f 650//650 651//651 639//639
f 651//651 652//652 640//640
f 652//652 665//665 641//641
f 665//665 663//663 653//653
f 653//653 663//663 642//642
f 643//643 655//655 656//656
f 656//656 644//644 643//643
f 658//658 654//654 664//664
f 658//658 655//655 654//654
f 659//659 658//658 664//664
f 659//659 657//657 658//658
f 660//660 648//648 647//647
f 648//648 660//660 591//591
f 660//660 661//661 662//662
f 664//664 663//663 662//662
f 663//663 665//665 662//662
f 663//663 664//664 654//654
f 661//661 660//660 659//659
f 662//662 589//589 590//590
f 590//590 651//651 650//650
f 652//652 651//651 589//589
f 611//611 610//610 621//621
f 689//689 678//678 671//671
f 673//673 670//670 694//694
f 693//693 677//677 691//691
f 677//677 689//689 666//666
f 677//677 666//666 691//691
f 677//677 679//679 678//678
f 678//678 679//679 676//676
f 679//679 680//680 676//676
f 680//680 681//681 674//674
f 682//682 675//675 674//674
f 682//682 684//684 683//683
f 683//683 686//686 685//685
f 685//685 686//686 671//671
f 686//686 687//687 688//688
f 686//686 688//688 667//667
f 667//667 689//689 671//671
f 689//689 667//667 666//666
f 666//666 690//690 691//691
f 691//691 692//692 693//693
f 693//693 694//694 695//695
f 695//695 696//696 680//680
f 696//696 695//695 700//700
f 696//696 681//681 680//680
f 681//681 696//696 682//682
f 697//697 684//684 682//682
f 684//684 698//698 687//687
f 687//687 698//698 706//706
f 688//688 706//706 699//699
f 699//699 667//667 688//688
f 690//690 666//666 667//667
f 690//690 707//707 668//668
f 673//673 693//693 692//692
f 694//694 670//670 700//700
f 670//670 672//672 700//700
f 672//672 670//670 701//701
f 701//701 703//703 672//672
f 703//703 701//701 702//702
f 702//702 704//704 703//703
f 702//702 708//708 704//704
f 704//704 705//705 706//706
f 706//706 705//705 699//699
f 705//705 707//707 699//699
f 707//707 705//705 709//709
f 709//709 708//708 710//710
f 710//710 670//670 673//673
f 670//670 710//710 701//701
f 669//669 708//708 702//702
f 669//669 710//710 708//708
f 705//705 704//704 708//708
f 684//684 703//703 704//704
f 703//703 684//684 697//697
f 697//697 672//672 703//703
f 682//682 672//672 697//697
f 695//695 680//680 679//679
f 676//676 674//674 675//675
f 676//676 671//671 678//678
f 689//689 677//677 678//678
f 711//711 712//712 714//714
f 713//713 714//714 712//712
f 713//713 754//754 714//714
f 717//717 716//716 747//747
f 720//720 728//728 721//721
f 720//720 722//722 723//723
f 722//722 718//718 723//723
f 718//718 736//736 724//724
f 724//724 723//723 718//718
f 724//724 736//736 725//725
f 725//725 726//726 724//724
f 726//726 727//727 724//724
f 727//727 720//720 724//724
f 720//720 723//723 724//724
f 729//729 730//730 721//721
f 730//730 719//719 721//721
f 719//719 730//730 731//731
f 719//719 731//731 734//734
f 734//734 731//731 732//732
f 734//734 732//732 733//733
f 734//734 722//722 719//719
f 735//735 736//736 718//718
f 736//736 744//744 737//737
f 725//725 737//737 746//746
f 746//746 716//716 725//725
f 716//716 717//717 727//727
f 728//728 738//738 729//729
f 729//729 748//748 739//739
f 739//739 715//715 730//730
f 740//740 732//732 731//731
f 741//741 742//742 732//732
f 742//742 735//735 733//733
f 743//743 744//744 735//735
f 755//755 747//747 716//716
f 747//747 755//755 756//756
f 747//747 738//738 717//717
f 748//748 729//729 738//738
f 739//739 749//749 715//715
f 749//749 750//750 715//715
f 750//750 751//751 740//740
f 751//751 752//752 741//741
f 753//753 743//743 742//742
f 743//743 753//753 713//713
f 754//754 758//758 714//714
f 745//745 744//744 713//713
f 713//713 744//744 743//743
f 745//745 712//712 746//746
f 759//759 749//749 739//739
f 749//749 757//757 750//750
f 757//757 754//754 751//751
f 711//711 714//714 758//758
f 759//759 755//755 711//711
f 758//758 757//757 749//749
f 754//754 753//753 752//752
f 748//748 756//756 739//739
f 756//756 748//748 747//747
f 731//731 715//715 740//740
f 728//728 720//720 727//727
f 868//868 769//769 866//866
f 777//777 1103//1103 778//778
f 1101//1101 1103//1103 777//777
f 782//782 1189//1189 781//781
f 782//782 781//781 1155//1155
f 784//784 785//785 1079//1079
f 787//787 788//788 789//789
f 793//793 791//791 1029//1029
f 794//794 792//792 939//939
f 845//845 1383//1383 798//798
f 812//812 810//810 809//809
f 819//819 818//818 816//816
f 820//820 818//818 819//819
f 1371//1371 1245//1245 804//804
f 1373//1373 823//823 821//821
f 1374//1374 1377//1377 823//823
f 1241//1241 1242//1242 824//824
f 1463//1463 828//828 827//827
f 836//836 832//832 831//831
f 1237//1237 837//837 838//838
f 845//845 1515//1515 847//847
f 850//850 847//847 851//851
f 857//857 1116//1116 1513//1513
f 1512//1512 857//857 1513//1513
f 857//857 1512//1512 856//856
f 1511//1511 856//856 1512//1512
f 862//862 861//861 860//860
f 864//864 865//865 867//867
f 866//866 867//867 865//865
f 871//871 870//870 869//869
f 870//870 871//871 872//872
f 883//883 882//882 884//884
f 885//885 1552//1552 887//887
f 888//888 1555//1555 889//889
f 893//893 890//890 889//889
f 934//934 900//900 901//901
f 1566//1566 906//906 772//772
f 1569//1569 1568//1568 909//909
f 910//910 1573//1573 913//913
f 911//911 913//913 1573//1573
f 914//914 913//913 911//911
f 915//915 921//921 912//912
f 1579//1579 1090//1090 918//918
f 920//920 921//921 917//917
f 922//922 763//763 766//766
f 763//763 762//762 766//766
f 922//922 924//924 763//763
f 921//921 763//763 926//926
f 914//914 927//927 913//913
f 929//929 1571//1571 928//928
f 910//910 928//928 1571//1571
f 933//933 931//931 930//930
f 1568//1568 1569//1569 932//932
f 1006//1006 907//907 908//908
f 906//906 907//907 772//772
f 902//902 904//904 901//901
f 900//900 935//935 936//936
f 900//900 934//934 935//935
f 940//940 938//938 939//939
f 892//892 940//940 941//941
f 890//890 942//942 889//889
f 887//887 886//886 885//885
f 884//884 886//886 784//784
f 951//951 878//878 947//947
f 874//874 876//876 948//948
f 1400//1400 948//948 876//876
f 874//874 959//959 873//873
f 953//953 870//870 952//952
f 866//866 769//769 867//867
f 954//954 955//955 956//956
f 956//956 955//955 958//958
f 957//957 959//959 950//950
f 960//960 949//949 946//946
f 961//961 946//946 945//945
f 881//881 943//943 945//945
f 883//883 963//963 964//964
f 784//784 1079//1079 966//966
f 963//963 966//966 964//964
f 970//970 964//964 966//966
f 778//778 1103//1103 969//969
f 973//973 970//970 1082//1082
f 779//779 971//971 972//972
f 972//972 971//971 974//974
f 983//983 979//979 981//981
f 1088//1088 987//987 983//983
f 989//989 1049//1049 990//990
f 760//760 990//990 1049//1049
f 994//994 995//995 998//998
f 1002//1002 998//998 995//995
f 1055//1055 999//999 1002//1002
f 766//766 1000//1000 996//996
f 768//768 767//767 1003//1003
f 768//768 1003//1003 1004//1004
f 928//928 925//925 929//929
f 931//931 768//768 930//930
f 1008//1008 933//933 1005//1005
f 930//930 1005//1005 933//933
f 1057//1057 1008//1008 1005//1005
f 908//908 932//932 1006//1006
f 1009//1009 771//771 1007//1007
f 904//904 773//773 1011//1011
f 794//794 899//899 1015//1015
f 1027//1027 1016//1016 1014//1014
f 1023//1023 1017//1017 1013//1013
f 1021//1021 1019//1019 1012//1012
f 1010//1010 1012//1012 1011//1011
f 764//764 1012//1012 1010//1010
f 765//765 764//764 1020//1020
f 1010//1010 1020//1020 764//764
f 1012//1012 1045//1045 1021//1021
f 1012//1012 764//764 1045//1045
f 1040//1040 1024//1024 1023//1023
f 1017//1017 1023//1023 1024//1024
f 1039//1039 1025//1025 1024//1024
f 1014//1014 1026//1026 1027//1027
f 791//791 1032//1032 1031//1031
f 1038//1038 1037//1037 1028//1028
f 1069//1069 1028//1028 1037//1037
f 1067//1067 1037//1037 1039//1039
f 1023//1023 1042//1042 1041//1041
f 1018//1018 1022//1022 1042//1042
f 1043//1043 1041//1041 1042//1042
f 1022//1022 1044//1044 1042//1042
f 764//764 765//765 1046//1046
f 1048//1048 1046//1046 765//765
f 1050//1050 1051//1051 765//765
f 1007//1007 1053//1053 1009//1009
f 1057//1057 1056//1056 1008//1008
f 1056//1056 1057//1057 1058//1058
f 1059//1059 1058//1058 1003//1003
f 1058//1058 1059//1059 1056//1056
f 1052//1052 1053//1053 1054//1054
f 1048//1048 1051//1051 1060//1060
f 989//989 986//986 1061//1061
f 1041//1041 1043//1043 1063//1063
f 1040//1040 1041//1041 1064//1064
f 1039//1039 1065//1065 1087//1087
f 1037//1037 1067//1067 1068//1068
f 1070//1070 1071//1071 1036//1036
f 1035//1035 1071//1071 789//789
f 789//789 1071//1071 787//787
f 1074//1074 1032//1032 1089//1089
f 1032//1032 1072//1072 1075//1075
f 939//939 792//792 1031//1031
f 940//940 939//939 1076//1076
f 1077//1077 941//941 1076//1076
f 786//786 887//887 1073//1073
f 1078//1078 786//786 1073//1073
f 1082//1082 1080//1080 1079//1079
f 1084//1084 1082//1082 1083//1083
f 975//975 1084//1084 1070//1070
f 976//976 975//975 977//977
f 975//975 1085//1085 977//977
f 978//978 1086//1086 1066//1066
f 1064//1064 1063//1063 979//979
f 981//981 979//979 1063//1063
f 987//987 1088//1088 1062//1062
f 1065//1065 1064//1064 1087//1087
f 1036//1036 975//975 1070//1070
f 1070//1070 1084//1084 1083//1083
f 1073//1073 1074//1074 1089//1089
f 1078//1078 1089//1089 1081//1081
f 991//991 992//992 1051//1051
f 994//994 1054//1054 995//995
f 995//995 1054//1054 1002//1002
f 1004//1004 1003//1003 1058//1058
f 1009//1009 1053//1053 1020//1020
f 919//919 996//996 1000//1000
f 761//761 1090//1090 1091//1091
f 1093//1093 761//761 1091//1091
f 760//760 1093//1093 1094//1094
f 1094//1094 990//990 760//760
f 990//990 1094//1094 988//988
f 985//985 988//988 1094//1094
f 980//980 1097//1097 1581//1581
f 978//978 982//982 1097//1097
f 1581//1581 1098//1098 980//980
f 976//976 1098//1098 1582//1582
f 777//777 1100//1100 1101//1101
f 1103//1103 1101//1101 1102//1102
f 1170//1170 780//780 1104//1104
f 780//780 1105//1105 968//968
f 1172//1172 968//968 1105//1105
f 962//962 883//883 964//964
f 949//949 960//960 1176//1176
f 1109//1109 1110//1110 864//864
f 864//864 1110//1110 863//863
f 863//863 1111//1111 862//862
f 862//862 1111//1111 861//861
f 1112//1112 861//861 1111//1111
f 1114//1114 861//861 1112//1112
f 853//853 854//854 855//855
f 849//849 851//851 1119//1119
f 853//853 1119//1119 851//851
f 1120//1120 849//849 1119//1119
f 797//797 1122//1122 1594//1594
f 796//796 1124//1124 1125//1125
f 1600//1600 1131//1131 1130//1130
f 1224//1224 1131//1131 1601//1601
f 1134//1134 1135//1135 1133//1133
f 1200//1200 1136//1136 1137//1137
f 1197//1197 1144//1144 1611//1611
f 1149//1149 1193//1193 1616//1616
f 1149//1149 1619//1619 1192//1192
f 1153//1153 1151//1151 1152//1152
f 1585//1585 1158//1158 1627//1627
f 1161//1161 1561//1561 1160//1160
f 1164//1164 1163//1163 1161//1161
f 1105//1105 1170//1170 1172//1172
f 943//943 1173//1173 960//960
f 1175//1175 960//960 1173//1173
f 960//960 1175//1175 1176//1176
f 1106//1106 1176//1176 1177//1177
f 1179//1179 1178//1178 1165//1165
f 1182//1182 1167//1167 1181//1181
f 1180//1180 1584//1584 1169//1169
f 1184//1184 1164//1164 1166//1166
f 1561//1561 1163//1163 1185//1185
f 1159//1159 1158//1158 1162//1162
f 1189//1189 1153//1153 781//781
f 1151//1151 1153//1153 1318//1318
f 1148//1148 1193//1193 1194//1194
f 1194//1194 1195//1195 1148//1148
f 1147//1147 1148//1148 1195//1195
f 1146//1146 1195//1195 1196//1196
f 1206//1206 1197//1197 1196//1196
f 1611//1611 1196//1196 1197//1197
f 1198//1198 1142//1142 1203//1203
f 1139//1139 1140//1140 1199//1199
f 1137//1137 1138//1138 1200//1200
f 1135//1135 1134//1134 1201//1201
f 1207//1207 1206//1206 1195//1195
f 1195//1195 1194//1194 1207//1207
f 1191//1191 1209//1209 1315//1315
f 1212//1212 1205//1205 1204//1204
f 1216//1216 1215//1215 1521//1521
f 1200//1200 1216//1216 1217//1217
f 1298//1298 1218//1218 1217//1217
f 1201//1201 1221//1221 1135//1135
f 1224//1224 1132//1132 1133//1133
f 1131//1131 1224//1224 1290//1290
f 1290//1290 1225//1225 1131//1131
f 1130//1130 1131//1131 1225//1225
f 1228//1228 1128//1128 1226//1226
f 1229//1229 1126//1126 1228//1228
f 1230//1230 1126//1126 1229//1229
f 1126//1126 1230//1230 797//797
f 1234//1234 797//797 1230//1230
f 1232//1232 1234//1234 1230//1230
f 797//797 1234//1234 1235//1235
f 841//841 848//848 846//846
f 1531//1531 838//838 1529//1529
f 833//833 1237//1237 1238//1238
f 1538//1538 825//825 1537//1537
f 822//822 823//823 1377//1377
f 1244//1244 821//821 822//822
f 1246//1246 804//804 1245//1245
f 815//815 803//803 810//810
f 1247//1247 806//806 803//803
f 1249//1249 1248//1248 1250//1250
f 1255//1255 1254//1254 1259//1259
f 1259//1259 1542//1542 1257//1257
f 1258//1258 1260//1260 1262//1262
f 1264//1264 1539//1539 1265//1265
f 1270//1270 1269//1269 1551//1551
f 1528//1528 1275//1275 1344//1344
f 1278//1278 1523//1523 1279//1279
f 1281//1281 1280//1280 1232//1232
f 1226//1226 1284//1284 1283//1283
f 1413//1413 1301//1301 1303//1303
f 1214//1214 1305//1305 1304//1304
f 1312//1312 1313//1313 1310//1310
f 1322//1322 1313//1313 1312//1312
f 1315//1315 1314//1314 1312//1312
f 1209//1209 1316//1316 1315//1315
f 1314//1314 1315//1315 1316//1316
f 1316//1316 1209//1209 1318//1318
f 1317//1317 1316//1316 1319//1319
f 1407//1407 1311//1311 1323//1323
f 1311//1311 1407//1407 1324//1324
f 1410//1410 1325//1325 1324//1324
f 1300//1300 1299//1299 1415//1415
f 1297//1297 1300//1300 1296//1296
f 1220//1220 1295//1295 1294//1294
f 1332//1332 1292//1292 1419//1419
f 1284//1284 1334//1334 1336//1336
f 1282//1282 1336//1336 1427//1427
f 1338//1338 1280//1280 1337//1337
f 1337//1337 1431//1431 1338//1338
f 1343//1343 1275//1275 1341//1341
f 1273//1273 1345//1345 1347//1347
f 1349//1349 1347//1347 1345//1345
f 1274//1274 1346//1346 1272//1272
f 1272//1272 1346//1346 1271//1271
f 1346//1346 1350//1350 1271//1271
f 1269//1269 1270//1270 1441//1441
f 1441//1441 1351//1351 1269//1269
f 1266//1266 1269//1269 1351//1351
f 1357//1357 1356//1356 1355//1355
f 1256//1256 1355//1355 1356//1356
f 1262//1262 1261//1261 1354//1354
f 1254//1254 1255//1255 1360//1360
f 1250//1250 1252//1252 1249//1249
f 1249//1249 1449//1449 1247//1247
f 1367//1367 808//808 1365//1365
f 807//807 1364//1364 1366//1366
f 813//813 814//814 817//817
f 1370//1370 819//819 816//816
f 819//819 1370//1370 820//820
f 1459//1459 1371//1371 820//820
f 1372//1372 1371//1371 1459//1459
f 824//824 1242//1242 1375//1375
f 825//825 824//824 1378//1378
f 1465//1465 830//830 1463//1463
f 830//830 1465//1465 834//834
f 836//836 834//834 1467//1467
f 1468//1468 837//837 1379//1379
f 1381//1381 840//840 1380//1380
f 843//843 1382//1382 845//845
f 1384//1384 1383//1383 1382//1382
f 1385//1385 1383//1383 1384//1384
f 1385//1385 1387//1387 1512//1512
f 1508//1508 1391//1391 1392//1392
f 1507//1507 1392//1392 1393//1393
f 1398//1398 1397//1397 1406//1406
f 1318//1318 1190//1190 1403//1403
f 1401//1401 1319//1319 1403//1403
f 1319//1319 1404//1404 1317//1317
f 1398//1398 1320//1320 1405//1405
f 1317//1317 1404//1404 1321//1321
f 1320//1320 1406//1406 1407//1407
f 1482//1482 1410//1410 1409//1409
f 1295//1295 1475//1475 1294//1294
f 1487//1487 1332//1332 1472//1472
f 1421//1421 1420//1420 1331//1331
f 1341//1341 1339//1339 1343//1343
f 1348//1348 1345//1345 1433//1433
f 1349//1349 1348//1348 1435//1435
f 1436//1436 1437//1437 1435//1435
f 1350//1350 1438//1438 1439//1439
f 1350//1350 1346//1346 1438//1438
f 1503//1503 1504//1504 1442//1442
f 1357//1357 1443//1443 801//801
f 801//801 1444//1444 1357//1357
f 1358//1358 1357//1357 1444//1444
f 1506//1506 1446//1446 1444//1444
f 1447//1447 1446//1446 1445//1445
f 1450//1450 1449//1449 1448//1448
f 1449//1449 1450//1450 807//807
f 1364//1364 807//807 1450//1450
f 1452//1452 1365//1365 1451//1451
f 1453//1453 1367//1367 1452//1452
f 817//817 814//814 1454//1454
f 1460//1460 1457//1457 1456//1456
f 1461//1461 1372//1372 1459//1459
f 1464//1464 1463//1463 827//827
f 1471//1471 1386//1386 1470//1470
f 1472//1472 1386//1386 1471//1471
f 1384//1384 1473//1473 1385//1385
f 1394//1394 1414//1414 1478//1478
f 1412//1412 1481//1481 1480//1480
f 1484//1484 1483//1483 1482//1482
f 1408//1408 1485//1485 1409//1409
f 1299//1299 1478//1478 1414//1414
f 1415//1415 1414//1414 1477//1477
f 1418//1418 1417//1417 1390//1390
f 1421//1421 1331//1331 1486//1486
f 1424//1424 1421//1421 1466//1466
f 1493//1493 1431//1431 1430//1430
f 1495//1495 1434//1434 1494//1494
f 1348//1348 1495//1495 1496//1496
f 1434//1434 1495//1495 1348//1348
f 1456//1456 1497//1497 1436//1436
f 1437//1437 1436//1436 1497//1497
f 1439//1439 1438//1438 1498//1498
f 1499//1499 1453//1453 1440//1440
f 1441//1441 1440//1440 1453//1453
f 1453//1453 1500//1500 1441//1441
f 1441//1441 1500//1500 1501//1501
f 1502//1502 1501//1501 1500//1500
f 801//801 1443//1443 1505//1505
f 1451//1451 1504//1504 1502//1502
f 1451//1451 1502//1502 1452//1452
f 1453//1453 1452//1452 1500//1500
f 1370//1370 1455//1455 1497//1497
f 1494//1494 1460//1460 1496//1496
f 1492//1492 1461//1461 1458//1458
f 1373//1373 1461//1461 1491//1491
f 1426//1426 1462//1462 1489//1489
f 1467//1467 1466//1466 1421//1421
f 1379//1379 835//835 1487//1487
f 1468//1468 1379//1379 1471//1471
f 1446//1446 1447//1447 1363//1363
f 1363//1363 802//802 1446//1446
f 1398//1398 1405//1405 877//877
f 876//876 875//875 877//877
f 1397//1397 1398//1398 875//875
f 871//871 1396//1396 872//872
f 866//866 1394//1394 868//868
f 1393//1393 1394//1394 866//866
f 1393//1393 865//865 1507//1507
f 1508//1508 1392//1392 1507//1507
f 858//858 1509//1509 860//860
f 1510//1510 1389//1389 858//858
f 1512//1512 1387//1387 1511//1511
f 852//852 798//798 1514//1514
f 1515//1515 845//845 852//852
f 852//852 1514//1514 854//854
f 860//860 859//859 858//858
f 1191//1191 1315//1315 1312//1312
f 1310//1310 1309//1309 1516//1516
f 1207//1207 1516//1516 1517//1517
f 1204//1204 1211//1211 1212//1212
f 1212//1212 1306//1306 1519//1519
f 1213//1213 1519//1519 1520//1520
f 1215//1215 1214//1214 1521//1521
f 1216//1216 1521//1521 1217//1217
f 1301//1301 1298//1298 1217//1217
f 1305//1305 1214//1214 1520//1520
f 1306//1306 1520//1520 1519//1519
f 1326//1326 1518//1518 1211//1211
f 1219//1219 1297//1297 1296//1296
f 1291//1291 1222//1222 1220//1220
f 1289//1289 1223//1223 1293//1293
f 1223//1223 1289//1289 1290//1290
f 1225//1225 1290//1290 1288//1288
f 1285//1285 1227//1227 1225//1225
f 1231//1231 1229//1229 1286//1286
f 1232//1232 1230//1230 1281//1281
f 1525//1525 848//848 1523//1523
f 1276//1276 1527//1527 844//844
f 1551//1551 1238//1238 1534//1534
f 1268//1268 1240//1240 1238//1238
f 829//829 1536//1536 1537//1537
f 1537//1537 1536//1536 1538//1538
f 1550//1550 1540//1540 1538//1538
f 1241//1241 1538//1538 1540//1540
f 1264//1264 1541//1541 1549//1549
f 1542//1542 822//822 1243//1243
f 1545//1545 1245//1245 1544//1544
f 1245//1245 1545//1545 1246//1246
f 1546//1546 1246//1246 1545//1545
f 1251//1251 1546//1546 1545//1545
f 1248//1248 803//803 805//805
f 1259//1259 1548//1548 1543//1543
f 1542//1542 1259//1259 1543//1543
f 1258//1258 1549//1549 1260//1260
f 1541//1541 1260//1260 1549//1549
f 1535//1535 1550//1550 1536//1536
f 1534//1534 1270//1270 1551//1551
f 1270//1270 1534//1534 1533//1533
f 1532//1532 1272//1272 1533//1533
f 1526//1526 1525//1525 1278//1278
f 1280//1280 1338//1338 1233//1233
f 882//882 1402//1402 1189//1189
f 884//884 782//782 783//783
f 1185//1185 1562//1562 1561//1561
f 1563//1563 1562//1562 1185//1185
f 1564//1564 1565//1565 901//901
f 901//901 1565//1565 902//902
f 1183//1183 902//902 1565//1565
f 907//907 1102//1102 1101//1101
f 1583//1583 1569//1569 909//909
f 911//911 1573//1573 1574//1574
f 911//911 1574//1574 1096//1096
f 1577//1577 1578//1578 1576//1576
f 1578//1578 916//916 1576//1576
f 918//918 916//916 1579//1579
f 1092//1092 1091//1091 1579//1579
f 1093//1093 1578//1578 1580//1580
f 1096//1096 1574//1574 1097//1097
f 1098//1098 1581//1581 1572//1572
f 1571//1571 1582//1582 1572//1572
f 1568//1568 1567//1567 1583//1583
f 1577//1577 1580//1580 1578//1578
f 903//903 1102//1102 1566//1566
f 1180//1180 1104//1104 1584//1584
f 1162//1162 1558//1558 1186//1186
f 1186//1186 1558//1558 1187//1187
f 776//776 775//775 1161//1161
f 1160//1160 1586//1586 776//776
f 774//774 775//775 1111//1111
f 1109//1109 774//774 1110//1110
f 1628//1628 1111//1111 1586//1586
f 1111//1111 1628//1628 1112//1112
f 1590//1590 1116//1116 1115//1115
f 1117//1117 1116//1116 1590//1590
f 1629//1629 1117//1117 1621//1621
f 1118//1118 855//855 1629//1629
f 1117//1117 1629//1629 855//855
f 1631//1631 1119//1119 1118//1118
f 1122//1122 1591//1591 1121//1121
f 1594//1594 1121//1121 1593//1593
f 1126//1126 1595//1595 1127//1127
f 1228//1228 1127//1127 1599//1599
f 1146//1146 1610//1610 1612//1612
f 1593//1593 1616//1616 1614//1614
f 1149//1149 1616//1616 1615//1615
f 1591//1591 1618//1618 1615//1615
f 1149//1149 1615//1615 1618//1618
f 1622//1622 1156//1156 1154//1154
f 1624//1624 1622//1622 1621//1621
f 1113//1113 1624//1624 1590//1590
f 1626//1626 1187//1187 1623//1623
f 1586//1586 1160//1160 1628//1628
f 1590//1590 1115//1115 1113//1113
f 1630//1630 1118//1118 1629//1629
f 1118//1118 1630//1630 1631//1631
f 1615//1615 1592//1592 1591//1591
f 1616//1616 1593//1593 1592//1592
f 1633//1633 1634//1634 1599//1599
f 1600//1600 1129//1129 1636//1636
f 1633//1633 1607//1607 1634//1634
f 1601//1601 1636//1636 1635//1635
f 1601//1601 1600//1600 1636//1636
f 1609//1609 1607//1607 1633//1633
f 1610//1610 1633//1633 1637//1637
f 1596//1596 1632//1632 1612//1612
f 1598//1598 1637//1637 1633//1633
f 1620//1620 1617//1617 1631//1631
f 1620//1620 1631//1631 1630//1630
f 1621//1621 1154//1154 1629//1629
f 1154//1154 1156//1156 1620//1620
f 1614//1614 1616//1616 1148//1148
f 1610//1610 1611//1611 1144//1144
f 1142//1142 1141//1141 1608//1608
f 1132//1132 1604//1604 1134//1134
f 760//760 1049//1049 761//761
f 785//785 886//886 786//786
f 927//927 925//925 928//928
f 1006//1006 772//772 907//907
f 773//773 905//905 771//771
f 775//775 774//774 1179//1179
f 778//778 969//969 777//777
f 1155//1155 783//783 782//782
f 784//784 886//886 785//785
f 1015//1015 793//793 792//792
f 939//939 795//795 794//794
f 1506//1506 801//801 800//800
f 807//807 809//809 806//806
f 809//809 807//807 1366//1366
f 809//809 811//811 812//812
f 816//816 818//818 813//813
f 813//813 817//817 816//816
f 804//804 820//820 1371//1371
f 821//821 1244//1244 1371//1371
f 823//823 822//822 821//821
f 824//824 825//825 1241//1241
f 825//825 1378//1378 826//826
f 826//826 1537//1537 825//825
f 828//828 1463//1463 830//830
f 830//830 1239//1239 828//828
f 831//831 834//834 836//836
f 833//833 835//835 1237//1237
f 838//838 1531//1531 1237//1237
f 838//838 1380//1380 1236//1236
f 840//840 839//839 1236//1236
f 840//840 1381//1381 842//842
f 843//843 845//845 847//847
f 1515//1515 851//851 847//847
f 851//851 849//849 850//850
f 849//849 1120//1120 850//850
f 851//851 1515//1515 852//852
f 1513//1513 855//855 854//854
f 1114//1114 858//858 859//859
f 859//859 861//861 1114//1114
f 859//859 860//860 861//861
f 863//863 1508//1508 864//864
f 867//867 1109//1109 864//864
f 869//869 953//953 770//770
f 870//870 953//953 869//869
f 869//869 1485//1485 871//871
f 872//872 952//952 870//870
f 872//872 1397//1397 873//873
f 876//876 874//874 873//873
f 873//873 875//875 876//876
f 876//876 877//877 1400//1400
f 880//880 879//879 1402//1402
f 1402//1402 882//882 880//880
f 1189//1189 884//884 882//882
f 885//885 886//886 884//884
f 889//889 942//942 888//888
f 889//889 1556//1556 1559//1559
f 889//889 1559//1559 893//893
f 894//894 892//892 891//891
f 896//896 892//892 894//894
f 891//891 895//895 894//894
f 896//896 894//894 895//895
f 938//938 940//940 896//896
f 896//896 897//897 938//938
f 938//938 897//897 899//899
f 899//899 795//795 938//938
f 937//937 1563//1563 1564//1564
f 937//937 1564//1564 900//900
f 900//900 1564//1564 901//901
f 1183//1183 904//904 902//902
f 904//904 1183//1183 1181//1181
f 1181//1181 905//905 904//904
f 772//772 903//903 1566//1566
f 908//908 907//907 1567//1567
f 910//910 1571//1571 1573//1573
f 911//911 1575//1575 914//914
f 921//921 926//926 912//912
f 915//915 917//917 921//921
f 920//920 762//762 921//921
f 920//920 1000//1000 762//762
f 762//762 1000//1000 766//766
f 766//766 1001//1001 922//922
f 924//924 926//926 763//763
f 763//763 921//921 762//762
f 913//913 928//928 910//910
f 932//932 908//908 1568//1568
f 773//773 904//904 905//905
f 1011//1011 901//901 904//904
f 1011//1011 934//934 901//901
f 934//934 1011//1011 935//935
f 936//936 937//937 900//900
f 899//899 794//794 795//795
f 940//940 892//892 896//896
f 892//892 941//941 790//790
f 790//790 891//891 892//892
f 887//887 786//786 886//886
f 784//784 883//883 884//884
f 883//883 880//880 882//882
f 880//880 883//883 962//962
f 962//962 944//944 880//880
f 945//945 878//878 881//881
f 945//945 947//947 878//878
f 944//944 879//879 880//880
f 947//947 945//945 946//946
f 947//947 949//949 951//951
f 948//948 950//950 874//874
f 873//873 959//959 952//952
f 952//952 872//872 873//873
f 952//952 957//957 953//953
f 954//954 1109//1109 867//867
f 867//867 769//769 954//954
f 954//954 769//769 955//955
f 957//957 952//952 959//959
f 949//949 1106//1106 1107//1107
f 959//959 874//874 950//950
f 1107//1107 951//951 949//949
f 947//947 946//946 949//949
f 945//945 943//943 961//961
f 963//963 883//883 784//784
f 966//966 963//963 784//784
f 968//968 1172//1172 965//965
f 966//966 1080//1080 970//970
f 965//965 967//967 968//968
f 972//972 974//974 779//779
f 976//976 1099//1099 975//975
f 1098//1098 976//976 977//977
f 977//977 980//980 1098//1098
f 980//980 977//977 1086//1086
f 983//983 981//981 1088//1088
f 988//988 985//985 984//984
f 988//988 984//984 986//986
f 989//989 990//990 988//988
f 994//994 993//993 991//991
f 991//991 1052//1052 994//994
f 998//998 997//997 994//994
f 998//998 1002//1002 999//999
f 996//996 1001//1001 766//766
f 1003//1003 767//767 923//923
f 768//768 931//931 767//767
f 768//768 1004//1004 930//930
f 1009//1009 773//773 771//771
f 773//773 1009//1009 1010//1010
f 1010//1010 1011//1011 773//773
f 1012//1012 935//935 1011//1011
f 935//935 1012//1012 1019//1019
f 1016//1016 1013//1013 1017//1017
f 1019//1019 936//936 935//935
f 1016//1016 1017//1017 1014//1014
f 1015//1015 792//792 794//794
f 1014//1014 1017//1017 1025//1025
f 1013//1013 1018//1018 1023//1023
f 1020//1020 1010//1010 1009//1009
f 1020//1020 1050//1050 765//765
f 1024//1024 1025//1025 1017//1017
f 1025//1025 1038//1038 1026//1026
f 1026//1026 1014//1014 1025//1025
f 1027//1027 1026//1026 1030//1030
f 1026//1026 1028//1028 1030//1030
f 1032//1032 1075//1075 1031//1031
f 1031//1031 1029//1029 791//791
f 1032//1032 1033//1033 789//789
f 1034//1034 1030//1030 1028//1028
f 1028//1028 1069//1069 1034//1034
f 1028//1028 1026//1026 1038//1038
f 1037//1037 1038//1038 1039//1039
f 1038//1038 1025//1025 1039//1039
f 1039//1039 1040//1040 1065//1065
f 1040//1040 1039//1039 1024//1024
f 1023//1023 1041//1041 1040//1040
f 1042//1042 1044//1044 1062//1062
f 1046//1046 1045//1045 764//764
f 1047//1047 1062//1062 1044//1044
f 765//765 1051//1051 1048//1048
f 1050//1050 1020//1020 1052//1052
f 1052//1052 1020//1020 1053//1053
f 1007//1007 1054//1054 1053//1053
f 1057//1057 1005//1005 1058//1058
f 1058//1058 1005//1005 1004//1004
f 1005//1005 930//930 1004//1004
f 1003//1003 923//923 1059//1059
f 1055//1055 1002//1002 1054//1054
f 1054//1054 1007//1007 1055//1055
f 1054//1054 994//994 1052//1052
f 1052//1052 991//991 1051//1051
f 1051//1051 1050//1050 1052//1052
f 992//992 1060//1060 1051//1051
f 989//989 1061//1061 1049//1049
f 1060//1060 1046//1046 1048//1048
f 1062//1062 1043//1043 1042//1042
f 1043//1043 1062//1062 1088//1088
f 1063//1063 1064//1064 1041//1041
f 1064//1064 1065//1065 1040//1040
f 1087//1087 1067//1067 1039//1039
f 1068//1068 1069//1069 1037//1037
f 1071//1071 1035//1035 1036//1036
f 789//789 1033//1033 1035//1035
f 1071//1071 1083//1083 787//787
f 787//787 1083//1083 1081//1081
f 1081//1081 788//788 787//787
f 788//788 1089//1089 1032//1032
f 1032//1032 789//789 788//788
f 1072//1072 1073//1073 1075//1075
f 1031//1031 1075//1075 939//939
f 792//792 1029//1029 1031//1031
f 1075//1075 1076//1076 939//939
f 1076//1076 941//941 940//940
f 786//786 1078//1078 1079//1079
f 1079//1079 785//785 786//786
f 1079//1079 1081//1081 1082//1082
f 1084//1084 973//973 1082//1082
f 1084//1084 975//975 973//973
f 1085//1085 1086//1086 977//977
f 1086//1086 978//978 980//980
f 979//979 1087//1087 1064//1064
f 1063//1063 1088//1088 981//981
f 1088//1088 1063//1063 1043//1043
f 1062//1062 1047//1047 987//987
f 1086//1086 1085//1085 1066//1066
f 1087//1087 1068//1068 1067//1067
f 1083//1083 1071//1071 1070//1070
f 1083//1083 1082//1082 1081//1081
f 1089//1089 788//788 1081//1081
f 1089//1089 1078//1078 1073//1073
f 1076//1076 1075//1075 1073//1073
f 1081//1081 1079//1079 1078//1078
f 1080//1080 1082//1082 970//970
f 1080//1080 966//966 1079//1079
f 1073//1073 1077//1077 1076//1076
f 986//986 989//989 988//988
f 1042//1042 1023//1023 1018//1018
f 1000//1000 920//920 919//919
f 920//920 917//917 919//919
f 1090//1090 1579//1579 1091//1091
f 993//993 994//994 997//997
f 1091//1091 1092//1092 1093//1093
f 1094//1094 1580//1580 985//985
f 985//985 1577//1577 1095//1095
f 1095//1095 984//984 985//985
f 1097//1097 980//980 978//978
f 1582//1582 1099//1099 976//976
f 1102//1102 903//903 1103//1103
f 780//780 1170//1170 1105//1105
f 968//968 967//967 780//780
f 1174//1174 965//965 1172//1172
f 960//960 946//946 961//961
f 1176//1176 1106//1106 949//949
f 1106//1106 1177//1177 1107//1107
f 958//958 1108//1108 956//956
f 956//956 774//774 954//954
f 954//954 774//774 1109//1109
f 1112//1112 1588//1588 1114//1114
f 856//856 1115//1115 857//857
f 1116//1116 1117//1117 855//855
f 855//855 1513//1513 1116//1116
f 855//855 1118//1118 853//853
f 853//853 1118//1118 1119//1119
f 853//853 852//852 854//854
f 851//851 852//852 853//853
f 1121//1121 1594//1594 1122//1122
f 1123//1123 1124//1124 796//796
f 1124//1124 1123//1123 1125//1125
f 797//797 1594//1594 1126//1126
f 1128//1128 1228//1228 1599//1599
f 1130//1130 1227//1227 1129//1129
f 1603//1603 1138//1138 1137//1137
f 1138//1138 1603//1603 1139//1139
f 1140//1140 1139//1139 1141//1141
f 1140//1140 1141//1141 1142//1142
f 1142//1142 1608//1608 1143//1143
f 1143//1143 1203//1203 1142//1142
f 1196//1196 1611//1611 1146//1146
f 1149//1149 1192//1192 1193//1193
f 1619//1619 1150//1150 1192//1192
f 1619//1619 1151//1151 1150//1150
f 1152//1152 1155//1155 781//781
f 1157//1157 1623//1623 1187//1187
f 1187//1187 1626//1626 1186//1186
f 1186//1186 1589//1589 1158//1158
f 1160//1160 776//776 1161//1161
f 1161//1161 1179//1179 1164//1164
f 1164//1164 1184//1184 1163//1163
f 1164//1164 1165//1165 1166//1166
f 1166//1166 1165//1165 1167//1167
f 1167//1167 1182//1182 1166//1166
f 1171//1171 1170//1170 1180//1180
f 1170//1170 1171//1171 1172//1172
f 1172//1172 1171//1171 1174//1174
f 960//960 961//961 943//943
f 1175//1175 1168//1168 1176//1176
f 1176//1176 1168//1168 1177//1177
f 1178//1178 1179//1179 1108//1108
f 1178//1178 1108//1108 958//958
f 1108//1108 1179//1179 774//774
f 1161//1161 775//775 1179//1179
f 1165//1165 1164//1164 1179//1179
f 1173//1173 1168//1168 1175//1175
f 1169//1169 1174//1174 1171//1171
f 1181//1181 1183//1183 1182//1182
f 1169//1169 1171//1171 1180//1180
f 1182//1182 1565//1565 1166//1166
f 1184//1184 1563//1563 1163//1163
f 1163//1163 1563//1563 1185//1185
f 1561//1561 1161//1161 1163//1163
f 1158//1158 1585//1585 1162//1162
f 1186//1186 1158//1158 1159//1159
f 1157//1157 1553//1553 1188//1188
f 1402//1402 1403//1403 1189//1189
f 1189//1189 1190//1190 1153//1153
f 781//781 1153//1153 1152//1152
f 1153//1153 1190//1190 1318//1318
f 1318//1318 1191//1191 1150//1150
f 1318//1318 1150//1150 1151//1151
f 1191//1191 1208//1208 1150//1150
f 1208//1208 1192//1192 1150//1150
f 1193//1193 1148//1148 1616//1616
f 1196//1196 1195//1195 1206//1206
f 1203//1203 1143//1143 1145//1145
f 1142//1142 1198//1198 1140//1140
f 1199//1199 1138//1138 1139//1139
f 1200//1200 1218//1218 1136//1136
f 799//799 1219//1219 1202//1202
f 1216//1216 1200//1200 1138//1138
f 1138//1138 1199//1199 1216//1216
f 1199//1199 1198//1198 1215//1215
f 1199//1199 1140//1140 1198//1198
f 1203//1203 1213//1213 1198//1198
f 1205//1205 1203//1203 1145//1145
f 1145//1145 1204//1204 1205//1205
f 1192//1192 1208//1208 1194//1194
f 1192//1192 1194//1194 1193//1193
f 1208//1208 1191//1191 1210//1210
f 1210//1210 1194//1194 1208//1208
f 1194//1194 1210//1210 1516//1516
f 1516//1516 1207//1207 1194//1194
f 1517//1517 1206//1206 1207//1207
f 1205//1205 1519//1519 1213//1213
f 1213//1213 1203//1203 1205//1205
f 1213//1213 1215//1215 1198//1198
f 1215//1215 1213//1213 1214//1214
f 1215//1215 1216//1216 1199//1199
f 1217//1217 1218//1218 1200//1200
f 1297//1297 799//799 1202//1202
f 1219//1219 1220//1220 1222//1222
f 1222//1222 1202//1202 1219//1219
f 1135//1135 1223//1223 1133//1133
f 1133//1133 1223//1223 1224//1224
f 1228//1228 1286//1286 1229//1229
f 1126//1126 1127//1127 1228//1228
f 1229//1229 1231//1231 1230//1230
f 1234//1234 1232//1232 1233//1233
f 1234//1234 1233//1233 1235//1235
f 846//846 848//848 1525//1525
f 846//846 844//844 841//841
f 846//846 1526//1526 844//844
f 1527//1527 841//841 844//844
f 839//839 840//840 842//842
f 1236//1236 1529//1529 838//838
f 1238//1238 1240//1240 833//833
f 832//832 1239//1239 831//831
f 1239//1239 830//830 831//831
f 1537//1537 826//826 829//829
f 1538//1538 1241//1241 825//825
f 1377//1377 1243//1243 822//822
f 822//822 1543//1543 1244//1244
f 1245//1245 1371//1371 1244//1244
f 1244//1244 1544//1544 1245//1245
f 1246//1246 1546//1546 804//804
f 815//815 805//805 803//803
f 810//810 812//812 815//815
f 810//810 803//803 806//806
f 806//806 809//809 810//810
f 803//803 1248//1248 1247//1247
f 1545//1545 1253//1253 1251//1251
f 1253//1253 1545//1545 1547//1547
f 1547//1547 1254//1254 1253//1253
f 1254//1254 1547//1547 1548//1548
f 1548//1548 1259//1259 1254//1254
f 1259//1259 1257//1257 1255//1255
f 1262//1262 1354//1354 1258//1258
f 1261//1261 1262//1262 1541//1541
f 1264//1264 1265//1265 1263//1263
f 1266//1266 1352//1352 1267//1267
f 1267//1267 1269//1269 1266//1266
f 1271//1271 1533//1533 1272//1272
f 1272//1272 1532//1532 1274//1274
f 1344//1344 1276//1276 1528//1528
f 1275//1275 1528//1528 1277//1277
f 1277//1277 1278//1278 1340//1340
f 1278//1278 1277//1277 1526//1526
f 1282//1282 1281//1281 1230//1230
f 1282//1282 1231//1231 1336//1336
f 1336//1336 1231//1231 1283//1283
f 1283//1283 1286//1286 1226//1226
f 1335//1335 1285//1285 1287//1287
f 1287//1287 1423//1423 1335//1335
f 1288//1288 1333//1333 1287//1287
f 1288//1288 1287//1287 1225//1225
f 1289//1289 1330//1330 1288//1288
f 1288//1288 1290//1290 1289//1289
f 1220//1220 1419//1419 1292//1292
f 1219//1219 1296//1296 1295//1295
f 1300//1300 1297//1297 1522//1522
f 1522//1522 1299//1299 1300//1300
f 1302//1302 1303//1303 1301//1301
f 1304//1304 1303//1303 1214//1214
f 1520//1520 1307//1307 1305//1305
f 1307//1307 1520//1520 1306//1306
f 1307//1307 1518//1518 1326//1326
f 1313//1313 1309//1309 1310//1310
f 1310//1310 1516//1516 1312//1312
f 1316//1316 1317//1317 1314//1314
f 1318//1318 1319//1319 1316//1316
f 1314//1314 1321//1321 1322//1322
f 1322//1322 1312//1312 1314//1314
f 1407//1407 1408//1408 1324//1324
f 1324//1324 1325//1325 1311//1311
f 1324//1324 1409//1409 1410//1410
f 1308//1308 1327//1327 1326//1326
f 1326//1326 1328//1328 1307//1307
f 1328//1328 1305//1305 1307//1307
f 1305//1305 1328//1328 1481//1481
f 1481//1481 1304//1304 1305//1305
f 1304//1304 1413//1413 1303//1303
f 1300//1300 1415//1415 1416//1416
f 1416//1416 1296//1296 1300//1300
f 1296//1296 1416//1416 1329//1329
f 1295//1295 1296//1296 1418//1418
f 1220//1220 1294//1294 1419//1419
f 1419//1419 1472//1472 1332//1332
f 1332//1332 1291//1291 1292//1292
f 1293//1293 1331//1331 1330//1330
f 1330//1330 1289//1289 1293//1293
f 1330//1330 1420//1420 1333//1333
f 1333//1333 1288//1288 1330//1330
f 1333//1333 1421//1421 1422//1422
f 1333//1333 1422//1422 1423//1423
f 1423//1423 1287//1287 1333//1333
f 1336//1336 1283//1283 1284//1284
f 1336//1336 1334//1334 1427//1427
f 1281//1281 1282//1282 1428//1428
f 1281//1281 1337//1337 1280//1280
f 1337//1337 1281//1281 1429//1429
f 1279//1279 1340//1340 1278//1278
f 1340//1340 1279//1279 1339//1339
f 1340//1340 1339//1339 1341//1341
f 1341//1341 1277//1277 1340//1340
f 1275//1275 1277//1277 1341//1341
f 1275//1275 1343//1343 1344//1344
f 1273//1273 1433//1433 1345//1345
f 1345//1345 1348//1348 1349//1349
f 1270//1270 1271//1271 1440//1440
f 1352//1352 1266//1266 1501//1501
f 1263//1263 1265//1265 1353//1353
f 1263//1263 1261//1261 1264//1264
f 1261//1261 1263//1263 1353//1353
f 1353//1353 1354//1354 1261//1261
f 1356//1356 1358//1358 1256//1256
f 1358//1358 1359//1359 1256//1256
f 1361//1361 1359//1359 802//802
f 1360//1360 1253//1253 1254//1254
f 1363//1363 1361//1361 802//802
f 1360//1360 1251//1251 1253//1253
f 1249//1249 1252//1252 1362//1362
f 1247//1247 1248//1248 1249//1249
f 1247//1247 807//807 806//806
f 807//807 1247//1247 1449//1449
f 1367//1367 1369//1369 808//808
f 1366//1366 811//811 809//809
f 1369//1369 1367//1367 1368//1368
f 817//817 1455//1455 816//816
f 1370//1370 1457//1457 820//820
f 1372//1372 821//821 1371//1371
f 1373//1373 821//821 1372//1372
f 1372//1372 1461//1461 1373//1373
f 1374//1374 823//823 1373//1373
f 1377//1377 1374//1374 1376//1376
f 1426//1426 1377//1377 1376//1376
f 1375//1375 1378//1378 824//824
f 834//834 831//831 830//830
f 834//834 1466//1466 1467//1467
f 835//835 1379//1379 1237//1237
f 1379//1379 837//837 1237//1237
f 1380//1380 838//838 837//837
f 837//837 1468//1468 1380//1380
f 840//840 1236//1236 1380//1380
f 1380//1380 1469//1469 1381//1381
f 1469//1469 1470//1470 1381//1381
f 1382//1382 1383//1383 845//845
f 1385//1385 798//798 1383//1383
f 1385//1385 1473//1473 1387//1387
f 1512//1512 1514//1514 1385//1385
f 1388//1388 1474//1474 1389//1389
f 1389//1389 1510//1510 1388//1388
f 1474//1474 1476//1476 1389//1389
f 1509//1509 858//858 1389//1389
f 1389//1389 1390//1390 1509//1509
f 1390//1390 1391//1391 1509//1509
f 1477//1477 1392//1392 1391//1391
f 1393//1393 1392//1392 1394//1394
f 1483//1483 770//770 1395//1395
f 1483//1483 1484//1484 1485//1485
f 1397//1397 872//872 1396//1396
f 1396//1396 1406//1406 1397//1397
f 877//877 875//875 1398//1398
f 1399//1399 1400//1400 877//877
f 879//879 1401//1401 1403//1403
f 1403//1403 1402//1402 879//879
f 1190//1190 1189//1189 1403//1403
f 1403//1403 1319//1319 1318//1318
f 1319//1319 1401//1401 1404//1404
f 1320//1320 1398//1398 1406//1406
f 1321//1321 1314//1314 1317//1317
f 1407//1407 1323//1323 1320//1320
f 1407//1407 1396//1396 1408//1408
f 1409//1409 1324//1324 1408//1408
f 1409//1409 1484//1484 1482//1482
f 1328//1328 1326//1326 1327//1327
f 1327//1327 1411//1411 1328//1328
f 1412//1412 1304//1304 1481//1481
f 1304//1304 1412//1412 1413//1413
f 1414//1414 1415//1415 1299//1299
f 1477//1477 1416//1416 1415//1415
f 1329//1329 1416//1416 1417//1417
f 1329//1329 1418//1418 1296//1296
f 1418//1418 1476//1476 1295//1295
f 1294//1294 1475//1475 1419//1419
f 1475//1475 1474//1474 1419//1419
f 1472//1472 1471//1471 1487//1487
f 1420//1420 1330//1330 1331//1331
f 1421//1421 1333//1333 1420//1420
f 1422//1422 1424//1424 1423//1423
f 1423//1423 1424//1424 1488//1488
f 1423//1423 1488//1488 1425//1425
f 1425//1425 1335//1335 1423//1423
f 1334//1334 1426//1426 1427//1427
f 1427//1427 1428//1428 1282//1282
f 1427//1427 1489//1489 1428//1428
f 1428//1428 1429//1429 1281//1281
f 1337//1337 1429//1429 1491//1491
f 1431//1431 1337//1337 1430//1430
f 1342//1342 1434//1434 1433//1433
f 1433//1433 1273//1273 1342//1342
f 1433//1433 1434//1434 1348//1348
f 1435//1435 1348//1348 1436//1436
f 1435//1435 1437//1437 1349//1349
f 1350//1350 1439//1439 1499//1499
f 1350//1350 1440//1440 1271//1271
f 1440//1440 1441//1441 1270//1270
f 1351//1351 1501//1501 1266//1266
f 1501//1501 1442//1442 1352//1352
f 1442//1442 1501//1501 1503//1503
f 1443//1443 1357//1357 1355//1355
f 1357//1357 1358//1358 1356//1356
f 1358//1358 1444//1444 1446//1446
f 1446//1446 802//802 1358//1358
f 1506//1506 1445//1445 1446//1446
f 1445//1445 800//800 1447//1447
f 1365//1365 1452//1452 1367//1367
f 1453//1453 1368//1368 1367//1367
f 1368//1368 1498//1498 1369//1369
f 1368//1368 1453//1453 1499//1499
f 1454//1454 1455//1455 817//817
f 1370//1370 816//816 1455//1455
f 1457//1457 1370//1370 1456//1456
f 1456//1456 1496//1496 1460//1460
f 820//820 1458//1458 1459//1459
f 1373//1373 1490//1490 1374//1374
f 1490//1490 1376//1376 1374//1374
f 1462//1462 1426//1426 1376//1376
f 1465//1465 1463//1463 1464//1464
f 1466//1466 834//834 1465//1465
f 1465//1465 1424//1424 1466//1466
f 1469//1469 1380//1380 1468//1468
f 1468//1468 1471//1471 1469//1469
f 1470//1470 1469//1469 1471//1471
f 1386//1386 1472//1472 1474//1474
f 1474//1474 1388//1388 1386//1386
f 1474//1474 1475//1475 1476//1476
f 1389//1389 1476//1476 1390//1390
f 1476//1476 1418//1418 1390//1390
f 1417//1417 1391//1391 1390//1390
f 1391//1391 1417//1417 1416//1416
f 1416//1416 1477//1477 1391//1391
f 1392//1392 1477//1477 1414//1414
f 1414//1414 1394//1394 1392//1392
f 1478//1478 1479//1479 1394//1394
f 1480//1480 1481//1481 1411//1411
f 1395//1395 1482//1482 1483//1483
f 1484//1484 1409//1409 1485//1485
f 1485//1485 1408//1408 1396//1396
f 1396//1396 1407//1407 1406//1406
f 1411//1411 1481//1481 1328//1328
f 1480//1480 1413//1413 1412//1412
f 1417//1417 1418//1418 1329//1329
f 1475//1475 1295//1295 1476//1476
f 1472//1472 1419//1419 1474//1474
f 1421//1421 1424//1424 1422//1422
f 827//827 1425//1425 1488//1488
f 1488//1488 1464//1464 827//827
f 1426//1426 1489//1489 1427//1427
f 1428//1428 1489//1489 1462//1462
f 1428//1428 1490//1490 1429//1429
f 1490//1490 1428//1428 1462//1462
f 1490//1490 1491//1491 1429//1429
f 1491//1491 1430//1430 1337//1337
f 1491//1491 1461//1461 1430//1430
f 1430//1430 1461//1461 1492//1492
f 1430//1430 1492//1492 1493//1493
f 1432//1432 1494//1494 1434//1434
f 1434//1434 1342//1342 1432//1432
f 1496//1496 1436//1436 1348//1348
f 1436//1436 1496//1496 1456//1456
f 1497//1497 1454//1454 1437//1437
f 1454//1454 1497//1497 1455//1455
f 1498//1498 1499//1499 1439//1439
f 1499//1499 1440//1440 1350//1350
f 1501//1501 1351//1351 1441//1441
f 1500//1500 1452//1452 1502//1502
f 1501//1501 1502//1502 1503//1503
f 1503//1503 1502//1502 1504//1504
f 1505//1505 800//800 801//801
f 1506//1506 800//800 1445//1445
f 1499//1499 1498//1498 1368//1368
f 1497//1497 1456//1456 1370//1370
f 1496//1496 1495//1495 1494//1494
f 1461//1461 1459//1459 1458//1458
f 1458//1458 1493//1493 1492//1492
f 1491//1491 1490//1490 1373//1373
f 1490//1490 1462//1462 1376//1376
f 1424//1424 1465//1465 1464//1464
f 1464//1464 1488//1488 1424//1424
f 1421//1421 1486//1486 1467//1467
f 1487//1487 1471//1471 1379//1379
f 1449//1449 1362//1362 1448//1448
f 1362//1362 1449//1449 1249//1249
f 1506//1506 1444//1444 801//801
f 1405//1405 1399//1399 877//877
f 875//875 873//873 1397//1397
f 1396//1396 871//871 1485//1485
f 1485//1485 869//869 1483//1483
f 1483//1483 869//869 770//770
f 1479//1479 868//868 1394//1394
f 1507//1507 865//865 1508//1508
f 865//865 864//864 1508//1508
f 1508//1508 860//860 1391//1391
f 860//860 1508//1508 862//862
f 860//860 1509//1509 1391//1391
f 858//858 1114//1114 1510//1510
f 1512//1512 1513//1513 1514//1514
f 798//798 1385//1385 1514//1514
f 798//798 852//852 845//845
f 1513//1513 854//854 1514//1514
f 1508//1508 863//863 862//862
f 865//865 1393//1393 866//866
f 1359//1359 1358//1358 802//802
f 1312//1312 1210//1210 1191//1191
f 1309//1309 1517//1517 1516//1516
f 1212//1212 1518//1518 1306//1306
f 1519//1519 1205//1205 1212//1212
f 1520//1520 1214//1214 1213//1213
f 1302//1302 1217//1217 1521//1521
f 1202//1202 1522//1522 1297//1297
f 1297//1297 1219//1219 799//799
f 1217//1217 1302//1302 1301//1301
f 1521//1521 1303//1303 1302//1302
f 1521//1521 1214//1214 1303//1303
f 1518//1518 1307//1307 1306//1306
f 1212//1212 1211//1211 1518//1518
f 1211//1211 1308//1308 1326//1326
f 1210//1210 1312//1312 1516//1516
f 1295//1295 1220//1220 1219//1219
f 1220//1220 1292//1292 1291//1291
f 1223//1223 1135//1135 1221//1221
f 1221//1221 1293//1293 1223//1223
f 1290//1290 1224//1224 1223//1223
f 1225//1225 1227//1227 1130//1130
f 1225//1225 1287//1287 1285//1285
f 1286//1286 1228//1228 1226//1226
f 1286//1286 1283//1283 1231//1231
f 1231//1231 1282//1282 1230//1230
f 1233//1233 1524//1524 1235//1235
f 1525//1525 1526//1526 846//846
f 844//844 1528//1528 1276//1276
f 1529//1529 1236//1236 839//839
f 839//839 1530//1530 1529//1529
f 1529//1529 1532//1532 1531//1531
f 1531//1531 1533//1533 1534//1534
f 1534//1534 1237//1237 1531//1531
f 1238//1238 1237//1237 1534//1534
f 1238//1238 1551//1551 1268//1268
f 829//829 1535//1535 1536//1536
f 1538//1538 1536//1536 1550//1550
f 1549//1549 1539//1539 1264//1264
f 1540//1540 1242//1242 1241//1241
f 822//822 1542//1542 1543//1543
f 1244//1244 1548//1548 1544//1544
f 1544//1544 1547//1547 1545//1545
f 805//805 1250//1250 1248//1248
f 1547//1547 1544//1544 1548//1548
f 1548//1548 1244//1244 1543//1543
f 1260//1260 1541//1541 1262//1262
f 1541//1541 1264//1264 1261//1261
f 1267//1267 1268//1268 1269//1269
f 1551//1551 1269//1269 1268//1268
f 1533//1533 1271//1271 1270//1270
f 1533//1533 1531//1531 1532//1532
f 1530//1530 1274//1274 1532//1532
f 1532//1532 1529//1529 1530//1530
f 1526//1526 1277//1277 1528//1528
f 1528//1528 844//844 1526//1526
f 1525//1525 1523//1523 1278//1278
f 1524//1524 1233//1233 1338//1338
f 1233//1233 1232//1232 1280//1280
f 1209//1209 1191//1191 1318//1318
f 782//782 884//884 1189//1189
f 783//783 885//885 884//884
f 885//885 783//783 1552//1552
f 888//888 1554//1554 1555//1555
f 1555//1555 1554//1554 1556//1556
f 1556//1556 889//889 1555//1555
f 1554//1554 1557//1557 1556//1556
f 1556//1556 1557//1557 1559//1559
f 1560//1560 893//893 1559//1559
f 1559//1559 1557//1557 1560//1560
f 897//897 896//896 895//895
f 1562//1562 1563//1563 898//898
f 1563//1563 937//937 898//898
f 1563//1563 1184//1184 1564//1564
f 906//906 1566//1566 1102//1102
f 1102//1102 907//907 906//906
f 1101//1101 1567//1567 907//907
f 1567//1567 1568//1568 908//908
f 909//909 1568//1568 1583//1583
f 929//929 1570//1570 1571//1571
f 1572//1572 1573//1573 1571//1571
f 1096//1096 1575//1575 911//911
f 1578//1578 1579//1579 916//916
f 1579//1579 1578//1578 1092//1092
f 1578//1578 1093//1093 1092//1092
f 1580//1580 1094//1094 1093//1093
f 1577//1577 985//985 1580//1580
f 1574//1574 1581//1581 1097//1097
f 1097//1097 982//982 1096//1096
f 1581//1581 1574//1574 1573//1573
f 1572//1572 1582//1582 1098//1098
f 1100//1100 1583//1583 1567//1567
f 1567//1567 1101//1101 1100//1100
f 1570//1570 1099//1099 1582//1582
f 1582//1582 1571//1571 1570//1570
f 1581//1581 1573//1573 1572//1572
f 1104//1104 1180//1180 1170//1170
f 1565//1565 1182//1182 1183//1183
f 1565//1565 1564//1564 1184//1184
f 1184//1184 1166//1166 1565//1565
f 1186//1186 1159//1159 1162//1162
f 1558//1558 1553//1553 1187//1187
f 1187//1187 1553//1553 1157//1157
f 1586//1586 775//775 776//776
f 1586//1586 1111//1111 775//775
f 1111//1111 1110//1110 774//774
f 1111//1111 863//863 1110//1110
f 1628//1628 1588//1588 1112//1112
f 1115//1115 856//856 1113//1113
f 1116//1116 857//857 1115//1115
f 1119//1119 1617//1617 1120//1120
f 1121//1121 1591//1591 1592//1592
f 1593//1593 1632//1632 1594//1594
f 1632//1632 1595//1595 1594//1594
f 1595//1595 1126//1126 1594//1594
f 1596//1596 1127//1127 1595//1595
f 1127//1127 1596//1596 1597//1597
f 1597//1597 1599//1599 1127//1127
f 1599//1599 1597//1597 1598//1598
f 1599//1599 1634//1634 1128//1128
f 1129//1129 1600//1600 1130//1130
f 1600//1600 1601//1601 1131//1131
f 1601//1601 1132//1132 1224//1224
f 1132//1132 1601//1601 1604//1604
f 1606//1606 1603//1603 1602//1602
f 1602//1602 1605//1605 1606//1606
f 1605//1605 1141//1141 1606//1606
f 1605//1605 1608//1608 1141//1141
f 1633//1633 1610//1610 1609//1609
f 1610//1610 1146//1146 1611//1611
f 1613//1613 1147//1147 1146//1146
f 1147//1147 1613//1613 1614//1614
f 1620//1620 1630//1630 1154//1154
f 1154//1154 1621//1621 1622//1622
f 1623//1623 1157//1157 1188//1188
f 1623//1623 1625//1625 1626//1626
f 1589//1589 1186//1186 1626//1626
f 1627//1627 1158//1158 1589//1589
f 1627//1627 1587//1587 1585//1585
f 1587//1587 1627//1627 1589//1589
f 1625//1625 1587//1587 1589//1589
f 1589//1589 1626//1626 1625//1625
f 1590//1590 1624//1624 1621//1621
f 1621//1621 1117//1117 1590//1590
f 1631//1631 1617//1617 1119//1119
f 1592//1592 1615//1615 1616//1616
f 1592//1592 1593//1593 1121//1121
f 1614//1614 1632//1632 1593//1593
f 1632//1632 1596//1596 1595//1595
f 1612//1612 1597//1597 1596//1596
f 1597//1597 1612//1612 1637//1637
f 1637//1637 1598//1598 1597//1597
f 1599//1599 1598//1598 1633//1633
f 1129//1129 1635//1635 1636//1636
f 1635//1635 1604//1604 1601//1601
f 1637//1637 1612//1612 1610//1610
f 1612//1612 1613//1613 1146//1146
f 1613//1613 1612//1612 1632//1632
f 1632//1632 1614//1614 1613//1613
f 1629//1629 1154//1154 1630//1630
f 1618//1618 1151//1151 1619//1619
f 1619//1619 1149//1149 1618//1618
f 1148//1148 1147//1147 1614//1614
f 1195//1195 1146//1146 1147//1147
f 1144//1144 1609//1609 1610//1610
f 1606//1606 1141//1141 1139//1139
f 1606//1606 1139//1139 1603//1603
f 1603//1603 1136//1136 1602//1602
f 1136//1136 1603//1603 1137//1137
f 1134//1134 1133//1133 1132//1132
f 774//774 956//956 1108//1108
f 991//991 993//993 992//992
f 761//761 1093//1093 760//760
f 941//941 1077//1077 790//790
f 939//939 938//938 795//795
f 928//928 913//913 927//927
f 792//792 793//793 1029//1029
f 1638//1638 1639//1639 1642//1642
f 3160//3160 1650//1650 1647//1647
f 1650//1650 1648//1648 1647//1647
f 1654//1654 1653//1653 1652//1652
f 1662//1662 1663//1663 1661//1661
f 1895//1895 1664//1664 1663//1663
f 1885//1885 1665//1665 1667//1667
f 1899//1899 1668//1668 1667//1667
f 1668//1668 1670//1670 1667//1667
f 1670//1670 1668//1668 1669//1669
f 1672//1672 1669//1669 1668//1668
f 1674//1674 1672//1672 1671//1671
f 1672//1672 1674//1674 1678//1678
f 1677//1677 1678//1678 1674//1674
f 1679//1679 1677//1677 1676//1676
f 1677//1677 1679//1679 1682//1682
f 1684//1684 1682//1682 1681//1681
f 1682//1682 1684//1684 1687//1687
f 1690//1690 1688//1688 1685//1685
f 1696//1696 1692//1692 1690//1690
f 1692//1692 1696//1696 1697//1697
f 1701//1701 1697//1697 1696//1696
f 1697//1697 1701//1701 1702//1702
f 1705//1705 1702//1702 1701//1701
f 1707//1707 1705//1705 1699//1699
f 1711//1711 1709//1709 1707//1707
f 1709//1709 1713//1713 1718//1718
f 1715//1715 1713//1713 1711//1711
f 1717//1717 1718//1718 1713//1713
f 1718//1718 1717//1717 1723//1723
f 1719//1719 1717//1717 1715//1715
f 1721//1721 1723//1723 1717//1717
f 1723//1723 1721//1721 1722//1722
f 1724//1724 1721//1721 1719//1719
f 1725//1725 1722//1722 1721//1721
f 1722//1722 1725//1725 1726//1726
f 1729//1729 1725//1725 1724//1724
f 1729//1729 1726//1726 1725//1725
f 1726//1726 1729//1729 1728//1728
f 1733//1733 1728//1728 1729//1729
f 1728//1728 1733//1733 1731//1731
f 1737//1737 1731//1731 1733//1733
f 1731//1731 1737//1737 1735//1735
f 1739//1739 1735//1735 1737//1737
f 1950//1950 1739//1739 1737//1737
f 1739//1739 1741//1741 1742//1742
f 1744//1744 1745//1745 1741//1741
f 1746//1746 1742//1742 1741//1741
f 1748//1748 1749//1749 1746//1746
f 1747//1747 1743//1743 1749//1749
f 1751//1751 1747//1747 1750//1750
f 1753//1753 1750//1750 1749//1749
f 1755//1755 1752//1752 1750//1750
f 1756//1756 1752//1752 1755//1755
f 1758//1758 1755//1755 1753//1753
f 1757//1757 1755//1755 1758//1758
f 1757//1757 1763//1763 1760//1760
f 1760//1760 1764//1764 1765//1765
f 1767//1767 1764//1764 1763//1763
f 1769//1769 1765//1765 1764//1764
f 1770//1770 1765//1765 1769//1769
f 1965//1965 1772//1772 1769//1769
f 1771//1771 1769//1769 1772//1772
f 1771//1771 1774//1774 1776//1776
f 1779//1779 1776//1776 1774//1774
f 1781//1781 1777//1777 1776//1776
f 1777//1777 1781//1781 1784//1784
f 1782//1782 1783//1783 1781//1781
f 1787//1787 1788//1788 1784//1784
f 1786//1786 1784//1784 1788//1788
f 1786//1786 1789//1789 1790//1790
f 1792//1792 1793//1793 1789//1789
f 1790//1790 1789//1789 1793//1793
f 1794//1794 1790//1790 1793//1793
f 1794//1794 1793//1793 1795//1795
f 1797//1797 1794//1794 1796//1796
f 1799//1799 1800//1800 1796//1796
f 1798//1798 1796//1796 1800//1800
f 1801//1801 1798//1798 1802//1802
f 1804//1804 1805//1805 1803//1803
f 1808//1808 1803//1803 1806//1806
f 1809//1809 1808//1808 1807//1807
f 1808//1808 1810//1810 1811//1811
f 1803//1803 1808//1808 1813//1813
f 1801//1801 1803//1803 1814//1814
f 1798//1798 1801//1801 1797//1797
f 1794//1794 1797//1797 1815//1815
f 1790//1790 1794//1794 1817//1817
f 1818//1818 1819//1819 1791//1791
f 1785//1785 1791//1791 1819//1819
f 1821//1821 1778//1778 1820//1820
f 1785//1785 1820//1820 1778//1778
f 1822//1822 1821//1821 1820//1820
f 1824//1824 1778//1778 1821//1821
f 1826//1826 1773//1773 1824//1824
f 1778//1778 1824//1824 1773//1773
f 1773//1773 1826//1826 1770//1770
f 1831//1831 1766//1766 1828//1828
f 1770//1770 1828//1828 1766//1766
f 1832//1832 1761//1761 1831//1831
f 1760//1760 1766//1766 1831//1831
f 1833//1833 1832//1832 1831//1831
f 1756//1756 1832//1832 1833//1833
f 1757//1757 1761//1761 1832//1832
f 1835//1835 1834//1834 1833//1833
f 1837//1837 1751//1751 1834//1834
f 1756//1756 1834//1834 1751//1751
f 1838//1838 1837//1837 1835//1835
f 1747//1747 1751//1751 1837//1837
f 1841//1841 1840//1840 1838//1838
f 1742//1742 1840//1840 1841//1841
f 1844//1844 1740//1740 1842//1842
f 1742//1742 1842//1842 1740//1740
f 1845//1845 1844//1844 1843//1843
f 1847//1847 1736//1736 1844//1844
f 1740//1740 1844//1844 1736//1736
f 1848//1848 1847//1847 1845//1845
f 1849//1849 1732//1732 1847//1847
f 1736//1736 1847//1847 1732//1732
f 1850//1850 1728//1728 1849//1849
f 1732//1732 1849//1849 1728//1728
f 1851//1851 1850//1850 1848//1848
f 1728//1728 1850//1850 1727//1727
f 1853//1853 1850//1850 1851//1851
f 1855//1855 1723//1723 1850//1850
f 1727//1727 1850//1850 1723//1723
f 1856//1856 1855//1855 1853//1853
f 1858//1858 1718//1718 1855//1855
f 1723//1723 1855//1855 1718//1718
f 1859//1859 1858//1858 1856//1856
f 1710//1710 1714//1714 1858//1858
f 1718//1718 1858//1858 1714//1714
f 1861//1861 1710//1710 1859//1859
f 1864//1864 1863//1863 1861//1861
f 1865//1865 1706//1706 1863//1863
f 1710//1710 1863//1863 1706//1706
f 1866//1866 1865//1865 1864//1864
f 1867//1867 1703//1703 1865//1865
f 1706//1706 1865//1865 1703//1703
f 1868//1868 1867//1867 1866//1866
f 1694//1694 1698//1698 1867//1867
f 1703//1703 1867//1867 1698//1698
f 1870//1870 1694//1694 1869//1869
f 1698//1698 1694//1694 1693//1693
f 1873//1873 1872//1872 1870//1870
f 1683//1683 1689//1689 1872//1872
f 1694//1694 1872//1872 1689//1689
f 1874//1874 1683//1683 1873//1873
f 1876//1876 1680//1680 1874//1874
f 1675//1675 1678//1678 1878//1878
f 1680//1680 1878//1878 1678//1678
f 1880//1880 1675//1675 1878//1878
f 1882//1882 1673//1673 1880//1880
f 1675//1675 1880//1880 1673//1673
f 1885//1885 1670//1670 1882//1882
f 1669//1669 1673//1673 1882//1882
f 1663//1663 1886//1886 1660//1660
f 1664//1664 1665//1665 1886//1886
f 2069//2069 1887//1887 1660//1660
f 1891//1891 1662//1662 1890//1890
f 1661//1661 1890//1890 1662//1662
f 1892//1892 1893//1893 1662//1662
f 1663//1663 1662//1662 1895//1895
f 1664//1664 1895//1895 1896//1896
f 1666//1666 1896//1896 1897//1897
f 1668//1668 1899//1899 1901//1901
f 1671//1671 1902//1902 1904//1904
f 1904//1904 1902//1902 1903//1903
f 1905//1905 1904//1904 1903//1903
f 1907//1907 1906//1906 1905//1905
f 1906//1906 1909//1909 1681//1681
f 1911//1911 1909//1909 1907//1907
f 1912//1912 1681//1681 1909//1909
f 1913//1913 1686//1686 1910//1910
f 1685//1685 1686//1686 1913//1913
f 1916//1916 1691//1691 1913//1913
f 1691//1691 1916//1916 1695//1695
f 2100//2100 1916//1916 1914//1914
f 1917//1917 1695//1695 1916//1916
f 1695//1695 1917//1917 1700//1700
f 1918//1918 1917//1917 2100//2100
f 1920//1920 1700//1700 1917//1917
f 1700//1700 1920//1920 1704//1704
f 1921//1921 1920//1920 1918//1918
f 1923//1923 1704//1704 1920//1920
f 1704//1704 1923//1923 1708//1708
f 1924//1924 1923//1923 1921//1921
f 1926//1926 1708//1708 1923//1923
f 1708//1708 1926//1926 1712//1712
f 1927//1927 1926//1926 1924//1924
f 1929//1929 1712//1712 1926//1926
f 1712//1712 1929//1929 1716//1716
f 1930//1930 1929//1929 1927//1927
f 1932//1932 1716//1716 1929//1929
f 1716//1716 1932//1932 1720//1720
f 1933//1933 1932//1932 1930//1930
f 1720//1720 1932//1932 1933//1933
f 1720//1720 1935//1935 1724//1724
f 1936//1936 1937//1937 1935//1935
f 1938//1938 1724//1724 1935//1935
f 1724//1724 1938//1938 1730//1730
f 1939//1939 1940//1940 1938//1938
f 1730//1730 1938//1938 1940//1940
f 1942//1942 1941//1941 1940//1940
f 1942//1942 1730//1730 1941//1941
f 1730//1730 1942//1942 1734//1734
f 1945//1945 1734//1734 1942//1942
f 1734//1734 1945//1945 1738//1738
f 1946//1946 1945//1945 1943//1943
f 1948//1948 1738//1738 1945//1945
f 1951//1951 1952//1952 1950//1950
f 1744//1744 1950//1950 1952//1952
f 1744//1744 1952//1952 1748//1748
f 1748//1748 1952//1952 1953//1953
f 1748//1748 1954//1954 1749//1749
f 1953//1953 1955//1955 1954//1954
f 1754//1754 1749//1749 1954//1954
f 1956//1956 1960//1960 1754//1754
f 1958//1958 1759//1759 1754//1754
f 1758//1758 1759//1759 1958//1958
f 1959//1959 1958//1958 1957//1957
f 1961//1961 1762//1762 1958//1958
f 1762//1762 1961//1961 1768//1768
f 1962//1962 1961//1961 1959//1959
f 1963//1963 1768//1768 1961//1961
f 1768//1768 1963//1963 1965//1965
f 1964//1964 1963//1963 1962//1962
f 1966//1966 1965//1965 1964//1964
f 1967//1967 1775//1775 1965//1965
f 1775//1775 1967//1967 1780//1780
f 1968//1968 1967//1967 1966//1966
f 1780//1780 1967//1967 1968//1968
f 1972//1972 1780//1780 1968//1968
f 1970//1970 1782//1782 1780//1780
f 1783//1783 1782//1782 1970//1970
f 1971//1971 1970//1970 1972//1972
f 1787//1787 1970//1970 1971//1971
f 1788//1788 1787//1787 1973//1973
f 2162//2162 1974//1974 1973//1973
f 1792//1792 1973//1973 1974//1974
f 1793//1793 1792//1792 1975//1975
f 1795//1795 1975//1975 1976//1976
f 1800//1800 1799//1799 1978//1978
f 1800//1800 1978//1978 1979//1979
f 1802//1802 1800//1800 1980//1980
f 1981//1981 1653//1653 1805//1805
f 1982//1982 1981//1981 1980//1980
f 1983//1983 1653//1653 1981//1981
f 1652//1652 1983//1983 1984//1984
f 1651//1651 1652//1652 1984//1984
f 1807//1807 1654//1654 1651//1651
f 1807//1807 1985//1985 1986//1986
f 2177//2177 1987//1987 1986//1986
f 1809//1809 1986//1986 1987//1987
f 1807//1807 1986//1986 1809//1809
f 1988//1988 1990//1990 1987//1987
f 1991//1991 1993//1993 1990//1990
f 1809//1809 1990//1990 1993//1993
f 1992//1992 1994//1994 1993//1993
f 1810//1810 1993//1993 1994//1994
f 1811//1811 1810//1810 1994//1994
f 1812//1812 1994//1994 1995//1995
f 1996//1996 1997//1997 1812//1812
f 1999//1999 2000//2000 1998//1998
f 2001//2001 2002//2002 1818//1818
f 2199//2199 2004//2004 1823//1823
f 1825//1825 1823//1823 2004//2004
f 2006//2006 2005//2005 2004//2004
f 1827//1827 2005//2005 2006//2006
f 1825//1825 2005//2005 1827//1827
f 2008//2008 2007//2007 2006//2006
f 2009//2009 1829//1829 2007//2007
f 1826//1826 1827//1827 2007//2007
f 2010//2010 2011//2011 2009//2009
f 2012//2012 1830//1830 2009//2009
f 1829//1829 2009//2009 1830//1830
f 2013//2013 2012//2012 2011//2011
f 1830//1830 2012//2012 2015//2015
f 2016//2016 2015//2015 2013//2013
f 1836//1836 2015//2015 2016//2016
f 2019//2019 2017//2017 2016//2016
f 1839//1839 2017//2017 2019//2019
f 1836//1836 2017//2017 1839//1839
f 2022//2022 1838//1838 2019//2019
f 1839//1839 2019//2019 1838//1838
f 1838//1838 2022//2022 1841//1841
f 2024//2024 2022//2022 2020//2020
f 1841//1841 2022//2022 1846//1846
f 2026//2026 1846//1846 2024//2024
f 1846//1846 2026//2026 2028//2028
f 2029//2029 2028//2028 2026//2026
f 2031//2031 1852//1852 2028//2028
f 2032//2032 2031//2031 2029//2029
f 1854//1854 1852//1852 2031//2031
f 2034//2034 1854//1854 2032//2032
f 2037//2037 2036//2036 2034//2034
f 2038//2038 1857//1857 2036//2036
f 1854//1854 2036//2036 1857//1857
f 2039//2039 2038//2038 2037//2037
f 1862//1862 1860//1860 2038//2038
f 1857//1857 2038//2038 1860//1860
f 2041//2041 1862//1862 2039//2039
f 2043//2043 1864//1864 2041//2041
f 1862//1862 2041//2041 1864//1864
f 1869//1869 1866//1866 2043//2043
f 1864//1864 2043//2043 1866//1866
f 2046//2046 1869//1869 2044//2044
f 2047//2047 1871//1871 2046//2046
f 1869//1869 2046//2046 1871//1871
f 1871//1871 2047//2047 2050//2050
f 2051//2051 2050//2050 2048//2048
f 1875//1875 2050//2050 2051//2051
f 2053//2053 2052//2052 2051//2051
f 2055//2055 1877//1877 2052//2052
f 1875//1875 2052//2052 1877//1877
f 2056//2056 2055//2055 2053//2053
f 2057//2057 1879//1879 2055//2055
f 1876//1876 1877//1877 2055//2055
f 2058//2058 2057//2057 2056//2056
f 1879//1879 2057//2057 2059//2059
f 2061//2061 2059//2059 2058//2058
f 2061//2061 1881//1881 2059//2059
f 2063//2063 1884//1884 2061//2061
f 1881//1881 2061//2061 1884//1884
f 1883//1883 2063//2063 2064//2064
f 1884//1884 2063//2063 1883//1883
f 1885//1885 1883//1883 1886//1886
f 2068//2068 2069//2069 2067//2067
f 2259//2259 2070//2070 2069//2069
f 1887//1887 2069//2069 2070//2070
f 2074//2074 1888//1888 2072//2072
f 1890//1890 2074//2074 2075//2075
f 2266//2266 2076//2076 2075//2075
f 1891//1891 2075//2075 2076//2076
f 2077//2077 2078//2078 2076//2076
f 1892//1892 2076//2076 2078//2078
f 1893//1893 1892//1892 2079//2079
f 2080//2080 2081//2081 2079//2079
f 1894//1894 2079//2079 2081//2081
f 1895//1895 1894//1894 2082//2082
f 2083//2083 2084//2084 2082//2082
f 1896//1896 2082//2082 2084//2084
f 1897//1897 1896//1896 2085//2085
f 2086//2086 2087//2087 2085//2085
f 1898//1898 2085//2085 2087//2087
f 1899//1899 1898//1898 1900//1900
f 2088//2088 2089//2089 1900//1900
f 1901//1901 1900//1900 2089//2089
f 2090//2090 2283//2283 2089//2089
f 1903//1903 2089//2089 2283//2283
f 2093//2093 2094//2094 1908//1908
f 1908//1908 2094//2094 1911//1911
f 2096//2096 1910//1910 2094//2094
f 1910//1910 2096//2096 1915//1915
f 2097//2097 2098//2098 2096//2096
f 2099//2099 1915//1915 2098//2098
f 2102//2102 2100//2100 2099//2099
f 2104//2104 1919//1919 2100//2100
f 1919//1919 2104//2104 1922//1922
f 2105//2105 2104//2104 2102//2102
f 2107//2107 1922//1922 2104//2104
f 1922//1922 2107//2107 1925//1925
f 2108//2108 1925//1925 2107//2107
f 1925//1925 2108//2108 1928//1928
f 2109//2109 2108//2108 2105//2105
f 2111//2111 1928//1928 2108//2108
f 1928//1928 2111//2111 1931//1931
f 2112//2112 2111//2111 2109//2109
f 2113//2113 1931//1931 2111//2111
f 1931//1931 2113//2113 1934//1934
f 2114//2114 2113//2113 2112//2112
f 1934//1934 2113//2113 2114//2114
f 1933//1933 1934//1934 1936//1936
f 2115//2115 1936//1936 2114//2114
f 1937//1937 1936//1936 2116//2116
f 2117//2117 2118//2118 2116//2116
f 1939//1939 2116//2116 2118//2118
f 1940//1940 1939//1939 2119//2119
f 2120//2120 2121//2121 2119//2119
f 2121//2121 2122//2122 1944//1944
f 2123//2123 2124//2124 2122//2122
f 1944//1944 2122//2122 2124//2124
f 1944//1944 2125//2125 1947//1947
f 2126//2126 2125//2125 2124//2124
f 1947//1947 2125//2125 2126//2126
f 1946//1946 1947//1947 2129//2129
f 2131//2131 2132//2132 2130//2130
f 1951//1951 2130//2130 2132//2132
f 2133//2133 2134//2134 1951//1951
f 1952//1952 1951//1951 2134//2134
f 1953//1953 1952//1952 2134//2134
f 2135//2135 2136//2136 2134//2134
f 1953//1953 2134//2134 2136//2136
f 1953//1953 2137//2137 1956//1956
f 2138//2138 2139//2139 2137//2137
f 2140//2140 1956//1956 2137//2137
f 1956//1956 2140//2140 1960//1960
f 2141//2141 2140//2140 2139//2139
f 1960//1960 2140//2140 2141//2141
f 1957//1957 2143//2143 2146//2146
f 2147//2147 2146//2146 2143//2143
f 2150//2150 1962//1962 2146//2146
f 1964//1964 1962//1962 2150//2150
f 2151//2151 2150//2150 2147//2147
f 2153//2153 2152//2152 2151//2151
f 1966//1966 2152//2152 2153//2153
f 1966//1966 2154//2154 1969//1969
f 2155//2155 2154//2154 2153//2153
f 1969//1969 2154//2154 2155//2155
f 2157//2157 2158//2158 1972//1972
f 1971//1971 1972//1972 2159//2159
f 2160//2160 2161//2161 2159//2159
f 2162//2162 2159//2159 2161//2161
f 1976//1976 1975//1975 2163//2163
f 2164//2164 2165//2165 2163//2163
f 1976//1976 2163//2163 2165//2165
f 1977//1977 1976//1976 2166//2166
f 1979//1979 1978//1978 2167//2167
f 1982//1982 2167//2167 2168//2168
f 2169//2169 2168//2168 2166//2166
f 2169//2169 2170//2170 2168//2168
f 2365//2365 2171//2171 2170//2170
f 1983//1983 2170//2170 2171//2171
f 2368//2368 2369//2369 2172//2172
f 1984//1984 2172//2172 2369//2369
f 1984//1984 2173//2173 2174//2174
f 1651//1651 1984//1984 2174//2174
f 1651//1651 2174//2174 2371//2371
f 1986//1986 1985//1985 2176//2176
f 2374//2374 2178//2178 1989//1989
f 2181//2181 2178//2178 2179//2179
f 1989//1989 2178//2178 2181//2181
f 1988//1988 2181//2181 2182//2182
f 2183//2183 2184//2184 2182//2182
f 1988//1988 2182//2182 2184//2184
f 2185//2185 2186//2186 2184//2184
f 1991//1991 2184//2184 2186//2186
f 2188//2188 2186//2186 2187//2187
f 1992//1992 2186//2186 2188//2188
f 1994//1994 1992//1992 2191//2191
f 1997//1997 1996//1996 2194//2194
f 2196//2196 2197//2197 2001//2001
f 2198//2198 2002//2002 2197//2197
f 2002//2002 2001//2001 2197//2197
f 2003//2003 2002//2002 2198//2198
f 2200//2200 2199//2199 2198//2198
f 2202//2202 2201//2201 2200//2200
f 2204//2204 2203//2203 2202//2202
f 2010//2010 2203//2203 2204//2204
f 2206//2206 2014//2014 2204//2204
f 2208//2208 2207//2207 2206//2206
f 2210//2210 2013//2013 2207//2207
f 2014//2014 2207//2207 2013//2013
f 2212//2212 2210//2210 2208//2208
f 2212//2212 2018//2018 2210//2210
f 2013//2013 2210//2210 2018//2018
f 2215//2215 2021//2021 2212//2212
f 2018//2018 2212//2212 2021//2021
f 2216//2216 2215//2215 2213//2213
f 2217//2217 2023//2023 2215//2215
f 2021//2021 2215//2215 2023//2023
f 2218//2218 2217//2217 2216//2216
f 2220//2220 2025//2025 2217//2217
f 2023//2023 2217//2217 2025//2025
f 2221//2221 2220//2220 2218//2218
f 2222//2222 2027//2027 2220//2220
f 2025//2025 2220//2220 2027//2027
f 2223//2223 2222//2222 2221//2221
f 2225//2225 2030//2030 2222//2222
f 2027//2027 2222//2222 2030//2030
f 2226//2226 2225//2225 2223//2223
f 2228//2228 2033//2033 2225//2225
f 2030//2030 2225//2225 2033//2033
f 2229//2229 2228//2228 2226//2226
f 1638//1638 2035//2035 2228//2228
f 2033//2033 2228//2228 2035//2035
f 1639//1639 2229//2229 2230//2230
f 1639//1639 1638//1638 2229//2229
f 2231//2231 1641//1641 1639//1639
f 2232//2232 2042//2042 1641//1641
f 2234//2234 2045//2045 2232//2232
f 2238//2238 2236//2236 2234//2234
f 2238//2238 2049//2049 2236//2236
f 2241//2241 2049//2049 2238//2238
f 2242//2242 2241//2241 2239//2239
f 2242//2242 2054//2054 2241//2241
f 2049//2049 2241//2241 2054//2054
f 2245//2245 2054//2054 2242//2242
f 2246//2246 2245//2245 2243//2243
f 2246//2246 2056//2056 2245//2245
f 2054//2054 2245//2245 2056//2056
f 2060//2060 2058//2058 2246//2246
f 2056//2056 2246//2246 2058//2058
f 2249//2249 2060//2060 2247//2247
f 2251//2251 2062//2062 2249//2249
f 2060//2060 2249//2249 2062//2062
f 2062//2062 2251//2251 2064//2064
f 2253//2253 2252//2252 2251//2251
f 2065//2065 2252//2252 2253//2253
f 2257//2257 2066//2066 2253//2253
f 2449//2449 2261//2261 2260//2260
f 2072//2072 2260//2260 2261//2261
f 2071//2071 2070//2070 2260//2260
f 2073//2073 2072//2072 2262//2262
f 2073//2073 2264//2264 2265//2265
f 2458//2458 2266//2266 2265//2265
f 2075//2075 2265//2265 2266//2266
f 2268//2268 2269//2269 2267//2267
f 2077//2077 2267//2267 2269//2269
f 2078//2078 2077//2077 2270//2270
f 2080//2080 2270//2270 2271//2271
f 2081//2081 2080//2080 2272//2272
f 2273//2273 2274//2274 2272//2272
f 2083//2083 2272//2272 2274//2274
f 2084//2084 2083//2083 2275//2275
f 2276//2276 2277//2277 2275//2275
f 2086//2086 2275//2275 2277//2277
f 2087//2087 2086//2086 2279//2279
f 2089//2089 2088//2088 2280//2280
f 2281//2281 2282//2282 2280//2280
f 2090//2090 2280//2280 2282//2282
f 2284//2284 2285//2285 2283//2283
f 2091//2091 2283//2283 2285//2285
f 2092//2092 2091//2091 2286//2286
f 2094//2094 2093//2093 2289//2289
f 2290//2290 2291//2291 2289//2289
f 2095//2095 2289//2289 2291//2291
f 2293//2293 2097//2097 2291//2291
f 2097//2097 2293//2293 2294//2294
f 2295//2295 2294//2294 2293//2293
f 2101//2101 2294//2294 2295//2295
f 2297//2297 2101//2101 2295//2295
f 2299//2299 2103//2103 2101//2101
f 2103//2103 2299//2299 2106//2106
f 2300//2300 2299//2299 2297//2297
f 2302//2302 2106//2106 2299//2299
f 2106//2106 2302//2302 2110//2110
f 2303//2303 2302//2302 2300//2300
f 2305//2305 2110//2110 2302//2302
f 2306//2306 2305//2305 2303//2303
f 2307//2307 2110//2110 2305//2305
f 2110//2110 2307//2307 2310//2310
f 2308//2308 2307//2307 2306//2306
f 2311//2311 2310//2310 2308//2308
f 2312//2312 2112//2112 2310//2310
f 2313//2313 2312//2312 2311//2311
f 2312//2312 2314//2314 2117//2117
f 2315//2315 2314//2314 2313//2313
f 2318//2318 2117//2117 2314//2314
f 2117//2117 2318//2318 2120//2120
f 2121//2121 2120//2120 2319//2319
f 2320//2320 2321//2321 2319//2319
f 2123//2123 2319//2319 2321//2321
f 2123//2123 2322//2322 2127//2127
f 2513//2513 2323//2323 2322//2322
f 2127//2127 2322//2322 2323//2323
f 2127//2127 2324//2324 2128//2128
f 2325//2325 2326//2326 2324//2324
f 2128//2128 2324//2324 2326//2326
f 2129//2129 2128//2128 2327//2327
f 2519//2519 2328//2328 2327//2327
f 2131//2131 2327//2327 2328//2328
f 2131//2131 2329//2329 2133//2133
f 2330//2330 2329//2329 2328//2328
f 2133//2133 2329//2329 2330//2330
f 2133//2133 2331//2331 2135//2135
f 2332//2332 2331//2331 2330//2330
f 2334//2334 2135//2135 2331//2331
f 2135//2135 2334//2334 2138//2138
f 2335//2335 2334//2334 2332//2332
f 2337//2337 2138//2138 2334//2334
f 2138//2138 2337//2337 2142//2142
f 2338//2338 2337//2337 2335//2335
f 2340//2340 2142//2142 2337//2337
f 2141//2141 2142//2142 2340//2340
f 2342//2342 2145//2145 2340//2340
f 2145//2145 2342//2342 2149//2149
f 2343//2343 2342//2342 2340//2340
f 2149//2149 2342//2342 2343//2343
f 2348//2348 2147//2147 2148//2148
f 2147//2147 2348//2348 2156//2156
f 2349//2349 2348//2348 2345//2345
f 2351//2351 2156//2156 2348//2348
f 2352//2352 2351//2351 2349//2349
f 2156//2156 2351//2351 2352//2352
f 2156//2156 2354//2354 2157//2157
f 2355//2355 2157//2157 2354//2354
f 2158//2158 2157//2157 2355//2355
f 2545//2545 2356//2356 2355//2355
f 2160//2160 2355//2355 2356//2356
f 2161//2161 2160//2160 2357//2357
f 2162//2162 2161//2161 2358//2358
f 2359//2359 2360//2360 2358//2358
f 2164//2164 2358//2358 2360//2360
f 2165//2165 2164//2164 2361//2361
f 2360//2360 2363//2363 2361//2361
f 2165//2165 2361//2361 2363//2363
f 2169//2169 2363//2363 2364//2364
f 2171//2171 2365//2365 2366//2366
f 2367//2367 2368//2368 2366//2366
f 2173//2173 2369//2369 2558//2558
f 2370//2370 2175//2175 2174//2174
f 2370//2370 2560//2560 2175//2175
f 2372//2372 2373//2373 2371//2371
f 2176//2176 2371//2371 2373//2373
f 2177//2177 2176//2176 2373//2373
f 2565//2565 2375//2375 2180//2180
f 2178//2178 2374//2374 2180//2180
f 2179//2179 2180//2180 2376//2376
f 2181//2181 2179//2179 2376//2376
f 2181//2181 2377//2377 2378//2378
f 2379//2379 2183//2183 2378//2378
f 2182//2182 2378//2378 2183//2183
f 2187//2187 2185//2185 2380//2380
f 2187//2187 2381//2381 2382//2382
f 2189//2189 2382//2382 2383//2383
f 2384//2384 2189//2189 2383//2383
f 2190//2190 2189//2189 2384//2384
f 2386//2386 2190//2190 2384//2384
f 2192//2192 2190//2190 2386//2386
f 2194//2194 2192//2192 2386//2386
f 2387//2387 2194//2194 2386//2386
f 2390//2390 2196//2196 2388//2388
f 2195//2195 2388//2388 2196//2196
f 2592//2592 2196//2196 2390//2390
f 2197//2197 2196//2196 2592//2592
f 2394//2394 2393//2393 2392//2392
f 2394//2394 2202//2202 2393//2393
f 2395//2395 2396//2396 2394//2394
f 2397//2397 2205//2205 2394//2394
f 2202//2202 2394//2394 2205//2205
f 2398//2398 2397//2397 2396//2396
f 2209//2209 2204//2204 2397//2397
f 2205//2205 2397//2397 2204//2204
f 2400//2400 2209//2209 2398//2398
f 2403//2403 2402//2402 2400//2400
f 2214//2214 2211//2211 2402//2402
f 2209//2209 2402//2402 2211//2211
f 2405//2405 2214//2214 2403//2403
f 2407//2407 2406//2406 2405//2405
f 2214//2214 2406//2406 2219//2219
f 2409//2409 2406//2406 2407//2407
f 2411//2411 2219//2219 2406//2406
f 2412//2412 2411//2411 2409//2409
f 2414//2414 2224//2224 2411//2411
f 2219//2219 2411//2411 2224//2224
f 2415//2415 2414//2414 2412//2412
f 2416//2416 2224//2224 2414//2414
f 2417//2417 2416//2416 2415//2415
f 2418//2418 2227//2227 2416//2416
f 2224//2224 2416//2416 2227//2227
f 2419//2419 2418//2418 2417//2417
f 2231//2231 2230//2230 2418//2418
f 2227//2227 2418//2418 2230//2230
f 2420//2420 2421//2421 2419//2419
f 2231//2231 2419//2419 2421//2421
f 2422//2422 2235//2235 2421//2421
f 2231//2231 2421//2421 2235//2235
f 2235//2235 2422//2422 2237//2237
f 2424//2424 2237//2237 2422//2422
f 2428//2428 2240//2240 2426//2426
f 2237//2237 2426//2426 2240//2240
f 2429//2429 2428//2428 2426//2426
f 2430//2430 2244//2244 2428//2428
f 2240//2240 2428//2428 2244//2244
f 2431//2431 2430//2430 2429//2429
f 2433//2433 2244//2244 2430//2430
f 2244//2244 2433//2433 2434//2434
f 2435//2435 2434//2434 2433//2433
f 2248//2248 2247//2247 2434//2434
f 2437//2437 2438//2438 2248//2248
f 2440//2440 2250//2250 2438//2438
f 2248//2248 2438//2438 2250//2250
f 2250//2250 2440//2440 2443//2443
f 2254//2254 2443//2443 2444//2444
f 2444//2444 2256//2256 2254//2254
f 2255//2255 2254//2254 2256//2256
f 2257//2257 2446//2446 2258//2258
f 2259//2259 2258//2258 2448//2448
f 2450//2450 2449//2449 2448//2448
f 2261//2261 2449//2449 2450//2450
f 2452//2452 2453//2453 2450//2450
f 2454//2454 2450//2450 2453//2453
f 2262//2262 2261//2261 2450//2450
f 2456//2456 2263//2263 2455//2455
f 2262//2262 2455//2455 2263//2263
f 2456//2456 2264//2264 2263//2263
f 2457//2457 2458//2458 2264//2264
f 2460//2460 2461//2461 2459//2459
f 2268//2268 2459//2459 2461//2461
f 2657//2657 2462//2462 2268//2268
f 2270//2270 2268//2268 2462//2462
f 2271//2271 2270//2270 2464//2464
f 2274//2274 2273//2273 2276//2276
f 2465//2465 2467//2467 2276//2276
f 2277//2277 2276//2276 2466//2466
f 2467//2467 2468//2468 2466//2466
f 2278//2278 2466//2466 2468//2468
f 2279//2279 2278//2278 2469//2469
f 2470//2470 2471//2471 2469//2469
f 2281//2281 2469//2469 2471//2471
f 2282//2282 2281//2281 2472//2472
f 2473//2473 2474//2474 2472//2472
f 2284//2284 2472//2472 2474//2474
f 2285//2285 2284//2284 2475//2475
f 2288//2288 2287//2287 2478//2478
f 2479//2479 2480//2480 2478//2478
f 2290//2290 2478//2478 2480//2480
f 2291//2291 2290//2290 2481//2481
f 2673//2673 2482//2482 2481//2481
f 2292//2292 2481//2481 2482//2482
f 2293//2293 2482//2482 2483//2483
f 2485//2485 2486//2486 2484//2484
f 2487//2487 2296//2296 2484//2484
f 2296//2296 2487//2487 2298//2298
f 2488//2488 2298//2298 2487//2487
f 2298//2298 2488//2488 2301//2301
f 2490//2490 2488//2488 2487//2487
f 2490//2490 2301//2301 2488//2488
f 2301//2301 2490//2490 2304//2304
f 2492//2492 2304//2304 2490//2490
f 2493//2493 2492//2492 2491//2491
f 2492//2492 2494//2494 2309//2309
f 2495//2495 2309//2309 2494//2494
f 2309//2309 2495//2495 2308//2308
f 2496//2496 2495//2495 2494//2494
f 2498//2498 2308//2308 2495//2495
f 2499//2499 2498//2498 2496//2496
f 2498//2498 2501//2501 2316//2316
f 2502//2502 2501//2501 2499//2499
f 2504//2504 2316//2316 2501//2501
f 2315//2315 2316//2316 2504//2504
f 2505//2505 2504//2504 2502//2502
f 2317//2317 2504//2504 2505//2505
f 2317//2317 2507//2507 2320//2320
f 2508//2508 2509//2509 2507//2507
f 2320//2320 2507//2507 2509//2509
f 2321//2321 2320//2320 2510//2510
f 2511//2511 2512//2512 2510//2510
f 2514//2514 2513//2513 2512//2512
f 2325//2325 2513//2513 2514//2514
f 2326//2326 2325//2325 2516//2516
f 2517//2517 2518//2518 2516//2516
f 2520//2520 2519//2519 2518//2518
f 2523//2523 2522//2522 2520//2520
f 2524//2524 2333//2333 2522//2522
f 2333//2333 2524//2524 2336//2336
f 2525//2525 2524//2524 2523//2523
f 2336//2336 2524//2524 2525//2525
f 2336//2336 2527//2527 2339//2339
f 2528//2528 2527//2527 2525//2525
f 2528//2528 2339//2339 2527//2527
f 2339//2339 2528//2528 2341//2341
f 2531//2531 2341//2341 2528//2528
f 2341//2341 2531//2531 2344//2344
f 2532//2532 2533//2533 2531//2531
f 2534//2534 2344//2344 2531//2531
f 2344//2344 2534//2534 2347//2347
f 2535//2535 2536//2536 2534//2534
f 2347//2347 2534//2534 2536//2536
f 2347//2347 2537//2537 2350//2350
f 2350//2350 2537//2537 2538//2538
f 2345//2345 2539//2539 2353//2353
f 2540//2540 2541//2541 2539//2539
f 2353//2353 2539//2539 2541//2541
f 2352//2352 2353//2353 2543//2543
f 2354//2354 2543//2543 2544//2544
f 2356//2356 2545//2545 2546//2546
f 2547//2547 2548//2548 2546//2546
f 2357//2357 2546//2546 2548//2548
f 2551//2551 2553//2553 2359//2359
f 2360//2360 2359//2359 2553//2553
f 2552//2552 2554//2554 2553//2553
f 2364//2364 2553//2553 2554//2554
f 2555//2555 2556//2556 2554//2554
f 2366//2366 2554//2554 2556//2556
f 2369//2369 2367//2367 2557//2557
f 2759//2759 2370//2370 2558//2558
f 2561//2561 2562//2562 2560//2560
f 2372//2372 2560//2560 2562//2562
f 2373//2373 2372//2372 2563//2563
f 2374//2374 2373//2373 2565//2565
f 2375//2375 2565//2565 2567//2567
f 2376//2376 2375//2375 2569//2569
f 2377//2377 2376//2376 2569//2569
f 2379//2379 2377//2377 2570//2570
f 2574//2574 2572//2572 2573//2573
f 2380//2380 2572//2572 2574//2574
f 2381//2381 2574//2574 2575//2575
f 2382//2382 2575//2575 2576//2576
f 2578//2578 2579//2579 2576//2576
f 2385//2385 2382//2382 2576//2576
f 2383//2383 2382//2382 2385//2385
f 2580//2580 2385//2385 2579//2579
f 2384//2384 2385//2385 2582//2582
f 2384//2384 2582//2582 2386//2386
f 2584//2584 2386//2386 2582//2582
f 2386//2386 2584//2584 2387//2387
f 2387//2387 2584//2584 2585//2585
f 2389//2389 2387//2387 2586//2586
f 2587//2587 2389//2389 2586//2586
f 2389//2389 2588//2588 2589//2589
f 2590//2590 2589//2589 2588//2588
f 2593//2593 2391//2391 2592//2592
f 2596//2596 2392//2392 2593//2593
f 2597//2597 2395//2395 2596//2596
f 2392//2392 2596//2596 2395//2395
f 2599//2599 2399//2399 2597//2597
f 2395//2395 2597//2597 2399//2399
f 2600//2600 2599//2599 2597//2597
f 2601//2601 2401//2401 2599//2599
f 2398//2398 2399//2399 2599//2599
f 2602//2602 2601//2601 2600//2600
f 2604//2604 2404//2404 2601//2601
f 2401//2401 2601//2601 2404//2404
f 2607//2607 2604//2604 2602//2602
f 2606//2606 2408//2408 2604//2604
f 2404//2404 2604//2604 2408//2408
f 2608//2608 2606//2606 2607//2607
f 2608//2608 2408//2408 2606//2606
f 2611//2611 2410//2410 2608//2608
f 2408//2408 2608//2608 2410//2410
f 2612//2612 2611//2611 2609//2609
f 2613//2613 2413//2413 2611//2611
f 2410//2410 2611//2611 2413//2413
f 2614//2614 2613//2613 2612//2612
f 2413//2413 2613//2613 2616//2616
f 2618//2618 2616//2616 2614//2614
f 2618//2618 2415//2415 2616//2616
f 2415//2415 2618//2618 2420//2420
f 2619//2619 2425//2425 2423//2423
f 2620//2620 2619//2619 2617//2617
f 2621//2621 2427//2427 2619//2619
f 2425//2425 2619//2619 2427//2427
f 2427//2427 2621//2621 2432//2432
f 2624//2624 2432//2432 2621//2621
f 2432//2432 2624//2624 2626//2626
f 2627//2627 2626//2626 2625//2625
f 2628//2628 2436//2436 2626//2626
f 2629//2629 2628//2628 2627//2627
f 2439//2439 2437//2437 2628//2628
f 2436//2436 2628//2628 2437//2437
f 2442//2442 2439//2439 2629//2629
f 2438//2438 2437//2437 2439//2439
f 2634//2634 2635//2635 2633//2633
f 2444//2444 2633//2633 2635//2635
f 2442//2442 2633//2633 2444//2444
f 2444//2444 2635//2635 2636//2636
f 2637//2637 2445//2445 2636//2636
f 2446//2446 2445//2445 2637//2637
f 2451//2451 2447//2447 2639//2639
f 2640//2640 2451//2451 2639//2639
f 2452//2452 2640//2640 2642//2642
f 2450//2450 2451//2451 2640//2640
f 2841//2841 2643//2643 2452//2452
f 2644//2644 2452//2452 2643//2643
f 2454//2454 2453//2453 2644//2644
f 2648//2648 2644//2644 2645//2645
f 2454//2454 2644//2644 2648//2648
f 2649//2649 2648//2648 2647//2647
f 2456//2456 2648//2648 2649//2649
f 2651//2651 2457//2457 2649//2649
f 2456//2456 2649//2649 2457//2457
f 2652//2652 2654//2654 2457//2457
f 2857//2857 2460//2460 2654//2654
f 2459//2459 2654//2654 2460//2460
f 2655//2655 2860//2860 2460//2460
f 2656//2656 2657//2657 2461//2461
f 2659//2659 2660//2660 2658//2658
f 2463//2463 2658//2658 2660//2660
f 2462//2462 2657//2657 2658//2658
f 2660//2660 2465//2465 2463//2463
f 2865//2865 2866//2866 2467//2467
f 2468//2468 2467//2467 2661//2661
f 2662//2662 2663//2663 2661//2661
f 2470//2470 2661//2661 2663//2663
f 2471//2471 2470//2470 2664//2664
f 2473//2473 2664//2664 2665//2665
f 2474//2474 2473//2473 2667//2667
f 2668//2668 2669//2669 2476//2476
f 2477//2477 2476//2476 2670//2670
f 2669//2669 2671//2671 2670//2670
f 2479//2479 2670//2670 2671//2671
f 2480//2480 2479//2479 2671//2671
f 2672//2672 2673//2673 2671//2671
f 2482//2482 2673//2673 2674//2674
f 2675//2675 2676//2676 2674//2674
f 2483//2483 2674//2674 2676//2676
f 2678//2678 2679//2679 2677//2677
f 2485//2485 2677//2677 2679//2679
f 2486//2486 2485//2485 2681//2681
f 2682//2682 2683//2683 2486//2486
f 2489//2489 2486//2486 2683//2683
f 2684//2684 2686//2686 2493//2493
f 2688//2688 2493//2493 2686//2686
f 2493//2493 2688//2688 2497//2497
f 2689//2689 2688//2688 2686//2686
f 2693//2693 2688//2688 2689//2689
f 2692//2692 2497//2497 2688//2688
f 2497//2497 2692//2692 2500//2500
f 2694//2694 2500//2500 2692//2692
f 2500//2500 2694//2694 2503//2503
f 2695//2695 2694//2694 2692//2692
f 2697//2697 2503//2503 2694//2694
f 2503//2503 2697//2697 2506//2506
f 2698//2698 2697//2697 2695//2695
f 2700//2700 2506//2506 2697//2697
f 2506//2506 2700//2700 2508//2508
f 2701//2701 2700//2700 2698//2698
f 2703//2703 2508//2508 2700//2700
f 2509//2509 2508//2508 2703//2703
f 2704//2704 2705//2705 2703//2703
f 2511//2511 2703//2703 2705//2705
f 2512//2512 2511//2511 2706//2706
f 2707//2707 2706//2706 2705//2705
f 2709//2709 2515//2515 2706//2706
f 2514//2514 2515//2515 2709//2709
f 2710//2710 2709//2709 2707//2707
f 2517//2517 2709//2709 2710//2710
f 2517//2517 2712//2712 2521//2521
f 2713//2713 2712//2712 2710//2710
f 2521//2521 2712//2712 2717//2717
f 2715//2715 2712//2712 2713//2713
f 2718//2718 2717//2717 2715//2715
f 2720//2720 2526//2526 2717//2717
f 2526//2526 2720//2720 2530//2530
f 2721//2721 2720//2720 2718//2718
f 2723//2723 2530//2530 2720//2720
f 2724//2724 2723//2723 2721//2721
f 2726//2726 2530//2530 2723//2723
f 2530//2530 2726//2726 2532//2532
f 2727//2727 2726//2726 2724//2724
f 2729//2729 2532//2532 2726//2726
f 2532//2532 2729//2729 2535//2535
f 2730//2730 2731//2731 2729//2729
f 2535//2535 2729//2729 2731//2731
f 2536//2536 2535//2535 2732//2732
f 2733//2733 2734//2734 2732//2732
f 2538//2538 2732//2732 2734//2734
f 2736//2736 2735//2735 2734//2734
f 2540//2540 2735//2735 2736//2736
f 2541//2541 2540//2540 2738//2738
f 2739//2739 2738//2738 2736//2736
f 2542//2542 2738//2738 2739//2739
f 2543//2543 2542//2542 2741//2741
f 2544//2544 2741//2741 2742//2742
f 2545//2545 2544//2544 2547//2547
f 2548//2548 2547//2547 2744//2744
f 2549//2549 2744//2744 2745//2745
f 2550//2550 2549//2549 2746//2746
f 2747//2747 2748//2748 2746//2746
f 2551//2551 2746//2746 2748//2748
f 2749//2749 2750//2750 2748//2748
f 2552//2552 2748//2748 2750//2750
f 2751//2751 2752//2752 2750//2750
f 2552//2552 2750//2750 2752//2752
f 2753//2753 2555//2555 2752//2752
f 2554//2554 2752//2752 2555//2555
f 2959//2959 2754//2754 2555//2555
f 2961//2961 2755//2755 2754//2754
f 2556//2556 2755//2755 2756//2756
f 2757//2757 2963//2963 2756//2756
f 2557//2557 2756//2756 2963//2963
f 2559//2559 2759//2759 2760//2760
f 2562//2562 2561//2561 2967//2967
f 2564//2564 2562//2562 2763//2763
f 2764//2764 2765//2765 2566//2566
f 2565//2565 2564//2564 2566//2566
f 2766//2766 2767//2767 2568//2568
f 2771//2771 2767//2767 2768//2768
f 2569//2569 2568//2568 2767//2767
f 2770//2770 2772//2772 2771//2771
f 2570//2570 2569//2569 2771//2771
f 2571//2571 2570//2570 2772//2772
f 2774//2774 2772//2772 2773//2773
f 2572//2572 2571//2571 2774//2774
f 2573//2573 2572//2572 2775//2775
f 2776//2776 2777//2777 2573//2573
f 2577//2577 2777//2777 2778//2778
f 2575//2575 2777//2777 2577//2577
f 2779//2779 2577//2577 2778//2778
f 2780//2780 2779//2779 2781//2781
f 2782//2782 2578//2578 2779//2779
f 2578//2578 2782//2782 2783//2783
f 2784//2784 2783//2783 2782//2782
f 2581//2581 2783//2783 2784//2784
f 2785//2785 2581//2581 2784//2784
f 2787//2787 2583//2583 2581//2581
f 2583//2583 2787//2787 2788//2788
f 2789//2789 2788//2788 2787//2787
f 2790//2790 2585//2585 2788//2788
f 2586//2586 2585//2585 2790//2790
f 2791//2791 2790//2790 2789//2789
f 2793//2793 2792//2792 2791//2791
f 2794//2794 2587//2587 2792//2792
f 3002//3002 2794//2794 2793//2793
f 2587//2587 2794//2794 2591//2591
f 2795//2795 2794//2794 3002//3002
f 2591//2591 2794//2794 2796//2796
f 2797//2797 2595//2595 2796//2796
f 2798//2798 2595//2595 2797//2797
f 2799//2799 2798//2798 2797//2797
f 2595//2595 2798//2798 2801//2801
f 2802//2802 2801//2801 2799//2799
f 2803//2803 2598//2598 2801//2801
f 2598//2598 2803//2803 2804//2804
f 2805//2805 2804//2804 2803//2803
f 2807//2807 2603//2603 2804//2804
f 2808//2808 2807//2807 2805//2805
f 2810//2810 2605//2605 2807//2807
f 2603//2603 2807//2807 2605//2605
f 2811//2811 2810//2810 2808//2808
f 2610//2610 2607//2607 2810//2810
f 2605//2605 2810//2810 2607//2607
f 2615//2615 2612//2612 2813//2813
f 2610//2610 2813//2813 2612//2612
f 2816//2816 2615//2615 2813//2813
f 2615//2615 2816//2816 2617//2617
f 2815//2815 2817//2817 2620//2620
f 2622//2622 2620//2620 2817//2817
f 2621//2621 2622//2622 2819//2819
f 2820//2820 2821//2821 2623//2623
f 2625//2625 2623//2623 2821//2821
f 2625//2625 2822//2822 2627//2627
f 2823//2823 2824//2824 2630//2630
f 2825//2825 2631//2631 2824//2824
f 2825//2825 2827//2827 2632//2632
f 2633//2633 2632//2632 2829//2829
f 2831//2831 2638//2638 2634//2634
f 2636//2636 2634//2634 2638//2638
f 2831//2831 2832//2832 2638//2638
f 2835//2835 2637//2637 2833//2833
f 2638//2638 2833//2833 2637//2637
f 2641//2641 2639//2639 2835//2835
f 2637//2637 2835//2835 2639//2639
f 2837//2837 2838//2838 2641//2641
f 2642//2642 2839//2839 2840//2840
f 2641//2641 2839//2839 2642//2642
f 2844//2844 2841//2841 2842//2842
f 2846//2846 2844//2844 2845//2845
f 2848//2848 2846//2846 2847//2847
f 2645//2645 2643//2643 2846//2846
f 2850//2850 2849//2849 2848//2848
f 2645//2645 2848//2848 2849//2849
f 2850//2850 2647//2647 2849//2849
f 2647//2647 2646//2646 2849//2849
f 2852//2852 2853//2853 2851//2851
f 2650//2650 2851//2851 2853//2853
f 2854//2854 2853//2853 2852//2852
f 2651//2651 2853//2853 2854//2854
f 2653//2653 2854//2854 2855//2855
f 2652//2652 2854//2854 2653//2653
f 2655//2655 2857//2857 2858//2858
f 3059//3059 2859//2859 2858//2858
f 2655//2655 2858//2858 2859//2859
f 2859//2859 2861//2861 2860//2860
f 2656//2656 2860//2860 2861//2861
f 2861//2861 2862//2862 2656//2656
f 2659//2659 2656//2656 2862//2862
f 2660//2660 2659//2659 2862//2862
f 2863//2863 2864//2864 2862//2862
f 2660//2660 2862//2862 2864//2864
f 2465//2465 2660//2660 2865//2865
f 2867//2867 2868//2868 2866//2866
f 2662//2662 2866//2866 2868//2868
f 2663//2663 2662//2662 2869//2869
f 2870//2870 2666//2666 2869//2869
f 2665//2665 2666//2666 2871//2871
f 2872//2872 2873//2873 2871//2871
f 2668//2668 2871//2871 2873//2873
f 2669//2669 2668//2668 2874//2874
f 2875//2875 2876//2876 2874//2874
f 2669//2669 2874//2874 2876//2876
f 2671//2671 2669//2669 2672//2672
f 3079//3079 2877//2877 2672//2672
f 2673//2673 2672//2672 2878//2878
f 2879//2879 2880//2880 2878//2878
f 2675//2675 2878//2878 2880//2880
f 2881//2881 2882//2882 2675//2675
f 2678//2678 2675//2675 2882//2882
f 2679//2679 2678//2678 2883//2883
f 2884//2884 2885//2885 2883//2883
f 2680//2680 2883//2883 2885//2885
f 2681//2681 2680//2680 2886//2886
f 2887//2887 2888//2888 2886//2886
f 2682//2682 2886//2886 2888//2888
f 2683//2683 2682//2682 2889//2889
f 2890//2890 2889//2889 2888//2888
f 2685//2685 2889//2889 2890//2890
f 2685//2685 2892//2892 2687//2687
f 2893//2893 2892//2892 2890//2890
f 2687//2687 2892//2892 2893//2893
f 2687//2687 2895//2895 2690//2690
f 2896//2896 2895//2895 2893//2893
f 2897//2897 2690//2690 2895//2895
f 2690//2690 2897//2897 2691//2691
f 2898//2898 2897//2897 2896//2896
f 2899//2899 2691//2691 2897//2897
f 2691//2691 2899//2899 2693//2693
f 2900//2900 2899//2899 2898//2898
f 2902//2902 2693//2693 2899//2899
f 2693//2693 2902//2902 2696//2696
f 2903//2903 2902//2902 2900//2900
f 2904//2904 2696//2696 2902//2902
f 2696//2696 2904//2904 2699//2699
f 2905//2905 2904//2904 2903//2903
f 2907//2907 2699//2699 2904//2904
f 2699//2699 2907//2907 2702//2702
f 2908//2908 2907//2907 2905//2905
f 2910//2910 2702//2702 2907//2907
f 2702//2702 2910//2910 2704//2704
f 2911//2911 2910//2910 2908//2908
f 2913//2913 2704//2704 2910//2910
f 2704//2704 2913//2913 2708//2708
f 2914//2914 2915//2915 2913//2913
f 2916//2916 2708//2708 2913//2913
f 2708//2708 2916//2916 2711//2711
f 2917//2917 2918//2918 2916//2916
f 2919//2919 2711//2711 2916//2916
f 2711//2711 2919//2919 2714//2714
f 2920//2920 2921//2921 2919//2919
f 2922//2922 2714//2714 2919//2919
f 2714//2714 2922//2922 2716//2716
f 2923//2923 2922//2922 2921//2921
f 2925//2925 2716//2716 2922//2922
f 2716//2716 2925//2925 2719//2719
f 2926//2926 2925//2925 2923//2923
f 2927//2927 2719//2719 2925//2925
f 2719//2719 2927//2927 2722//2722
f 2928//2928 2927//2927 2926//2926
f 2930//2930 2722//2722 2927//2927
f 2722//2722 2930//2930 2725//2725
f 2932//2932 2725//2725 2930//2930
f 2725//2725 2932//2932 2728//2728
f 2933//2933 2932//2932 2928//2928
f 2728//2728 2932//2932 2933//2933
f 2727//2727 2728//2728 2935//2935
f 2936//2936 2937//2937 2935//2935
f 2730//2730 2935//2935 2937//2937
f 2731//2731 2730//2730 2938//2938
f 2939//2939 2938//2938 2937//2937
f 2733//2733 2938//2938 2939//2939
f 2734//2734 2733//2733 2940//2940
f 2941//2941 2942//2942 2940//2940
f 2737//2737 2940//2940 2942//2942
f 2737//2737 2944//2944 2740//2740
f 2739//2739 2740//2740 2945//2945
f 2742//2742 2945//2945 2946//2946
f 2948//2948 2949//2949 2947//2947
f 2743//2743 2947//2947 2949//2949
f 2950//2950 2951//2951 2949//2949
f 2744//2744 2949//2949 2951//2951
f 2745//2745 2744//2744 2952//2952
f 2953//2953 2954//2954 2952//2952
f 2747//2747 2952//2952 2954//2954
f 2955//2955 2956//2956 2954//2954
f 2749//2749 2954//2954 2956//2956
f 2957//2957 2753//2753 2956//2956
f 2751//2751 2956//2956 2753//2753
f 2958//2958 2959//2959 2957//2957
f 2960//2960 2961//2961 2959//2959
f 2755//2755 2961//2961 2757//2757
f 3157//3157 2964//2964 2963//2963
f 2758//2758 2963//2963 2964//2964
f 2760//2760 2964//2964 3159//3159
f 2966//2966 2967//2967 2761//2761
f 2968//2968 2969//2969 2967//2967
f 2763//2763 2967//2967 2969//2969
f 2764//2764 2969//2969 2970//2970
f 2766//2766 2971//2971 2972//2972
f 2764//2764 2971//2971 2766//2766
f 2972//2972 2974//2974 2973//2973
f 2768//2768 2973//2973 2974//2974
f 2767//2767 2766//2766 2973//2973
f 3168//3168 2976//2976 2975//2975
f 2977//2977 2978//2978 2975//2975
f 2769//2769 2978//2978 2977//2977
f 2769//2769 2768//2768 2978//2978
f 2981//2981 2769//2769 2979//2979
f 2773//2773 2981//2981 2980//2980
f 2770//2770 2981//2981 2773//2773
f 2983//2983 2773//2773 2982//2982
f 2776//2776 2775//2775 2983//2983
f 2988//2988 2984//2984 2985//2985
f 2781//2781 2778//2778 2988//2988
f 2989//2989 2988//2988 2987//2987
f 2990//2990 2781//2781 2989//2989
f 2781//2781 2990//2990 2780//2780
f 2780//2780 2990//2990 2786//2786
f 2991//2991 2990//2990 3185//3185
f 2991//2991 2786//2786 2990//2990
f 3187//3187 2993//2993 2991//2991
f 2786//2786 2991//2991 2785//2785
f 2995//2995 2785//2785 2991//2991
f 2996//2996 2785//2785 2995//2995
f 2785//2785 2996//2996 2789//2789
f 2997//2997 2996//2996 2995//2995
f 2789//2789 2996//2996 2791//2791
f 2999//2999 2791//2791 2996//2996
f 2791//2791 2999//2999 2793//2793
f 3000//3000 2999//2999 2997//2997
f 2793//2793 2999//2999 3002//3002
f 3002//3002 1658//1658 2800//2800
f 1659//1659 3005//3005 3006//3006
f 2800//2800 3008//3008 2799//2799
f 2802//2802 2799//2799 3007//3007
f 3010//3010 3009//3009 3007//3007
f 3011//3011 2806//2806 3009//3009
f 3012//3012 3011//3011 3010//3010
f 3013//3013 2809//2809 3011//3011
f 2806//2806 3011//3011 2809//2809
f 2809//2809 3013//3013 3015//3015
f 3016//3016 3015//3015 3012//3012
f 3016//3016 2812//2812 3015//3015
f 2814//2814 3016//3016 3017//3017
f 2812//2812 3016//3016 2814//2814
f 2818//2818 3019//3019 3017//3017
f 2817//2817 2815//2815 3019//3019
f 2814//2814 3019//3019 2815//2815
f 2820//2820 2818//2818 3018//3018
f 3020//3020 2823//2823 2820//2820
f 2821//2821 2820//2820 2823//2823
f 2822//2822 2821//2821 2823//2823
f 3208//3208 3023//3023 2826//2826
f 3024//3024 2825//2825 2826//2826
f 2828//2828 3024//3024 3023//3023
f 2825//2825 3024//3024 2828//2828
f 3025//3025 2830//2830 3023//3023
f 2829//2829 2828//2828 2830//2830
f 3026//3026 2831//2831 3025//3025
f 3027//3027 2831//2831 3026//3026
f 2832//2832 2831//2831 3029//3029
f 3030//3030 2834//2834 3029//3029
f 2836//2836 2834//2834 3030//3030
f 3033//3033 3031//3031 3030//3030
f 3033//3033 2837//2837 3031//3031
f 2836//2836 3031//3031 2837//2837
f 2840//2840 3033//3033 3034//3034
f 2837//2837 3033//3033 2840//2840
f 3037//3037 3036//3036 3035//3035
f 2843//2843 3036//3036 3037//3037
f 3038//3038 3041//3041 3037//3037
f 2845//2845 3041//3041 3040//3040
f 2842//2842 3041//3041 2845//2845
f 3043//3043 2845//2845 3042//3042
f 3045//3045 3046//3046 3043//3043
f 2847//2847 3043//3043 3046//3046
f 3047//3047 3046//3046 3045//3045
f 2850//2850 2847//2847 3046//3046
f 2850//2850 3048//3048 3049//3049
f 3051//3051 2852//2852 3049//3049
f 2851//2851 3049//3049 2852//2852
f 3050//3050 2852//2852 3051//3051
f 2855//2855 3050//3050 3052//3052
f 3053//3053 3054//3054 3052//3052
f 2855//2855 3052//3052 3054//3054
f 3055//3055 3054//3054 3053//3053
f 2856//2856 3054//3054 3055//3055
f 3057//3057 3058//3058 3055//3055
f 2856//2856 3055//3055 3058//3058
f 3059//3059 3058//3058 3057//3057
f 3060//3060 3061//3061 3059//3059
f 2859//2859 3059//3059 3061//3061
f 2861//2861 2859//2859 3062//3062
f 3064//3064 3065//3065 3063//3063
f 2863//2863 3063//3063 3065//3065
f 2862//2862 2861//2861 3063//3063
f 2864//2864 2863//2863 3066//3066
f 3067//3067 3068//3068 3066//3066
f 2865//2865 3068//3068 3070//3070
f 2868//2868 2867//2867 3071//3071
f 2666//2666 2870//2870 3072//3072
f 3073//3073 3074//3074 3072//3072
f 2872//2872 3072//3072 3074//3074
f 2873//2873 2872//2872 3075//3075
f 3076//3076 3077//3077 3075//3075
f 2875//2875 3075//3075 3077//3077
f 2876//2876 2875//2875 3077//3077
f 3078//3078 3079//3079 3077//3077
f 2877//2877 3079//3079 3080//3080
f 2880//2880 2879//2879 3081//3081
f 3264//3264 3082//3082 3081//3081
f 2881//2881 3081//3081 3082//3082
f 2882//2882 2881//2881 3083//3083
f 3084//3084 3085//3085 3083//3083
f 2884//2884 3083//3083 3085//3085
f 2885//2885 2884//2884 3086//3086
f 3087//3087 3086//3086 3085//3085
f 2887//2887 3086//3086 3087//3087
f 2888//2888 2887//2887 3088//3088
f 3089//3089 3088//3088 3087//3087
f 2891//2891 3088//3088 3089//3089
f 2890//2890 2891//2891 3090//3090
f 3091//3091 3090//3090 3089//3089
f 3093//3093 2894//2894 3090//3090
f 2894//2894 3093//3093 2893//2893
f 3094//3094 3093//3093 3091//3091
f 3095//3095 2893//2893 3093//3093
f 2893//2893 3095//3095 2901//2901
f 3096//3096 3095//3095 3094//3094
f 3098//3098 2901//2901 3095//3095
f 3099//3099 2901//2901 3098//3098
f 2901//2901 3099//3099 2906//2906
f 3100//3100 3099//3099 3098//3098
f 3101//3101 3099//3099 3100//3100
f 3103//3103 2906//2906 3099//3099
f 2906//2906 3103//3103 2909//2909
f 3104//3104 3103//3103 3101//3101
f 3106//3106 2909//2909 3103//3103
f 2909//2909 3106//3106 2912//2912
f 3107//3107 3289//3289 3106//3106
f 2912//2912 3106//3106 3289//3289
f 2911//2911 2912//2912 2914//2914
f 3108//3108 3109//3109 2914//2914
f 2914//2914 3110//3110 2917//2917
f 3111//3111 3112//3112 3110//3110
f 3112//3112 2917//2917 3110//3110
f 2917//2917 3112//3112 2920//2920
f 3113//3113 3114//3114 3112//3112
f 3115//3115 2920//2920 3112//3112
f 2920//2920 3115//3115 2924//2924
f 3116//3116 3117//3117 3115//3115
f 3118//3118 2924//2924 3115//3115
f 2924//2924 3118//3118 2926//2926
f 3119//3119 3118//3118 3117//3117
f 3121//3121 2926//2926 3118//3118
f 2926//2926 3121//3121 2929//2929
f 3122//3122 3121//3121 3119//3119
f 3124//3124 2929//2929 3121//3121
f 2929//2929 3124//3124 2931//2931
f 3125//3125 3124//3124 3122//3122
f 3127//3127 2931//2931 3124//3124
f 2931//2931 3127//3127 2934//2934
f 3129//3129 3127//3127 3125//3125
f 3129//3129 2934//2934 3127//3127
f 2934//2934 3129//3129 2936//2936
f 3131//3131 2936//2936 3129//3129
f 2936//2936 3131//3131 3133//3133
f 3134//3134 3133//3133 3131//3131
f 2941//2941 3133//3133 3134//3134
f 2942//2942 2941//2941 3136//3136
f 3137//3137 3138//3138 3136//3136
f 2943//2943 3136//3136 3138//3138
f 2944//2944 2943//2943 3139//3139
f 3140//3140 3141//3141 3139//3139
f 3142//3142 2946//2946 3139//3139
f 3143//3143 3144//3144 3142//3142
f 2948//2948 3142//3142 3144//3144
f 2949//2949 2948//2948 3145//3145
f 3146//3146 3147//3147 3145//3145
f 2950//2950 3145//3145 3147//3147
f 2951//2951 2950//2950 3148//3148
f 2953//2953 3148//3148 3149//3149
f 3150//3150 3151//3151 3149//3149
f 2955//2955 3149//3149 3151//3151
f 3152//3152 3153//3153 3151//3151
f 2957//2957 3151//3151 3153//3153
f 3330//3330 2958//2958 3153//3153
f 2957//2957 3153//3153 2958//2958
f 3154//3154 2960//2960 2958//2958
f 3154//3154 3155//3155 2960//2960
f 2961//2961 2960//2960 3155//3155
f 2962//2962 3155//3155 3156//3156
f 1648//1648 3157//3157 3156//3156
f 1650//1650 3158//3158 3157//3157
f 2964//2964 3157//3157 3158//3158
f 3160//3160 3161//3161 3159//3159
f 2968//2968 2966//2966 3163//3163
f 2968//2968 3162//3162 2970//2970
f 3165//3165 3166//3166 3164//3164
f 2972//2972 2971//2971 3164//3164
f 2972//2972 3164//3164 3168//3168
f 3169//3169 3168//3168 3166//3166
f 2976//2976 3168//3168 3169//3169
f 3170//3170 2976//2976 3345//3345
f 3171//3171 3172//3172 3170//3170
f 2979//2979 2977//2977 3170//3170
f 2980//2980 2979//2979 3172//3172
f 2982//2982 3172//3172 3173//3173
f 2980//2980 3172//3172 2982//2982
f 3350//3350 3175//3175 2982//2982
f 2984//2984 2983//2983 3175//3175
f 3179//3179 3176//3176 3177//3177
f 2984//2984 3176//3176 3179//3179
f 3180//3180 3181//3181 3179//3179
f 2987//2987 2986//2986 3179//3179
f 2989//2989 2987//2987 3181//3181
f 3184//3184 2989//2989 3181//3181
f 3186//3186 3184//3184 3183//3183
f 3187//3187 2992//2992 3185//3185
f 3188//3188 3187//3187 3186//3186
f 3187//3187 3188//3188 2994//2994
f 3191//3191 2994//2994 3188//3188
f 2994//2994 3191//3191 2998//2998
f 3192//3192 2998//2998 3191//3191
f 3193//3193 2998//2998 3192//3192
f 3194//3194 3193//3193 3192//3192
f 3193//3193 3194//3194 3001//3001
f 3197//3197 3001//3001 3194//3194
f 3004//3004 3003//3003 3197//3197
f 3198//3198 3199//3199 3197//3197
f 3005//3005 3004//3004 3199//3199
f 3201//3201 3200//3200 3199//3199
f 3006//3006 3199//3199 3200//3200
f 3201//3201 3014//3014 3200//3200
f 3010//3010 3200//3200 3014//3014
f 3202//3202 3014//3014 3201//3201
f 3014//3014 3202//3202 3203//3203
f 3020//3020 3203//3203 3202//3202
f 3210//3210 3211//3211 3209//3209
f 3026//3026 3209//3209 3211//3211
f 3213//3213 3028//3028 3211//3211
f 3027//3027 3026//3026 3028//3028
f 3029//3029 3028//3028 3215//3215
f 3217//3217 3032//3032 3215//3215
f 3032//3032 3217//3217 3219//3219
f 3220//3220 3219//3219 3218//3218
f 3220//3220 3035//3035 3219//3219
f 3039//3039 3037//3037 3220//3220
f 3035//3035 3220//3220 3037//3037
f 3223//3223 3224//3224 3039//3039
f 3225//3225 3386//3386 3224//3224
f 3226//3226 3224//3224 3386//3386
f 3039//3039 3224//3224 3226//3226
f 3040//3040 3038//3038 3226//3226
f 3229//3229 3227//3227 3228//3228
f 3042//3042 3040//3040 3227//3227
f 3042//3042 3229//3229 3044//3044
f 3231//3231 3233//3233 3044//3044
f 3047//3047 3045//3045 3233//3233
f 3234//3234 3233//3233 3232//3232
f 3047//3047 3233//3233 3234//3234
f 3049//3049 3048//3048 3234//3234
f 3236//3236 3237//3237 3235//3235
f 3049//3049 3235//3235 3237//3237
f 3052//3052 3238//3238 3239//3239
f 3053//3053 3239//3239 3241//3241
f 3057//3057 3056//3056 3241//3241
f 3057//3057 3241//3241 3242//3242
f 3244//3244 3057//3057 3242//3242
f 3245//3245 3244//3244 3243//3243
f 3060//3060 3244//3244 3245//3245
f 3247//3247 3060//3060 3245//3245
f 3249//3249 3250//3250 3248//3248
f 3064//3064 3248//3248 3250//3250
f 3062//3062 3060//3060 3248//3248
f 3065//3065 3064//3064 3251//3251
f 3068//3068 3067//3067 3253//3253
f 3254//3254 3255//3255 3069//3069
f 3071//3071 3255//3255 3256//3256
f 3257//3257 3258//3258 3256//3256
f 3073//3073 3256//3256 3258//3258
f 3074//3074 3073//3073 3259//3259
f 3076//3076 3259//3259 3415//3415
f 3077//3077 3076//3076 3260//3260
f 3417//3417 3261//3261 3260//3260
f 3078//3078 3260//3260 3261//3261
f 3079//3079 3078//3078 3262//3262
f 3422//3422 3264//3264 3263//3263
f 3084//3084 3264//3264 3266//3266
f 3085//3085 3084//3084 3265//3265
f 3268//3268 3267//3267 3265//3265
f 3270//3270 3269//3269 3268//3268
f 3272//3272 3092//3092 3269//3269
f 3273//3273 3272//3272 3270//3270
f 3272//3272 3275//3275 3097//3097
f 3276//3276 3275//3275 3273//3273
f 3277//3277 3097//3097 3275//3275
f 3097//3097 3277//3277 3096//3096
f 3278//3278 3277//3277 3276//3276
f 3280//3280 3096//3096 3277//3277
f 3281//3281 3280//3280 3278//3278
f 3280//3280 3283//3283 3102//3102
f 3284//3284 3283//3283 3281//3281
f 3285//3285 3102//3102 3283//3283
f 3101//3101 3102//3102 3285//3285
f 3442//3442 3286//3286 3285//3285
f 3105//3105 3285//3285 3286//3286
f 3287//3287 3288//3288 3105//3105
f 3107//3107 3105//3105 3288//3288
f 3290//3290 3291//3291 3289//3289
f 3108//3108 3289//3289 3291//3291
f 3109//3109 3108//3108 3292//3292
f 3293//3293 3294//3294 3292//3292
f 3111//3111 3292//3292 3294//3294
f 3295//3295 3453//3453 3111//3111
f 3113//3113 3111//3111 3453//3453
f 3114//3114 3113//3113 3296//3296
f 3297//3297 3298//3298 3296//3296
f 3116//3116 3296//3296 3298//3298
f 3117//3117 3116//3116 3299//3299
f 3300//3300 3299//3299 3298//3298
f 3301//3301 3120//3120 3299//3299
f 3119//3119 3120//3120 3301//3301
f 3302//3302 3303//3303 3301//3301
f 3123//3123 3301//3301 3303//3303
f 3123//3123 3304//3304 3126//3126
f 3305//3305 3304//3304 3303//3303
f 3306//3306 3126//3126 3304//3304
f 3126//3126 3306//3306 3128//3128
f 3307//3307 3306//3306 3305//3305
f 3308//3308 3128//3128 3306//3306
f 3309//3309 3308//3308 3307//3307
f 3308//3308 3310//3310 3132//3132
f 3311//3311 3310//3310 3309//3309
f 3313//3313 3132//3132 3310//3310
f 3132//3132 3313//3313 3135//3135
f 3314//3314 3313//3313 3311//3311
f 3135//3135 3313//3313 3137//3137
f 3316//3316 3313//3313 3314//3314
f 3318//3318 3137//3137 3313//3313
f 3138//3138 3137//3137 3318//3318
f 3320//3320 3140//3140 3318//3318
f 3141//3141 3140//3140 3320//3320
f 3143//3143 3320//3320 3321//3321
f 3144//3144 3143//3143 3322//3322
f 3323//3323 3324//3324 3322//3322
f 3146//3146 3322//3322 3324//3324
f 3147//3147 3146//3146 3325//3325
f 3324//3324 3326//3326 3325//3325
f 3148//3148 3325//3325 3326//3326
f 3327//3327 3328//3328 3326//3326
f 3150//3150 3326//3326 3328//3328
f 3152//3152 3328//3328 3329//3329
f 3154//3154 3330//3330 3331//3331
f 3332//3332 3333//3333 3331//3331
f 3154//3154 3331//3331 3333//3333
f 3334//3334 1649//1649 3155//3155
f 3156//3156 3155//3155 1648//1648
f 3492//3492 3336//3336 3334//3334
f 1649//1649 3334//3334 3336//3336
f 3337//3337 3161//3161 3160//3160
f 3339//3339 3163//3163 3337//3337
f 3340//3340 3165//3165 3339//3339
f 3165//3165 3341//3341 3167//3167
f 3342//3342 3167//3167 3341//3341
f 3169//3169 3167//3167 3342//3342
f 3497//3497 3343//3343 3344//3344
f 3345//3345 3344//3344 3343//3343
f 3345//3345 3169//3169 3344//3344
f 3348//3348 3173//3173 3171//3171
f 3349//3349 3350//3350 3510//3510
f 3174//3174 3350//3350 3351//3351
f 3177//3177 3176//3176 3351//3351
f 3353//3353 3177//3177 3352//3352
f 3178//3178 3353//3353 3354//3354
f 3355//3355 3356//3356 3354//3354
f 3357//3357 3356//3356 3355//3355
f 3182//3182 3180//3180 3356//3356
f 3182//3182 3357//3357 3358//3358
f 3183//3183 3182//3182 3358//3358
f 3360//3360 3361//3361 3359//3359
f 3362//3362 3183//3183 3359//3359
f 3363//3363 3362//3362 3361//3361
f 3362//3362 3363//3363 3364//3364
f 3365//3365 3366//3366 3364//3364
f 3367//3367 3190//3190 3364//3364
f 3369//3369 3190//3190 3367//3367
f 3370//3370 3369//3369 3366//3366
f 3369//3369 3370//3370 3372//3372
f 3373//3373 3195//3195 3372//3372
f 3374//3374 3195//3195 3373//3373
f 3195//3195 3374//3374 3196//3196
f 3376//3376 3374//3374 3375//3375
f 3198//3198 3196//3196 3374//3374
f 3198//3198 3376//3376 3378//3378
f 3204//3204 3201//3201 3378//3378
f 3198//3198 3378//3378 3201//3201
f 3206//3206 3205//3205 3207//3207
f 3212//3212 3210//3210 3379//3379
f 3380//3380 3212//3212 3379//3379
f 3371//3371 3214//3214 3380//3380
f 3216//3216 3213//3213 3371//3371
f 3214//3214 3371//3371 3213//3213
f 3382//3382 3381//3381 3368//3368
f 3382//3382 3218//3218 3381//3381
f 3216//3216 3381//3381 3218//3218
f 3218//3218 3382//3382 3222//3222
f 3360//3360 3222//3222 3382//3382
f 3383//3383 3223//3223 3360//3360
f 3222//3222 3360//3360 3223//3223
f 3225//3225 3383//3383 3384//3384
f 3223//3223 3383//3383 3225//3225
f 3384//3384 3386//3386 3225//3225
f 3387//3387 3386//3386 3519//3519
f 3226//3226 3386//3386 3387//3387
f 3389//3389 3390//3390 3387//3387
f 3228//3228 3387//3387 3390//3390
f 3391//3391 3390//3390 3389//3389
f 3230//3230 3229//3229 3390//3390
f 3231//3231 3230//3230 3391//3391
f 3392//3392 3231//3231 3521//3521
f 3526//3526 3393//3393 3392//3392
f 3232//3232 3392//3392 3393//3393
f 3236//3236 3235//3235 3393//3393
f 3397//3397 3395//3395 3396//3396
f 3398//3398 3239//3239 3397//3397
f 3239//3239 3238//3238 3397//3397
f 3399//3399 3240//3240 3239//3239
f 3401//3401 3400//3400 3402//3402
f 3403//3403 3401//3401 3402//3402
f 3246//3246 3401//3401 3403//3403
f 3406//3406 3246//3246 3404//3404
f 3249//3249 3247//3247 3406//3406
f 3246//3246 3406//3406 3247//3247
f 3252//3252 3250//3250 3408//3408
f 3249//3249 3408//3408 3250//3250
f 3410//3410 3252//3252 3408//3408
f 3251//3251 3250//3250 3252//3252
f 3253//3253 3252//3252 3411//3411
f 1657//1657 1656//1656 3411//3411
f 3254//3254 3411//3411 1656//1656
f 3255//3255 3254//3254 3412//3412
f 3257//3257 3412//3412 1655//1655
f 3258//3258 3257//3257 3414//3414
f 3416//3416 3417//3417 3415//3415
f 3261//3261 3417//3417 3419//3419
f 3263//3263 3262//3262 3420//3420
f 3421//3421 3422//3422 3420//3420
f 3424//3424 3266//3266 3422//3422
f 3425//3425 3424//3424 3423//3423
f 3425//3425 3266//3266 3424//3424
f 3266//3266 3425//3425 3268//3268
f 3427//3427 3268//3268 3425//3425
f 3268//3268 3427//3427 3271//3271
f 3429//3429 3271//3271 3427//3427
f 3271//3271 3429//3429 3274//3274
f 3430//3430 3429//3429 3427//3427
f 3274//3274 3429//3429 3430//3430
f 3274//3274 3432//3432 3279//3279
f 3433//3433 3432//3432 3430//3430
f 3435//3435 3432//3432 3433//3433
f 3436//3436 3279//3279 3432//3432
f 3279//3279 3436//3436 3282//3282
f 3437//3437 3436//3436 3435//3435
f 3282//3282 3436//3436 3439//3439
f 3439//3439 3436//3436 3437//3437
f 3441//3441 3442//3442 3439//3439
f 3286//3286 3442//3442 3443//3443
f 3444//3444 3445//3445 3443//3443
f 3287//3287 3443//3443 3445//3445
f 3288//3288 3287//3287 3446//3446
f 3290//3290 3446//3446 3447//3447
f 3291//3291 3290//3290 3448//3448
f 3293//3293 3448//3448 3449//3449
f 3294//3294 3293//3293 3450//3450
f 3451//3451 3450//3450 3449//3449
f 3295//3295 3450//3450 3451//3451
f 3297//3297 3453//3453 3454//3454
f 3298//3298 3297//3297 3456//3456
f 3458//3458 3459//3459 3457//3457
f 3302//3302 3457//3457 3459//3459
f 3303//3303 3302//3302 3460//3460
f 3461//3461 3462//3462 3460//3460
f 3463//3463 3305//3305 3460//3460
f 3305//3305 3463//3463 3465//3465
f 3464//3464 3463//3463 3462//3462
f 3468//3468 3465//3465 3464//3464
f 3466//3466 3307//3307 3465//3465
f 3309//3309 3307//3307 3466//3466
f 3467//3467 3466//3466 3468//3468
f 3312//3312 3466//3466 3467//3467
f 3312//3312 3469//3469 3315//3315
f 3470//3470 3469//3469 3467//3467
f 3315//3315 3469//3469 3470//3470
f 3473//3473 3317//3317 3315//3315
f 3317//3317 3473//3473 3319//3319
f 3474//3474 3473//3473 3472//3472
f 3476//3476 3319//3319 3473//3473
f 3319//3319 3476//3476 3321//3321
f 3477//3477 3476//3476 3474//3474
f 3479//3479 3321//3321 3476//3476
f 3480//3480 3481//3481 3479//3479
f 3323//3323 3479//3479 3481//3481
f 3482//3482 3483//3483 3323//3323
f 3324//3324 3323//3323 3483//3483
f 3327//3327 3483//3483 3484//3484
f 3329//3329 3484//3484 3485//3485
f 3486//3486 3331//3331 3485//3485
f 3329//3329 3485//3485 3331//3331
f 3332//3332 3487//3487 3488//3488
f 3332//3332 3488//3488 3489//3489
f 3335//3335 3489//3489 3490//3490
f 3491//3491 3492//3492 3490//3490
f 3491//3491 3338//3338 3492//3492
f 3340//3340 3339//3339 3493//3493
f 3495//3495 3340//3340 3494//3494
f 3496//3496 3342//3342 3495//3495
f 3340//3340 3495//3495 3342//3342
f 3342//3342 3496//3496 3497//3497
f 3498//3498 3499//3499 3497//3497
f 3500//3500 3497//3497 3499//3499
f 3502//3502 3500//3500 3501//3501
f 3343//3343 3500//3500 3502//3502
f 3503//3503 3504//3504 3502//3502
f 3343//3343 3502//3502 3504//3504
f 3505//3505 3504//3504 3503//3503
f 3346//3346 3504//3504 3505//3505
f 3507//3507 3505//3505 3506//3506
f 3347//3347 3505//3505 3507//3507
f 3508//3508 3348//3348 3507//3507
f 3347//3347 3507//3507 3348//3348
f 3349//3349 3510//3510 3511//3511
f 3352//3352 3351//3351 3511//3511
f 3353//3353 3352//3352 3512//3512
f 3515//3515 3513//3513 3514//3514
f 3353//3353 3513//3513 3515//3515
f 3385//3385 3515//3515 3517//3517
f 3358//3358 3357//3357 3515//3515
f 3359//3359 3358//3358 3385//3385
f 3518//3518 3519//3519 3517//3517
f 3388//3388 3519//3519 3518//3518
f 3389//3389 3388//3388 3520//3520
f 3521//3521 3389//3389 3520//3520
f 3523//3523 3521//3521 3522//3522
f 3521//3521 3523//3523 3525//3525
f 3392//3392 3525//3525 3526//3526
f 3393//3393 3527//3527 3528//3528
f 3705//3705 3396//3396 3528//3528
f 3394//3394 3528//3528 3396//3396
f 3530//3530 3398//3398 3529//3529
f 3398//3398 3397//3397 3529//3529
f 3402//3402 3399//3399 3533//3533
f 3536//3536 3534//3534 3535//3535
f 3403//3403 3402//3402 3534//3534
f 3537//3537 3404//3404 3536//3536
f 3404//3404 3403//3403 3536//3536
f 3407//3407 3405//3405 3538//3538
f 3541//3541 3409//3409 3539//3539
f 3407//3407 3539//3539 3409//3409
f 3544//3544 3410//3410 3409//3409
f 1655//1655 1657//1657 3544//3544
f 3410//3410 3544//3544 1657//1657
f 3545//3545 3544//3544 3542//3542
f 3543//3543 3548//3548 3545//3545
f 3546//3546 3545//3545 3548//3548
f 3416//3416 3546//3546 3549//3549
f 3550//3550 3547//3547 3551//3551
f 3550//3550 3552//3552 3553//3553
f 3555//3555 3552//3552 3551//3551
f 3557//3557 3553//3553 3552//3552
f 3553//3553 3557//3557 3558//3558
f 3559//3559 3557//3557 3555//3555
f 3558//3558 3557//3557 3559//3559
f 3558//3558 3560//3560 3561//3561
f 3562//3562 3560//3560 3559//3559
f 3564//3564 3561//3561 3560//3560
f 3561//3561 3564//3564 3565//3565
f 3566//3566 3564//3564 3562//3562
f 3565//3565 3564//3564 3566//3566
f 3565//3565 3568//3568 3569//3569
f 3571//3571 3568//3568 3566//3566
f 3569//3569 3568//3568 3571//3571
f 3574//3574 3573//3573 3571//3571
f 3577//3577 3575//3575 3573//3573
f 3575//3575 3577//3577 3580//3580
f 3578//3578 3579//3579 3577//3577
f 3579//3579 3583//3583 3580//3580
f 3582//3582 3580//3580 3583//3583
f 3584//3584 3582//3582 3586//3586
f 3589//3589 3585//3585 3588//3588
f 3591//3591 3592//3592 3588//3588
f 3590//3590 3588//3588 3592//3592
f 3594//3594 3590//3590 3593//3593
f 3596//3596 3597//3597 3593//3593
f 3595//3595 3593//3593 3598//3598
f 3600//3600 3593//3593 3597//3597
f 3601//3601 3598//3598 3593//3593
f 3602//3602 3598//3598 3601//3601
f 3603//3603 3601//3601 3600//3600
f 3605//3605 3602//3602 3601//3601
f 3602//3602 3605//3605 3606//3606
f 3607//3607 3605//3605 3603//3603
f 3606//3606 3605//3605 3607//3607
f 3606//3606 3609//3609 3610//3610
f 3611//3611 3609//3609 3607//3607
f 3610//3610 3609//3609 3611//3611
f 3613//3613 3610//3610 3612//3612
f 3615//3615 3616//3616 3612//3612
f 3614//3614 3612//3612 3616//3616
f 3617//3617 3614//3614 3616//3616
f 3619//3619 3620//3620 3616//3616
f 3618//3618 3616//3616 3620//3620
f 3621//3621 3618//3618 3620//3620
f 3623//3623 3624//3624 3620//3620
f 3622//3622 3620//3620 3624//3624
f 3626//3626 3622//3622 3625//3625
f 3628//3628 3625//3625 3624//3624
f 3627//3627 3625//3625 3628//3628
f 3630//3630 3627//3627 3633//3633
f 3634//3634 3631//3631 3633//3633
f 3631//3631 3634//3634 3635//3635
f 3637//3637 3638//3638 3634//3634
f 3639//3639 3635//3635 3634//3634
f 3635//3635 3639//3639 3640//3640
f 3641//3641 3639//3639 3638//3638
f 3640//3640 3639//3639 3641//3641
f 3640//3640 3643//3643 3644//3644
f 3646//3646 3643//3643 3641//3641
f 3648//3648 3644//3644 3643//3643
f 3644//3644 3648//3648 3649//3649
f 3651//3651 3652//3652 3648//3648
f 3649//3649 3648//3648 3652//3652
f 3649//3649 3653//3653 3654//3654
f 3655//3655 3656//3656 3653//3653
f 3654//3654 3653//3653 3656//3656
f 3654//3654 3657//3657 3658//3658
f 3660//3660 3661//3661 3657//3657
f 3661//3661 3658//3658 3657//3657
f 3658//3658 3661//3661 3485//3485
f 3662//3662 3486//3486 3661//3661
f 3485//3485 3661//3661 3486//3486
f 3664//3664 3665//3665 3663//3663
f 3487//3487 3663//3663 3665//3665
f 3488//3488 3665//3665 3666//3666
f 3489//3489 3666//3666 3667//3667
f 3490//3490 3667//3667 3668//3668
f 3491//3491 3668//3668 3669//3669
f 3670//3670 3669//3669 3668//3668
f 3671//3671 3494//3494 3669//3669
f 3672//3672 3671//3671 3670//3670
f 3496//3496 3673//3673 3672//3672
f 3675//3675 3676//3676 3498//3498
f 3677//3677 3498//3498 3676//3676
f 3679//3679 3677//3677 3678//3678
f 3501//3501 3499//3499 3677//3677
f 3681//3681 3682//3682 3679//3679
f 3501//3501 3679//3679 3682//3682
f 3683//3683 3684//3684 3682//3682
f 3503//3503 3502//3502 3682//3682
f 3506//3506 3503//3503 3684//3684
f 3685//3685 3684//3684 3683//3683
f 3508//3508 3506//3506 3684//3684
f 3508//3508 3685//3685 3686//3686
f 3688//3688 3686//3686 3687//3687
f 3509//3509 3686//3686 3688//3688
f 3690//3690 3691//3691 3688//3688
f 3509//3509 3688//3688 3691//3691
f 3693//3693 3692//3692 3691//3691
f 3512//3512 3691//3691 3692//3692
f 3514//3514 3513//3513 3692//3692
f 3693//3693 3695//3695 3692//3692
f 3518//3518 3692//3692 3695//3695
f 3697//3697 3695//3695 3694//3694
f 3522//3522 3520//3520 3697//3697
f 3524//3524 3697//3697 3698//3698
f 3522//3522 3697//3697 3524//3524
f 3700//3700 3524//3524 3698//3698
f 3701//3701 3702//3702 3700//3700
f 3701//3701 3704//3704 3702//3702
f 3527//3527 3702//3702 3704//3704
f 3706//3706 3530//3530 3705//3705
f 3529//3529 3705//3705 3530//3530
f 3532//3532 3531//3531 3707//3707
f 3534//3534 3710//3710 3711//3711
f 3537//3537 3535//3535 3712//3712
f 3537//3537 3713//3713 3714//3714
f 3715//3715 3714//3714 3873//3873
f 3718//3718 3714//3714 3715//3715
f 3718//3718 3538//3538 3714//3714
f 3540//3540 3539//3539 3718//3718
f 3538//3538 3718//3718 3539//3539
f 3721//3721 3540//3540 3719//3719
f 3540//3540 3721//3721 3722//3722
f 3725//3725 3723//3723 3726//3726
f 3728//3728 3729//3729 3725//3725
f 3727//3727 3725//3725 3729//3729
f 3731//3731 3727//3727 3729//3729
f 3730//3730 3727//3727 3731//3731
f 3730//3730 3733//3733 3732//3732
f 3734//3734 3732//3732 3736//3736
f 3740//3740 3737//3737 3736//3736
f 3739//3739 3737//3737 3740//3740
f 3743//3743 3739//3739 3740//3740
f 3744//3744 3741//3741 3739//3739
f 3745//3745 3741//3741 3744//3744
f 3891//3891 3747//3747 3744//3744
f 3746//3746 3744//3744 3747//3747
f 3746//3746 3748//3748 3749//3749
f 3751//3751 3752//3752 3748//3748
f 3753//3753 3749//3749 3748//3748
f 3749//3749 3753//3753 3754//3754
f 3755//3755 3756//3756 3753//3753
f 3756//3756 3754//3754 3753//3753
f 3754//3754 3756//3756 3757//3757
f 3757//3757 3756//3756 3759//3759
f 3763//3763 3757//3757 3759//3759
f 3764//3764 3761//3761 3757//3757
f 3761//3761 3764//3764 3765//3765
f 3766//3766 3767//3767 3764//3764
f 3768//3768 3765//3765 3764//3764
f 3765//3765 3768//3768 3772//3772
f 3771//3771 3768//3768 3767//3767
f 3771//3771 3772//3772 3768//3768
f 3775//3775 3772//3772 3771//3771
f 3772//3772 3775//3775 3776//3776
f 3780//3780 3776//3776 3775//3775
f 3776//3776 3780//3780 3778//3778
f 3782//3782 3778//3778 3780//3780
f 3778//3778 3782//3782 3783//3783
f 3785//3785 3782//3782 3780//3780
f 3788//3788 3783//3783 3782//3782
f 3783//3783 3788//3788 3787//3787
f 3789//3789 3787//3787 3788//3788
f 3787//3787 3789//3789 3790//3790
f 3792//3792 3793//3793 3789//3789
f 3790//3790 3789//3789 3793//3793
f 3795//3795 3794//3794 3793//3793
f 3629//3629 3794//3794 3795//3795
f 3797//3797 3629//3629 3796//3796
f 3799//3799 3800//3800 3796//3796
f 3801//3801 3798//3798 3796//3796
f 3802//3802 3798//3798 3801//3801
f 3804//3804 3805//3805 3801//3801
f 3803//3803 3801//3801 3805//3805
f 3806//3806 3803//3803 3805//3805
f 3807//3807 3808//3808 3805//3805
f 3809//3809 3805//3805 3808//3808
f 3811//3811 3812//3812 3808//3808
f 3810//3810 3808//3808 3812//3812
f 3647//3647 3810//3810 3812//3812
f 3816//3816 3813//3813 3812//3812
f 3813//3813 3816//3816 3817//3817
f 3818//3818 3819//3819 3816//3816
f 3820//3820 3817//3817 3816//3816
f 3822//3822 3820//3820 3819//3819
f 3825//3825 3820//3820 3824//3824
f 3826//3826 3824//3824 3827//3827
f 3663//3663 3826//3826 3664//3664
f 3666//3666 3828//3828 3829//3829
f 3667//3667 3829//3829 3830//3830
f 3831//3831 3830//3830 3829//3829
f 3834//3834 3832//3832 3831//3831
f 3833//3833 3674//3674 3832//3832
f 3675//3675 3836//3836 3939//3939
f 3675//3675 3674//3674 3836//3836
f 3838//3838 3839//3839 3837//3837
f 3840//3840 3837//3837 3839//3839
f 3676//3676 3675//3675 3837//3837
f 3842//3842 3843//3843 3840//3840
f 3676//3676 3840//3840 3843//3843
f 3844//3844 3845//3845 3843//3843
f 3680//3680 3678//3678 3843//3843
f 3847//3847 3845//3845 3844//3844
f 3681//3681 3680//3680 3845//3845
f 3848//3848 3847//3847 3849//3849
f 3683//3683 3847//3847 3848//3848
f 3850//3850 3848//3848 3849//3849
f 3685//3685 3683//3683 3848//3848
f 3685//3685 3851//3851 3852//3852
f 3686//3686 3852//3852 3687//3687
f 3857//3857 3854//3854 3853//3853
f 3690//3690 3689//3689 3853//3853
f 3696//3696 3855//3855 3854//3854
f 3690//3690 3854//3854 3855//3855
f 3694//3694 3693//3693 3856//3856
f 3696//3696 3694//3694 3855//3855
f 3699//3699 3698//3698 3858//3858
f 3859//3859 3860//3860 3858//3858
f 3699//3699 3858//3858 3860//3860
f 3701//3701 3699//3699 3860//3860
f 3701//3701 3861//3861 3862//3862
f 3701//3701 3862//3862 3703//3703
f 3863//3863 3864//3864 3703//3703
f 3865//3865 3866//3866 3864//3864
f 3705//3705 3864//3864 3866//3866
f 3867//3867 3866//3866 3865//3865
f 3707//3707 3706//3706 3866//3866
f 3709//3709 3867//3867 3868//3868
f 3709//3709 3708//3708 3867//3867
f 3869//3869 3870//3870 3709//3709
f 3871//3871 3872//3872 3870//3870
f 3712//3712 3870//3870 3872//3872
f 3873//3873 3872//3872 3871//3871
f 3873//3873 3713//3713 3872//3872
f 3874//3874 3875//3875 3873//3873
f 3716//3716 3873//3873 3875//3875
f 3876//3876 3717//3717 3875//3875
f 3879//3879 3720//3720 3876//3876
f 3726//3726 3723//3723 3879//3879
f 3720//3720 3879//3879 3723//3723
f 3878//3878 3880//3880 3728//3728
f 3729//3729 3728//3728 3880//3880
f 3882//3882 3881//3881 3880//3880
f 3735//3735 3881//3881 3882//3882
f 3735//3735 3884//3884 3885//3885
f 3886//3886 3885//3885 3884//3884
f 3889//3889 3888//3888 3886//3886
f 3892//3892 3891//3891 3889//3889
f 3893//3893 3751//3751 3891//3891
f 3751//3751 3893//3893 3755//3755
f 3894//3894 3893//3893 3892//3892
f 3760//3760 3755//3755 3893//3893
f 3756//3756 3755//3755 3760//3760
f 3897//3897 3760//3760 3894//3894
f 3760//3760 3897//3897 3899//3899
f 3901//3901 3766//3766 3899//3899
f 3766//3766 3901//3901 3770//3770
f 3902//3902 3901//3901 3898//3898
f 3903//3903 3770//3770 3901//3901
f 3770//3770 3903//3903 3774//3774
f 3904//3904 3903//3903 3902//3902
f 3906//3906 3774//3774 3903//3903
f 3907//3907 3906//3906 3904//3904
f 3906//3906 3909//3909 3781//3781
f 3910//3910 3909//3909 3907//3907
f 3912//3912 3781//3781 3909//3909
f 3781//3781 3912//3912 3786//3786
f 3913//3913 3912//3912 3910//3910
f 3915//3915 3786//3786 3912//3912
f 3916//3916 3915//3915 3913//3913
f 3915//3915 3918//3918 3792//3792
f 3919//3919 3792//3792 3918//3918
f 3792//3792 3919//3919 3795//3795
f 3922//3922 3921//3921 3919//3919
f 3799//3799 3921//3921 3922//3922
f 3800//3800 3799//3799 3804//3804
f 3923//3923 3804//3804 3922//3922
f 3805//3805 3804//3804 3807//3807
f 3924//3924 3925//3925 3807//3807
f 3807//3807 3925//3925 3811//3811
f 3811//3811 3925//3925 3926//3926
f 3812//3812 3811//3811 3815//3815
f 3814//3814 3815//3815 3927//3927
f 3929//3929 3818//3818 3927//3927
f 3819//3819 3818//3818 3929//3929
f 3931//3931 3823//3823 3929//3929
f 3822//3822 3823//3823 3931//3931
f 3827//3827 3931//3931 3932//3932
f 3934//3934 3933//3933 3932//3932
f 3934//3934 3831//3831 3933//3933
f 3935//3935 3834//3834 3934//3934
f 3831//3831 3934//3934 3834//3834
f 3835//3835 3935//3935 3936//3936
f 3833//3833 3834//3834 3935//3935
f 3836//3836 3937//3937 3938//3938
f 3938//3938 4024//4024 3939//3939
f 3838//3838 3939//3939 4024//4024
f 4025//4025 3940//3940 3838//3838
f 3839//3839 3838//3838 3940//3940
f 3841//3841 3839//3839 3941//3941
f 3942//3942 3841//3841 3941//3941
f 3943//3943 3844//3844 3942//3942
f 3842//3842 3942//3942 3844//3844
f 3944//3944 3846//3846 3844//3844
f 3946//3946 3944//3944 3945//3945
f 3947//3947 3946//3946 3945//3945
f 3850//3850 3849//3849 3946//3946
f 3851//3851 3850//3850 3947//3947
f 3852//3852 3851//3851 3947//3947
f 3858//3858 3857//3857 3949//3949
f 3853//3853 3949//3949 3857//3857
f 3950//3950 3858//3858 3949//3949
f 3859//3859 3858//3858 3950//3950
f 3952//3952 3951//3951 4039//4039
f 3953//3953 3954//3954 3952//3952
f 3860//3860 3952//3952 3954//3954
f 3953//3953 3955//3955 3954//3954
f 3862//3862 3861//3861 3954//3954
f 3863//3863 3862//3862 3955//3955
f 3956//3956 3955//3955 3957//3957
f 3863//3863 3955//3955 3956//3956
f 3959//3959 3956//3956 3957//3957
f 3865//3865 3956//3956 3959//3959
f 3961//3961 3869//3869 3959//3959
f 3868//3868 3959//3959 3869//3869
f 3963//3963 3964//3964 3962//3962
f 3870//3870 3962//3962 3964//3964
f 3966//3966 3967//3967 3964//3964
f 3871//3871 3964//3964 3967//3967
f 3968//3968 3874//3874 3967//3967
f 3968//3968 3969//3969 3874//3874
f 3875//3875 3874//3874 3970//3970
f 3878//3878 3877//3877 3883//3883
f 3972//3972 3883//3883 3877//3877
f 3973//3973 3883//3883 3972//3972
f 3974//3974 3973//3973 3972//3972
f 3973//3973 3976//3976 3887//3887
f 3887//3887 3976//3976 3890//3890
f 4063//4063 3978//3978 3976//3976
f 3890//3890 3976//3976 3978//3978
f 3890//3890 3979//3979 3895//3895
f 3980//3980 3979//3979 3978//3978
f 3981//3981 3895//3895 3979//3979
f 3982//3982 3895//3895 3981//3981
f 3895//3895 3982//3982 3896//3896
f 3984//3984 3896//3896 3982//3982
f 3896//3896 3984//3984 3900//3900
f 3985//3985 3984//3984 3982//3982
f 3985//3985 3900//3900 3984//3984
f 3987//3987 3900//3900 3985//3985
f 3900//3900 3987//3987 3905//3905
f 3988//3988 3987//3987 3986//3986
f 3989//3989 3905//3905 3987//3987
f 3990//3990 3989//3989 3988//3988
f 3991//3991 3905//3905 3989//3989
f 3905//3905 3991//3991 3908//3908
f 3992//3992 3991//3991 3990//3990
f 3994//3994 3908//3908 3991//3991
f 3908//3908 3994//3994 3911//3911
f 3995//3995 3994//3994 3992//3992
f 3996//3996 3911//3911 3994//3994
f 3911//3911 3996//3996 3914//3914
f 3997//3997 3996//3996 3995//3995
f 3999//3999 3914//3914 3996//3996
f 3914//3914 3999//3999 3917//3917
f 4000//4000 3999//3999 3997//3997
f 4001//4001 3917//3917 3999//3999
f 3917//3917 4001//4001 3920//3920
f 4002//4002 4001//4001 4000//4000
f 4004//4004 3920//3920 4001//4001
f 4005//4005 4004//4004 4002//4002
f 4006//4006 3920//3920 4004//4004
f 4008//4008 4006//4006 4005//4005
f 4006//4006 4008//4008 3923//3923
f 3924//3924 3923//3923 4008//4008
f 3925//3925 3924//3924 4013//4013
f 3926//3926 3925//3925 4014//4014
f 4015//4015 4014//4014 4013//4013
f 4016//4016 3926//3926 4014//4014
f 4017//4017 4018//4018 4016//4016
f 3928//3928 4016//4016 4018//4018
f 3934//3934 3930//3930 4018//4018
f 3930//3930 3934//3934 3932//3932
f 3936//3936 4019//4019 4100//4100
f 3935//3935 3934//3934 4019//4019
f 3938//3938 3937//3937 4023//4023
f 4102//4102 4025//4025 4024//4024
f 3940//3940 4025//4025 4027//4027
f 4030//4030 4028//4028 4029//4029
f 3942//3942 3941//3941 4030//4030
f 4032//4032 4030//4030 4031//4031
f 3943//3943 3942//3942 4030//4030
f 3945//3945 4032//4032 4033//4033
f 3945//3945 3944//3944 4032//4032
f 4035//4035 3945//3945 4034//4034
f 3947//3947 3945//3945 4035//4035
f 4037//4037 4035//4035 4111//4111
f 4038//4038 4037//4037 4036//4036
f 4039//4039 3950//3950 4038//4038
f 4040//4040 4041//4041 4039//4039
f 4040//4040 4043//4043 4041//4041
f 3953//3953 4041//4041 4043//4043
f 4044//4044 4043//4043 4042//4042
f 3958//3958 4044//4044 4045//4045
f 3958//3958 3957//3957 4044//4044
f 3960//3960 3958//3958 4046//4046
f 3961//3961 3960//3960 4046//4046
f 4049//4049 4048//4048 3961//3961
f 4049//4049 4050//4050 4048//4048
f 3963//3963 3962//3962 4048//4048
f 3965//3965 3963//3963 4050//4050
f 3965//3965 4051//4051 4052//4052
f 4054//4054 4052//4052 4053//4053
f 3966//3966 4052//4052 4054//4054
f 4056//4056 4057//4057 4054//4054
f 3968//3968 4054//4054 4057//4057
f 3968//3968 4057//4057 4058//4058
f 4060//4060 3975//3975 4059//4059
f 3971//3971 4059//4059 3975//3975
f 3969//3969 3968//3968 4059//4059
f 3974//3974 3975//3975 4060//4060
f 4061//4061 3977//3977 4060//4060
f 3977//3977 4061//4061 4063//4063
f 4064//4064 4063//4063 4061//4061
f 4067//4067 4066//4066 4064//4064
f 4068//4068 3980//3980 4066//4066
f 3980//3980 4068//4068 3983//3983
f 4069//4069 3983//3983 4068//4068
f 3983//3983 4069//4069 3982//3982
f 4071//4071 3982//3982 4069//4069
f 3982//3982 4071//4071 4073//4073
f 4074//4074 4073//4073 4071//4071
f 4077//4077 4075//4075 4074//4074
f 4079//4079 3993//3993 4075//4075
f 4080//4080 4079//4079 4077//4077
f 4082//4082 3998//3998 4080//4080
f 4085//4085 4084//4084 4082//4082
f 4084//4084 4085//4085 4003//4003
f 4088//4088 4003//4003 4085//4085
f 4003//4003 4088//4088 4007//4007
f 4089//4089 4088//4088 4086//4086
f 4091//4091 4007//4007 4088//4088
f 4092//4092 4091//4091 4089//4089
f 4093//4093 4007//4007 4091//4091
f 4007//4007 4093//4093 4010//4010
f 4094//4094 4093//4093 4092//4092
f 4095//4095 4010//4010 4093//4093
f 4010//4010 4095//4095 4011//4011
f 4096//4096 4095//4095 4094//4094
f 4011//4011 4095//4095 4096//4096
f 4011//4011 4097//4097 4012//4012
f 4099//4099 4012//4012 4097//4097
f 4012//4012 4099//4099 4015//4015
f 4173//4173 4099//4099 4097//4097
f 4017//4017 4015//4015 4099//4099
f 4172//4172 4017//4017 4173//4173
f 4017//4017 4100//4100 4019//4019
f 4020//4020 4100//4100 4172//4172
f 4175//4175 4101//4101 4022//4022
f 4102//4102 4022//4022 4101//4101
f 4103//4103 4104//4104 4026//4026
f 4105//4105 4106//4106 4026//4026
f 4107//4107 4106//4106 4105//4105
f 4028//4028 4027//4027 4106//4106
f 4029//4029 4028//4028 4107//4107
f 4031//4031 4108//4108 4109//4109
f 4031//4031 4029//4029 4108//4108
f 4033//4033 4031//4031 4109//4109
f 4110//4110 4033//4033 4184//4184
f 4111//4111 4110//4110 4112//4112
f 4114//4114 4036//4036 4111//4111
f 4113//4113 4115//4115 4114//4114
f 4040//4040 4114//4114 4115//4115
f 4042//4042 4040//4040 4115//4115
f 4042//4042 4115//4115 4116//4116
f 4119//4119 4116//4116 4117//4117
f 4046//4046 4045//4045 4116//4116
f 4121//4121 4119//4119 4120//4120
f 4047//4047 4046//4046 4119//4119
f 4123//4123 4121//4121 4122//4122
f 4047//4047 4121//4121 4123//4123
f 4125//4125 4123//4123 4124//4124
f 4127//4127 4125//4125 4126//4126
f 4049//4049 4125//4125 4127//4127
f 4129//4129 4053//4053 4127//4127
f 4053//4053 4051//4051 4127//4127
f 4130//4130 4055//4055 4053//4053
f 4133//4133 4056//4056 4055//4055
f 4058//4058 4131//4131 4062//4062
f 4132//4132 4062//4062 4131//4131
f 4132//4132 4065//4065 4062//4062
f 4065//4065 4132//4132 4064//4064
f 1643//1643 4064//4064 4132//4132
f 4134//4134 4133//4133 4206//4206
f 1643//1643 4133//4133 4134//4134
f 1643//1643 4135//4135 4136//4136
f 4136//4136 4135//4135 4137//4137
f 4142//4142 4137//4137 4135//4135
f 4137//4137 4142//4142 4140//4140
f 4143//4143 4140//4140 4142//4142
f 4140//4140 4143//4143 4144//4144
f 4145//4145 4143//4143 4142//4142
f 4144//4144 4143//4143 4147//4147
f 4149//4149 4143//4143 4145//4145
f 4150//4150 4147//4147 4143//4143
f 4152//4152 4150//4150 4149//4149
f 4153//4153 4150//4150 4152//4152
f 4156//4156 4154//4154 4152//4152
f 4154//4154 4156//4156 4157//4157
f 4159//4159 4156//4156 4155//4155
f 4157//4157 4156//4156 4159//4159
f 4157//4157 4161//4161 4162//4162
f 4164//4164 4161//4161 4159//4159
f 4164//4164 4162//4162 4161//4161
f 4162//4162 4164//4164 4165//4165
f 4167//4167 4165//4165 4164//4164
f 4165//4165 4167//4167 4168//4168
f 1644//1644 4167//4167 4237//4237
f 1646//1646 4168//4168 1644//1644
f 4170//4170 4169//4169 4168//4168
f 4171//4171 4170//4170 1646//1646
f 4170//4170 4171//4171 4172//4172
f 4175//4175 4172//4172 4171//4171
f 4101//4101 4175//4175 4174//4174
f 4102//4102 4101//4101 4176//4176
f 4104//4104 4103//4103 4178//4178
f 4180//4180 4178//4178 4179//4179
f 4105//4105 4104//4104 4178//4178
f 4107//4107 4105//4105 4180//4180
f 4108//4108 4107//4107 4181//4181
f 4109//4109 4108//4108 4182//4182
f 4109//4109 4183//4183 4184//4184
f 4185//4185 4186//4186 4184//4184
f 4188//4188 4187//4187 4186//4186
f 4110//4110 4184//4184 4186//4186
f 4113//4113 4187//4187 4188//4188
f 4115//4115 4113//4113 4188//4188
f 4194//4194 4190//4190 4191//4191
f 4117//4117 4189//4189 4190//4190
f 4118//4118 4117//4117 4194//4194
f 4195//4195 4194//4194 4193//4193
f 4118//4118 4194//4194 4195//4195
f 4122//4122 4195//4195 4196//4196
f 4122//4122 4120//4120 4195//4195
f 4197//4197 4122//4122 4196//4196
f 4199//4199 4200//4200 4197//4197
f 4126//4126 4124//4124 4197//4197
f 4201//4201 4202//4202 4200//4200
f 4128//4128 4126//4126 4200//4200
f 4203//4203 4202//4202 4201//4201
f 4128//4128 4202//4202 4203//4203
f 4205//4205 4130//4130 4203//4203
f 4129//4129 4203//4203 4130//4130
f 4207//4207 4206//4206 4130//4130
f 4134//4134 4206//4206 4207//4207
f 4134//4134 4207//4207 4208//4208
f 4146//4146 4139//4139 4208//4208
f 4209//4209 4208//4208 4205//4205
f 4211//4211 4209//4209 4204//4204
f 4213//4213 4211//4211 4212//4212
f 4198//4198 4212//4212 4199//4199
f 4214//4214 4215//4215 4213//4213
f 4216//4216 4213//4213 4198//4198
f 4198//4198 4196//4196 4216//4216
f 4196//4196 4219//4219 4216//4216
f 4217//4217 4214//4214 4218//4218
f 4216//4216 4218//4218 4214//4214
f 4220//4220 4218//4218 4219//4219
f 4192//4192 4219//4219 4193//4193
f 4221//4221 4220//4220 4192//4192
f 4192//4192 4191//4191 4221//4221
f 4185//4185 4221//4221 4191//4191
f 4222//4222 4221//4221 4223//4223
f 4184//4184 4223//4223 4185//4185
f 4225//4225 4226//4226 4222//4222
f 4217//4217 4226//4226 4225//4225
f 4217//4217 4220//4220 4226//4226
f 4228//4228 4227//4227 4233//4233
f 4215//4215 4214//4214 4228//4228
f 4230//4230 4215//4215 4229//4229
f 4211//4211 4210//4210 4230//4230
f 4145//4145 4230//4230 4151//4151
f 4231//4231 4151//4151 4230//4230
f 4151//4151 4231//4231 4160//4160
f 4232//4232 4160//4160 4231//4231
f 4234//4234 4160//4160 4232//4232
f 4235//4235 4234//4234 4232//4232
f 4234//4234 4236//4236 4237//4237
f 4239//4239 4236//4236 4235//4235
f 4238//4238 4237//4237 4239//4239
f 4239//4239 4179//4179 4238//4238
f 4179//4179 4177//4177 4238//4238
f 4181//4181 4179//4179 4241//4241
f 4225//4225 4224//4224 4241//4241
f 4227//4227 4225//4225 4240//4240
f 4235//4235 4240//4240 4239//4239
f 4182//4182 4224//4224 4223//4223
f 4098//4098 4170//4170 4173//4173
f 4094//4094 4169//4169 4098//4098
f 4165//4165 4168//4168 4169//4169
f 4166//4166 4165//4165 4094//4094
f 4163//4163 4162//4162 4166//4166
f 4087//4087 4163//4163 4090//4090
f 4158//4158 4157//4157 4163//4163
f 4153//4153 4154//4154 4158//4158
f 4083//4083 4153//4153 4087//4087
f 4081//4081 4150//4150 4153//4153
f 4148//4148 4147//4147 4081//4081
f 4078//4078 4148//4148 4081//4081
f 4076//4076 4148//4148 4078//4078
f 4141//4141 4140//4140 4148//4148
f 4138//4138 4137//4137 4141//4141
f 4072//4072 4138//4138 4076//4076
f 4070//4070 4136//4136 4138//4138
f 4067//4067 1643//1643 4070//4070
f 4064//4064 1643//1643 4067//4067
f 3660//3660 3825//3825 3662//3662
f 3821//3821 3820//3820 3825//3825
f 3663//3663 3662//3662 3825//3825
f 3656//3656 3655//3655 3821//3821
f 3817//3817 3821//3821 3655//3655
f 3651//3651 3813//3813 3655//3655
f 3642//3642 3809//3809 3647//3647
f 3637//3637 3806//3806 3642//3642
f 3802//3802 3803//3803 3806//3806
f 3633//3633 3632//3632 3802//3802
f 3797//3797 3798//3798 3802//3802
f 3628//3628 3629//3629 3797//3797
f 3624//3624 3623//3623 3794//3794
f 3790//3790 3794//3794 3623//3623
f 3619//3619 3791//3791 3623//3623
f 3787//3787 3791//3791 3619//3619
f 3616//3616 3615//3615 3619//3619
f 3783//3783 3619//3619 3615//3615
f 3779//3779 3784//3784 3615//3615
f 3779//3779 3778//3778 3784//3784
f 3777//3777 3776//3776 3779//3779
f 3604//3604 3777//3777 3608//3608
f 3769//3769 3772//3772 3777//3777
f 3597//3597 3596//3596 3769//3769
f 3592//3592 3591//3591 3765//3765
f 3761//3761 3765//3765 3591//3591
f 3587//3587 3762//3762 3591//3591
f 3757//3757 3762//3762 3587//3587
f 3583//3583 3579//3579 3758//3758
f 3754//3754 3758//3758 3579//3579
f 3579//3579 3578//3578 3749//3749
f 3576//3576 3750//3750 3578//3578
f 3745//3745 3746//3746 3750//3750
f 3574//3574 3745//3745 3576//3576
f 3742//3742 3741//3741 3745//3745
f 3572//3572 3742//3742 3574//3574
f 3738//3738 3739//3739 3742//3742
f 3567//3567 3738//3738 3572//3572
f 3734//3734 3737//3737 3738//3738
f 3563//3563 3734//3734 3567//3567
f 3555//3555 3732//3732 3563//3563
f 3556//3556 3730//3730 3732//3732
f 3725//3725 3556//3556 3551//3551
f 3549//3549 3548//3548 3724//3724
f 3548//3548 3543//3543 3722//3722
f 3481//3481 3480//3480 3659//3659
f 3649//3649 3654//3654 3659//3659
f 3482//3482 3659//3659 3658//3658
f 3478//3478 3649//3649 3480//3480
f 3474//3474 3475//3475 3650//3650
f 3644//3644 3650//3650 3475//3475
f 3472//3472 3645//3645 3475//3475
f 3471//3471 3645//3645 3472//3472
f 3636//3636 3635//3635 3645//3645
f 3468//3468 3636//3636 3471//3471
f 3630//3630 3631//3631 3636//3636
f 3627//3627 3630//3630 3468//3468
f 3464//3464 3462//3462 3626//3626
f 3621//3621 3622//3622 3626//3626
f 3462//3462 3461//3461 3621//3621
f 3618//3618 3621//3621 3461//3461
f 3458//3458 3617//3617 3461//3461
f 3614//3614 3617//3617 3458//3458
f 3456//3456 3455//3455 3613//3613
f 3610//3610 3613//3613 3455//3455
f 3606//3606 3455//3455 3454//3454
f 3598//3598 3602//3602 3449//3449
f 3447//3447 3446//3446 3599//3599
f 3595//3595 3599//3599 3446//3446
f 3445//3445 3444//3444 3594//3594
f 3590//3590 3594//3594 3444//3444
f 3442//3442 3441//3441 3589//3589
f 3585//3585 3589//3589 3441//3441
f 3439//3439 3440//3440 3584//3584
f 3582//3582 3584//3584 3440//3440
f 3438//3438 3581//3581 3440//3440
f 3580//3580 3581//3581 3438//3438
f 3433//3433 3575//3575 3438//3438
f 3434//3434 3575//3575 3433//3433
f 3431//3431 3573//3573 3575//3575
f 3570//3570 3569//3569 3431//3431
f 3428//3428 3570//3570 3431//3431
f 3423//3423 3561//3561 3428//3428
f 3553//3553 3558//3558 3561//3561
f 3421//3421 3554//3554 3423//3423
f 3550//3550 3554//3554 3421//3421
f 3418//3418 3550//3550 3421//3421
f 3547//3547 3550//3550 3418//3418
f 3360//3360 3359//3359 3385//3385
f 3375//3375 3379//3379 3377//3377
f 1650//1650 3160//3160 3158//3158
f 1642//1642 1641//1641 2040//2040
f 1642//1642 2037//2037 1640//1640
f 1640//1640 2034//2034 2035//2035
f 1642//1642 1640//1640 1638//1638
f 1642//1642 1639//1639 1641//1641
f 1645//1645 1646//1646 1644//1644
f 1645//1645 1644//1644 4238//4238
f 4238//4238 4174//4174 1645//1645
f 1648//1648 1649//1649 1647//1647
f 1652//1652 1651//1651 1654//1654
f 1656//1656 1657//1657 1655//1655
f 1659//1659 3008//3008 1658//1658
f 1658//1658 3003//3003 1659//1659
f 1663//1663 1660//1660 1661//1661
f 1661//1661 1660//1660 1889//1889
f 1665//1665 1664//1664 1666//1666
f 1666//1666 1667//1667 1665//1665
f 1667//1667 1670//1670 1885//1885
f 1667//1667 1666//1666 1899//1899
f 1668//1668 1671//1671 1672//1672
f 1672//1672 1673//1673 1669//1669
f 1671//1671 1904//1904 1674//1674
f 1678//1678 1675//1675 1672//1672
f 1674//1674 1904//1904 1676//1676
f 1674//1674 1676//1676 1677//1677
f 1676//1676 1906//1906 1679//1679
f 1682//1682 1680//1680 1677//1677
f 1679//1679 1681//1681 1682//1682
f 1681//1681 1912//1912 1684//1684
f 1687//1687 1689//1689 1682//1682
f 1685//1685 1691//1691 1690//1690
f 1688//1688 1690//1690 1692//1692
f 1692//1692 1693//1693 1688//1688
f 1690//1690 1695//1695 1696//1696
f 1697//1697 1698//1698 1692//1692
f 1696//1696 1700//1700 1699//1699
f 1696//1696 1699//1699 1701//1701
f 1702//1702 1703//1703 1697//1697
f 1701//1701 1699//1699 1705//1705
f 1705//1705 1706//1706 1702//1702
f 1699//1699 1708//1708 1707//1707
f 1705//1705 1707//1707 1709//1709
f 1709//1709 1710//1710 1705//1705
f 1707//1707 1712//1712 1711//1711
f 1709//1709 1711//1711 1713//1713
f 1718//1718 1714//1714 1709//1709
f 1711//1711 1716//1716 1715//1715
f 1713//1713 1715//1715 1717//1717
f 1715//1715 1720//1720 1719//1719
f 1717//1717 1719//1719 1721//1721
f 1721//1721 1724//1724 1725//1725
f 1726//1726 1727//1727 1722//1722
f 1724//1724 1730//1730 1729//1729
f 1731//1731 1732//1732 1728//1728
f 1729//1729 1734//1734 1733//1733
f 1735//1735 1736//1736 1731//1731
f 1733//1733 1738//1738 1737//1737
f 1739//1739 1740//1740 1735//1735
f 1737//1737 1948//1948 1950//1950
f 1739//1739 1950//1950 1741//1741
f 1741//1741 1950//1950 1744//1744
f 1741//1741 1745//1745 1746//1746
f 1747//1747 1840//1840 1743//1743
f 1746//1746 1745//1745 1748//1748
f 1749//1749 1750//1750 1747//1747
f 1750//1750 1752//1752 1751//1751
f 1749//1749 1754//1754 1753//1753
f 1750//1750 1753//1753 1755//1755
f 1755//1755 1757//1757 1756//1756
f 1753//1753 1759//1759 1758//1758
f 1758//1758 1763//1763 1757//1757
f 1760//1760 1761//1761 1757//1757
f 1763//1763 1758//1758 1762//1762
f 1763//1763 1764//1764 1760//1760
f 1765//1765 1766//1766 1760//1760
f 1763//1763 1768//1768 1767//1767
f 1764//1764 1767//1767 1769//1769
f 1769//1769 1771//1771 1770//1770
f 1769//1769 1767//1767 1965//1965
f 1772//1772 1774//1774 1771//1771
f 1776//1776 1773//1773 1771//1771
f 1772//1772 1775//1775 1774//1774
f 1777//1777 1778//1778 1776//1776
f 1774//1774 1780//1780 1779//1779
f 1776//1776 1779//1779 1781//1781
f 1784//1784 1778//1778 1777//1777
f 1781//1781 1779//1779 1782//1782
f 1781//1781 1783//1783 1784//1784
f 1784//1784 1786//1786 1785//1785
f 1784//1784 1783//1783 1787//1787
f 1788//1788 1789//1789 1786//1786
f 1790//1790 1791//1791 1786//1786
f 1789//1789 1788//1788 1792//1792
f 1795//1795 1796//1796 1794//1794
f 1796//1796 1798//1798 1797//1797
f 1796//1796 1795//1795 1799//1799
f 1800//1800 1802//1802 1798//1798
f 1802//1802 1803//1803 1801//1801
f 1803//1803 1802//1802 1804//1804
f 1805//1805 1806//1806 1803//1803
f 1806//1806 1807//1807 1808//1808
f 1807//1807 1806//1806 1654//1654
f 1808//1808 1809//1809 1810//1810
f 1811//1811 1813//1813 1808//1808
f 1813//1813 1811//1811 1812//1812
f 1813//1813 1814//1814 1803//1803
f 1814//1814 1813//1813 1997//1997
f 1814//1814 1797//1797 1801//1801
f 1797//1797 1814//1814 1998//1998
f 1998//1998 1815//1815 1797//1797
f 1815//1815 1998//1998 2000//2000
f 1815//1815 1817//1817 1794//1794
f 1817//1817 1815//1815 1816//1816
f 1817//1817 1791//1791 1790//1790
f 1791//1791 1817//1817 1818//1818
f 1819//1819 1820//1820 1785//1785
f 1791//1791 1785//1785 1786//1786
f 1820//1820 1819//1819 2003//2003
f 1778//1778 1784//1784 1785//1785
f 1820//1820 1823//1823 1822//1822
f 1821//1821 1822//1822 1824//1824
f 1822//1822 1825//1825 1824//1824
f 1773//1773 1776//1776 1778//1778
f 1824//1824 1827//1827 1826//1826
f 1826//1826 1828//1828 1770//1770
f 1770//1770 1771//1771 1773//1773
f 1826//1826 1829//1829 1828//1828
f 1766//1766 1765//1765 1770//1770
f 1831//1831 1828//1828 1830//1830
f 1831//1831 1761//1761 1760//1760
f 1831//1831 2015//2015 1833//1833
f 1833//1833 1834//1834 1756//1756
f 1832//1832 1756//1756 1757//1757
f 1833//1833 1836//1836 1835//1835
f 1834//1834 1835//1835 1837//1837
f 1751//1751 1752//1752 1756//1756
f 1835//1835 1839//1839 1838//1838
f 1837//1837 1838//1838 1840//1840
f 1837//1837 1840//1840 1747//1747
f 1841//1841 1843//1843 1742//1742
f 1742//1742 1743//1743 1840//1840
f 1842//1842 1843//1843 1844//1844
f 1740//1740 1739//1739 1742//1742
f 1843//1843 1846//1846 1845//1845
f 1844//1844 1845//1845 1847//1847
f 1736//1736 1735//1735 1740//1740
f 1845//1845 2028//2028 1848//1848
f 1847//1847 1848//1848 1849//1849
f 1732//1732 1731//1731 1736//1736
f 1849//1849 1848//1848 1850//1850
f 1848//1848 1852//1852 1851//1851
f 1727//1727 1726//1726 1728//1728
f 1851//1851 1854//1854 1853//1853
f 1850//1850 1853//1853 1855//1855
f 1723//1723 1722//1722 1727//1727
f 1853//1853 1857//1857 1856//1856
f 1855//1855 1856//1856 1858//1858
f 1856//1856 1860//1860 1859//1859
f 1858//1858 1859//1859 1710//1710
f 1859//1859 1862//1862 1861//1861
f 1710//1710 1861//1861 1863//1863
f 1710//1710 1709//1709 1714//1714
f 1863//1863 1864//1864 1865//1865
f 1706//1706 1705//1705 1710//1710
f 1865//1865 1866//1866 1867//1867
f 1703//1703 1702//1702 1706//1706
f 1866//1866 1869//1869 1868//1868
f 1867//1867 1868//1868 1694//1694
f 1698//1698 1697//1697 1703//1703
f 1869//1869 1871//1871 1870//1870
f 1694//1694 1870//1870 1872//1872
f 1693//1693 1692//1692 1698//1698
f 1870//1870 2050//2050 1873//1873
f 1872//1872 1873//1873 1683//1683
f 1689//1689 1687//1687 1694//1694
f 1873//1873 1875//1875 1874//1874
f 1683//1683 1874//1874 1680//1680
f 1683//1683 1682//1682 1689//1689
f 1874//1874 1877//1877 1876//1876
f 1680//1680 1876//1876 1878//1878
f 1680//1680 1682//1682 1683//1683
f 1876//1876 1879//1879 1878//1878
f 1678//1678 1677//1677 1680//1680
f 1878//1878 2059//2059 1880//1880
f 1880//1880 1881//1881 1882//1882
f 1673//1673 1672//1672 1675//1675
f 1882//1882 1884//1884 1883//1883
f 1882//1882 1883//1883 1885//1885
f 1882//1882 1670//1670 1669//1669
f 1665//1665 1885//1885 1886//1886
f 1886//1886 1663//1663 1664//1664
f 1887//1887 1889//1889 1660//1660
f 1889//1889 1887//1887 1888//1888
f 1889//1889 1890//1890 1661//1661
f 1662//1662 1891//1891 1892//1892
f 1893//1893 1895//1895 1662//1662
f 1895//1895 1893//1893 1894//1894
f 1896//1896 1666//1666 1664//1664
f 1897//1897 1899//1899 1666//1666
f 1899//1899 1897//1897 1898//1898
f 1901//1901 1671//1671 1668//1668
f 1901//1901 1899//1899 1900//1900
f 1901//1901 1902//1902 1671//1671
f 1902//1902 1901//1901 1903//1903
f 1904//1904 1905//1905 1906//1906
f 1906//1906 1676//1676 1904//1904
f 1905//1905 1908//1908 1907//1907
f 1906//1906 1907//1907 1909//1909
f 1681//1681 1679//1679 1906//1906
f 1909//1909 1911//1911 1912//1912
f 1910//1910 1915//1915 1913//1913
f 1913//1913 1691//1691 1685//1685
f 1913//1913 1915//1915 1914//1914
f 1913//1913 1914//1914 1916//1916
f 1695//1695 1690//1690 1691//1691
f 1916//1916 2100//2100 1917//1917
f 1700//1700 1696//1696 1695//1695
f 2100//2100 1919//1919 1918//1918
f 1917//1917 1918//1918 1920//1920
f 1704//1704 1699//1699 1700//1700
f 1918//1918 1922//1922 1921//1921
f 1920//1920 1921//1921 1923//1923
f 1708//1708 1699//1699 1704//1704
f 1921//1921 1925//1925 1924//1924
f 1923//1923 1924//1924 1926//1926
f 1712//1712 1707//1707 1708//1708
f 1924//1924 1928//1928 1927//1927
f 1926//1926 1927//1927 1929//1929
f 1716//1716 1711//1711 1712//1712
f 1927//1927 1931//1931 1930//1930
f 1929//1929 1930//1930 1932//1932
f 1720//1720 1715//1715 1716//1716
f 1930//1930 1934//1934 1933//1933
f 1933//1933 1935//1935 1720//1720
f 1724//1724 1719//1719 1720//1720
f 1935//1935 1933//1933 1936//1936
f 1935//1935 1937//1937 1938//1938
f 1938//1938 1937//1937 1939//1939
f 1940//1940 1941//1941 1730//1730
f 1940//1940 2121//2121 1942//1942
f 1734//1734 1729//1729 1730//1730
f 1942//1942 1944//1944 1943//1943
f 1942//1942 1943//1943 1945//1945
f 1738//1738 1733//1733 1734//1734
f 1943//1943 1947//1947 1946//1946
f 1945//1945 1946//1946 1948//1948
f 1948//1948 1737//1737 1738//1738
f 1948//1948 1946//1946 1949//1949
f 1949//1949 1950//1950 1948//1948
f 1950//1950 1949//1949 1951//1951
f 1748//1748 1745//1745 1744//1744
f 1953//1953 1954//1954 1748//1748
f 1954//1954 1955//1955 1754//1754
f 1754//1754 1759//1759 1753//1753
f 1754//1754 1955//1955 1956//1956
f 1754//1754 1957//1957 1958//1958
f 1958//1958 1762//1762 1758//1758
f 1958//1958 1959//1959 1961//1961
f 1768//1768 1763//1763 1762//1762
f 1959//1959 2146//2146 1962//1962
f 1961//1961 1962//1962 1963//1963
f 1965//1965 1767//1767 1768//1768
f 1963//1963 1964//1964 1965//1965
f 1775//1775 1772//1772 1965//1965
f 1964//1964 2152//2152 1966//1966
f 1965//1965 1966//1966 1967//1967
f 1780//1780 1774//1774 1775//1775
f 1780//1780 1782//1782 1779//1779
f 1968//1968 1969//1969 1972//1972
f 1780//1780 1972//1972 1970//1970
f 1970//1970 1787//1787 1783//1783
f 1971//1971 1973//1973 1787//1787
f 1973//1973 1792//1792 1788//1788
f 1973//1973 1971//1971 2162//2162
f 1974//1974 1975//1975 1792//1792
f 1975//1975 1795//1795 1793//1793
f 1976//1976 1977//1977 1795//1795
f 1977//1977 1799//1799 1795//1795
f 1977//1977 1978//1978 1799//1799
f 1979//1979 1980//1980 1800//1800
f 1980//1980 1804//1804 1802//1802
f 1980//1980 1979//1979 1982//1982
f 1980//1980 1805//1805 1804//1804
f 1805//1805 1980//1980 1981//1981
f 1653//1653 1654//1654 1805//1805
f 1981//1981 1982//1982 1983//1983
f 1982//1982 2168//2168 1983//1983
f 1983//1983 1652//1652 1653//1653
f 1983//1983 2172//2172 1984//1984
f 1651//1651 1985//1985 1807//1807
f 1987//1987 1990//1990 1809//1809
f 1987//1987 1989//1989 1988//1988
f 1990//1990 1988//1988 1991//1991
f 1993//1993 1810//1810 1809//1809
f 1993//1993 1991//1991 1992//1992
f 1994//1994 1812//1812 1811//1811
f 1812//1812 1995//1995 1996//1996
f 1812//1812 1997//1997 1813//1813
f 1997//1997 1998//1998 1814//1814
f 1998//1998 1997//1997 1999//1999
f 2000//2000 1816//1816 1815//1815
f 1816//1816 2000//2000 2001//2001
f 1816//1816 1818//1818 1817//1817
f 1818//1818 1816//1816 2001//2001
f 1818//1818 2002//2002 2003//2003
f 1818//1818 2003//2003 1819//1819
f 2003//2003 1823//1823 1820//1820
f 1823//1823 2003//2003 2199//2199
f 2004//2004 2005//2005 1825//1825
f 1823//1823 1825//1825 1822//1822
f 2004//2004 2201//2201 2006//2006
f 2006//2006 2007//2007 1827//1827
f 1827//1827 1824//1824 1825//1825
f 2006//2006 2203//2203 2008//2008
f 2007//2007 2008//2008 2009//2009
f 2007//2007 1829//1829 1826//1826
f 2009//2009 2008//2008 2010//2010
f 2009//2009 2011//2011 2012//2012
f 1830//1830 1828//1828 1829//1829
f 2011//2011 2014//2014 2013//2013
f 2012//2012 2013//2013 2015//2015
f 2015//2015 1831//1831 1830//1830
f 2016//2016 2017//2017 1836//1836
f 2015//2015 1836//1836 1833//1833
f 2016//2016 2018//2018 2019//2019
f 1839//1839 1835//1835 1836//1836
f 2019//2019 2021//2021 2020//2020
f 2019//2019 2020//2020 2022//2022
f 2020//2020 2025//2025 2024//2024
f 2022//2022 2024//2024 1846//1846
f 1846//1846 1843//1843 1841//1841
f 2024//2024 2027//2027 2026//2026
f 2028//2028 1845//1845 1846//1846
f 2026//2026 2030//2030 2029//2029
f 2028//2028 2029//2029 2031//2031
f 1852//1852 1848//1848 2028//2028
f 2029//2029 2033//2033 2032//2032
f 2031//2031 2032//2032 1854//1854
f 2032//2032 2035//2035 2034//2034
f 1854//1854 2034//2034 2036//2036
f 1854//1854 1851//1851 1852//1852
f 2034//2034 1640//1640 2037//2037
f 2036//2036 2037//2037 2038//2038
f 1857//1857 1853//1853 1854//1854
f 2037//2037 1642//1642 2039//2039
f 2038//2038 2039//2039 1862//1862
f 1860//1860 1856//1856 1857//1857
f 2039//2039 2040//2040 2041//2041
f 1862//1862 1859//1859 1860//1860
f 2041//2041 2042//2042 2043//2043
f 1864//1864 1861//1861 1862//1862
f 2043//2043 2233//2233 2044//2044
f 2043//2043 2044//2044 1869//1869
f 2044//2044 2236//2236 2046//2046
f 2046//2046 2049//2049 2047//2047
f 2047//2047 2049//2049 2048//2048
f 2047//2047 2048//2048 2050//2050
f 2050//2050 1870//1870 1871//1871
f 2048//2048 2054//2054 2051//2051
f 2051//2051 2052//2052 1875//1875
f 1875//1875 1873//1873 2050//2050
f 2051//2051 2054//2054 2053//2053
f 2052//2052 2053//2053 2055//2055
f 1877//1877 1874//1874 1875//1875
f 2055//2055 2056//2056 2057//2057
f 2055//2055 1879//1879 1876//1876
f 2057//2057 2058//2058 2059//2059
f 2059//2059 1878//1878 1879//1879
f 2058//2058 2060//2060 2061//2061
f 1881//1881 1880//1880 2059//2059
f 2061//2061 2062//2062 2063//2063
f 1884//1884 1882//1882 1881//1881
f 2064//2064 1886//1886 1883//1883
f 1886//1886 2064//2064 2065//2065
f 2065//2065 2067//2067 1886//1886
f 2067//2067 2065//2065 2066//2066
f 2067//2067 2069//2069 1660//1660
f 2067//2067 1660//1660 1886//1886
f 2067//2067 2066//2066 2068//2068
f 2069//2069 2068//2068 2259//2259
f 2070//2070 2071//2071 1887//1887
f 2071//2071 1888//1888 1887//1887
f 1888//1888 2071//2071 2072//2072
f 2072//2072 2073//2073 2074//2074
f 1888//1888 2074//2074 1889//1889
f 2074//2074 1890//1890 1889//1889
f 2074//2074 2073//2073 2075//2075
f 2075//2075 1891//1891 1890//1890
f 2076//2076 1892//1892 1891//1891
f 2076//2076 2266//2266 2077//2077
f 2078//2078 2079//2079 1892//1892
f 2079//2079 1894//1894 1893//1893
f 2079//2079 2078//2078 2080//2080
f 2081//2081 2082//2082 1894//1894
f 2082//2082 1896//1896 1895//1895
f 2082//2082 2081//2081 2083//2083
f 2084//2084 2085//2085 1896//1896
f 2085//2085 1898//1898 1897//1897
f 2085//2085 2084//2084 2086//2086
f 2087//2087 1900//1900 1898//1898
f 1900//1900 2087//2087 2088//2088
f 2089//2089 1903//1903 1901//1901
f 2283//2283 2092//2092 1903//1903
f 2092//2092 1905//1905 1903//1903
f 2092//2092 2283//2283 2091//2091
f 2092//2092 1908//1908 1905//1905
f 1908//1908 2092//2092 2093//2093
f 1911//1911 1907//1907 1908//1908
f 2094//2094 2095//2095 2096//2096
f 2096//2096 2095//2095 2097//2097
f 2096//2096 2098//2098 1915//1915
f 2098//2098 2294//2294 2099//2099
f 1915//1915 2099//2099 2100//2100
f 2100//2100 1914//1914 1915//1915
f 2099//2099 2103//2103 2102//2102
f 2100//2100 2102//2102 2104//2104
f 1922//1922 1918//1918 1919//1919
f 2102//2102 2106//2106 2105//2105
f 2104//2104 2105//2105 2107//2107
f 1925//1925 1921//1921 1922//1922
f 2107//2107 2105//2105 2108//2108
f 1928//1928 1924//1924 1925//1925
f 2105//2105 2110//2110 2109//2109
f 2108//2108 2109//2109 2111//2111
f 1931//1931 1927//1927 1928//1928
f 2109//2109 2310//2310 2112//2112
f 2111//2111 2112//2112 2113//2113
f 1934//1934 1930//1930 1931//1931
f 2114//2114 1936//1936 1934//1934
f 2114//2114 2312//2312 2115//2115
f 2115//2115 2116//2116 1936//1936
f 2116//2116 1939//1939 1937//1937
f 2116//2116 2115//2115 2117//2117
f 2118//2118 2119//2119 1939//1939
f 2119//2119 2121//2121 1940//1940
f 2119//2119 2118//2118 2120//2120
f 1944//1944 1942//1942 2121//2121
f 2122//2122 2121//2121 2123//2123
f 2124//2124 2125//2125 1944//1944
f 1947//1947 1943//1943 1944//1944
f 2124//2124 2127//2127 2126//2126
f 2126//2126 2129//2129 1947//1947
f 2129//2129 1949//1949 1946//1946
f 2129//2129 2126//2126 2128//2128
f 2129//2129 2130//2130 1949//1949
f 2130//2130 1951//1951 1949//1949
f 2130//2130 2129//2129 2131//2131
f 1951//1951 2132//2132 2133//2133
f 2136//2136 2137//2137 1953//1953
f 1956//1956 1955//1955 1953//1953
f 2137//2137 2136//2136 2138//2138
f 2137//2137 2139//2139 2140//2140
f 2139//2139 2142//2142 2141//2141
f 2141//2141 2144//2144 1960//1960
f 2146//2146 1959//1959 1957//1957
f 2141//2141 2145//2145 2144//2144
f 2143//2143 2148//2148 2147//2147
f 2146//2146 2147//2147 2150//2150
f 2150//2150 2152//2152 1964//1964
f 2150//2150 2151//2151 2152//2152
f 2151//2151 2156//2156 2153//2153
f 2153//2153 2154//2154 1966//1966
f 1969//1969 1968//1968 1966//1966
f 2153//2153 2156//2156 2155//2155
f 2155//2155 1972//1972 1969//1969
f 1972//1972 2155//2155 2157//2157
f 2158//2158 2159//2159 1972//1972
f 2159//2159 2162//2162 1971//1971
f 2159//2159 2158//2158 2160//2160
f 2162//2162 1975//1975 1974//1974
f 2162//2162 2163//2163 1975//1975
f 2163//2163 2162//2162 2164//2164
f 2165//2165 2166//2166 1976//1976
f 2166//2166 1978//1978 1977//1977
f 2166//2166 2167//2167 1978//1978
f 2167//2167 1982//1982 1979//1979
f 2167//2167 2166//2166 2168//2168
f 2166//2166 2165//2165 2169//2169
f 2170//2170 1983//1983 2168//2168
f 2170//2170 2169//2169 2365//2365
f 2171//2171 2172//2172 1983//1983
f 2172//2172 2171//2171 2368//2368
f 2369//2369 2173//2173 1984//1984
f 2371//2371 1985//1985 1651//1651
f 2371//2371 2174//2174 2175//2175
f 2371//2371 2176//2176 1985//1985
f 2176//2176 2177//2177 1986//1986
f 1989//1989 2177//2177 2374//2374
f 1989//1989 1987//1987 2177//2177
f 2178//2178 2180//2180 2179//2179
f 2181//2181 1988//1988 1989//1989
f 2184//2184 1991//1991 1988//1988
f 2184//2184 2183//2183 2185//2185
f 2186//2186 1992//1992 1991//1991
f 2185//2185 2187//2187 2186//2186
f 2187//2187 2189//2189 2188//2188
f 2188//2188 2191//2191 1992//1992
f 2191//2191 1995//1995 1994//1994
f 2191//2191 2188//2188 2190//2190
f 2191//2191 2193//2193 1995//1995
f 2193//2193 1996//1996 1995//1995
f 2193//2193 2191//2191 2192//2192
f 1996//1996 2193//2193 2194//2194
f 2194//2194 1999//1999 1997//1997
f 1999//1999 2194//2194 2195//2195
f 1999//1999 2196//2196 2000//2000
f 2196//2196 2001//2001 2000//2000
f 2197//2197 2391//2391 2198//2198
f 2198//2198 2199//2199 2003//2003
f 2198//2198 2393//2393 2200//2200
f 2199//2199 2200//2200 2201//2201
f 2201//2201 2004//2004 2199//2199
f 2201//2201 2202//2202 2203//2203
f 2203//2203 2006//2006 2201//2201
f 2202//2202 2205//2205 2204//2204
f 2204//2204 2014//2014 2010//2010
f 2010//2010 2008//2008 2203//2203
f 2014//2014 2206//2206 2207//2207
f 2014//2014 2011//2011 2010//2010
f 2206//2206 2209//2209 2208//2208
f 2207//2207 2208//2208 2210//2210
f 2208//2208 2211//2211 2212//2212
f 2018//2018 2016//2016 2013//2013
f 2212//2212 2214//2214 2213//2213
f 2212//2212 2213//2213 2215//2215
f 2021//2021 2019//2019 2018//2018
f 2213//2213 2219//2219 2216//2216
f 2215//2215 2216//2216 2217//2217
f 2023//2023 2020//2020 2021//2021
f 2216//2216 2219//2219 2218//2218
f 2217//2217 2218//2218 2220//2220
f 2025//2025 2020//2020 2023//2023
f 2218//2218 2224//2224 2221//2221
f 2220//2220 2221//2221 2222//2222
f 2027//2027 2024//2024 2025//2025
f 2221//2221 2224//2224 2223//2223
f 2222//2222 2223//2223 2225//2225
f 2030//2030 2026//2026 2027//2027
f 2223//2223 2227//2227 2226//2226
f 2225//2225 2226//2226 2228//2228
f 2033//2033 2029//2029 2030//2030
f 2226//2226 2230//2230 2229//2229
f 2228//2228 2229//2229 1638//1638
f 2035//2035 2032//2032 2033//2033
f 2230//2230 2231//2231 1639//1639
f 1641//1641 2231//2231 2232//2232
f 2042//2042 2040//2040 1641//1641
f 2042//2042 2232//2232 2233//2233
f 2042//2042 2041//2041 2040//2040
f 2232//2232 2235//2235 2234//2234
f 2045//2045 2234//2234 2236//2236
f 2233//2233 2043//2043 2042//2042
f 2236//2236 2044//2044 2045//2045
f 2234//2234 2237//2237 2238//2238
f 2049//2049 2046//2046 2236//2236
f 2238//2238 2240//2240 2239//2239
f 2238//2238 2239//2239 2241//2241
f 2239//2239 2244//2244 2242//2242
f 2054//2054 2048//2048 2049//2049
f 2242//2242 2244//2244 2243//2243
f 2242//2242 2243//2243 2245//2245
f 2243//2243 2434//2434 2246//2246
f 2056//2056 2053//2053 2054//2054
f 2246//2246 2247//2247 2060//2060
f 2247//2247 2248//2248 2249//2249
f 2249//2249 2250//2250 2251//2251
f 2062//2062 2061//2061 2060//2060
f 2250//2250 2443//2443 2251//2251
f 2251//2251 2252//2252 2064//2064
f 2064//2064 2063//2063 2062//2062
f 2251//2251 2254//2254 2253//2253
f 2253//2253 2066//2066 2065//2065
f 2252//2252 2065//2065 2064//2064
f 2253//2253 2255//2255 2257//2257
f 2257//2257 2068//2068 2066//2066
f 2257//2257 2255//2255 2256//2256
f 2257//2257 2259//2259 2068//2068
f 2257//2257 2256//2256 2446//2446
f 2259//2259 2257//2257 2258//2258
f 2259//2259 2260//2260 2070//2070
f 2260//2260 2259//2259 2449//2449
f 2260//2260 2072//2072 2071//2071
f 2261//2261 2262//2262 2072//2072
f 2262//2262 2263//2263 2264//2264
f 2262//2262 2264//2264 2073//2073
f 2265//2265 2075//2075 2073//2073
f 2266//2266 2458//2458 2267//2267
f 2267//2267 2077//2077 2266//2266
f 2269//2269 2270//2270 2077//2077
f 2270//2270 2080//2080 2078//2078
f 2271//2271 2272//2272 2080//2080
f 2272//2272 2083//2083 2081//2081
f 2272//2272 2271//2271 2273//2273
f 2274//2274 2275//2275 2083//2083
f 2275//2275 2086//2086 2084//2084
f 2275//2275 2274//2274 2276//2276
f 2277//2277 2279//2279 2086//2086
f 2279//2279 2088//2088 2087//2087
f 2279//2279 2277//2277 2278//2278
f 2279//2279 2280//2280 2088//2088
f 2280//2280 2090//2090 2089//2089
f 2280//2280 2279//2279 2281//2281
f 2282//2282 2283//2283 2090//2090
f 2283//2283 2282//2282 2284//2284
f 2285//2285 2286//2286 2091//2091
f 2286//2286 2093//2093 2092//2092
f 2286//2286 2285//2285 2287//2287
f 2288//2288 2289//2289 2093//2093
f 2289//2289 2095//2095 2094//2094
f 2289//2289 2288//2288 2290//2290
f 2291//2291 2097//2097 2095//2095
f 2291//2291 2292//2292 2293//2293
f 2294//2294 2098//2098 2097//2097
f 2101//2101 2099//2099 2294//2294
f 2293//2293 2296//2296 2295//2295
f 2103//2103 2099//2099 2101//2101
f 2295//2295 2298//2298 2297//2297
f 2101//2101 2297//2297 2299//2299
f 2106//2106 2102//2102 2103//2103
f 2297//2297 2301//2301 2300//2300
f 2299//2299 2300//2300 2302//2302
f 2110//2110 2105//2105 2106//2106
f 2300//2300 2304//2304 2303//2303
f 2302//2302 2303//2303 2305//2305
f 2303//2303 2492//2492 2306//2306
f 2305//2305 2306//2306 2307//2307
f 2310//2310 2109//2109 2110//2110
f 2306//2306 2309//2309 2308//2308
f 2307//2307 2308//2308 2310//2310
f 2310//2310 2311//2311 2312//2312
f 2312//2312 2114//2114 2112//2112
f 2311//2311 2498//2498 2313//2313
f 2312//2312 2313//2313 2314//2314
f 2117//2117 2115//2115 2312//2312
f 2313//2313 2316//2316 2315//2315
f 2314//2314 2315//2315 2318//2318
f 2120//2120 2118//2118 2117//2117
f 2318//2318 2315//2315 2317//2317
f 2318//2318 2319//2319 2120//2120
f 2319//2319 2123//2123 2121//2121
f 2319//2319 2318//2318 2320//2320
f 2321//2321 2322//2322 2123//2123
f 2127//2127 2124//2124 2123//2123
f 2322//2322 2321//2321 2513//2513
f 2323//2323 2324//2324 2127//2127
f 2128//2128 2126//2126 2127//2127
f 2324//2324 2323//2323 2325//2325
f 2326//2326 2327//2327 2128//2128
f 2327//2327 2131//2131 2129//2129
f 2327//2327 2326//2326 2519//2519
f 2328//2328 2329//2329 2131//2131
f 2133//2133 2132//2132 2131//2131
f 2328//2328 2522//2522 2330//2330
f 2330//2330 2331//2331 2133//2133
f 2135//2135 2134//2134 2133//2133
f 2330//2330 2333//2333 2332//2332
f 2331//2331 2332//2332 2334//2334
f 2138//2138 2136//2136 2135//2135
f 2332//2332 2336//2336 2335//2335
f 2334//2334 2335//2335 2337//2337
f 2142//2142 2139//2139 2138//2138
f 2335//2335 2339//2339 2338//2338
f 2337//2337 2338//2338 2340//2340
f 2340//2340 2145//2145 2141//2141
f 2338//2338 2341//2341 2340//2340
f 2149//2149 2144//2144 2145//2145
f 2340//2340 2344//2344 2343//2343
f 2343//2343 2346//2346 2149//2149
f 2343//2343 2347//2347 2346//2346
f 2148//2148 2345//2345 2348//2348
f 2156//2156 2151//2151 2147//2147
f 2348//2348 2349//2349 2351//2351
f 2349//2349 2353//2353 2352//2352
f 2352//2352 2354//2354 2156//2156
f 2157//2157 2155//2155 2156//2156
f 2354//2354 2352//2352 2543//2543
f 2355//2355 2160//2160 2158//2158
f 2355//2355 2354//2354 2545//2545
f 2160//2160 2356//2356 2357//2357
f 2357//2357 2358//2358 2161//2161
f 2358//2358 2164//2164 2162//2162
f 2358//2358 2357//2357 2359//2359
f 2360//2360 2361//2361 2164//2164
f 2363//2363 2169//2169 2165//2165
f 2363//2363 2360//2360 2362//2362
f 2363//2363 2362//2362 2364//2364
f 2364//2364 2365//2365 2169//2169
f 2365//2365 2364//2364 2366//2366
f 2366//2366 2368//2368 2171//2171
f 2558//2558 2174//2174 2173//2173
f 2174//2174 2558//2558 2370//2370
f 2560//2560 2371//2371 2175//2175
f 2371//2371 2560//2560 2372//2372
f 2373//2373 2374//2374 2177//2177
f 2180//2180 2374//2374 2565//2565
f 2375//2375 2376//2376 2180//2180
f 2376//2376 2377//2377 2181//2181
f 2377//2377 2379//2379 2378//2378
f 2378//2378 2182//2182 2181//2181
f 2183//2183 2379//2379 2380//2380
f 2380//2380 2185//2185 2183//2183
f 2380//2380 2381//2381 2187//2187
f 2382//2382 2189//2189 2187//2187
f 2189//2189 2190//2190 2188//2188
f 2383//2383 2385//2385 2384//2384
f 2190//2190 2192//2192 2191//2191
f 2192//2192 2194//2194 2193//2193
f 2387//2387 2195//2195 2194//2194
f 2195//2195 2387//2387 2388//2388
f 2387//2387 2389//2389 2388//2388
f 2196//2196 1999//1999 2195//2195
f 2390//2390 2388//2388 2589//2589
f 2592//2592 2391//2391 2197//2197
f 2391//2391 2593//2593 2392//2392
f 2391//2391 2392//2392 2393//2393
f 2393//2393 2198//2198 2391//2391
f 2202//2202 2200//2200 2393//2393
f 2394//2394 2396//2396 2397//2397
f 2396//2396 2399//2399 2398//2398
f 2397//2397 2398//2398 2209//2209
f 2398//2398 2401//2401 2400//2400
f 2209//2209 2400//2400 2402//2402
f 2209//2209 2206//2206 2204//2204
f 2400//2400 2404//2404 2403//2403
f 2402//2402 2403//2403 2214//2214
f 2211//2211 2208//2208 2209//2209
f 2403//2403 2408//2408 2405//2405
f 2214//2214 2405//2405 2406//2406
f 2214//2214 2212//2212 2211//2211
f 2405//2405 2408//2408 2407//2407
f 2219//2219 2213//2213 2214//2214
f 2407//2407 2410//2410 2409//2409
f 2406//2406 2409//2409 2411//2411
f 2409//2409 2413//2413 2412//2412
f 2411//2411 2412//2412 2414//2414
f 2224//2224 2218//2218 2219//2219
f 2412//2412 2616//2616 2415//2415
f 2414//2414 2415//2415 2416//2416
f 2416//2416 2417//2417 2418//2418
f 2227//2227 2223//2223 2224//2224
f 2417//2417 2420//2420 2419//2419
f 2418//2418 2419//2419 2231//2231
f 2230//2230 2226//2226 2227//2227
f 2421//2421 2420//2420 2422//2422
f 2235//2235 2232//2232 2231//2231
f 2420//2420 2423//2423 2422//2422
f 2237//2237 2234//2234 2235//2235
f 2422//2422 2425//2425 2424//2424
f 2237//2237 2424//2424 2426//2426
f 2424//2424 2427//2427 2426//2426
f 2240//2240 2238//2238 2237//2237
f 2426//2426 2432//2432 2429//2429
f 2428//2428 2429//2429 2430//2430
f 2244//2244 2239//2239 2240//2240
f 2429//2429 2432//2432 2431//2431
f 2430//2430 2431//2431 2433//2433
f 2431//2431 2626//2626 2433//2433
f 2434//2434 2243//2243 2244//2244
f 2433//2433 2436//2436 2435//2435
f 2434//2434 2435//2435 2248//2248
f 2247//2247 2246//2246 2434//2434
f 2248//2248 2435//2435 2437//2437
f 2438//2438 2439//2439 2440//2440
f 2250//2250 2249//2249 2248//2248
f 2440//2440 2442//2442 2441//2441
f 2440//2440 2441//2441 2443//2443
f 2443//2443 2441//2441 2444//2444
f 2254//2254 2251//2251 2443//2443
f 2255//2255 2253//2253 2254//2254
f 2256//2256 2444//2444 2445//2445
f 2445//2445 2446//2446 2256//2256
f 2258//2258 2446//2446 2447//2447
f 2447//2447 2448//2448 2258//2258
f 2448//2448 2447//2447 2451//2451
f 2448//2448 2449//2449 2259//2259
f 2448//2448 2451//2451 2450//2450
f 2450//2450 2454//2454 2262//2262
f 2454//2454 2455//2455 2262//2262
f 2264//2264 2456//2456 2457//2457
f 2458//2458 2265//2265 2264//2264
f 2459//2459 2267//2267 2458//2458
f 2459//2459 2268//2268 2267//2267
f 2268//2268 2461//2461 2657//2657
f 2462//2462 2464//2464 2270//2270
f 2268//2268 2270//2270 2269//2269
f 2464//2464 2273//2273 2271//2271
f 2464//2464 2462//2462 2463//2463
f 2464//2464 2276//2276 2273//2273
f 2276//2276 2464//2464 2465//2465
f 2467//2467 2466//2466 2276//2276
f 2466//2466 2278//2278 2277//2277
f 2468//2468 2469//2469 2278//2278
f 2469//2469 2281//2281 2279//2279
f 2469//2469 2468//2468 2470//2470
f 2471//2471 2472//2472 2281//2281
f 2472//2472 2284//2284 2282//2282
f 2472//2472 2471//2471 2473//2473
f 2474//2474 2475//2475 2284//2284
f 2475//2475 2287//2287 2285//2285
f 2475//2475 2474//2474 2667//2667
f 2477//2477 2478//2478 2287//2287
f 2478//2478 2290//2290 2288//2288
f 2478//2478 2477//2477 2479//2479
f 2480//2480 2481//2481 2290//2290
f 2481//2481 2292//2292 2291//2291
f 2481//2481 2480//2480 2673//2673
f 2482//2482 2293//2293 2292//2292
f 2483//2483 2484//2484 2293//2293
f 2484//2484 2296//2296 2293//2293
f 2484//2484 2483//2483 2485//2485
f 2484//2484 2486//2486 2487//2487
f 2298//2298 2295//2295 2296//2296
f 2301//2301 2297//2297 2298//2298
f 2487//2487 2489//2489 2490//2490
f 2304//2304 2300//2300 2301//2301
f 2490//2490 2684//2684 2491//2491
f 2490//2490 2491//2491 2492//2492
f 2492//2492 2303//2303 2304//2304
f 2492//2492 2493//2493 2494//2494
f 2309//2309 2306//2306 2492//2492
f 2493//2493 2497//2497 2494//2494
f 2494//2494 2497//2497 2496//2496
f 2495//2495 2496//2496 2498//2498
f 2498//2498 2311//2311 2308//2308
f 2496//2496 2500//2500 2499//2499
f 2498//2498 2499//2499 2501//2501
f 2316//2316 2313//2313 2498//2498
f 2499//2499 2503//2503 2502//2502
f 2501//2501 2502//2502 2504//2504
f 2504//2504 2317//2317 2315//2315
f 2502//2502 2506//2506 2505//2505
f 2505//2505 2507//2507 2317//2317
f 2320//2320 2318//2318 2317//2317
f 2507//2507 2505//2505 2508//2508
f 2509//2509 2510//2510 2320//2320
f 2510//2510 2513//2513 2321//2321
f 2510//2510 2509//2509 2511//2511
f 2510//2510 2512//2512 2513//2513
f 2513//2513 2325//2325 2323//2323
f 2512//2512 2515//2515 2514//2514
f 2514//2514 2516//2516 2325//2325
f 2516//2516 2519//2519 2326//2326
f 2516//2516 2514//2514 2517//2517
f 2516//2516 2518//2518 2519//2519
f 2519//2519 2522//2522 2328//2328
f 2518//2518 2521//2521 2520//2520
f 2519//2519 2520//2520 2522//2522
f 2333//2333 2330//2330 2522//2522
f 2520//2520 2717//2717 2523//2523
f 2522//2522 2523//2523 2524//2524
f 2336//2336 2332//2332 2333//2333
f 2523//2523 2526//2526 2525//2525
f 2525//2525 2527//2527 2336//2336
f 2339//2339 2335//2335 2336//2336
f 2525//2525 2530//2530 2528//2528
f 2341//2341 2338//2338 2339//2339
f 2528//2528 2530//2530 2529//2529
f 2528//2528 2529//2529 2531//2531
f 2344//2344 2340//2340 2341//2341
f 2531//2531 2529//2529 2532//2532
f 2531//2531 2533//2533 2534//2534
f 2347//2347 2343//2343 2344//2344
f 2534//2534 2533//2533 2535//2535
f 2536//2536 2537//2537 2347//2347
f 2350//2350 2346//2346 2347//2347
f 2537//2537 2536//2536 2538//2538
f 2538//2538 2539//2539 2350//2350
f 2353//2353 2349//2349 2345//2345
f 2539//2539 2538//2538 2540//2540
f 2541//2541 2543//2543 2353//2353
f 2543//2543 2541//2541 2542//2542
f 2544//2544 2545//2545 2354//2354
f 2546//2546 2357//2357 2356//2356
f 2546//2546 2545//2545 2547//2547
f 2548//2548 2550//2550 2357//2357
f 2550//2550 2359//2359 2357//2357
f 2550//2550 2548//2548 2549//2549
f 2359//2359 2550//2550 2551//2551
f 2553//2553 2362//2362 2360//2360
f 2553//2553 2551//2551 2552//2552
f 2553//2553 2364//2364 2362//2362
f 2554//2554 2366//2366 2364//2364
f 2556//2556 2367//2367 2366//2366
f 2556//2556 2555//2555 2755//2755
f 2367//2367 2369//2369 2368//2368
f 2367//2367 2556//2556 2557//2557
f 2557//2557 2558//2558 2369//2369
f 2558//2558 2557//2557 2759//2759
f 2370//2370 2759//2759 2559//2559
f 2559//2559 2560//2560 2370//2370
f 2560//2560 2559//2559 2561//2561
f 2562//2562 2563//2563 2372//2372
f 2563//2563 2565//2565 2373//2373
f 2565//2565 2563//2563 2564//2564
f 2567//2567 2565//2565 2566//2566
f 2567//2567 2569//2569 2375//2375
f 2567//2567 2568//2568 2569//2569
f 2569//2569 2570//2570 2377//2377
f 2570//2570 2571//2571 2379//2379
f 2571//2571 2572//2572 2379//2379
f 2572//2572 2380//2380 2379//2379
f 2574//2574 2381//2381 2380//2380
f 2575//2575 2382//2382 2381//2381
f 2575//2575 2577//2577 2576//2576
f 2576//2576 2577//2577 2578//2578
f 2576//2576 2579//2579 2385//2385
f 2579//2579 2783//2783 2580//2580
f 2385//2385 2580//2580 2582//2582
f 2580//2580 2581//2581 2582//2582
f 2582//2582 2583//2583 2584//2584
f 2584//2584 2788//2788 2585//2585
f 2585//2585 2586//2586 2387//2387
f 2586//2586 2792//2792 2587//2587
f 2389//2389 2587//2587 2588//2588
f 2589//2589 2388//2388 2389//2389
f 2588//2588 2591//2591 2590//2590
f 2589//2589 2590//2590 2592//2592
f 2589//2589 2592//2592 2390//2390
f 2592//2592 2590//2590 2593//2593
f 2590//2590 2595//2595 2593//2593
f 2593//2593 2595//2595 2594//2594
f 2593//2593 2594//2594 2596//2596
f 2596//2596 2594//2594 2597//2597
f 2395//2395 2394//2394 2392//2392
f 2594//2594 2598//2598 2597//2597
f 2399//2399 2396//2396 2395//2395
f 2597//2597 2804//2804 2600//2600
f 2599//2599 2600//2600 2601//2601
f 2599//2599 2401//2401 2398//2398
f 2600//2600 2603//2603 2602//2602
f 2601//2601 2602//2602 2604//2604
f 2404//2404 2400//2400 2401//2401
f 2602//2602 2605//2605 2607//2607
f 2604//2604 2607//2607 2606//2606
f 2408//2408 2403//2403 2404//2404
f 2608//2608 2610//2610 2609//2609
f 2608//2608 2609//2609 2611//2611
f 2410//2410 2407//2407 2408//2408
f 2611//2611 2612//2612 2613//2613
f 2413//2413 2409//2409 2410//2410
f 2612//2612 2615//2615 2614//2614
f 2613//2613 2614//2614 2616//2616
f 2616//2616 2412//2412 2413//2413
f 2614//2614 2617//2617 2618//2618
f 2618//2618 2423//2423 2420//2420
f 2420//2420 2417//2417 2415//2415
f 2423//2423 2618//2618 2617//2617
f 2423//2423 2617//2617 2619//2619
f 2425//2425 2422//2422 2423//2423
f 2619//2619 2620//2620 2621//2621
f 2427//2427 2424//2424 2425//2425
f 2620//2620 2622//2622 2621//2621
f 2432//2432 2426//2426 2427//2427
f 2621//2621 2623//2623 2624//2624
f 2624//2624 2623//2623 2625//2625
f 2624//2624 2625//2625 2626//2626
f 2626//2626 2431//2431 2432//2432
f 2626//2626 2627//2627 2628//2628
f 2436//2436 2433//2433 2626//2626
f 2627//2627 2630//2630 2629//2629
f 2628//2628 2629//2629 2439//2439
f 2437//2437 2435//2435 2436//2436
f 2629//2629 2631//2631 2442//2442
f 2442//2442 2632//2632 2633//2633
f 2442//2442 2440//2440 2439//2439
f 2444//2444 2441//2441 2442//2442
f 2636//2636 2445//2445 2444//2444
f 2636//2636 2638//2638 2637//2637
f 2637//2637 2447//2447 2446//2446
f 2447//2447 2637//2637 2639//2639
f 2639//2639 2641//2641 2640//2640
f 2640//2640 2452//2452 2450//2450
f 2452//2452 2642//2642 2841//2841
f 2452//2452 2644//2644 2453//2453
f 2643//2643 2645//2645 2644//2644
f 2645//2645 2646//2646 2648//2648
f 2648//2648 2455//2455 2454//2454
f 2648//2648 2646//2646 2647//2647
f 2648//2648 2456//2456 2455//2455
f 2647//2647 2650//2650 2649//2649
f 2649//2649 2650//2650 2651//2651
f 2457//2457 2651//2651 2652//2652
f 2654//2654 2458//2458 2457//2457
f 2654//2654 2652//2652 2653//2653
f 2654//2654 2459//2459 2458//2458
f 2654//2654 2653//2653 2857//2857
f 2460//2460 2857//2857 2655//2655
f 2860//2860 2461//2461 2460//2460
f 2461//2461 2860//2860 2656//2656
f 2658//2658 2657//2657 2659//2659
f 2658//2658 2463//2463 2462//2462
f 2463//2463 2465//2465 2464//2464
f 2467//2467 2465//2465 2865//2865
f 2866//2866 2661//2661 2467//2467
f 2661//2661 2470//2470 2468//2468
f 2661//2661 2866//2866 2662//2662
f 2663//2663 2664//2664 2470//2470
f 2664//2664 2473//2473 2471//2471
f 2664//2664 2663//2663 2665//2665
f 2665//2665 2667//2667 2473//2473
f 2476//2476 2665//2665 2668//2668
f 2669//2669 2670//2670 2476//2476
f 2670//2670 2479//2479 2477//2477
f 2671//2671 2673//2673 2480//2480
f 2674//2674 2483//2483 2482//2482
f 2674//2674 2673//2673 2675//2675
f 2676//2676 2677//2677 2483//2483
f 2677//2677 2485//2485 2483//2483
f 2677//2677 2676//2676 2678//2678
f 2679//2679 2681//2681 2485//2485
f 2681//2681 2679//2679 2680//2680
f 2486//2486 2489//2489 2487//2487
f 2486//2486 2681//2681 2682//2682
f 2683//2683 2684//2684 2489//2489
f 2684//2684 2490//2490 2489//2489
f 2684//2684 2683//2683 2685//2685
f 2684//2684 2685//2685 2686//2686
f 2493//2493 2491//2491 2684//2684
f 2685//2685 2687//2687 2686//2686
f 2686//2686 2690//2690 2689//2689
f 2689//2689 2691//2691 2693//2693
f 2688//2688 2693//2693 2692//2692
f 2500//2500 2496//2496 2497//2497
f 2503//2503 2499//2499 2500//2500
f 2692//2692 2696//2696 2695//2695
f 2694//2694 2695//2695 2697//2697
f 2506//2506 2502//2502 2503//2503
f 2695//2695 2699//2699 2698//2698
f 2697//2697 2698//2698 2700//2700
f 2508//2508 2505//2505 2506//2506
f 2698//2698 2702//2702 2701//2701
f 2700//2700 2701//2701 2703//2703
f 2703//2703 2511//2511 2509//2509
f 2703//2703 2701//2701 2704//2704
f 2705//2705 2706//2706 2511//2511
f 2706//2706 2515//2515 2512//2512
f 2705//2705 2708//2708 2707//2707
f 2706//2706 2707//2707 2709//2709
f 2709//2709 2517//2517 2514//2514
f 2707//2707 2711//2711 2710//2710
f 2710//2710 2712//2712 2517//2517
f 2521//2521 2518//2518 2517//2517
f 2710//2710 2714//2714 2713//2713
f 2717//2717 2520//2520 2521//2521
f 2713//2713 2716//2716 2715//2715
f 2712//2712 2715//2715 2717//2717
f 2526//2526 2523//2523 2717//2717
f 2715//2715 2719//2719 2718//2718
f 2717//2717 2718//2718 2720//2720
f 2530//2530 2525//2525 2526//2526
f 2718//2718 2722//2722 2721//2721
f 2720//2720 2721//2721 2723//2723
f 2721//2721 2725//2725 2724//2724
f 2723//2723 2724//2724 2726//2726
f 2532//2532 2529//2529 2530//2530
f 2724//2724 2728//2728 2727//2727
f 2726//2726 2727//2727 2729//2729
f 2535//2535 2533//2533 2532//2532
f 2729//2729 2727//2727 2730//2730
f 2731//2731 2732//2732 2535//2535
f 2732//2732 2538//2538 2536//2536
f 2732//2732 2731//2731 2733//2733
f 2734//2734 2735//2735 2538//2538
f 2735//2735 2540//2540 2538//2538
f 2734//2734 2737//2737 2736//2736
f 2736//2736 2738//2738 2540//2540
f 2738//2738 2542//2542 2541//2541
f 2736//2736 2740//2740 2739//2739
f 2739//2739 2741//2741 2542//2542
f 2741//2741 2544//2544 2543//2543
f 2741//2741 2739//2739 2742//2742
f 2742//2742 2547//2547 2544//2544
f 2547//2547 2742//2742 2743//2743
f 2743//2743 2744//2744 2547//2547
f 2744//2744 2549//2549 2548//2548
f 2745//2745 2746//2746 2549//2549
f 2746//2746 2551//2551 2550//2550
f 2746//2746 2745//2745 2747//2747
f 2748//2748 2552//2552 2551//2551
f 2748//2748 2747//2747 2749//2749
f 2750//2750 2749//2749 2751//2751
f 2752//2752 2554//2554 2552//2552
f 2752//2752 2751//2751 2753//2753
f 2555//2555 2753//2753 2959//2959
f 2754//2754 2755//2755 2555//2555
f 2754//2754 2959//2959 2961//2961
f 2756//2756 2557//2557 2556//2556
f 2756//2756 2755//2755 2757//2757
f 2963//2963 2758//2758 2557//2557
f 2758//2758 2759//2759 2557//2557
f 2759//2759 2758//2758 2760//2760
f 2760//2760 2762//2762 2559//2559
f 2762//2762 2760//2760 2761//2761
f 2762//2762 2561//2561 2559//2559
f 2561//2561 2762//2762 2967//2967
f 2562//2562 2967//2967 2763//2763
f 2763//2763 2566//2566 2564//2564
f 2562//2562 2564//2564 2563//2563
f 2566//2566 2763//2763 2764//2764
f 2765//2765 2568//2568 2566//2566
f 2568//2568 2765//2765 2766//2766
f 2568//2568 2567//2567 2566//2566
f 2768//2768 2769//2769 2771//2771
f 2767//2767 2771//2771 2569//2569
f 2771//2771 2769//2769 2770//2770
f 2771//2771 2772//2772 2570//2570
f 2770//2770 2773//2773 2772//2772
f 2772//2772 2774//2774 2571//2571
f 2774//2774 2775//2775 2572//2572
f 2775//2775 2776//2776 2573//2573
f 2573//2573 2777//2777 2574//2574
f 2776//2776 2778//2778 2777//2777
f 2777//2777 2575//2575 2574//2574
f 2778//2778 2781//2781 2779//2779
f 2779//2779 2578//2578 2577//2577
f 2779//2779 2780//2780 2782//2782
f 2783//2783 2579//2579 2578//2578
f 2783//2783 2581//2581 2580//2580
f 2782//2782 2786//2786 2784//2784
f 2583//2583 2582//2582 2581//2581
f 2784//2784 2786//2786 2785//2785
f 2581//2581 2785//2785 2787//2787
f 2788//2788 2584//2584 2583//2583
f 2787//2787 2785//2785 2789//2789
f 2788//2788 2789//2789 2790//2790
f 2790//2790 2792//2792 2586//2586
f 2790//2790 2791//2791 2792//2792
f 2792//2792 2793//2793 2794//2794
f 2591//2591 2588//2588 2587//2587
f 2794//2794 2795//2795 2796//2796
f 2796//2796 2590//2590 2591//2591
f 2796//2796 2795//2795 2797//2797
f 2595//2595 2590//2590 2796//2796
f 2797//2797 2795//2795 2800//2800
f 2797//2797 2800//2800 2799//2799
f 2798//2798 2799//2799 2801//2801
f 2801//2801 2594//2594 2595//2595
f 2801//2801 2802//2802 2803//2803
f 2598//2598 2594//2594 2801//2801
f 2802//2802 3009//3009 2803//2803
f 2804//2804 2597//2597 2598//2598
f 2803//2803 2806//2806 2805//2805
f 2804//2804 2805//2805 2807//2807
f 2804//2804 2603//2603 2600//2600
f 2805//2805 2809//2809 2808//2808
f 2807//2807 2808//2808 2810//2810
f 2605//2605 2602//2602 2603//2603
f 2808//2808 3015//3015 2811//2811
f 2810//2810 2811//2811 2610//2610
f 2610//2610 2811//2811 2813//2813
f 2610//2610 2608//2608 2607//2607
f 2811//2811 2814//2814 2813//2813
f 2612//2612 2609//2609 2610//2610
f 2813//2813 2815//2815 2816//2816
f 2816//2816 2620//2620 2617//2617
f 2617//2617 2614//2614 2615//2615
f 2620//2620 2816//2816 2815//2815
f 2817//2817 2819//2819 2622//2622
f 2819//2819 2817//2817 2818//2818
f 2819//2819 2623//2623 2621//2621
f 2623//2623 2819//2819 2820//2820
f 2821//2821 2822//2822 2625//2625
f 2822//2822 2630//2630 2627//2627
f 2630//2630 2822//2822 2823//2823
f 2824//2824 2631//2631 2630//2630
f 2824//2824 2826//2826 2825//2825
f 2825//2825 2632//2632 2631//2631
f 2631//2631 2629//2629 2630//2630
f 2827//2827 2829//2829 2632//2632
f 2632//2632 2442//2442 2631//2631
f 2829//2829 2827//2827 2828//2828
f 2829//2829 2634//2634 2633//2633
f 2634//2634 2829//2829 2830//2830
f 2634//2634 2636//2636 2635//2635
f 2634//2634 2830//2830 2831//2831
f 2832//2832 2833//2833 2638//2638
f 2832//2832 2834//2834 2833//2833
f 2833//2833 2836//2836 2835//2835
f 2641//2641 2835//2835 2837//2837
f 2641//2641 2838//2838 2839//2839
f 2839//2839 2838//2838 2840//2840
f 2840//2840 2841//2841 2642//2642
f 2642//2642 2640//2640 2641//2641
f 2841//2841 2840//2840 3036//3036
f 2841//2841 2843//2843 2842//2842
f 2842//2842 2845//2845 2844//2844
f 2844//2844 2643//2643 2841//2841
f 2845//2845 2847//2847 2846//2846
f 2844//2844 2846//2846 2643//2643
f 2846//2846 2848//2848 2645//2645
f 2848//2848 2847//2847 2850//2850
f 2849//2849 2646//2646 2645//2645
f 2647//2647 2850//2850 2851//2851
f 2647//2647 2851//2851 2650//2650
f 2853//2853 2651//2651 2650//2650
f 2852//2852 2855//2855 2854//2854
f 2854//2854 2652//2652 2651//2651
f 2653//2653 2855//2855 2856//2856
f 2856//2856 2857//2857 2653//2653
f 2857//2857 2856//2856 2858//2858
f 2859//2859 2860//2860 2655//2655
f 2656//2656 2659//2659 2657//2657
f 2864//2864 2865//2865 2660//2660
f 2865//2865 2864//2864 3068//3068
f 2866//2866 2865//2865 2867//2867
f 2868//2868 2869//2869 2662//2662
f 2869//2869 2665//2665 2663//2663
f 2869//2869 2868//2868 2870//2870
f 2871//2871 2668//2668 2665//2665
f 2871//2871 2666//2666 2872//2872
f 2873//2873 2874//2874 2668//2668
f 2874//2874 2873//2873 2875//2875
f 2876//2876 2672//2672 2669//2669
f 2672//2672 2876//2876 3079//3079
f 2877//2877 2878//2878 2672//2672
f 2878//2878 2675//2675 2673//2673
f 2878//2878 2877//2877 2879//2879
f 2675//2675 2678//2678 2676//2676
f 2675//2675 2880//2880 2881//2881
f 2882//2882 2883//2883 2678//2678
f 2883//2883 2680//2680 2679//2679
f 2883//2883 2882//2882 2884//2884
f 2885//2885 2886//2886 2680//2680
f 2886//2886 2682//2682 2681//2681
f 2886//2886 2885//2885 2887//2887
f 2888//2888 2889//2889 2682//2682
f 2889//2889 2685//2685 2683//2683
f 2888//2888 2891//2891 2890//2890
f 2890//2890 2892//2892 2685//2685
f 2890//2890 2894//2894 2893//2893
f 2893//2893 2895//2895 2687//2687
f 2690//2690 2686//2686 2687//2687
f 2895//2895 2896//2896 2897//2897
f 2691//2691 2689//2689 2690//2690
f 2896//2896 2901//2901 2898//2898
f 2897//2897 2898//2898 2899//2899
f 2898//2898 2901//2901 2900//2900
f 2899//2899 2900//2900 2902//2902
f 2696//2696 2692//2692 2693//2693
f 2900//2900 2906//2906 2903//2903
f 2902//2902 2903//2903 2904//2904
f 2699//2699 2695//2695 2696//2696
f 2903//2903 2906//2906 2905//2905
f 2904//2904 2905//2905 2907//2907
f 2702//2702 2698//2698 2699//2699
f 2905//2905 2909//2909 2908//2908
f 2907//2907 2908//2908 2910//2910
f 2704//2704 2701//2701 2702//2702
f 2908//2908 2912//2912 2911//2911
f 2910//2910 2911//2911 2913//2913
f 2708//2708 2705//2705 2704//2704
f 2913//2913 2911//2911 2914//2914
f 2913//2913 2915//2915 2916//2916
f 2711//2711 2707//2707 2708//2708
f 2916//2916 2915//2915 2917//2917
f 2916//2916 2918//2918 2919//2919
f 2714//2714 2710//2710 2711//2711
f 2919//2919 2918//2918 2920//2920
f 2919//2919 2921//2921 2922//2922
f 2716//2716 2713//2713 2714//2714
f 2921//2921 2924//2924 2923//2923
f 2922//2922 2923//2923 2925//2925
f 2719//2719 2715//2715 2716//2716
f 2925//2925 2926//2926 2927//2927
f 2722//2722 2718//2718 2719//2719
f 2926//2926 2929//2929 2928//2928
f 2927//2927 2928//2928 2930//2930
f 2725//2725 2721//2721 2722//2722
f 2930//2930 2928//2928 2932//2932
f 2728//2728 2724//2724 2725//2725
f 2928//2928 2934//2934 2933//2933
f 2933//2933 2935//2935 2728//2728
f 2935//2935 2730//2730 2727//2727
f 2935//2935 2933//2933 2936//2936
f 2937//2937 2938//2938 2730//2730
f 2938//2938 2733//2733 2731//2731
f 2937//2937 3133//3133 2939//2939
f 2939//2939 2940//2940 2733//2733
f 2940//2940 2737//2737 2734//2734
f 2940//2940 2939//2939 2941//2941
f 2942//2942 2944//2944 2737//2737
f 2740//2740 2736//2736 2737//2737
f 2944//2944 2942//2942 2943//2943
f 2944//2944 2945//2945 2740//2740
f 2945//2945 2742//2742 2739//2739
f 2945//2945 2944//2944 2946//2946
f 2946//2946 2947//2947 2742//2742
f 2947//2947 2743//2743 2742//2742
f 2947//2947 2946//2946 2948//2948
f 2949//2949 2744//2744 2743//2743
f 2951//2951 2952//2952 2744//2744
f 2952//2952 2747//2747 2745//2745
f 2952//2952 2951//2951 2953//2953
f 2954//2954 2749//2749 2747//2747
f 2954//2954 2953//2953 2955//2955
f 2956//2956 2751//2751 2749//2749
f 2956//2956 2955//2955 2957//2957
f 2957//2957 2959//2959 2753//2753
f 2959//2959 2958//2958 2960//2960
f 2757//2757 2961//2961 2962//2962
f 2962//2962 2963//2963 2757//2757
f 2963//2963 2962//2962 3157//3157
f 2964//2964 2760//2760 2758//2758
f 3159//3159 2965//2965 2760//2760
f 2965//2965 2761//2761 2760//2760
f 2965//2965 3159//3159 3161//3161
f 2761//2761 2965//2965 2966//2966
f 2761//2761 2967//2967 2762//2762
f 2970//2970 2971//2971 2764//2764
f 2969//2969 2764//2764 2763//2763
f 2972//2972 2973//2973 2766//2766
f 2766//2766 2765//2765 2764//2764
f 2974//2974 2975//2975 2768//2768
f 2973//2973 2768//2768 2767//2767
f 2975//2975 2974//2974 3168//3168
f 2975//2975 2976//2976 2977//2977
f 2975//2975 2978//2978 2768//2768
f 2977//2977 2979//2979 2769//2769
f 2979//2979 2980//2980 2981//2981
f 2981//2981 2770//2770 2769//2769
f 2980//2980 2982//2982 2773//2773
f 2773//2773 2983//2983 2774//2774
f 2983//2983 2775//2775 2774//2774
f 2983//2983 2984//2984 2776//2776
f 2984//2984 2778//2778 2776//2776
f 2985//2985 2986//2986 2988//2988
f 2984//2984 2988//2988 2778//2778
f 2988//2988 2986//2986 2987//2987
f 2988//2988 2989//2989 2781//2781
f 2989//2989 3184//3184 2990//2990
f 2786//2786 2782//2782 2780//2780
f 3185//3185 2992//2992 2991//2991
f 2991//2991 2993//2993 2995//2995
f 2993//2993 2998//2998 2995//2995
f 2995//2995 2998//2998 2997//2997
f 2996//2996 2997//2997 2999//2999
f 2997//2997 3001//3001 3000//3000
f 2999//2999 3000//3000 3002//3002
f 3002//3002 3000//3000 1658//1658
f 3000//3000 3003//3003 1658//1658
f 2800//2800 2795//2795 3002//3002
f 3003//3003 3004//3004 1659//1659
f 3004//3004 3005//3005 1659//1659
f 3006//3006 3008//3008 1659//1659
f 3008//3008 3006//3006 3007//3007
f 3007//3007 2799//2799 3008//3008
f 3008//3008 2800//2800 1658//1658
f 3007//3007 3009//3009 2802//2802
f 3009//3009 3010//3010 3011//3011
f 2806//2806 2803//2803 3009//3009
f 3010//3010 3014//3014 3012//3012
f 3011//3011 3012//3012 3013//3013
f 2809//2809 2805//2805 2806//2806
f 3013//3013 3012//3012 3015//3015
f 3015//3015 2808//2808 2809//2809
f 3012//3012 3203//3203 3016//3016
f 2812//2812 2811//2811 3015//3015
f 3016//3016 3018//3018 3017//3017
f 3017//3017 3019//3019 2814//2814
f 2814//2814 2811//2811 2812//2812
f 3019//3019 2818//2818 2817//2817
f 2815//2815 2813//2813 2814//2814
f 2818//2818 3017//3017 3018//3018
f 2818//2818 2820//2820 2819//2819
f 2820//2820 3018//3018 3020//3020
f 3021//3021 2826//2826 2823//2823
f 2826//2826 3021//3021 3022//3022
f 2826//2826 2824//2824 2823//2823
f 2826//2826 3022//3022 3208//3208
f 2826//2826 3023//3023 3024//3024
f 3023//3023 2830//2830 2828//2828
f 2828//2828 2827//2827 2825//2825
f 2830//2830 3025//3025 2831//2831
f 3027//3027 3029//3029 2831//2831
f 3029//3029 3027//3027 3028//3028
f 3029//3029 2834//2834 2832//2832
f 3029//3029 3032//3032 3030//3030
f 3030//3030 3031//3031 2836//2836
f 2836//2836 2833//2833 2834//2834
f 3030//3030 3032//3032 3033//3033
f 2837//2837 2835//2835 2836//2836
f 3033//3033 3219//3219 3034//3034
f 3034//3034 3035//3035 2840//2840
f 2840//2840 2838//2838 2837//2837
f 3035//3035 3036//3036 2840//2840
f 3037//3037 3041//3041 2843//2843
f 3036//3036 2843//2843 2841//2841
f 3037//3037 3039//3039 3038//3038
f 3041//3041 3038//3038 3040//3040
f 3041//3041 2842//2842 2843//2843
f 3040//3040 3042//3042 2845//2845
f 3042//3042 3044//3044 3043//3043
f 3043//3043 2847//2847 2845//2845
f 3043//3043 3044//3044 3045//3045
f 3046//3046 3047//3047 2850//2850
f 3047//3047 3048//3048 2850//2850
f 3049//3049 2851//2851 2850//2850
f 3050//3050 2855//2855 2852//2852
f 3050//3050 3051//3051 3052//3052
f 3054//3054 2856//2856 2855//2855
f 3053//3053 3056//3056 3055//3055
f 3055//3055 3056//3056 3057//3057
f 3058//3058 2858//2858 2856//2856
f 3058//3058 3059//3059 2858//2858
f 3057//3057 3244//3244 3059//3059
f 3061//3061 3062//3062 2859//2859
f 3062//3062 3061//3061 3060//3060
f 3062//3062 3063//3063 2861//2861
f 3063//3063 3062//3062 3064//3064
f 3065//3065 3066//3066 2863//2863
f 3063//3063 2863//2863 2862//2862
f 3066//3066 3068//3068 2864//2864
f 3066//3066 3065//3065 3067//3067
f 3070//3070 2867//2867 2865//2865
f 3070//3070 3068//3068 3069//3069
f 3070//3070 3071//3071 2867//2867
f 3071//3071 2870//2870 2868//2868
f 3071//3071 3070//3070 3255//3255
f 3071//3071 3072//3072 2870//2870
f 3072//3072 2872//2872 2666//2666
f 3072//3072 3071//3071 3073//3073
f 3074//3074 3075//3075 2872//2872
f 3075//3075 2875//2875 2873//2873
f 3075//3075 3074//3074 3076//3076
f 3077//3077 3079//3079 2876//2876
f 3080//3080 2879//2879 2877//2877
f 3080//3080 3079//3079 3263//3263
f 3080//3080 3081//3081 2879//2879
f 3081//3081 2881//2881 2880//2880
f 3081//3081 3080//3080 3264//3264
f 3082//3082 3083//3083 2881//2881
f 3083//3083 2884//2884 2882//2882
f 3083//3083 3082//3082 3084//3084
f 3085//3085 3086//3086 2884//2884
f 3086//3086 2887//2887 2885//2885
f 3085//3085 3267//3267 3087//3087
f 3087//3087 3088//3088 2887//2887
f 3088//3088 2891//2891 2888//2888
f 3087//3087 3269//3269 3089//3089
f 3089//3089 3090//3090 2891//2891
f 3090//3090 2894//2894 2890//2890
f 3089//3089 3092//3092 3091//3091
f 3090//3090 3091//3091 3093//3093
f 3091//3091 3272//3272 3094//3094
f 3093//3093 3094//3094 3095//3095
f 2901//2901 2896//2896 2893//2893
f 3094//3094 3097//3097 3096//3096
f 3095//3095 3096//3096 3098//3098
f 2906//2906 2900//2900 2901//2901
f 3098//3098 3280//3280 3100//3100
f 3100//3100 3102//3102 3101//3101
f 3099//3099 3101//3101 3103//3103
f 2909//2909 2905//2905 2906//2906
f 3101//3101 3105//3105 3104//3104
f 3103//3103 3104//3104 3106//3106
f 2912//2912 2908//2908 2909//2909
f 3106//3106 3104//3104 3107//3107
f 3289//3289 2914//2914 2912//2912
f 2914//2914 3289//3289 3108//3108
f 3109//3109 3110//3110 2914//2914
f 2917//2917 2915//2915 2914//2914
f 3110//3110 3109//3109 3111//3111
f 2920//2920 2918//2918 2917//2917
f 3112//3112 3114//3114 3115//3115
f 2924//2924 2921//2921 2920//2920
f 3115//3115 3114//3114 3116//3116
f 3115//3115 3117//3117 3118//3118
f 2926//2926 2923//2923 2924//2924
f 3117//3117 3120//3120 3119//3119
f 3118//3118 3119//3119 3121//3121
f 3119//3119 3123//3123 3122//3122
f 3121//3121 3122//3122 3124//3124
f 2931//2931 2928//2928 2929//2929
f 3122//3122 3126//3126 3125//3125
f 3124//3124 3125//3125 3127//3127
f 2934//2934 2928//2928 2931//2931
f 3125//3125 3128//3128 3129//3129
f 2936//2936 2933//2933 2934//2934
f 3129//3129 3308//3308 3130//3130
f 3129//3129 3130//3130 3131//3131
f 3133//3133 2937//2937 2936//2936
f 3130//3130 3132//3132 3131//3131
f 3133//3133 2941//2941 2939//2939
f 3131//3131 3135//3135 3134//3134
f 3134//3134 3136//3136 2941//2941
f 3136//3136 2943//2943 2942//2942
f 3136//3136 3134//3134 3137//3137
f 3138//3138 3139//3139 2943//2943
f 3139//3139 2946//2946 2944//2944
f 3139//3139 3138//3138 3140//3140
f 3139//3139 3141//3141 3142//3142
f 3142//3142 2948//2948 2946//2946
f 3142//3142 3141//3141 3143//3143
f 3144//3144 3145//3145 2948//2948
f 3145//3145 2950//2950 2949//2949
f 3145//3145 3144//3144 3146//3146
f 3147//3147 3148//3148 2950//2950
f 3148//3148 2953//2953 2951//2951
f 3149//3149 2955//2955 2953//2953
f 3149//3149 3148//3148 3150//3150
f 3151//3151 2957//2957 2955//2955
f 3151//3151 3150//3150 3152//3152
f 3153//3153 3152//3152 3330//3330
f 2958//2958 3330//3330 3154//3154
f 3155//3155 2962//2962 2961//2961
f 3156//3156 3157//3157 2962//2962
f 3157//3157 1648//1648 1650//1650
f 3158//3158 3159//3159 2964//2964
f 3159//3159 3158//3158 3160//3160
f 3161//3161 2966//2966 2965//2965
f 2966//2966 3161//3161 3163//3163
f 3163//3163 3162//3162 2968//2968
f 2966//2966 2968//2968 2967//2967
f 2970//2970 2969//2969 2968//2968
f 3162//3162 3164//3164 2971//2971
f 3162//3162 2971//2971 2970//2970
f 3164//3164 3162//3162 3165//3165
f 3164//3164 3166//3166 3168//3168
f 3168//3168 2974//2974 2972//2972
f 3169//3169 3345//3345 2976//2976
f 3345//3345 3171//3171 3170//3170
f 2976//2976 3170//3170 2977//2977
f 3170//3170 3172//3172 2979//2979
f 3171//3171 3173//3173 3172//3172
f 2982//2982 3173//3173 3510//3510
f 2982//2982 3510//3510 3350//3350
f 2982//2982 3175//3175 2983//2983
f 3350//3350 3174//3174 3175//3175
f 3174//3174 3176//3176 3175//3175
f 3175//3175 3176//3176 2984//2984
f 3177//3177 3178//3178 3179//3179
f 3179//3179 2985//2985 2984//2984
f 3178//3178 3180//3180 3179//3179
f 3179//3179 2986//2986 2985//2985
f 3179//3179 3181//3181 2987//2987
f 3180//3180 3182//3182 3181//3181
f 3181//3181 3182//3182 3184//3184
f 3182//3182 3183//3183 3184//3184
f 3185//3185 2990//2990 3184//3184
f 3183//3183 3362//3362 3186//3186
f 3184//3184 3186//3186 3185//3185
f 3185//3185 3186//3186 3187//3187
f 3187//3187 2991//2991 2992//2992
f 3186//3186 3190//3190 3188//3188
f 2994//2994 2993//2993 3187//3187
f 3188//3188 3190//3190 3189//3189
f 3188//3188 3189//3189 3191//3191
f 2998//2998 2993//2993 2994//2994
f 3191//3191 3189//3189 3192//3192
f 3189//3189 3372//3372 3192//3192
f 3193//3193 2997//2997 2998//2998
f 3192//3192 3195//3195 3194//3194
f 3001//3001 2997//2997 3193//3193
f 3194//3194 3196//3196 3197//3197
f 3001//3001 3197//3197 3003//3003
f 3197//3197 3196//3196 3198//3198
f 3197//3197 3199//3199 3004//3004
f 3199//3199 3006//3006 3005//3005
f 3199//3199 3198//3198 3201//3201
f 3200//3200 3010//3010 3006//3006
f 3203//3203 3012//3012 3014//3014
f 3203//3203 3020//3020 3018//3018
f 3018//3018 3016//3016 3203//3203
f 3020//3020 3202//3202 3204//3204
f 3020//3020 3205//3205 3021//3021
f 3020//3020 3021//3021 2823//2823
f 3205//3205 3020//3020 3204//3204
f 3205//3205 3206//3206 3022//3022
f 3205//3205 3022//3022 3021//3021
f 3206//3206 3208//3208 3022//3022
f 3208//3208 3206//3206 3207//3207
f 3208//3208 3209//3209 3023//3023
f 3209//3209 3208//3208 3210//3210
f 3209//3209 3026//3026 3025//3025
f 3209//3209 3025//3025 3023//3023
f 3210//3210 3212//3212 3211//3211
f 3211//3211 3028//3028 3026//3026
f 3211//3211 3214//3214 3213//3213
f 3213//3213 3215//3215 3028//3028
f 3215//3215 3032//3032 3029//3029
f 3215//3215 3216//3216 3217//3217
f 3217//3217 3218//3218 3219//3219
f 3219//3219 3033//3033 3032//3032
f 3218//3218 3222//3222 3220//3220
f 3219//3219 3035//3035 3034//3034
f 3220//3220 3222//3222 3221//3221
f 3220//3220 3221//3221 3039//3039
f 3039//3039 3221//3221 3223//3223
f 3226//3226 3038//3038 3039//3039
f 3226//3226 3228//3228 3227//3227
f 3226//3226 3227//3227 3040//3040
f 3227//3227 3229//3229 3042//3042
f 3229//3229 3230//3230 3044//3044
f 3044//3044 3230//3230 3231//3231
f 3044//3044 3233//3233 3045//3045
f 3233//3233 3231//3231 3232//3232
f 3234//3234 3048//3048 3047//3047
f 3234//3234 3235//3235 3049//3049
f 3237//3237 3051//3051 3049//3049
f 3237//3237 3236//3236 3238//3238
f 3237//3237 3238//3238 3051//3051
f 3238//3238 3052//3052 3051//3051
f 3239//3239 3053//3053 3052//3052
f 3239//3239 3240//3240 3241//3241
f 3241//3241 3056//3056 3053//3053
f 3240//3240 3242//3242 3241//3241
f 3242//3242 3400//3400 3243//3243
f 3242//3242 3243//3243 3244//3244
f 3400//3400 3401//3401 3243//3243
f 3243//3243 3246//3246 3245//3245
f 3244//3244 3060//3060 3059//3059
f 3060//3060 3247//3247 3248//3248
f 3248//3248 3247//3247 3249//3249
f 3250//3250 3251//3251 3064//3064
f 3248//3248 3064//3064 3062//3062
f 3251//3251 3253//3253 3067//3067
f 3251//3251 3067//3067 3065//3065
f 3253//3253 3069//3069 3068//3068
f 3253//3253 3251//3251 3252//3252
f 3069//3069 3255//3255 3070//3070
f 3069//3069 3253//3253 3254//3254
f 3256//3256 3073//3073 3071//3071
f 3256//3256 3255//3255 3257//3257
f 3258//3258 3259//3259 3073//3073
f 3259//3259 3076//3076 3074//3074
f 3259//3259 3258//3258 3415//3415
f 3415//3415 3260//3260 3076//3076
f 3260//3260 3078//3078 3077//3077
f 3260//3260 3415//3415 3417//3417
f 3261//3261 3262//3262 3078//3078
f 3262//3262 3263//3263 3079//3079
f 3263//3263 3264//3264 3080//3080
f 3264//3264 3084//3084 3082//3082
f 3266//3266 3265//3265 3084//3084
f 3265//3265 3267//3267 3085//3085
f 3269//3269 3087//3087 3267//3267
f 3267//3267 3268//3268 3269//3269
f 3092//3092 3089//3089 3269//3269
f 3268//3268 3271//3271 3270//3270
f 3269//3269 3270//3270 3272//3272
f 3272//3272 3091//3091 3092//3092
f 3270//3270 3274//3274 3273//3273
f 3272//3272 3273//3273 3275//3275
f 3097//3097 3094//3094 3272//3272
f 3273//3273 3279//3279 3276//3276
f 3275//3275 3276//3276 3277//3277
f 3276//3276 3279//3279 3278//3278
f 3277//3277 3278//3278 3280//3280
f 3280//3280 3098//3098 3096//3096
f 3278//3278 3282//3282 3281//3281
f 3280//3280 3281//3281 3283//3283
f 3102//3102 3100//3100 3280//3280
f 3281//3281 3439//3439 3284//3284
f 3283//3283 3284//3284 3285//3285
f 3285//3285 3105//3105 3101//3101
f 3285//3285 3284//3284 3442//3442
f 3107//3107 3104//3104 3105//3105
f 3105//3105 3286//3286 3287//3287
f 3288//3288 3289//3289 3107//3107
f 3289//3289 3288//3288 3290//3290
f 3291//3291 3292//3292 3108//3108
f 3292//3292 3111//3111 3109//3109
f 3292//3292 3291//3291 3293//3293
f 3111//3111 3113//3113 3112//3112
f 3111//3111 3294//3294 3295//3295
f 3453//3453 3296//3296 3113//3113
f 3296//3296 3116//3116 3114//3114
f 3296//3296 3453//3453 3297//3297
f 3298//3298 3299//3299 3116//3116
f 3299//3299 3120//3120 3117//3117
f 3299//3299 3300//3300 3301//3301
f 3301//3301 3123//3123 3119//3119
f 3301//3301 3300//3300 3302//3302
f 3303//3303 3304//3304 3123//3123
f 3126//3126 3122//3122 3123//3123
f 3304//3304 3305//3305 3306//3306
f 3128//3128 3125//3125 3126//3126
f 3305//3305 3465//3465 3307//3307
f 3306//3306 3307//3307 3308//3308
f 3308//3308 3129//3129 3128//3128
f 3308//3308 3309//3309 3310//3310
f 3132//3132 3130//3130 3308//3308
f 3309//3309 3312//3312 3311//3311
f 3310//3310 3311//3311 3313//3313
f 3135//3135 3131//3131 3132//3132
f 3311//3311 3315//3315 3314//3314
f 3137//3137 3134//3134 3135//3135
f 3314//3314 3317//3317 3316//3316
f 3313//3313 3316//3316 3318//3318
f 3318//3318 3140//3140 3138//3138
f 3318//3318 3316//3316 3319//3319
f 3318//3318 3319//3319 3320//3320
f 3320//3320 3143//3143 3141//3141
f 3320//3320 3319//3319 3321//3321
f 3321//3321 3322//3322 3143//3143
f 3322//3322 3146//3146 3144//3144
f 3322//3322 3321//3321 3323//3323
f 3324//3324 3325//3325 3146//3146
f 3325//3325 3148//3148 3147//3147
f 3326//3326 3150//3150 3148//3148
f 3326//3326 3324//3324 3327//3327
f 3328//3328 3152//3152 3150//3150
f 3328//3328 3327//3327 3329//3329
f 3329//3329 3330//3330 3152//3152
f 3330//3330 3329//3329 3331//3331
f 3333//3333 3155//3155 3154//3154
f 3155//3155 3333//3333 3334//3334
f 1649//1649 1648//1648 3155//3155
f 3334//3334 3332//3332 3335//3335
f 3334//3334 3335//3335 3492//3492
f 3336//3336 1647//1647 1649//1649
f 3336//3336 3160//3160 1647//1647
f 3336//3336 3492//3492 3338//3338
f 3160//3160 3336//3336 3337//3337
f 3336//3336 3338//3338 3337//3337
f 3337//3337 3163//3163 3161//3161
f 3337//3337 3493//3493 3339//3339
f 3163//3163 3339//3339 3165//3165
f 3165//3165 3162//3162 3163//3163
f 3340//3340 3341//3341 3165//3165
f 3167//3167 3166//3166 3165//3165
f 3342//3342 3344//3344 3169//3169
f 3169//3169 3166//3166 3167//3167
f 3344//3344 3342//3342 3497//3497
f 3343//3343 3346//3346 3345//3345
f 3345//3345 3346//3346 3347//3347
f 3347//3347 3171//3171 3345//3345
f 3171//3171 3347//3347 3348//3348
f 3173//3173 3348//3348 3510//3510
f 3350//3350 3349//3349 3351//3351
f 3351//3351 3176//3176 3174//3174
f 3351//3351 3352//3352 3177//3177
f 3177//3177 3353//3353 3178//3178
f 3354//3354 3180//3180 3178//3178
f 3354//3354 3353//3353 3355//3355
f 3354//3354 3356//3356 3180//3180
f 3356//3356 3357//3357 3182//3182
f 3358//3358 3359//3359 3183//3183
f 3359//3359 3361//3361 3362//3362
f 3364//3364 3186//3186 3362//3362
f 3190//3190 3186//3186 3364//3364
f 3364//3364 3363//3363 3365//3365
f 3364//3364 3366//3366 3367//3367
f 3367//3367 3366//3366 3369//3369
f 3369//3369 3189//3189 3190//3190
f 3366//3366 3371//3371 3370//3370
f 3372//3372 3189//3189 3369//3369
f 3370//3370 3371//3371 3380//3380
f 3370//3370 3380//3380 3372//3372
f 3195//3195 3192//3192 3372//3372
f 3372//3372 3380//3380 3373//3373
f 3380//3380 3379//3379 3373//3373
f 3196//3196 3194//3194 3195//3195
f 3373//3373 3375//3375 3374//3374
f 3374//3374 3376//3376 3198//3198
f 3376//3376 3377//3377 3378//3378
f 3378//3378 3377//3377 3204//3204
f 3377//3377 3205//3205 3204//3204
f 3204//3204 3202//3202 3201//3201
f 3377//3377 3207//3207 3205//3205
f 3207//3207 3379//3379 3210//3210
f 3207//3207 3210//3210 3208//3208
f 3212//3212 3380//3380 3214//3214
f 3214//3214 3211//3211 3212//3212
f 3371//3371 3368//3368 3216//3216
f 3216//3216 3368//3368 3381//3381
f 3216//3216 3215//3215 3213//3213
f 3368//3368 3365//3365 3382//3382
f 3218//3218 3217//3217 3216//3216
f 3382//3382 3361//3361 3360//3360
f 3223//3223 3221//3221 3222//3222
f 3383//3383 3385//3385 3384//3384
f 3225//3225 3224//3224 3223//3223
f 3386//3386 3384//3384 3519//3519
f 3519//3519 3388//3388 3387//3387
f 3387//3387 3228//3228 3226//3226
f 3387//3387 3388//3388 3389//3389
f 3390//3390 3229//3229 3228//3228
f 3390//3390 3391//3391 3230//3230
f 3391//3391 3521//3521 3231//3231
f 3392//3392 3232//3232 3231//3231
f 3393//3393 3234//3234 3232//3232
f 3393//3393 3235//3235 3234//3234
f 3393//3393 3394//3394 3395//3395
f 3393//3393 3395//3395 3236//3236
f 3394//3394 3396//3396 3395//3395
f 3395//3395 3238//3238 3236//3236
f 3395//3395 3397//3397 3238//3238
f 3239//3239 3398//3398 3399//3399
f 3240//3240 3399//3399 3242//3242
f 3399//3399 3402//3402 3400//3400
f 3399//3399 3400//3400 3242//3242
f 3403//3403 3404//3404 3246//3246
f 3404//3404 3405//3405 3406//3406
f 3246//3246 3243//3243 3401//3401
f 3406//3406 3407//3407 3249//3249
f 3247//3247 3245//3245 3246//3246
f 3249//3249 3409//3409 3408//3408
f 3410//3410 3411//3411 3252//3252
f 3411//3411 3254//3254 3253//3253
f 3411//3411 3410//3410 1657//1657
f 1656//1656 3412//3412 3254//3254
f 3412//3412 3257//3257 3255//3255
f 3412//3412 1656//1656 1655//1655
f 1655//1655 3414//3414 3257//3257
f 3414//3414 3415//3415 3258//3258
f 3414//3414 1655//1655 3413//3413
f 3415//3415 3414//3414 3416//3416
f 3419//3419 3262//3262 3261//3261
f 3419//3419 3417//3417 3418//3418
f 3419//3419 3420//3420 3262//3262
f 3420//3420 3422//3422 3263//3263
f 3420//3420 3419//3419 3421//3421
f 3422//3422 3266//3266 3264//3264
f 3422//3422 3423//3423 3424//3424
f 3268//3268 3265//3265 3266//3266
f 3425//3425 3428//3428 3426//3426
f 3425//3425 3426//3426 3427//3427
f 3426//3426 3428//3428 3427//3427
f 3274//3274 3270//3270 3271//3271
f 3427//3427 3431//3431 3430//3430
f 3430//3430 3432//3432 3274//3274
f 3279//3279 3273//3273 3274//3274
f 3430//3430 3434//3434 3433//3433
f 3432//3432 3435//3435 3436//3436
f 3282//3282 3278//3278 3279//3279
f 3435//3435 3438//3438 3437//3437
f 3439//3439 3281//3281 3282//3282
f 3437//3437 3440//3440 3439//3439
f 3442//3442 3284//3284 3439//3439
f 3443//3443 3287//3287 3286//3286
f 3443//3443 3442//3442 3444//3444
f 3445//3445 3446//3446 3287//3287
f 3446//3446 3290//3290 3288//3288
f 3447//3447 3448//3448 3290//3290
f 3448//3448 3293//3293 3291//3291
f 3448//3448 3447//3447 3449//3449
f 3449//3449 3450//3450 3293//3293
f 3450//3450 3295//3295 3294//3294
f 3449//3449 3452//3452 3451//3451
f 3451//3451 3453//3453 3295//3295
f 3453//3453 3451//3451 3454//3454
f 3454//3454 3456//3456 3297//3297
f 3456//3456 3300//3300 3298//3298
f 3456//3456 3454//3454 3455//3455
f 3456//3456 3457//3457 3300//3300
f 3457//3457 3302//3302 3300//3300
f 3457//3457 3456//3456 3458//3458
f 3459//3459 3460//3460 3302//3302
f 3460//3460 3305//3305 3303//3303
f 3460//3460 3459//3459 3461//3461
f 3460//3460 3462//3462 3463//3463
f 3463//3463 3464//3464 3465//3465
f 3465//3465 3468//3468 3466//3466
f 3466//3466 3312//3312 3309//3309
f 3467//3467 3469//3469 3312//3312
f 3315//3315 3311//3311 3312//3312
f 3467//3467 3471//3471 3470//3470
f 3317//3317 3314//3314 3315//3315
f 3315//3315 3470//3470 3472//3472
f 3315//3315 3472//3472 3473//3473
f 3319//3319 3316//3316 3317//3317
f 3472//3472 3475//3475 3474//3474
f 3473//3473 3474//3474 3476//3476
f 3474//3474 3478//3478 3477//3477
f 3476//3476 3477//3477 3479//3479
f 3479//3479 3323//3323 3321//3321
f 3479//3479 3477//3477 3480//3480
f 3323//3323 3481//3481 3482//3482
f 3483//3483 3327//3327 3324//3324
f 3483//3483 3482//3482 3484//3484
f 3484//3484 3329//3329 3327//3327
f 3331//3331 3486//3486 3487//3487
f 3487//3487 3332//3332 3331//3331
f 3489//3489 3335//3335 3332//3332
f 3490//3490 3492//3492 3335//3335
f 3338//3338 3491//3491 3493//3493
f 3491//3491 3669//3669 3493//3493
f 3493//3493 3337//3337 3338//3338
f 3493//3493 3494//3494 3340//3340
f 3494//3494 3671//3671 3495//3495
f 3495//3495 3673//3673 3496//3496
f 3342//3342 3341//3341 3340//3340
f 3497//3497 3496//3496 3498//3498
f 3499//3499 3501//3501 3500//3500
f 3500//3500 3343//3343 3497//3497
f 3504//3504 3346//3346 3343//3343
f 3503//3503 3506//3506 3505//3505
f 3505//3505 3347//3347 3346//3346
f 3506//3506 3508//3508 3507//3507
f 3508//3508 3509//3509 3348//3348
f 3348//3348 3509//3509 3510//3510
f 3510//3510 3509//3509 3511//3511
f 3511//3511 3351//3351 3349//3349
f 3511//3511 3512//3512 3352//3352
f 3512//3512 3513//3513 3353//3353
f 3515//3515 3355//3355 3353//3353
f 3514//3514 3517//3517 3515//3515
f 3515//3515 3357//3357 3355//3355
f 3515//3515 3385//3385 3358//3358
f 3517//3517 3384//3384 3385//3385
f 3517//3517 3514//3514 3516//3516
f 3517//3517 3516//3516 3518//3518
f 3517//3517 3519//3519 3384//3384
f 3518//3518 3520//3520 3388//3388
f 3520//3520 3522//3522 3521//3521
f 3521//3521 3391//3391 3389//3389
f 3522//3522 3524//3524 3523//3523
f 3523//3523 3524//3524 3525//3525
f 3525//3525 3392//3392 3521//3521
f 3525//3525 3702//3702 3526//3526
f 3526//3526 3702//3702 3527//3527
f 3527//3527 3393//3393 3526//3526
f 3528//3528 3394//3394 3393//3393
f 3396//3396 3705//3705 3529//3529
f 3529//3529 3397//3397 3396//3396
f 3398//3398 3530//3530 3531//3531
f 3531//3531 3399//3399 3398//3398
f 3531//3531 3532//3532 3533//3533
f 3531//3531 3533//3533 3399//3399
f 3532//3532 3534//3534 3533//3533
f 3533//3533 3534//3534 3402//3402
f 3534//3534 3536//3536 3403//3403
f 3536//3536 3535//3535 3537//3537
f 3404//3404 3537//3537 3538//3538
f 3404//3404 3538//3538 3405//3405
f 3407//3407 3406//3406 3405//3405
f 3539//3539 3540//3540 3541//3541
f 3409//3409 3249//3249 3407//3407
f 3541//3541 3722//3722 3542//3542
f 3541//3541 3542//3542 3409//3409
f 3409//3409 3542//3542 3544//3544
f 3410//3410 3408//3408 3409//3409
f 3544//3544 3545//3545 1655//1655
f 3545//3545 3546//3546 3413//3413
f 3545//3545 3542//3542 3543//3543
f 3548//3548 3549//3549 3546//3546
f 3549//3549 3547//3547 3416//3416
f 3547//3547 3549//3549 3551//3551
f 3551//3551 3552//3552 3550//3550
f 3553//3553 3554//3554 3550//3550
f 3551//3551 3556//3556 3555//3555
f 3552//3552 3555//3555 3557//3557
f 3559//3559 3560//3560 3558//3558
f 3559//3559 3563//3563 3562//3562
f 3560//3560 3562//3562 3564//3564
f 3565//3565 3570//3570 3561//3561
f 3562//3562 3567//3567 3566//3566
f 3566//3566 3568//3568 3565//3565
f 3569//3569 3570//3570 3565//3565
f 3566//3566 3572//3572 3571//3571
f 3571//3571 3573//3573 3569//3569
f 3573//3573 3431//3431 3569//3569
f 3573//3573 3574//3574 3576//3576
f 3573//3573 3576//3576 3577//3577
f 3577//3577 3576//3576 3578//3578
f 3577//3577 3579//3579 3580//3580
f 3580//3580 3582//3582 3581//3581
f 3583//3583 3586//3586 3582//3582
f 3586//3586 3585//3585 3584//3584
f 3583//3583 3587//3587 3586//3586
f 3586//3586 3588//3588 3585//3585
f 3588//3588 3590//3590 3589//3589
f 3588//3588 3586//3586 3591//3591
f 3592//3592 3593//3593 3590//3590
f 3593//3593 3595//3595 3594//3594
f 3593//3593 3592//3592 3596//3596
f 3598//3598 3599//3599 3595//3595
f 3597//3597 3604//3604 3600//3600
f 3593//3593 3600//3600 3601//3601
f 3600//3600 3604//3604 3603//3603
f 3601//3601 3603//3603 3605//3605
f 3606//3606 3452//3452 3602//3602
f 3603//3603 3608//3608 3607//3607
f 3607//3607 3609//3609 3606//3606
f 3610//3610 3455//3455 3606//3606
f 3607//3607 3779//3779 3611//3611
f 3611//3611 3612//3612 3610//3610
f 3612//3612 3614//3614 3613//3613
f 3612//3612 3611//3611 3615//3615
f 3616//3616 3618//3618 3617//3617
f 3620//3620 3622//3622 3621//3621
f 3624//3624 3625//3625 3622//3622
f 3625//3625 3627//3627 3626//3626
f 3624//3624 3629//3629 3628//3628
f 3628//3628 3633//3633 3627//3627
f 3633//3633 3631//3631 3630//3630
f 3633//3633 3628//3628 3632//3632
f 3635//3635 3636//3636 3631//3631
f 3634//3634 3633//3633 3637//3637
f 3634//3634 3638//3638 3639//3639
f 3640//3640 3645//3645 3635//3635
f 3638//3638 3642//3642 3641//3641
f 3641//3641 3643//3643 3640//3640
f 3644//3644 3645//3645 3640//3640
f 3641//3641 3647//3647 3646//3646
f 3643//3643 3646//3646 3648//3648
f 3649//3649 3650//3650 3644//3644
f 3648//3648 3646//3646 3651//3651
f 3652//3652 3653//3653 3649//3649
f 3653//3653 3652//3652 3655//3655
f 3656//3656 3657//3657 3654//3654
f 3658//3658 3659//3659 3654//3654
f 3657//3657 3656//3656 3660//3660
f 3485//3485 3484//3484 3658//3658
f 3486//3486 3662//3662 3663//3663
f 3663//3663 3487//3487 3486//3486
f 3665//3665 3488//3488 3487//3487
f 3665//3665 3664//3664 3666//3666
f 3666//3666 3489//3489 3488//3488
f 3667//3667 3490//3490 3489//3489
f 3668//3668 3491//3491 3490//3490
f 3668//3668 3830//3830 3670//3670
f 3669//3669 3670//3670 3671//3671
f 3494//3494 3493//3493 3669//3669
f 3670//3670 3674//3674 3672//3672
f 3671//3671 3672//3672 3673//3673
f 3673//3673 3495//3495 3671//3671
f 3672//3672 3675//3675 3496//3496
f 3675//3675 3672//3672 3674//3674
f 3675//3675 3498//3498 3496//3496
f 3676//3676 3678//3678 3677//3677
f 3498//3498 3677//3677 3499//3499
f 3678//3678 3680//3680 3679//3679
f 3677//3677 3679//3679 3501//3501
f 3679//3679 3680//3680 3681//3681
f 3682//3682 3502//3502 3501//3501
f 3682//3682 3681//3681 3683//3683
f 3682//3682 3684//3684 3503//3503
f 3684//3684 3685//3685 3508//3508
f 3686//3686 3509//3509 3508//3508
f 3687//3687 3689//3689 3688//3688
f 3688//3688 3689//3689 3690//3690
f 3691//3691 3511//3511 3509//3509
f 3691//3691 3690//3690 3856//3856
f 3691//3691 3512//3512 3511//3511
f 3691//3691 3856//3856 3693//3693
f 3692//3692 3513//3513 3512//3512
f 3692//3692 3516//3516 3514//3514
f 3692//3692 3518//3518 3516//3516
f 3695//3695 3693//3693 3694//3694
f 3695//3695 3520//3520 3518//3518
f 3694//3694 3696//3696 3697//3697
f 3695//3695 3697//3697 3520//3520
f 3696//3696 3698//3698 3697//3697
f 3698//3698 3699//3699 3700//3700
f 3524//3524 3700//3700 3525//3525
f 3700//3700 3702//3702 3525//3525
f 3700//3700 3699//3699 3701//3701
f 3704//3704 3528//3528 3527//3527
f 3704//3704 3701//3701 3703//3703
f 3704//3704 3705//3705 3528//3528
f 3704//3704 3703//3703 3705//3705
f 3530//3530 3706//3706 3707//3707
f 3707//3707 3531//3531 3530//3530
f 3707//3707 3708//3708 3710//3710
f 3707//3707 3710//3710 3532//3532
f 3710//3710 3708//3708 3709//3709
f 3710//3710 3534//3534 3532//3532
f 3710//3710 3709//3709 3711//3711
f 3711//3711 3535//3535 3534//3534
f 3711//3711 3712//3712 3535//3535
f 3712//3712 3713//3713 3537//3537
f 3713//3713 3873//3873 3714//3714
f 3714//3714 3538//3538 3537//3537
f 3873//3873 3716//3716 3715//3715
f 3715//3715 3717//3717 3718//3718
f 3718//3718 3720//3720 3719//3719
f 3718//3718 3719//3719 3540//3540
f 3539//3539 3407//3407 3538//3538
f 3719//3719 3723//3723 3721//3721
f 3721//3721 3724//3724 3722//3722
f 3722//3722 3541//3541 3540//3540
f 3721//3721 3723//3723 3724//3724
f 3723//3723 3725//3725 3724//3724
f 3725//3725 3727//3727 3556//3556
f 3725//3725 3726//3726 3728//3728
f 3730//3730 3556//3556 3727//3727
f 3731//3731 3733//3733 3730//3730
f 3731//3731 3881//3881 3733//3733
f 3733//3733 3736//3736 3732//3732
f 3736//3736 3737//3737 3734//3734
f 3736//3736 3733//3733 3735//3735
f 3737//3737 3739//3739 3738//3738
f 3736//3736 3885//3885 3740//3740
f 3741//3741 3742//3742 3739//3739
f 3740//3740 3888//3888 3743//3743
f 3739//3739 3743//3743 3744//3744
f 3744//3744 3746//3746 3745//3745
f 3744//3744 3743//3743 3891//3891
f 3747//3747 3748//3748 3746//3746
f 3749//3749 3750//3750 3746//3746
f 3748//3748 3747//3747 3751//3751
f 3748//3748 3752//3752 3753//3753
f 3753//3753 3752//3752 3755//3755
f 3757//3757 3758//3758 3754//3754
f 3756//3756 3760//3760 3759//3759
f 3761//3761 3762//3762 3757//3757
f 3759//3759 3899//3899 3763//3763
f 3757//3757 3763//3763 3764//3764
f 3764//3764 3763//3763 3766//3766
f 3764//3764 3767//3767 3768//3768
f 3772//3772 3769//3769 3765//3765
f 3767//3767 3770//3770 3771//3771
f 3771//3771 3774//3774 3773//3773
f 3771//3771 3773//3773 3775//3775
f 3776//3776 3777//3777 3772//3772
f 3775//3775 3773//3773 3780//3780
f 3778//3778 3779//3779 3776//3776
f 3773//3773 3781//3781 3780//3780
f 3783//3783 3784//3784 3778//3778
f 3780//3780 3786//3786 3785//3785
f 3782//3782 3785//3785 3788//3788
f 3787//3787 3619//3619 3783//3783
f 3785//3785 3915//3915 3788//3788
f 3790//3790 3791//3791 3787//3787
f 3789//3789 3788//3788 3792//3792
f 3793//3793 3794//3794 3790//3790
f 3795//3795 3796//3796 3629//3629
f 3796//3796 3798//3798 3797//3797
f 3796//3796 3795//3795 3799//3799
f 3796//3796 3800//3800 3801//3801
f 3801//3801 3803//3803 3802//3802
f 3801//3801 3800//3800 3804//3804
f 3805//3805 3809//3809 3806//3806
f 3808//3808 3810//3810 3809//3809
f 3812//3812 3813//3813 3647//3647
f 3812//3812 3815//3815 3814//3814
f 3812//3812 3814//3814 3816//3816
f 3816//3816 3814//3814 3818//3818
f 3816//3816 3819//3819 3820//3820
f 3820//3820 3821//3821 3817//3817
f 3819//3819 3823//3823 3822//3822
f 3820//3820 3822//3822 3824//3824
f 3824//3824 3826//3826 3825//3825
f 3824//3824 3822//3822 3827//3827
f 3827//3827 3664//3664 3826//3826
f 3664//3664 3827//3827 3828//3828
f 3828//3828 3666//3666 3664//3664
f 3829//3829 3667//3667 3666//3666
f 3830//3830 3668//3668 3667//3667
f 3829//3829 3933//3933 3831//3831
f 3830//3830 3831//3831 3832//3832
f 3832//3832 3670//3670 3830//3830
f 3832//3832 3834//3834 3833//3833
f 3674//3674 3670//3670 3832//3832
f 3674//3674 3833//3833 3835//3835
f 3835//3835 3836//3836 3674//3674
f 3939//3939 3837//3837 3675//3675
f 3837//3837 3939//3939 3838//3838
f 3839//3839 3841//3841 3840//3840
f 3837//3837 3840//3840 3676//3676
f 3840//3840 3841//3841 3842//3842
f 3843//3843 3678//3678 3676//3676
f 3843//3843 3842//3842 3844//3844
f 3843//3843 3845//3845 3680//3680
f 3844//3844 3846//3846 3847//3847
f 3845//3845 3847//3847 3681//3681
f 3846//3846 3849//3849 3847//3847
f 3847//3847 3683//3683 3681//3681
f 3848//3848 3850//3850 3685//3685
f 3850//3850 3851//3851 3685//3685
f 3852//3852 3686//3686 3685//3685
f 3852//3852 3948//3948 3687//3687
f 3687//3687 3948//3948 3853//3853
f 3687//3687 3853//3853 3689//3689
f 3853//3853 3854//3854 3690//3690
f 3854//3854 3857//3857 3696//3696
f 3855//3855 3856//3856 3690//3690
f 3856//3856 3855//3855 3694//3694
f 3696//3696 3857//3857 3698//3698
f 3857//3857 3858//3858 3698//3698
f 3860//3860 3861//3861 3701//3701
f 3703//3703 3862//3862 3863//3863
f 3864//3864 3705//3705 3703//3703
f 3864//3864 3863//3863 3865//3865
f 3866//3866 3706//3706 3705//3705
f 3866//3866 3867//3867 3707//3707
f 3867//3867 3865//3865 3868//3868
f 3867//3867 3708//3708 3707//3707
f 3709//3709 3868//3868 3869//3869
f 3709//3709 3870//3870 3711//3711
f 3870//3870 3712//3712 3711//3711
f 3872//3872 3713//3713 3712//3712
f 3873//3873 3871//3871 3874//3874
f 3875//3875 3717//3717 3716//3716
f 3875//3875 3877//3877 3876//3876
f 3876//3876 3720//3720 3717//3717
f 3717//3717 3715//3715 3716//3716
f 3876//3876 3878//3878 3879//3879
f 3720//3720 3718//3718 3717//3717
f 3879//3879 3728//3728 3726//3726
f 3723//3723 3719//3719 3720//3720
f 3728//3728 3879//3879 3878//3878
f 3880//3880 3881//3881 3729//3729
f 3881//3881 3731//3731 3729//3729
f 3735//3735 3733//3733 3881//3881
f 3880//3880 3883//3883 3882//3882
f 3882//3882 3884//3884 3735//3735
f 3885//3885 3736//3736 3735//3735
f 3882//3882 3973//3973 3884//3884
f 3888//3888 3740//3740 3885//3885
f 3884//3884 3887//3887 3886//3886
f 3885//3885 3886//3886 3888//3888
f 3891//3891 3743//3743 3888//3888
f 3886//3886 3890//3890 3889//3889
f 3888//3888 3889//3889 3891//3891
f 3891//3891 3751//3751 3747//3747
f 3889//3889 3895//3895 3892//3892
f 3891//3891 3892//3892 3893//3893
f 3755//3755 3752//3752 3751//3751
f 3892//3892 3895//3895 3894//3894
f 3893//3893 3894//3894 3760//3760
f 3894//3894 3896//3896 3897//3897
f 3899//3899 3759//3759 3760//3760
f 3897//3897 3900//3900 3898//3898
f 3897//3897 3898//3898 3899//3899
f 3766//3766 3763//3763 3899//3899
f 3899//3899 3898//3898 3901//3901
f 3770//3770 3767//3767 3766//3766
f 3898//3898 3905//3905 3902//3902
f 3901//3901 3902//3902 3903//3903
f 3774//3774 3771//3771 3770//3770
f 3902//3902 3905//3905 3904//3904
f 3903//3903 3904//3904 3906//3906
f 3906//3906 3773//3773 3774//3774
f 3904//3904 3908//3908 3907//3907
f 3906//3906 3907//3907 3909//3909
f 3781//3781 3773//3773 3906//3906
f 3907//3907 3911//3911 3910//3910
f 3909//3909 3910//3910 3912//3912
f 3786//3786 3780//3780 3781//3781
f 3910//3910 3914//3914 3913//3913
f 3912//3912 3913//3913 3915//3915
f 3915//3915 3785//3785 3786//3786
f 3913//3913 3917//3917 3916//3916
f 3915//3915 3916//3916 3918//3918
f 3792//3792 3788//3788 3915//3915
f 3918//3918 3916//3916 3919//3919
f 3795//3795 3793//3793 3792//3792
f 3916//3916 3920//3920 3919//3919
f 3919//3919 3921//3921 3795//3795
f 3921//3921 3799//3799 3795//3795
f 3919//3919 4006//4006 3922//3922
f 3922//3922 3804//3804 3799//3799
f 3923//3923 3807//3807 3804//3804
f 3807//3807 3923//3923 3924//3924
f 3811//3811 3808//3808 3807//3807
f 3926//3926 3815//3815 3811//3811
f 3815//3815 3926//3926 3927//3927
f 3927//3927 3818//3818 3814//3814
f 3927//3927 3926//3926 3928//3928
f 3927//3927 3928//3928 3929//3929
f 3929//3929 3823//3823 3819//3819
f 3929//3929 3928//3928 3930//3930
f 3929//3929 3930//3930 3931//3931
f 3931//3931 3827//3827 3822//3822
f 3931//3931 3930//3930 3932//3932
f 3932//3932 3828//3828 3827//3827
f 3828//3828 3932//3932 3933//3933
f 3933//3933 3829//3829 3828//3828
f 3936//3936 3937//3937 3835//3835
f 3935//3935 3835//3835 3833//3833
f 3938//3938 3939//3939 3836//3836
f 3937//3937 3836//3836 3835//3835
f 3838//3838 4024//4024 4025//4025
f 3940//3940 3941//3941 3839//3839
f 3841//3841 3942//3942 3842//3842
f 3844//3844 3943//3943 3944//3944
f 3846//3846 3944//3944 3849//3849
f 3944//3944 3946//3946 3849//3849
f 3946//3946 3947//3947 3850//3850
f 3947//3947 4038//4038 3948//3948
f 3947//3947 3948//3948 3852//3852
f 3948//3948 4038//4038 3949//3949
f 3949//3949 3853//3853 3948//3948
f 3950//3950 4039//4039 3951//3951
f 3950//3950 3951//3951 3859//3859
f 3951//3951 3952//3952 3859//3859
f 3952//3952 4039//4039 4041//4041
f 3952//3952 3860//3860 3859//3859
f 3952//3952 4041//4041 3953//3953
f 3954//3954 3861//3861 3860//3860
f 3954//3954 3955//3955 3862//3862
f 3955//3955 3953//3953 3957//3957
f 3956//3956 3865//3865 3863//3863
f 3957//3957 3958//3958 3959//3959
f 3959//3959 3868//3868 3865//3865
f 3958//3958 3960//3960 3959//3959
f 3959//3959 3960//3960 3961//3961
f 3869//3869 3961//3961 3962//3962
f 3962//3962 3870//3870 3869//3869
f 3964//3964 3871//3871 3870//3870
f 3963//3963 3965//3965 3964//3964
f 3964//3964 3965//3965 3966//3966
f 3967//3967 3874//3874 3871//3871
f 3967//3967 3966//3966 3968//3968
f 3969//3969 3970//3970 3874//3874
f 3969//3969 3971//3971 3970//3970
f 3970//3970 3877//3877 3875//3875
f 3883//3883 3880//3880 3878//3878
f 3877//3877 3878//3878 3876//3876
f 3877//3877 3970//3970 3972//3972
f 3970//3970 3971//3971 3972//3972
f 3973//3973 3882//3882 3883//3883
f 3972//3972 3975//3975 3974//3974
f 3974//3974 3976//3976 3973//3973
f 3887//3887 3884//3884 3973//3973
f 3974//3974 3977//3977 3976//3976
f 3890//3890 3886//3886 3887//3887
f 3978//3978 3979//3979 3890//3890
f 3895//3895 3889//3889 3890//3890
f 3978//3978 4066//4066 3980//3980
f 3979//3979 3980//3980 3981//3981
f 3896//3896 3894//3894 3895//3895
f 3981//3981 3983//3983 3982//3982
f 3900//3900 3897//3897 3896//3896
f 3985//3985 4073//4073 3986//3986
f 3985//3985 3986//3986 3987//3987
f 3905//3905 3898//3898 3900//3900
f 3986//3986 4075//4075 3988//3988
f 3987//3987 3988//3988 3989//3989
f 3988//3988 4075//4075 3990//3990
f 3989//3989 3990//3990 3991//3991
f 3908//3908 3904//3904 3905//3905
f 3990//3990 3993//3993 3992//3992
f 3991//3991 3992//3992 3994//3994
f 3911//3911 3907//3907 3908//3908
f 3992//3992 4079//4079 3995//3995
f 3994//3994 3995//3995 3996//3996
f 3914//3914 3910//3910 3911//3911
f 3995//3995 3998//3998 3997//3997
f 3996//3996 3997//3997 3999//3999
f 3917//3917 3913//3913 3914//3914
f 3997//3997 4084//4084 4000//4000
f 3999//3999 4000//4000 4001//4001
f 3920//3920 3916//3916 3917//3917
f 4000//4000 4003//4003 4002//4002
f 4001//4001 4002//4002 4004//4004
f 4002//4002 4007//4007 4005//4005
f 4004//4004 4005//4005 4006//4006
f 4006//4006 3919//3919 3920//3920
f 4005//4005 4007//4007 4008//4008
f 3923//3923 3922//3922 4006//4006
f 4008//4008 4010//4010 4009//4009
f 4008//4008 4009//4009 3924//3924
f 4009//4009 4013//4013 3924//3924
f 4013//4013 4009//4009 4012//4012
f 4013//4013 4014//4014 3925//3925
f 4014//4014 4015//4015 4016//4016
f 4016//4016 3928//3928 3926//3926
f 4016//4016 4015//4015 4017//4017
f 4018//4018 3930//3930 3928//3928
f 4018//4018 4019//4019 3934//3934
f 4100//4100 4021//4021 3936//3936
f 4019//4019 3936//3936 3935//3935
f 4021//4021 4100//4100 4020//4020
f 4021//4021 4023//4023 3937//3937
f 4021//4021 3937//3937 3936//3936
f 4023//4023 4021//4021 4022//4022
f 4023//4023 4024//4024 3938//3938
f 4024//4024 4023//4023 4102//4102
f 4027//4027 4025//4025 4026//4026
f 4027//4027 4028//4028 3940//3940
f 3940//3940 4028//4028 3941//3941
f 4028//4028 4030//4030 3941//3941
f 4029//4029 4031//4031 4030//4030
f 4031//4031 4033//4033 4032//4032
f 4030//4030 4032//4032 3943//3943
f 4032//4032 3944//3944 3943//3943
f 4033//4033 4034//4034 3945//3945
f 4034//4034 4111//4111 4035//4035
f 4111//4111 4036//4036 4037//4037
f 4035//4035 4037//4037 3947//3947
f 4037//4037 4038//4038 3947//3947
f 4038//4038 4036//4036 4039//4039
f 3950//3950 3949//3949 4038//4038
f 4036//4036 4114//4114 4039//4039
f 4039//4039 4114//4114 4040//4040
f 4043//4043 4040//4040 4042//4042
f 4043//4043 3957//3957 3953//3953
f 4042//4042 4045//4045 4044//4044
f 4043//4043 4044//4044 3957//3957
f 4045//4045 4046//4046 3958//3958
f 4046//4046 4047//4047 3961//3961
f 3961//3961 4047//4047 4049//4049
f 4048//4048 3962//3962 3961//3961
f 4048//4048 4050//4050 3963//3963
f 4050//4050 4049//4049 4051//4051
f 4050//4050 4051//4051 3965//3965
f 4051//4051 4053//4053 4052//4052
f 4052//4052 3966//3966 3965//3965
f 4053//4053 4055//4055 4054//4054
f 4054//4054 3968//3968 3966//3966
f 4054//4054 4055//4055 4056//4056
f 4057//4057 4056//4056 4058//4058
f 4058//4058 4059//4059 3968//3968
f 4059//4059 4058//4058 4060//4060
f 3975//3975 3972//3972 3971//3971
f 4059//4059 3971//3971 3969//3969
f 4060//4060 3977//3977 3974//3974
f 4063//4063 3976//3976 3977//3977
f 4060//4060 4062//4062 4061//4061
f 4063//4063 4066//4066 3978//3978
f 4061//4061 4065//4065 4064//4064
f 4063//4063 4064//4064 4066//4066
f 4066//4066 4067//4067 4068//4068
f 3983//3983 3981//3981 3980//3980
f 4068//4068 4070//4070 4069//4069
f 4073//4073 3985//3985 3982//3982
f 4069//4069 4072//4072 4071//4071
f 4075//4075 3986//3986 4073//4073
f 4071//4071 4076//4076 4074//4074
f 4073//4073 4074//4074 4075//4075
f 3993//3993 3990//3990 4075//4075
f 4074//4074 4078//4078 4077//4077
f 4075//4075 4077//4077 4079//4079
f 4079//4079 3992//3992 3993//3993
f 4077//4077 4081//4081 4080//4080
f 4079//4079 4080//4080 3998//3998
f 3998//3998 3995//3995 4079//4079
f 4080//4080 4083//4083 4082//4082
f 3998//3998 4082//4082 4084//4084
f 4084//4084 3997//3997 3998//3998
f 4082//4082 4087//4087 4085//4085
f 4003//4003 4000//4000 4084//4084
f 4085//4085 4087//4087 4086//4086
f 4085//4085 4086//4086 4088//4088
f 4007//4007 4002//4002 4003//4003
f 4086//4086 4090//4090 4089//4089
f 4088//4088 4089//4089 4091//4091
f 4089//4089 4166//4166 4092//4092
f 4091//4091 4092//4092 4093//4093
f 4010//4010 4008//4008 4007//4007
f 4093//4093 4094//4094 4095//4095
f 4011//4011 4009//4009 4010//4010
f 4094//4094 4098//4098 4096//4096
f 4096//4096 4097//4097 4011//4011
f 4012//4012 4009//4009 4011//4011
f 4096//4096 4098//4098 4097//4097
f 4015//4015 4013//4013 4012//4012
f 4099//4099 4173//4173 4017//4017
f 4017//4017 4172//4172 4100//4100
f 4019//4019 4018//4018 4017//4017
f 4020//4020 4022//4022 4021//4021
f 4022//4022 4020//4020 4175//4175
f 4022//4022 4102//4102 4023//4023
f 4102//4102 4026//4026 4025//4025
f 4026//4026 4102//4102 4103//4103
f 4026//4026 4104//4104 4105//4105
f 4026//4026 4106//4106 4027//4027
f 4106//4106 4107//4107 4028//4028
f 4107//4107 4108//4108 4029//4029
f 4109//4109 4184//4184 4033//4033
f 4110//4110 4034//4034 4033//4033
f 4110//4110 4111//4111 4034//4034
f 4111//4111 4112//4112 4114//4114
f 4114//4114 4112//4112 4113//4113
f 4115//4115 4189//4189 4116//4116
f 4116//4116 4045//4045 4042//4042
f 4189//4189 4117//4117 4116//4116
f 4117//4117 4118//4118 4119//4119
f 4116//4116 4119//4119 4046//4046
f 4118//4118 4120//4120 4119//4119
f 4120//4120 4122//4122 4121//4121
f 4119//4119 4121//4121 4047//4047
f 4122//4122 4124//4124 4123//4123
f 4123//4123 4049//4049 4047//4047
f 4124//4124 4126//4126 4125//4125
f 4123//4123 4125//4125 4049//4049
f 4126//4126 4128//4128 4127//4127
f 4127//4127 4051//4051 4049//4049
f 4127//4127 4128//4128 4129//4129
f 4053//4053 4129//4129 4130//4130
f 4055//4055 4130//4130 4133//4133
f 4056//4056 4133//4133 4131//4131
f 4131//4131 4058//4058 4056//4056
f 4062//4062 4060//4060 4058//4058
f 4131//4131 4133//4133 4132//4132
f 4065//4065 4061//4061 4062//4062
f 4132//4132 4133//4133 1643//1643
f 4135//4135 1643//1643 4134//4134
f 4136//4136 4070//4070 1643//1643
f 4137//4137 4138//4138 4136//4136
f 4135//4135 4208//4208 4139//4139
f 4135//4135 4139//4139 4142//4142
f 4140//4140 4141//4141 4137//4137
f 4144//4144 4148//4148 4140//4140
f 4142//4142 4146//4146 4145//4145
f 4147//4147 4148//4148 4144//4144
f 4143//4143 4149//4149 4150//4150
f 4150//4150 4081//4081 4147//4147
f 4149//4149 4151//4151 4152//4152
f 4152//4152 4154//4154 4153//4153
f 4152//4152 4160//4160 4155//4155
f 4152//4152 4155//4155 4156//4156
f 4157//4157 4158//4158 4154//4154
f 4155//4155 4160//4160 4159//4159
f 4159//4159 4161//4161 4157//4157
f 4162//4162 4163//4163 4157//4157
f 4159//4159 4234//4234 4164//4164
f 4165//4165 4166//4166 4162//4162
f 4164//4164 4237//4237 4167//4167
f 4167//4167 1644//1644 4168//4168
f 4168//4168 1646//1646 4170//4170
f 4170//4170 4098//4098 4169//4169
f 1646//1646 1645//1645 4171//4171
f 4172//4172 4173//4173 4170//4170
f 4171//4171 4174//4174 4175//4175
f 4174//4174 4176//4176 4101//4101
f 4176//4176 4178//4178 4103//4103
f 4176//4176 4103//4103 4102//4102
f 4178//4178 4176//4176 4177//4177
f 4177//4177 4179//4179 4178//4178
f 4179//4179 4181//4181 4180//4180
f 4178//4178 4180//4180 4105//4105
f 4180//4180 4181//4181 4107//4107
f 4181//4181 4224//4224 4182//4182
f 4181//4181 4182//4182 4108//4108
f 4182//4182 4183//4183 4109//4109
f 4186//4186 4185//4185 4188//4188
f 4186//4186 4187//4187 4110//4110
f 4187//4187 4112//4112 4110//4110
f 4187//4187 4113//4113 4112//4112
f 4188//4188 4190//4190 4189//4189
f 4188//4188 4189//4189 4115//4115
f 4191//4191 4192//4192 4194//4194
f 4190//4190 4194//4194 4117//4117
f 4194//4194 4192//4192 4193//4193
f 4193//4193 4196//4196 4195//4195
f 4195//4195 4120//4120 4118//4118
f 4196//4196 4198//4198 4197//4197
f 4122//4122 4197//4197 4124//4124
f 4197//4197 4198//4198 4199//4199
f 4197//4197 4200//4200 4126//4126
f 4200//4200 4199//4199 4201//4201
f 4200//4200 4202//4202 4128//4128
f 4201//4201 4204//4204 4203//4203
f 4203//4203 4129//4129 4128//4128
f 4203//4203 4204//4204 4205//4205
f 4130//4130 4205//4205 4207//4207
f 4206//4206 4133//4133 4130//4130
f 4207//4207 4205//4205 4208//4208
f 4208//4208 4135//4135 4134//4134
f 4208//4208 4209//4209 4146//4146
f 4205//4205 4204//4204 4209//4209
f 4204//4204 4212//4212 4211//4211
f 4204//4204 4201//4201 4212//4212
f 4211//4211 4213//4213 4210//4210
f 4211//4211 4146//4146 4209//4209
f 4212//4212 4198//4198 4213//4213
f 4212//4212 4201//4201 4199//4199
f 4213//4213 4216//4216 4214//4214
f 4215//4215 4210//4210 4213//4213
f 4216//4216 4219//4219 4218//4218
f 4219//4219 4192//4192 4220//4220
f 4219//4219 4196//4196 4193//4193
f 4221//4221 4222//4222 4220//4220
f 4220//4220 4217//4217 4218//4218
f 4185//4185 4223//4223 4221//4221
f 4191//4191 4190//4190 4185//4185
f 4223//4223 4184//4184 4183//4183
f 4222//4222 4223//4223 4224//4224
f 4222//4222 4224//4224 4225//4225
f 4222//4222 4226//4226 4220//4220
f 4225//4225 4227//4227 4217//4217
f 4217//4217 4227//4227 4214//4214
f 4227//4227 4228//4228 4214//4214
f 4228//4228 4229//4229 4215//4215
f 4215//4215 4230//4230 4210//4210
f 4230//4230 4145//4145 4146//4146
f 4230//4230 4146//4146 4211//4211
f 4151//4151 4149//4149 4145//4145
f 4230//4230 4229//4229 4231//4231
f 4160//4160 4152//4152 4151//4151
f 4229//4229 4228//4228 4231//4231
f 4231//4231 4233//4233 4232//4232
f 4234//4234 4159//4159 4160//4160
f 4234//4234 4235//4235 4236//4236
f 4237//4237 4164//4164 4234//4234
f 4236//4236 4239//4239 4237//4237
f 4238//4238 4177//4177 4174//4174
f 4179//4179 4239//4239 4240//4240
f 4179//4179 4240//4240 4241//4241
f 4241//4241 4224//4224 4181//4181
f 4241//4241 4240//4240 4225//4225
f 4240//4240 4235//4235 4233//4233
f 4240//4240 4233//4233 4227//4227
f 4235//4235 4232//4232 4233//4233
f 4233//4233 4231//4231 4228//4228
f 4223//4223 4183//4183 4182//4182
f 4190//4190 4188//4188 4185//4185
f 4146//4146 4142//4142 4139//4139
f 4177//4177 4176//4176 4174//4174
f 4172//4172 4175//4175 4020//4020
f 4174//4174 4171//4171 1645//1645
f 4173//4173 4097//4097 4098//4098
f 4169//4169 4094//4094 4165//4165
f 4237//4237 4238//4238 1644//1644
f 4094//4094 4092//4092 4166//4166
f 4166//4166 4089//4089 4090//4090
f 4166//4166 4090//4090 4163//4163
f 4090//4090 4086//4086 4087//4087
f 4163//4163 4087//4087 4158//4158
f 4158//4158 4087//4087 4153//4153
f 4087//4087 4082//4082 4083//4083
f 4153//4153 4083//4083 4081//4081
f 4083//4083 4080//4080 4081//4081
f 4081//4081 4077//4077 4078//4078
f 4078//4078 4074//4074 4076//4076
f 4148//4148 4076//4076 4141//4141
f 4141//4141 4076//4076 4138//4138
f 4076//4076 4071//4071 4072//4072
f 4138//4138 4072//4072 4070//4070
f 4072//4072 4069//4069 4070//4070
f 4070//4070 4068//4068 4067//4067
f 3662//3662 3661//3661 3660//3660
f 3825//3825 3660//3660 3821//3821
f 3825//3825 3826//3826 3663//3663
f 3821//3821 3660//3660 3656//3656
f 3655//3655 3813//3813 3817//3817
f 3655//3655 3652//3652 3651//3651
f 3813//3813 3651//3651 3647//3647
f 3651//3651 3646//3646 3647//3647
f 3647//3647 3809//3809 3810//3810
f 3647//3647 3641//3641 3642//3642
f 3642//3642 3806//3806 3809//3809
f 3642//3642 3638//3638 3637//3637
f 3806//3806 3637//3637 3802//3802
f 3802//3802 3637//3637 3633//3633
f 3802//3802 3632//3632 3797//3797
f 3797//3797 3632//3632 3628//3628
f 3794//3794 3629//3629 3624//3624
f 3623//3623 3791//3791 3790//3790
f 3623//3623 3620//3620 3619//3619
f 3615//3615 3784//3784 3783//3783
f 3615//3615 3611//3611 3779//3779
f 3779//3779 3607//3607 3608//3608
f 3779//3779 3608//3608 3777//3777
f 3608//3608 3603//3603 3604//3604
f 3777//3777 3604//3604 3769//3769
f 3769//3769 3604//3604 3597//3597
f 3769//3769 3596//3596 3765//3765
f 3765//3765 3596//3596 3592//3592
f 3591//3591 3762//3762 3761//3761
f 3591//3591 3586//3586 3587//3587
f 3587//3587 3758//3758 3757//3757
f 3758//3758 3587//3587 3583//3583
f 3579//3579 3749//3749 3754//3754
f 3578//3578 3750//3750 3749//3749
f 3750//3750 3576//3576 3745//3745
f 3745//3745 3574//3574 3742//3742
f 3574//3574 3571//3571 3572//3572
f 3742//3742 3572//3572 3738//3738
f 3572//3572 3566//3566 3567//3567
f 3738//3738 3567//3567 3734//3734
f 3567//3567 3562//3562 3563//3563
f 3734//3734 3563//3563 3732//3732
f 3563//3563 3559//3559 3555//3555
f 3732//3732 3555//3555 3556//3556
f 3551//3551 3724//3724 3725//3725
f 3724//3724 3551//3551 3549//3549
f 3548//3548 3722//3722 3724//3724
f 3543//3543 3542//3542 3722//3722
f 3659//3659 3482//3482 3481//3481
f 3659//3659 3480//3480 3649//3649
f 3658//3658 3484//3484 3482//3482
f 3480//3480 3477//3477 3478//3478
f 3649//3649 3478//3478 3650//3650
f 3650//3650 3478//3478 3474//3474
f 3475//3475 3645//3645 3644//3644
f 3472//3472 3470//3470 3471//3471
f 3645//3645 3471//3471 3636//3636
f 3471//3471 3467//3467 3468//3468
f 3636//3636 3468//3468 3630//3630
f 3468//3468 3626//3626 3627//3627
f 3626//3626 3468//3468 3464//3464
f 3626//3626 3462//3462 3621//3621
f 3461//3461 3617//3617 3618//3618
f 3461//3461 3459//3459 3458//3458
f 3458//3458 3613//3613 3614//3614
f 3613//3613 3458//3458 3456//3456
f 3454//3454 3452//3452 3606//3606
f 3452//3452 3454//3454 3451//3451
f 3602//3602 3452//3452 3449//3449
f 3449//3449 3599//3599 3598//3598
f 3599//3599 3449//3449 3447//3447
f 3446//3446 3594//3594 3595//3595
f 3594//3594 3446//3446 3445//3445
f 3444//3444 3589//3589 3590//3590
f 3589//3589 3444//3444 3442//3442
f 3441//3441 3584//3584 3585//3585
f 3584//3584 3441//3441 3439//3439
f 3440//3440 3581//3581 3582//3582
f 3440//3440 3437//3437 3438//3438
f 3438//3438 3575//3575 3580//3580
f 3438//3438 3435//3435 3433//3433
f 3575//3575 3434//3434 3431//3431
f 3434//3434 3430//3430 3431//3431
f 3431//3431 3427//3427 3428//3428
f 3570//3570 3428//3428 3561//3561
f 3428//3428 3425//3425 3423//3423
f 3561//3561 3423//3423 3553//3553
f 3553//3553 3423//3423 3554//3554
f 3423//3423 3422//3422 3421//3421
f 3421//3421 3419//3419 3418//3418
f 3418//3418 3416//3416 3547//3547
f 3416//3416 3418//3418 3417//3417
f 3416//3416 3413//3413 3546//3546
f 3413//3413 3416//3416 3414//3414
f 3413//3413 1655//1655 3545//3545
f 3385//3385 3383//3383 3360//3360
f 3382//3382 3363//3363 3361//3361
f 3365//3365 3363//3363 3382//3382
f 3368//3368 3366//3366 3365//3365
f 3371//3371 3366//3366 3368//3368
f 3375//3375 3373//3373 3379//3379
f 3379//3379 3207//3207 3377//3377
f 3377//3377 3376//3376 3375//3375
f 3332//3332 3334//3334 3333//3333
f 3010//3010 3007//3007 3006//3006
f 3003//3003 3000//3000 3001//3001
f 2040//2040 2039//2039 1642//1642
f 2035//2035 1638//1638 1640//1640
f 1806//1806 1805//1805 1654//1654
