# Web-optimized basophil model
# Reduced from 26858 to 2000 triangles
v 197.751674 -353.130709 -189.704368
v 288.801125 -307.550109 -64.055108
v 332.393770 -283.237798 -90.298450
v 356.492557 -286.003967 -122.442579
v 333.941029 -353.069098 -78.379879
v 272.024934 -253.784597 -116.480654
v 223.456836 -297.209867 -115.483841
v 303.676994 -394.390110 -119.987527
v 324.486350 -388.887312 -147.957915
v 359.656143 -356.718903 -129.248456
v 350.323290 -329.580906 -179.730493
v 274.471478 -263.532378 -191.287697
v 307.888676 -362.754826 -197.793558
v 331.410512 -289.557848 -180.350121
v 249.447950 -260.402921 -172.099386
v 263.020438 -368.914298 -84.437137
v 272.766746 -369.553852 -235.243092
v 272.603434 -324.480096 -239.364957
v 232.569241 -316.498331 -241.478793
v 228.165765 -395.198343 -201.903105
v 230.634915 -363.895706 -243.041573
v 193.430437 -335.268213 -209.186285
v 265.233848 9.167980 -243.455076
v 354.960192 -17.981916 -284.207467
v 312.297837 -85.683757 -265.234583
v 336.231518 -70.124836 -235.508614
v 294.917449 -57.980443 -208.980240
v 260.891671 -48.718900 -257.051858
v 276.784532 -44.858608 -290.005452
v 322.375647 -11.719111 -303.941777
v 324.427897 18.239557 -256.855275
v 278.001579 4.608642 -214.927362
v 341.701474 -18.463204 -204.808037
v -36.376783 193.313553 -354.105544
v 18.253947 203.567907 -355.369942
v -18.860404 157.414770 -333.131582
v 17.565372 214.200148 -422.163106
v -45.995015 199.618976 -409.143946
v -58.553494 135.420699 -386.381290
v -11.830703 117.604250 -347.521580
v 34.205400 109.317336 -382.464050
v 39.165839 146.791069 -352.549127
v 48.498971 189.515033 -382.225434
v -43.419133 121.180123 -428.204227
v 15.846186 121.984744 -442.694079
v 54.164343 151.759814 -419.230804
v -1.813957 183.634607 -455.588115
v 94.282554 479.676272 -30.761389
v 135.980904 444.761972 30.681472
v 107.824527 473.331596 16.699274
v 105.688726 384.899923 22.660483
v 136.676115 390.470138 -38.043440
v 155.449754 458.717226 -22.138490
v 153.177741 405.043141 6.535087
v 130.962095 430.110203 -62.451349
v 80.276187 413.925120 -59.132896
v 56.164772 421.956719 -15.236588
v 70.548302 439.166342 24.005015
v -409.307235 104.550224 -240.416818
v -335.853448 192.142239 -202.350432
v -301.086928 144.898770 -287.125874
v -357.792125 184.511986 -223.873180
v -370.468306 112.305560 -284.678819
v -358.620226 55.481582 -277.084036
v -362.872105 156.723547 -178.922725
v -249.821747 149.742439 -193.221256
v -302.068429 30.405392 -219.124366
v -316.622297 48.848431 -168.017438
v -364.159798 40.010495 -232.278089
v -407.634568 90.216435 -210.831678
v -344.850809 89.596383 -146.930411
v -303.596664 151.245965 -146.157121
v -252.641053 61.529771 -227.138242
v -276.686294 105.406824 -142.648597
v -282.605335 69.729876 -285.330449
v -253.699121 130.822745 -255.472829
v 354.114166 235.667896 205.033551
v 306.486566 217.762777 229.650829
v 357.364877 179.719578 294.173021
v 396.405905 169.266643 294.027439
v 388.545767 222.271053 275.187561
v 375.937885 210.245167 155.432276
v 367.274207 80.061821 243.789880
v 438.893049 171.664948 242.669321
v 425.069671 202.733684 229.774795
v 404.682608 169.276172 137.658358
v 324.564195 164.107931 126.865370
v 309.643946 201.887286 164.738141
v 293.588454 120.972829 223.378282
v 342.341485 71.197782 222.931109
v 419.559057 79.645492 201.815035
v 429.882702 115.338149 157.172148
v 381.539248 110.449115 123.374927
v 282.112308 140.334522 182.750372
v 326.586363 82.666989 151.651937
v 372.317447 63.310449 161.396596
v -313.091946 -8.448312 20.691500
v -345.382013 7.365901 49.885918
v -326.207669 -50.483418 67.464977
v -343.087894 -103.446602 44.166182
v -304.973694 -65.042130 10.121974
v -381.767720 -11.626050 75.014709
v -431.989132 -11.367876 37.857420
v -408.476406 -73.656914 65.854210
v -394.885420 -111.757716 22.808926
v -430.787688 -84.618057 -15.388366
v -332.102668 -82.416018 -37.606594
v -371.838452 28.222896 12.236643
v -381.334540 -51.623586 -60.335479
v -323.399000 -11.205504 -26.820849
v -371.117539 7.160204 -37.361962
v -426.805230 -11.676820 -23.136702
v -92.069905 93.661969 260.529571
v -61.099401 102.626855 232.051231
v -74.913357 125.745451 183.390322
v -97.787156 143.409349 234.831221
v -129.282347 47.520391 223.929466
v -95.510392 77.492931 156.335364
v -133.429943 133.586881 165.624495
v -169.216612 116.567687 193.514318
v -135.931978 98.389877 255.696331
v -73.859411 57.323573 222.810702
v -136.197059 67.153058 148.306762
v -173.424786 81.607829 202.593446
v 189.036086 -248.501216 255.430164
v 305.628520 -264.190782 312.649914
v 269.870287 -131.821891 353.836315
v 261.185871 -184.903672 378.566033
v 269.944277 -124.778309 312.367815
v 211.249579 -150.953684 359.876422
v 316.718954 -178.935789 275.594494
v 225.705911 -125.384592 303.862627
v 315.631551 -213.877365 350.371998
v 318.562606 -220.740784 263.342509
v 168.501850 -207.559923 301.708209
v 192.255483 -250.564945 341.240082
v 262.180917 -166.756738 241.555893
v 239.309191 -276.134101 329.771873
v 271.227567 -215.671966 228.382258
v 197.157211 -203.573446 245.997303
v 189.834985 -269.966278 299.371002
v 285.092387 -263.506317 257.162991
v 237.268562 -278.136069 269.582604
v 99.115994 -372.735068 36.203786
v 105.202511 -421.437671 18.276106
v 55.145413 -345.972715 18.434826
v -0.930776 -391.725766 104.549080
v 47.673460 -355.069926 76.827298
v 58.278173 -409.760396 107.549143
v 52.107141 -456.185738 101.460377
v 93.255033 -439.806791 69.964448
v 49.927796 -457.714353 -20.918464
v -35.185866 -353.826245 -13.214608
v -45.684285 -351.309998 36.864116
v 75.372865 -473.312387 33.598125
v 56.354705 -403.572387 -35.230608
v -66.548677 -378.572210 50.113092
v -28.789410 -442.556501 96.499033
v 13.343432 -484.270634 75.684448
v -9.793507 -484.064855 23.779130
v -46.523847 -406.736007 -30.776203
v -75.308426 -401.010710 4.149192
v -38.488302 -463.437221 59.297342
v -51.334323 -451.764405 -124.155468
v -69.692362 -410.758724 -169.442428
v -105.000675 -387.849169 -98.721129
v -70.243529 -404.762592 -87.945565
v -67.053278 -442.945295 -85.245159
v -140.226295 -396.481787 -116.080661
v -127.076083 -436.034670 -78.164225
v -71.676055 -388.872710 -143.730829
v -149.235195 -444.885415 -137.097504
v -124.017438 -396.655547 -168.158615
v -111.466686 -476.250916 -103.879159
v -95.368206 -474.265415 -161.714777
v -111.562333 -436.840182 -185.063658
v -257.754717 -285.819609 217.017351
v -226.750320 -276.208173 196.340943
v -168.703827 -268.182112 257.369439
v -216.014367 -236.348765 255.056131
v -188.473782 -278.310213 307.242769
v -155.174899 -316.133823 292.634218
v -171.716441 -339.065993 295.441582
v -170.593941 -330.053184 243.760116
v -217.507942 -353.182837 228.674740
v -263.999130 -328.333421 222.465787
v -234.353879 -258.154103 294.904300
v -245.180364 -345.477997 244.467069
v -373.171915 104.448173 -27.229364
v -291.680370 169.536873 -96.718857
v -260.588400 24.288600 -24.635500
v -169.227350 99.197237 -28.479619
v -189.989312 116.954275 14.299087
v -152.969300 101.083300 21.781200
v -158.641300 111.124300 31.002900
v -147.653363 83.665212 -30.157900
v -152.340184 -57.051485 38.000232
v -123.017706 8.773450 26.626113
v -47.889050 14.181475 -19.868700
v -39.733357 158.447892 -36.067806
v 67.181050 -94.709850 57.429050
v -3.400462 -108.090812 70.213437
v 148.681562 -214.620244 -131.731635
v 350.018400 20.004013 -34.034325
v 330.038593 -10.474029 -19.591055
v 390.880378 97.830834 -16.587934
v 373.660250 99.643050 21.887625
v 365.288400 128.800750 -12.529700
v 353.596875 134.819613 -20.469200
v 340.883564 151.798574 -1.640406
v 343.834000 137.786200 23.321000
v 244.354038 170.242788 30.906663
v 256.126043 124.865996 40.505087
v 177.792714 87.111823 -33.448440
v 169.728300 95.597300 -39.361700
v 87.295300 24.841175 -31.745025
v 36.414761 -41.999932 -5.262556
v 65.890225 -9.217716 0.496374
v 87.732538 -38.183300 -55.239488
v 61.113400 -39.472000 13.119650
v -71.400429 -77.767342 -73.414273
v -83.225706 -118.765972 -106.780359
v -158.512007 -167.933756 -138.199561
v -232.820640 -145.320317 -108.641438
v -252.586500 -124.467500 -92.196000
v -280.737851 -113.039546 -51.402949
v -281.549666 -79.074993 -23.332634
v -272.406752 -121.979758 33.384685
v -152.457700 35.723125 4.364300
v -188.891273 -34.413541 42.329636
v -60.455670 35.016571 22.170334
v -57.331200 15.351700 7.951400
v -103.312650 -23.540838 -14.353450
v -30.685276 31.565646 -23.388710
v -49.970800 43.848475 -68.812300
v -57.014000 42.032750 -75.098650
v -66.487200 145.544250 -75.158250
v -106.121301 146.419201 -94.050134
v -196.591718 146.071823 -69.917549
v -245.601850 113.279500 -71.198400
v -227.417212 100.247581 -30.971063
v -316.982450 13.129200 -59.109950
v -352.346275 43.470225 -6.480400
v -293.824458 -6.349758 -41.113426
v -264.589600 19.380300 -57.406400
v -327.026525 25.895400 -7.770175
v -270.951350 51.869700 0.364500
v -241.667300 97.370300 -46.036250
v -257.721250 82.820000 -12.429350
v -76.207875 153.815275 -74.713300
v -233.282250 -82.212700 59.974750
v -202.988956 13.234656 -2.187424
v -242.020800 -53.465625 -81.372325
v -217.415625 -13.125525 13.340675
v -230.110500 -193.095900 -87.139750
v -224.509400 -35.529575 -90.346775
v -165.666436 37.170652 -32.661637
v -138.934050 39.308238 16.363850
v -144.241300 102.322500 31.701700
v -163.349000 121.938200 38.603200
v -173.297900 122.818200 31.098200
v -180.359750 129.447850 29.779650
v -192.402298 174.997769 26.107134
v -268.165050 187.532350 25.056925
v -299.118473 214.797916 -23.521063
v -307.868275 166.056975 26.766850
v -325.668800 182.145775 -37.755650
v -306.278950 187.976900 9.081950
v -308.448810 50.361912 -97.454003
v -307.542000 190.336100 -72.354000
v -309.152000 23.686650 -78.276000
v -271.725425 15.010675 -36.811862
v -249.002194 65.574231 -34.113758
v -188.446975 185.747925 -49.441175
v -52.036000 203.478100 26.786300
v -174.048312 197.731153 -17.406449
v -92.025461 223.793704 -4.942023
v -75.720250 194.067075 -34.421800
v -52.455200 169.730300 55.324100
v -117.607150 192.408550 58.310513
v -66.325600 214.728600 31.025200
v -257.308282 222.385671 -26.516332
v -301.751950 198.057750 -66.025900
v -194.784950 181.407750 -54.581700
v -361.231750 90.724300 -51.388975
v -291.268595 103.958568 -91.914335
v -274.998600 40.122900 -82.428300
v -251.178703 37.513235 -55.511980
v -253.536950 95.821125 -61.991475
v -109.692293 219.834910 46.097288
v -120.622100 201.124225 57.643275
v -34.773359 176.039637 30.185266
v -26.933994 71.942981 -39.565666
v -51.222800 102.185700 22.675700
v -88.680487 83.146473 39.438692
v -123.427516 165.076268 75.830781
v -190.582700 174.638700 25.173900
v -181.360300 189.422700 15.438400
v -72.988154 159.368685 75.694535
v -345.388275 37.826450 -58.117175
v -375.568996 59.364551 -14.959603
v -280.631543 156.108735 42.111556
v -179.579274 97.257672 -28.868494
v -188.060929 -44.339356 -123.924974
v -142.205583 -117.106792 -126.518077
v -92.895650 -75.282375 -66.683450
v -5.370900 -90.299800 -125.722900
v -20.703962 -56.488158 0.482203
v -17.039912 -152.273579 102.712172
v 79.423300 -110.465400 72.343900
v 79.707700 -99.906800 61.476000
v 96.977300 -99.078600 59.012000
v 206.766100 -200.722400 29.527600
v 210.906826 -223.703464 -66.448130
v 183.983400 -216.089150 -95.067231
v 187.148375 -254.011925 -59.747075
v 106.969796 -312.969781 25.387816
v 78.204975 -294.777450 62.310425
v -132.675950 -290.099100 47.202150
v -80.491230 -131.959601 73.246581
v -73.177227 -69.500232 -10.449254
v -117.441779 -43.272365 -81.960902
v -135.294186 1.362006 -91.345929
v -147.171325 50.280025 -47.394300
v -146.272614 65.914789 -17.114188
v -159.961150 30.458200 -54.070100
v -141.063725 62.826413 8.927350
v -207.481150 -18.165650 -88.564850
v -146.993225 39.667987 -70.170063
v -137.265000 89.486300 -64.004200
v -113.263873 -41.401126 -16.722079
v -96.234500 -59.391100 -19.611100
v -171.547439 -123.367320 75.597720
v -131.196094 -148.977765 92.306595
v -80.000177 -210.246756 85.263217
v -40.610382 -265.728022 86.184963
v 32.708064 -326.843355 27.091887
v -134.011140 -252.224242 77.917955
v -128.991957 -306.137017 26.192710
v 56.697674 -334.187666 -53.180799
v 98.757143 -305.902854 -93.628490
v 150.933637 -231.641119 -116.935981
v 237.558713 -158.158643 -26.645023
v 186.378425 -57.582675 9.281300
v 176.387556 -165.676634 67.243131
v 99.194484 -56.541489 36.911983
v 157.970023 -69.407839 27.579972
v 110.402427 -10.979312 -55.460444
v 153.464744 129.319523 -48.643107
v 182.540500 85.155200 -4.734463
v 180.153600 96.489300 -31.148100
v 329.487180 103.566153 52.604261
v 386.538834 49.477744 -13.809567
v 368.615250 39.206862 10.008612
v 303.444950 17.774375 30.890200
v 274.764750 28.935925 25.865500
v 265.533560 32.260582 21.181959
v 256.563627 25.145408 -3.624046
v 231.584761 65.436873 -13.435888
v 265.051468 131.179715 -53.330978
v 137.414133 142.448495 -46.800178
v 208.806100 -127.926400 16.010200
v 224.611364 -155.374175 -76.683338
v 161.111428 -100.404239 -105.904305
v 187.159513 -97.417438 -76.084875
v 40.022355 -269.138230 -145.467630
v 103.659638 -274.070438 -115.173313
v -8.729753 -307.948085 -100.314447
v -77.714750 -285.766400 66.241650
v -216.721836 -170.562805 77.124478
v -211.512720 -90.771372 73.536870
v -196.759900 -224.320550 61.624100
v -240.170738 -135.079481 58.796931
v -177.782700 -255.908350 49.100775
v -173.857500 -282.752300 -6.393800
v -155.681277 -289.586387 -70.594969
v 212.360228 -72.900378 -32.720322
v 188.799862 -134.102463 -96.203963
v 73.658400 -40.964600 25.524800
v 104.227900 129.381400 36.106200
v 168.738900 185.245600 40.401225
v 98.304675 119.514787 -23.568225
v 170.959100 185.779300 -33.404600
v 117.312500 164.614400 -15.053900
v 239.178137 94.703046 -41.125820
v 269.178700 18.637300 -34.989900
v 271.377600 12.567500 1.463750
v 291.025250 8.145650 -42.918300
v 297.326695 -7.409549 -1.841627
v 358.487813 34.266825 22.390062
v 312.589650 10.188987 20.238537
v 354.831963 94.236513 -51.432862
v 159.715995 100.117632 45.337067
v 223.028100 90.013300 18.653300
v 186.279737 86.688263 -7.684862
v 149.449663 -40.994834 -61.002191
v 56.894437 -58.301148 -94.358255
v 101.191300 -31.095200 -59.161400
v -15.834233 -134.336698 -151.504957
v -144.935481 -245.105262 -124.960916
v -246.864825 -43.460325 12.747100
v -236.358600 -116.622800 69.258900
v -227.344377 -224.154278 30.720779
v -151.359700 -271.353900 -96.276550
v -13.555006 -288.335031 -120.821069
v 188.560950 -60.174550 -3.886650
v 175.919825 85.454275 25.469875
v 150.981078 -18.734939 25.941166
v 196.542550 191.222450 -26.197650
v 285.898250 147.442500 -37.156700
v 207.768405 172.477811 -47.500576
v 222.359200 88.699950 -29.037350
v 361.197800 42.116200 -55.678600
v 331.808900 22.147550 -62.466650
v 307.273460 40.851301 -77.160634
v 336.282953 100.510981 -63.604651
v 286.186050 164.090721 -7.742298
v 207.980852 210.585631 3.690246
v 219.217822 161.751403 55.431628
v 274.279950 162.330112 16.630113
v 187.892715 79.236179 -4.063185
v 185.192600 -29.443249 -26.862863
v 168.790762 34.036675 -46.362938
v 60.170350 -76.875050 -117.122700
v 70.964013 -127.359695 -153.619261
v 25.741821 -222.287920 -160.996302
v -158.264050 -260.742938 -99.753563
v -181.257738 -273.420912 -23.287237
v -246.942231 -200.061505 -52.867166
v 176.133175 -52.890900 -55.150200
v 126.670653 119.377925 55.599860
v 137.601250 154.809850 42.027200
v 155.217924 204.398175 11.882701
v -80.917841 -186.901029 -137.014859
v -43.942500 -91.637975 -106.099100
v -43.627805 -325.707140 -28.397821
v 52.103150 -291.244725 -123.302425
v 85.734980 106.487891 29.448033
v 73.816700 -0.999225 -21.092925
v 81.978203 114.905062 -6.885103
v 109.862450 90.948101 -50.324971
v 104.827413 127.236150 -27.852775
v 215.040900 86.090250 -18.443275
v 196.575551 83.944316 -1.767099
v 219.927650 79.007700 -8.909650
v 214.405425 88.520725 11.603625
v 227.307474 76.010379 7.562281
v 358.511760 55.801257 39.744545
v 355.679400 112.744250 30.500000
v 306.020188 43.836074 51.244167
v 222.848150 81.069250 8.066250
v -118.829175 -35.355700 2.328875
v -83.899739 -18.890908 -31.180871
v -101.667450 -20.311900 -58.734350
v -104.603500 -30.259300 -43.437100
v -58.976675 6.150700 -51.626100
v -118.072400 -6.854000 -84.476700
v -89.402010 77.200126 -88.010782
v -194.631556 141.972725 25.835712
v -305.804342 67.989998 32.196226
v -333.022125 78.968653 35.938101
v -341.503050 54.774250 16.967000
v -351.024000 105.051250 22.809700
v -360.104925 123.137001 3.544262
v -209.451208 140.623187 25.032122
v -239.417200 106.841575 9.101250
v -123.010175 -27.018100 -89.430825
v 217.775175 -215.298759 4.457083
v 177.193900 -259.574650 21.213150
v 197.429475 -252.882500 -21.409550
v 162.568629 -293.439633 -22.439832
v 90.896587 -290.139313 59.815625
v 181.426800 -243.498000 34.977500
v 75.312594 -270.916274 86.782360
v 61.808890 -174.001103 116.616479
v 6.477225 -91.655050 56.255763
v -124.986337 -48.365000 14.647963
v -70.915775 -111.682900 63.113575
v -93.173600 -67.947500 -5.883600
v -98.438800 -85.513350 -82.525450
v -99.673325 -97.321750 -94.206200
v -37.538989 -95.912263 57.943607
v 159.752734 -221.519222 70.401072
v 198.950125 -179.462325 39.427000
v -340.477991 -327.023016 420.137487
v 634.567242 31.977943 128.866974
v -329.026932 544.963006 72.584059
v 115.651527 -181.881310 587.436150
v -343.762210 259.446973 490.583873
v -463.980741 174.662572 396.478979
v -516.107457 94.860710 342.750842
v -513.247332 -2.516339 385.606611
v -553.791727 -2.123824 326.976090
v -555.993200 -83.063800 247.302400
v -625.686394 -126.028553 184.275191
v -580.147465 -161.459801 210.910135
v -524.624800 -183.595600 341.938100
v -548.800990 -281.034372 194.328991
v -532.627182 -260.888261 282.769794
v -447.938840 -349.477631 251.530745
v -499.506000 -388.973348 158.045311
v -522.534394 -370.437815 79.468669
v -444.112630 -495.663447 81.064655
v -356.988933 -549.496390 110.027436
v -187.483752 -615.227279 90.280019
v 33.710925 -622.764075 85.617525
v 17.338985 -635.205228 190.038845
v -71.681675 -620.207925 141.021825
v 69.273143 -614.704684 189.989248
v 120.793692 -614.173691 129.090558
v 195.764291 -632.351611 187.510516
v 215.828535 -610.693838 241.567570
v 305.413520 -482.383535 211.424920
v 317.582906 -468.171754 281.428011
v 424.822043 -312.907341 330.921380
v 392.876028 -314.395267 377.602705
v 465.960071 -278.631366 380.631903
v 496.720731 -263.348511 335.738306
v 480.706571 -155.338280 374.511309
v 511.802621 -88.921214 351.705336
v 406.040908 -118.953113 459.059984
v 335.080829 -404.631303 324.403298
v 211.800069 -526.740869 299.445049
v 277.227193 -456.525086 372.947079
v 108.997787 -551.844315 335.286435
v 111.798235 -606.528983 261.468269
v 3.923705 -585.497967 296.697410
v -64.231862 -587.967874 229.510670
v -182.274800 -613.734500 222.390900
v -139.958025 -614.206075 188.352025
v -252.788785 -522.741835 203.893281
v -243.724750 -483.463300 323.179025
v -206.660689 -626.290848 158.223501
v -284.472289 -555.605829 144.669314
v -358.080966 -457.694334 211.678688
v -444.986786 -420.192951 236.289726
v -391.153479 -356.441142 343.650028
v -447.440473 -308.227986 301.453048
v -503.414950 -231.103795 314.231967
v -503.211534 -132.562091 363.304300
v -458.531606 -52.892202 405.569027
v -507.291883 27.820253 438.434978
v -477.459457 21.717923 486.797092
v -436.078478 100.725306 453.688553
v -421.488083 219.668858 445.026349
v -228.370546 329.696972 493.042355
v -291.976877 323.323706 469.001629
v -494.725203 275.493869 338.252672
v -528.698764 193.442456 285.284042
v -525.849929 152.360355 330.525248
v -567.564417 69.054305 237.827186
v -582.188363 97.598987 132.533225
v -562.682550 -41.039675 219.809025
v -617.201301 -267.727930 138.497634
v -584.851043 -278.418597 56.870185
v -478.002632 -401.639076 -5.398761
v -487.565790 -422.723878 -114.210840
v -417.720829 -500.444547 -12.860734
v -369.668836 -503.781203 -66.197918
v -278.880563 -583.320798 -18.184390
v -256.385914 -575.138634 -89.659056
v -108.252561 -623.496762 60.766030
v 28.412513 -629.345287 30.045200
v 87.134000 -614.945275 58.523600
v 194.943658 -578.053387 125.697204
v 248.811433 -547.763625 203.996415
v 338.715320 -505.948053 154.100410
v 377.651280 -485.326846 257.963603
v 375.043216 -450.968494 184.310212
v 387.633898 -403.302363 271.645473
v 442.084955 -396.405009 303.141658
v 540.466674 -213.241890 333.285530
v 481.004129 -56.512883 472.855792
v 384.962068 -162.155261 487.212266
v 418.872081 -209.298719 415.669844
v 261.125542 -408.005749 421.141843
v 216.737300 -491.527452 434.315117
v 125.109506 -486.920825 429.743053
v 166.674293 -499.748016 355.693820
v -18.070357 -539.286973 342.192985
v -147.044796 -563.063476 251.396595
v -137.250231 -532.598485 324.914034
v -227.006400 -494.840800 290.323400
v -295.824601 -491.292623 300.915935
v -351.876437 -399.255128 294.290784
v -412.280770 -286.712727 387.743377
v -387.516650 -262.046150 426.141000
v -474.648297 -123.014043 431.966990
v -403.574938 -56.233138 469.786007
v -378.396314 69.552065 496.174408
v -336.652461 169.426326 560.605550
v -276.262597 246.612421 513.205181
v -301.792955 367.523158 411.409706
v -356.446060 310.521886 414.856300
v -402.864047 276.657088 403.780461
v -411.353458 331.238367 319.621680
v -466.855534 330.085793 291.358974
v -551.953675 172.758001 222.758908
v -614.348239 -1.185385 87.921229
v -614.538249 -151.935636 101.532999
v -601.792575 -205.007108 18.154121
v -658.031241 -96.930210 -27.981910
v -549.572432 -322.881038 10.199903
v -553.461617 -313.270703 -49.973695
v -539.710166 -396.340649 -61.208036
v -432.644993 -463.898702 -148.917586
v -279.680814 -530.249642 -209.707685
v -246.487201 -608.188011 -170.757994
v -143.362015 -578.425397 -201.536067
v -102.948249 -601.654064 -109.416092
v -14.599563 -633.112580 -67.027679
v 119.297929 -643.854011 -53.919463
v 209.688375 -574.716100 -9.784950
v 184.817696 -589.827783 -61.581948
v 242.650387 -584.543932 67.798389
v 376.659774 -523.848594 98.268027
v 427.935406 -457.419200 142.936633
v 427.809248 -382.242237 182.995966
v 475.272974 -337.934212 212.290267
v 507.400507 -283.310896 241.322177
v 516.195015 -197.446437 236.649867
v 545.168789 -90.287577 257.667406
v 503.844630 -57.292618 376.600444
v 524.728296 6.934192 376.055658
v 437.642309 17.148340 446.821007
v 390.881022 -73.203922 516.045485
v 318.335938 -234.415885 495.281371
v 302.166223 -362.584178 446.380716
v 194.993461 -382.064596 461.046528
v 66.794452 -441.895645 444.594674
v 33.794055 -556.022082 388.317496
v -84.483106 -528.668910 370.626254
v -129.712062 -474.493253 391.647628
v -182.772321 -480.336196 394.594293
v -219.291288 -519.875967 351.953241
v -260.443100 -472.085800 356.034650
v -308.122575 -338.833150 442.791375
v -339.479568 -403.627459 387.241661
v -289.780350 -357.391700 431.152525
v -441.458275 -225.858000 381.720500
v -402.473150 -181.536671 441.909356
v -374.452834 -76.694102 504.802943
v -336.865424 -40.661536 521.805934
v -331.585330 95.956128 539.609710
v -247.587980 184.280536 547.866461
v -213.925575 301.021422 542.300004
v -284.525916 411.659873 378.123413
v -378.484378 399.143683 379.375902
v -426.789124 385.284868 240.616522
v -548.012142 280.269112 253.153278
v -594.024340 228.927941 158.702959
v -579.281462 133.269387 134.553200
v -610.676300 219.374500 59.360500
v -610.896402 130.691872 32.521255
v -590.165030 34.703362 81.426425
v -635.023649 -18.760947 -68.467195
v -598.092497 -133.711081 -91.780152
v -606.606475 -163.118611 -65.933415
v -582.505543 -250.506736 -179.833156
v -510.382869 -312.578906 -131.723448
v -442.539572 -320.830957 -258.534949
v -161.715842 -522.588246 -244.089075
v -84.883713 -622.124291 -226.026149
v 6.127584 -619.198066 -196.322078
v 71.745375 -594.972235 -115.285585
v 107.430498 -585.725295 -167.982031
v 352.170450 -553.705750 -73.309625
v 247.627225 -554.738100 -31.009200
v 254.798622 -541.317839 -124.815163
v 340.587232 -495.773807 3.188133
v 416.140176 -452.187633 79.619837
v 485.182023 -392.852141 129.526695
v 554.674400 -153.993950 191.402375
v 527.813504 -157.073497 280.196426
v 588.512934 -32.860729 279.594783
v 523.970211 43.559025 347.811609
v 369.959783 64.497501 487.972885
v 356.510432 -37.944135 521.952331
v 199.045183 -346.520067 512.944601
v 108.631472 -389.151172 507.020260
v 33.048364 -383.979803 495.339596
v 7.639695 -456.122227 469.573063
v -58.000061 -420.657551 489.042201
v -74.759337 -441.993321 436.978202
v -180.934389 -424.951144 495.409956
v -257.580202 -417.058302 463.257665
v -262.168213 -321.682832 467.792641
v -342.336742 -253.432616 466.716584
v -313.822269 -201.093003 517.445789
v -268.756427 -236.424337 545.852837
v -378.774662 -149.068660 547.118790
v -301.158917 -34.614935 598.755398
v -311.332116 34.450987 550.366657
v -243.208506 105.482371 551.254595
v -209.680987 203.720079 556.003259
v -131.815346 323.485323 515.884744
v -188.977461 401.660699 431.774194
v -364.963810 392.256720 287.446914
v -497.875826 330.886880 185.079719
v -594.694466 291.630516 129.891023
v -551.542525 297.266150 71.546300
v -607.425185 236.209882 26.932698
v -606.560509 82.045185 -87.578135
v -617.955368 -62.447930 -137.223087
v -576.435555 -108.528368 -236.340247
v -347.202389 -417.670475 -248.728042
v -317.824541 -435.251866 -338.128012
v -240.826617 -460.021651 -304.286963
v -204.528414 -500.834305 -399.202753
v -166.199660 -494.822093 -344.586603
v -90.539462 -548.818343 -308.535439
v 41.951267 -565.672431 -303.271738
v 23.988254 -617.166163 -268.798548
v 191.208001 -579.790328 -157.175457
v 255.283416 -581.424201 -199.939541
v 349.538061 -549.389662 -149.497074
v 434.618395 -512.184463 -152.784169
v 493.775241 -433.500789 43.876876
v 575.197489 -254.918777 135.113901
v 542.948965 -329.088267 152.879878
v 576.501519 -159.654527 132.679253
v 598.257587 -105.030569 170.725052
v 558.206445 25.907454 282.204664
v 504.394777 124.441010 343.085062
v 492.246405 126.957995 403.476252
v 442.291833 71.019889 465.797513
v 319.875718 2.505624 540.979963
v 217.663116 -221.403623 538.844485
v 128.276140 -308.754310 539.678777
v -7.801231 -351.262879 568.276053
v -52.564296 -364.153128 509.418119
v -114.651941 -363.044272 481.035367
v -125.375144 -316.450134 545.835672
v -215.009859 -325.023668 513.989046
v -277.329412 -148.980818 579.523701
v -297.616700 -94.464857 558.750768
v -233.504041 -11.916870 578.342467
v -194.569199 -28.957168 618.502945
v -117.915036 266.538089 549.309311
v -109.482982 384.448748 496.725758
v -206.314026 464.494890 375.232290
v -297.778998 442.261067 280.020337
v -342.979122 464.986941 230.923270
v -398.727180 445.755771 184.836132
v -557.016950 288.147200 69.950450
v -525.412900 421.098000 89.492750
v -581.523334 188.769643 -44.291421
v -595.453295 13.781105 -228.647020
v -524.783995 -103.845984 -329.111088
v -507.818359 -185.673440 -281.773447
v -425.003196 -236.057425 -398.717285
v -439.372842 -322.526330 -329.673926
v -347.473731 -357.973594 -419.555817
v -280.407904 -396.116362 -398.363449
v -204.615122 -435.869477 -446.891875
v -107.563080 -442.944462 -440.003348
v -4.073611 -516.434919 -346.450109
v 103.725010 -523.407295 -406.868407
v 167.093583 -486.358691 -382.396951
v 160.290085 -536.850596 -294.518658
v 261.063309 -507.403444 -293.855999
v 303.394686 -515.851760 -206.578501
v 345.614988 -452.312666 -231.399156
v 435.950766 -432.655940 -29.729311
v 509.714480 -370.863561 -29.656662
v 567.843540 -318.836474 24.354899
v 550.017377 -284.103423 64.197274
v 634.182584 -238.976109 56.458517
v 593.033879 47.384019 192.552066
v 585.949929 -42.489358 210.524814
v 560.341784 126.430020 274.522488
v 572.597291 105.129227 323.513959
v 476.291178 173.303085 309.306901
v 404.248023 138.973084 438.496928
v 333.150229 107.512048 516.389922
v 297.628985 151.846311 542.000576
v 339.517247 55.720998 551.934479
v 265.804043 36.595414 566.114614
v 261.111702 -39.516848 579.439767
v 260.943970 -103.417728 611.789704
v 172.599294 -216.811633 583.537018
v 246.915139 -153.132751 597.902604
v 102.952073 -287.277216 578.116460
v 36.794727 -263.870209 615.680395
v 44.295377 -330.511248 529.487858
v -22.192366 -269.878590 557.076384
v -187.594899 -246.505752 612.093782
v -222.541868 -89.454773 576.063111
v -155.452109 30.509784 619.080596
v -136.654571 80.569691 578.093364
v -118.424720 143.966082 585.911098
v -55.787646 280.390677 592.825412
v -119.340195 433.009382 453.476212
v -157.957784 483.339378 439.137034
v -212.462924 534.474853 238.220900
v -253.155626 495.252442 295.802747
v -464.614560 387.494864 171.986528
v -518.408535 385.053818 0.590777
v -555.643010 293.476038 14.339518
v -593.558004 216.023261 -172.947077
v -580.440799 121.403552 -174.219753
v -574.842500 165.310926 -271.949089
v -543.667731 109.095019 -352.814182
v -528.812117 -12.741669 -345.325393
v -441.650272 -89.906670 -449.327989
v -450.751755 -144.343970 -392.360182
v -335.676324 -212.099525 -516.544015
v -341.470277 -248.955487 -438.935055
v -225.489257 -364.366190 -478.331992
v -277.587436 -292.214659 -506.692830
v -130.250868 -324.114177 -536.515713
v -102.608596 -421.241287 -525.896699
v -4.626025 -426.543925 -462.459076
v 43.274843 -483.585859 -415.659876
v 235.291520 -507.305424 -374.551028
v 230.464599 -426.868509 -377.731921
v 456.687253 -392.660472 -135.122376
v 642.434523 -274.004997 -13.155097
v 620.899925 -132.886047 29.596708
v 635.593443 -31.558494 171.593578
v 603.936596 85.303657 250.217571
v 556.312739 177.750758 276.380563
v 446.687330 184.045458 377.962009
v 470.636577 236.945614 336.595832
v 342.795796 173.740268 494.248012
v 239.617199 124.833105 558.342117
v 233.796922 65.032827 605.408701
v 212.142217 -4.548244 586.683904
v 183.880342 -97.553771 600.980303
v 29.927493 -151.057234 598.277835
v -18.035313 -220.083562 580.678561
v -107.928855 -257.619591 586.254863
v -119.765150 -164.034628 601.936263
v -124.963900 -18.275473 597.172798
v -68.844116 120.667914 597.828507
v -27.326823 221.095865 624.056110
v -17.982772 299.913365 533.297458
v 59.142272 349.750192 510.700036
v -1.579889 344.515134 537.087690
v -26.858568 397.536027 496.773448
v -68.151598 436.341847 499.576950
v 0.470621 454.569042 457.101491
v -124.072414 538.206427 313.152379
v -152.013494 477.712406 346.087153
v -165.032565 535.940366 287.652485
v -291.151964 512.740772 217.253660
v -356.505689 528.309163 197.700190
v -424.999277 446.299114 123.615715
v -486.529598 456.695125 25.955708
v -548.621919 376.059175 -35.662204
v -520.554814 290.828713 -102.395469
v -476.384535 121.941912 -373.991735
v -458.930997 3.884564 -413.411573
v -280.582267 -162.705970 -532.797238
v -189.511147 -99.771382 -577.875635
v -145.841471 -156.659890 -608.265882
v -121.367932 -298.506792 -532.335464
v 9.186629 -296.311426 -546.758067
v 33.290990 -330.118612 -491.048108
v 113.341884 -318.027175 -555.474347
v 132.253997 -350.936678 -481.883114
v 165.182690 -284.218407 -513.147437
v 93.968720 -399.113856 -467.639525
v 310.879083 -399.462942 -389.964796
v 409.063174 -404.853231 -284.690834
v 333.783707 -348.262524 -412.807194
v 440.440607 -349.704685 -214.861141
v 520.537168 -328.815458 -228.049318
v 578.405962 -261.539381 -171.428025
v 561.759178 -323.367846 -106.201414
v 559.679236 -292.832434 -57.854973
v 640.171401 -238.377396 -69.345474
v 635.425146 -34.568149 -33.668190
v 603.825237 -27.518944 99.435142
v 563.468699 152.126204 198.175860
v 500.588858 219.377499 293.297666
v 372.975424 272.859976 451.707299
v 236.668127 207.000527 526.060376
v 199.794972 97.683660 590.100863
v 132.910323 -79.949486 611.643217
v -33.667961 -138.097541 624.630170
v -29.778035 -30.869792 629.358551
v -75.697296 37.948340 607.066805
v 37.852187 19.265422 619.494005
v 29.644595 80.905391 628.118517
v 33.805832 238.571479 597.426065
v 61.929562 419.281060 506.580411
v 72.852514 447.709784 430.875186
v -78.322785 506.678637 392.147339
v -81.515186 547.568838 289.953319
v -158.284430 581.460256 214.217437
v -195.307513 590.523989 170.131305
v -248.445303 558.166384 148.955220
v -309.184821 553.516074 152.852606
v -343.261596 507.366913 116.643871
v -395.370044 482.759110 42.192812
v -479.799302 369.652391 -125.157299
v -493.997651 270.366253 -261.698414
v -536.002017 115.061488 -309.236069
v -422.436673 134.841880 -439.380829
v -419.555923 64.318000 -492.657026
v -347.051480 68.714368 -527.776285
v -345.396632 -25.069111 -527.540942
v -281.764455 -87.557416 -565.998740
v -72.323382 -172.386874 -632.828962
v -11.242389 -225.378455 -598.587178
v 82.709276 -232.095112 -558.442374
v 239.518964 -259.283196 -532.596884
v 250.795068 -337.670920 -519.226745
v 456.351207 -255.561707 -419.431978
v 494.256687 -271.969354 -281.546348
v 533.215678 -265.681558 -198.701481
v 565.812756 -194.118027 -201.709732
v 584.754967 -185.276626 -116.898484
v 660.867723 21.349802 44.670217
v 601.608961 124.932754 105.475376
v 559.342632 230.760915 191.176925
v 515.701962 252.109277 230.757243
v 449.097973 283.675072 295.796833
v 280.170330 299.947288 431.310956
v 288.762644 264.494569 505.759681
v 194.077844 263.772737 519.166388
v 110.668433 269.129953 565.119851
v 213.297711 177.543676 571.064329
v 165.041204 134.452127 624.274447
v 61.866958 122.649637 611.091638
v 139.056644 -15.238389 625.582126
v 87.984350 -56.189840 637.432438
v 121.495715 61.730320 616.747874
v 94.865884 186.091645 580.869616
v 123.055364 328.617546 511.216205
v 106.927169 413.392341 465.880707
v 52.816031 493.839115 393.629639
v 3.130591 526.101247 387.276940
v 2.426107 546.981050 332.684268
v -15.291756 590.949256 284.684602
v -141.804463 649.545574 95.981416
v -405.737808 449.485879 -39.835613
v -304.519436 532.012320 -36.620915
v -475.432513 425.866297 -85.482214
v -380.303449 453.419362 -127.479871
v -433.865425 370.117109 -246.368579
v -431.565395 251.038776 -390.000299
v -382.604041 342.845932 -348.016583
v -377.361498 269.526548 -445.181255
v -309.110888 168.969586 -485.160763
v -263.815665 165.731816 -540.548843
v -251.730413 -28.700889 -555.195870
v -163.494362 27.015115 -639.258051
v -111.218166 -56.249786 -601.594049
v 28.840168 -109.200976 -596.831706
v 230.731498 -154.752014 -544.172616
v 264.931254 -195.933338 -551.147979
v 340.827398 -250.082872 -452.397029
v 426.150719 -145.648052 -422.421791
v 492.899754 -177.945534 -297.434241
v 606.117937 -120.178575 -184.071844
v 606.501742 -70.734746 -152.102274
v 603.032412 88.720683 27.352813
v 511.707825 278.863877 154.770633
v 509.491981 322.053203 255.574143
v 444.248805 332.624149 280.243338
v 387.150090 300.470826 366.879759
v 195.095402 320.141179 467.861596
v -11.258135 590.384556 207.644936
v -70.576656 600.336782 130.595377
v -76.791149 623.264989 99.238488
v -275.097198 548.423660 75.902795
v -329.171484 520.608953 -89.779289
v -313.948034 489.413714 -174.748521
v -280.216088 463.611723 -243.323040
v -354.030598 450.967121 -243.060053
v -276.572626 453.580180 -323.776764
v -316.471418 412.607720 -387.484086
v -306.471232 330.703950 -429.586920
v -220.884520 441.242099 -379.641236
v -211.887097 307.146063 -513.253017
v -204.577592 210.362443 -542.170191
v -102.714532 255.821418 -582.921114
v -162.996789 104.447938 -587.173051
v -63.628387 229.823968 -580.021813
v -59.240042 152.312481 -631.656391
v -82.075704 64.136192 -625.261165
v -58.652778 -0.267465 -646.183016
v -40.418949 -81.804459 -621.265883
v 123.984970 -48.238157 -614.082217
v 57.339121 14.696686 -616.181665
v 178.050055 -140.584002 -575.451310
v 230.334966 -118.344404 -595.247198
v 327.435908 -58.002249 -531.765407
v 371.560595 -85.135759 -533.629475
v 403.273140 -54.153974 -465.136624
v 372.077148 -120.836834 -482.735982
v 457.718691 17.597462 -403.212911
v 510.777578 -65.496233 -412.928582
v 506.308323 -94.980175 -329.760758
v 590.647394 -42.587896 -291.236756
v 545.453188 0.247831 -344.901018
v 575.950323 -79.981236 -241.883104
v 590.377999 -162.242767 -275.226818
v 645.989817 -24.248793 -178.616466
v 617.612861 21.501740 -95.904231
v 600.421344 134.685662 -1.569214
v 586.054814 196.959226 82.761791
v 548.353078 257.031198 55.508109
v 535.595093 352.064839 147.593031
v 481.164558 341.355646 194.556943
v 374.549838 386.703329 303.418808
v 327.943681 443.152276 361.713020
v 362.966299 363.298094 340.042750
v 240.946468 399.023389 377.253703
v 197.841997 434.628377 412.273309
v 144.332656 491.834066 397.799336
v 139.170123 526.270370 323.365741
v 69.253047 526.110616 304.029066
v 85.001531 624.497068 230.411767
v 49.754563 640.606906 173.657850
v 6.135053 607.660630 115.924819
v -72.176086 626.003418 24.558478
v -178.220531 596.445359 27.590891
v -219.603889 601.087223 7.897695
v -174.625133 591.616160 -57.678683
v -225.784935 568.415853 -185.163070
v -247.450801 505.986572 -246.609441
v -239.737407 514.691434 -305.444824
v -180.897147 477.815406 -328.131924
v -170.128095 419.945244 -406.556942
v -121.176139 458.032101 -472.431273
v -111.068504 319.531920 -539.673141
v 26.628363 268.466407 -583.488520
v 22.154629 162.157107 -589.729898
v 167.387505 130.057669 -569.565233
v 156.989153 57.268685 -634.485558
v 249.892356 136.392086 -559.303573
v 280.379776 82.546481 -536.542720
v 372.006390 60.385372 -513.665444
v 275.357102 -2.109367 -575.830272
v 314.695213 168.807437 -503.620024
v 396.738324 56.980254 -452.613747
v 483.786578 79.460116 -384.103982
v 571.643362 4.307792 -233.797550
v 605.820468 102.881522 -230.388081
v 602.398127 44.286173 -169.393508
v 625.878703 126.455099 -158.916907
v 620.308277 72.018273 -68.904751
v 587.203932 252.629323 -12.474056
v 512.429975 338.507556 74.689524
v 450.968062 397.691980 86.510930
v 491.203579 410.246077 156.814130
v 417.767943 403.297314 220.449451
v 397.088450 416.164262 267.665320
v 175.150031 527.534262 264.937992
v 135.595279 574.166887 227.177948
v 24.417264 612.350816 4.897186
v 9.118707 602.666759 -73.386429
v -124.648019 592.681620 -88.050496
v -131.791859 548.328673 -204.625755
v -96.209923 545.602406 -280.139508
v -97.566813 508.592475 -324.495882
v -44.358941 427.492740 -470.098721
v 56.650250 360.500213 -524.846309
v 41.693262 309.731897 -535.434176
v 160.158922 201.858817 -559.905667
v 448.801439 126.586736 -419.497496
v 533.278047 112.838916 -301.173415
v 576.148924 193.720378 -169.719097
v 577.892826 199.627813 -93.152256
v 537.409061 240.924319 -116.715372
v 514.490262 286.986116 68.715111
v 521.310369 388.547145 14.473933
v 342.327707 450.697354 255.330462
v 245.793970 482.451587 293.227359
v 241.907795 537.636243 258.002537
v 176.149731 551.447840 195.642047
v 94.216210 600.232515 113.926476
v 114.132374 614.555930 74.293853
v 67.649873 600.741179 34.948632
v -73.608023 615.519053 -51.799689
v -88.163044 614.001129 -148.533204
v -49.837222 544.559397 -217.926808
v -31.189243 574.265532 -311.767599
v -64.895493 483.749953 -363.055359
v 32.227478 440.281764 -433.889643
v 150.784066 314.877758 -504.743365
v 155.381286 407.675848 -466.353785
v 176.379668 322.062936 -459.202729
v 333.314571 253.044265 -416.267343
v 267.361165 260.335885 -534.600023
v 401.768528 201.405201 -404.186830
v 483.118755 234.019115 -284.517427
v 525.197783 198.360747 -236.703049
v 501.281897 254.410481 -209.236534
v 540.611373 294.344408 -55.917934
v 524.581270 360.554152 -25.175309
v 245.745963 563.562632 153.060544
v 154.232745 592.088992 43.014904
v 62.778235 645.497180 -31.205601
v 109.729238 595.179441 -65.587916
v -27.553020 640.500821 -134.540924
v 47.421513 611.098430 -170.201204
v -3.027372 562.665417 -233.139246
v 62.444592 547.160805 -316.121743
v 131.757250 511.668319 -326.210474
v 196.699462 445.564883 -380.955980
v 254.804643 312.383164 -474.726232
v 285.384337 347.027287 -420.506952
v 274.795212 457.358971 -389.847702
v 371.068705 341.773520 -405.255114
v 397.765012 284.087221 -372.491738
v 466.995165 290.033730 -334.991039
v 517.654645 386.933263 -116.515365
v 480.774581 428.474103 -95.510431
v 429.796310 420.326205 -28.934717
v 409.630372 469.065803 -8.569246
v 405.535095 455.698573 123.325441
v 358.795185 491.291664 175.526097
v 261.164774 564.997940 35.779972
v 192.466903 620.497842 -1.906162
v 87.170009 577.888342 -112.347377
v 77.904680 561.980028 -212.365288
v 170.297972 530.957362 -266.614463
v 256.226877 520.294293 -348.458595
v 302.752341 444.288002 -295.106314
v 305.502982 388.880552 -336.962004
v 388.715472 429.907909 -312.124985
v 374.669092 361.141484 -328.459284
v 420.737097 348.820548 -272.066657
v 469.314006 356.452933 -172.797694
v 403.866557 426.293236 -115.847378
v 343.511946 528.663739 38.686718
v 196.414543 567.658316 -61.295056
v 158.546332 624.339455 -98.021400
v 153.671255 580.700609 -189.453509
v 252.551754 506.689753 -237.785055
v 242.560305 546.299269 -124.931992
v 312.832437 566.646921 -88.306380
v 315.332842 569.019505 -40.815598
v 361.684842 475.839807 -77.062540
v 294.953419 528.150948 -190.849350
v 350.233532 472.418869 -164.415866
v 351.563543 444.593686 -202.414577
vn -0.922742 -0.358464 0.141602
vn -0.121335 0.229954 0.965608
vn 0.499636 0.588104 0.636001
vn 0.831927 0.542530 0.116437
vn 0.532179 -0.371360 0.760840
vn -0.150664 0.931262 0.331740
vn -0.817199 0.316590 0.481618
vn 0.163743 -0.955003 0.247302
vn 0.354013 -0.905737 -0.233058
vn 0.906076 -0.415671 0.079015
vn 0.770131 -0.048631 -0.636030
vn 0.132521 0.858816 -0.494847
vn 0.585036 -0.545817 -0.599847
vn 0.615642 0.547071 -0.567184
vn -0.451215 0.875980 -0.170480
vn -0.423157 -0.547479 0.721945
vn 0.428152 -0.550902 -0.716375
vn 0.395703 0.217703 -0.892202
vn -0.327984 0.434239 -0.838965
vn -0.370969 -0.911371 -0.178283
vn -0.338368 -0.394288 -0.854426
vn -0.945796 0.116312 -0.303217
vn -0.758671 0.650484 -0.035894
vn 0.876963 0.107824 -0.468306
vn 0.068514 -0.953385 -0.293874
vn 0.643150 -0.702463 0.304801
vn -0.316398 -0.532295 0.785210
vn -0.924623 -0.380342 -0.020315
vn -0.566005 -0.223179 -0.793618
vn 0.098303 0.290428 -0.951834
vn 0.294742 0.952669 -0.074485
vn -0.461056 0.526366 0.714399
vn 0.615159 0.203548 0.761674
vn -0.578238 0.591714 0.561707
vn 0.282100 0.739400 0.611316
vn -0.258189 -0.021106 0.965864
vn 0.297706 0.882193 -0.364837
vn -0.725020 0.646818 -0.236587
vn -0.919649 -0.358241 0.160962
vn -0.170626 -0.739937 0.650677
vn 0.520313 -0.840796 0.149454
vn 0.701927 -0.170993 0.691419
vn 0.871755 0.456843 0.177025
vn -0.615325 -0.598769 -0.512690
vn 0.256238 -0.628235 -0.734618
vn 0.917880 -0.089421 -0.386652
vn -0.038324 0.323687 -0.945388
vn -0.303209 0.881008 -0.363165
vn 0.472008 0.255680 0.843704
vn -0.043447 0.837597 0.544558
vn -0.135404 -0.806158 0.575999
vn 0.449479 -0.776244 -0.442056
vn 0.830627 0.525185 -0.185039
vn 0.836755 -0.436432 0.330708
vn 0.405782 0.077377 -0.910689
vn -0.538996 -0.318270 -0.779863
vn -0.980528 -0.184509 -0.067245
vn -0.696901 0.182129 0.693656
vn -0.961700 0.071872 -0.264513
vn -0.042562 0.985926 0.161676
vn 0.211050 0.536558 -0.817045
vn -0.490573 0.845330 -0.211553
vn -0.483466 0.184077 -0.855790
vn -0.354241 -0.614214 -0.705163
vn -0.643121 0.486748 0.591161
vn 0.836006 0.514789 0.189965
vn 0.226739 -0.973623 0.025455
vn 0.021506 -0.778346 0.627467
vn -0.489818 -0.871808 -0.005283
vn -0.922333 -0.231433 0.309419
vn -0.422906 -0.239682 0.873901
vn 0.098387 0.536406 0.838206
vn 0.843479 -0.536812 -0.019383
vn 0.529010 -0.150001 0.835253
vn 0.422279 -0.427063 -0.799561
vn 0.818559 0.366211 -0.442550
vn -0.005829 0.989958 -0.141241
vn -0.722775 0.627016 0.290597
vn -0.359724 0.076230 0.929940
vn 0.401894 -0.107657 0.909336
vn 0.248207 0.775812 0.580094
vn 0.246901 0.757427 -0.604436
vn 0.026535 -0.738340 0.673907
vn 0.957850 0.076505 0.276896
vn 0.773879 0.632102 -0.039479
vn 0.568192 0.363620 -0.738199
vn -0.413912 0.196089 -0.888946
vn -0.620898 0.618631 -0.481438
vn -0.825258 -0.367272 0.429022
vn -0.362341 -0.852429 0.376926
vn 0.682989 -0.714548 0.151485
vn 0.859229 -0.221973 -0.460926
vn 0.195801 -0.299176 -0.933893
vn -0.976172 -0.105560 -0.189593
vn -0.550436 -0.657053 -0.515074
vn 0.108890 -0.925135 -0.363687
vn 0.851523 0.510497 0.119590
vn 0.394867 0.735547 0.550501
vn 0.598072 -0.087467 0.796655
vn 0.386703 -0.818959 0.423989
vn 0.957334 -0.287330 -0.030859
vn -0.149081 0.420774 0.894832
vn -0.834012 0.422556 0.354783
vn -0.512816 -0.385524 0.767067
vn -0.281713 -0.955692 0.085391
vn -0.764066 -0.537904 -0.356177
vn 0.498309 -0.561482 -0.660626
vn -0.019425 0.999695 0.015277
vn -0.120817 -0.132085 -0.983848
vn 0.693746 0.446085 -0.565442
vn 0.019696 0.709174 -0.704758
vn -0.762391 0.444874 -0.469944
vn 0.276595 -0.090907 0.956677
vn 0.948214 0.123574 0.292608
vn 0.723733 0.513047 -0.461511
vn 0.149531 0.889502 0.431771
vn -0.246929 -0.914503 0.320485
vn 0.534085 -0.315673 -0.784286
vn -0.229157 0.737589 -0.635177
vn -0.861094 0.500100 -0.091742
vn -0.491530 0.078872 0.867281
vn 0.662048 -0.733757 0.152621
vn -0.276804 -0.488810 -0.827311
vn -0.947240 -0.312613 0.070781
vn -0.634635 -0.420616 -0.648322
vn 0.647333 -0.728735 0.223393
vn 0.346759 0.755329 0.556091
vn 0.110552 -0.006644 0.993848
vn 0.383006 0.916495 -0.115513
vn -0.575158 0.491868 0.653651
vn 0.846019 0.432901 -0.311205
vn -0.409050 0.890995 -0.196992
vn 0.780614 -0.127331 0.611906
vn 0.876048 -0.128517 -0.464784
vn -0.988726 0.148861 0.016153
vn -0.597298 -0.442103 0.669164
vn 0.107218 0.579858 -0.807632
vn 0.015804 -0.859650 0.510639
vn 0.205788 -0.072988 -0.975871
vn -0.593170 0.248623 -0.765726
vn -0.649386 -0.760218 0.019126
vn 0.385021 -0.717716 -0.580209
vn -0.048200 -0.899124 -0.435032
vn 0.847148 0.531174 0.013952
vn 0.944518 -0.128591 -0.302242
vn 0.317277 0.908186 -0.273008
vn -0.242925 0.360684 0.900497
vn 0.236607 0.801362 0.549396
vn 0.395478 0.156338 0.905072
vn 0.304846 -0.516808 0.799986
vn 0.850296 -0.293435 0.436911
vn 0.260516 -0.614779 -0.744432
vn -0.330580 0.752209 -0.569998
vn -0.478207 0.858251 0.186342
vn 0.562054 -0.822310 -0.088894
vn 0.384031 0.163595 -0.908712
vn -0.859120 0.318412 0.400657
vn -0.550602 -0.293647 0.781414
vn -0.058745 -0.904199 0.423053
vn -0.317640 -0.901347 -0.294411
vn -0.489428 -0.138991 -0.860896
vn -0.964271 -0.054297 -0.259294
vn -0.742102 -0.633266 0.219678
vn 0.912314 -0.409371 -0.009930
vn 0.645873 0.273577 -0.712743
vn -0.110940 0.872424 0.475991
vn 0.565905 0.498020 0.657060
vn 0.577463 -0.310978 0.754870
vn -0.739991 0.646577 0.185344
vn -0.500465 -0.108760 0.858898
vn 0.541936 0.819568 -0.186048
vn -0.932253 -0.325949 -0.157039
vn -0.447889 0.658856 -0.604404
vn -0.196875 -0.902844 0.382248
vn 0.117593 -0.838687 -0.531767
vn -0.211236 -0.177131 -0.961251
vn -0.856576 0.340747 -0.387517
vn 0.012135 0.345457 -0.938356
vn 0.815876 0.547667 -0.185491
vn -0.033437 0.996736 -0.073485
vn 0.227631 0.329833 0.916185
vn 0.901767 -0.099406 0.420637
vn 0.283585 -0.732731 0.618615
vn 0.755189 -0.423955 -0.499952
vn 0.094291 -0.873050 -0.478428
vn -0.843166 -0.405524 -0.353019
vn -0.541648 0.452380 0.708498
vn -0.587220 -0.747455 0.310618
vn -0.954080 0.249648 -0.165548
vn -0.199284 0.362908 -0.910266
vn 0.920347 -0.337503 0.197617
vn -0.061414 -0.968425 0.241622
vn -0.156766 -0.944967 0.287162
vn -0.181182 -0.958808 0.218769
vn -0.524895 -0.662238 0.534721
vn -0.995417 -0.007367 0.095345
vn 0.442361 0.204189 0.873283
vn 0.117898 -0.023017 0.992759
vn 0.717234 -0.673863 0.177436
vn 0.766626 0.479526 -0.427013
vn 0.069646 0.711987 0.698731
vn 0.001305 0.586609 0.809869
vn 0.575547 -0.227493 -0.785489
vn 0.725090 -0.618671 -0.302475
vn 0.491797 -0.866258 -0.087933
vn 0.907517 0.331106 -0.258422
vn 0.884963 0.187735 0.426141
vn 0.730893 0.636311 -0.246785
vn 0.588084 0.768459 -0.252246
vn 0.519771 0.853941 -0.024957
vn 0.507218 0.775712 0.375502
vn 0.292730 0.496571 0.817145
vn 0.047757 -0.000522 0.998859
vn 0.839947 0.333178 -0.428348
vn 0.765523 0.352398 -0.538321
vn -0.690170 0.085638 -0.718562
vn 0.158808 0.922161 0.352702
vn -0.978167 0.106787 -0.178285
vn -0.111531 0.980368 -0.162599
vn -0.995166 0.093724 -0.029320
vn -0.072050 0.949798 -0.304455
vn -0.107631 0.437215 -0.892893
vn -0.199250 0.020343 -0.979738
vn -0.687769 -0.321864 -0.650675
vn -0.605651 0.029164 -0.795196
vn -0.920519 -0.071381 -0.384122
vn -0.927425 0.373991 -0.003835
vn -0.854087 -0.009925 0.520036
vn -0.306177 0.916653 0.256910
vn 0.120861 0.295124 0.947784
vn 0.596285 -0.271926 0.755314
vn 0.436887 -0.393873 0.808699
vn 0.378609 -0.906623 0.186253
vn 0.868049 -0.473014 0.150827
vn 0.802662 -0.194469 -0.563841
vn 0.318832 -0.063491 -0.945682
vn 0.726572 0.291193 -0.622334
vn 0.107026 0.363994 -0.925232
vn 0.033873 0.108327 -0.993538
vn 0.379095 -0.402976 -0.833005
vn 0.013476 -0.975806 0.218221
vn -0.431794 -0.832984 -0.345966
vn -0.612590 -0.681009 0.401198
vn 0.216384 -0.971825 -0.093459
vn 0.774783 -0.538395 -0.331424
vn -0.294031 -0.816515 0.496838
vn 0.332931 -0.642691 0.690004
vn -0.000601 -0.982141 0.188147
vn 0.947657 0.096370 0.304399
vn 0.413364 0.392167 -0.821788
vn -0.339524 0.422758 0.840237
vn -0.667051 0.704015 0.243733
vn -0.765546 0.383080 -0.516903
vn -0.813392 0.552462 0.182151
vn -0.721554 -0.424904 -0.546641
vn -0.559367 0.388629 -0.732172
vn -0.127443 0.980321 -0.150763
vn -0.274218 0.040226 0.960826
vn -0.240665 -0.914246 0.325937
vn -0.513445 -0.603698 0.609855
vn -0.673227 -0.728049 0.129263
vn -0.633015 -0.570129 0.523684
vn 0.316904 0.650727 0.690018
vn -0.035861 0.491666 0.870045
vn -0.582970 0.802168 0.129124
vn -0.417295 0.355923 0.836172
vn -0.806191 0.591371 -0.018334
vn -0.388537 0.738406 0.551176
vn -0.505634 -0.208229 -0.837242
vn -0.352473 0.617681 -0.703017
vn -0.378751 -0.533647 -0.756154
vn 0.652237 -0.721560 0.232245
vn 0.983210 0.006583 0.182357
vn 0.128908 0.861748 -0.490686
vn 0.794035 0.605661 0.051793
vn -0.083745 0.993395 -0.078447
vn 0.181214 0.936667 -0.299695
vn 0.272431 0.748724 -0.604312
vn 0.749241 0.080678 0.657365
vn -0.205068 0.604098 0.770073
vn 0.393106 0.910151 0.130739
vn 0.056124 0.998423 -0.001565
vn -0.316953 0.824827 -0.468189
vn 0.082781 0.495382 -0.864722
vn -0.857838 0.043557 -0.512070
vn 0.418227 -0.082546 -0.904584
vn 0.342087 -0.222255 -0.913006
vn 0.824118 -0.274247 -0.495599
vn 0.981594 0.132349 -0.137684
vn -0.043003 0.824970 0.563538
vn -0.301103 0.621947 0.722854
vn 0.929656 0.231086 0.286946
vn 0.967927 -0.010172 -0.251025
vn 0.574609 -0.287663 0.766208
vn 0.098853 -0.292082 0.951271
vn -0.318903 0.097082 0.942802
vn 0.480000 0.237543 0.844496
vn -0.171190 0.931266 0.321618
vn 0.370114 0.073428 0.926080
vn -0.817544 -0.465050 -0.339634
vn -0.906951 -0.382682 0.176054
vn -0.075699 0.199274 0.977016
vn 0.083240 -0.864826 -0.495123
vn -0.190667 0.321462 -0.927528
vn 0.118636 0.244513 -0.962361
vn 0.060516 0.983605 -0.169878
vn -0.139891 0.572488 -0.807891
vn -0.228097 0.950854 0.209401
vn -0.162536 0.290977 0.942823
vn 0.067718 0.714707 0.696138
vn 0.067701 0.711889 0.699021
vn 0.065456 0.712765 0.698342
vn 0.831510 -0.167657 0.529606
vn 0.705690 -0.566042 -0.426143
vn 0.513269 -0.339724 -0.788126
vn 0.714096 -0.639381 -0.285059
vn 0.367231 -0.846301 0.385897
vn 0.237756 -0.681259 0.692357
vn -0.337179 -0.759599 0.556166
vn -0.087958 0.399479 0.912513
vn -0.080693 0.984683 0.154557
vn 0.949056 0.309331 -0.060055
vn 0.174742 0.235163 -0.956119
vn -0.990746 -0.106357 0.084322
vn -0.984359 -0.086087 0.153711
vn -0.367855 0.854804 -0.366049
vn -0.978821 -0.086550 0.185522
vn -0.710795 0.664626 -0.230311
vn -0.358955 0.371544 -0.856216
vn -0.426625 -0.281359 -0.859551
vn 0.931768 0.347997 0.103473
vn 0.780538 0.618074 -0.093513
vn 0.040000 0.268586 0.962425
vn -0.072522 0.201823 0.976733
vn -0.100693 -0.038322 0.994179
vn -0.092934 -0.416499 0.904374
vn 0.010084 -0.894473 0.447008
vn -0.326809 -0.559393 0.761758
vn -0.354092 -0.886635 0.297486
vn 0.117114 -0.973951 -0.194176
vn 0.333653 -0.754301 -0.565425
vn 0.586152 -0.482418 -0.650922
vn 0.995307 0.019865 0.094705
vn 0.475689 0.172849 0.862463
vn 0.594160 0.136745 0.792638
vn 0.053550 0.176356 0.982869
vn 0.322111 0.293721 0.899985
vn -0.235924 0.183314 -0.954325
vn 0.034811 -0.006101 -0.999375
vn 0.743274 0.617320 0.257797
vn 0.272666 -0.253037 -0.928238
vn 0.218902 0.385053 0.896558
vn 0.878287 -0.478100 -0.005653
vn 0.775250 -0.519446 0.359393
vn -0.098558 -0.606453 0.788987
vn -0.575048 -0.588208 0.568621
vn -0.585609 -0.516529 0.624708
vn -0.757616 -0.641935 0.118058
vn -0.757976 -0.627535 0.177965
vn 0.005783 0.264169 -0.964459
vn -0.365649 0.386830 -0.846560
vn 0.859892 0.223703 0.458849
vn 0.739043 0.084052 -0.668394
vn 0.455229 0.431489 -0.778835
vn 0.639242 0.375557 -0.671064
vn 0.068958 -0.528881 -0.845890
vn 0.354543 -0.560932 -0.748100
vn -0.095634 -0.836934 -0.538883
vn -0.147475 -0.613448 0.775843
vn -0.660503 -0.242278 0.710660
vn -0.087585 0.329048 0.940243
vn -0.459972 -0.443125 0.769458
vn -0.622100 -0.114122 0.774576
vn -0.594691 -0.679316 0.429968
vn -0.551969 -0.833649 0.018934
vn -0.652203 -0.674464 -0.346019
vn 0.878280 0.469217 -0.091979
vn 0.591158 0.200651 -0.781199
vn -0.264975 0.292560 0.918802
vn -0.684616 0.603089 0.409370
vn -0.167991 0.690915 0.703147
vn -0.701303 0.518551 -0.489161
vn -0.199343 0.566650 -0.799481
vn -0.640897 0.742508 -0.194764
vn -0.356951 -0.240291 -0.902688
vn -0.743518 -0.649951 -0.157306
vn -0.674990 -0.696465 0.243568
vn -0.332905 -0.760661 -0.557288
vn -0.700459 -0.605230 0.378224
vn 0.563730 -0.520529 0.641295
vn 0.131674 -0.574368 0.807938
vn 0.580228 0.253632 -0.773955
vn 0.268897 -0.308936 0.912279
vn -0.071575 -0.528012 0.846216
vn -0.263582 -0.964570 0.011333
vn 0.199693 0.377678 -0.904147
vn -0.050014 0.864756 -0.499696
vn 0.004935 0.474341 -0.880327
vn -0.229045 0.309306 -0.922967
vn -0.337438 -0.481000 -0.809181
vn -0.760444 0.572757 0.306064
vn -0.350148 0.091726 0.932193
vn -0.730996 -0.540667 0.416322
vn -0.405701 -0.711676 -0.573519
vn -0.087307 -0.720822 -0.687599
vn 0.857314 0.348784 0.378633
vn 0.447381 -0.471537 0.759936
vn 0.345340 -0.075298 0.935452
vn 0.007985 0.816507 -0.577280
vn 0.231172 0.611022 -0.757108
vn 0.147645 0.686770 -0.711721
vn -0.315978 -0.596798 -0.737557
vn 0.758508 -0.278219 -0.589288
vn 0.194936 -0.434929 -0.879111
vn -0.194693 -0.467831 -0.862107
vn 0.400635 0.418353 -0.815152
vn 0.339864 0.935486 -0.096739
vn 0.225667 0.972696 0.054192
vn -0.038851 0.647563 0.761021
vn 0.390184 0.843132 0.369980
vn 0.701357 0.155796 0.695576
vn 0.968782 0.194278 -0.154004
vn 0.822336 0.047322 -0.567030
vn -0.097118 0.777846 -0.620906
vn 0.163521 0.344202 -0.924546
vn 0.001822 -0.140338 -0.990102
vn -0.472700 -0.614792 -0.631337
vn -0.675217 -0.737619 0.000574
vn -0.819704 -0.524257 -0.230737
vn 0.424021 0.415007 -0.804969
vn -0.568176 0.210625 0.795495
vn -0.148668 0.393404 0.907266
vn -0.496983 0.857876 0.130605
vn -0.148548 0.109355 -0.982840
vn -0.161468 0.852377 -0.497374
vn -0.161578 -0.983320 -0.083509
vn 0.148614 -0.661563 -0.735015
vn -0.747867 0.210029 0.629748
vn -0.945139 0.152053 -0.289123
vn -0.826911 0.498009 -0.261162
vn -0.507314 0.151233 -0.848388
vn -0.668347 0.377863 -0.640727
vn 0.094326 -0.995261 -0.023626
vn -0.310464 -0.859680 0.405662
vn -0.706674 -0.676332 0.207812
vn 0.096850 -0.974114 0.204261
vn -0.765691 -0.635586 0.098727
vn 0.772295 -0.195143 0.604549
vn 0.523898 0.394775 0.754773
vn -0.104288 -0.383188 0.917764
vn -0.726985 -0.659458 0.191332
vn 0.896468 0.424462 0.127189
vn 0.656756 -0.680490 0.324971
vn 0.405622 -0.888212 -0.215756
vn 0.849926 -0.524942 -0.045398
vn 0.663661 -0.741438 -0.099110
vn 0.367943 0.014632 -0.929733
vn 0.096684 0.000110 -0.995315
vn -0.154650 -0.128804 0.979537
vn 0.136073 -0.537051 0.832503
vn -0.642083 -0.071290 0.763313
vn -0.374025 -0.609522 0.698991
vn -0.740141 0.149255 0.655678
vn -0.715161 0.494445 0.494034
vn 0.049236 0.017029 0.998642
vn 0.146154 -0.968192 0.203085
vn 0.947634 0.216931 -0.234374
vn 0.819524 -0.447139 0.358394
vn 0.694474 -0.638531 0.331638
vn 0.783564 -0.620855 -0.023800
vn 0.645849 -0.763461 -0.002347
vn 0.243289 -0.703642 0.667606
vn 0.626387 -0.431857 0.648951
vn 0.199531 -0.514355 0.834042
vn 0.112929 0.148056 0.982510
vn 0.032098 0.745301 0.665955
vn 0.419679 0.131411 0.898110
vn -0.215417 0.800223 0.559678
vn 0.125031 0.971064 0.203474
vn 0.898911 0.406576 -0.163263
vn 0.272777 0.398803 -0.875528
vn -0.133113 0.627214 0.767387
vn 0.534636 -0.313937 0.784607
vn 0.783738 -0.026097 0.620543
vn -0.628635 -0.501376 0.594508
vn 0.959872 0.105306 0.259916
vn -0.381865 0.902376 0.199740
vn 0.101498 -0.108869 0.988861
vn -0.496793 0.484176 0.720257
vn -0.796322 0.187872 0.574956
vn -0.886365 0.152481 0.437157
vn -0.851400 -0.171425 0.495713
vn -0.928487 -0.019690 0.370843
vn -0.798785 0.130163 0.587367
vn -0.904926 -0.220027 0.364276
vn -0.834978 -0.217887 0.505309
vn -0.802300 -0.237938 0.547449
vn -0.730877 -0.484820 0.480384
vn -0.906473 -0.005506 0.422228
vn -0.667206 -0.493174 0.558225
vn -0.798565 -0.531647 0.282216
vn -0.787214 -0.616671 0.003366
vn -0.764177 -0.641586 0.066332
vn -0.453395 -0.845934 0.280764
vn -0.224662 -0.970268 -0.090044
vn 0.115777 -0.989954 -0.081156
vn 0.079867 -0.978675 0.189251
vn 0.002322 -0.998218 0.059628
vn 0.083609 -0.988205 0.128301
vn 0.175192 -0.919746 -0.351248
vn 0.411627 -0.898908 -0.150091
vn 0.575881 -0.696759 0.427654
vn 0.463577 -0.835813 0.294132
vn 0.274875 -0.793600 0.542810
vn 0.740161 -0.468343 0.482511
vn 0.548339 -0.529827 0.646999
vn 0.634381 -0.436700 0.637851
vn 0.685500 -0.563980 0.460452
vn 0.753784 -0.097801 0.649803
vn 0.859037 -0.263822 0.438695
vn 0.754092 -0.309439 0.579304
vn 0.517722 -0.641322 0.566278
vn 0.481651 -0.693623 0.535630
vn 0.697754 -0.625222 0.349625
vn 0.256958 -0.802307 0.538773
vn 0.022875 -0.889661 0.456049
vn -0.151287 -0.814290 0.560396
vn -0.190734 -0.821373 0.537557
vn -0.519879 -0.796007 0.309998
vn -0.146750 -0.853783 0.499519
vn -0.588170 -0.702860 0.400055
vn -0.247313 -0.819852 0.516410
vn -0.422292 -0.901910 0.090709
vn -0.433925 -0.752896 0.494831
vn -0.374930 -0.759440 0.531675
vn -0.595124 -0.529426 0.604595
vn -0.696563 -0.601881 0.390564
vn -0.650493 -0.569154 0.502914
vn -0.722152 -0.435170 0.537702
vn -0.814080 -0.073482 0.576085
vn -0.736913 -0.176040 0.652663
vn -0.894752 -0.022612 0.445990
vn -0.586563 -0.059471 0.807717
vn -0.574484 0.322979 0.752099
vn -0.655665 0.305952 0.690287
vn -0.349708 0.650267 0.674431
vn -0.406828 0.602327 0.686799
vn -0.788445 0.462519 0.405501
vn -0.895442 0.167225 0.412577
vn -0.842007 0.213114 0.495588
vn -0.976384 0.066074 0.205692
vn -0.967760 0.086876 0.236416
vn -0.978918 -0.116257 0.167940
vn -0.905524 -0.369844 0.207948
vn -0.886549 -0.400342 -0.231857
vn -0.760571 -0.646675 0.057821
vn -0.756150 -0.531390 -0.381920
vn -0.634939 -0.759802 -0.139832
vn -0.439793 -0.841063 -0.314951
vn -0.372866 -0.915414 -0.151619
vn -0.559168 -0.828488 -0.030645
vn -0.102351 -0.994744 -0.002831
vn 0.048416 -0.995222 0.084787
vn 0.231307 -0.931473 0.280812
vn 0.445512 -0.892428 -0.071348
vn 0.739577 -0.646099 0.188631
vn 0.467396 -0.736704 0.488680
vn 0.596631 -0.766533 0.237612
vn 0.679265 -0.678404 0.279942
vn 0.578779 -0.790901 0.198722
vn 0.589615 -0.712965 0.379520
vn 0.895117 -0.105789 0.433099
vn 0.768249 -0.038606 0.638986
vn 0.593075 -0.271763 0.757896
vn 0.628848 -0.332724 0.702741
vn 0.550763 -0.472260 0.688208
vn 0.340294 -0.731142 0.591296
vn 0.078334 -0.633295 0.769936
vn 0.308592 -0.859247 0.408002
vn -0.173898 -0.960061 0.219186
vn -0.270203 -0.814992 0.512619
vn -0.219571 -0.887742 0.404601
vn -0.520738 -0.853715 -0.001577
vn -0.423508 -0.827633 0.368327
vn -0.675096 -0.648703 0.351326
vn -0.637726 -0.379414 0.670336
vn -0.590690 -0.335564 0.733814
vn -0.748195 -0.167728 0.641928
vn -0.594595 -0.142955 0.791214
vn -0.525886 -0.022884 0.850247
vn -0.582887 0.059475 0.810374
vn -0.326013 0.446241 0.833418
vn -0.314324 0.599961 0.735695
vn -0.491985 0.480641 0.725903
vn -0.575428 0.563582 0.592670
vn -0.630524 0.627785 0.456427
vn -0.567883 0.682677 0.459848
vn -0.938221 0.017058 0.345617
vn -0.956919 0.290341 0.002867
vn -0.995327 -0.086419 -0.043089
vn -0.952567 -0.302187 -0.036035
vn -0.989649 -0.122015 -0.075543
vn -0.868573 -0.495561 -0.000750
vn -0.926688 -0.286398 -0.243364
vn -0.805546 -0.581205 -0.115312
vn -0.478106 -0.719940 -0.503092
vn -0.544110 -0.704295 -0.455974
vn -0.469144 -0.813485 -0.343723
vn -0.355618 -0.810481 -0.465464
vn -0.059859 -0.992315 -0.108296
vn 0.030944 -0.962638 -0.269018
vn 0.194543 -0.948747 -0.249061
vn 0.358431 -0.928745 -0.094654
vn 0.470098 -0.838011 -0.277029
vn 0.356974 -0.934088 0.007030
vn 0.661928 -0.745988 0.073158
vn 0.352167 -0.866250 0.354384
vn 0.619470 -0.682416 0.388027
vn 0.738781 -0.631581 0.235177
vn 0.861819 -0.429872 0.269217
vn 0.961318 -0.204981 0.183984
vn 0.836567 -0.285532 0.467576
vn 0.919240 -0.005149 0.393665
vn 0.813103 0.069012 0.578014
vn 0.649711 0.096930 0.753976
vn 0.318780 -0.131751 0.938627
vn 0.500465 -0.392127 0.771862
vn 0.518252 -0.558400 0.647769
vn 0.261830 -0.618786 0.740641
vn 0.178735 -0.532551 0.827311
vn 0.002563 -0.920905 0.389779
vn -0.284469 -0.820550 0.495757
vn -0.106365 -0.750739 0.651980
vn -0.099007 -0.708034 0.699204
vn -0.415474 -0.861268 0.292573
vn -0.573057 -0.618404 0.537757
vn -0.451253 -0.448863 0.771293
vn -0.530692 -0.614659 0.583575
vn -0.687552 -0.402242 0.604544
vn -0.655317 -0.324304 0.682192
vn -0.663376 -0.321367 0.675762
vn -0.772005 0.229135 0.592879
vn -0.708742 0.087431 0.700029
vn -0.464635 -0.002134 0.885500
vn -0.168272 0.140991 0.975605
vn -0.217941 0.495699 0.840705
vn -0.371554 0.745855 0.552855
vn -0.557956 0.721078 0.410769
vn -0.578622 0.699305 0.419725
vn -0.786510 0.421638 0.451246
vn -0.992713 0.048706 0.110221
vn -0.992567 -0.038987 0.115282
vn -0.976989 0.192263 0.092341
vn -0.999207 -0.029166 0.027102
vn -0.957658 0.271830 -0.094869
vn -0.985381 0.145513 -0.088602
vn -0.929578 -0.158124 -0.332988
vn -0.907394 -0.322531 -0.269462
vn -0.845011 -0.483260 -0.228947
vn -0.774469 -0.524380 -0.353869
vn -0.737685 -0.635072 -0.229139
vn -0.331097 -0.813899 -0.477434
vn -0.345484 -0.907597 -0.238554
vn 0.124647 -0.986876 0.102658
vn 0.117011 -0.974657 -0.190660
vn 0.198759 -0.972516 -0.121276
vn 0.397641 -0.874580 0.277474
vn 0.350979 -0.935524 -0.040112
vn 0.291386 -0.956563 0.009030
vn 0.603764 -0.793799 0.073156
vn 0.473124 -0.877140 -0.082332
vn 0.718952 -0.573461 0.392747
vn 0.847287 -0.398849 0.350748
vn 0.961942 -0.069982 0.264139
vn 0.939057 -0.029095 0.342527
vn 0.804425 0.109703 0.583837
vn 0.664440 0.179771 0.725398
vn 0.547190 0.040929 0.836007
vn 0.327123 -0.505066 0.798686
vn 0.100317 -0.655311 0.748668
vn 0.074484 -0.603325 0.794010
vn 0.079035 -0.562566 0.822966
vn -0.314258 -0.571091 0.758351
vn -0.227265 -0.688194 0.689014
vn -0.046788 -0.568514 0.821342
vn -0.694516 -0.563200 0.447721
vn -0.570328 -0.406339 0.713873
vn -0.580612 -0.418787 0.698217
vn -0.576118 -0.415766 0.703724
vn -0.578283 -0.470260 0.666666
vn -0.619505 -0.235403 0.748865
vn -0.321486 -0.072450 0.944139
vn -0.475896 0.146750 0.867172
vn -0.233945 0.138550 0.962327
vn -0.188067 0.154703 0.969896
vn -0.103608 0.466208 0.878587
vn -0.477899 0.558779 0.677775
vn -0.540007 0.768997 0.342105
vn -0.717275 0.618731 0.320450
vn -0.879482 0.475833 -0.009705
vn -0.884246 0.467021 -0.000769
vn -0.896769 0.396159 -0.197137
vn -0.971061 0.222612 -0.086511
vn -0.958922 -0.200919 -0.200252
vn -0.887604 -0.197297 -0.416213
vn -0.706518 -0.645828 -0.289375
vn -0.444635 -0.753524 -0.484253
vn -0.413874 -0.784643 -0.461567
vn -0.264714 -0.904458 -0.334489
vn -0.161406 -0.944715 -0.285415
vn -0.304065 -0.716216 -0.628156
vn 0.125070 -0.810626 -0.572052
vn 0.260180 -0.843138 -0.470558
vn 0.183435 -0.981254 -0.059089
vn 0.420840 -0.903486 -0.081281
vn 0.163758 -0.914672 -0.369538
vn 0.764753 -0.562526 -0.314194
vn 0.639646 -0.768659 -0.004051
vn 0.861412 -0.332560 0.383891
vn 0.816785 -0.480095 0.319955
vn 0.899555 -0.208482 0.383844
vn 0.892541 -0.344439 0.291088
vn 0.896830 -0.108245 0.428928
vn 0.675500 0.507518 0.534907
vn 0.756530 0.402009 0.515801
vn 0.516815 0.055035 0.854327
vn 0.358145 -0.111281 0.927010
vn 0.424345 -0.509481 0.748572
vn 0.242105 -0.512057 0.824126
vn -0.057465 -0.403345 0.913242
vn -0.231310 -0.544769 0.806054
vn -0.058304 -0.545540 0.836054
vn -0.067091 -0.686957 0.723594
vn -0.380602 -0.486935 0.786153
vn -0.523044 -0.011887 0.852223
vn -0.383082 -0.064464 0.921462
vn -0.401521 0.074907 0.912781
vn -0.356532 -0.026206 0.933916
vn -0.281567 0.467733 0.837822
vn -0.404449 0.373430 0.834848
vn -0.414019 0.750165 0.515597
vn -0.603698 0.643689 0.470332
vn -0.493006 0.522055 0.695991
vn -0.683639 0.637288 0.355671
vn -0.908180 0.390797 -0.149955
vn -0.777963 0.579844 0.241980
vn -0.940317 0.286418 -0.183763
vn -0.937444 0.033920 -0.346481
vn -0.792667 -0.274232 -0.544496
vn -0.757399 -0.353962 -0.548688
vn -0.734620 -0.287272 -0.614660
vn -0.793031 -0.527013 -0.305546
vn -0.563496 -0.628213 -0.536489
vn -0.496789 -0.707326 -0.502883
vn -0.293429 -0.503677 -0.812532
vn -0.073198 -0.856013 -0.511745
vn -0.181527 -0.768932 -0.613018
vn 0.149221 -0.733761 -0.662818
vn 0.376760 -0.639659 -0.669991
vn 0.205750 -0.911349 -0.356525
vn 0.543094 -0.707411 -0.452347
vn 0.562022 -0.709927 -0.424423
vn 0.642078 -0.665428 -0.380711
vn 0.554383 -0.832244 -0.005367
vn 0.766728 -0.607770 -0.206746
vn 0.703896 -0.672463 0.228745
vn 0.707022 -0.624398 0.332034
vn 0.889230 -0.245355 0.386097
vn 0.936726 0.132697 0.323937
vn 0.858461 -0.128249 0.496585
vn 0.923779 0.381325 0.034988
vn 0.757501 0.176471 0.628530
vn 0.720177 0.270125 0.639044
vn 0.571127 0.320870 0.755550
vn 0.608810 0.221668 0.761718
vn 0.413087 0.230280 0.881096
vn 0.505990 0.213032 0.835818
vn 0.481667 0.068521 0.873672
vn 0.426368 0.299176 0.853641
vn 0.338787 -0.061634 0.938842
vn 0.273510 -0.396929 0.876151
vn 0.701596 -0.389630 0.596616
vn 0.295632 -0.567411 0.768535
vn -0.136942 -0.354327 0.925040
vn 0.185843 -0.540302 0.820693
vn -0.166755 -0.445776 0.879475
vn -0.209024 -0.393835 0.895099
vn -0.337601 -0.043327 0.940292
vn -0.026639 0.226370 0.973677
vn -0.169328 0.305819 0.936911
vn -0.297701 0.050109 0.953343
vn -0.232335 0.704964 0.670109
vn -0.257371 0.561404 0.786503
vn -0.323755 0.679260 0.658627
vn -0.413039 0.820815 0.394540
vn -0.523999 0.732557 0.434494
vn -0.619940 0.609291 0.494408
vn -0.804148 0.594426 -0.001702
vn -0.902507 0.413905 -0.119009
vn -0.910666 0.283404 -0.300616
vn -0.976955 0.167690 -0.132054
vn -0.826291 0.383025 -0.412958
vn -0.780150 0.419790 -0.463835
vn -0.782027 -0.053562 -0.620939
vn -0.649816 -0.024495 -0.759696
vn -0.767326 -0.343197 -0.541689
vn -0.502636 -0.291618 -0.813828
vn -0.589430 -0.485846 -0.645388
vn -0.383892 -0.554230 -0.738550
vn -0.469016 -0.403147 -0.785809
vn 0.008841 -0.216843 -0.976167
vn -0.063291 -0.639843 -0.765895
vn 0.154576 -0.604516 -0.781452
vn -0.166698 -0.663223 -0.729621
vn 0.504531 -0.546222 -0.668648
vn 0.401911 -0.535253 -0.742948
vn 0.755607 -0.565383 -0.330758
vn 0.845687 -0.530598 -0.057264
vn 0.973471 0.028580 0.227021
vn 0.947952 -0.168311 0.270292
vn 0.988429 0.070715 0.134189
vn 0.818034 0.434507 0.376862
vn 0.748705 0.338660 0.569868
vn 0.792354 0.379082 0.477988
vn 0.606278 0.193656 0.771314
vn 0.490835 0.236353 0.838581
vn 0.283293 0.090601 0.954744
vn 0.304242 0.027323 0.952203
vn 0.024779 -0.047315 0.998573
vn 0.130477 -0.263577 0.955773
vn -0.179943 -0.267737 0.946540
vn 0.200034 -0.402009 0.893519
vn -0.075705 -0.152746 0.985362
vn 0.078768 0.032881 0.996351
vn -0.208183 0.024823 0.977775
vn 0.042988 0.060798 0.997224
vn -0.026284 0.582966 0.812071
vn 0.161468 0.390117 0.906497
vn -0.064534 0.234080 0.970073
vn 0.050534 0.395564 0.917047
vn -0.118910 0.615851 0.778838
vn 0.181990 0.631206 0.753962
vn -0.274100 0.861009 0.428408
vn -0.247105 0.866140 0.434442
vn -0.287239 0.817333 0.499460
vn -0.293249 0.760833 0.578911
vn -0.582559 0.711080 0.393688
vn -0.498995 0.805735 0.319053
vn -0.547077 0.803837 -0.233567
vn -0.877438 0.472522 -0.082616
vn -0.866937 0.435661 -0.242117
vn -0.691420 0.193487 -0.696062
vn -0.754103 0.011153 -0.656661
vn -0.427630 -0.145070 -0.892237
vn -0.300395 -0.153093 -0.941448
vn -0.366286 -0.106389 -0.924400
vn 0.384452 -0.308719 -0.869994
vn 0.168479 -0.706739 -0.687121
vn 0.069326 -0.539139 -0.839359
vn 0.141133 -0.479615 -0.866055
vn 0.166451 -0.662845 -0.730021
vn 0.173349 -0.284888 -0.942756
vn 0.179810 -0.420054 -0.889507
vn 0.364713 -0.721947 -0.588029
vn 0.823937 -0.482398 -0.297355
vn 0.525784 -0.560228 -0.640075
vn 0.541194 -0.716674 -0.439872
vn 0.732748 -0.579446 -0.356823
vn 0.831379 -0.357392 -0.425535
vn 0.829765 -0.545504 -0.117965
vn 0.788378 -0.590975 -0.170907
vn 0.799063 -0.295267 -0.523752
vn 0.996411 -0.010497 -0.083994
vn 0.953726 -0.299325 0.028471
vn 0.944779 0.279219 0.171552
vn 0.710686 0.365754 0.600957
vn 0.541857 0.583138 0.605262
vn 0.408104 0.358111 0.839767
vn 0.381944 0.119160 0.916471
vn 0.248820 -0.237170 0.939063
vn 0.000744 -0.283158 0.959073
vn -0.163354 0.093313 0.982145
vn -0.158597 0.134813 0.978096
vn -0.021471 0.072202 0.997159
vn -0.037310 0.134426 0.990221
vn 0.224071 0.385908 0.894912
vn 0.196770 0.569599 0.798021
vn 0.171333 0.718492 0.674103
vn -0.186567 0.826122 0.531709
vn -0.179831 0.901044 0.394690
vn -0.201930 0.897721 0.391562
vn -0.375401 0.843690 0.383746
vn -0.383142 0.894874 0.228916
vn -0.327778 0.941763 0.075122
vn -0.669112 0.742393 0.033775
vn -0.509085 0.860155 -0.031073
vn -0.782672 0.499937 -0.370793
vn -0.777186 0.490717 -0.393928
vn -0.824725 0.249571 -0.507487
vn -0.695460 0.251452 -0.673132
vn -0.706184 0.141837 -0.693676
vn -0.398523 0.175496 -0.900211
vn -0.549236 -0.142406 -0.823444
vn -0.463465 -0.157433 -0.872018
vn -0.048207 -0.212002 -0.976079
vn 0.191422 -0.409297 -0.892095
vn 0.214484 -0.308137 -0.926849
vn 0.153067 -0.210192 -0.965603
vn 0.251444 -0.611164 -0.750503
vn 0.695070 -0.270223 -0.666226
vn 0.830033 -0.356038 -0.429281
vn 0.774781 -0.374026 -0.509724
vn 0.825287 -0.440232 -0.353690
vn 0.917636 -0.171836 -0.358352
vn 0.997283 0.008063 -0.073225
vn 0.923852 0.329694 0.194421
vn 0.834237 0.420677 0.356483
vn 0.837583 0.428179 0.339289
vn 0.668328 0.423281 0.611695
vn 0.344878 0.756373 0.555841
vn 0.314611 0.514043 0.797985
vn 0.330002 0.553512 0.764672
vn 0.233070 0.473168 0.849582
vn 0.549677 0.359609 0.754014
vn 0.283109 0.208713 0.936102
vn 0.004756 0.253100 0.967428
vn 0.294773 -0.012962 0.955479
vn 0.149254 -0.125930 0.980747
vn 0.118399 0.036880 0.992281
vn 0.184472 0.316832 0.930370
vn 0.358742 0.546446 0.756770
vn 0.397866 0.597818 0.695928
vn 0.220154 0.778416 0.587878
vn 0.126694 0.838486 0.529990
vn 0.093372 0.841529 0.532081
vn -0.293326 0.871468 0.393069
vn -0.148066 0.979307 0.137963
vn -0.551929 0.831401 0.064396
vn -0.501520 0.849536 -0.163603
vn -0.601956 0.738875 -0.302843
vn -0.574643 0.758539 -0.307252
vn -0.702945 0.615674 -0.356109
vn -0.727365 0.407056 -0.552490
vn -0.663684 0.538105 -0.519583
vn -0.563044 0.475809 -0.675713
vn -0.646136 0.330711 -0.687851
vn -0.404755 0.264028 -0.875478
vn -0.532862 0.293618 -0.793628
vn -0.279986 0.106801 -0.954045
vn -0.215573 -0.140028 -0.966396
vn 0.211041 -0.273844 -0.938334
vn 0.273395 -0.373342 -0.886494
vn 0.226577 -0.101812 -0.968657
vn 0.531060 -0.277193 -0.800711
vn 0.686780 -0.280085 -0.670735
vn 0.758288 -0.294982 -0.581364
vn 0.991394 -0.088211 -0.096734
vn 0.959025 -0.279087 -0.048808
vn 0.947373 0.305028 -0.097177
vn 0.915677 0.350467 0.196743
vn 0.806053 0.461524 0.370507
vn 0.569665 0.562870 0.598881
vn 0.576841 0.646844 0.498846
vn 0.417754 0.579028 0.700149
vn -0.301208 0.940010 0.160174
vn 0.017039 0.919021 0.393841
vn 0.202478 0.915531 0.347571
vn -0.427564 0.903138 0.039113
vn -0.442050 0.891808 -0.096286
vn -0.525641 0.799773 -0.289941
vn -0.513649 0.798063 -0.315054
vn -0.510532 0.809100 -0.291057
vn -0.391015 0.831053 -0.395548
vn -0.449669 0.611378 -0.651164
vn -0.453502 0.514158 -0.727995
vn -0.155252 0.780862 -0.605104
vn -0.417890 0.433153 -0.798590
vn -0.340390 0.301439 -0.890657
vn -0.065010 0.224713 -0.972254
vn -0.405959 0.282197 -0.869231
vn -0.064551 0.346700 -0.935752
vn 0.013692 0.235563 -0.971763
vn -0.047917 0.137986 -0.989274
vn -0.157754 0.000288 -0.987478
vn 0.030069 -0.096544 -0.994874
vn 0.081717 -0.213047 -0.973619
vn 0.003503 0.039761 -0.999203
vn 0.114085 -0.503108 -0.856660
vn 0.334177 -0.442448 -0.832205
vn 0.506374 0.056314 -0.860473
vn 0.616742 -0.020724 -0.786892
vn 0.617314 0.129364 -0.776008
vn 0.645241 -0.375541 -0.665307
vn 0.587258 0.159333 -0.793562
vn 0.720229 -0.179017 -0.670242
vn 0.691445 -0.520745 -0.500728
vn 0.969799 -0.093240 -0.225382
vn 0.798585 0.274359 -0.535713
vn 0.917064 -0.031845 -0.397467
vn 0.754813 -0.383362 -0.532251
vn 0.978904 -0.065421 -0.193562
vn 0.989014 0.080565 -0.123937
vn 0.978837 0.201697 0.034602
vn 0.917265 0.396199 0.040633
vn 0.795510 0.558142 0.235884
vn 0.946788 0.225460 0.229698
vn 0.765276 0.430304 0.478739
vn 0.728491 0.499497 0.468832
vn 0.566839 0.495925 0.657838
vn 0.614020 0.391115 0.685571
vn 0.493646 0.098946 0.864016
vn 0.410443 0.367633 0.834495
vn 0.190590 0.730900 0.655332
vn 0.198231 0.901766 0.384088
vn 0.235431 0.799581 0.552488
vn 0.367167 0.874154 0.317872
vn -0.027039 0.999531 -0.014410
vn -0.030937 0.999434 0.013192
vn 0.011223 0.992871 -0.118667
vn -0.232147 0.968828 -0.086483
vn -0.290550 0.955893 -0.043007
vn -0.258318 0.944965 -0.200783
vn -0.320091 0.891593 -0.320318
vn -0.488520 0.786671 -0.377487
vn -0.155827 0.928657 -0.336621
vn -0.152889 0.807203 -0.570130
vn -0.343468 0.751025 -0.563907
vn -0.342124 0.749845 -0.566289
vn -0.189030 0.490093 -0.850927
vn 0.020619 0.511791 -0.858862
vn 0.162996 0.200145 -0.966113
vn 0.250160 0.346386 -0.904122
vn 0.208735 0.189613 -0.959415
vn 0.358582 0.097443 -0.928399
vn 0.419582 0.242742 -0.874658
vn 0.757539 0.147395 -0.635932
vn 0.475350 0.068493 -0.877126
vn 0.601777 0.187441 -0.776357
vn 0.716467 0.113280 -0.688363
vn 0.728448 0.156430 -0.667003
vn 0.887359 0.137961 -0.439954
vn 0.854341 0.103275 -0.509348
vn 0.964943 0.067385 -0.253660
vn 0.970415 0.214947 -0.109968
vn 0.990370 0.137425 0.016777
vn 0.889056 0.451984 0.072735
vn 0.948067 0.317367 -0.021153
vn 0.639258 0.760345 -0.114998
vn 0.664155 0.718086 0.207968
vn 0.640473 0.630796 0.438053
vn 0.737744 0.493688 0.460441
vn 0.337229 0.848561 0.407701
vn 0.538375 0.790261 0.292644
vn -0.066582 0.988765 0.133828
vn 0.149006 0.988610 -0.021134
vn -0.349570 0.910498 -0.220895
vn -0.156772 0.894231 -0.419254
vn -0.526601 0.802512 -0.280475
vn -0.253468 0.769709 -0.585920
vn 0.148828 0.728176 -0.669036
vn 0.213432 0.548161 -0.808681
vn 0.058277 0.387362 -0.920084
vn 0.199124 0.249540 -0.947671
vn 0.582184 0.263718 -0.769100
vn 0.779798 0.303477 -0.547556
vn 0.744272 0.607987 -0.276426
vn 0.882931 0.451729 -0.127964
vn 0.822607 0.487974 -0.291887
vn 0.923018 0.374640 0.087648
vn 0.781862 0.621845 0.044726
vn 0.587512 0.725613 0.358211
vn 0.356367 0.808858 0.467709
vn 0.230286 0.799307 0.555046
vn 0.237485 0.931703 0.274828
vn 0.173649 0.983394 0.052752
vn 0.035432 0.996491 0.075831
vn 0.049794 0.992605 0.110704
vn -0.124087 0.991991 -0.023589
vn -0.417317 0.827115 -0.376467
vn -0.192611 0.940292 -0.280629
vn -0.129702 0.903337 -0.408852
vn -0.165571 0.794844 -0.583788
vn 0.060387 0.763209 -0.643324
vn 0.330610 0.569976 -0.752213
vn 0.235903 0.548964 -0.801865
vn 0.285286 0.499056 -0.818263
vn 0.599062 0.444957 -0.665686
vn 0.434256 0.386993 -0.813423
vn 0.608791 0.355008 -0.709467
vn 0.884512 0.212725 -0.415196
vn 0.757229 0.471299 -0.452196
vn 0.820460 0.485252 -0.302286
vn 0.927011 0.363190 -0.093505
vn 0.914587 0.402383 0.040246
vn 0.324557 0.926704 0.189428
vn 0.254703 0.966855 -0.017804
vn 0.152050 0.987059 -0.050952
vn 0.098646 0.992650 -0.070109
vn 0.026643 0.984823 -0.171504
vn 0.367762 0.877786 -0.306991
vn -0.136921 0.978220 -0.156010
vn 0.205605 0.880715 -0.426695
vn 0.163460 0.857639 -0.487582
vn 0.139172 0.628654 -0.765131
vn 0.463362 0.622440 -0.630765
vn 0.462313 0.500272 -0.732117
vn 0.491102 0.429785 -0.757696
vn 0.585796 0.460491 -0.666926
vn 0.563814 0.312075 -0.764672
vn 0.783090 0.361982 -0.505706
vn 0.762575 0.506533 -0.402373
vn 0.395279 0.897226 -0.196825
vn 0.594958 0.803726 -0.006999
vn 0.779110 0.605471 -0.162459
vn 0.677279 0.726474 0.116314
vn 0.661289 0.688987 0.296637
vn 0.344115 0.931120 0.120832
vn -0.048628 0.983475 -0.174392
vn 0.023721 0.984735 -0.172437
vn 0.163500 0.917432 -0.362748
vn 0.140092 0.940594 -0.309286
vn 0.390284 0.813373 -0.431396
vn 0.609092 0.727067 -0.316829
vn 0.584354 0.558544 -0.588692
vn 0.597385 0.632110 -0.493526
vn 0.604191 0.514951 -0.608095
vn 0.770941 0.580500 -0.262050
vn 0.682296 0.534626 -0.498645
vn 0.530808 0.808715 -0.253421
vn 0.591443 0.800210 0.099292
vn 0.313532 0.949559 0.005897
vn 0.127659 0.985221 0.114208
vn 0.129989 0.912307 -0.388327
vn 0.481362 0.837985 -0.257047
vn 0.331831 0.890421 -0.311510
vn 0.449365 0.834257 -0.319509
vn 0.498972 0.866398 0.019531
vn 0.771601 0.609982 -0.180426
vn 0.452679 0.845357 -0.283643
vn 0.737226 0.612438 -0.285338
vn 0.658234 0.698199 -0.281506
f 17//17 20//20 21//21
f 3//3 2//2 5//5
f 2//2 7//7 16//16
f 5//5 2//2 16//16
f 9//9 5//5 8//8
f 4//4 12//12 6//6
f 13//13 11//11 9//9
f 14//14 11//11 13//13
f 1//1 16//16 7//7
f 12//12 14//14 18//18
f 13//13 8//8 20//20
f 14//14 13//13 17//17
f 19//19 15//15 12//12
f 8//8 16//16 20//20
f 18//18 17//17 21//21
f 26//26 33//33 27//27
f 32//32 27//27 33//33
f 27//27 32//32 28//28
f 27//27 28//28 25//25
f 30//30 29//29 23//23
f 40//40 42//42 36//36
f 47//47 44//44 38//38
f 35//35 42//42 43//43
f 46//46 41//41 45//45
f 42//42 41//41 46//46
f 46//46 45//45 47//47
f 44//44 47//47 45//45
f 51//51 54//54 49//49
f 53//53 48//48 50//50
f 52//52 56//56 55//55
f 50//50 58//58 49//49
f 60//60 62//62 65//65
f 72//72 60//60 65//65
f 73//73 76//76 66//66
f 62//62 63//63 59//59
f 70//70 71//71 65//65
f 74//74 72//72 71//71
f 68//68 71//71 70//70
f 74//74 73//73 66//66
f 73//73 67//67 75//75
f 59//59 64//64 69//69
f 85//85 81//81 84//84
f 78//78 79//79 81//81
f 78//78 81//81 77//77
f 82//82 86//86 87//87
f 78//78 88//88 94//94
f 89//89 90//90 79//79
f 83//83 79//79 90//90
f 86//86 85//85 84//84
f 86//86 92//92 93//93
f 87//87 94//94 88//88
f 94//94 87//87 95//95
f 93//93 96//96 95//95
f 83//83 96//96 91//91
f 100//100 99//99 104//104
f 100//100 104//104 105//105
f 106//106 105//105 104//104
f 102//102 98//98 108//108
f 102//102 108//108 103//103
f 112//112 111//111 109//109
f 116//116 114//114 115//115
f 121//121 113//113 116//116
f 122//122 114//114 113//113
f 122//122 115//115 114//114
f 115//115 122//122 118//118
f 116//116 115//115 119//119
f 119//119 118//118 123//123
f 123//123 122//122 117//117
f 120//120 119//119 123//123
f 117//117 121//121 124//124
f 131//131 134//134 139//139
f 127//127 129//129 132//132
f 131//131 133//133 134//134
f 129//129 131//131 137//137
f 128//128 130//130 136//136
f 133//133 128//128 138//138
f 130//130 132//132 135//135
f 138//138 126//126 133//133
f 142//142 134//134 126//126
f 139//139 134//134 142//142
f 140//140 137//137 139//139
f 135//135 125//125 141//141
f 143//143 141//141 125//125
f 149//149 144//144 148//148
f 156//156 144//144 145//145
f 146//146 156//156 153//153
f 147//147 148//148 154//154
f 158//158 149//149 147//147
f 151//151 150//150 155//155
f 159//159 150//150 158//158
f 160//160 155//155 159//159
f 154//154 153//153 162//162
f 159//159 158//158 163//163
f 160//160 159//159 163//163
f 152//152 160//160 161//161
f 160//160 163//163 162//162
f 153//153 161//161 162//162
f 167//167 168//168 164//164
f 170//170 166//166 169//169
f 166//166 170//170 167//167
f 168//168 167//167 170//170
f 168//168 170//170 174//174
f 174//174 175//175 164//164
f 165//165 164//164 175//175
f 171//171 164//164 165//165
f 175//175 176//176 165//165
f 173//173 169//169 171//171
f 184//184 179//179 182//182
f 179//179 184//184 178//178
f 180//180 187//187 181//181
f 183//183 182//182 181//181
f 186//186 187//187 177//177
f 184//184 183//183 185//185
f 186//186 178//178 185//185
f 183//183 187//187 188//188
f 185//185 183//183 188//188
f 186//186 188//188 187//187
f 4//4 3//3 5//5
f 5//5 10//10 4//4
f 6//6 2//2 3//3
f 11//11 4//4 10//10
f 11//11 14//14 4//4
f 14//14 12//12 4//4
f 6//6 3//3 4//4
f 5//5 16//16 8//8
f 5//5 9//9 10//10
f 10//10 9//9 11//11
f 7//7 2//2 6//6
f 15//15 6//6 12//12
f 6//6 15//15 7//7
f 13//13 9//9 8//8
f 22//22 1//1 7//7
f 20//20 17//17 13//13
f 17//17 18//18 14//14
f 22//22 7//7 15//15
f 1//1 20//20 16//16
f 21//21 19//19 18//18
f 19//19 12//12 18//18
f 22//22 15//15 19//19
f 20//20 22//22 21//21
f 22//22 20//20 1//1
f 19//19 21//21 22//22
f 24//24 33//33 26//26
f 27//27 25//25 26//26
f 23//23 28//28 32//32
f 28//28 29//29 25//25
f 25//25 30//30 24//24
f 24//24 26//26 25//25
f 30//30 25//25 29//29
f 23//23 29//29 28//28
f 30//30 31//31 24//24
f 31//31 33//33 24//24
f 31//31 30//30 23//23
f 23//23 32//32 31//31
f 33//33 31//31 32//32
f 35//35 43//43 37//37
f 38//38 34//34 37//37
f 38//38 39//39 34//34
f 40//40 36//36 39//39
f 41//41 42//42 40//40
f 36//36 42//42 35//35
f 34//34 39//39 36//36
f 35//35 37//37 34//34
f 38//38 37//37 47//47
f 44//44 39//39 38//38
f 44//44 40//40 39//39
f 44//44 41//41 40//40
f 34//34 36//36 35//35
f 45//45 41//41 44//44
f 46//46 43//43 42//42
f 46//46 37//37 43//43
f 46//46 47//47 37//37
f 49//49 53//53 50//50
f 49//49 58//58 51//51
f 58//58 57//57 51//51
f 51//51 56//56 52//52
f 52//52 54//54 51//51
f 52//52 53//53 54//54
f 52//52 55//55 53//53
f 54//54 53//53 49//49
f 56//56 57//57 48//48
f 55//55 56//56 48//48
f 48//48 53//53 55//55
f 57//57 58//58 48//48
f 58//58 50//50 48//48
f 56//56 51//51 57//57
f 66//66 61//61 60//60
f 62//62 60//60 61//61
f 69//69 70//70 59//59
f 59//59 63//63 64//64
f 63//63 62//62 61//61
f 60//60 72//72 66//66
f 73//73 75//75 76//76
f 62//62 59//59 65//65
f 65//65 71//71 72//72
f 72//72 74//74 66//66
f 73//73 74//74 68//68
f 70//70 65//65 59//59
f 71//71 68//68 74//74
f 70//70 69//69 68//68
f 73//73 68//68 67//67
f 64//64 67//67 69//69
f 61//61 66//66 76//76
f 64//64 75//75 67//67
f 75//75 64//64 63//63
f 63//63 61//61 75//75
f 61//61 76//76 75//75
f 69//69 67//67 68//68
f 77//77 82//82 88//88
f 80//80 91//91 84//84
f 81//81 80//80 84//84
f 82//82 77//77 85//85
f 86//86 82//82 85//85
f 88//88 78//78 77//77
f 78//78 89//89 79//79
f 80//80 79//79 83//83
f 81//81 85//85 77//77
f 87//87 88//88 82//82
f 80//80 83//83 91//91
f 91//91 92//92 84//84
f 84//84 92//92 86//86
f 93//93 87//87 86//86
f 89//89 78//78 94//94
f 93//93 92//92 96//96
f 87//87 93//93 95//95
f 89//89 94//94 95//95
f 95//95 90//90 89//89
f 91//91 96//96 92//92
f 96//96 83//83 90//90
f 96//96 90//90 95//95
f 79//79 80//80 81//81
f 99//99 101//101 97//97
f 101//101 99//99 100//100
f 98//98 99//99 97//97
f 99//99 98//98 102//102
f 102//102 104//104 99//99
f 100//100 107//107 101//101
f 97//97 101//101 110//110
f 97//97 108//108 98//98
f 104//104 102//102 103//103
f 104//104 103//103 106//106
f 105//105 106//106 107//107
f 107//107 100//100 105//105
f 107//107 110//110 101//101
f 110//110 108//108 97//97
f 106//106 109//109 107//107
f 107//107 109//109 110//110
f 108//108 110//110 111//111
f 111//111 112//112 108//108
f 103//103 108//108 112//112
f 112//112 106//106 103//103
f 106//106 112//112 109//109
f 111//111 110//110 109//109
f 121//121 117//117 113//113
f 117//117 122//122 113//113
f 119//119 120//120 116//116
f 120//120 121//121 116//116
f 120//120 124//124 121//121
f 118//118 122//122 123//123
f 118//118 119//119 115//115
f 124//124 120//120 123//123
f 124//124 123//123 117//117
f 114//114 116//116 113//113
f 127//127 133//133 131//131
f 131//131 129//129 127//127
f 128//128 127//127 130//130
f 128//128 133//133 127//127
f 132//132 130//130 127//127
f 126//126 134//134 133//133
f 137//137 132//132 129//129
f 136//136 138//138 128//128
f 137//137 131//131 139//139
f 137//137 140//140 132//132
f 140//140 135//135 132//132
f 135//135 136//136 130//130
f 126//126 138//138 143//143
f 143//143 142//142 126//126
f 141//141 136//136 135//135
f 136//136 141//141 138//138
f 140//140 139//139 125//125
f 125//125 135//135 140//140
f 125//125 142//142 143//143
f 125//125 139//139 142//142
f 141//141 143//143 138//138
f 144//144 149//149 151//151
f 151//151 145//145 144//144
f 144//144 146//146 148//148
f 144//144 156//156 146//146
f 149//149 150//150 151//151
f 155//155 145//145 151//151
f 155//155 152//152 145//145
f 152//152 156//156 145//145
f 148//148 147//147 149//149
f 156//156 161//161 153//153
f 153//153 154//154 146//146
f 146//146 154//154 148//148
f 154//154 157//157 147//147
f 158//158 150//150 149//149
f 159//159 155//155 150//150
f 155//155 160//160 152//152
f 157//157 158//158 147//147
f 161//161 156//156 152//152
f 163//163 158//158 162//162
f 158//158 157//157 162//162
f 162//162 161//161 160//160
f 154//154 162//162 157//157
f 168//168 174//174 164//164
f 164//164 171//171 167//167
f 171//171 166//166 167//167
f 166//166 171//171 169//169
f 169//169 172//172 170//170
f 170//170 172//172 174//174
f 165//165 173//173 171//171
f 176//176 172//172 173//173
f 172//172 175//175 174//174
f 165//165 176//176 173//173
f 175//175 172//172 176//176
f 169//169 173//173 172//172
f 178//178 186//186 177//177
f 179//179 181//181 182//182
f 179//179 178//178 180//180
f 182//182 183//183 184//184
f 180//180 178//178 177//177
f 177//177 187//187 180//180
f 181//181 187//187 183//183
f 185//185 178//178 184//184
f 188//188 186//186 185//185
f 181//181 179//179 180//180
f 193//193 192//192 194//194
f 303//303 192//192 193//193
f 420//420 211//211 210//210
f 213//213 352//352 449//449
f 423//423 215//215 214//214
f 476//476 219//219 217//217
f 198//198 477//477 232//232
f 456//456 233//233 453//453
f 462//462 460//460 461//461
f 301//301 300//300 243//243
f 462//462 247//247 460//460
f 241//241 466//466 248//248
f 303//303 241//241 192//192
f 458//458 239//239 238//238
f 232//232 231//231 198//198
f 224//224 256//256 304//304
f 198//198 295//295 258//258
f 459//459 258//258 295//295
f 194//194 192//192 259//259
f 195//195 260//260 261//261
f 261//261 260//260 262//262
f 287//287 271//271 269//269
f 273//273 191//191 288//288
f 289//289 249//249 273//273
f 200//200 237//237 275//275
f 276//276 277//277 274//274
f 239//239 190//190 284//284
f 275//275 279//279 292//292
f 274//274 283//283 282//282
f 289//289 273//273 288//288
f 280//280 296//296 299//299
f 294//294 279//279 299//299
f 279//279 234//234 293//293
f 231//231 232//232 294//294
f 295//295 231//231 294//294
f 465//465 459//459 263//263
f 459//459 297//297 263//263
f 264//264 263//263 297//297
f 265//265 268//268 282//282
f 276//276 282//282 298//298
f 280//280 459//459 296//296
f 269//269 270//270 190//190
f 285//285 300//300 301//301
f 189//189 285//285 301//301
f 264//264 266//266 302//302
f 224//224 305//305 223//223
f 223//223 305//305 434//434
f 434//434 305//305 222//222
f 201//201 311//311 312//312
f 341//341 316//316 471//471
f 369//369 318//318 474//474
f 320//320 335//335 309//309
f 229//229 326//326 257//257
f 458//458 329//329 330//330
f 325//325 196//196 324//324
f 475//475 335//335 336//336
f 474//474 336//336 369//369
f 334//334 333//333 338//338
f 345//345 484//484 344//344
f 347//347 346//346 202//202
f 202//202 346//346 379//379
f 439//439 220//220 218//218
f 450//450 394//394 355//355
f 356//356 357//357 358//358
f 360//360 385//385 349//349
f 340//340 436//436 368//368
f 333//333 370//370 338//338
f 403//403 374//374 373//373
f 428//428 374//374 403//403
f 431//431 432//432 379//379
f 380//380 440//440 438//438
f 409//409 384//384 433//433
f 442//442 383//383 361//361
f 361//361 383//383 411//411
f 391//391 388//388 389//389
f 450//450 355//355 390//390
f 210//210 417//417 420//420
f 419//419 213//213 212//212
f 397//397 424//424 221//221
f 371//371 402//402 370//370
f 373//373 228//228 403//403
f 430//430 378//378 364//364
f 422//422 377//377 365//365
f 411//411 383//383 410//410
f 415//415 414//414 412//412
f 389//389 388//388 205//205
f 353//353 413//413 206//206
f 415//415 392//392 414//414
f 364//364 398//398 396//396
f 219//219 424//424 397//397
f 437//437 427//427 400//400
f 366//366 400//400 426//426
f 409//409 418//418 417//417
f 416//416 415//415 360//360
f 381//381 420//420 418//418
f 431//431 419//419 212//212
f 396//396 351//351 430//430
f 226//226 228//228 227//227
f 224//224 400//400 225//225
f 223//223 400//400 224//224
f 434//434 400//400 223//223
f 221//221 424//424 435//435
f 434//434 222//222 399//399
f 336//336 338//338 369//369
f 405//405 367//367 341//341
f 203//203 366//366 426//426
f 378//378 342//342 203//203
f 382//382 439//439 218//218
f 412//412 351//351 349//349
f 443//443 446//446 444//444
f 359//359 447//447 451//451
f 449//449 352//352 448//448
f 390//390 449//449 448//448
f 353//353 206//206 207//207
f 356//356 451//451 357//357
f 447//447 357//357 451//451
f 361//361 360//360 349//349
f 431//431 379//379 346//346
f 198//198 197//197 477//477
f 323//323 236//236 457//457
f 458//458 236//236 323//323
f 301//301 243//243 463//463
f 189//189 301//301 464//464
f 266//266 461//461 302//302
f 463//463 464//464 301//301
f 467//467 455//455 322//322
f 322//322 455//455 331//331
f 457//457 305//305 304//304
f 224//224 304//304 305//305
f 305//305 481//481 222//222
f 482//482 217//217 308//308
f 347//347 475//475 345//345
f 202//202 477//477 309//309
f 320//320 309//309 477//477
f 306//306 479//479 221//221
f 322//322 331//331 332//332
f 305//305 457//457 481//481
f 482//482 308//308 321//321
f 483//483 484//484 345//345
f 483//483 473//473 484//484
f 478//478 476//476 482//482
f 321//321 479//479 478//478
f 475//475 309//309 335//335
f 314//314 470//470 315//315
f 248//248 192//192 241//241
f 194//194 259//259 193//193
f 210//210 211//211 209//209
f 449//449 212//212 213//213
f 348//348 441//441 349//349
f 348//348 398//398 216//216
f 307//307 399//399 222//222
f 226//226 255//255 429//429
f 227//227 228//228 401//401
f 197//197 198//198 230//230
f 199//199 235//235 234//234
f 293//293 234//234 235//235
f 293//293 235//235 237//237
f 237//237 200//200 293//293
f 250//250 458//458 238//238
f 239//239 458//458 330//330
f 330//330 240//240 239//239
f 246//246 242//242 244//244
f 272//272 246//246 244//244
f 230//230 198//198 258//258
f 258//258 251//251 230//230
f 252//252 254//254 229//229
f 401//401 253//253 227//227
f 226//226 253//253 255//255
f 224//224 225//225 256//256
f 253//253 226//226 227//227
f 252//252 257//257 328//328
f 328//328 254//254 252//252
f 252//252 229//229 257//257
f 261//261 262//262 195//195
f 302//302 465//465 263//263
f 242//242 272//272 244//244
f 288//288 191//191 245//245
f 273//273 249//249 191//191
f 286//286 239//239 240//240
f 238//238 239//239 284//284
f 278//278 274//274 277//277
f 284//284 250//250 238//238
f 190//190 239//239 286//286
f 278//278 277//277 281//281
f 277//277 290//290 281//281
f 279//279 280//280 299//299
f 290//290 291//291 281//281
f 290//290 277//277 276//276
f 282//282 283//283 265//265
f 270//270 284//284 190//190
f 240//240 269//269 286//286
f 288//288 245//245 289//289
f 269//269 240//240 287//287
f 286//286 269//269 190//190
f 189//189 267//267 285//285
f 298//298 290//290 276//276
f 292//292 293//293 200//200
f 295//295 198//198 231//231
f 296//296 459//459 295//295
f 263//263 264//264 302//302
f 268//268 298//298 282//282
f 265//265 283//283 268//268
f 298//298 291//291 290//290
f 296//296 295//295 299//299
f 299//299 295//295 294//294
f 293//293 292//292 279//279
f 267//267 189//189 464//464
f 282//282 276//276 274//274
f 463//463 267//267 464//464
f 325//325 327//327 196//196
f 222//222 481//481 307//307
f 221//221 321//321 308//308
f 309//309 475//475 202//202
f 310//310 311//311 201//201
f 311//311 310//310 312//312
f 202//202 475//475 347//347
f 343//343 362//362 313//313
f 472//472 337//337 317//317
f 320//320 334//334 335//335
f 320//320 477//477 334//334
f 457//457 304//304 323//323
f 323//323 329//329 458//458
f 257//257 326//326 328//328
f 329//329 304//304 256//256
f 329//329 323//323 304//304
f 324//324 327//327 325//325
f 331//331 452//452 332//332
f 230//230 371//371 197//197
f 197//197 333//333 477//477
f 333//333 334//334 477//477
f 337//337 472//472 319//319
f 340//340 471//471 317//317
f 341//341 367//367 316//316
f 471//471 340//340 341//341
f 340//340 317//317 337//337
f 339//339 337//337 319//319
f 338//338 335//335 334//334
f 338//338 336//336 335//335
f 436//436 337//337 339//339
f 436//436 340//340 337//337
f 366//366 203//203 342//342
f 314//314 363//363 343//343
f 218//218 220//220 438//438
f 215//215 350//350 214//214
f 350//350 421//421 214//214
f 213//213 450//450 352//352
f 208//208 207//207 206//206
f 358//358 387//387 356//356
f 361//361 441//441 442//442
f 438//438 440//440 218//218
f 347//347 345//345 344//344
f 406//406 362//362 377//377
f 377//377 422//422 406//406
f 377//377 343//343 363//363
f 203//203 426//426 425//425
f 372//372 369//369 338//338
f 333//333 371//371 370//370
f 370//370 402//402 372//372
f 372//372 338//338 370//370
f 319//319 375//375 339//339
f 376//376 436//436 339//339
f 376//376 368//368 436//436
f 203//203 425//425 364//364
f 377//377 363//363 365//365
f 347//347 344//344 408//408
f 346//346 408//408 393//393
f 438//438 220//220 380//380
f 440//440 380//380 382//382
f 433//433 418//418 409//409
f 412//412 385//385 415//415
f 359//359 445//445 386//386
f 358//358 359//359 386//386
f 386//386 387//387 358//358
f 390//390 448//448 450//450
f 204//204 391//391 205//205
f 413//413 208//208 206//206
f 394//394 213//213 393//393
f 407//407 394//394 393//393
f 446//446 395//395 444//444
f 214//214 422//422 423//423
f 351//351 396//396 349//349
f 396//396 348//348 349//349
f 219//219 397//397 217//217
f 307//307 425//425 399//399
f 426//426 400//400 434//434
f 373//373 401//401 228//228
f 371//371 230//230 251//251
f 333//333 197//197 371//371
f 371//371 251//251 402//402
f 403//403 429//429 428//428
f 376//376 339//339 375//375
f 375//375 404//404 376//376
f 368//368 376//376 405//405
f 400//400 366//366 437//437
f 364//364 396//396 430//430
f 344//344 407//407 408//408
f 393//393 431//431 346//346
f 433//433 384//384 381//381
f 392//392 415//415 416//416
f 416//416 410//410 392//392
f 209//209 417//417 210//210
f 420//420 417//417 418//418
f 419//419 431//431 213//213
f 431//431 393//393 213//213
f 422//422 214//214 421//421
f 398//398 348//348 396//396
f 398//398 364//364 425//425
f 425//425 307//307 398//398
f 425//425 426//426 399//399
f 434//434 399//399 426//426
f 255//255 428//428 429//429
f 429//429 403//403 228//228
f 404//404 405//405 376//376
f 350//350 406//406 422//422
f 422//422 421//421 350//350
f 407//407 393//393 408//408
f 417//417 209//209 409//409
f 410//410 360//360 411//411
f 415//415 385//385 360//360
f 388//388 204//204 205//205
f 360//360 410//410 416//416
f 418//418 433//433 381//381
f 212//212 432//432 431//431
f 422//422 365//365 423//423
f 353//353 354//354 413//413
f 228//228 226//226 429//429
f 427//427 225//225 400//400
f 397//397 308//308 217//217
f 221//221 308//308 397//397
f 391//391 389//389 205//205
f 368//368 341//341 340//340
f 342//342 437//437 366//366
f 341//341 368//368 405//405
f 203//203 364//364 378//378
f 363//363 314//314 315//315
f 315//315 365//365 363//363
f 343//343 377//377 362//362
f 347//347 408//408 346//346
f 218//218 440//440 382//382
f 441//441 348//348 216//216
f 216//216 442//442 441//441
f 361//361 349//349 441//441
f 395//395 443//443 444//444
f 451//451 445//445 359//359
f 213//213 394//394 450//450
f 207//207 354//354 353//353
f 448//448 352//352 450//450
f 357//357 447//447 358//358
f 447//447 359//359 358//358
f 349//349 385//385 412//412
f 361//361 411//411 360//360
f 233//233 454//454 453//453
f 453//453 454//454 456//456
f 458//458 250//250 236//236
f 247//247 459//459 460//460
f 266//266 462//462 461//461
f 460//460 465//465 302//302
f 193//193 466//466 241//241
f 241//241 303//303 193//193
f 465//465 460//460 459//459
f 302//302 461//461 460//460
f 455//455 452//452 331//331
f 221//221 435//435 306//306
f 313//313 468//468 343//343
f 468//468 314//314 343//343
f 314//314 468//468 470//470
f 469//469 317//317 471//471
f 469//469 472//472 317//317
f 483//483 474//474 473//473
f 478//478 482//482 321//321
f 332//332 480//480 322//322
f 322//322 480//480 467//467
f 221//221 479//479 321//321
f 482//482 476//476 217//217
f 345//345 475//475 483//483
f 313//313 470//470 468//468
f 483//483 475//475 474//474
f 336//336 474//474 475//475
f 318//318 473//473 474//474
f 471//471 316//316 469//469
f 269//269 271//271 270//270
f 234//234 279//279 199//199
f 200//200 275//275 292//292
f 595//595 545//545 489//489
f 493//493 492//492 491//491
f 553//553 493//493 551//551
f 503//503 504//504 501//501
f 560//560 504//504 558//558
f 504//504 560//560 505//505
f 505//505 562//562 508//508
f 507//507 530//530 506//506
f 509//509 507//507 506//506
f 509//509 511//511 526//526
f 523//523 512//512 566//566
f 523//523 513//513 514//514
f 568//568 570//570 522//522
f 522//522 571//571 516//516
f 516//516 571//571 515//515
f 518//518 519//519 575//575
f 575//575 519//519 574//574
f 517//517 575//575 516//516
f 523//523 522//522 524//524
f 526//526 523//523 525//525
f 509//509 526//526 527//527
f 528//528 507//507 527//527
f 509//509 527//527 507//507
f 530//530 528//528 581//581
f 508//508 529//529 533//533
f 531//531 533//533 529//529
f 535//535 504//504 534//534
f 536//536 504//504 535//535
f 504//504 536//536 501//501
f 539//539 499//499 538//538
f 500//500 538//538 499//499
f 543//543 492//492 541//541
f 544//544 490//490 542//542
f 545//545 490//490 544//544
f 489//489 547//547 594//594
f 489//489 594//594 595//595
f 545//545 595//595 548//548
f 551//551 550//550 549//549
f 495//495 494//494 552//552
f 555//555 554//554 600//600
f 603//603 502//502 555//555
f 556//556 502//502 603//603
f 502//502 556//556 558//558
f 560//560 561//561 562//562
f 610//610 611//611 562//562
f 562//562 611//611 563//563
f 564//564 508//508 563//563
f 565//565 510//510 506//506
f 510//510 565//565 511//511
f 511//511 565//565 566//566
f 567//567 566//566 565//565
f 513//513 566//566 567//567
f 569//569 513//513 567//567
f 517//517 515//515 518//518
f 519//519 572//572 674//674
f 629//629 577//577 576//576
f 524//524 576//576 577//577
f 524//524 577//577 579//579
f 578//578 579//579 577//577
f 578//578 631//631 579//579
f 528//528 527//527 580//580
f 581//581 528//528 580//580
f 584//584 531//531 532//532
f 535//535 531//531 584//584
f 585//585 535//535 584//584
f 537//537 586//586 538//538
f 640//640 539//539 586//586
f 538//538 586//586 539//539
f 641//641 497//497 587//587
f 588//588 540//540 641//641
f 497//497 641//641 540//540
f 541//541 588//588 589//589
f 590//590 543//543 589//589
f 644//644 544//544 590//590
f 543//543 590//590 544//544
f 545//545 544//544 489//489
f 548//548 596//596 597//597
f 490//490 548//548 549//549
f 551//551 652//652 553//553
f 552//552 655//655 599//599
f 601//601 600//600 599//599
f 603//603 555//555 601//601
f 604//604 603//603 601//601
f 603//603 604//604 605//605
f 557//557 605//605 604//604
f 556//556 605//605 557//557
f 558//558 557//557 606//606
f 563//563 611//611 665//665
f 665//665 612//612 563//563
f 563//563 612//612 564//564
f 506//506 613//613 615//615
f 616//616 567//567 615//615
f 671//671 617//617 569//569
f 618//618 617//617 672//672
f 515//515 571//571 620//620
f 572//572 518//518 620//620
f 673//673 674//674 621//621
f 519//519 674//674 622//622
f 519//519 622//622 520//520
f 625//625 623//623 624//624
f 626//626 573//573 625//625
f 521//521 573//573 626//626
f 576//576 628//628 629//629
f 630//630 578//578 629//629
f 632//632 580//580 631//631
f 633//633 582//582 632//632
f 634//634 582//582 633//633
f 582//582 634//634 635//635
f 639//639 636//636 634//634
f 638//638 584//584 532//532
f 485//485 638//638 637//637
f 637//637 586//586 485//485
f 642//642 641//641 691//691
f 642//642 589//589 641//641
f 643//643 589//589 642//642
f 589//589 643//643 590//590
f 596//596 648//648 698//698
f 698//698 597//597 596//596
f 649//649 699//699 597//597
f 598//598 650//650 651//651
f 602//602 655//655 656//656
f 657//657 602//602 656//656
f 660//660 604//604 658//658
f 659//659 660//660 658//658
f 661//661 660//660 659//659
f 706//706 606//606 660//660
f 559//559 706//706 607//607
f 707//707 708//708 607//607
f 607//607 662//662 609//609
f 711//711 663//663 609//609
f 609//609 663//663 610//610
f 610//610 663//663 664//664
f 666//666 665//665 664//664
f 714//714 665//665 666//666
f 614//614 612//612 665//665
f 670//670 615//615 613//613
f 615//615 670//670 616//616
f 764//764 718//718 671//671
f 617//617 671//671 718//718
f 619//619 672//672 720//720
f 720//720 719//719 619//619
f 675//675 723//723 520//520
f 623//623 520//520 723//723
f 623//623 723//723 624//624
f 625//625 624//624 676//676
f 574//574 626//626 678//678
f 628//628 627//627 728//728
f 680//680 679//679 729//729
f 680//680 629//629 679//679
f 629//629 680//680 630//630
f 681//681 630//630 680//680
f 685//685 633//633 684//684
f 633//633 685//685 686//686
f 687//687 686//686 685//685
f 639//639 687//687 688//688
f 736//736 691//691 689//689
f 691//691 736//736 643//643
f 692//692 643//643 736//736
f 644//644 693//693 694//694
f 696//696 646//646 695//695
f 546//546 646//646 696//696
f 697//697 647//647 593//593
f 796//796 742//742 647//647
f 742//742 698//698 647//647
f 648//648 647//647 698//698
f 597//597 698//698 649//649
f 552//552 653//653 654//654
f 702//702 747//747 654//654
f 747//747 703//703 654//654
f 703//703 748//748 656//656
f 656//656 704//704 657//657
f 704//704 705//705 657//657
f 659//659 657//657 705//705
f 750//750 659//659 705//705
f 707//707 706//706 752//752
f 666//666 713//713 712//712
f 714//714 666//666 712//712
f 669//669 716//716 667//667
f 670//670 667//667 717//717
f 767//767 720//720 672//672
f 768//768 721//721 719//719
f 673//673 719//719 721//721
f 674//674 673//673 722//722
f 770//770 622//622 674//674
f 726//726 676//676 725//725
f 677//677 726//726 774//774
f 625//625 726//726 677//677
f 727//727 678//678 777//777
f 678//678 727//727 779//779
f 785//785 680//680 729//729
f 681//681 680//680 785//785
f 730//730 681//681 785//785
f 732//732 683//683 731//731
f 734//734 685//685 732//732
f 735//735 689//689 690//690
f 689//689 735//735 736//736
f 737//737 692//692 736//736
f 693//693 692//692 737//737
f 837//837 740//740 696//696
f 793//793 696//696 740//740
f 546//546 696//696 793//793
f 845//845 796//796 741//741
f 647//647 741//741 796//796
f 698//698 742//742 743//743
f 700//700 699//699 745//745
f 653//653 701//701 702//702
f 799//799 747//747 702//702
f 703//703 747//747 801//801
f 705//705 749//749 750//750
f 806//806 750//750 749//749
f 751//751 750//750 806//806
f 750//750 751//751 752//752
f 753//753 752//752 751//751
f 754//754 752//752 753//753
f 809//809 755//755 754//754
f 709//709 754//754 755//755
f 756//756 709//709 755//755
f 710//710 709//709 756//756
f 814//814 757//757 756//756
f 758//758 757//757 814//814
f 758//758 712//712 757//757
f 712//712 758//758 760//760
f 760//760 761//761 715//715
f 762//762 715//715 761//761
f 716//716 762//762 763//763
f 719//719 767//767 768//768
f 676//676 723//723 772//772
f 724//724 772//772 822//822
f 823//823 725//725 724//724
f 774//774 725//725 823//823
f 677//677 774//774 775//775
f 778//778 777//777 775//775
f 727//727 777//777 778//778
f 829//829 782//782 780//780
f 781//781 782//782 829//829
f 784//784 785//785 783//783
f 786//786 785//785 784//784
f 733//733 731//731 786//786
f 730//730 786//786 731//731
f 833//833 788//788 735//735
f 694//694 789//789 790//790
f 835//835 791//791 790//790
f 836//836 792//792 739//739
f 741//741 794//794 844//844
f 796//796 845//845 795//795
f 742//742 796//796 846//846
f 846//846 743//743 742//742
f 744//744 743//743 847//847
f 699//699 797//797 746//746
f 701//701 746//746 798//798
f 802//802 748//748 801//801
f 749//749 804//804 853//853
f 805//805 749//749 853//853
f 807//807 806//806 805//805
f 807//807 751//751 806//806
f 751//751 807//807 808//808
f 811//811 812//812 809//809
f 812//812 756//756 809//809
f 756//756 812//812 813//813
f 859//859 813//813 812//812
f 863//863 814//814 813//813
f 816//816 758//758 863//863
f 763//763 761//761 865//865
f 763//763 867//867 817//817
f 765//765 817//817 870//870
f 765//765 870//870 871//871
f 766//766 765//765 871//871
f 766//766 871//871 818//818
f 819//819 768//768 818//818
f 721//721 819//819 722//722
f 874//874 820//820 722//722
f 876//876 773//773 822//822
f 823//823 773//773 876//876
f 774//774 823//823 824//824
f 776//776 775//775 825//825
f 776//776 826//826 775//775
f 775//775 826//826 778//778
f 827//827 778//778 826//826
f 828//828 778//778 827//827
f 778//778 828//828 779//779
f 779//779 828//828 780//780
f 829//829 780//780 828//828
f 784//784 831//831 786//786
f 786//786 831//831 832//832
f 881//881 738//738 833//833
f 788//788 833//833 738//738
f 885//885 835//835 883//883
f 792//792 836//836 886//886
f 839//839 837//837 838//838
f 840//840 839//839 838//838
f 842//842 841//841 840//840
f 844//844 889//889 843//843
f 845//845 844//844 843//843
f 847//847 846//846 894//894
f 746//746 848//848 849//849
f 940//940 851//851 850//850
f 801//801 800//800 898//898
f 899//899 802//802 898//898
f 852//852 803//803 899//899
f 804//804 803//803 852//852
f 854//854 805//805 853//853
f 805//805 854//854 807//807
f 807//807 854//854 810//810
f 809//809 810//810 811//811
f 811//811 857//857 859//859
f 859//859 861//861 863//863
f 864//864 816//816 861//861
f 816//816 864//864 865//865
f 868//868 817//817 867//867
f 817//817 868//868 912//912
f 873//873 819//819 872//872
f 873//873 874//874 819//819
f 820//820 874//874 486//486
f 769//769 875//875 821//821
f 822//822 771//771 875//875
f 918//918 822//822 875//875
f 876//876 822//822 918//918
f 919//919 824//824 876//876
f 823//823 876//876 824//824
f 825//825 774//774 877//877
f 825//825 877//877 921//921
f 776//776 825//825 878//878
f 827//827 879//879 828//828
f 927//927 828//828 879//879
f 928//928 830//830 880//880
f 488//488 880//880 830//830
f 881//881 831//831 830//830
f 831//831 881//881 833//833
f 884//884 885//885 883//883
f 835//835 885//885 926//926
f 923//923 837//837 886//886
f 837//837 923//923 838//838
f 840//840 838//838 887//887
f 840//840 887//887 888//888
f 933//933 842//842 888//888
f 889//889 793//793 934//934
f 845//845 843//843 890//890
f 845//845 890//890 891//891
f 795//795 891//891 892//892
f 846//846 795//795 893//893
f 744//744 847//847 895//895
f 487//487 896//896 895//895
f 798//798 849//849 938//938
f 850//850 798//798 940//940
f 851//851 940//940 897//897
f 942//942 898//898 897//897
f 943//943 899//899 898//898
f 901//901 902//902 903//903
f 903//903 948//948 904//904
f 905//905 906//906 857//857
f 859//859 858//858 907//907
f 861//861 860//860 862//862
f 952//952 908//908 862//862
f 954//954 909//909 908//908
f 910//910 866//866 954//954
f 866//866 910//910 867//867
f 911//911 867//867 910//910
f 912//912 868//868 911//911
f 913//913 914//914 869//869
f 870//870 869//869 914//914
f 1004//1004 769//769 916//916
f 878//878 921//921 922//922
f 924//924 878//878 922//922
f 882//882 881//881 928//928
f 929//929 885//885 884//884
f 926//926 885//885 929//929
f 926//926 930//930 886//886
f 886//886 930//930 923//923
f 838//838 931//931 932//932
f 888//888 887//887 932//932
f 842//842 933//933 934//934
f 892//892 891//891 966//966
f 968//968 894//894 893//893
f 895//895 894//894 968//968
f 939//939 940//940 938//938
f 898//898 942//942 943//943
f 945//945 946//946 900//900
f 947//947 900//900 946//946
f 900//900 947//947 902//902
f 902//902 947//947 948//948
f 904//904 948//948 949//949
f 905//905 950//950 985//985
f 951//951 905//905 985//985
f 906//906 905//905 951//951
f 907//907 906//906 951//951
f 908//908 952//952 953//953
f 908//908 953//953 954//954
f 955//955 954//954 953//953
f 910//910 954//954 955//955
f 956//956 911//911 910//910
f 913//913 912//912 956//956
f 914//914 913//913 957//957
f 914//914 957//957 958//958
f 1002//1002 873//873 958//958
f 914//914 958//958 873//873
f 959//959 916//916 915//915
f 960//960 917//917 1004//1004
f 918//918 960//960 1007//1007
f 918//918 1007//1007 961//961
f 919//919 961//961 962//962
f 922//922 921//921 964//964
f 1012//1012 932//932 964//964
f 888//888 932//932 1012//1012
f 1016//1016 935//935 1015//1015
f 937//937 1020//1020 893//893
f 1021//1021 939//939 968//968
f 941//941 969//969 970//970
f 941//941 970//970 972//972
f 972//972 970//970 971//971
f 973//973 972//972 971//971
f 972//972 973//973 974//974
f 976//976 975//975 974//974
f 977//977 978//978 975//975
f 981//981 982//982 980//980
f 987//987 984//984 983//983
f 985//985 984//984 987//987
f 986//986 985//985 987//987
f 1033//1033 1037//1037 986//986
f 989//989 986//986 1037//1037
f 992//992 991//991 990//990
f 993//993 991//991 992//992
f 955//955 995//995 996//996
f 997//997 996//996 995//995
f 996//996 997//997 999//999
f 999//999 1001//1001 958//958
f 958//958 1001//1001 1002//1002
f 873//873 1002//1002 1045//1045
f 959//959 1045//1045 1003//1003
f 1005//1005 1004//1004 1003//1003
f 1006//1006 1069//1069 1047//1047
f 960//960 1006//1006 1007//1007
f 962//962 961//961 1007//1007
f 920//920 1010//1010 1011//1011
f 964//964 920//920 1011//1011
f 965//965 1017//1017 1018//1018
f 967//967 966//966 1018//1018
f 1020//1020 937//937 1019//1019
f 1026//1026 1025//1025 1024//1024
f 1027//1027 976//976 1026//1026
f 1027//1027 1028//1028 1029//1029
f 1062//1062 1030//1030 981//981
f 1031//1031 1032//1032 1033//1033
f 1036//1036 1035//1035 1038//1038
f 1039//1039 1036//1036 1038//1038
f 1064//1064 1040//1040 994//994
f 998//998 1040//1040 1065//1065
f 1042//1042 1041//1041 1065//1065
f 1041//1041 1042//1042 1043//1043
f 1044//1044 1043//1043 1042//1042
f 1002//1002 1043//1043 1045//1045
f 1046//1046 1005//1005 1003//1003
f 1048//1048 1049//1049 1047//1047
f 1007//1007 1006//1006 1049//1049
f 1007//1007 1049//1049 1050//1050
f 1008//1008 1007//1007 1050//1050
f 1013//1013 1012//1012 1009//1009
f 1014//1014 1013//1013 1072//1072
f 1014//1014 1072//1072 1052//1052
f 1014//1014 1052//1052 1053//1053
f 1017//1017 1016//1016 1053//1053
f 1018//1018 1017//1017 1075//1075
f 1018//1018 1077//1077 1054//1054
f 1019//1019 967//967 1054//1054
f 1055//1055 1078//1078 1019//1019
f 1057//1057 1058//1058 1059//1059
f 1060//1060 1028//1028 1082//1082
f 1029//1029 1028//1028 1060//1060
f 1030//1030 1062//1062 1063//1063
f 1032//1032 1063//1063 1034//1034
f 1038//1038 1034//1034 1063//1063
f 1038//1038 1089//1089 1039//1039
f 1090//1090 1065//1065 1040//1040
f 1042//1042 1065//1065 1066//1066
f 1070//1070 1069//1069 1094//1094
f 1048//1048 1047//1047 1070//1070
f 1051//1051 1050//1050 1071//1071
f 1072//1072 1009//1009 1071//1071
f 1052//1052 1073//1073 1074//1074
f 1053//1053 1052//1052 1074//1074
f 1053//1053 1074//1074 1075//1075
f 1076//1076 1077//1077 1075//1075
f 1080//1080 1057//1057 1079//1079
f 1057//1057 1080//1080 1058//1058
f 1101//1101 1081//1081 1080//1080
f 1058//1058 1080//1080 1081//1081
f 1058//1058 1081//1081 1082//1082
f 1084//1084 1061//1061 1083//1083
f 1085//1085 1084//1084 1083//1083
f 1086//1086 1084//1084 1085//1085
f 1105//1105 1084//1084 1086//1086
f 1084//1084 1105//1105 1088//1088
f 1089//1089 1088//1088 1087//1087
f 1090//1090 1064//1064 1089//1089
f 1092//1092 1066//1066 1091//1091
f 1046//1046 1067//1067 1068//1068
f 1048//1048 1070//1070 1113//1113
f 1071//1071 1115//1115 1116//1116
f 1073//1073 1072//1072 1071//1071
f 1098//1098 1077//1077 1076//1076
f 1097//1097 1054//1054 1077//1077
f 1055//1055 1097//1097 1098//1098
f 1100//1100 1080//1080 1099//1099
f 1080//1080 1100//1100 1101//1101
f 1102//1102 1081//1081 1101//1101
f 1081//1081 1102//1102 1082//1082
f 1082//1082 1102//1102 1083//1083
f 1106//1106 1105//1105 1104//1104
f 1108//1108 1087//1087 1106//1106
f 1087//1087 1108//1108 1109//1109
f 1090//1090 1092//1092 1091//1091
f 1070//1070 1094//1094 1113//1113
f 1115//1115 1113//1113 1114//1114
f 1095//1095 1116//1116 1117//1117
f 1095//1095 1117//1117 1096//1096
f 1118//1118 1096//1096 1117//1117
f 1096//1096 1118//1118 1131//1131
f 1100//1100 1120//1120 1101//1101
f 1121//1121 1103//1103 1120//1120
f 1103//1103 1121//1121 1122//1122
f 1134//1134 1122//1122 1121//1121
f 1107//1107 1122//1122 1123//1123
f 1125//1125 1124//1124 1123//1123
f 1128//1128 1127//1127 1141//1141
f 1111//1111 1068//1068 1128//1128
f 1114//1114 1113//1113 1138//1138
f 1117//1117 1116//1116 1130//1130
f 1133//1133 1119//1119 1132//1132
f 1120//1120 1119//1119 1133//1133
f 1134//1134 1121//1121 1133//1133
f 1135//1135 1134//1134 1133//1133
f 1135//1135 1133//1133 1132//1132
f 1131//1131 1136//1136 1135//1135
f 1137//1137 1136//1136 1131//1131
f 1130//1130 1137//1137 1117//1117
f 1134//1134 1141//1141 1123//1123
f 1127//1127 1128//1128 1092//1092
f 1126//1126 1127//1127 1110//1110
f 1124//1124 1126//1126 1108//1108
f 1124//1124 1125//1125 1126//1126
f 1103//1103 1122//1122 1104//1104
f 1101//1101 1120//1120 1102//1102
f 1001//1001 1043//1043 1002//1002
f 1035//1035 1037//1037 1033//1033
f 983//983 982//982 1031//1031
f 978//978 977//977 1029//1029
f 973//973 1026//1026 976//976
f 1024//1024 1025//1025 973//973
f 971//971 1024//1024 973//973
f 970//970 1024//1024 971//971
f 970//970 1023//1023 1024//1024
f 1000//1000 999//999 957//957
f 996//996 1000//1000 956//956
f 955//955 996//996 956//956
f 993//993 995//995 955//955
f 952//952 991//991 993//993
f 988//988 989//989 952//952
f 983//983 984//984 950//950
f 980//980 983//983 949//949
f 948//948 947//947 980//980
f 978//978 980//980 947//947
f 945//945 978//978 947//947
f 942//942 972//972 944//944
f 941//941 972//972 942//942
f 923//923 922//922 964//964
f 928//928 884//884 882//882
f 485//485 537//537 638//638
f 874//874 915//915 486//486
f 548//548 490//490 545//545
f 490//490 550//550 491//491
f 492//492 542//542 491//491
f 491//491 551//551 493//493
f 553//553 540//540 493//493
f 494//494 495//495 496//496
f 496//496 497//497 494//494
f 498//498 539//539 496//496
f 501//501 500//500 498//498
f 498//498 502//502 501//501
f 501//501 558//558 503//503
f 503//503 558//558 504//504
f 558//558 559//559 560//560
f 505//505 534//534 504//504
f 560//560 562//562 505//505
f 507//507 528//528 530//530
f 508//508 562//562 563//563
f 510//510 511//511 509//509
f 511//511 512//512 526//526
f 512//512 523//523 526//526
f 512//512 511//511 566//566
f 566//566 513//513 523//523
f 514//514 568//568 522//522
f 570//570 571//571 522//522
f 515//515 517//517 516//516
f 575//575 517//517 518//518
f 519//519 520//520 521//521
f 521//521 574//574 519//519
f 516//516 575//575 627//627
f 522//522 516//516 628//628
f 524//524 522//522 576//576
f 523//523 514//514 522//522
f 523//523 579//579 525//525
f 526//526 580//580 527//527
f 533//533 505//505 508//508
f 529//529 532//532 531//531
f 533//533 531//531 534//534
f 534//534 505//505 533//533
f 534//534 531//531 535//535
f 536//536 585//585 500//500
f 500//500 537//537 538//538
f 500//500 501//501 536//536
f 499//499 498//498 500//500
f 539//539 640//640 497//497
f 539//539 498//498 499//499
f 497//497 496//496 539//539
f 540//540 553//553 497//497
f 540//540 541//541 492//492
f 492//492 543//543 542//542
f 492//492 493//493 540//540
f 542//542 543//543 544//544
f 490//490 491//491 542//542
f 592//592 547//547 489//489
f 547//547 592//592 546//546
f 549//549 550//550 490//490
f 551//551 491//491 550//550
f 552//552 599//599 495//495
f 495//495 600//600 496//496
f 496//496 600//600 554//554
f 554//554 498//498 496//496
f 600//600 601//601 555//555
f 554//554 555//555 502//502
f 502//502 498//498 554//554
f 603//603 605//605 556//556
f 558//558 501//501 502//502
f 558//558 556//556 557//557
f 561//561 608//608 562//562
f 562//562 608//608 610//610
f 506//506 510//510 509//509
f 513//513 568//568 514//514
f 513//513 569//569 568//568
f 569//569 570//570 568//568
f 570//570 569//569 618//618
f 519//519 518//518 572//572
f 572//572 621//621 674//674
f 623//623 573//573 520//520
f 573//573 521//521 520//520
f 575//575 574//574 627//627
f 627//627 628//628 516//516
f 628//628 576//576 522//522
f 579//579 523//523 524//524
f 579//579 631//631 525//525
f 525//525 631//631 580//580
f 580//580 526//526 525//525
f 580//580 632//632 582//582
f 580//580 582//582 581//581
f 581//581 582//582 583//583
f 583//583 530//530 581//581
f 582//582 635//635 583//583
f 584//584 638//638 585//585
f 585//585 638//638 537//537
f 585//585 536//536 535//535
f 537//537 485//485 586//586
f 537//537 500//500 585//585
f 541//541 540//540 588//588
f 541//541 589//589 543//543
f 644//644 489//489 544//544
f 489//489 644//644 591//591
f 591//591 592//592 489//489
f 593//593 594//594 547//547
f 594//594 593//593 648//648
f 648//648 595//595 594//594
f 595//595 648//648 596//596
f 596//596 548//548 595//595
f 597//597 549//549 548//548
f 549//549 597//597 650//650
f 598//598 551//551 549//549
f 551//551 598//598 652//652
f 600//600 495//495 599//599
f 599//599 602//602 601//601
f 557//557 660//660 606//606
f 606//606 559//559 558//558
f 559//559 606//606 706//706
f 561//561 560//560 559//559
f 561//561 559//559 607//607
f 607//607 608//608 561//561
f 609//609 610//610 608//608
f 612//612 668//668 564//564
f 615//615 565//565 506//506
f 612//612 614//614 668//668
f 615//615 567//567 565//565
f 616//616 569//569 567//567
f 569//569 616//616 671//671
f 617//617 618//618 569//569
f 618//618 571//571 570//570
f 618//618 619//619 571//571
f 619//619 620//620 571//571
f 620//620 518//518 515//515
f 621//621 572//572 620//620
f 625//625 573//573 623//623
f 625//625 678//678 626//626
f 628//628 679//679 629//629
f 577//577 629//629 578//578
f 630//630 631//631 578//578
f 630//630 682//682 631//631
f 631//631 682//682 632//632
f 632//632 684//684 633//633
f 635//635 634//634 636//636
f 636//636 583//583 635//635
f 634//634 686//686 639//639
f 532//532 637//637 638//638
f 586//586 637//637 640//640
f 587//587 688//688 641//641
f 688//688 689//689 641//641
f 589//589 588//588 641//641
f 643//643 693//693 590//590
f 644//644 645//645 591//591
f 645//645 592//592 591//591
f 645//645 646//646 592//592
f 646//646 645//645 695//695
f 646//646 546//546 592//592
f 546//546 697//697 593//593
f 546//546 593//593 547//547
f 647//647 648//648 593//593
f 699//699 650//650 597//597
f 650//650 598//598 549//549
f 651//651 652//652 598//598
f 654//654 655//655 552//552
f 602//602 599//599 655//655
f 602//602 657//657 658//658
f 658//658 601//601 602//602
f 604//604 601//601 658//658
f 660//660 557//557 604//604
f 660//660 661//661 706//706
f 607//607 706//706 707//707
f 607//607 708//708 710//710
f 710//710 662//662 607//607
f 609//609 608//608 607//607
f 609//609 662//662 711//711
f 663//663 713//713 664//664
f 664//664 665//665 610//610
f 665//665 611//611 610//610
f 665//665 714//714 614//614
f 614//614 669//669 668//668
f 613//613 667//667 670//670
f 670//670 671//671 616//616
f 671//671 670//670 764//764
f 617//617 718//718 672//672
f 672//672 619//619 618//618
f 719//719 620//620 619//619
f 719//719 621//621 620//620
f 621//621 719//719 673//673
f 675//675 520//520 622//622
f 624//624 723//723 676//676
f 676//676 726//726 625//625
f 677//677 678//678 625//625
f 626//626 574//574 521//521
f 678//678 627//627 574//574
f 678//678 780//780 627//627
f 728//728 679//679 628//628
f 679//679 728//728 729//729
f 630//630 681//681 682//682
f 682//682 731//731 683//683
f 682//682 683//683 684//684
f 684//684 632//632 682//682
f 684//684 732//732 685//685
f 686//686 634//634 633//633
f 685//685 734//734 687//687
f 686//686 687//687 639//639
f 688//688 587//587 639//639
f 687//687 690//690 688//688
f 688//688 690//690 689//689
f 691//691 641//641 689//689
f 643//643 642//642 691//691
f 643//643 692//692 693//693
f 644//644 590//590 693//693
f 645//645 644//644 694//694
f 645//645 694//694 695//695
f 695//695 739//739 696//696
f 797//797 699//699 649//649
f 699//699 651//651 650//650
f 699//699 700//700 651//651
f 700//700 745//745 651//651
f 745//745 652//652 651//651
f 654//654 653//653 702//702
f 703//703 655//655 654//654
f 703//703 656//656 655//655
f 656//656 748//748 704//704
f 704//704 748//748 705//705
f 659//659 658//658 657//657
f 659//659 750//750 661//661
f 661//661 752//752 706//706
f 754//754 708//708 707//707
f 708//708 754//754 709//709
f 708//708 709//709 710//710
f 710//710 711//711 662//662
f 711//711 713//713 663//663
f 711//711 757//757 712//712
f 711//711 712//712 713//713
f 666//666 664//664 713//713
f 712//712 760//760 714//714
f 669//669 614//614 714//714
f 714//714 715//715 669//669
f 669//669 715//715 762//762
f 762//762 716//716 669//669
f 667//667 668//668 669//669
f 667//667 716//716 717//717
f 717//717 764//764 670//670
f 672//672 718//718 767//767
f 720//720 767//767 719//719
f 673//673 721//721 722//722
f 674//674 722//722 770//770
f 770//770 675//675 622//622
f 675//675 770//770 723//723
f 676//676 772//772 724//724
f 724//724 725//725 676//676
f 677//677 775//775 777//777
f 677//677 777//777 678//678
f 779//779 780//780 678//678
f 780//780 782//782 728//728
f 728//728 627//627 780//780
f 728//728 781//781 729//729
f 681//681 730//730 731//731
f 731//731 682//682 681//681
f 732//732 684//684 683//683
f 734//734 690//690 687//687
f 690//690 787//787 735//735
f 736//736 735//735 788//788
f 736//736 788//788 737//737
f 788//788 738//738 737//737
f 737//737 738//738 694//694
f 694//694 693//693 737//737
f 791//791 695//695 694//694
f 695//695 791//791 739//739
f 696//696 739//739 837//837
f 793//793 697//697 546//546
f 793//793 794//794 697//697
f 697//697 794//794 741//741
f 741//741 647//647 697//697
f 743//743 744//744 698//698
f 744//744 649//649 698//698
f 797//797 649//649 744//744
f 799//799 702//702 701//701
f 801//801 748//748 703//703
f 804//804 705//705 748//748
f 705//705 804//804 749//749
f 752//752 661//661 750//750
f 751//751 808//808 753//753
f 754//754 707//707 752//752
f 753//753 809//809 754//754
f 756//756 757//757 710//710
f 757//757 711//711 710//710
f 758//758 759//759 760//760
f 715//715 714//714 760//760
f 760//760 815//815 761//761
f 763//763 717//717 716//716
f 817//817 764//764 717//717
f 817//817 718//718 764//764
f 718//718 817//817 765//765
f 765//765 766//766 718//718
f 766//766 767//767 718//718
f 767//767 766//766 768//768
f 770//770 722//722 820//820
f 770//770 820//820 769//769
f 723//723 770//770 769//769
f 723//723 769//769 821//821
f 821//821 772//772 723//723
f 772//772 821//821 771//771
f 822//822 773//773 724//724
f 724//724 773//773 823//823
f 725//725 774//774 726//726
f 727//727 778//778 779//779
f 781//781 728//728 782//782
f 781//781 488//488 783//783
f 783//783 729//729 781//781
f 785//785 729//729 783//783
f 785//785 786//786 730//730
f 786//786 832//832 733//733
f 733//733 732//732 731//731
f 734//734 732//732 733//733
f 733//733 690//690 734//734
f 690//690 733//733 787//787
f 735//735 787//787 833//833
f 738//738 834//834 789//789
f 789//789 694//694 738//738
f 790//790 791//791 694//694
f 739//739 791//791 836//836
f 792//792 837//837 739//739
f 837//837 839//839 840//840
f 840//840 740//740 837//837
f 840//840 841//841 740//740
f 740//740 841//841 793//793
f 741//741 844//844 845//845
f 797//797 744//744 848//848
f 848//848 746//746 797//797
f 746//746 745//745 699//699
f 798//798 799//799 701//701
f 747//747 799//799 851//851
f 800//800 801//801 747//747
f 899//899 804//804 748//748
f 899//899 803//803 804//804
f 749//749 805//805 806//806
f 810//810 753//753 808//808
f 808//808 807//807 810//810
f 809//809 753//753 810//810
f 756//756 755//755 809//809
f 814//814 756//756 813//813
f 814//814 863//863 758//758
f 758//758 816//816 759//759
f 759//759 816//816 815//815
f 815//815 760//760 759//759
f 761//761 815//815 816//816
f 761//761 763//763 762//762
f 865//865 867//867 763//763
f 817//817 717//717 763//763
f 818//818 768//768 766//766
f 819//819 721//721 768//768
f 722//722 819//819 874//874
f 771//771 822//822 772//772
f 825//825 775//775 774//774
f 776//776 878//878 826//826
f 828//828 880//880 829//829
f 829//829 880//880 488//488
f 488//488 781//781 829//829
f 784//784 783//783 488//488
f 784//784 830//830 831//831
f 831//831 833//833 832//832
f 787//787 733//733 832//832
f 787//787 832//832 833//833
f 881//881 834//834 738//738
f 834//834 883//883 789//789
f 883//883 790//790 789//789
f 790//790 883//883 835//835
f 835//835 836//836 791//791
f 835//835 886//886 836//836
f 886//886 837//837 792//792
f 840//840 888//888 842//842
f 841//841 842//842 793//793
f 889//889 794//794 793//793
f 889//889 844//844 794//794
f 845//845 891//891 795//795
f 795//795 846//846 796//796
f 846//846 847//847 743//743
f 848//848 744//744 895//895
f 849//849 798//798 746//746
f 798//798 850//850 799//799
f 850//850 851//851 799//799
f 851//851 800//800 747//747
f 800//800 851//851 898//898
f 898//898 802//802 801//801
f 802//802 899//899 748//748
f 852//852 853//853 804//804
f 852//852 900//900 853//853
f 853//853 901//901 903//903
f 853//853 903//903 854//854
f 854//854 855//855 856//856
f 854//854 856//856 810//810
f 856//856 811//811 810//810
f 811//811 856//856 857//857
f 859//859 812//812 811//811
f 857//857 858//858 859//859
f 863//863 813//813 859//859
f 859//859 860//860 861//861
f 863//863 861//861 816//816
f 861//861 866//866 864//864
f 865//865 761//761 816//816
f 864//864 866//866 865//865
f 912//912 870//870 817//817
f 870//870 912//912 869//869
f 872//872 818//818 871//871
f 872//872 819//819 818//818
f 486//486 769//769 820//820
f 875//875 771//771 821//821
f 918//918 919//919 876//876
f 824//824 919//919 963//963
f 824//824 963//963 877//877
f 824//824 877//877 774//774
f 921//921 878//878 825//825
f 878//878 924//924 826//826
f 826//826 924//924 879//879
f 879//879 827//827 826//826
f 924//924 925//925 879//879
f 880//880 828//828 927//927
f 927//927 928//928 880//880
f 830//830 928//928 881//881
f 882//882 834//834 881//881
f 882//882 883//883 834//834
f 926//926 886//886 835//835
f 838//838 923//923 931//931
f 934//934 793//793 842//842
f 889//889 934//934 890//890
f 890//890 843//843 889//889
f 795//795 892//892 893//893
f 893//893 894//894 846//846
f 894//894 895//895 847//847
f 895//895 896//896 848//848
f 896//896 849//849 848//848
f 849//849 896//896 938//938
f 938//938 940//940 798//798
f 897//897 898//898 851//851
f 899//899 943//943 852//852
f 852//852 943//943 900//900
f 943//943 945//945 900//900
f 901//901 853//853 900//900
f 901//901 900//900 902//902
f 903//903 902//902 948//948
f 904//904 854//854 903//903
f 904//904 855//855 854//854
f 857//857 856//856 905//905
f 906//906 858//858 857//857
f 858//858 906//906 907//907
f 907//907 860//860 859//859
f 860//860 907//907 862//862
f 862//862 907//907 952//952
f 908//908 909//909 862//862
f 909//909 861//861 862//862
f 866//866 861//861 909//909
f 909//909 954//954 866//866
f 867//867 865//865 866//866
f 911//911 868//868 867//867
f 911//911 956//956 912//912
f 869//869 912//912 913//913
f 914//914 871//871 870//870
f 914//914 872//872 871//871
f 914//914 873//873 872//872
f 874//874 873//873 915//915
f 486//486 915//915 916//916
f 916//916 769//769 486//486
f 769//769 1004//1004 875//875
f 1004//1004 917//917 875//875
f 918//918 875//875 917//917
f 918//918 917//917 960//960
f 918//918 961//961 919//919
f 877//877 920//920 921//921
f 922//922 923//923 924//924
f 929//929 879//879 925//925
f 925//925 926//926 929//929
f 927//927 879//879 929//929
f 929//929 884//884 927//927
f 882//882 884//884 883//883
f 926//926 925//925 930//930
f 931//931 964//964 932//932
f 932//932 887//887 838//838
f 935//935 890//890 934//934
f 935//935 936//936 890//890
f 890//890 936//936 965//965
f 890//890 965//965 891//891
f 965//965 966//966 891//891
f 966//966 967//967 892//892
f 967//967 937//937 892//892
f 892//892 937//937 893//893
f 968//968 487//487 895//895
f 487//487 938//938 896//896
f 938//938 487//487 939//939
f 941//941 897//897 940//940
f 941//941 942//942 897//897
f 942//942 944//944 943//943
f 943//943 975//975 945//945
f 949//949 855//855 904//904
f 949//949 950//950 855//855
f 950//950 856//856 855//855
f 950//950 905//905 856//856
f 951//951 988//988 907//907
f 988//988 951//951 986//986
f 988//988 952//952 907//907
f 956//956 1000//1000 913//913
f 913//913 1000//1000 957//957
f 959//959 915//915 873//873
f 959//959 1003//1003 916//916
f 1004//1004 1005//1005 960//960
f 962//962 1010//1010 919//919
f 919//919 1010//1010 963//963
f 963//963 1010//1010 920//920
f 920//920 877//877 963//963
f 964//964 921//921 920//920
f 1012//1012 1013//1013 888//888
f 1013//1013 933//933 888//888
f 1013//1013 1014//1014 933//933
f 933//933 1014//1014 1015//1015
f 1015//1015 934//934 933//933
f 1015//1015 935//935 934//934
f 1016//1016 936//936 935//935
f 936//936 1016//1016 965//965
f 1020//1020 1021//1021 893//893
f 893//893 1021//1021 968//968
f 974//974 944//944 972//972
f 975//975 944//944 974//974
f 975//975 976//976 977//977
f 980//980 978//978 981//981
f 982//982 983//983 980//980
f 986//986 951//951 985//985
f 987//987 1033//1033 986//986
f 986//986 989//989 988//988
f 1037//1037 990//990 989//989
f 990//990 991//991 952//952
f 990//990 1039//1039 992//992
f 992//992 995//995 993//993
f 995//995 992//992 994//994
f 995//995 998//998 997//997
f 999//999 1000//1000 996//996
f 999//999 997//997 1041//1041
f 1041//1041 1001//1001 999//999
f 1045//1045 959//959 873//873
f 1004//1004 916//916 1003//1003
f 1005//1005 1069//1069 960//960
f 1069//1069 1006//1006 960//960
f 1007//1007 1008//1008 962//962
f 1008//1008 1010//1010 962//962
f 1008//1008 1009//1009 1010//1010
f 1010//1010 1009//1009 1011//1011
f 1011//1011 1012//1012 964//964
f 1015//1015 1014//1014 1053//1053
f 1015//1015 1053//1053 1016//1016
f 1016//1016 1017//1017 965//965
f 1018//1018 966//966 965//965
f 1019//1019 937//937 967//967
f 1020//1020 1022//1022 1021//1021
f 1021//1021 1022//1022 939//939
f 1022//1022 1023//1023 970//970
f 1024//1024 1023//1023 1057//1057
f 1025//1025 1026//1026 973//973
f 1024//1024 1059//1059 1026//1026
f 1027//1027 1026//1026 1082//1082
f 981//981 979//979 1029//1029
f 1029//1029 1061//1061 1062//1062
f 1029//1029 1062//1062 981//981
f 981//981 1030//1030 1031//1031
f 1031//1031 1063//1063 1032//1032
f 1035//1035 1033//1033 1032//1032
f 1032//1032 1034//1034 1035//1035
f 1034//1034 1038//1038 1035//1035
f 1036//1036 1037//1037 1035//1035
f 1039//1039 1064//1064 994//994
f 1040//1040 998//998 994//994
f 1065//1065 1041//1041 998//998
f 1044//1044 1045//1045 1043//1043
f 1003//1003 1067//1067 1046//1046
f 1046//1046 1069//1069 1005//1005
f 1047//1047 1069//1069 1070//1070
f 1049//1049 1006//1006 1047//1047
f 1050//1050 1051//1051 1008//1008
f 1051//1051 1071//1071 1008//1008
f 1008//1008 1071//1071 1009//1009
f 1011//1011 1009//1009 1012//1012
f 1009//1009 1072//1072 1013//1013
f 1017//1017 1053//1053 1075//1075
f 1018//1018 1075//1075 1077//1077
f 1054//1054 967//967 1018//1018
f 1019//1019 1054//1054 1055//1055
f 1078//1078 1056//1056 1022//1022
f 1078//1078 1020//1020 1019//1019
f 1022//1022 1020//1020 1078//1078
f 1056//1056 1057//1057 1022//1022
f 1057//1057 1023//1023 1022//1022
f 1056//1056 1079//1079 1057//1057
f 1059//1059 1024//1024 1057//1057
f 1082//1082 1026//1026 1059//1059
f 1082//1082 1028//1028 1027//1027
f 1061//1061 1029//1029 1060//1060
f 1060//1060 1083//1083 1061//1061
f 1063//1063 1031//1031 1030//1030
f 1062//1062 1061//1061 1063//1063
f 1061//1061 1084//1084 1063//1063
f 1063//1063 1084//1084 1088//1088
f 1063//1063 1088//1088 1038//1038
f 1038//1038 1088//1088 1089//1089
f 1089//1089 1064//1064 1039//1039
f 1040//1040 1064//1064 1090//1090
f 1042//1042 1066//1066 1044//1044
f 1044//1044 1066//1066 1067//1067
f 1067//1067 1045//1045 1044//1044
f 1067//1067 1003//1003 1045//1045
f 1068//1068 1093//1093 1046//1046
f 1093//1093 1069//1069 1046//1046
f 1049//1049 1048//1048 1115//1115
f 1049//1049 1115//1115 1050//1050
f 1115//1115 1071//1071 1050//1050
f 1072//1072 1073//1073 1052//1052
f 1073//1073 1095//1095 1074//1074
f 1054//1054 1097//1097 1055//1055
f 1099//1099 1078//1078 1055//1055
f 1056//1056 1078//1078 1079//1079
f 1078//1078 1099//1099 1079//1079
f 1079//1079 1099//1099 1080//1080
f 1082//1082 1059//1059 1058//1058
f 1083//1083 1060//1060 1082//1082
f 1105//1105 1106//1106 1087//1087
f 1105//1105 1087//1087 1088//1088
f 1087//1087 1109//1109 1089//1089
f 1089//1089 1110//1110 1090//1090
f 1090//1090 1091//1091 1065//1065
f 1091//1091 1066//1066 1065//1065
f 1066//1066 1068//1068 1067//1067
f 1111//1111 1093//1093 1068//1068
f 1093//1093 1094//1094 1069//1069
f 1094//1094 1093//1093 1111//1111
f 1113//1113 1115//1115 1048//1048
f 1071//1071 1116//1116 1073//1073
f 1073//1073 1116//1116 1095//1095
f 1095//1095 1075//1075 1074//1074
f 1095//1095 1096//1096 1076//1076
f 1095//1095 1076//1076 1075//1075
f 1076//1076 1096//1096 1098//1098
f 1077//1077 1098//1098 1097//1097
f 1098//1098 1119//1119 1055//1055
f 1100//1100 1099//1099 1055//1055
f 1085//1085 1083//1083 1102//1102
f 1102//1102 1103//1103 1104//1104
f 1102//1102 1104//1104 1085//1085
f 1085//1085 1104//1104 1105//1105
f 1105//1105 1086//1086 1085//1085
f 1104//1104 1107//1107 1106//1106
f 1106//1106 1124//1124 1108//1108
f 1108//1108 1126//1126 1109//1109
f 1110//1110 1089//1089 1109//1109
f 1110//1110 1092//1092 1090//1090
f 1110//1110 1127//1127 1092//1092
f 1068//1068 1066//1066 1092//1092
f 1111//1111 1112//1112 1094//1094
f 1112//1112 1113//1113 1094//1094
f 1114//1114 1130//1130 1115//1115
f 1131//1131 1098//1098 1096//1096
f 1131//1131 1132//1132 1098//1098
f 1098//1098 1132//1132 1119//1119
f 1055//1055 1119//1119 1100//1100
f 1100//1100 1119//1119 1120//1120
f 1103//1103 1102//1102 1120//1120
f 1120//1120 1133//1133 1121//1121
f 1107//1107 1104//1104 1122//1122
f 1122//1122 1134//1134 1123//1123
f 1123//1123 1124//1124 1107//1107
f 1127//1127 1126//1126 1125//1125
f 1125//1125 1141//1141 1127//1127
f 1068//1068 1092//1092 1128//1128
f 1112//1112 1111//1111 1129//1129
f 1112//1112 1129//1129 1113//1113
f 1129//1129 1138//1138 1113//1113
f 1130//1130 1116//1116 1115//1115
f 1117//1117 1137//1137 1131//1131
f 1131//1131 1118//1118 1117//1117
f 1131//1131 1135//1135 1132//1132
f 1139//1139 1134//1134 1135//1135
f 1130//1130 1138//1138 1137//1137
f 1138//1138 1130//1130 1114//1114
f 1138//1138 1136//1136 1137//1137
f 1136//1136 1140//1140 1135//1135
f 1140//1140 1139//1139 1135//1135
f 1134//1134 1139//1139 1141//1141
f 1141//1141 1125//1125 1123//1123
f 1129//1129 1141//1141 1140//1140
f 1129//1129 1140//1140 1138//1138
f 1138//1138 1140//1140 1136//1136
f 1140//1140 1141//1141 1139//1139
f 1129//1129 1111//1111 1128//1128
f 1141//1141 1129//1129 1128//1128
f 1110//1110 1109//1109 1126//1126
f 1124//1124 1106//1106 1107//1107
f 1043//1043 1001//1001 1041//1041
f 1041//1041 997//997 998//998
f 998//998 995//995 994//994
f 994//994 992//992 1039//1039
f 1036//1036 1039//1039 990//990
f 990//990 1037//1037 1036//1036
f 1033//1033 987//987 1031//1031
f 1031//1031 987//987 983//983
f 1031//1031 982//982 981//981
f 981//981 978//978 979//979
f 1029//1029 979//979 978//978
f 977//977 1027//1027 1029//1029
f 1027//1027 977//977 976//976
f 976//976 974//974 973//973
f 970//970 939//939 1022//1022
f 939//939 970//970 969//969
f 958//958 957//957 999//999
f 956//956 910//910 955//955
f 993//993 955//955 953//953
f 993//993 953//953 952//952
f 952//952 989//989 990//990
f 984//984 985//985 950//950
f 983//983 950//950 949//949
f 980//980 949//949 948//948
f 947//947 946//946 945//945
f 978//978 945//945 975//975
f 975//975 943//943 944//944
f 941//941 939//939 969//969
f 939//939 941//941 940//940
f 939//939 487//487 968//968
f 964//964 931//931 923//923
f 930//930 924//924 923//923
f 925//925 924//924 930//930
f 928//928 927//927 884//884
f 830//830 784//784 488//488
