# Web-optimized centered brain model
# Reduced from 91181 to 5000 triangles
v -0.042183 0.062065 0.034510
v -0.040288 0.063012 0.056322
v -0.043990 0.060738 0.032827
v -0.055957 0.053659 0.101036
v -0.043704 0.058179 0.083439
v -0.044266 0.052925 0.093289
v -0.043298 0.052828 -0.004821
v -0.052938 0.066486 0.046127
v -0.060479 0.050474 -0.021845
v -0.043790 0.058755 0.019672
v -0.045623 0.049928 0.100717
v -0.060793 0.015199 0.108477
v -0.069345 0.016584 -0.038583
v -0.074196 0.002857 0.049547
v -0.070879 0.012055 -0.031080
v -0.040050 0.059438 0.077966
v -0.085987 0.036036 0.049404
v -0.055433 0.042749 -0.024254
v -0.073211 -0.057695 0.017644
v -0.079955 -0.039981 0.030045
v -0.061817 -0.021555 -0.041137
v -0.060251 -0.046122 0.059726
v -0.071609 -0.062848 0.035928
v -0.058088 -0.048280 0.040408
v -0.050797 -0.022894 -0.048014
v 0.074226 -0.053589 0.019697
v 0.072001 -0.058357 0.029531
v 0.078654 -0.037469 0.018960
v 0.056634 -0.047366 0.037511
v 0.056839 -0.051230 0.060895
v 0.067055 -0.038931 -0.027146
v 0.047890 -0.016760 -0.046661
v -0.000926 0.039503 0.040489
v -0.007051 0.044485 0.034832
v -0.001020 0.031960 -0.025809
v -0.001003 0.030963 -0.024618
v 0.030279 0.019775 -0.056579
v -0.000746 0.038639 0.016992
v -0.000438 0.037731 0.031544
v 0.015011 0.009376 0.057233
v 0.016909 -0.012009 0.040405
v 0.020742 0.010209 0.063306
v 0.011221 0.017808 0.064466
v 0.008634 0.035633 0.029319
v 0.012623 0.046261 0.017159
v 0.012991 0.014561 0.058232
v 0.031838 0.005621 -0.052901
v 0.014894 0.021400 -0.042695
v 0.035824 -0.002500 -0.058042
v -0.020696 -0.011854 0.044963
v -0.020190 -0.017664 0.039621
v -0.018218 -0.008874 0.043509
v -0.019147 0.004027 0.056312
v -0.012875 0.026699 0.038521
v -0.016351 0.010166 0.067515
v -0.018984 0.041131 -0.015190
v -0.025873 0.017038 -0.052761
v -0.012657 0.024998 0.043730
v -0.032446 0.010584 -0.048336
v -0.042337 0.000151 -0.061682
v -0.042445 -0.006972 -0.052105
v 0.004913 -0.018556 0.016341
v 0.000050 -0.026573 0.071344
v -0.000710 0.028345 0.039117
v 0.007959 -0.000555 -0.025280
v 0.009897 0.036086 0.007051
v 0.009963 0.017843 0.049986
v 0.001249 0.001640 0.023848
v -0.000710 0.027516 0.031836
v 0.000155 -0.028102 0.071083
v -0.000757 -0.001697 -0.031174
v -0.010268 -0.014836 -0.001579
v -0.010552 0.025532 -0.010128
v -0.009939 0.014752 0.053018
v -0.002653 0.002494 0.024231
v -0.006290 -0.029724 0.073644
v -0.018547 -0.006899 0.046735
v -0.002165 -0.018906 0.050004
v -0.012134 -0.015667 0.028968
v -0.001156 -0.021103 0.080860
v -0.008830 -0.014423 0.072600
v -0.001067 -0.022601 0.028512
v -0.000961 -0.031060 0.061418
v 0.012125 0.006990 0.047345
v 0.004182 -0.029630 0.073515
v 0.001169 -0.006650 0.068656
v 0.015402 -0.005753 0.055693
v -0.016008 0.018289 0.025498
v -0.046223 0.052760 0.025669
v -0.024266 -0.020406 0.002725
v -0.051413 -0.000117 0.058527
v -0.016000 0.040719 0.019609
v -0.057972 0.044663 0.012426
v -0.050798 -0.011618 -0.018262
v -0.049263 0.028738 0.048227
v -0.038568 0.028332 -0.027624
v -0.041881 0.046042 -0.003377
v -0.039813 -0.009292 -0.028004
v -0.041846 -0.011502 -0.021959
v -0.036179 0.060943 0.027300
v -0.020826 0.011066 -0.029695
v -0.022866 0.027662 0.041366
v 0.065787 -0.028440 0.034613
v 0.068267 -0.033289 0.050418
v 0.073605 -0.033041 0.040623
v 0.054216 -0.001720 0.046712
v 0.028339 -0.000674 -0.034815
v 0.020492 -0.016737 -0.003771
v 0.040505 -0.015309 -0.021107
v 0.054893 0.041169 0.028181
v 0.011863 0.030786 -0.006960
v 0.048539 0.024907 -0.029065
v 0.046746 0.033241 0.049605
v 0.039274 0.039641 -0.006116
v 0.033500 0.058999 0.015357
v 0.037753 0.030453 -0.020127
v 0.040168 -0.013935 -0.022001
v 0.044874 -0.019524 -0.014400
v 0.026287 -0.012268 0.033181
v 0.013924 0.018289 0.025498
v 0.030453 0.036506 0.049876
v 0.053038 0.009752 0.084632
v 0.057811 -0.008794 0.007848
v 0.055055 0.013746 0.072064
v 0.068457 -0.015083 0.042675
v 0.053428 0.020179 -0.021595
v 0.066555 0.046133 0.048631
v 0.048463 0.034549 0.060402
v 0.058508 0.033469 -0.032269
v 0.049980 0.048029 -0.011855
v 0.050598 0.045064 -0.019877
v 0.041018 0.066419 0.038050
v 0.040241 0.063192 0.050930
v 0.037594 0.061478 0.074401
v 0.043589 0.048976 0.101613
v 0.038720 0.062743 0.060467
v 0.041438 0.054789 0.090096
v 0.041469 0.059660 0.023017
v 0.067946 0.024520 -0.046249
v 0.064526 0.011641 0.103384
v 0.067810 0.014279 -0.024900
v 0.043560 0.048972 -0.011639
v 0.055393 0.054934 0.098678
v 0.082743 0.042415 0.028368
v 0.071553 0.002862 0.041957
v 0.041790 0.024414 -0.067391
v 0.034448 0.046652 -0.032585
v 0.034321 0.045127 -0.032926
v 0.034175 0.046842 -0.030338
v 0.045881 0.050773 -0.013510
v 0.037129 0.053243 -0.018987
v 0.044775 0.052659 -0.012182
v 0.039837 0.053716 -0.015636
v 0.039429 0.054233 -0.017957
v 0.037704 0.054141 -0.019620
v 0.033136 0.052557 -0.020435
v 0.032864 0.055656 -0.015528
v 0.033121 0.054059 -0.015928
v 0.034568 0.062156 -0.004391
v 0.027354 0.056509 -0.021300
v 0.038520 0.063111 0.035575
v 0.033396 0.067680 0.032394
v 0.028197 0.069181 0.040180
v 0.032558 0.066572 0.030715
v 0.030795 0.069376 0.045437
v 0.027473 0.072140 0.046231
v 0.029809 0.063406 0.082882
v 0.038223 0.047442 0.104859
v 0.032634 0.053659 0.096648
v 0.034552 0.061514 -0.001876
v 0.046580 0.014562 -0.082160
v 0.064706 -0.021649 0.035048
v 0.049277 -0.003119 -0.069621
v 0.032774 0.040207 -0.038512
v 0.014006 0.061649 0.047967
v 0.028046 0.058081 0.105293
v 0.021373 0.011611 0.094241
v 0.036455 0.048503 0.104642
v 0.037753 0.042053 0.105153
v 0.028025 0.064360 0.071790
v 0.028703 0.064902 0.079308
v 0.026413 0.065773 0.039518
v 0.068821 -0.027669 0.034891
v 0.062507 -0.020428 0.031366
v 0.049079 -0.001978 -0.082325
v 0.043042 0.011584 -0.078716
v 0.038310 0.031504 -0.066442
v 0.062659 -0.013813 -0.013983
v 0.051917 -0.002104 -0.068286
v 0.045968 0.012400 -0.077923
v 0.024868 0.020334 0.118674
v 0.040583 0.037613 -0.054477
v 0.044002 0.053446 0.095709
v 0.036596 0.057472 0.092561
v 0.030871 0.059339 0.094002
v 0.036545 0.057582 0.094218
v 0.033644 0.053370 0.100186
v 0.035563 0.061212 0.081307
v 0.035793 0.061402 0.083111
v 0.030688 0.060164 0.090496
v 0.041445 0.059720 0.079572
v 0.040422 0.058107 0.085747
v 0.035923 0.061025 0.085938
v 0.037964 0.059707 0.085436
v 0.033230 0.061752 0.086479
v 0.036723 0.060456 0.085508
v 0.038038 0.062273 0.070251
v 0.037049 0.062098 0.070701
v 0.034874 0.064375 0.070935
v 0.028514 0.068196 0.061518
v 0.025977 0.069431 0.080214
v 0.032213 0.067707 0.057717
v 0.030874 0.066451 0.064705
v 0.035144 0.066857 0.048167
v 0.039581 0.064063 0.043795
v 0.032930 0.066975 0.050200
v 0.029607 0.068965 0.043422
v 0.028539 0.069804 0.012968
v 0.037791 0.063819 0.025752
v 0.035082 0.066535 0.023513
v 0.029708 0.068000 0.028819
v 0.031319 0.067411 0.022830
v 0.033279 0.065003 0.015993
v 0.036139 0.064856 0.014260
v 0.039545 0.061701 0.015699
v 0.031634 0.066781 0.017255
v 0.031397 0.065215 0.013066
v 0.037877 0.058958 -0.001975
v 0.034101 0.063489 0.004269
v 0.041118 0.057380 0.001027
v 0.042399 0.046918 -0.028183
v 0.046857 0.046105 -0.025050
v 0.039550 0.048036 -0.029150
v 0.032851 0.048608 -0.036184
v 0.040755 0.036352 -0.051196
v 0.040609 0.036010 -0.052427
v 0.046660 0.035907 -0.045761
v 0.045119 0.035219 -0.050792
v 0.042425 0.033532 -0.054776
v 0.039029 0.036073 -0.051931
v 0.053910 0.023677 -0.056950
v 0.044660 0.017810 -0.074397
v 0.052641 0.019212 -0.066019
v 0.045726 0.012793 -0.077623
v 0.057896 0.025896 -0.049403
v 0.062673 0.028173 -0.037631
v 0.061033 0.025722 -0.041194
v 0.051135 0.020562 -0.066923
v 0.005511 0.036047 0.067175
v 0.072704 -0.039892 0.057985
v 0.059090 -0.017242 -0.073002
v 0.020274 0.067099 0.116447
v 0.016776 0.087080 0.054816
v 0.024346 0.053645 -0.042783
v -0.002015 0.037829 0.066600
v 0.049451 0.006601 -0.120514
v 0.049099 -0.039022 0.053095
v 0.049677 -0.006549 -0.042266
v 0.049637 -0.014163 -0.037501
v 0.066847 -0.044877 0.058518
v 0.037409 0.008812 -0.047436
v 0.011457 0.043083 0.022994
v 0.029416 0.010690 0.117946
v 0.014840 0.013721 0.077888
v 0.032301 0.015714 -0.050349
v 0.047872 0.007460 -0.127492
v 0.057083 -0.023694 -0.067750
v 0.019071 0.025940 -0.051702
v 0.060363 -0.042744 0.054060
v -0.001252 -0.040642 0.075199
v -0.000860 -0.041572 0.076678
v -0.001184 -0.050440 0.065378
v -0.001128 -0.047214 0.083017
v 0.008546 -0.048187 0.074022
v -0.001122 -0.048649 0.083050
v -0.001592 -0.056397 0.078054
v -0.010179 -0.047609 0.073716
v 0.054820 -0.104312 -0.019382
v 0.015508 -0.051122 -0.049968
v -0.002559 -0.059214 -0.052379
v -0.003210 -0.106271 -0.121018
v -0.003172 -0.079482 -0.123107
v -0.003159 -0.073534 -0.115634
v 0.069387 -0.097505 -0.023152
v -0.002478 -0.123525 -0.065447
v 0.025109 -0.136602 -0.040571
v 0.016420 -0.134858 -0.052144
v 0.018679 -0.127717 -0.044180
v 0.006679 -0.111728 -0.053391
v 0.019053 -0.121858 -0.042866
v 0.007816 -0.100204 -0.051486
v 0.047025 -0.125865 -0.027792
v 0.018105 -0.157312 -0.114607
v 0.036916 -0.171328 -0.103645
v 0.032084 -0.171939 -0.099805
v 0.050809 -0.171750 -0.104136
v 0.100953 -0.138587 -0.054878
v 0.036661 -0.163116 -0.125449
v 0.101359 -0.147438 -0.069503
v 0.065614 -0.171327 -0.101592
v 0.096044 -0.132359 -0.041992
v 0.028546 -0.164990 -0.071531
v 0.007116 -0.128833 -0.063884
v 0.077292 -0.147774 -0.038232
v 0.021121 -0.157406 -0.059477
v 0.032942 -0.139817 -0.136702
v 0.093363 -0.150534 -0.118053
v 0.113960 -0.132791 -0.075011
v 0.021019 -0.166327 -0.095035
v 0.002947 -0.136210 -0.080099
v 0.090432 -0.155232 -0.098249
v 0.061277 -0.168043 -0.116980
v 0.003214 -0.125362 -0.118470
v 0.116068 -0.116852 -0.071130
v 0.120514 -0.122001 -0.088473
v 0.080026 -0.147421 -0.130595
v 0.003687 -0.109563 -0.123047
v 0.063215 -0.161689 -0.125379
v 0.029716 -0.160583 -0.055493
v 0.061538 -0.156209 -0.032158
v 0.027711 -0.147751 -0.050698
v 0.072248 -0.075701 -0.048765
v 0.075299 -0.117055 -0.022241
v 0.036858 -0.152558 -0.036559
v 0.068274 -0.137533 -0.022719
v 0.088443 -0.110813 -0.033331
v 0.120368 -0.091880 -0.073382
v 0.115997 -0.085692 -0.100950
v 0.052979 -0.092390 -0.122199
v 0.004884 -0.078804 -0.115926
v 0.119130 -0.107292 -0.064458
v 0.123285 -0.105005 -0.102209
v 0.057010 -0.111881 -0.136487
v 0.123647 -0.103386 -0.082252
v 0.033318 -0.081641 -0.114780
v 0.062689 -0.111849 -0.020323
v 0.026099 -0.050999 -0.045095
v 0.002076 -0.042178 -0.056802
v 0.073132 -0.117695 -0.023364
v 0.110647 -0.086851 -0.061687
v 0.081355 -0.126119 -0.024705
v 0.049694 -0.063767 -0.047926
v 0.064609 -0.061606 -0.072100
v 0.006321 -0.033206 -0.084958
v 0.027985 -0.043887 -0.074483
v 0.068571 -0.079389 -0.044046
v 0.088089 -0.092396 -0.043851
v 0.010682 -0.033486 -0.062986
v 0.006776 -0.031418 -0.078392
v 0.110763 -0.081377 -0.067533
v 0.093960 -0.073427 -0.086685
v 0.093430 -0.129855 -0.128723
v 0.016394 -0.116118 -0.132258
v 0.098944 -0.090713 -0.048551
v 0.083728 -0.066862 -0.077518
v 0.009006 -0.065818 -0.110180
v 0.005516 -0.073606 -0.114919
v -0.003138 -0.052037 -0.106053
v 0.009107 -0.040466 -0.095949
v 0.004659 -0.052216 -0.103911
v 0.003690 -0.134785 -0.109448
v -0.003062 -0.129266 -0.115213
v 0.005329 -0.086115 -0.118785
v 0.052913 -0.084779 -0.028897
v 0.105403 -0.094306 -0.117329
v 0.006328 -0.056395 -0.106438
v -0.002757 -0.135107 -0.076783
v -0.003007 -0.140062 -0.093511
v 0.001377 -0.032459 -0.068515
v -0.003032 -0.141375 -0.105664
v -0.003071 -0.034238 -0.093638
v 0.030338 -0.101586 -0.040999
v -0.001059 -0.115187 -0.062750
v -0.006633 -0.126498 -0.118477
v -0.012037 -0.080797 -0.117215
v -0.064396 -0.107112 -0.021907
v -0.007988 -0.121959 -0.061761
v -0.009771 -0.114446 -0.054967
v -0.024806 -0.117563 -0.038480
v -0.007347 -0.057214 -0.057777
v -0.039940 -0.156585 -0.044233
v -0.024618 -0.131298 -0.039428
v -0.025547 -0.141123 -0.045099
v -0.067047 -0.170556 -0.106933
v -0.059659 -0.174461 -0.091435
v -0.104998 -0.140637 -0.064064
v -0.028275 -0.157585 -0.121259
v -0.114908 -0.129791 -0.069831
v -0.102997 -0.090694 -0.045526
v -0.041822 -0.165345 -0.058364
v -0.096722 -0.136433 -0.042430
v -0.027825 -0.142009 -0.131622
v -0.102680 -0.147357 -0.110661
v -0.036584 -0.168741 -0.099565
v -0.061837 -0.170534 -0.075334
v -0.119453 -0.098097 -0.053709
v -0.101523 -0.151926 -0.094298
v -0.076542 -0.163540 -0.115082
v -0.055840 -0.162550 -0.131490
v -0.009417 -0.128521 -0.113419
v -0.125282 -0.124243 -0.080631
v -0.060957 -0.146163 -0.137186
v -0.104836 -0.140864 -0.117973
v -0.118386 -0.075847 -0.074930
v -0.130632 -0.105095 -0.091483
v -0.022374 -0.156854 -0.111473
v -0.024841 -0.144789 -0.052017
v -0.067623 -0.154471 -0.037964
v -0.087667 -0.094151 -0.036073
v -0.051254 -0.138996 -0.026572
v -0.075067 -0.138321 -0.025473
v -0.092767 -0.087435 -0.040973
v -0.090831 -0.133652 -0.033187
v -0.078701 -0.149357 -0.039402
v -0.127028 -0.094296 -0.064356
v -0.052595 -0.089983 -0.120634
v -0.127010 -0.099139 -0.071127
v -0.038416 -0.122939 -0.137615
v -0.091836 -0.105442 -0.131593
v -0.125818 -0.092470 -0.111238
v -0.122682 -0.085021 -0.104832
v -0.125859 -0.077136 -0.088299
v -0.032335 -0.104102 -0.128463
v -0.035012 -0.113621 -0.134295
v -0.082414 -0.114744 -0.133368
v -0.105165 -0.126810 -0.125059
v -0.012692 -0.074081 -0.115347
v -0.048772 -0.123105 -0.028283
v -0.055905 -0.080470 -0.029869
v -0.036842 -0.057167 -0.040805
v -0.036608 -0.053738 -0.042115
v -0.085442 -0.064033 -0.081209
v -0.016458 -0.070184 -0.112606
v -0.080382 -0.082723 -0.037254
v -0.078846 -0.085135 -0.032565
v -0.013629 -0.039682 -0.095001
v -0.013190 -0.031380 -0.080443
v -0.012797 -0.059028 -0.108214
v -0.112304 -0.078283 -0.058121
v -0.084538 -0.063458 -0.072549
v -0.062535 -0.063299 -0.055721
v -0.078096 -0.071877 -0.050690
v -0.095377 -0.086442 -0.043652
v -0.098218 -0.075591 -0.051628
v -0.073345 -0.107695 -0.025053
v -0.055447 -0.065656 -0.037633
v -0.101485 -0.068208 -0.081519
v -0.009481 -0.036657 -0.062179
v -0.107342 -0.115933 -0.046557
v -0.008777 -0.027855 -0.083504
v -0.010269 -0.038045 -0.097033
v -0.003119 -0.118363 -0.118725
v -0.010411 -0.105980 -0.121360
v -0.003022 -0.139142 -0.103258
v -0.009083 -0.140813 -0.106248
v -0.008614 -0.140477 -0.092419
v -0.002361 -0.114362 -0.064074
v -0.008366 -0.135957 -0.076850
v -0.002723 -0.134563 -0.074957
v -0.029749 -0.123498 -0.039065
v -0.056618 -0.111049 -0.018862
v -0.129630 -0.092029 -0.083190
v -0.027337 -0.166711 -0.083894
v -0.012016 -0.031854 -0.069289
v -0.003036 -0.029522 -0.078345
v -0.003164 -0.076222 -0.117924
v -0.003087 -0.037942 -0.098276
v -0.003148 -0.055017 -0.105622
v -0.020498 -0.109660 -0.043534
v -0.010377 0.056120 0.198543
v -0.045071 0.120971 -0.142374
v -0.045762 0.123743 -0.142942
v -0.043936 0.123849 -0.144679
v -0.047240 0.120151 -0.145503
v -0.005622 -0.010606 -0.177991
v -0.003855 0.041177 -0.180043
v -0.012139 -0.012619 -0.185930
v -0.019435 -0.001240 -0.191001
v -0.008748 -0.024340 -0.161983
v -0.024135 0.070442 -0.023762
v -0.022780 0.090762 -0.020056
v -0.020865 0.072373 -0.020604
v -0.011334 0.094988 0.026594
v -0.009334 0.090126 0.042303
v -0.013468 0.078548 0.051306
v -0.011798 0.059648 0.094073
v -0.017934 0.043336 0.107331
v -0.017174 0.030793 0.091120
v -0.016021 0.041705 0.097069
v -0.015399 0.026835 0.087895
v -0.013765 0.058343 0.094224
v -0.059701 -0.069059 0.098155
v -0.065431 -0.071390 0.098441
v -0.076020 -0.067575 0.092635
v -0.064440 -0.072661 0.091429
v -0.013168 -0.014744 0.182081
v -0.070128 -0.007475 0.158253
v -0.080726 -0.011817 0.136548
v -0.078859 -0.005934 0.142570
v -0.116034 0.060012 -0.144094
v -0.047542 0.153288 -0.060250
v -0.162979 -0.022394 -0.016799
v -0.040010 -0.020333 -0.062910
v -0.052130 -0.044404 -0.027173
v -0.039298 -0.033710 0.064308
v -0.050961 -0.054940 0.007549
v -0.025978 -0.053089 0.051290
v -0.035490 -0.042693 0.080134
v -0.159068 -0.009900 -0.055846
v -0.156490 0.000181 -0.079597
v -0.016940 0.039160 -0.090620
v -0.008088 -0.029169 -0.164602
v -0.115389 0.023561 -0.157214
v -0.006009 -0.079277 -0.151649
v -0.016208 0.052530 -0.079276
v -0.068363 0.087752 0.171454
v -0.008698 0.131334 0.072501
v -0.008569 0.139309 0.088408
v -0.005123 0.138032 0.086554
v -0.056949 0.154651 0.030729
v -0.057421 0.154965 0.033604
v -0.048519 0.142483 0.096049
v -0.034765 0.130632 0.114099
v -0.014900 0.154040 0.102027
v -0.005387 0.136948 0.112165
v -0.015399 0.100015 0.126567
v -0.020777 0.095574 0.058020
v -0.076403 -0.079035 0.015284
v -0.016043 -0.093414 -0.169903
v -0.047724 -0.115961 -0.149893
v -0.087843 0.005569 -0.175084
v -0.041671 0.028848 -0.204347
v -0.024615 0.017953 -0.203697
v -0.031266 0.015938 -0.200427
v -0.003503 0.026714 -0.169672
v -0.001195 0.034791 -0.168362
v -0.089693 0.113473 -0.109658
v -0.093345 0.111255 -0.106504
v -0.088349 0.124250 -0.097121
v -0.034112 0.168045 -0.028335
v -0.040485 0.116570 0.136232
v -0.041229 0.113155 0.141621
v -0.041262 0.113046 0.141740
v -0.041423 0.109522 0.146724
v -0.040566 0.116344 0.136330
v -0.040534 0.119926 0.131156
v -0.038547 0.135391 0.125644
v -0.006027 0.071937 0.143515
v -0.104717 0.142680 -0.002905
v -0.023762 0.082243 0.189941
v -0.008548 0.082777 0.178856
v -0.095190 0.099640 0.100273
v -0.095199 0.098701 0.100365
v -0.093696 0.096705 0.103269
v -0.026695 0.155983 -0.070849
v -0.050402 0.150574 -0.060700
v -0.130295 0.041871 -0.131450
v -0.120210 0.028640 -0.146352
v -0.046965 0.017642 -0.207349
v -0.028119 0.003880 -0.207564
v -0.114242 0.040260 -0.158373
v -0.068365 0.057372 -0.176580
v -0.087125 0.052780 -0.179536
v -0.094024 0.056960 -0.157699
v -0.092029 0.047597 -0.163987
v -0.099865 0.049851 -0.161063
v -0.146970 -0.057327 0.046730
v -0.130342 -0.044490 0.090206
v -0.099906 -0.018226 0.112783
v -0.123996 -0.046896 0.079301
v -0.125555 0.080537 -0.085128
v -0.109855 -0.029599 -0.140850
v -0.032590 0.050867 -0.185603
v -0.032104 0.051395 -0.184734
v -0.051708 0.061650 -0.186956
v -0.008492 0.051637 -0.175998
v -0.047717 0.048679 -0.187687
v -0.005526 0.044814 -0.177345
v -0.089184 0.119293 -0.114496
v -0.108039 0.076520 -0.141847
v -0.084708 0.085848 -0.149960
v -0.099822 0.087173 -0.136935
v -0.108144 0.075711 -0.144177
v -0.100764 0.083736 -0.140979
v -0.088505 0.081875 -0.150177
v -0.042140 -0.093685 -0.184238
v -0.009906 -0.050829 -0.182439
v -0.017662 -0.001024 -0.190940
v -0.078872 0.023549 -0.167361
v -0.062756 0.048979 -0.190196
v -0.125128 0.072576 -0.124212
v -0.118442 0.050813 -0.130048
v -0.068424 0.117245 0.128476
v -0.060600 0.124223 0.127922
v -0.034779 0.168820 -0.008741
v -0.029665 0.169633 -0.002837
v -0.040985 0.168057 -0.014354
v -0.033896 0.166691 -0.018980
v -0.035641 0.165966 -0.019472
v -0.041493 0.168526 -0.018135
v -0.034079 0.169292 -0.032334
v -0.080057 0.135937 -0.053315
v -0.083460 0.143784 -0.050519
v -0.076447 0.145104 -0.057583
v -0.044239 0.162120 -0.054952
v -0.062593 0.163065 -0.040585
v -0.010128 0.081902 0.054222
v -0.018360 0.078814 0.051879
v -0.013339 0.077817 0.042139
v -0.019382 0.080506 0.023425
v -0.007932 0.062126 -0.115197
v -0.024693 0.067878 -0.073572
v -0.017705 0.086617 -0.097014
v -0.028092 0.081101 -0.047535
v -0.012989 0.082276 -0.072956
v -0.027906 0.088442 -0.041576
v -0.022434 0.079515 -0.074540
v -0.007328 0.052012 -0.127454
v -0.009992 0.091019 -0.093772
v -0.022129 0.079916 -0.073928
v -0.027828 0.087391 -0.042126
v -0.005762 0.073435 -0.086098
v -0.002478 0.110065 -0.091480
v -0.009329 0.111364 -0.105276
v -0.019500 0.098681 -0.033338
v -0.031615 0.110780 -0.048074
v -0.018216 0.136444 -0.060552
v -0.016912 0.122086 -0.057471
v -0.028250 0.097612 -0.027204
v -0.026365 0.081989 -0.065943
v -0.026653 0.088978 -0.039957
v -0.025998 0.081287 -0.066162
v -0.013492 0.144812 -0.077585
v -0.009567 0.129731 -0.091433
v -0.027465 0.100868 -0.023589
v -0.014286 0.106501 0.031278
v -0.013252 0.099628 0.040452
v -0.019600 0.097527 -0.009552
v -0.025632 0.096509 -0.015865
v -0.018505 0.096468 0.047161
v -0.020789 0.115011 0.000765
v -0.106191 -0.057037 -0.102004
v -0.112113 -0.050256 -0.107763
v -0.098514 -0.062762 -0.095080
v -0.100274 -0.066812 -0.092910
v -0.106228 -0.057841 -0.101303
v -0.105611 -0.065002 -0.132862
v -0.109459 -0.060579 -0.107159
v -0.081912 -0.094995 -0.128905
v -0.071245 -0.081291 -0.122085
v -0.088010 0.138316 -0.068727
v -0.098984 0.141450 -0.011726
v -0.100786 0.144582 -0.015468
v -0.096746 0.150070 -0.006580
v -0.007554 0.036144 -0.138257
v -0.012837 0.037468 -0.138726
v -0.013838 0.028421 -0.137711
v -0.002966 0.072124 -0.150076
v -0.024398 0.104812 -0.168935
v -0.000120 0.077093 -0.160559
v -0.042035 0.119882 -0.147305
v -0.034996 0.123566 -0.150379
v -0.081737 0.116616 -0.101077
v -0.040899 0.131715 -0.112907
v -0.031829 0.128739 -0.134513
v -0.010814 0.116727 -0.145527
v -0.065319 0.098199 -0.140930
v -0.096745 0.098568 -0.126968
v -0.062737 0.109547 -0.138635
v -0.084749 0.117038 -0.097178
v -0.081299 0.116589 -0.091328
v -0.088048 0.117117 -0.099826
v -0.065024 0.131627 -0.119647
v -0.054104 0.118921 -0.124900
v -0.045193 0.152262 -0.099948
v -0.017026 0.143179 -0.135310
v -0.102591 0.105281 -0.120189
v -0.088855 0.092125 -0.122522
v 0.000483 -0.042513 -0.169940
v -0.051679 -0.022019 -0.195643
v -0.056752 -0.012294 -0.186934
v -0.058177 -0.006096 -0.194812
v -0.083723 0.037213 -0.162987
v -0.085339 0.026673 -0.174458
v -0.094328 0.063396 -0.161257
v -0.096574 0.061576 -0.160403
v -0.058874 0.076493 -0.163659
v -0.065617 0.090087 -0.166806
v -0.067308 0.046958 -0.180944
v -0.060429 0.033060 -0.184686
v -0.066898 0.046687 -0.180943
v -0.059683 0.031849 -0.184555
v -0.075763 0.093860 -0.152708
v -0.028987 -0.066494 -0.185635
v -0.008652 -0.051122 -0.182577
v -0.028843 -0.054681 -0.178302
v -0.003607 -0.074718 -0.155488
v -0.009373 -0.083296 -0.161087
v -0.021655 -0.068852 -0.183218
v -0.057334 -0.006373 -0.185395
v -0.060004 -0.015652 -0.187820
v -0.067539 -0.078714 -0.152136
v -0.079709 -0.064695 -0.145783
v -0.054917 -0.105268 -0.160192
v -0.079661 -0.064654 -0.145856
v -0.057472 -0.092926 -0.152257
v -0.089263 -0.056926 -0.139331
v -0.089164 -0.056994 -0.139139
v -0.096152 -0.052252 -0.133478
v -0.062958 -0.086072 -0.151948
v -0.122370 -0.048025 -0.103028
v -0.112999 -0.048157 -0.085186
v -0.112699 -0.047351 -0.089276
v -0.112539 -0.048103 -0.086424
v -0.096155 -0.052173 -0.133488
v -0.098933 -0.050617 -0.130894
v -0.110006 -0.045836 -0.117484
v -0.013795 0.166293 -0.017184
v -0.016389 0.167478 0.044781
v -0.019922 0.161340 0.057846
v -0.021138 0.159982 0.065969
v -0.020235 0.163444 0.048046
v -0.046822 0.164031 -0.037684
v -0.136426 0.062768 0.001707
v -0.078597 0.150316 -0.000805
v -0.067274 0.150337 -0.000852
v -0.062347 0.149849 0.000973
v -0.043154 0.138383 0.109040
v -0.046024 0.140030 0.103446
v -0.099018 0.053881 0.161998
v -0.064338 0.114779 0.130301
v -0.107884 0.132902 0.009153
v -0.023501 0.105160 0.172449
v -0.041464 0.106741 0.150596
v -0.041546 0.107267 0.150147
v -0.041444 0.109329 0.146974
v -0.040165 0.120093 0.131161
v -0.038934 0.123074 0.126742
v -0.039913 0.120335 0.131129
v -0.037323 0.125663 0.122410
v -0.038936 0.123151 0.126672
v -0.038900 0.123182 0.126711
v -0.037729 0.125721 0.122405
v -0.041240 0.142745 0.112967
v -0.034298 0.131803 0.114177
v -0.033201 0.136407 0.110562
v -0.032548 0.138815 0.108311
v -0.032121 0.141724 0.107087
v -0.035092 0.163978 0.084304
v -0.016867 0.163318 0.066574
v -0.018575 0.161811 0.066356
v -0.008817 0.162171 0.020159
v -0.001240 0.141315 0.047625
v -0.004880 0.108489 0.132238
v -0.012021 0.103591 0.168016
v -0.009585 0.109371 0.158617
v -0.040215 0.111390 0.161427
v -0.045175 0.107285 0.161858
v -0.050602 0.099272 0.174177
v -0.021896 0.102753 0.181403
v -0.051835 0.118626 0.144943
v -0.059468 0.113035 0.137345
v -0.047960 0.097207 0.167026
v -0.128003 0.061748 0.129037
v -0.092343 0.103529 0.101766
v -0.090165 0.106838 0.101932
v -0.088400 0.108497 0.102597
v -0.086470 0.110378 0.103543
v -0.090771 0.114820 0.104936
v -0.074528 0.122580 0.101372
v -0.094099 0.095966 0.103163
v -0.067749 0.068719 0.175474
v -0.069171 0.060583 0.175584
v -0.053875 0.028962 0.190606
v -0.061120 0.027293 0.193504
v -0.052952 0.084780 0.179757
v -0.044915 0.085229 0.186028
v -0.064504 0.075923 0.172226
v -0.050503 0.086304 0.184474
v -0.060044 0.080713 0.180408
v -0.081883 0.095078 0.138359
v -0.136405 0.075991 0.033240
v -0.140350 0.073895 0.029740
v -0.138218 0.018463 0.077940
v -0.099601 -0.078367 0.003888
v -0.100678 -0.076314 -0.051611
v -0.092510 -0.070089 -0.018028
v -0.136126 -0.046480 -0.009351
v -0.053089 -0.087641 0.064033
v -0.072494 -0.079515 0.011924
v -0.068243 -0.077124 -0.004602
v -0.083589 -0.077612 -0.004216
v -0.104590 -0.082277 0.072183
v -0.128476 -0.071266 0.078961
v -0.109580 -0.083996 0.063332
v -0.106912 -0.080878 0.067317
v -0.080838 -0.072847 0.095930
v -0.057654 -0.068812 -0.029658
v -0.082242 -0.088206 0.030025
v -0.094932 -0.032805 0.110633
v -0.098534 -0.050565 0.104337
v -0.087614 -0.062767 0.099771
v -0.102017 -0.052091 0.098495
v -0.123466 0.088096 -0.055982
v -0.116947 0.089150 -0.056274
v -0.130767 0.078421 -0.059231
v -0.126594 0.089699 -0.055605
v -0.132174 0.074704 -0.039292
v -0.135047 0.071673 -0.038593
v -0.014030 0.136861 -0.098869
v -0.086347 0.112693 -0.083229
v -0.088006 0.112395 -0.083392
v -0.077221 0.117664 -0.089077
v -0.033686 0.139734 -0.086125
v -0.120591 0.086376 -0.052736
v -0.116724 0.089314 -0.056448
v -0.121239 0.085735 -0.052099
v -0.109727 0.096732 -0.065319
v -0.051818 0.131520 -0.080562
v -0.057665 0.129050 -0.081329
v -0.051995 0.131513 -0.080438
v -0.069974 0.120365 -0.107346
v -0.063984 0.126054 -0.084624
v -0.063877 0.125953 -0.084481
v -0.150160 0.066057 -0.001636
v -0.141051 0.093822 -0.014982
v -0.081486 0.133609 -0.092472
v -0.017133 0.155584 -0.087541
v -0.120419 -0.050960 -0.066059
v -0.123733 -0.049784 -0.058436
v -0.116621 -0.061789 -0.076379
v -0.114895 -0.057378 -0.076313
v -0.120645 -0.056746 -0.082337
v -0.122241 -0.045540 -0.049883
v -0.117209 -0.055127 -0.077918
v -0.117099 0.082401 -0.094758
v -0.128188 0.050596 -0.119239
v -0.126503 0.018484 -0.122773
v -0.130511 0.007919 -0.126806
v -0.126835 0.008056 -0.122445
v -0.133262 -0.018648 -0.118506
v -0.122963 -0.006705 -0.132492
v -0.146183 -0.046361 -0.030181
v -0.142343 -0.041223 -0.041871
v -0.120214 -0.051761 -0.070534
v -0.148285 -0.039981 -0.043143
v -0.146377 -0.056427 0.065917
v -0.141515 -0.058330 0.042892
v -0.145121 -0.066832 0.052297
v -0.123160 0.038684 -0.110215
v -0.142534 0.026951 -0.089773
v -0.148411 -0.008242 -0.051125
v -0.146230 0.021473 -0.064240
v -0.148217 -0.014098 0.012264
v -0.153445 0.005313 0.011597
v -0.125272 0.025258 0.012336
v -0.154381 0.020906 -0.020023
v -0.100911 0.003953 0.053949
v -0.139024 0.012736 0.084904
v -0.143706 0.013597 0.038636
v -0.117836 0.020530 0.033629
v -0.132116 0.021610 0.034182
v -0.148242 -0.007234 -0.019922
v -0.141940 -0.017085 0.018237
v -0.163831 0.002955 -0.002270
v -0.152701 0.001079 -0.017127
v -0.147690 -0.014926 0.040950
v -0.144593 -0.024814 0.054161
v -0.136437 -0.015683 0.037005
v -0.130418 -0.025350 0.085497
v -0.122588 -0.013934 0.106816
v -0.117897 -0.006332 0.102779
v -0.146135 0.019251 0.038109
v -0.006981 0.102990 0.118255
v -0.023196 0.116191 0.167691
v -0.008590 -0.001053 0.183218
v -0.005751 0.000488 0.104190
v -0.068025 -0.003567 0.150155
v -0.107974 0.108133 -0.029245
v -0.010533 0.088504 -0.162959
v -0.010315 0.164252 -0.011125
v -0.011840 0.161336 -0.018167
v -0.009164 0.149877 -0.006699
v -0.028630 0.012433 -0.071999
v -0.026079 0.011743 -0.069229
v -0.028628 -0.003936 -0.071035
v -0.016627 0.015570 -0.119441
v -0.013727 0.040839 -0.125598
v -0.015698 0.018395 -0.124976
v -0.009241 0.030250 -0.129841
v -0.013966 0.009121 -0.139659
v -0.016258 0.078969 -0.037819
v -0.005648 0.052311 0.141772
v -0.018651 0.065629 0.104699
v -0.006464 0.093792 0.120288
v -0.023849 0.112293 -0.000613
v -0.029705 0.104034 -0.019194
v -0.019035 0.116198 0.000872
v -0.007362 0.107237 -0.073675
v -0.023689 0.126416 -0.057731
v -0.023849 0.124579 -0.057119
v -0.025312 0.118591 -0.054148
v -0.005156 -0.044051 -0.170101
v -0.024895 0.087624 -0.035107
v -0.003990 0.073182 -0.098710
v -0.011587 0.091835 -0.166069
v -0.007797 0.022059 -0.112961
v -0.074363 0.097233 -0.142813
v -0.018362 0.109551 -0.164138
v -0.045239 0.143808 -0.121532
v -0.013659 0.118472 -0.147351
v -0.066719 -0.021582 -0.182080
v -0.115983 0.023984 -0.146320
v -0.112647 0.001239 -0.159649
v -0.092686 -0.012202 -0.171435
v -0.008198 0.021492 -0.166044
v -0.105843 -0.026193 -0.134776
v -0.097988 -0.076261 -0.134248
v -0.074478 -0.087524 -0.120027
v -0.066722 -0.068847 -0.080487
v -0.138311 -0.027257 -0.081836
v -0.144420 -0.019716 -0.093947
v -0.149277 0.044488 -0.033547
v -0.065741 0.115604 0.130427
v -0.008762 -0.015691 0.162671
v -0.006699 0.039383 0.172274
v -0.008081 0.000711 0.135986
v -0.019680 0.159879 0.066305
v -0.032501 0.139035 0.108037
v -0.015935 0.021633 -0.198255
v -0.128651 0.103090 -0.045349
v -0.112164 0.121985 -0.049923
v -0.049487 0.162610 -0.079150
v -0.062007 0.151334 0.002948
v -0.023873 0.171622 -0.045706
v -0.018808 0.148768 -0.066559
v -0.023683 0.130858 -0.001298
v -0.022518 0.129789 0.000100
v -0.011315 0.125496 -0.004021
v -0.152930 0.047647 0.007971
v -0.157502 0.033614 0.036082
v -0.155172 0.045084 0.044253
v -0.138891 0.097431 0.019389
v -0.096439 0.058306 0.168008
v -0.091181 0.099448 0.141834
v -0.110193 0.084294 0.090528
v -0.111688 0.083489 0.090926
v -0.132802 0.085536 0.042363
v -0.116346 0.083730 0.093223
v -0.125067 0.099945 0.068358
v -0.098743 0.100104 0.094580
v -0.126541 0.048677 0.121389
v -0.097004 0.072861 0.152632
v -0.109838 0.057620 0.162100
v -0.123112 0.066559 0.096911
v -0.099503 0.075387 0.145602
v -0.103887 0.097512 0.121644
v -0.126156 0.078234 0.036857
v -0.125263 0.087578 0.034437
v -0.116009 0.052215 0.136823
v -0.098113 0.097413 0.111536
v -0.128673 0.047398 0.082454
v -0.139880 0.064493 0.062058
v -0.139357 0.016809 -0.090703
v -0.097873 0.024753 -0.016155
v -0.118054 0.022269 0.035234
v -0.092484 -0.005814 0.071459
v -0.147968 0.028516 -0.065086
v -0.149891 -0.006096 -0.048383
v -0.064011 0.115749 0.139849
v -0.092126 0.111581 0.114655
v -0.095254 0.100297 0.100650
v -0.117716 0.114583 0.031925
v -0.096819 -0.000427 0.029299
v -0.121765 0.027730 -0.009531
v -0.140677 0.023491 -0.000433
v -0.076190 -0.035039 -0.015666
v -0.102928 0.011081 0.034109
v -0.124547 0.027461 -0.010703
v -0.155584 -0.023742 0.012561
v -0.147984 0.036353 -0.061771
v -0.133400 -0.047417 -0.021965
v -0.101246 0.042768 -0.058118
v -0.146681 -0.046213 -0.022344
v -0.118976 0.011893 0.084770
v -0.126415 0.106280 0.036742
v -0.092100 0.145194 0.062928
v -0.052303 0.149656 0.051956
v -0.050512 0.146257 0.088000
v -0.069318 0.150998 0.082119
v -0.047455 0.141451 0.101272
v -0.044050 0.134232 0.126839
v -0.049615 -0.027720 0.098289
v -0.051948 -0.027955 0.106754
v -0.044501 -0.025161 0.086022
v -0.044154 -0.025444 0.086236
v -0.055171 -0.016245 0.143620
v -0.069584 0.079579 0.176607
v -0.080990 0.060036 0.181443
v -0.069186 -0.020964 0.104863
v -0.070042 -0.022544 0.106147
v -0.064541 -0.039362 0.116848
v -0.049740 -0.027192 0.086411
v -0.045358 -0.027876 0.082815
v -0.044768 -0.021791 0.080767
v -0.081137 0.082029 0.169348
v -0.081999 -0.005281 0.144164
v -0.066568 0.005579 0.163263
v -0.049635 -0.007898 0.164104
v -0.037862 -0.020527 0.167080
v -0.064105 0.005760 0.173574
v -0.078604 -0.015481 0.115033
v -0.047657 -0.027865 0.085333
v -0.030399 -0.031810 0.071201
v -0.055707 -0.020868 0.146792
v -0.045685 -0.030431 0.150547
v -0.051015 -0.017949 0.157345
v -0.034682 -0.006483 0.188417
v -0.047312 -0.028850 0.091021
v -0.093118 0.008439 0.163969
v -0.087193 0.022805 0.176702
v -0.016517 -0.084927 -0.118356
v -0.036592 -0.047036 -0.076057
v -0.011091 -0.027051 -0.125479
v -0.019618 0.052504 -0.186524
v -0.006253 0.024393 -0.187513
v -0.009530 0.052604 -0.178564
v -0.018577 -0.030144 -0.097085
v -0.062174 0.023174 -0.199733
v -0.002774 -0.008711 -0.169588
v -0.005716 -0.085753 -0.140040
v -0.007532 -0.064666 -0.135664
v -0.016781 -0.001799 -0.144568
v -0.008597 -0.015833 -0.138979
v -0.026790 -0.022558 -0.084838
v -0.044385 0.100910 -0.170820
v -0.022745 -0.025182 -0.091722
v -0.002051 0.053803 -0.167685
v -0.023021 0.091391 -0.176926
v -0.009888 0.065543 -0.180213
v -0.027374 -0.019309 -0.095656
v -0.007670 0.034515 -0.145466
v -0.011817 0.085478 -0.179154
v -0.004415 0.104697 -0.143958
v 0.000084 0.077149 -0.127743
v -0.002242 0.076979 -0.135832
v -0.014569 0.049492 -0.086792
v -0.007749 0.068442 -0.113390
v -0.106119 0.094178 -0.119532
v -0.010697 0.117206 -0.082588
v -0.018918 0.122902 -0.058617
v -0.013635 0.112019 -0.046479
v -0.011562 0.152798 -0.060852
v -0.004404 0.139687 -0.078728
v -0.008085 0.091481 -0.138258
v -0.011419 -0.101672 -0.129739
v -0.007984 0.147018 0.094509
v -0.005071 0.153805 0.044345
v -0.010974 0.143324 0.073786
v -0.011687 0.154669 0.091998
v -0.008075 0.155162 0.015943
v -0.013452 0.140283 0.127370
v -0.008581 0.129427 0.125732
v -0.006451 0.125788 0.101628
v -0.007337 0.120692 0.121699
v -0.007047 0.111024 0.150785
v -0.006428 0.095250 0.163108
v -0.010274 0.061997 0.162080
v -0.007723 0.059727 0.165396
v -0.007595 0.093880 0.172830
v -0.007480 0.061981 0.191513
v -0.009695 0.085873 0.182083
v -0.012023 0.037591 0.146822
v -0.006477 0.016712 0.158270
v -0.007641 0.026257 0.194661
v -0.012706 0.026850 0.191437
v -0.015648 0.024936 0.163502
v -0.004707 0.026599 0.144687
v -0.009697 0.027787 0.196094
v -0.007365 0.006311 0.141982
v -0.006341 0.130766 0.043104
v -0.013457 0.125709 0.082456
v -0.011630 0.002475 0.089225
v -0.013797 0.135790 0.032585
v -0.008092 0.019900 0.122579
v -0.025211 0.051418 0.138668
v -0.011394 0.030862 0.136295
v -0.004952 0.139551 0.067108
v -0.013468 0.115814 0.010904
v -0.008292 0.109985 0.031469
v -0.025287 0.074999 0.101821
v -0.020115 0.062318 -0.077625
v -0.014742 0.031644 -0.089673
v -0.018681 -0.004585 0.190513
v -0.026296 0.036590 0.207583
v -0.014306 0.048628 0.082989
v -0.107964 0.046021 0.163035
v -0.046638 0.165569 0.055380
v -0.074579 0.055239 0.187967
v -0.071012 0.061482 0.196416
v -0.005035 0.022223 0.189959
v -0.008489 0.162241 0.020655
v -0.117156 0.036493 0.140754
v -0.059152 0.160231 0.003395
v -0.136743 0.091051 -0.003514
v -0.128742 0.110708 0.030657
v -0.121096 0.098069 0.032502
v -0.094528 0.122676 0.098427
v -0.104935 0.105535 0.096700
v -0.088117 0.107009 0.135323
v -0.006961 0.126012 0.131511
v -0.008922 0.118202 0.152472
v -0.098755 0.051661 0.162742
v -0.027689 0.087305 -0.177538
v -0.006286 0.056751 -0.141496
v -0.016816 0.085746 -0.016390
v -0.015274 0.081995 0.091316
v -0.003688 0.087579 -0.159798
v -0.001829 0.064765 -0.147431
v -0.096973 -0.070218 -0.037047
v -0.094926 -0.069299 -0.027763
v -0.096168 -0.068943 -0.034503
v -0.095999 -0.068848 -0.034640
v -0.094850 -0.069299 -0.027774
v -0.127002 -0.074793 -0.005717
v -0.054678 -0.059449 -0.002614
v -0.052714 -0.062405 0.001490
v -0.045763 -0.080372 0.046243
v -0.059081 -0.022966 0.090241
v -0.034709 -0.041926 0.080318
v -0.030858 -0.051075 0.073896
v -0.053628 -0.072375 0.043181
v -0.096579 -0.082868 0.013127
v -0.095074 -0.050736 0.104557
v -0.096816 -0.024612 0.115317
v -0.097491 -0.047716 0.106808
v -0.107843 -0.054711 0.101881
v -0.117394 -0.072605 0.084969
v -0.134991 -0.078721 0.060167
v -0.092391 -0.038969 0.115767
v -0.084035 -0.066869 0.096117
v -0.070169 -0.094270 0.063033
v -0.087007 -0.085144 0.025575
v -0.114798 -0.090970 0.051341
v -0.073291 -0.079901 0.093371
v -0.048012 -0.032112 0.089778
v -0.051405 -0.025079 0.076265
v -0.108363 0.009134 0.085240
v -0.100016 0.002061 0.088794
v -0.112642 0.001087 0.095811
v -0.124297 -0.045139 0.087354
v -0.140204 -0.029295 0.067497
v -0.147087 -0.021051 0.063281
v -0.159399 0.007843 0.021872
v -0.079118 -0.075499 0.004287
v -0.039312 -0.037889 -0.059571
v -0.075471 -0.023517 -0.047097
v -0.057193 -0.064750 -0.083178
v -0.041219 -0.011714 -0.064967
v -0.018394 -0.000436 -0.087118
v -0.102066 -0.068040 -0.134007
v -0.118995 -0.055580 -0.097082
v -0.133443 -0.077451 0.023529
v -0.115072 -0.069999 -0.072270
v -0.130978 -0.047875 -0.015995
v -0.131655 -0.075050 -0.030591
v -0.097474 -0.071521 -0.063441
v -0.150940 -0.019319 0.026985
v -0.147117 0.009707 -0.065368
v -0.016612 -0.076645 -0.119632
v -0.028299 -0.125840 -0.149170
v -0.135599 0.041155 -0.126102
v -0.112914 -0.007380 -0.148975
v -0.054625 -0.057078 -0.193326
v -0.069670 0.060690 -0.179761
v -0.010392 -0.014038 -0.184294
v -0.112372 -0.028121 -0.165901
v -0.114986 -0.053991 -0.131323
v -0.120855 -0.014164 -0.123661
v -0.131619 -0.050170 -0.095695
v -0.141292 0.024090 -0.114081
v -0.020488 0.042208 -0.061455
v -0.021837 -0.041259 0.105277
v -0.034115 -0.022438 0.173197
v -0.024917 0.033636 0.206745
v -0.024458 0.170504 0.033317
v -0.011286 0.096331 -0.164188
v -0.011709 0.090206 -0.169123
v -0.021085 0.031389 -0.199247
v -0.089113 0.083291 -0.151637
v -0.080485 0.025773 -0.192829
v -0.049621 -0.001373 -0.204136
v -0.111411 0.028647 -0.153717
v -0.019007 -0.098412 -0.169298
v -0.081818 -0.072930 -0.150612
v -0.106792 -0.033373 -0.148463
v -0.122147 -0.044861 -0.094087
v -0.144448 0.019595 -0.091526
v -0.043458 0.136407 -0.135317
v -0.057374 0.115612 -0.153605
v -0.110905 0.082012 -0.093433
v -0.132680 0.092260 -0.049527
v -0.084291 0.060553 -0.055910
v -0.097897 0.050884 -0.064369
v -0.140672 0.038660 -0.062234
v -0.149981 0.066857 -0.039339
v -0.052107 0.131747 -0.082972
v -0.057821 0.129099 -0.081216
v -0.058021 0.129205 -0.083794
v -0.005506 0.106700 -0.100627
v -0.008557 0.135674 -0.109650
v -0.011881 0.136453 -0.096492
v -0.075532 0.054816 0.030600
v -0.109849 0.029352 0.009217
v -0.124715 0.028182 0.016098
v -0.122462 0.082936 -0.005243
v -0.121169 0.086139 -0.007619
v -0.107806 0.100882 -0.025582
v -0.101086 0.034946 0.018490
v -0.033200 0.136674 0.110273
v -0.052773 0.111145 0.157253
v -0.057015 0.103308 0.164589
v -0.058525 0.034234 0.199297
v -0.136963 0.039496 0.090715
v -0.126236 0.061165 0.084114
v -0.128891 0.009169 0.099731
v -0.126155 0.014278 0.083758
v -0.140823 0.020837 0.101089
v -0.142046 0.019344 0.075478
v -0.127604 0.009643 0.108765
v -0.122025 0.015345 0.119032
v -0.133121 0.076626 0.062415
v -0.129236 0.069505 0.048636
v -0.116333 0.034981 0.138978
v -0.111791 0.040731 0.116037
v -0.120167 0.042670 0.115854
v -0.126186 0.063874 0.091206
v -0.105176 0.019717 0.072500
v -0.090202 0.028812 0.077012
v -0.117257 0.013466 0.077950
v -0.110194 0.004940 0.096066
v -0.103597 0.009223 0.095163
v -0.112557 0.014200 0.073169
v -0.094385 0.029855 0.065948
v -0.103878 0.022039 0.065905
v -0.107139 0.018774 0.066987
v -0.131342 0.018779 0.063983
v -0.113128 0.017349 0.064490
v -0.118072 0.012659 0.077641
v -0.094230 0.098213 0.103343
v -0.090362 0.106708 0.101999
v -0.095645 0.069917 0.153231
v -0.098312 0.058401 0.160703
v -0.094033 0.155664 0.015539
v -0.117989 0.021103 0.056490
v -0.123833 0.016280 0.082165
v -0.080887 0.145789 0.040972
v -0.082769 0.136635 0.039157
v -0.124622 0.026619 0.130522
v -0.087901 0.078004 0.167899
v -0.036164 0.127619 0.119716
v -0.065524 0.163148 0.044323
v -0.060585 0.106178 0.158227
v -0.138609 0.028195 0.010490
v -0.137480 0.070945 0.049756
v -0.020937 0.058021 0.040496
v -0.048154 0.059495 0.050746
v -0.003560 0.117709 0.063842
v -0.113284 -0.008796 0.117102
v -0.148023 0.008346 0.073671
v -0.146897 0.040722 -0.084235
v -0.085892 -0.019917 0.135000
v -0.077373 -0.013324 0.113478
v -0.114240 0.003277 0.102196
v -0.083543 -0.021363 0.119173
v -0.040996 -0.034904 0.082030
v -0.016583 -0.029551 0.082261
v -0.073616 0.016372 -0.081462
v -0.131659 0.047379 0.108945
v -0.008956 0.128794 0.125809
v -0.008291 0.149248 0.084927
v -0.010082 -0.024570 0.127961
v -0.013694 -0.016585 0.058744
v -0.007802 -0.018907 0.112111
v -0.008469 -0.017429 0.159937
v -0.054446 -0.031990 0.115059
v -0.077508 -0.000875 -0.066806
v -0.048188 -0.038511 -0.044191
v -0.062941 0.064567 -0.003451
v -0.022274 0.048836 0.069524
v -0.022474 0.035625 -0.050820
v -0.013906 0.054431 0.077351
v -0.019442 0.065598 -0.019755
v -0.022716 0.058102 -0.014578
v -0.080290 -0.073319 -0.002148
v -0.058915 -0.049311 0.022613
v -0.055092 -0.090817 0.054893
v -0.053333 -0.045538 0.015655
v -0.083561 -0.029620 0.057691
v -0.035969 0.068256 -0.000153
v -0.073713 -0.013017 0.085216
v -0.096926 0.058022 -0.079431
v -0.052164 -0.045587 0.030150
v -0.022459 0.042936 -0.046480
v -0.023112 0.024876 -0.059357
v -0.025339 0.047271 -0.042502
v -0.015360 0.064540 0.018252
v -0.019059 0.011334 0.046997
v -0.020506 -0.020874 0.050227
v -0.068701 -0.017801 0.104467
v -0.102586 -0.006426 0.109952
v -0.105798 -0.002611 0.106845
v -0.102574 -0.005131 0.109690
v -0.108809 0.003945 0.097830
v -0.118014 0.011834 0.077788
v -0.119572 0.017470 0.064518
v -0.109455 0.021692 0.061588
v -0.117494 0.043410 -0.048537
v -0.149312 0.034789 -0.023711
v -0.127392 0.026762 -0.008551
v -0.120869 0.040937 -0.045208
v -0.099072 0.063910 -0.082289
v -0.100395 0.063854 -0.082875
v -0.111083 0.041793 -0.063383
v -0.110904 0.028331 -0.010712
v -0.109719 -0.001372 0.098878
v -0.080091 -0.017100 0.105425
v -0.080755 -0.022203 0.109865
v -0.075703 -0.033716 0.111371
v -0.091082 -0.022934 0.112125
v -0.039019 -0.033678 0.076369
v -0.064283 -0.026716 0.099750
v -0.045799 -0.044532 0.095256
v -0.121614 0.017803 0.063850
v -0.127119 0.040843 -0.048958
v -0.010802 -0.013828 0.086583
v -0.021096 0.007273 -0.092499
v -0.013477 0.013234 0.063616
v -0.010620 -0.001915 0.067176
v -0.019486 0.029765 0.079621
v -0.013436 0.013597 0.058643
v -0.015204 0.031379 0.082964
v -0.014224 0.049739 0.082371
v -0.016193 0.055060 0.061046
v -0.031591 0.041087 -0.058408
v -0.020745 0.031112 -0.061866
v -0.019799 -0.026208 0.065560
v -0.018465 0.063147 -0.004562
v -0.020307 0.056556 -0.033192
v -0.128988 0.023274 0.036068
v -0.112892 0.046875 -0.066163
v -0.123912 0.002569 0.127255
v -0.136238 0.023884 0.088015
v -0.151621 0.032544 0.015603
v -0.114825 -0.088267 0.032248
v -0.091342 -0.081076 -0.131367
v -0.035759 0.120925 0.153194
v -0.056362 0.041427 0.202809
v -0.065440 -0.001605 0.170326
v -0.050816 -0.115154 -0.142614
v -0.005573 0.149072 0.065095
v -0.009225 0.153050 0.073400
v -0.006317 0.098599 -0.154726
v -0.013694 -0.010530 0.182837
v -0.007899 -0.014228 0.147006
v -0.011187 -0.003519 0.191964
v -0.008282 0.066598 0.161308
v -0.007703 0.112457 0.152789
v -0.013758 0.158902 -0.016700
v -0.014419 -0.047135 -0.095530
v -0.002962 0.092932 -0.117376
v -0.010177 0.090174 -0.052307
v -0.012010 -0.004514 -0.148176
v -0.006048 -0.004987 0.158964
v -0.007627 0.106703 0.102228
v -0.006052 0.075624 0.152687
v -0.009205 0.134598 0.005373
v -0.008425 0.142717 0.007277
v -0.110611 0.104069 -0.099518
v -0.128499 0.043154 -0.066679
v -0.135699 -0.049589 -0.040319
v -0.149344 0.016174 -0.082518
v -0.053277 -0.095792 0.062059
v -0.067423 -0.071547 0.091956
v -0.074086 -0.081054 -0.030091
v -0.012332 0.091786 -0.164801
v -0.030546 0.161604 -0.082147
v -0.007170 0.114084 -0.144556
v -0.090020 0.131886 0.085214
v -0.032796 0.029625 0.206710
v -0.021763 0.082248 0.188858
v -0.012071 -0.033555 0.132891
v -0.013815 -0.021522 0.171759
v -0.069584 0.050684 -0.082575
v -0.059861 0.054293 -0.074368
v -0.047885 0.050735 -0.074686
v -0.057533 0.064324 -0.007058
v -0.070790 0.002494 0.108535
v -0.071154 -0.000985 -0.083428
v -0.037141 0.017639 -0.060607
v -0.045879 0.066822 -0.049256
v -0.066395 0.008311 -0.101963
v -0.052773 0.028507 -0.092384
v -0.036080 0.060723 -0.052879
v -0.049923 0.039633 0.105951
v -0.035775 0.016260 0.090344
v -0.026045 -0.008554 0.050352
v -0.031275 0.052018 -0.043780
v -0.074400 -0.009809 0.113491
v -0.065678 0.051240 0.077625
v -0.069877 0.037931 0.099927
v -0.078766 0.045094 0.060728
v -0.071337 0.062739 -0.059222
v -0.084882 0.059436 -0.077516
v -0.074934 -0.015180 -0.062345
v -0.065634 0.023385 -0.098334
v -0.057752 0.036278 -0.091977
v 0.060496 0.050990 -0.189510
v 0.045489 0.059279 -0.181633
v 0.058821 0.162911 -0.004929
v 0.008359 0.002940 0.190031
v 0.017169 0.014583 0.199988
v 0.002029 0.016343 -0.172307
v 0.007987 -0.003782 -0.180218
v 0.012236 -0.015129 -0.162118
v 0.006873 -0.017178 -0.164196
v 0.009644 -0.017231 -0.168697
v 0.010134 -0.017071 -0.167084
v 0.013252 0.088365 -0.035957
v 0.004423 0.075573 -0.037711
v 0.005158 0.086438 -0.022272
v 0.010646 0.071224 -0.021786
v 0.008560 0.072332 -0.021608
v 0.008396 0.068843 -0.030486
v 0.007357 0.081999 0.030350
v 0.002506 0.091436 0.029900
v 0.004148 0.085050 0.052069
v 0.007462 0.078631 0.052054
v 0.009313 0.065375 0.101650
v 0.005491 0.058224 0.094491
v 0.008531 0.058044 0.092211
v 0.007329 0.057445 0.093875
v 0.009794 0.039861 0.096086
v 0.007655 0.038947 0.095572
v 0.009536 0.044695 0.096892
v 0.007941 0.027177 0.088466
v 0.010276 0.067637 0.080548
v 0.072355 -0.069143 0.092925
v 0.081864 -0.065448 0.094468
v 0.071996 -0.067469 0.091453
v 0.080418 -0.011817 0.136548
v 0.049413 -0.010264 0.161176
v 0.084964 0.002272 -0.178534
v 0.084870 0.003451 -0.181660
v 0.075042 0.029226 -0.189533
v 0.084215 0.059489 -0.175454
v 0.111695 0.074872 -0.141754
v 0.116719 0.064505 -0.143167
v 0.112039 0.040443 -0.158588
v 0.050886 0.162269 -0.071164
v 0.113838 0.020955 -0.152695
v 0.112748 0.000892 -0.157977
v 0.157030 -0.013682 -0.010289
v 0.007777 0.063667 -0.167904
v 0.007951 -0.044940 -0.162871
v 0.007332 -0.053474 -0.160245
v 0.007698 -0.050005 -0.161029
v 0.006111 -0.076521 -0.151639
v 0.008175 -0.023309 -0.165195
v 0.009292 -0.080340 -0.155334
v 0.013519 0.008529 -0.092376
v 0.008584 0.037313 -0.090794
v 0.009996 0.016828 -0.090473
v 0.075015 0.099901 0.144606
v 0.086031 0.112441 0.132190
v 0.004490 0.131369 0.072820
v 0.007631 0.136194 0.071177
v 0.010267 0.153376 0.091867
v 0.065776 0.149115 0.003664
v 0.057550 0.150422 0.016972
v 0.058471 0.146313 0.006938
v 0.057399 0.153545 0.026317
v 0.057759 0.147872 0.009860
v 0.057617 0.150629 0.017211
v 0.055811 0.154506 0.035289
v 0.055371 0.155147 0.037590
v 0.057498 0.153647 0.026555
v 0.055872 0.154457 0.035504
v 0.047402 0.142406 0.093380
v 0.046021 0.141602 0.096838
v 0.045970 0.141684 0.096823
v 0.047601 0.142745 0.089462
v 0.043383 0.140838 0.100386
v 0.045984 0.141652 0.096843
v 0.039100 0.139640 0.103231
v 0.043231 0.140970 0.100388
v 0.039258 0.139637 0.103162
v 0.038904 0.139651 0.103297
v 0.031459 0.144968 0.108362
v 0.006034 0.133913 0.122171
v 0.005229 0.109972 0.106285
v -0.002422 0.096516 0.110596
v 0.066938 -0.077504 0.020359
v 0.043927 -0.118845 -0.165033
v 0.058859 0.008007 -0.185271
v 0.056722 0.024195 -0.192300
v 0.060864 0.044077 -0.183248
v 0.038198 0.035679 -0.199115
v 0.003345 0.038085 -0.162407
v 0.006954 0.036433 -0.161806
v 0.002179 0.058506 -0.152876
v 0.088669 0.114182 -0.107297
v 0.097957 0.113236 -0.102163
v 0.084588 0.128443 -0.108581
v 0.046957 0.153079 -0.051083
v 0.038518 0.126675 0.118701
v 0.039072 0.125306 0.121417
v 0.039266 0.122962 0.125314
v 0.038267 0.129266 0.114392
v 0.022387 0.140776 0.134019
v 0.115277 0.114128 0.026170
v 0.100812 0.143992 -0.008408
v 0.056750 0.091650 0.171373
v 0.010567 0.095617 0.171180
v 0.050133 0.153466 -0.052492
v 0.012855 0.157640 -0.060878
v 0.028705 0.159372 -0.058311
v 0.113711 0.048299 -0.132161
v 0.094408 0.057256 -0.156784
v 0.119443 0.043059 -0.147408
v 0.119508 0.046277 -0.142769
v 0.043634 0.090880 -0.177583
v 0.028242 0.047904 -0.197349
v 0.036480 0.050338 -0.193232
v 0.029121 0.030624 -0.196357
v 0.029526 0.034480 -0.196108
v 0.044250 0.020722 -0.203185
v 0.041946 0.068311 -0.184202
v 0.094804 0.050577 -0.163039
v 0.143405 -0.031378 0.061207
v 0.127127 -0.029835 0.074051
v 0.141659 -0.026021 0.054266
v 0.129415 -0.038133 0.099395
v 0.114058 -0.015830 0.114726
v 0.146679 -0.058707 0.060524
v 0.133606 -0.043636 0.079350
v 0.123966 -0.048257 0.079018
v 0.016805 0.057399 0.038275
v 0.115028 0.099611 -0.092039
v 0.128173 0.079111 -0.085956
v 0.120671 -0.034869 -0.140241
v 0.105997 -0.048121 -0.156716
v 0.032080 0.068505 -0.180595
v 0.063011 0.068067 -0.170950
v 0.031347 0.068331 -0.176363
v 0.024905 0.077231 -0.183505
v 0.065925 0.070963 -0.168221
v 0.085747 0.122246 -0.112787
v 0.106631 0.080246 -0.138964
v 0.088109 0.083654 -0.143180
v 0.103589 0.081472 -0.138817
v 0.102036 0.082924 -0.139559
v 0.097090 0.083094 -0.142262
v 0.092324 0.084035 -0.146207
v 0.093458 0.082319 -0.144491
v 0.103797 0.083197 -0.137716
v 0.102521 0.086133 -0.138957
v 0.078189 0.073168 -0.170714
v 0.087872 0.085821 -0.153369
v 0.090799 0.080569 -0.147133
v 0.103431 0.085390 -0.135680
v 0.100377 0.082841 -0.140514
v 0.096674 0.083043 -0.142538
v 0.092828 0.082049 -0.144933
v 0.091136 0.081113 -0.146460
v 0.106335 0.075844 -0.147053
v 0.026837 -0.061076 -0.183779
v 0.002434 -0.042357 -0.175769
v 0.014709 0.011021 -0.184983
v 0.018912 0.013621 -0.187671
v 0.021704 0.012487 -0.184552
v 0.106414 -0.006149 -0.146781
v 0.077665 0.022838 -0.168133
v 0.082805 0.037245 -0.161905
v 0.094333 0.032114 -0.173101
v 0.082589 0.027026 -0.175779
v 0.084387 0.004856 -0.171903
v 0.096297 0.018209 -0.174677
v 0.119366 0.070403 -0.130550
v 0.124919 0.053869 -0.129714
v 0.121336 0.076638 -0.127142
v 0.063619 0.121752 0.119650
v 0.060002 0.130086 0.116618
v 0.062783 0.122466 0.118985
v 0.054086 0.130607 0.123801
v 0.097566 0.140424 -0.038003
v 0.067046 0.159878 -0.046386
v 0.079459 0.143463 -0.041907
v 0.051008 0.152257 -0.049970
v 0.047233 0.157209 -0.050461
v 0.040420 0.168137 -0.035376
v 0.007152 0.070660 -0.157004
v 0.010817 0.077583 0.051307
v 0.013782 0.079710 0.018309
v 0.000325 0.065508 -0.080393
v 0.005264 0.082388 -0.072009
v 0.001466 0.061577 -0.108816
v 0.004762 0.089791 -0.093569
v -0.000636 0.089268 -0.092309
v 0.008048 0.085593 -0.043621
v 0.014942 0.072411 -0.062799
v 0.010451 0.071863 -0.107651
v 0.016117 0.087785 -0.040461
v 0.016310 0.078276 -0.051181
v 0.015137 0.072367 -0.062683
v 0.014683 0.066323 -0.075040
v 0.014296 0.064960 -0.079906
v 0.011258 0.087324 -0.096068
v 0.014617 0.087093 -0.045572
v 0.005568 0.114619 -0.099306
v 0.010605 0.126533 -0.052491
v 0.011272 0.129444 -0.053074
v 0.014129 0.121035 -0.049324
v 0.016890 0.103793 -0.032318
v 0.001279 0.091971 -0.036948
v 0.009135 0.144291 -0.088970
v 0.011546 0.115747 0.013664
v 0.011189 0.115878 0.004690
v 0.011045 0.096703 0.044835
v 0.015392 0.098732 -0.021773
v 0.007339 0.098443 0.023916
v 0.015522 0.113105 -0.001242
v 0.097987 -0.077543 -0.077844
v 0.110163 -0.049325 -0.113034
v 0.103656 -0.068312 -0.094602
v 0.112779 -0.052729 -0.104210
v 0.098363 -0.065771 -0.092245
v 0.100568 -0.064893 -0.095531
v 0.111994 -0.055369 -0.103785
v 0.110674 -0.067145 -0.097084
v 0.117027 -0.058646 -0.113062
v 0.079104 -0.095317 -0.124055
v 0.112610 0.116863 -0.043775
v 0.108462 0.103103 -0.024750
v 0.090673 0.141228 -0.072039
v 0.080356 0.140663 -0.043920
v 0.070951 0.155313 -0.069569
v 0.107371 0.114298 -0.032739
v 0.098806 0.142318 -0.009384
v 0.004404 0.088632 0.055126
v 0.003555 0.034016 -0.114187
v 0.011749 0.019217 -0.133931
v 0.003585 0.049896 -0.137331
v 0.007669 0.110177 -0.150429
v 0.003153 0.095420 -0.145650
v 0.011936 0.113390 -0.151813
v 0.009660 0.089807 -0.177591
v 0.031542 0.127247 -0.137151
v 0.040399 0.126731 -0.135495
v 0.046978 0.131918 -0.133024
v 0.037353 0.126462 -0.135621
v 0.044887 0.129740 -0.133924
v 0.038675 0.129022 -0.139929
v 0.020673 0.129325 -0.139301
v 0.016386 0.130062 -0.139950
v 0.026629 0.130277 -0.137335
v 0.041527 0.128051 -0.136507
v 0.038972 0.126251 -0.135599
v 0.059728 0.139180 -0.116903
v 0.047899 0.136898 -0.131551
v 0.040894 0.121423 -0.150269
v 0.049483 0.103134 -0.152449
v 0.011679 0.068656 -0.175246
v 0.048914 0.112876 -0.160254
v 0.077131 0.130461 -0.102790
v 0.053242 0.137794 -0.112269
v 0.008468 0.130436 -0.116250
v 0.091839 0.095392 -0.123883
v 0.064741 0.122808 -0.129927
v 0.057238 0.143520 -0.113465
v 0.064221 0.125435 -0.119148
v 0.060267 0.131083 -0.115604
v 0.003354 0.138499 -0.098172
v 0.083146 0.116337 -0.133813
v 0.104685 0.090188 -0.103043
v 0.007699 -0.007518 -0.178021
v 0.012882 -0.002511 -0.180906
v 0.055084 -0.011179 -0.187211
v 0.054509 -0.001499 -0.181936
v 0.054588 0.000092 -0.182805
v 0.058002 0.004161 -0.185232
v 0.057594 0.003307 -0.188933
v 0.055243 -0.001359 -0.192849
v 0.088442 0.043743 -0.164037
v 0.084076 0.031995 -0.182861
v 0.114871 0.053788 -0.139544
v 0.095930 0.062590 -0.159654
v 0.094170 0.057726 -0.154117
v 0.066731 0.095602 -0.154440
v 0.050053 -0.075894 -0.183061
v 0.016159 -0.046844 -0.188029
v 0.005943 -0.085681 -0.170285
v 0.000621 -0.035993 -0.168753
v 0.005661 -0.001757 -0.169018
v 0.033560 -0.065884 -0.186431
v 0.031084 -0.115927 -0.170584
v 0.012261 -0.095609 -0.170640
v 0.002398 -0.068599 -0.156386
v 0.061555 -0.017244 -0.189057
v 0.055086 -0.003180 -0.182490
v 0.113174 -0.007526 -0.148193
v 0.067154 -0.080917 -0.150412
v 0.079271 -0.066384 -0.144245
v 0.079220 -0.066337 -0.144323
v 0.059287 -0.093443 -0.153111
v 0.062628 -0.087971 -0.150273
v 0.088785 -0.058491 -0.137767
v 0.088887 -0.058411 -0.137971
v 0.112300 -0.052272 -0.083468
v 0.111673 -0.049114 -0.094883
v 0.095854 -0.054256 -0.131766
v 0.098773 -0.052929 -0.129129
v 0.100636 -0.052299 -0.127336
v 0.095855 -0.054336 -0.131751
v 0.105995 -0.050845 -0.122138
v 0.107488 -0.061664 -0.148024
v 0.121038 -0.053142 -0.118644
v 0.022845 0.170882 -0.024194
v 0.010534 0.155248 0.083151
v 0.027271 0.162471 0.078267
v 0.035907 0.165174 0.058635
v 0.019711 0.162211 0.061792
v 0.018749 0.162686 0.061278
v 0.023972 0.161823 0.064217
v 0.018927 0.162310 0.058838
v 0.018766 0.164352 0.052361
v 0.013362 0.162360 0.065401
v 0.017019 0.162252 0.063059
v 0.041263 0.164340 -0.036811
v 0.099666 0.128617 0.006685
v 0.100326 0.135569 0.004676
v 0.035009 0.137333 0.106126
v 0.057681 0.153661 0.026082
v 0.055397 0.153375 0.040379
v 0.043472 0.140801 0.100378
v 0.038864 0.139368 0.103279
v 0.048209 0.148347 0.060475
v 0.047399 0.142466 0.093384
v 0.047946 0.142810 0.089509
v 0.099772 0.052117 0.162625
v 0.014780 0.095226 -0.021284
v 0.018870 0.120452 0.152018
v 0.037837 0.120135 0.136044
v 0.039875 0.126167 0.130719
v 0.037951 0.129375 0.114436
v 0.035068 0.132306 0.109304
v 0.036700 0.131068 0.111786
v 0.036721 0.131076 0.111752
v 0.034205 0.133141 0.107946
v 0.032985 0.134870 0.104109
v 0.032731 0.137266 0.104699
v 0.032448 0.134718 0.104608
v 0.030942 0.140722 0.102083
v 0.037092 0.160534 0.088772
v 0.006233 0.162808 0.050669
v 0.006309 0.161923 0.054972
v 0.005445 0.163963 0.022908
v 0.000881 0.134095 0.062800
v 0.002526 0.153316 0.046921
v 0.003066 0.120775 0.101313
v -0.000088 0.109417 0.130963
v 0.051385 0.113731 0.154297
v 0.045646 0.129405 0.131998
v 0.029947 0.147595 0.101579
v 0.032748 0.141064 0.104233
v 0.035890 0.123631 0.147229
v 0.023846 0.129617 0.147309
v 0.072431 0.128066 0.109090
v 0.081399 0.119989 0.113710
v 0.062532 0.122583 0.119258
v 0.057478 0.124334 0.125454
v 0.059047 0.119994 0.121871
v 0.064158 0.122467 0.126966
v 0.072345 0.122145 0.117507
v 0.074842 0.129325 0.088281
v 0.095783 0.100249 0.101042
v 0.103116 0.093957 0.115766
v 0.089250 0.107298 0.102131
v 0.085995 0.110271 0.103437
v 0.082669 0.113438 0.104458
v 0.075712 0.123502 0.100818
v 0.089991 0.106537 0.102105
v 0.092917 0.097144 0.102831
v 0.091082 0.103304 0.101701
v 0.092870 0.095466 0.102890
v 0.070265 0.059954 0.173856
v 0.072716 0.058288 0.184178
v 0.066474 0.085678 0.167201
v 0.068904 0.061420 0.174384
v 0.062729 0.081381 0.165015
v 0.050886 0.028651 0.192721
v 0.067179 0.030744 0.193563
v 0.072461 0.065794 0.186850
v 0.031470 0.106914 0.164627
v 0.036972 0.095637 0.174308
v 0.046380 0.098094 0.170302
v 0.081444 0.098815 0.133832
v 0.127343 0.078601 0.035970
v 0.143980 0.070801 0.030394
v 0.134161 0.078993 0.034422
v 0.140784 0.091869 0.028146
v 0.134840 0.078583 0.044419
v 0.132252 0.067330 0.049829
v 0.130846 -0.045783 -0.011497
v 0.102246 -0.071487 0.009256
v 0.092008 -0.080476 0.003255
v 0.100250 -0.082364 -0.017033
v 0.090786 -0.070632 -0.007503
v 0.137674 -0.048162 -0.007929
v 0.105104 -0.080121 0.010656
v 0.097971 -0.070725 0.003451
v 0.057338 -0.059986 -0.002733
v 0.084010 -0.075869 0.013503
v 0.106342 -0.078985 0.064156
v 0.114123 -0.087455 0.061918
v 0.112264 -0.088817 0.057178
v 0.099196 -0.081905 0.072889
v 0.093684 -0.084161 0.080008
v 0.041936 -0.052336 -0.044716
v 0.091350 -0.058989 0.103598
v 0.091308 -0.051839 0.106880
v 0.118914 -0.044657 0.107486
v 0.099391 -0.050126 0.099192
v 0.122247 0.088425 -0.055438
v 0.139791 0.061211 -0.073024
v 0.093247 0.109430 -0.074142
v 0.085847 0.116214 -0.077946
v 0.081468 0.119458 -0.080083
v 0.079437 0.122478 -0.081613
v 0.085298 0.116570 -0.078194
v 0.092718 0.110287 -0.074378
v 0.112910 0.043518 -0.058446
v 0.125553 0.087757 -0.054262
v 0.113253 0.093909 -0.060661
v 0.146546 0.071853 -0.036917
v 0.133403 0.074568 -0.038602
v 0.044373 0.146663 -0.090113
v 0.048598 0.135191 -0.083401
v 0.018059 0.139404 -0.086387
v 0.048428 0.135195 -0.083561
v 0.054391 0.132675 -0.083723
v 0.059334 0.143834 -0.093863
v 0.061064 0.130126 -0.083846
v 0.054562 0.132715 -0.083549
v 0.061161 0.130282 -0.083884
v 0.068647 0.127680 -0.084235
v 0.135530 0.033776 -0.043266
v 0.146666 0.056608 -0.072136
v 0.147665 0.070552 -0.046535
v 0.135280 0.071397 -0.038047
v 0.116917 0.114569 -0.066017
v 0.083569 0.131008 -0.091194
v 0.073582 0.122846 -0.106476
v 0.121539 -0.053450 -0.062234
v 0.111813 -0.073006 -0.072915
v 0.116217 -0.064367 -0.074002
v 0.128999 -0.057912 -0.065070
v 0.124901 -0.049855 -0.125856
v 0.118544 0.084878 -0.100901
v 0.124549 0.047792 -0.115556
v 0.129594 0.052477 -0.121198
v 0.134261 0.019401 -0.123650
v 0.129364 0.001039 -0.126508
v 0.131916 -0.003163 -0.125549
v 0.125860 0.018192 -0.122376
v 0.126648 0.001862 -0.121775
v 0.127788 0.019061 -0.122923
v 0.138791 -0.020923 -0.092522
v 0.145463 -0.035163 -0.068892
v 0.152792 -0.001871 -0.098308
v 0.122178 -0.013414 -0.130197
v 0.135025 -0.024700 -0.088722
v 0.130852 -0.021110 -0.094663
v 0.129310 -0.019932 -0.098166
v 0.138126 -0.049485 -0.023919
v 0.142643 -0.041622 -0.041436
v 0.136794 -0.049998 -0.041290
v 0.143296 -0.039627 -0.042588
v 0.127422 -0.043369 -0.037406
v 0.143117 -0.055064 0.026715
v 0.136191 -0.045773 -0.001987
v 0.144354 -0.063233 0.049925
v 0.143109 -0.058121 0.044402
v 0.146008 0.020856 -0.090180
v 0.133640 0.019373 -0.096180
v 0.153280 0.018263 -0.071499
v 0.145623 0.009780 -0.064905
v 0.140865 0.006816 -0.063492
v 0.152638 -0.007025 0.011678
v 0.154239 0.005286 0.011451
v 0.114058 0.029291 -0.011652
v 0.119611 0.029753 -0.008653
v 0.146501 0.021758 -0.007997
v 0.153014 -0.010074 -0.035753
v 0.154010 0.012676 -0.015808
v 0.143170 0.017972 0.037323
v 0.146408 0.019959 0.036718
v 0.126167 0.025049 0.035627
v 0.125106 0.020014 0.059221
v 0.148785 -0.016857 0.015966
v 0.145044 -0.014947 0.009227
v 0.148769 -0.007213 -0.018005
v 0.133953 -0.023506 0.051234
v 0.148094 -0.013288 0.041030
v 0.141022 -0.013971 0.034840
v 0.146725 -0.013467 0.042414
v 0.145405 -0.024087 0.057943
v 0.120829 -0.010680 0.101452
v 0.126679 -0.018239 0.098169
v 0.129566 -0.029818 0.082163
v 0.108878 -0.000647 0.099315
v 0.005222 0.143632 0.099132
v 0.004685 -0.014314 0.150008
v 0.005796 -0.019242 0.136515
v 0.005954 -0.009055 0.172815
v 0.006831 -0.002874 0.184485
v -0.001148 0.020839 0.147685
v 0.000939 -0.007924 0.127075
v 0.079917 -0.006306 0.142194
v 0.067279 -0.003687 0.150170
v 0.066683 0.000568 0.157467
v 0.132146 0.099344 -0.012302
v 0.009768 0.106579 -0.149655
v 0.013576 0.124594 -0.145896
v 0.008687 0.162397 -0.024231
v 0.007787 0.163158 -0.020714
v 0.008158 0.163306 -0.025131
v 0.003838 0.151391 -0.017909
v 0.008770 0.142067 -0.052550
v 0.006909 0.074191 -0.162372
v 0.017225 0.007213 -0.090011
v 0.010144 0.007868 -0.105241
v 0.012662 0.012987 -0.073654
v 0.028949 -0.017115 -0.068960
v 0.016416 0.004927 -0.070784
v 0.012284 0.035711 -0.124939
v 0.014593 0.015721 -0.117619
v 0.003378 0.035115 -0.132550
v 0.006298 0.046607 -0.120708
v 0.011227 0.008301 -0.136869
v 0.005433 0.028619 -0.128924
v 0.008283 0.008093 -0.140696
v 0.004240 0.042805 -0.141288
v 0.005719 0.075273 -0.026828
v 0.007768 0.089891 -0.019029
v -0.001023 0.045900 0.130867
v -0.000980 0.061565 0.128662
v 0.018229 0.104771 -0.018196
v 0.011660 0.113763 0.001757
v 0.019982 0.118935 0.002185
v 0.005783 0.124844 0.002228
v 0.008764 0.139237 -0.102355
v 0.009180 0.131437 -0.083365
v -0.000295 0.142304 -0.070963
v -0.000880 0.127044 -0.069063
v -0.000480 0.105397 -0.094005
v 0.012606 0.145031 -0.093057
v 0.015126 0.135480 -0.051909
v 0.010946 0.116998 -0.046205
v 0.004343 -0.080450 -0.149695
v 0.004485 -0.102621 -0.158091
v -0.000221 0.076498 -0.073452
v -0.002150 0.068995 -0.097329
v 0.003238 0.088362 -0.143986
v 0.002970 0.114211 -0.140441
v 0.007442 0.107123 -0.150033
v 0.003634 0.092801 -0.159509
v 0.002323 0.021565 -0.114466
v 0.004197 0.026832 -0.110722
v 0.063787 0.095429 -0.138103
v 0.061521 0.054374 -0.187241
v 0.068921 0.096405 -0.136995
v 0.023183 0.137613 -0.117844
v 0.037914 0.138180 -0.121311
v 0.006705 0.130683 -0.114359
v 0.103001 0.089599 -0.133085
v 0.092121 -0.017595 -0.173446
v 0.111135 0.007840 -0.145922
v 0.084955 -0.014233 -0.181798
v 0.014525 0.018499 -0.187994
v 0.020926 0.003245 -0.198157
v 0.116545 -0.004586 -0.149402
v 0.080552 -0.087422 -0.123119
v 0.079941 -0.090982 -0.149747
v 0.113423 -0.065377 -0.109766
v 0.138311 -0.027546 -0.081713
v 0.142106 0.037195 -0.028243
v 0.067671 0.119655 0.116993
v 0.071248 0.120754 0.131957
v 0.005774 -0.006776 0.181782
v 0.006903 -0.012826 0.155473
v 0.013218 0.056905 0.178160
v 0.011016 0.083145 0.183969
v 0.011669 -0.006322 0.104744
v 0.015798 0.029243 0.201764
v 0.021115 0.045145 0.204917
v 0.011519 0.039441 0.194646
v 0.042135 0.096415 0.167656
v 0.019233 0.162029 0.061569
v 0.016293 0.164182 0.060321
v 0.012578 0.166362 0.043662
v 0.022667 0.163003 0.063746
v 0.008303 -0.083193 -0.136865
v 0.003043 0.031725 -0.148336
v 0.001767 0.002315 -0.160731
v 0.066028 0.110684 -0.142843
v 0.108595 0.109960 -0.030186
v 0.053366 0.156623 -0.080332
v 0.084162 -0.054400 -0.173293
v 0.060859 0.158599 0.004585
v 0.012770 0.162862 -0.051442
v 0.032775 0.168747 -0.051581
v 0.011486 0.169539 -0.029268
v 0.004698 0.152633 -0.053229
v 0.010422 0.160836 -0.051343
v 0.016008 0.131417 -0.000729
v 0.003240 0.128691 0.003513
v 0.015300 0.130398 0.000532
v 0.002664 0.127127 -0.006470
v 0.130693 0.117514 0.006656
v 0.148876 0.034638 0.006627
v 0.159848 0.044605 0.015234
v 0.147912 0.029751 0.014712
v 0.131336 0.087734 0.012137
v 0.132640 0.079702 0.003510
v 0.159830 0.038678 0.032234
v 0.097538 0.085966 0.149381
v 0.134691 0.028606 0.105338
v 0.137494 0.016813 0.106891
v 0.110408 0.041984 0.116759
v 0.114456 0.084346 0.094829
v 0.112150 0.084654 0.090044
v 0.104776 0.104544 0.107832
v 0.125459 0.081504 0.081663
v 0.116135 0.095839 0.081294
v 0.110225 0.084171 0.090758
v 0.096272 0.142339 0.062531
v 0.121382 0.115985 0.062579
v 0.125556 0.107837 0.047714
v 0.138303 0.084990 0.054689
v 0.116339 0.076777 0.134124
v 0.108189 0.063418 0.148938
v 0.006279 0.041855 0.098366
v 0.112465 0.099978 0.078199
v 0.097485 0.119473 0.101933
v 0.110777 0.125517 0.051319
v 0.104994 0.100488 0.085863
v 0.087520 0.053697 0.169956
v 0.098313 0.057625 0.160950
v 0.106032 0.050151 0.164517
v 0.111325 0.042936 0.156794
v 0.069666 0.082696 0.173161
v 0.119422 0.063896 0.098889
v 0.125078 0.068725 0.081235
v 0.097832 0.065822 0.159495
v 0.097571 0.074307 0.149284
v 0.120524 0.040097 0.136482
v 0.105984 0.094301 0.129880
v 0.109224 0.062552 0.142706
v 0.110734 0.049157 0.132438
v 0.131802 0.086502 0.040009
v 0.124893 0.088317 0.034327
v 0.100067 0.071288 0.152578
v 0.141157 0.029481 0.084607
v 0.143777 0.014931 -0.084696
v 0.138007 0.028439 -0.110273
v 0.116192 0.036647 -0.035160
v 0.131815 0.029674 -0.026472
v 0.100395 0.002200 0.041554
v 0.112077 0.018022 0.034162
v 0.154958 -0.006926 -0.048066
v 0.150076 -0.005803 -0.048406
v 0.164248 0.013463 -0.031558
v 0.141940 -0.017085 0.018237
v 0.146167 -0.029495 0.051832
v 0.150558 -0.054272 0.051350
v 0.076520 0.153385 0.041815
v 0.083644 0.155565 0.000210
v 0.061976 0.147870 -0.046080
v 0.066486 0.150852 -0.047937
v 0.089941 0.156023 -0.015276
v 0.093674 0.099572 0.119167
v 0.097147 0.099540 0.105991
v 0.094685 0.100028 0.101194
v 0.103382 0.147689 0.016467
v 0.082398 0.136635 0.039158
v 0.107582 0.021057 0.013498
v 0.161123 -0.002653 0.002639
v 0.073147 -0.038720 0.002909
v 0.076711 -0.030511 -0.024206
v 0.078004 -0.034503 -0.000272
v 0.090829 -0.007031 0.006723
v 0.119569 0.023044 0.031904
v 0.131602 0.026775 0.013859
v 0.154415 0.019159 0.015298
v 0.153305 -0.024560 0.018803
v 0.146015 0.013800 -0.080630
v 0.074119 -0.019949 -0.055095
v 0.108341 0.042974 -0.053472
v 0.130670 -0.048951 -0.017770
v 0.088898 0.021237 -0.036661
v 0.147046 -0.045532 -0.022517
v 0.158390 -0.026765 -0.000318
v 0.155050 0.000890 -0.013478
v 0.083949 -0.027807 0.060233
v 0.100193 0.003063 0.055484
v 0.046929 0.142767 0.095230
v 0.066027 0.148351 0.087402
v 0.047089 0.173874 0.041289
v 0.045906 0.141755 0.096863
v 0.043645 0.147694 0.104500
v 0.047081 0.142459 0.094760
v 0.047333 0.143282 0.086444
v 0.048880 -0.026829 0.102810
v 0.056013 -0.035908 0.099361
v 0.055057 -0.016756 0.142147
v 0.053734 -0.013257 0.143397
v 0.087851 0.083997 0.162002
v 0.083193 0.059908 0.180951
v 0.097431 0.018505 0.167845
v 0.092559 0.004783 0.160335
v 0.076149 -0.009397 0.151901
v 0.060468 -0.035950 0.127379
v 0.042964 0.012969 0.098058
v 0.066599 -0.007455 0.110348
v 0.078295 -0.019586 0.113115
v 0.060782 -0.018688 0.097636
v 0.046166 0.002398 0.182717
v 0.060348 -0.004775 0.175006
v 0.065192 -0.014712 0.157471
v 0.049057 0.022336 0.192829
v 0.076926 -0.013196 0.113510
v 0.065987 0.008616 0.165579
v 0.092581 0.017777 0.166328
v 0.066293 0.010837 0.167339
v 0.067166 0.011033 0.173487
v 0.045758 -0.022141 0.083374
v 0.037060 -0.040519 0.084839
v 0.031002 -0.028750 0.166806
v 0.044535 -0.025404 0.084460
v 0.074896 -0.002263 0.168948
v 0.107502 -0.012430 0.112278
v 0.010987 -0.075147 -0.127205
v 0.017677 -0.037927 -0.093724
v 0.006775 -0.025582 -0.115191
v 0.015761 -0.039683 -0.131455
v 0.050479 -0.061921 -0.046495
v 0.007278 -0.037207 -0.106043
v 0.037038 -0.052943 -0.071196
v 0.002128 0.034408 -0.174848
v 0.032113 -0.047653 -0.077354
v 0.029405 -0.025590 -0.067933
v 0.009195 -0.067036 -0.109341
v 0.007830 -0.017238 -0.168480
v 0.004101 -0.009211 -0.172294
v 0.000613 -0.065659 -0.146049
v 0.011619 -0.069499 -0.122024
v 0.006337 -0.073082 -0.136965
v 0.008519 0.002411 -0.147930
v 0.009150 -0.099354 -0.126546
v 0.004659 -0.011778 -0.138015
v 0.005902 0.049713 -0.152467
v 0.009646 -0.011112 -0.147054
v 0.016802 0.009445 -0.148404
v 0.011573 -0.008592 -0.116905
v 0.020812 -0.023968 -0.083813
v 0.005511 0.064992 -0.165656
v 0.006300 0.063342 -0.166232
v 0.006293 0.091961 -0.156196
v 0.010485 0.001682 -0.118474
v 0.002616 0.091208 -0.130080
v 0.005300 0.040928 -0.095527
v 0.007125 0.060337 -0.115977
v 0.009954 0.058367 -0.078675
v 0.005753 0.059234 -0.100444
v 0.004726 0.056372 -0.109823
v 0.001082 0.076011 -0.133416
v -0.001277 0.086405 -0.116334
v 0.003188 -0.003421 0.089821
v 0.004329 0.107296 -0.023288
v 0.003541 0.127632 -0.049755
v 0.012012 0.108068 -0.036875
v 0.000581 0.114431 -0.073606
v 0.001911 0.098762 -0.032054
v 0.009049 0.169962 -0.017734
v 0.005105 0.152650 0.012465
v 0.022608 0.169948 0.013824
v 0.009185 0.161551 0.016756
v 0.006423 0.163218 0.018841
v 0.006540 0.152578 0.079855
v 0.008224 0.144089 0.070482
v 0.000159 0.135306 0.089166
v 0.008317 0.129990 0.072768
v 0.004579 0.143760 0.091819
v 0.008858 0.157622 0.073337
v 0.009510 0.141315 0.076736
v 0.005223 0.134735 0.045248
v 0.002562 0.134092 0.025837
v 0.002833 0.121780 0.130135
v 0.003951 0.108971 0.146060
v 0.003823 0.089375 0.156865
v 0.006398 0.065872 0.156829
v 0.001601 0.059469 0.163451
v 0.009743 0.068910 0.184158
v 0.015498 0.053950 0.195705
v 0.005509 0.070952 0.178077
v 0.003542 0.067663 0.154291
v 0.004507 0.078230 0.174270
v 0.005203 0.082436 0.171296
v 0.003711 0.080459 0.165486
v 0.006017 0.089854 0.166275
v 0.009312 0.036011 0.141913
v 0.008463 0.005970 0.145717
v 0.011754 0.024752 0.162071
v 0.000971 0.013335 0.156869
v 0.004504 0.040225 0.197913
v 0.001791 0.007421 0.143607
v 0.014640 0.047035 0.201256
v 0.011188 0.027725 0.167522
v 0.002687 0.043607 0.179647
v 0.014344 0.065984 0.192610
v 0.004678 0.051007 0.196050
v 0.003434 0.036190 0.165205
v 0.009608 0.137979 0.041474
v 0.006259 0.103625 0.124796
v 0.008483 0.093431 0.130149
v 0.015059 0.118984 0.092813
v 0.018763 0.063363 0.141282
v 0.016116 0.072649 0.140688
v 0.005562 0.060589 0.143259
v 0.011124 0.024185 0.131517
v 0.021057 0.034279 0.135326
v 0.005068 0.004732 0.076987
v 0.005732 0.019635 0.074277
v 0.005318 0.020610 0.125256
v -0.001083 0.012769 0.123710
v -0.000057 0.047976 0.153616
v 0.004601 0.134955 0.072967
v 0.002656 0.141205 0.005201
v 0.007662 0.098395 0.016868
v 0.006187 0.100571 -0.004131
v -0.002445 0.118479 0.045310
v -0.002268 0.108781 0.084463
v 0.003884 0.110408 0.025007
v 0.006265 0.115451 0.004764
v 0.006834 0.064542 -0.021797
v 0.006204 0.069296 0.073027
v 0.011481 0.039973 0.106816
v 0.018845 0.065796 0.105381
v 0.011763 0.080280 0.102931
v 0.017930 0.077885 0.099587
v 0.016446 0.081646 0.096068
v 0.016417 0.085761 0.087147
v 0.016553 0.095533 0.057594
v 0.015331 0.086061 -0.039684
v 0.010488 0.048659 -0.084530
v 0.008301 0.051740 0.105762
v 0.004618 0.089371 -0.002920
v 0.006595 0.074003 -0.051931
v 0.005438 0.042906 -0.086630
v 0.008664 0.079959 -0.080543
v 0.009508 0.029724 -0.074449
v 0.012185 0.039492 -0.063328
v 0.028413 0.022899 0.203703
v 0.038039 0.004467 0.187575
v 0.002757 -0.003158 0.168195
v 0.008369 0.041984 0.086515
v 0.008436 0.070678 0.074752
v 0.003948 0.067473 0.096738
v 0.042928 -0.017922 0.164441
v 0.049924 -0.033204 0.126163
v 0.094452 0.066804 0.167451
v 0.109511 0.042233 0.169055
v 0.015704 0.152541 0.103624
v 0.033795 0.120658 0.139554
v 0.046436 0.067372 0.201894
v 0.059236 0.042522 0.203139
v 0.000545 0.006340 0.099870
v 0.004481 0.032551 0.191932
v 0.025197 0.037170 0.205453
v 0.123572 0.016637 0.128510
v 0.009567 0.160836 0.014865
v 0.152013 0.050875 0.002880
v 0.149966 0.077276 -0.010493
v 0.068184 0.162313 0.014164
v 0.002035 0.121535 0.117395
v -0.000194 0.130719 0.106988
v 0.036221 0.139211 0.111285
v 0.045445 0.139204 0.115765
v 0.000978 0.095414 0.142886
v 0.000333 0.072888 0.140277
v 0.008524 0.139401 0.121214
v 0.037700 0.129584 0.114444
v 0.048887 0.127794 0.133013
v 0.119155 0.041815 0.125946
v 0.097694 0.051245 0.163075
v 0.006983 0.066556 -0.147850
v 0.002492 0.065000 -0.139545
v 0.004206 0.059944 -0.126903
v 0.014805 -0.078056 -0.117040
v 0.060779 -0.087224 -0.108545
v 0.093699 -0.070104 -0.022721
v 0.090640 -0.072023 -0.013374
v 0.135511 -0.076902 0.026963
v 0.073313 -0.073928 0.000012
v 0.076773 -0.081144 -0.005207
v 0.047965 -0.070999 0.055826
v 0.053628 -0.072375 0.043181
v 0.062508 -0.074445 0.028554
v 0.139962 -0.048895 -0.000584
v 0.033318 -0.045771 0.080667
v 0.046245 -0.070798 0.057262
v 0.101147 -0.088057 0.021252
v 0.088940 -0.022578 0.112979
v 0.098033 -0.048157 0.108093
v 0.101921 -0.051331 0.098641
v 0.111220 -0.079488 0.073017
v 0.128645 -0.073776 0.072327
v 0.130724 -0.084391 0.046444
v 0.070492 -0.069887 0.099929
v 0.107110 -0.063653 0.095776
v 0.069931 -0.070913 0.095626
v 0.069150 -0.089050 0.071949
v 0.081402 -0.085738 0.036595
v 0.052187 -0.068345 0.095663
v 0.084701 -0.088025 0.026232
v 0.127189 0.011400 0.087103
v 0.139575 -0.012271 0.089700
v 0.114624 0.002260 0.100410
v 0.036261 -0.037791 0.057068
v 0.047450 -0.026886 0.071225
v 0.064775 -0.040777 0.039653
v 0.069333 -0.017427 0.079910
v 0.072058 -0.023646 0.072478
v 0.096513 -0.000373 0.074288
v 0.091916 -0.009130 0.066958
v 0.067083 -0.016430 0.079916
v 0.086320 -0.007485 0.099090
v 0.099169 -0.018823 0.113048
v 0.118800 -0.039472 0.091439
v 0.129041 0.026745 0.037917
v 0.147053 0.007342 0.073090
v 0.153113 -0.029559 0.040930
v 0.056658 -0.076243 0.011535
v 0.053942 -0.066173 -0.023205
v 0.060681 -0.075201 -0.020907
v 0.045345 -0.035636 -0.050728
v 0.051629 -0.051084 -0.004848
v 0.030975 -0.045426 -0.075301
v 0.043967 -0.014137 -0.065812
v 0.041416 -0.044713 -0.045518
v 0.055378 -0.070630 -0.079767
v 0.022626 -0.024246 -0.077121
v 0.021517 0.012211 -0.065145
v 0.000444 -0.049928 -0.113445
v 0.102154 -0.076901 -0.053594
v 0.116485 -0.056143 -0.075117
v 0.102937 -0.069642 -0.134169
v 0.121853 -0.078704 -0.060247
v 0.114693 -0.059489 -0.074779
v 0.111044 -0.090871 0.034525
v 0.120148 -0.081318 -0.029320
v 0.118711 -0.060905 -0.074727
v 0.115735 -0.055242 -0.090535
v 0.097010 -0.072876 -0.043227
v 0.136170 -0.058050 -0.021008
v 0.142905 0.038974 -0.067235
v 0.014066 -0.072873 -0.106739
v 0.039728 -0.122708 -0.145271
v 0.121589 -0.015269 -0.108044
v 0.120594 0.028560 -0.147551
v 0.135191 0.032982 -0.128604
v 0.027226 -0.062931 -0.194083
v 0.010664 -0.026472 -0.190533
v 0.105697 -0.026343 -0.134659
v 0.121575 -0.015460 -0.124389
v 0.039774 -0.067483 -0.084059
v 0.003543 0.052014 -0.085227
v 0.024388 0.066336 -0.184631
v 0.010852 0.058308 -0.185964
v 0.041959 -0.076652 0.060576
v 0.041272 -0.032344 0.079340
v 0.023861 -0.036924 0.094061
v 0.035676 -0.007754 0.187195
v 0.021867 -0.022010 0.169845
v 0.012452 0.168506 0.017616
v 0.032561 0.160931 -0.086754
v 0.012591 0.157923 -0.060887
v 0.010308 0.147249 -0.101393
v 0.003014 0.124757 -0.132994
v 0.045991 -0.018503 -0.200399
v 0.155187 -0.045754 0.007833
v 0.149591 -0.041076 -0.041493
v 0.071270 -0.042934 -0.191499
v 0.125903 0.068700 -0.117014
v 0.091748 -0.061609 -0.138130
v 0.137593 -0.035829 -0.102540
v 0.122868 -0.055143 -0.089212
v 0.161099 -0.019106 -0.055655
v 0.155550 -0.017372 -0.073657
v 0.105982 -0.030164 -0.141153
v 0.075243 -0.096463 0.075799
v 0.018072 0.138437 -0.126799
v 0.109152 0.093104 -0.121886
v 0.082494 0.095632 -0.145249
v 0.054197 0.123226 -0.149001
v 0.073284 0.109159 -0.138890
v 0.101497 0.104445 -0.070026
v 0.002681 0.113810 -0.127289
v 0.075821 0.133953 -0.085619
v 0.084166 0.047127 0.018942
v 0.107924 0.031090 0.014085
v 0.122462 0.082936 -0.005243
v 0.099833 0.128888 -0.042694
v 0.088874 0.142722 -0.050453
v 0.129361 0.071554 0.000453
v 0.124909 0.026019 0.019525
v 0.032005 0.137088 0.104492
v 0.051513 0.144744 0.100473
v 0.051509 0.117196 0.148729
v 0.060851 0.031818 0.188349
v 0.134115 0.076640 0.060006
v 0.117376 0.040561 0.115940
v 0.136819 0.038963 0.084782
v 0.126707 0.060598 0.085511
v 0.116967 0.013086 0.078274
v 0.120711 0.010173 0.082846
v 0.092466 0.031593 0.064918
v 0.109482 0.020324 0.063032
v 0.116935 0.016537 0.064339
v 0.119879 0.013427 0.069098
v 0.135327 0.019182 0.066285
v 0.120878 0.060708 0.107091
v 0.125497 0.052777 0.082704
v 0.129682 0.063653 0.082616
v 0.141319 0.064257 0.057318
v 0.115344 0.035423 0.137664
v 0.123551 0.032795 0.136785
v 0.110380 0.042332 0.118436
v 0.123516 0.032338 0.109027
v 0.132569 0.049298 0.102108
v 0.124039 0.064989 0.092008
v 0.092940 0.023928 0.081591
v 0.101389 0.023785 0.069655
v 0.130377 0.017661 0.087148
v 0.126706 0.016834 0.084743
v 0.103634 0.014972 0.082493
v 0.104994 0.019412 0.072394
v 0.120466 0.011203 0.076988
v 0.122094 0.004923 0.096283
v 0.107408 0.018347 0.073051
v 0.084167 0.036060 0.080157
v 0.129289 0.012032 0.074791
v 0.092010 0.103365 0.101945
v 0.098570 0.100080 0.094603
v 0.093806 0.096152 0.103892
v 0.086962 0.109333 0.103012
v 0.099183 0.053104 0.162348
v 0.125471 0.104532 0.033344
v 0.123478 0.069732 0.048391
v 0.115829 0.063390 0.079425
v 0.150430 0.048964 0.053362
v 0.131543 0.022677 0.063710
v 0.112873 0.021561 0.057751
v 0.127096 0.018614 0.063664
v 0.115333 0.027556 0.134719
v 0.122153 0.011271 0.112794
v 0.113817 0.105102 0.029969
v 0.109855 0.122699 0.035547
v 0.111125 0.004416 0.096228
v 0.119514 0.005993 0.103304
v 0.103748 0.010163 0.093686
v 0.086048 0.032887 0.084750
v 0.116862 0.002973 0.136758
v 0.039567 0.118363 0.134718
v 0.079418 0.119048 0.104653
v 0.091463 0.112330 0.117861
v 0.133800 0.021362 0.061162
v 0.035613 0.058159 0.053879
v 0.011610 0.034803 0.080879
v 0.002989 0.150844 0.066065
v 0.128306 -0.019402 -0.120295
v 0.108636 0.037261 -0.023785
v 0.031304 0.020083 -0.060706
v 0.017607 0.012653 0.051053
v 0.005780 0.018365 0.082026
v 0.076933 -0.027436 0.121312
v 0.087537 -0.023735 0.130159
v 0.111081 -0.010422 0.123403
v 0.116818 -0.006451 0.115880
v 0.157043 -0.007880 -0.038444
v 0.113791 0.081460 -0.093897
v 0.081575 -0.018687 0.115270
v 0.051435 -0.034446 0.111768
v 0.076394 -0.004735 -0.064574
v 0.010772 0.039187 0.080892
v 0.127924 0.065634 0.115574
v 0.011285 -0.033249 0.090353
v 0.007913 0.063739 0.043400
v 0.005084 0.163171 0.035849
v 0.110613 0.126425 0.065520
v 0.011263 0.050997 -0.041064
v 0.007537 0.065112 -0.001974
v 0.012572 0.056465 -0.015189
v 0.016073 0.060660 0.014436
v 0.021507 0.065470 -0.003071
v 0.052049 -0.058737 -0.000049
v 0.057385 -0.091739 0.070877
v 0.050788 -0.050881 0.002946
v 0.028573 -0.054562 0.054438
v 0.032954 -0.040431 0.063381
v 0.031914 0.064952 0.026868
v 0.020002 0.046588 -0.047457
v 0.022042 -0.037913 0.128384
v 0.061017 -0.020806 0.088274
v 0.105890 0.025234 -0.001810
v 0.088460 0.043268 -0.067217
v 0.052892 -0.052471 0.000837
v 0.017391 0.048249 -0.043972
v 0.021549 0.015817 -0.064634
v 0.011464 0.059484 0.020867
v 0.011365 0.052062 0.067429
v 0.012408 0.049237 0.070257
v 0.010946 0.028426 0.078403
v 0.012340 0.035293 0.080254
v 0.016446 -0.017681 0.050117
v 0.011492 -0.012108 0.053123
v 0.046585 -0.024664 0.083023
v 0.107103 -0.006655 0.110387
v 0.107492 -0.000281 0.104930
v 0.126496 0.025581 0.007886
v 0.113320 0.032065 -0.013696
v 0.118560 0.060977 -0.084219
v 0.107740 0.068125 -0.085672
v 0.104998 0.041991 -0.061618
v 0.113624 0.012134 0.083403
v 0.067049 -0.023789 0.104627
v 0.060731 -0.035533 0.104126
v 0.032775 -0.041420 0.062680
v 0.038774 -0.033756 0.085153
v 0.037205 -0.046719 0.085456
v 0.138207 0.036344 -0.051239
v 0.006529 -0.001913 0.055931
v 0.009352 0.002440 0.051281
v 0.008343 0.057562 0.069954
v 0.016065 -0.025633 0.062709
v 0.012433 0.055894 0.000844
v 0.120670 0.031434 -0.017886
v 0.091774 -0.039643 0.113466
v 0.091268 -0.081277 -0.129494
v 0.088452 -0.078625 -0.048138
v 0.001919 0.084315 -0.164841
v 0.003424 0.124170 -0.135049
v 0.011307 -0.024140 0.169932
v 0.006741 -0.022079 0.153864
v 0.003794 0.066566 0.153820
v 0.007098 -0.022469 0.095894
v 0.005417 0.128101 0.134644
v 0.005112 0.091720 0.164955
v 0.007376 0.118755 0.145014
v 0.006686 0.108993 0.153477
v -0.000072 0.119597 0.106814
v 0.013336 0.051383 -0.050467
v 0.109972 0.064068 0.142300
v 0.133339 0.043103 -0.068749
v 0.091442 -0.078630 -0.086471
v 0.007124 0.164940 -0.017980
v 0.039683 0.162898 -0.066583
v 0.006969 0.155482 -0.075110
v 0.008269 0.146526 0.105213
v 0.006038 0.123886 0.140448
v 0.005706 0.127354 0.135534
v 0.014061 0.144637 0.119161
v 0.006659 0.158331 0.066989
v 0.006494 0.089362 0.166139
v 0.006685 0.122068 0.142463
v 0.007432 0.115001 0.148193
v 0.019228 -0.005844 0.191327
v 0.068271 0.003605 -0.091842
v 0.055823 0.020239 -0.102518
v 0.055389 0.053623 -0.075971
v 0.054223 0.046453 -0.083484
v 0.084218 0.060113 -0.065190
v 0.057976 0.059662 0.050325
v 0.063737 -0.002685 -0.081531
v 0.022823 -0.015483 0.050760
v 0.013873 0.033731 0.082756
v 0.067207 -0.042825 0.019016
v 0.052412 0.021792 -0.101083
v 0.035735 0.056061 -0.067677
v 0.017224 0.047877 0.071529
v 0.033354 0.004447 0.074174
v 0.033210 0.065335 -0.052299
v 0.039062 0.040704 0.101623
v 0.091807 -0.002931 0.078097
v 0.078066 -0.004333 0.111954
v 0.097673 0.024055 0.070760
v 0.064360 0.049439 0.079820
v 0.071652 0.038063 -0.085447
v 0.083603 0.058561 -0.078375
v 0.073089 0.059000 -0.075707
v 0.065197 0.006683 -0.099161
v 0.036213 0.065139 0.004554
v 0.078007 0.051579 0.030901
v 0.061201 0.036517 0.103444
v 0.070379 0.045918 0.084323
v -0.066929 -0.009114 0.009839
v -0.052645 0.028402 0.099304
v -0.065070 -0.002360 0.085080
v -0.046538 0.043007 0.059233
v -0.070520 0.044759 0.056367
v -0.054454 0.023309 -0.016299
v -0.056917 0.006151 -0.018527
v -0.060276 -0.000086 0.085062
v -0.057178 -0.002347 -0.011913
v -0.049552 0.012499 0.050305
v -0.058332 0.011866 0.081109
v -0.043719 0.027084 -0.070355
v -0.046744 0.017810 -0.074397
v -0.042865 0.036701 -0.050475
v -0.041273 0.044797 -0.031906
v -0.035220 0.052557 -0.020435
v -0.039150 0.036804 -0.046444
v -0.036259 0.046842 -0.030338
v -0.034913 0.057243 -0.009576
v -0.048410 0.048760 -0.014856
v -0.045590 0.051628 -0.013592
v -0.046858 0.052659 -0.012182
v -0.037217 0.052900 -0.019711
v -0.035176 0.055498 -0.021093
v -0.032012 0.063914 0.014554
v -0.032343 0.071122 0.037243
v -0.030321 0.068991 0.037721
v -0.031085 0.068039 0.029030
v -0.042381 0.063254 0.035125
v -0.037383 0.066688 0.033595
v -0.039139 0.064235 0.034803
v -0.030034 0.066598 0.034552
v -0.025194 0.074116 0.058409
v -0.029490 0.068350 0.066270
v -0.027324 0.070056 0.078695
v -0.030801 0.064768 0.080586
v -0.031351 0.062349 0.097134
v -0.032553 0.059796 0.090656
v -0.036526 0.051680 0.107959
v -0.037300 0.034434 0.107953
v -0.041641 0.049611 0.101754
v -0.038306 0.048545 0.104666
v -0.045734 0.048766 0.101921
v -0.035728 0.053370 0.100186
v -0.041685 0.050541 0.101617
v -0.040819 0.047083 0.104965
v -0.034432 0.056606 0.095972
v -0.021081 0.058353 0.050662
v -0.039261 0.040149 -0.043530
v -0.050905 0.005345 -0.072954
v -0.067272 -0.026760 0.039453
v -0.061340 -0.010711 -0.036374
v -0.023229 0.009400 0.099685
v -0.032081 0.069697 0.045255
v -0.035118 0.036566 -0.056968
v -0.064353 -0.014869 -0.053888
v -0.067256 -0.019655 0.026592
v -0.061082 -0.009241 -0.049526
v -0.044884 0.016835 -0.075685
v -0.047034 0.008885 -0.084177
v -0.037057 0.048003 -0.034966
v -0.038252 0.063714 0.014289
v -0.034035 0.063290 -0.005198
v -0.020108 0.037967 0.122923
v -0.030389 0.052811 -0.019924
v -0.033140 0.058399 0.094043
v -0.041794 0.056367 0.091272
v -0.039579 0.057167 0.093644
v -0.035470 0.055046 0.098015
v -0.030787 0.064902 0.079308
v -0.032643 0.063636 0.083612
v -0.041096 0.059606 0.080036
v -0.042506 0.058107 0.085747
v -0.039505 0.061325 0.085647
v -0.038807 0.060456 0.085508
v -0.035314 0.061752 0.086479
v -0.037350 0.061367 0.086174
v -0.039709 0.060895 0.080846
v -0.029459 0.068204 0.065643
v -0.037680 0.063892 0.070716
v -0.040534 0.060812 0.070086
v -0.037356 0.063276 0.073738
v -0.037577 0.063676 0.071184
v -0.030504 0.065034 0.072283
v -0.032767 0.068508 0.060464
v -0.042048 0.063657 0.059865
v -0.029202 0.068356 0.052955
v -0.034911 0.066661 0.058002
v -0.031961 0.068905 0.058165
v -0.035296 0.066375 0.055277
v -0.029402 0.069080 0.051214
v -0.030281 0.069181 0.040180
v -0.038068 0.067157 0.044279
v -0.039802 0.065435 0.048310
v -0.039515 0.064698 0.043692
v -0.037438 0.066444 0.044931
v -0.036756 0.066989 0.023667
v -0.034735 0.067256 0.024136
v -0.032302 0.066959 0.019006
v -0.030719 0.068305 0.030924
v -0.038614 0.064533 0.025446
v -0.033299 0.066756 0.020810
v -0.030777 0.069621 0.012482
v -0.037738 0.064959 0.014000
v -0.034315 0.064844 0.008666
v -0.038395 0.064584 0.016353
v -0.037956 0.059847 -0.002398
v -0.043786 0.057917 0.000177
v -0.035686 0.061805 -0.000708
v -0.044841 0.057063 0.002344
v -0.044166 0.057656 0.001656
v -0.041966 0.058069 -0.001553
v -0.036901 0.061393 -0.004420
v -0.034948 0.055656 -0.015528
v -0.036053 0.048392 -0.030679
v -0.048422 0.045496 -0.025494
v -0.048941 0.046105 -0.025050
v -0.048880 0.043870 -0.027174
v -0.037440 0.046989 -0.030864
v -0.041872 0.029049 -0.062871
v -0.043997 0.035958 -0.051666
v -0.048716 0.036987 -0.044575
v -0.041437 0.036648 -0.058487
v -0.065416 0.026548 -0.038471
v -0.051852 0.018279 -0.072393
v -0.056617 0.022941 -0.058456
v -0.053219 0.020562 -0.066923
v -0.051088 0.020198 -0.070064
v -0.046542 0.018165 -0.073949
v -0.058024 0.021709 -0.055121
v -0.047810 0.012793 -0.077623
v -0.075190 -0.032304 0.040432
v -0.062742 -0.021304 0.039182
v -0.068972 -0.037290 0.034760
v -0.075503 -0.031078 0.049466
v -0.007595 0.036047 0.067175
v -0.011211 0.040008 0.050444
v -0.054010 -0.040731 0.049942
v -0.074788 -0.039892 0.057985
v -0.027149 0.061064 -0.021906
v -0.014474 0.039278 0.071819
v -0.002443 0.034069 0.070973
v -0.020243 0.012930 0.123568
v -0.013813 0.013746 0.075945
v -0.033003 0.008509 0.100134
v -0.055136 -0.040940 0.060049
v -0.059266 -0.021662 0.000675
v -0.044014 -0.006471 -0.050995
v -0.031060 0.019893 -0.048289
v -0.054199 -0.012188 -0.101306
v -0.045155 0.010155 -0.114730
v -0.023955 0.086513 0.068839
v -0.052969 0.000652 -0.115603
v -0.015757 0.029627 0.052844
v -0.027200 0.044281 0.129547
v -0.043073 0.004583 -0.046307
v -0.013960 0.034926 -0.035483
v -0.063525 -0.030095 -0.022712
v -0.074364 -0.041982 0.047939
v -0.061577 -0.041683 0.060480
v -0.056828 -0.024422 0.011519
v -0.004494 0.070961 0.017155
v -0.012732 0.071226 0.110074
v -0.067585 -0.032698 0.006937
v -0.049956 0.007460 -0.127492
vn 0.944378 0.313189 -0.100317
vn 0.997757 -0.061228 -0.027047
vn 0.340674 0.926437 -0.160172
vn -0.330619 0.660343 0.674268
vn -0.185108 0.975170 0.121565
vn 0.933402 -0.347679 0.088765
vn 0.716272 0.556724 -0.420729
vn 0.008499 0.996817 0.079268
vn -0.140378 0.807417 -0.573038
vn 0.097148 0.967800 -0.232217
vn 0.758406 0.199171 0.620605
vn -0.011924 -0.598696 0.800888
vn -0.125109 -0.364940 -0.922587
vn -0.218749 -0.973783 0.062419
vn -0.224239 -0.880172 -0.418347
vn 0.581006 0.749476 0.317362
vn -0.970277 0.227052 0.083723
vn 0.681154 0.237145 -0.692670
vn -0.308727 -0.886571 -0.344499
vn -0.777771 0.574814 0.254285
vn -0.580882 0.548220 -0.601690
vn 0.292845 0.173093 0.940362
vn -0.207711 -0.959701 0.189291
vn 0.990300 0.125935 0.058709
vn 0.462223 0.220631 -0.858878
vn 0.782296 -0.595210 -0.183679
vn 0.361029 -0.920580 0.148963
vn 0.793343 0.568444 0.217894
vn -0.985629 0.159701 0.055058
vn -0.300041 -0.083858 0.950233
vn 0.433258 -0.520001 -0.736130
vn -0.366758 0.436265 -0.821682
vn -0.641928 0.536711 0.547603
vn -0.287608 0.691962 0.662171
vn 0.903293 0.046027 -0.426548
vn -0.961757 0.272799 0.024566
vn 0.381374 0.467617 -0.797426
vn -0.758845 -0.651254 -0.004826
vn -0.907642 -0.419577 -0.011880
vn 0.724383 0.035536 -0.688481
vn -0.789567 -0.548581 0.275032
vn 0.723954 -0.370704 0.581781
vn -0.408451 0.238317 0.881120
vn 0.497363 -0.712610 -0.494790
vn 0.297929 0.936022 -0.187352
vn -0.953780 -0.252155 -0.163466
vn 0.598108 -0.311592 0.738361
vn -0.824907 -0.247735 -0.508090
vn 0.420293 -0.840816 -0.341149
vn -0.522506 -0.643841 0.558978
vn -0.968140 0.133084 -0.212119
vn 0.106811 -0.550286 -0.828116
vn 0.895926 0.241065 -0.373102
vn 0.938743 -0.335302 -0.079591
vn -0.052241 -0.093821 -0.994218
vn -0.417505 0.900164 -0.124074
vn 0.455444 0.214919 -0.863933
vn -0.955441 0.288658 0.061710
vn 0.754855 -0.617909 0.219959
vn -0.434035 -0.235750 -0.869503
vn -0.993147 -0.019068 0.115305
vn 0.681220 -0.720866 -0.127637
vn 0.943729 0.008008 0.330621
vn 0.036184 0.898474 0.437534
vn 0.785026 -0.171092 -0.595367
vn 0.299197 0.912893 -0.277683
vn 0.631190 0.418622 0.652958
vn 0.996607 0.061885 -0.054273
vn -0.364438 0.905158 0.218803
vn 0.020140 -0.625260 0.780156
vn -0.185424 -0.178438 -0.966322
vn -0.685606 -0.683008 -0.251883
vn -0.326828 0.827871 -0.455865
vn -0.426077 0.531103 0.732385
vn -0.919251 0.319177 -0.230443
vn -0.057635 -0.968112 0.243799
vn -0.544405 0.534779 -0.646246
vn -0.342038 0.939519 0.017737
vn 0.236198 0.935326 0.263392
vn 0.488520 0.245079 0.837427
vn -0.356377 0.763442 0.538658
vn 0.863480 -0.165588 -0.476426
vn 0.223918 -0.974403 0.019984
vn -0.970004 0.038926 -0.239953
vn -0.029403 -0.563860 0.825347
vn -0.782733 0.569216 -0.251641
vn 0.772922 0.616720 -0.149157
vn 0.946699 -0.219748 0.235523
vn -0.676984 0.718056 0.161521
vn 0.495763 -0.867995 0.028342
vn -0.318046 -0.420333 0.849804
vn 0.886555 0.462292 -0.017504
vn -0.804853 0.566628 -0.176478
vn -0.734840 -0.566144 -0.373486
vn -0.378744 0.419500 0.824968
vn -0.793899 0.248540 -0.554935
vn 0.119439 0.806503 -0.579040
vn -0.621344 -0.217870 -0.752638
vn -0.046495 -0.834198 -0.549501
vn -0.093939 0.970465 0.222201
vn 0.468374 0.084858 -0.879446
vn 0.647104 0.123084 0.752400
vn -0.000000 -0.000000 -0.000000
vn 0.000000 0.000000 -0.000000
vn 0.000000 0.000000 0.000000
vn 0.583313 -0.464102 0.666600
vn -0.121747 -0.108205 -0.986645
vn -0.685264 -0.723607 -0.082499
vn -0.009163 -0.650000 -0.759879
vn 0.476053 0.873833 0.098944
vn -0.803936 0.420421 -0.420635
vn 0.376314 0.307458 -0.873990
vn 0.453498 0.416811 0.787786
vn -0.022958 0.694755 -0.718879
vn 0.045098 0.997542 -0.053625
vn -0.173168 0.803697 -0.569283
vn -0.108708 -0.615259 -0.780793
vn 0.526879 -0.800019 -0.286999
vn -0.474671 -0.724032 0.500465
vn -0.965400 -0.026429 0.259432
vn -0.423362 0.410621 0.807561
vn -0.000000 0.000000 -0.000000
vn 0.000000 -0.000000 0.000000
vn 0.000000 0.000000 0.000000
vn 0.244596 -0.943389 0.224031
vn -0.115576 -0.006616 -0.993277
vn 0.460763 0.845663 0.269354
vn -0.551867 0.263998 0.791042
vn -0.774002 0.151094 -0.614892
vn 0.632946 0.754501 -0.173514
vn -0.574968 0.430857 -0.695538
vn -0.541291 0.821859 -0.177626
vn -0.364516 0.906858 0.211512
vn -0.586527 0.749555 0.306845
vn -0.748423 0.133371 0.649673
vn -0.992015 0.104440 -0.070696
vn -0.691173 0.588162 0.419934
vn -0.990651 0.101509 -0.091142
vn 0.137047 -0.116638 -0.983674
vn 0.141434 -0.679650 0.719773
vn 0.103972 -0.951640 -0.289086
vn -0.800922 0.447587 -0.397731
vn 0.352315 0.712854 0.606394
vn 0.914598 0.397333 -0.075084
vn 0.151249 -0.988235 0.022704
vn 0.896980 0.427643 -0.112023
vn 0.791713 0.608850 -0.049930
vn 0.229554 -0.829440 0.509249
vn 0.423617 -0.748687 0.509919
vn 0.604847 0.743892 -0.284226
vn 0.200367 -0.963154 -0.179407
vn -0.356095 -0.905155 0.232142
vn -0.352831 -0.875133 0.331138
vn 0.531395 0.701459 -0.474947
vn 0.451612 0.222382 -0.864056
vn 0.421244 0.362808 -0.831218
vn 0.869681 -0.220495 0.441629
vn 0.697952 -0.523163 0.489043
vn 0.543103 0.764210 -0.347881
vn -0.656704 0.576131 -0.486634
vn -0.658840 -0.752043 -0.019029
vn -0.491340 -0.827135 0.272825
vn 0.748155 -0.663482 0.007437
vn 0.712640 0.701348 0.015942
vn -0.269319 -0.940829 -0.205691
vn 0.009909 0.999677 -0.023418
vn 0.477564 -0.809783 -0.340858
vn -0.016070 -0.226471 -0.973885
vn 0.876976 -0.253133 -0.408456
vn 0.113106 -0.921606 0.371280
vn 0.306810 0.272023 -0.912070
vn 0.077873 0.477133 0.875374
vn -0.892194 -0.294299 0.342604
vn -0.465664 -0.819771 0.333365
vn -0.910532 -0.376698 -0.170381
vn -0.281387 0.638553 0.716290
vn -0.229359 -0.927176 -0.296207
vn 0.298776 -0.475402 -0.827482
vn 0.982112 0.165771 0.089312
vn 0.413660 -0.869836 -0.268833
vn 0.924106 0.193024 -0.329803
vn 0.558682 -0.825620 0.078907
vn 0.479814 -0.648802 0.590622
vn -0.811724 0.486758 0.322753
vn 0.176374 -0.626273 -0.759390
vn -0.982660 -0.181172 -0.039442
vn -0.316523 0.565231 -0.761792
vn 0.177125 0.973457 0.144940
vn -0.521068 0.684545 0.509790
vn -0.225518 -0.355243 0.907163
vn -0.149554 -0.545887 0.824404
vn 0.463881 0.843472 -0.270869
vn 0.534340 0.591985 0.603353
vn -0.703327 -0.710406 0.025568
vn 0.638536 -0.768252 0.045399
vn -0.755552 -0.420424 -0.502379
vn 0.947299 0.028622 -0.319070
vn -0.439350 -0.895813 0.067007
vn -0.483603 -0.873993 -0.047599
vn 0.816587 -0.406350 -0.409957
vn 0.528321 0.829596 0.180687
vn 0.516794 0.798318 0.309212
vn 0.501110 0.171885 0.848142
vn -0.383369 -0.879224 -0.282831
vn -0.306903 -0.893461 -0.327929
vn -0.503608 -0.844746 0.181062
vn 0.578089 0.807111 0.119933
vn -0.526197 -0.818567 -0.230358
vn -0.466074 -0.670916 -0.576756
vn 0.740830 0.666933 0.079826
vn -0.205277 0.941088 0.268726
vn -0.622707 -0.754711 -0.206510
vn 0.280355 -0.953694 -0.108945
vn 0.548965 0.830794 0.091753
vn 0.527852 0.836201 -0.148799
vn 0.065602 -0.997478 0.027101
vn 0.701695 0.674575 -0.229288
vn -0.068613 0.975264 -0.210123
vn -0.487428 -0.873142 0.006116
vn 0.982921 0.011705 0.183656
vn 0.643478 -0.727322 0.238619
vn 0.140725 -0.983497 0.113712
vn 0.804720 0.563074 -0.188078
vn -0.507818 -0.861001 0.028256
vn -0.684567 -0.728579 0.023272
vn 0.516026 -0.843649 0.148231
vn 0.686686 -0.654036 0.317333
vn 0.656239 0.723413 -0.214533
vn 0.097737 -0.948666 0.300798
vn -0.600193 -0.740032 0.303514
vn -0.377564 -0.789067 0.484581
vn -0.432924 -0.803992 0.407643
vn -0.279292 0.112870 0.953549
vn 0.384357 0.866043 -0.319748
vn -0.128032 -0.936420 0.326687
vn -0.124790 -0.813267 0.568352
vn 0.529222 0.847555 -0.039670
vn 0.955220 -0.037442 -0.293517
vn -0.307324 -0.783762 0.539694
vn 0.647381 0.409445 0.642848
vn 0.381771 0.813872 -0.438021
vn 0.754727 0.157437 0.636868
vn 0.944737 -0.022614 -0.327049
vn 0.986048 -0.166458 0.000308
vn 0.172830 0.949750 -0.260970
vn 0.918726 0.200720 -0.340080
vn -0.764713 -0.508232 0.396124
vn -0.546021 -0.731194 0.408920
vn -0.154039 -0.825643 -0.542757
vn 0.608564 0.127209 0.783242
vn 0.982851 -0.008064 -0.184227
vn 0.160290 0.450944 0.878041
vn 0.037521 0.998411 -0.042050
vn 0.029993 0.976611 -0.212913
vn -0.957034 -0.289975 0.000473
vn 0.228880 0.931938 -0.281256
vn 0.000000 0.000000 0.000000
vn 0.027661 0.532477 0.845992
vn -0.959174 -0.268746 0.088093
vn 0.322376 -0.282117 0.903595
vn 0.887531 0.442845 0.127190
vn 0.926749 -0.369382 0.068510
vn 0.386186 -0.621467 0.681644
vn 0.620891 -0.782080 -0.053339
vn 0.070525 0.201512 0.976944
vn -0.182015 0.331151 -0.925856
vn -0.013373 -0.944954 -0.326929
vn -0.947152 -0.224083 -0.229543
vn -0.931115 -0.364696 -0.004771
vn -0.618975 0.784354 0.040725
vn 0.588885 0.803926 0.083169
vn -0.054478 -0.192157 -0.979851
vn 0.669787 0.271986 0.690948
vn 0.992666 0.063218 -0.103046
vn 0.137413 -0.125379 0.982547
vn -0.060169 -0.948465 0.311116
vn -0.990375 0.104221 -0.091075
vn -0.057166 0.158577 0.985690
vn -0.369491 0.101901 0.923630
vn -0.230757 0.078774 0.969817
vn -0.187165 -0.005784 -0.982312
vn 0.421194 0.297103 -0.856928
vn 0.069776 0.616109 -0.784564
vn 0.646827 0.488395 0.585735
vn -0.565635 -0.552833 0.611909
vn -0.480710 -0.346050 0.805709
vn -0.695494 -0.632546 0.340842
vn -0.607328 -0.136751 0.782593
vn -0.723225 -0.096584 0.683825
vn -0.586818 -0.040525 0.808704
vn -0.560851 -0.033212 0.827250
vn -0.433767 -0.187188 0.881367
vn -0.752921 -0.601219 -0.267669
vn -0.088757 -0.946406 -0.310545
vn -0.300204 -0.950041 -0.085443
vn -0.018658 -0.998672 0.048032
vn 0.679776 -0.575064 0.455199
vn -0.195422 -0.577140 -0.792918
vn 0.721751 -0.691285 -0.034652
vn 0.524759 -0.820820 -0.225572
vn 0.557744 -0.314996 0.767919
vn -0.122668 -0.982002 0.143615
vn -0.613809 -0.729317 0.302216
vn 0.619855 -0.766478 0.168201
vn -0.542777 -0.588536 0.599181
vn -0.303769 -0.431410 -0.849476
vn 0.641370 -0.648814 -0.409493
vn 0.369986 -0.629889 0.682899
vn -0.542010 -0.837565 -0.068628
vn -0.543927 -0.823795 0.159705
vn 0.000000 -0.000000 -0.000000
vn 0.084297 -0.971871 0.219913
vn -0.438493 -0.386639 -0.811316
vn 0.965782 -0.258901 0.015350
vn 0.921351 -0.353502 -0.161707
vn 0.199526 -0.672051 -0.713117
vn -0.452100 -0.032963 -0.891358
vn 0.303755 -0.571948 -0.761977
vn -0.185589 -0.956087 -0.226834
vn -0.096674 -0.884869 0.455699
vn -0.513372 -0.494549 0.701335
vn 0.634099 0.659833 0.403161
vn 0.695590 -0.603393 0.389964
vn -0.443539 -0.828205 0.342563
vn 0.240523 -0.728027 0.641970
vn 0.685721 0.123223 0.717359
vn 0.947671 0.305860 0.091480
vn 0.658082 0.680782 -0.321657
vn 0.091513 0.659305 -0.746286
vn 0.899323 0.076350 -0.430568
vn 0.698389 -0.157959 0.698070
vn 0.891875 -0.112898 -0.437964
vn 0.083745 0.085031 -0.992853
vn 0.000000 0.000000 0.000000
vn 0.227602 0.723552 -0.651667
vn -0.028112 -0.124027 0.991880
vn -0.388138 0.205753 0.898340
vn -0.286251 0.272119 0.918701
vn 0.345106 0.075868 0.935492
vn 0.596186 0.476262 0.646325
vn 0.638447 -0.136141 0.757530
vn 0.269724 0.762748 0.587762
vn 0.262599 0.938733 0.223209
vn 0.286031 0.927531 -0.240568
vn 0.527470 0.849414 -0.016467
vn 0.314033 0.532422 0.786072
vn -0.026525 0.571324 0.820296
vn 0.165844 0.778382 0.605490
vn 0.135728 0.976629 -0.166654
vn 0.323009 0.864777 0.384480
vn 0.365494 0.895540 -0.253814
vn 0.642915 0.106991 -0.758428
vn -0.401728 -0.000340 -0.915759
vn 0.540652 0.439178 0.717508
vn 0.363056 0.931414 0.025643
vn 0.218629 0.483461 -0.847624
vn 0.173231 0.436107 -0.883064
vn 0.202443 0.479900 -0.853647
vn 0.408252 0.634728 -0.656087
vn 0.293914 0.490312 -0.820493
vn -0.322876 -0.777452 -0.539740
vn -0.039672 -0.558937 -0.828261
vn 0.170651 0.233027 -0.957380
vn 0.057793 0.441776 0.895262
vn 0.416433 0.333614 -0.845745
vn -0.333750 0.334388 -0.881360
vn -0.035740 -0.937657 0.345721
vn 0.796154 -0.588763 0.139633
vn -0.176388 0.940575 0.290182
vn 0.631906 -0.752099 -0.187195
vn 0.179117 0.820393 -0.543022
vn -0.568206 0.101034 0.816660
vn -0.716821 -0.124373 0.686075
vn 0.224999 -0.786955 -0.574523
vn -0.000066 0.205977 -0.978557
vn -0.179621 0.094843 0.979153
vn 0.745169 -0.467909 0.475168
vn 0.737621 -0.066632 0.671919
vn 0.630128 -0.224097 0.743450
vn 0.540728 0.103030 0.834864
vn 0.349459 -0.669154 0.655829
vn 0.652999 -0.093141 0.751610
vn 0.663989 -0.496576 0.559044
vn -0.278947 -0.926482 -0.252625
vn 0.095960 -0.887441 0.450821
vn -0.267134 -0.631513 0.727894
vn 0.485218 -0.585285 -0.649619
vn -0.748734 -0.521805 0.408799
vn -0.485515 0.262649 0.833841
vn 0.071820 -0.982343 0.172755
vn -0.745880 -0.599835 0.289586
vn 0.619573 -0.060883 -0.782574
vn -0.762558 -0.587738 -0.270312
vn 0.187386 -0.903810 -0.384726
vn -0.375217 -0.921946 0.096063
vn -0.876702 -0.004524 0.481012
vn -0.654685 -0.747388 -0.113129
vn 0.000000 -0.000000 0.000000
vn -0.019359 -0.725265 -0.688198
vn 0.401535 -0.438481 -0.804055
vn -0.941798 -0.334523 0.033342
vn -0.141898 -0.185816 -0.972285
vn -0.489972 -0.847540 -0.203969
vn -0.578503 0.799590 0.161212
vn -0.917963 -0.395650 0.028375
vn 0.654561 -0.739221 -0.158438
vn 0.780671 -0.600285 0.173813
vn -0.428700 -0.884074 -0.186087
vn -0.384191 0.249431 0.888921
vn 0.169550 -0.629758 0.758062
vn -0.597150 -0.370271 0.711556
vn -0.325093 0.430752 0.841883
vn -0.352578 -0.321285 0.878900
vn -0.702936 -0.707506 0.072907
vn -0.494562 0.264174 0.828022
vn -0.155117 0.752499 -0.640065
vn -0.989927 -0.082115 0.115329
vn 0.361625 -0.193241 -0.912077
vn -0.296316 0.337890 -0.893324
vn -0.727763 0.151802 -0.668817
vn -0.497107 0.741014 -0.451423
vn -0.693390 0.709881 -0.123609
vn 0.160089 0.409773 -0.898030
vn 0.207085 0.341897 -0.916636
vn -0.131864 -0.087400 -0.987407
vn -0.645627 -0.136493 -0.751356
vn -0.104281 0.407078 -0.907421
vn 0.353269 -0.422439 0.834713
vn 0.097245 0.335358 0.937058
vn 0.330898 0.265406 0.905575
vn 0.396961 0.303846 0.866083
vn -0.236536 0.935016 -0.264191
vn -0.177022 0.510743 -0.841312
vn -0.744160 0.614341 0.262317
vn -0.611179 0.350943 0.709436
vn -0.401397 0.696496 -0.594789
vn -0.672078 0.730301 -0.122363
vn -0.127738 0.463555 -0.876812
vn -0.580281 0.647220 0.494349
vn -0.283851 0.948245 0.142339
vn -0.135381 0.888887 0.437666
vn -0.136491 0.753090 0.643603
vn -0.516620 0.462265 0.720704
vn -0.319039 0.727142 0.607848
vn -0.922646 -0.239612 0.302176
vn -0.260601 0.714897 0.648853
vn -0.452549 0.715571 -0.532125
vn -0.027713 0.777248 0.628584
vn -0.571939 -0.118505 0.811691
vn 0.023772 0.909439 -0.415157
vn -0.000000 -0.000000 0.000000
vn 0.338249 -0.193415 -0.920966
vn 0.443890 0.056876 -0.894275
vn 0.415050 -0.849493 -0.325723
vn 0.668726 -0.633761 -0.388783
vn 0.678632 -0.728020 0.097184
vn 0.742651 -0.181565 0.644595
vn 0.510404 -0.764570 0.393599
vn 0.149131 -0.838756 0.523687
vn 0.494049 -0.468696 0.732283
vn -0.074137 -0.274662 0.958679
vn -0.738031 0.559178 0.377664
vn 0.543998 -0.831777 0.110512
vn -0.185050 0.915036 0.358421
vn 0.199923 0.979754 -0.010675
vn -0.130507 0.273581 -0.952954
vn -0.320230 0.659003 -0.680564
vn -0.072848 0.491625 -0.867755
vn 0.653041 0.080144 0.753070
vn 0.660013 0.189931 0.726849
vn -0.076438 0.396009 -0.915059
vn 0.058079 0.328629 -0.942672
vn -0.482909 0.791187 -0.375263
vn 0.264348 0.735949 -0.623297
vn 0.899544 -0.229116 -0.371922
vn 0.966453 0.230873 -0.112547
vn 0.639439 -0.027432 -0.768353
vn 0.539790 -0.160880 -0.826284
vn 0.991386 -0.083007 -0.101308
vn 0.979841 -0.172633 -0.100542
vn 0.738846 0.621212 -0.261155
vn 0.668293 -0.741761 0.056342
vn 0.349916 0.917670 0.188255
vn 0.962662 0.263584 -0.061693
vn 0.471327 -0.831313 -0.294566
vn -0.000000 0.000000 0.000000
vn 0.992626 0.060219 -0.105200
vn 0.951171 0.138869 0.275662
vn 0.974773 -0.136031 0.176954
vn 0.995358 0.076203 0.058786
vn 0.982875 -0.001246 0.184269
vn 0.512029 -0.672787 0.534026
vn 0.104211 -0.979443 0.172716
vn 0.130050 0.207601 0.969530
vn 0.166041 -0.883095 0.438833
vn 0.658869 -0.451779 0.601487
vn -0.328074 -0.776919 0.537368
vn 0.000000 0.000000 0.000000
vn -0.476435 -0.600681 0.642022
vn -0.744900 -0.206302 -0.634480
vn -0.306037 0.942373 -0.135181
vn -0.994742 0.096550 0.034164
vn 0.256031 0.434234 0.863649
vn 0.536071 0.813640 0.224982
vn 0.764985 0.634660 -0.109564
vn 0.966611 0.104720 -0.233872
vn 0.988177 0.035511 -0.149150
vn 0.858586 0.188295 0.476838
vn -0.976350 0.213954 0.031064
vn -0.974949 0.157429 -0.157135
vn 0.998610 0.006861 0.052253
vn 0.954631 0.220204 0.200473
vn -0.830001 -0.075361 -0.552647
vn 0.969856 -0.242597 -0.022923
vn 0.937973 0.200691 -0.282717
vn -0.488185 0.507182 0.710240
vn 0.859103 -0.507106 -0.069180
vn 0.902592 0.416946 0.107158
vn 0.900516 0.419453 0.114590
vn 0.961222 -0.252989 -0.109767
vn -0.055397 0.978632 0.198016
vn 0.192667 0.908167 0.371635
vn -0.431649 0.751848 0.498402
vn 0.412500 0.828905 0.377836
vn 0.806153 0.521896 0.278822
vn 0.749300 -0.476723 -0.459658
vn 0.965781 -0.200661 -0.164326
vn -0.114471 -0.985021 -0.128959
vn 0.351768 -0.595635 -0.722135
vn -0.340042 -0.869463 -0.358336
vn -0.621622 -0.087543 -0.778410
vn -0.697202 0.589432 -0.408020
vn 0.163203 0.209674 -0.964055
vn 0.145384 0.184045 -0.972107
vn 0.933768 -0.345903 0.091801
vn 0.999819 0.016820 0.008890
vn -0.000000 0.000000 0.000000
vn -0.000000 0.000000 0.000000
vn 0.090618 0.973205 0.211329
vn -0.460148 0.850660 0.254245
vn 0.991136 -0.132525 0.009324
vn 0.988474 -0.146917 0.036528
vn -0.536432 -0.674145 -0.507710
vn -0.987210 0.144519 0.067317
vn 0.329923 -0.818040 -0.471128
vn -0.620529 -0.604858 -0.499089
vn -0.816268 0.560582 0.139476
vn 0.886389 -0.211930 -0.411583
vn -0.688867 0.723971 0.036447
vn 0.428433 0.373240 0.822884
vn 0.939480 0.029608 0.341323
vn 0.827677 0.536022 -0.166225
vn -0.199066 -0.807590 -0.555132
vn -0.416717 0.839963 0.347576
vn 0.363299 0.931211 0.029322
vn 0.000000 -0.000000 -0.000000
vn -0.706645 0.221062 -0.672149
vn -0.842576 -0.153120 -0.516353
vn -0.211986 0.193521 -0.957920
vn 0.369457 -0.111030 -0.922591
vn -0.642837 0.330015 -0.691267
vn 0.011699 -0.308738 -0.951075
vn -0.732201 0.217292 -0.645497
vn -0.715226 -0.082865 -0.693963
vn 0.205057 0.289513 -0.934951
vn -0.393927 0.492466 -0.776079
vn -0.916371 -0.365344 -0.163672
vn -0.794791 -0.573446 0.198663
vn 0.543639 0.449244 0.708969
vn -0.863067 -0.245318 0.441513
vn -0.785388 0.091581 -0.612192
vn -0.902583 -0.342130 -0.261325
vn 0.049314 0.895070 -0.443190
vn 0.006286 0.368992 -0.929411
vn -0.100331 0.308154 -0.946031
vn 0.852993 0.119952 -0.507951
vn 0.075270 0.912230 -0.402705
vn 0.634363 0.293793 -0.715031
vn -0.533968 0.729231 -0.427902
vn -0.586451 0.746603 -0.314101
vn -0.614828 0.748358 -0.248892
vn -0.562357 0.653755 -0.506319
vn -0.618859 0.556960 -0.553904
vn -0.525104 0.694123 -0.492401
vn 0.000000 -0.000000 0.000000
vn -0.123338 -0.519627 -0.845444
vn 0.813976 -0.193738 -0.547639
vn 0.250501 -0.030716 -0.967629
vn 0.000000 0.000000 -0.000000
vn -0.567598 0.170992 -0.805354
vn -0.830361 0.461048 -0.312947
vn -0.619549 0.306123 -0.722805
vn -0.319252 0.808917 0.493691
vn -0.520197 0.695998 0.494955
vn 0.038692 0.984539 -0.170839
vn 0.015176 0.997624 -0.067205
vn -0.165711 0.985241 -0.042889
vn -0.107461 0.990779 -0.082520
vn -0.001494 0.998463 -0.055411
vn -0.391304 0.905675 0.163200
vn -0.158609 0.986840 0.031453
vn -0.728985 0.614881 -0.300836
vn -0.675305 0.457013 -0.578881
vn -0.362184 0.393944 -0.844767
vn -0.407456 0.701438 -0.584776
vn -0.257935 0.940890 -0.219535
vn 0.965129 -0.248133 -0.083408
vn 0.895797 -0.441197 -0.053784
vn 0.836694 0.547328 0.019379
vn 0.985522 -0.091584 -0.142681
vn 0.966613 -0.200004 0.160182
vn -0.000000 -0.000000 0.000000
vn -0.000000 -0.000000 0.000000
vn 0.949515 -0.238884 0.203362
vn 0.985680 0.035623 0.164818
vn -0.676092 0.715102 0.177565
vn 0.419677 0.417488 0.805962
vn 0.990094 -0.081726 0.114174
vn 0.988404 -0.079293 0.129502
vn 0.269210 -0.886683 0.375923
vn -0.458080 -0.856038 0.239501
vn 0.960299 -0.117355 0.253090
vn 0.999041 0.034080 -0.027481
vn -0.000000 -0.000000 -0.000000
vn 0.641364 0.200808 0.740492
vn -0.230903 -0.636464 0.735933
vn 0.983140 -0.044723 0.177300
vn 0.085106 0.613526 0.785075
vn -0.395782 0.062475 0.916217
vn 0.860343 -0.319992 0.396755
vn 0.380400 -0.899118 -0.216523
vn 0.477559 0.795673 0.372615
vn 0.838504 0.534053 0.108159
vn 0.983941 0.167609 -0.061380
vn 0.969119 -0.206536 -0.134730
vn 0.961547 -0.262182 -0.081785
vn 0.888993 -0.058274 0.454198
vn 0.579380 -0.772109 0.261087
vn 0.942711 0.000510 -0.333610
vn 0.974918 0.158964 0.155773
vn 0.944328 -0.259382 -0.202397
vn -0.893767 -0.438008 -0.096592
vn -0.617829 -0.786163 -0.015307
vn -0.903225 -0.270373 -0.333291
vn -0.565445 -0.804350 -0.182464
vn -0.662263 0.225745 0.714456
vn -0.693376 -0.614306 -0.376641
vn -0.831328 -0.477074 0.285120
vn -0.655089 -0.673174 0.343067
vn -0.771319 -0.604275 -0.199797
vn -0.569889 0.821325 -0.025528
vn -0.434241 0.858905 0.271509
vn -0.973987 0.098050 -0.204291
vn -0.509731 0.831999 0.218980
vn 0.989918 -0.132360 0.050434
vn -0.000000 0.000000 0.000000
vn 0.000000 0.000000 0.000000
vn 0.955261 0.190519 0.226227
vn 0.093937 0.553337 -0.827643
vn 0.939812 0.339954 0.034419
vn -0.344659 0.640050 -0.686693
vn -0.190198 0.603516 -0.774334
vn -0.613410 0.062289 0.787304
vn -0.342107 0.797545 -0.496875
vn -0.077256 0.714558 0.695297
vn 0.609899 0.597550 -0.520535
vn -0.383759 0.645485 -0.660362
vn -0.594140 0.567259 -0.570276
vn -0.937242 0.239521 0.253391
vn -0.027563 -0.998912 -0.037624
vn -0.313576 0.933617 -0.173290
vn 0.614737 0.716957 0.328742
vn -0.226780 0.751982 -0.618945
vn -0.564243 0.697755 -0.441326
vn -0.186785 0.981340 0.045632
vn 0.254799 0.799684 -0.543676
vn -0.775361 0.273931 -0.569014
vn 0.000000 -0.000000 0.000000
vn 0.996914 0.078363 0.004739
vn -0.525945 0.139440 -0.839010
vn -0.356915 -0.115144 -0.927013
vn -0.763606 -0.492938 -0.417035
vn -0.732500 0.225443 -0.642355
vn -0.847988 0.150973 -0.508058
vn -0.714249 0.206221 -0.668821
vn -0.438413 -0.168198 -0.882895
vn -0.857971 0.460085 -0.228490
vn -0.886538 0.329596 -0.324680
vn 0.695926 0.111595 0.709390
vn 0.848779 0.426757 -0.312174
vn -0.502822 0.136999 -0.853464
vn -0.431333 0.600778 -0.673066
vn -0.123605 0.784791 -0.607309
vn 0.238549 -0.072358 -0.968431
vn 0.287532 -0.158732 -0.944526
vn 0.496620 -0.105531 -0.861528
vn 0.973867 -0.135441 0.182317
vn 0.871607 -0.406577 -0.273853
vn 0.324364 -0.152935 -0.933487
vn -0.076444 -0.084142 -0.993517
vn 0.328052 -0.626014 -0.707452
vn -0.475641 -0.649544 0.593176
vn 0.559284 0.100292 0.822887
vn -0.436170 -0.709953 -0.552922
vn 0.591726 0.768018 -0.244965
vn -0.713161 0.133441 -0.688182
vn 0.239601 0.818199 -0.522630
vn 0.678454 0.270290 0.683113
vn -0.341020 0.527732 -0.777949
vn -0.046810 0.124387 -0.991129
vn -0.353501 -0.802249 -0.481076
vn -0.218425 -0.432933 -0.874563
vn -0.387931 -0.732606 0.559283
vn -0.973213 -0.141106 -0.181510
vn -0.329457 -0.880471 0.340924
vn -0.100940 -0.641381 -0.760554
vn 0.000000 -0.000000 0.000000
vn 0.640087 0.759748 -0.114335
vn 0.348839 0.912025 0.215687
vn -0.169472 0.963199 0.208632
vn -0.081148 0.994394 -0.067794
vn 0.000000 0.000000 0.000000
vn -0.278293 0.948471 -0.151514
vn -0.835369 0.524871 0.163308
vn -0.096301 0.391889 -0.914959
vn -0.214195 0.849267 0.482563
vn -0.547209 0.705204 0.450832
vn -0.390915 0.652779 0.648895
vn -0.012966 0.992925 0.118034
vn -0.015340 0.301003 0.953500
vn -0.298734 0.890952 0.341998
vn -0.551011 0.773629 0.312866
vn 0.314532 0.693652 0.648009
vn -0.230687 0.827329 0.512163
vn -0.988859 -0.127525 -0.076782
vn 0.035179 0.824642 0.564559
vn 0.489926 -0.751633 -0.441611
vn 0.698876 0.540993 0.467866
vn 0.976207 -0.216833 -0.001784
vn -0.520191 0.792811 0.317572
vn 0.748600 0.446818 0.489849
vn -0.950227 0.100277 -0.294980
vn 0.500797 0.649174 0.572517
vn -0.312709 0.404272 0.859522
vn -0.881348 0.268587 0.388699
vn 0.617413 0.360487 0.699179
vn 0.962124 -0.272524 -0.006923
vn -0.807421 0.233695 0.541717
vn -0.219636 0.919916 0.324830
vn 0.183889 0.981872 0.045957
vn -0.601310 0.763573 -0.235336
vn 0.532013 0.846289 0.027515
vn 0.969347 -0.241528 0.045053
vn 0.995511 0.091943 -0.022459
vn 0.832139 0.410617 0.372743
vn 0.700384 0.375960 0.606726
vn -0.623001 0.612972 0.485936
vn -0.220964 0.847448 0.482707
vn -0.406051 0.739091 0.537463
vn 0.630013 0.595142 0.498888
vn -0.323215 0.753657 0.572305
vn 0.828619 -0.395376 0.396318
vn 0.000000 0.000000 0.000000
vn -0.911437 0.125302 0.391894
vn -0.715957 0.426208 0.552948
vn -0.543875 0.411757 0.731202
vn -0.053143 -0.352111 0.934448
vn 0.490547 -0.601255 0.630759
vn -0.197054 0.150728 0.968737
vn -0.847419 0.426319 -0.316438
vn -0.000000 0.000000 -0.000000
vn -0.307143 0.401924 0.862624
vn -0.442867 0.485898 0.753507
vn -0.798905 0.424931 0.425657
vn -0.061540 -0.264818 0.962333
vn 0.198230 -0.279477 0.939467
vn -0.275269 0.609436 0.743515
vn -0.192634 0.211847 0.958130
vn 0.104534 -0.345978 0.932401
vn -0.263913 -0.492524 0.829319
vn -0.000000 -0.000000 -0.000000
vn -0.664872 0.519941 0.536289
vn -0.658661 0.364178 0.658438
vn -0.443513 -0.857335 0.261292
vn -0.035350 -0.973408 -0.226333
vn 0.397258 -0.912319 -0.099300
vn -0.081154 -0.996673 0.007521
vn -0.507835 -0.838422 -0.197869
vn 0.989766 -0.134816 0.046782
vn 0.065169 -0.982225 -0.176032
vn 0.261662 -0.962509 -0.071477
vn -0.047416 -0.998557 0.025223
vn 0.129961 -0.985650 -0.107720
vn -0.231932 -0.411801 0.881265
vn 0.292035 -0.863831 0.410502
vn -0.316540 -0.806990 0.498567
vn -0.063011 -0.325898 0.943303
vn 0.688572 -0.724754 0.024509
vn 0.036599 -0.908805 -0.415613
vn 0.641604 -0.252222 0.724382
vn -0.223368 -0.451975 0.863612
vn 0.248886 -0.457799 0.853508
vn -0.376828 -0.630341 0.678727
vn 0.000000 -0.000000 0.000000
vn -0.238417 0.863150 0.445117
vn -0.754793 0.617036 -0.222606
vn -0.520543 0.773641 0.361268
vn -0.384611 0.509589 -0.769671
vn 0.423600 -0.782860 0.455733
vn 0.246329 0.960030 -0.132909
vn 0.415052 -0.366676 0.832635
vn -0.777216 0.618575 -0.115324
vn -0.207541 0.890230 -0.405483
vn -0.010593 0.878104 -0.478352
vn -0.562285 -0.244832 -0.789869
vn -0.781458 0.528076 -0.332353
vn -0.833898 0.525881 -0.167519
vn 0.057774 0.720940 0.690585
vn 0.128397 0.338438 -0.932188
vn 0.402682 -0.904789 -0.138579
vn 0.152065 0.247964 0.956760
vn 0.000000 0.000000 0.000000
vn 0.463683 -0.079661 -0.882413
vn -0.183382 0.831802 -0.523906
vn -0.781948 0.283912 0.554934
vn -0.625204 0.649996 0.432000
vn -0.338351 0.317896 -0.885698
vn 0.518305 0.706707 -0.481587
vn 0.985547 0.155334 0.067596
vn -0.416201 0.861010 -0.292298
vn -0.853991 0.117696 0.506801
vn -0.825240 -0.195078 -0.530022
vn -0.778157 -0.593635 0.205108
vn 0.620382 0.574524 0.533899
vn -0.688350 -0.689621 0.224939
vn -0.315768 0.892095 0.323199
vn -0.395443 0.275302 0.876261
vn 0.000000 0.000000 0.000000
vn -0.829183 -0.128519 -0.544002
vn -0.000000 0.000000 0.000000
vn -0.405743 -0.827394 -0.388318
vn -0.831525 -0.269895 -0.485513
vn -0.656223 -0.749766 -0.084983
vn -0.000000 0.000000 0.000000
vn -0.786790 -0.568336 -0.240740
vn -0.787933 -0.589837 -0.176787
vn -0.872669 -0.132725 0.469928
vn -0.885395 -0.361690 -0.291988
vn -0.872099 -0.488986 -0.018338
vn -0.983387 0.148968 -0.103720
vn 0.000000 0.000000 0.000000
vn -0.636338 0.770649 -0.034260
vn 0.000000 0.000000 -0.000000
vn -0.988838 0.121584 0.086119
vn -0.732301 -0.666042 0.141853
vn 0.102444 0.976003 0.192156
vn -0.807251 0.564847 0.171156
vn 0.727938 0.682946 0.060746
vn -0.424838 0.634709 0.645490
vn 0.000000 0.000000 0.000000
vn 0.666406 0.701649 -0.252173
vn -0.204497 0.967537 -0.148505
vn -0.988765 0.133404 0.067430
vn -0.000000 -0.000000 -0.000000
vn -0.994895 -0.087410 -0.050435
vn -0.900228 -0.358065 -0.247749
vn -0.984596 -0.049448 0.167709
vn -0.976645 -0.085313 0.197196
vn 0.000000 0.000000 0.000000
vn -0.913427 -0.145675 0.380040
vn -0.641369 0.274328 0.716513
vn 0.272779 -0.044037 0.961068
vn -0.649625 0.738365 0.181120
vn 0.614228 -0.599790 -0.512811
vn 0.099276 0.607294 0.788250
vn 0.956897 -0.230939 0.176110
vn 0.714135 -0.649154 -0.261936
vn -0.000000 -0.000000 0.000000
vn -0.732068 0.674918 -0.092531
vn 0.912860 0.292619 -0.284711
vn 0.862420 0.463147 -0.204270
vn 0.914825 0.263156 0.306339
vn 0.980286 -0.031289 -0.195090
vn 0.841457 -0.362668 0.400528
vn 0.405574 -0.354338 0.842588
vn 0.900553 -0.078525 0.427596
vn 0.948115 -0.311255 -0.064794
vn 0.900361 -0.397325 0.177433
vn 0.970155 -0.127908 0.206007
vn 0.915536 -0.328914 0.231537
vn 0.911050 -0.245477 0.331253
vn 0.949536 0.283958 -0.133228
vn 0.678214 -0.117736 0.725372
vn 0.976597 -0.192513 -0.095904
vn 0.946323 0.234663 0.222274
vn -0.773929 -0.336899 0.536222
vn 0.000000 0.000000 0.000000
vn 0.728149 -0.681954 -0.068828
vn 0.992588 -0.101027 0.067541
vn 0.864687 -0.346557 0.363614
vn 0.065138 0.445942 0.892689
vn -0.063139 -0.472770 -0.878921
vn 0.000000 0.000000 0.000000
vn 0.984946 0.144619 0.094695
vn 0.995921 0.014396 -0.089078
vn 0.771537 0.630851 0.082206
vn 0.940517 -0.321623 -0.109479
vn -0.142566 0.845763 -0.514159
vn 0.386362 0.593152 -0.706325
vn -0.146556 0.931805 0.332054
vn 0.457024 0.644175 -0.613325
vn -0.472254 0.442753 -0.762198
vn -0.651507 -0.274115 -0.707389
vn -0.812865 -0.210309 -0.543158
vn -0.478545 0.044948 -0.876912
vn 0.609853 -0.504674 -0.611051
vn -0.000000 -0.000000 -0.000000
vn -0.837139 -0.546975 -0.003973
vn -0.558467 -0.775448 0.294610
vn 0.238651 -0.940623 0.241401
vn 0.000000 0.000000 0.000000
vn -0.856306 -0.312106 -0.411496
vn -0.858397 -0.256452 -0.444282
vn 0.530253 0.845644 -0.060977
vn 0.978288 -0.187684 0.087899
vn 0.976980 -0.203571 -0.063785
vn 0.995773 -0.091772 0.003681
vn 0.000000 0.000000 0.000000
vn 0.118932 -0.410033 -0.904283
vn 0.650765 0.042133 -0.758109
vn -0.773992 0.539580 -0.331346
vn -0.600501 0.795571 0.080411
vn -0.163089 0.937728 -0.306705
vn -0.982640 0.169070 0.076378
vn 0.315702 0.910097 -0.268430
vn 0.819102 0.568335 -0.077892
vn -0.675662 0.701349 -0.227137
vn -0.188380 0.462464 0.866395
vn 0.935109 -0.345822 0.077316
vn -0.760303 -0.014955 -0.649396
vn -0.911631 -0.400629 0.091790
vn -0.910178 0.227963 0.345845
vn -0.923810 0.371078 0.094211
vn -0.813498 0.026503 0.580963
vn -0.617943 0.609119 0.497111
vn 0.000000 0.000000 0.000000
vn 0.000000 -0.000000 0.000000
vn -0.945755 -0.049996 -0.321012
vn -0.841262 0.417409 0.343580
vn -0.848715 0.447418 0.281959
vn -0.004632 0.389030 0.921213
vn -0.814930 -0.579334 0.016153
vn -0.821403 0.384576 0.421188
vn -0.593491 0.395602 0.700905
vn -0.886006 0.396243 0.240801
vn -0.801478 0.368624 0.470903
vn -0.604663 0.794328 -0.058531
vn -0.873268 0.389444 0.292807
vn -0.920676 0.233909 0.312477
vn -0.909627 0.002973 0.415415
vn -0.732068 0.680322 0.035187
vn -0.911983 0.348292 0.216747
vn -0.973902 0.206059 -0.095156
vn -0.694047 0.548235 -0.466623
vn 0.705725 0.642183 0.299254
vn 0.317729 0.947994 -0.018860
vn 0.711427 0.682307 -0.168315
vn -0.999471 -0.031539 0.007960
vn 0.234589 0.962450 -0.136594
vn -0.430531 0.802466 0.413149
vn -0.780463 0.623290 0.048860
vn -0.744217 -0.076435 0.663550
vn -0.618035 0.706861 0.344066
vn 0.900271 0.424548 0.096291
vn -0.171586 0.967672 0.184846
vn -0.467067 0.858787 -0.210554
vn 0.564971 0.786743 0.248682
vn 0.738848 0.651081 0.173774
vn -0.251890 0.948579 0.191702
vn -0.930256 0.294777 0.218473
vn -0.777063 0.618105 0.118826
vn -0.526181 0.838104 0.143929
vn -0.269637 0.887583 0.373486
vn -0.541622 -0.839685 -0.039686
vn 0.202672 0.913068 0.353880
vn -0.841014 0.392842 -0.371984
vn -0.554289 0.806553 0.205513
vn -0.256810 0.939177 0.228024
vn -0.292563 0.893422 0.340886
vn -0.603031 0.767323 0.218103
vn 0.462815 0.874156 0.147153
vn 0.276437 0.806127 0.523203
vn -0.946484 0.168047 -0.275551
vn -0.222934 -0.972736 -0.063914
vn 0.027059 -0.986359 0.162369
vn -0.757396 -0.632171 -0.163435
vn -0.621734 -0.587831 0.517593
vn 0.196165 0.394037 0.897917
vn -0.370927 0.340588 0.863952
vn -0.716996 -0.084450 -0.691943
vn -0.736159 -0.139420 -0.662293
vn -0.057917 -0.997872 -0.029945
vn -0.594001 -0.649077 -0.475249
vn -0.524792 -0.838672 0.145682
vn -0.695314 -0.092223 -0.712765
vn -0.360419 0.632767 0.685350
vn 0.121802 -0.819239 0.560368
vn 0.026505 -0.797082 0.603289
vn -0.513493 -0.678831 0.524894
vn -0.780312 -0.420626 0.462803
vn -0.375004 -0.587246 0.717297
vn -0.374495 -0.424990 -0.824098
vn -0.528968 -0.403214 -0.746734
vn 0.022783 -0.902342 -0.430419
vn -0.943574 -0.200663 0.263444
vn -0.384832 -0.849106 0.361834
vn -0.795727 -0.327646 0.509378
vn -0.264748 -0.564491 0.781830
vn 0.747450 -0.645374 0.157516
vn -0.514041 -0.544391 0.662872
vn -0.540235 -0.316584 0.779692
vn 0.622228 -0.295969 0.724731
vn 0.765160 -0.509344 0.393826
vn 0.980985 0.003821 0.194046
vn 0.364515 0.362636 -0.857685
vn 0.697886 0.101722 -0.708949
vn 0.512582 0.206879 -0.833343
vn 0.940510 -0.149516 0.305101
vn -0.361724 0.145978 -0.920786
vn 0.994852 -0.090071 0.046434
vn 0.978018 -0.191582 0.082320
vn 0.950845 0.046188 0.306202
vn 0.808198 0.021355 0.588523
vn 0.971618 0.230072 0.055004
vn 0.935682 -0.050326 0.349236
vn 0.213536 0.931598 -0.294155
vn 0.821565 0.417457 0.388279
vn 0.968075 -0.006240 -0.250582
vn 0.142996 0.414411 -0.898786
vn -0.156967 -0.035157 -0.986978
vn 0.970328 -0.237035 0.047737
vn 0.980761 -0.114591 0.158041
vn 0.855603 0.294590 -0.425630
vn 0.953539 0.193864 -0.230608
vn 0.988872 -0.148766 0.000058
vn 0.865677 0.445426 -0.228469
vn 0.843998 -0.150827 0.514703
vn 0.963239 -0.158503 0.216903
vn -0.510819 0.859353 0.024002
vn 0.000000 0.000000 0.000000
vn 0.524346 0.296599 0.798179
vn 0.731010 -0.545305 -0.410204
vn 0.954776 -0.294093 -0.043728
vn 0.836393 0.541460 -0.085257
vn 0.995669 0.081069 -0.045511
vn 0.645771 -0.564003 0.514665
vn 0.996822 0.017585 -0.077696
vn 0.894988 0.439450 0.076683
vn 0.990878 0.074690 0.112167
vn 0.740365 0.629784 0.235013
vn 0.994638 0.044341 -0.093426
vn 0.415841 0.774253 0.477084
vn 0.884930 0.350901 0.306214
vn 0.991284 -0.094534 -0.091759
vn 0.994732 0.102435 -0.003866
vn 0.977683 0.163067 0.132456
vn 0.975263 0.143149 0.168433
vn 0.000000 0.000000 -0.000000
vn 0.999854 -0.009110 -0.014486
vn 0.868930 0.333393 0.365801
vn 0.946292 0.034238 0.321496
vn 0.778136 -0.224831 0.586477
vn 0.906509 0.301618 -0.295411
vn 0.822118 0.479054 -0.307619
vn 0.600419 0.180394 0.779073
vn 0.973098 0.023394 -0.229201
vn 0.970056 -0.238689 -0.044929
vn 0.976459 0.210074 0.048959
vn 0.825526 -0.061670 0.560985
vn 0.695501 -0.521190 0.494609
vn 0.883919 0.467627 -0.003409
vn 0.965484 -0.256702 -0.044099
vn 0.992235 0.103420 -0.069098
vn 0.677216 -0.645876 0.352452
vn 0.953760 0.231113 -0.192169
vn 0.978312 -0.165676 0.124326
vn 0.769431 0.570401 -0.287433
vn 0.922333 0.215933 0.320428
vn 0.943132 -0.220684 -0.248598
vn 0.881019 -0.388085 -0.270548
vn 0.000000 0.000000 0.000000
vn 0.990833 -0.090507 0.100293
vn 0.902980 -0.063073 -0.425028
vn 0.042952 -0.616024 0.786555
vn -0.307538 0.144760 0.940460
vn 0.999506 -0.027774 0.014683
vn -0.707732 -0.002271 0.706477
vn -0.598047 0.785825 0.157537
vn -0.770101 0.257395 0.583689
vn -0.679967 0.328120 0.655730
vn 0.943845 0.252460 0.213122
vn 0.985894 0.151398 -0.071350
vn -0.997792 0.066403 0.001149
vn -0.723371 0.689861 -0.028725
vn -0.834018 0.044041 -0.549977
vn -0.587235 0.483729 0.648969
vn -0.938173 0.248344 0.241158
vn -0.474662 0.637881 0.606468
vn -0.676664 0.382257 0.629290
vn -0.551702 0.729558 0.404190
vn 0.994568 0.077242 -0.069771
vn 0.975976 0.193659 0.099836
vn -0.531788 0.516419 0.671203
vn -0.035965 0.347982 -0.936811
vn 0.986559 -0.107822 0.122787
vn 0.946753 0.300516 -0.115535
vn 0.993074 -0.113466 -0.030499
vn 0.839282 -0.038819 -0.542308
vn 0.936865 -0.275630 0.215203
vn 0.403240 -0.908443 -0.110129
vn 0.858026 -0.458258 -0.231926
vn 0.759390 -0.645129 -0.084475
vn -0.535444 -0.763669 0.360706
vn -0.862854 -0.473135 0.177836
vn -0.580902 -0.811453 -0.064003
vn 0.855125 -0.488424 -0.173789
vn 0.820228 -0.357974 -0.446185
vn 0.704588 -0.688194 -0.173045
vn 0.631494 0.545564 0.550976
vn 0.839065 -0.070078 0.539499
vn 0.795376 -0.223091 0.563567
vn 0.000000 0.000000 -0.000000
vn -0.027026 -0.935803 -0.351486
vn -0.112135 -0.475571 0.872501
vn 0.492642 0.239878 0.836518
vn -0.502326 -0.458208 0.733290
vn -0.129276 -0.337390 0.932446
vn -0.721043 -0.616445 0.316376
vn -0.651286 -0.741051 0.163311
vn -0.391698 -0.085732 0.916091
vn -0.142894 -0.256299 0.955977
vn -0.104127 -0.981585 0.160154
vn -0.388554 -0.914854 0.109856
vn -0.301813 -0.948671 0.094514
vn 0.144516 -0.584721 0.798258
vn 0.615953 0.396918 0.680483
vn 0.452825 0.871787 -0.186914
vn 0.429665 0.840897 0.329060
vn 0.490953 0.827610 0.272078
vn 0.154819 0.762035 0.628755
vn -0.458527 -0.860663 0.221387
vn -0.132175 0.804774 0.578679
vn -0.908850 -0.398432 0.123467
vn -0.977935 0.182585 0.101521
vn 0.181811 -0.977371 -0.108125
vn 0.925025 -0.095151 0.367797
vn 0.632959 0.669296 0.389108
vn 0.518348 -0.733616 0.439458
vn -0.041174 0.281768 0.958599
vn 0.934347 0.129800 0.331885
vn -0.719037 -0.625429 -0.303025
vn -0.392336 -0.771111 -0.501458
vn -0.446661 -0.892311 0.065384
vn -0.563142 -0.773388 -0.291103
vn -0.853149 -0.475528 -0.214500
vn -0.692837 -0.717450 -0.072404
vn 0.230332 -0.967582 -0.103595
vn -0.922507 0.355699 0.149866
vn -0.970440 0.236626 0.047477
vn 0.822780 -0.045521 0.566535
vn 0.125072 -0.984287 -0.124648
vn -0.891183 0.163583 -0.423124
vn -0.850077 0.063259 -0.522846
vn -0.343669 -0.689336 -0.637736
vn -0.327106 0.440227 -0.836183
vn 0.916573 -0.118890 -0.381784
vn -0.783517 -0.311403 -0.537707
vn -0.886413 -0.339826 -0.314308
vn -0.632264 -0.596561 -0.494326
vn -0.662203 -0.663957 -0.347343
vn -0.949574 0.277175 -0.146569
vn 0.982970 -0.100862 0.153611
vn 0.302991 -0.951419 -0.054759
vn -0.319306 -0.777728 0.541464
vn 0.446752 -0.061237 0.892560
vn 0.122965 0.991446 0.043765
vn 0.612740 0.432542 -0.661405
vn 0.550861 0.437858 -0.710515
vn 0.421887 0.301568 -0.855025
vn -0.484608 0.672813 -0.558997
vn -0.642031 0.029090 -0.766127
vn -0.245057 -0.532162 -0.810402
vn 0.000000 0.000000 0.000000
vn 0.768024 -0.487656 -0.415127
vn -0.302251 0.040566 -0.952365
vn -0.473680 0.495219 -0.728276
vn 0.000000 0.000000 0.000000
vn -0.630254 -0.452019 -0.631235
vn -0.082292 0.829502 -0.552408
vn -0.619029 0.463601 -0.633938
vn -0.833392 0.368273 -0.412108
vn -0.710152 0.057847 -0.701668
vn 0.507633 -0.861573 -0.000229
vn 0.197512 -0.926262 -0.320980
vn -0.460967 -0.825312 -0.326143
vn -0.977830 0.129883 -0.164255
vn -0.659666 0.702147 0.268012
vn -0.376124 0.133252 0.916938
vn -0.434764 0.896908 0.080840
vn 0.998969 -0.017405 -0.041923
vn 0.985407 0.166936 0.033254
vn 0.798941 0.551874 -0.239015
vn 0.509160 -0.848285 -0.145493
vn 0.311810 -0.933138 -0.178961
vn 0.025796 -0.987115 -0.157917
vn -0.913854 0.361421 -0.185059
vn -0.923671 0.355224 -0.143692
vn -0.918620 0.346145 0.190581
vn 0.627028 -0.767900 -0.131018
vn -0.636605 -0.446740 -0.628615
vn 0.061555 0.906078 0.418609
vn -0.179985 0.623152 0.761109
vn -0.676125 -0.481635 0.557569
vn -0.964919 0.260143 0.035462
vn -0.954194 0.152105 0.257640
vn -0.021535 -0.991542 -0.127990
vn -0.443911 -0.883051 -0.152195
vn -0.979012 -0.187545 0.079766
vn -0.836713 -0.547102 -0.024320
vn -0.474269 -0.812798 0.338273
vn -0.897395 -0.334329 0.287934
vn -0.955037 0.273445 0.114598
vn -0.771202 0.560694 0.301445
vn -0.909914 0.284686 -0.301680
vn -0.886706 0.033275 0.461134
vn -0.160103 0.132183 0.978210
vn -0.653702 0.738362 -0.165817
vn 0.554504 -0.804610 -0.212433
vn 0.624471 -0.715288 -0.313684
vn 0.753169 -0.653713 -0.073465
vn -0.190645 -0.908342 -0.372248
vn 0.410180 -0.684103 -0.603122
vn 0.409962 -0.912041 -0.010625
vn 0.600499 -0.761806 -0.243009
vn 0.544805 -0.674615 -0.498078
vn 0.440071 -0.819236 -0.367682
vn -0.490464 -0.847857 -0.201453
vn 0.241675 -0.794383 -0.557269
vn -0.288337 -0.929186 -0.231248
vn -0.538521 -0.026536 0.842194
vn -0.694061 0.482986 -0.533858
vn -0.759817 -0.004112 0.650124
vn -0.545453 0.438028 0.714572
vn -0.543239 0.829394 -0.130375
vn 0.370099 -0.899016 -0.234088
vn -0.000000 0.000000 -0.000000
vn -0.691160 0.572285 0.441348
vn 0.000000 0.000000 -0.000000
vn -0.562483 -0.325430 0.760071
vn -0.642516 0.450866 0.619591
vn -0.874576 0.484845 0.006458
vn 0.066978 0.993788 0.088883
vn -0.496354 0.690910 0.525620
vn -0.387056 -0.905287 -0.175053
vn -0.371730 0.634110 0.678027
vn -0.236924 -0.961034 -0.142412
vn 0.038741 -0.978807 -0.201085
vn 0.906037 0.403047 -0.129037
vn -0.618579 -0.758748 -0.204113
vn -0.903002 0.255599 0.345337
vn -0.914783 0.402949 -0.028369
vn -0.422507 -0.790343 0.443673
vn -0.349872 -0.080534 -0.933330
vn -0.484137 -0.824783 -0.292139
vn -0.450916 -0.742456 -0.495413
vn -0.534206 -0.743482 -0.402315
vn 0.563713 -0.772848 -0.291432
vn 0.855939 0.203148 0.475499
vn -0.709273 0.350973 0.611351
vn 0.976621 0.209331 -0.048899
vn 0.849759 0.518353 0.096022
vn 0.946335 -0.322510 0.020925
vn 0.976391 -0.112649 -0.184313
vn 0.958427 -0.271110 -0.088978
vn 0.670080 -0.673402 0.312285
vn -0.851099 -0.519298 -0.077195
vn 0.923610 0.209377 0.321100
vn 0.646518 0.669821 0.365178
vn 0.236926 -0.969282 -0.066018
vn -0.342861 -0.754715 -0.559332
vn 0.979096 -0.168439 0.114018
vn 0.953931 -0.261346 -0.147359
vn 0.931387 0.315117 -0.182263
vn 0.187288 -0.954413 0.232420
vn -0.325731 -0.930022 -0.170175
vn 0.031389 0.999459 -0.009795
vn 0.640452 -0.757430 -0.126968
vn -0.191207 0.951672 0.240333
vn 0.614540 0.732633 -0.292558
vn -0.227021 -0.973854 -0.008379
vn 0.498322 0.855948 -0.137942
vn -0.661973 -0.056768 0.747375
vn 0.306874 0.885086 -0.349929
vn 0.188812 -0.645750 0.739835
vn 0.233337 -0.586349 0.775724
vn -0.499489 -0.670532 0.548541
vn 0.856506 -0.507419 -0.094459
vn 0.092014 0.393050 -0.914902
vn 0.305159 -0.587648 -0.749365
vn -0.678131 0.175251 -0.713741
vn 0.354243 -0.188939 -0.915868
vn 0.356985 -0.199543 -0.912548
vn 0.467154 -0.374701 -0.800854
vn 0.396612 -0.684215 -0.612003
vn 0.686313 -0.671085 -0.280393
vn 0.154779 -0.887513 -0.434009
vn 0.377576 -0.845163 -0.378334
vn 0.092103 -0.950868 -0.295580
vn -0.739370 -0.646318 -0.188695
vn -0.172304 -0.972318 -0.157826
vn 0.112652 -0.903288 -0.413982
vn -0.943554 -0.329952 0.028931
vn -0.795884 -0.115079 0.594412
vn -0.241329 0.891300 0.383854
vn 0.354984 0.882884 0.307412
vn 0.287991 0.764557 0.576641
vn 0.459372 0.786674 0.412457
vn 0.332318 0.261533 0.906182
vn 0.407664 0.033327 0.912524
vn -0.040083 0.224435 0.973664
vn 0.520826 0.828319 -0.206468
vn 0.567498 0.327938 0.755250
vn 0.680924 0.006432 0.732326
vn -0.086522 -0.962876 -0.255703
vn 0.042823 -0.945962 -0.321436
vn 0.996897 0.033571 -0.071205
vn 0.973076 0.008241 0.230339
vn 0.991893 0.117252 -0.048994
vn 0.981925 0.040331 -0.184924
vn -0.222832 0.380206 -0.897658
vn 0.762586 0.443131 -0.471272
vn 0.532690 0.256950 -0.806361
vn 0.948790 -0.218566 -0.228093
vn 0.653426 -0.720779 -0.231327
vn 0.000000 0.000000 0.000000
vn 0.943088 -0.225456 0.244446
vn 0.128395 -0.896200 -0.424665
vn 0.813194 -0.579551 -0.053255
vn 0.927689 -0.342544 0.148517
vn -0.125176 0.991427 0.037472
vn -0.150928 0.772203 0.617190
vn -0.919774 -0.379522 0.099895
vn -0.971795 -0.235812 0.002750
vn -0.661893 -0.641050 -0.388526
vn -0.267194 -0.901739 -0.339814
vn -0.319181 -0.822223 -0.471246
vn -0.440564 0.760385 0.477198
vn -0.300777 -0.017430 0.953535
vn -0.538582 -0.426427 0.726697
vn -0.112169 -0.887340 0.447265
vn 0.973309 -0.218313 0.070774
vn 0.984032 -0.007547 0.177833
vn 0.743396 0.519650 -0.421102
vn 0.497940 -0.227139 0.836937
vn 0.989503 -0.144501 0.001623
vn 0.444896 -0.511481 0.735156
vn 0.993837 0.054577 0.096481
vn 0.950156 0.217880 0.223008
vn 0.738182 0.530028 0.417322
vn 0.821820 0.078802 0.564272
vn 0.935346 0.324117 -0.141692
vn 0.849672 -0.428515 0.307299
vn 0.793673 0.183918 0.579877
vn 0.983926 -0.174601 0.037472
vn 0.792882 0.584924 0.170888
vn 0.992730 -0.083622 0.086571
vn 0.982311 -0.182316 0.042735
vn 0.994974 -0.089059 0.045773
vn -0.855673 0.421387 -0.300427
vn -0.334749 0.842951 0.421161
vn -0.748683 -0.649152 -0.134443
vn -0.778732 -0.556877 -0.288901
vn 0.728210 -0.681077 -0.076444
vn 0.547619 -0.204942 0.811241
vn -0.261673 -0.963625 -0.054358
vn 0.729035 0.639673 -0.243569
vn 0.087570 0.904934 -0.416444
vn 0.735184 0.488682 -0.469781
vn -0.105704 0.845956 0.522671
vn -0.046018 -0.236232 0.970606
vn 0.091457 0.385966 0.917968
vn 0.663510 -0.735592 0.136597
vn 0.554730 -0.739119 0.382070
vn -0.180082 -0.669876 0.720303
vn -0.208963 -0.804549 0.555910
vn -0.638429 -0.450618 0.623980
vn 0.045061 -0.997996 0.044417
vn -0.224965 -0.148316 -0.963013
vn 0.365395 0.679134 0.636603
vn -0.346552 -0.225232 0.910589
vn -0.172401 -0.954921 0.241669
vn 0.171905 0.436219 0.883268
vn -0.693616 -0.086464 0.715137
vn -0.724473 -0.566455 0.392769
vn -0.232525 -0.466813 -0.853240
vn -0.682480 0.304655 -0.664384
vn -0.648549 -0.030342 -0.760568
vn -0.824260 -0.428703 0.369877
vn -0.354942 -0.008542 -0.934849
vn 0.302510 -0.900448 -0.312540
vn 0.432983 -0.607823 -0.665640
vn 0.633123 -0.749273 -0.194285
vn 0.044963 -0.981629 0.185427
vn 0.497065 -0.637964 0.588157
vn 0.548073 0.693311 0.467905
vn 0.343452 -0.180676 0.921627
vn -0.308293 -0.483369 0.819335
vn 0.683236 0.129817 -0.718565
vn -0.000000 -0.000000 -0.000000
vn 0.269460 0.946492 0.177608
vn -0.761861 -0.304738 0.571580
vn -0.476392 -0.230779 0.848405
vn -0.981908 -0.012284 -0.188962
vn -0.530366 -0.734526 -0.423300
vn -0.576995 -0.342616 -0.741411
vn -0.836083 -0.254082 -0.486217
vn -0.595655 -0.740228 0.311862
vn -0.877977 0.478418 -0.016535
vn -0.992568 0.007338 0.121470
vn -0.987189 0.144645 -0.067352
vn -0.900691 0.400892 -0.167456
vn -0.958007 -0.282582 0.048680
vn -0.654360 -0.753624 0.062161
vn -0.777602 -0.512834 0.363780
vn -0.751753 -0.632316 -0.187202
vn -0.992824 0.115859 0.029618
vn -0.930184 -0.299881 0.211727
vn -0.706348 -0.694968 -0.134507
vn -0.598857 0.202236 0.774901
vn -0.790247 0.341730 -0.508655
vn -0.875245 -0.321326 -0.361518
vn -0.686375 -0.210333 -0.696167
vn -0.951518 0.287920 0.108237
vn -0.698737 -0.245952 0.671770
vn -0.929723 -0.045562 -0.365429
vn -0.989394 0.020029 0.143866
vn -0.880217 -0.433203 -0.193785
vn 0.226114 0.093066 0.969645
vn 0.068195 -0.937803 0.340404
vn 0.105130 -0.414616 0.903903
vn 0.023086 -0.865613 0.500182
vn 0.388199 -0.799283 0.458747
vn 0.920443 0.273196 -0.279552
vn 0.818535 0.019806 -0.574115
vn 0.318818 0.192452 -0.928072
vn 0.640433 0.402625 -0.654018
vn 0.655830 0.500764 -0.564910
vn 0.769965 0.086651 -0.632175
vn 0.644496 0.279488 -0.711696
vn 0.254148 0.966922 -0.021693
vn 0.788780 -0.199063 -0.581549
vn 0.872316 -0.165637 -0.460033
vn 0.862451 0.490996 0.122888
vn -0.847048 -0.199616 -0.492609
vn -0.989652 -0.002755 -0.143462
vn -0.927354 0.172880 0.331854
vn -0.996438 0.056897 -0.062247
vn -0.912063 -0.330844 -0.242248
vn -0.817756 -0.038814 -0.574256
vn -0.998108 0.037625 -0.048619
vn -0.714489 -0.680542 0.162385
vn -0.971926 -0.184559 0.145939
vn -0.913735 -0.167589 -0.370138
vn 0.749469 0.290065 0.595112
vn 0.739073 0.455632 0.496156
vn -0.819788 -0.534229 -0.206267
vn -0.000000 -0.000000 -0.000000
vn -0.846191 0.509834 0.155015
vn -0.049811 0.809912 0.584433
vn 0.938583 -0.302597 0.165825
vn 0.373649 0.882900 0.284383
vn 0.506982 -0.820580 0.263852
vn 0.950428 0.310459 -0.017371
vn 0.918127 -0.372448 0.135370
vn -0.859683 -0.502235 -0.093301
vn -0.800843 0.597295 0.043462
vn 0.484729 -0.854824 0.185240
vn -0.862167 -0.501994 -0.068335
vn -0.135075 -0.981758 0.133813
vn -0.601651 -0.516807 -0.609038
vn -0.868716 0.274373 -0.412374
vn -0.169461 -0.977617 -0.124692
vn -0.418515 -0.627792 -0.656295
vn 0.759893 0.371723 0.533278
vn -0.357715 -0.262866 -0.896070
vn -0.665914 0.327771 -0.670168
vn -0.529278 -0.004721 -0.848435
vn -0.552643 0.710114 -0.436261
vn 0.529961 0.765384 0.365142
vn -0.909704 0.372112 0.184314
vn -0.666527 -0.634376 -0.391547
vn -0.995332 0.077107 0.058039
vn -0.243580 -0.958934 -0.145305
vn 0.353638 -0.848520 -0.393643
vn -0.198598 -0.914371 -0.352823
vn 0.779970 0.049377 -0.623866
vn 0.630392 0.103346 -0.769367
vn -0.115559 0.278972 -0.953321
vn -0.989757 -0.135014 0.046401
vn -0.731920 -0.620397 -0.281781
vn -0.986908 0.160727 -0.013377
vn -0.000000 0.000000 0.000000
vn 0.706298 0.520313 -0.480018
vn 0.449513 0.793852 -0.409557
vn 0.000000 0.000000 0.000000
vn -0.678517 -0.710726 -0.185698
vn 0.853166 -0.411209 -0.320958
vn 0.328319 0.817215 0.473674
vn 0.617234 -0.584880 -0.526249
vn -0.013744 0.855063 0.518343
vn 0.676278 0.538019 0.503174
vn 0.683763 0.719418 0.122089
vn 0.536825 0.573387 0.618907
vn -0.563551 0.560277 0.607041
vn 0.351130 0.911794 0.212929
vn -0.958399 0.280270 0.054042
vn 0.086325 0.910961 -0.403359
vn -0.401052 -0.711433 0.577079
vn 0.936776 0.230490 -0.263295
vn 0.705048 0.424576 -0.568016
vn 0.419614 0.712090 -0.562896
vn 0.019459 0.682122 -0.730979
vn -0.026157 0.215182 -0.976224
vn 0.131630 0.413360 -0.901004
vn -0.180878 0.095321 -0.978875
vn 0.055325 0.068005 -0.996150
vn 0.214881 0.080364 -0.973328
vn 0.053138 0.434792 -0.898962
vn 0.042917 0.463202 -0.885213
vn 0.627757 0.543165 0.557579
vn 0.882917 -0.151826 0.444305
vn 0.450797 0.781929 0.430544
vn 0.598196 -0.566762 0.566518
vn 0.265811 0.119610 0.956576
vn 0.868742 -0.347543 0.352848
vn 0.403741 0.111959 0.907997
vn 0.680415 -0.425425 0.596698
vn 0.198442 -0.969462 -0.144100
vn 0.904230 0.425014 -0.041595
vn 0.679561 0.210745 -0.702697
vn 0.673179 0.268310 -0.689087
vn 0.497020 0.171844 -0.850553
vn -0.055981 0.334324 -0.940794
vn 0.506138 0.403966 -0.761995
vn -0.000000 0.000000 0.000000
vn -0.375234 0.351182 -0.857829
vn 0.029231 0.492195 -0.869994
vn 0.570343 0.678004 -0.463701
vn 0.307266 0.677259 -0.668511
vn 0.000000 0.000000 0.000000
vn 0.475300 0.864696 -0.162452
vn 0.013983 0.879305 0.476053
vn -0.470981 0.237569 0.849552
vn 0.586324 0.527667 -0.614647
vn -0.573935 0.024677 0.818529
vn 0.506910 0.437621 -0.742651
vn 0.720157 0.355888 -0.595582
vn 0.247653 0.479301 -0.841985
vn 0.667075 0.477653 -0.571715
vn 0.490899 0.667142 0.560304
vn -0.057891 0.582052 -0.811088
vn 0.369829 -0.929029 0.011513
vn 0.545068 -0.135590 -0.827355
vn 0.481655 0.285728 -0.828473
vn 0.758617 0.188789 -0.623585
vn 0.626188 0.305536 -0.717312
vn -0.594633 -0.386257 -0.705137
vn -0.787018 0.217218 -0.577425
vn -0.172574 -0.293282 -0.940321
vn 0.336486 0.216238 -0.916525
vn -0.317056 -0.639158 -0.700680
vn 0.447261 -0.086477 -0.890213
vn 0.839406 0.169311 -0.516461
vn 0.472122 -0.180656 -0.862824
vn 0.114033 0.343562 -0.932181
vn 0.988217 -0.150120 0.029864
vn 0.746248 0.402713 -0.530034
vn 0.389962 -0.197638 -0.899371
vn 0.801711 0.204262 -0.561727
vn 0.891225 0.291713 -0.347305
vn 0.841069 0.437929 -0.317525
vn 0.249556 0.856991 0.450876
vn 0.490695 0.666551 0.561185
vn -0.000000 -0.000000 -0.000000
vn 0.551754 0.686236 0.473970
vn 0.554467 0.477803 -0.681374
vn 0.370524 0.588873 -0.718290
vn 0.561095 0.510366 -0.651689
vn 0.551019 0.761855 -0.340522
vn 0.384689 0.670081 -0.634827
vn 0.293143 0.942863 -0.158356
vn -0.993391 -0.106106 -0.043759
vn -0.900013 -0.406251 -0.157910
vn -0.980451 -0.196328 0.013115
vn -0.628619 -0.723515 0.285244
vn -0.282315 0.959250 0.011751
vn -0.742193 -0.574483 -0.345135
vn -0.982713 0.166288 0.081382
vn -0.600758 0.794186 -0.091421
vn -0.735935 0.216255 0.641587
vn -0.454949 -0.796249 0.398760
vn -0.975851 0.109860 0.188798
vn -0.000000 0.000000 0.000000
vn 0.883433 -0.431868 0.181760
vn -0.995476 -0.089857 0.030889
vn -0.799624 0.564575 -0.204591
vn -0.902829 -0.310511 0.297460
vn -0.739015 -0.571010 -0.357498
vn -0.414017 -0.089537 0.905855
vn 0.000000 0.000000 0.000000
vn 0.000000 0.000000 0.000000
vn -0.953258 0.286214 -0.096855
vn 0.870510 -0.060107 -0.488466
vn -0.918288 -0.261333 0.297408
vn -0.750183 -0.534458 0.389332
vn -0.999772 -0.014391 -0.015801
vn -0.932249 0.249658 0.261882
vn 0.335307 0.556231 0.760380
vn -0.906514 0.196043 0.373898
vn -0.992409 0.019074 -0.121491
vn -0.983235 0.180084 0.028599
vn -0.940802 0.004371 -0.338929
vn 0.471193 -0.876996 -0.094100
vn 0.724313 -0.674226 -0.144189
vn 0.479530 -0.725462 -0.493716
vn 0.971731 0.235830 0.011093
vn 0.761299 0.106731 -0.639557
vn 0.899598 -0.058549 0.432776
vn 0.823009 -0.221209 0.523186
vn 0.403534 -0.672107 -0.620831
vn 0.994487 0.032493 -0.099695
vn 0.603162 -0.659920 0.447996
vn 0.651391 0.726954 0.217321
vn 0.633040 0.724356 -0.273072
vn 0.599568 0.696968 -0.393388
vn 0.439972 0.882381 -0.166820
vn 0.404697 0.871234 -0.277797
vn 0.906031 0.381632 -0.182937
vn 0.000000 -0.000000 -0.000000
vn -0.888291 0.428019 0.166550
vn -0.994336 0.100459 -0.034700
vn -0.971434 -0.217812 0.094198
vn -0.998322 -0.051162 0.027121
vn -0.553188 0.367161 -0.747781
vn -0.803777 -0.090916 -0.587944
vn -0.845569 0.324756 -0.423729
vn -0.476680 0.163447 -0.863749
vn 0.123184 0.896641 -0.425277
vn 0.092154 0.202217 -0.974995
vn -0.372646 0.416591 -0.829208
vn 0.000000 0.000000 -0.000000
vn 0.091670 0.465923 -0.880064
vn 0.523741 0.851877 0.001022
vn 0.195536 0.965446 -0.172278
vn -0.278515 0.796657 -0.536439
vn 0.225769 0.203948 -0.952593
vn 0.428501 -0.271704 -0.861721
vn 0.330079 0.473125 -0.816823
vn 0.606141 0.763847 0.221654
vn 0.167008 0.824320 -0.540930
vn -0.007876 0.802548 -0.596536
vn 0.663711 0.288430 -0.690142
vn -0.706630 0.358794 -0.609870
vn 0.568211 0.258111 -0.781355
vn 0.250916 0.960324 -0.121734
vn -0.023581 0.631154 -0.775299
vn -0.408919 0.851629 -0.327892
vn 0.560987 -0.537365 -0.629708
vn 0.553835 0.711717 -0.432117
vn 0.276156 0.734701 -0.619639
vn 0.660040 0.674413 -0.330928
vn 0.315193 -0.290555 0.903455
vn -0.868896 0.416805 -0.267008
vn 0.508375 0.477399 -0.716690
vn 0.796407 0.509303 -0.326107
vn -0.877448 0.268346 -0.397588
vn 0.393089 -0.804322 0.445587
vn 0.535437 0.173366 -0.826590
vn 0.583243 0.183878 -0.791212
vn 0.866625 -0.356336 -0.349266
vn 0.922647 -0.353239 0.154740
vn 0.580682 -0.147025 -0.800745
vn 0.891645 -0.246127 -0.379988
vn 0.576248 0.165708 -0.800300
vn 0.785583 -0.172550 -0.594210
vn 0.477139 -0.608610 -0.633982
vn 0.666179 -0.125300 -0.735190
vn 0.886250 0.004487 -0.463185
vn 0.331623 0.835414 -0.438303
vn 0.320679 -0.333571 -0.886507
vn -0.202977 -0.139161 -0.969244
vn -0.838933 -0.429065 -0.334804
vn -0.981144 0.081328 0.175334
vn -0.961915 0.088580 -0.258597
vn -0.531106 -0.717230 -0.451118
vn -0.215795 -0.822208 -0.526694
vn -0.634910 -0.293545 -0.714647
vn -0.582934 0.105141 0.805688
vn 0.368277 0.305877 -0.877958
vn 0.266139 0.628728 -0.730664
vn 0.543573 -0.295963 -0.785451
vn 0.642385 -0.594997 0.483032
vn -0.351092 -0.140940 0.925673
vn -0.525477 0.740778 -0.418476
vn 0.635184 -0.598252 0.488504
vn 0.650002 -0.417015 -0.635292
vn -0.686609 0.025343 0.726585
vn -0.136169 0.810902 -0.569118
vn 0.000000 0.000000 0.000000
vn 0.693012 -0.682839 -0.231224
vn 0.021825 -0.832802 0.553141
vn 0.371506 -0.927455 0.042544
vn 0.543855 -0.776079 -0.319253
vn 0.602746 0.218345 -0.767478
vn 0.605616 -0.766116 -0.215166
vn 0.613979 -0.756984 -0.223617
vn 0.224295 -0.972751 0.058714
vn -0.024923 0.999588 -0.014234
vn -0.377890 0.890269 0.254205
vn -0.131347 0.970757 0.200944
vn -0.095457 0.953133 0.287099
vn -0.288207 0.957558 -0.004512
vn 0.606409 0.731265 0.312282
vn 0.000000 0.000000 0.000000
vn 0.102835 0.958062 0.267474
vn -0.157797 0.963747 0.215154
vn -0.315501 0.937586 0.146261
vn 0.165673 0.962129 0.216474
vn 0.636701 0.564348 -0.525473
vn 0.000000 -0.000000 -0.000000
vn 0.644908 0.758903 0.090334
vn -0.687782 0.708047 0.160080
vn 0.911374 -0.358704 0.201814
vn 0.610291 -0.765395 -0.204243
vn 0.354408 -0.929512 0.101990
vn -0.775984 -0.555128 0.299470
vn 0.548296 0.797549 0.251568
vn 0.944047 0.216632 0.248690
vn 0.992531 -0.095582 -0.075805
vn -0.079873 0.388924 0.917801
vn -0.754924 0.262499 -0.600986
vn -0.162387 0.641268 0.749937
vn -0.057261 0.689484 -0.722034
vn 0.908445 0.312151 0.278011
vn -0.477719 -0.795795 -0.372148
vn 0.430839 0.865519 0.255449
vn 0.772124 0.625464 -0.112333
vn -0.613876 0.473433 0.631678
vn 0.251532 0.967769 -0.012443
vn 0.030528 0.677820 0.734594
vn -0.320194 -0.047405 0.946165
vn 0.545078 0.836269 0.059535
vn 0.339714 0.176241 0.923869
vn 0.426792 0.847666 0.315138
vn -0.136151 0.984591 0.109744
vn -0.234468 0.955523 0.178886
vn -0.944018 0.272762 -0.185555
vn -0.878983 -0.469376 0.084109
vn -0.973181 0.225676 0.044609
vn -0.942221 -0.182041 -0.281212
vn -0.999475 -0.029155 -0.014135
vn 0.259498 0.755350 0.601754
vn -0.309028 0.783004 0.539821
vn 0.253375 0.730272 0.634432
vn -0.322341 0.158333 0.933288
vn 0.129203 0.980042 0.151080
vn 0.200570 0.565394 0.800063
vn -0.028684 0.738301 0.673861
vn 0.952913 0.264708 -0.147944
vn 0.357430 0.601292 0.714626
vn 0.546146 0.813438 0.200110
vn 0.000000 -0.000000 0.000000
vn 0.294547 0.950635 -0.097647
vn 0.160410 0.862874 0.479288
vn 0.278715 0.420168 0.863584
vn -0.285352 0.958421 -0.002003
vn 0.638352 0.735880 0.225802
vn 0.524420 0.332097 0.784025
vn -0.302682 -0.591047 0.747695
vn -0.714349 -0.575104 0.398700
vn -0.877963 0.220437 0.424958
vn 0.527718 0.539765 -0.655871
vn -0.521592 -0.567052 -0.637490
vn -0.386604 -0.110174 -0.915641
vn 0.000000 -0.000000 -0.000000
vn 0.179542 0.756926 0.628354
vn 0.677793 0.289912 0.675683
vn -0.560366 0.700819 0.441409
vn 0.896419 0.437079 0.073451
vn 0.353030 0.635939 0.686258
vn 0.391931 -0.247235 0.886152
vn 0.111830 -0.058800 0.991986
vn 0.888327 0.279750 0.364163
vn -0.016796 0.687705 0.725796
vn 0.151894 0.748423 0.645594
vn -0.087391 0.180320 0.979718
vn -0.000000 0.000000 -0.000000
vn 0.835927 0.448878 0.315806
vn 0.866576 0.485463 0.115633
vn 0.294515 0.092367 0.951172
vn 0.888753 0.277576 0.364788
vn 0.245086 0.869079 0.429691
vn 0.576525 0.754588 0.313394
vn 0.592815 -0.685404 -0.422837
vn 0.000000 0.000000 -0.000000
vn 0.054196 -0.834259 -0.548703
vn -0.309878 -0.950637 0.016294
vn -0.062181 -0.994307 -0.086527
vn 0.529223 -0.833620 -0.158118
vn 0.167362 -0.951548 -0.257965
vn -0.000000 0.000000 0.000000
vn -0.584720 -0.786367 -0.199321
vn -0.000000 0.000000 -0.000000
vn 0.337443 -0.724896 0.600549
vn 0.108856 -0.882955 0.456663
vn 0.213219 -0.931124 0.295881
vn 0.481430 -0.842878 0.240379
vn 0.495032 -0.768441 0.405514
vn -0.774959 -0.612657 0.155208
vn 0.188497 -0.487784 0.852371
vn 0.071070 -0.403274 0.912315
vn 0.722659 -0.073043 0.687334
vn -0.443827 -0.017000 0.895951
vn -0.028759 0.680213 0.732450
vn 0.568267 0.000758 -0.822844
vn -0.445687 -0.881734 -0.154624
vn 0.344040 -0.145963 -0.927540
vn 0.774285 0.632150 0.029495
vn 0.692528 0.647719 -0.317592
vn 0.726152 0.614307 -0.308756
vn -0.257118 0.309406 0.915510
vn -0.296813 -0.865500 -0.403500
vn 0.422011 0.841306 0.337801
vn 0.688070 0.714396 -0.127271
vn 0.939861 0.228055 -0.254269
vn 0.711595 0.213857 -0.669251
vn 0.156071 0.878590 0.451356
vn -0.102929 -0.234518 0.966647
vn 0.394537 0.750632 -0.529992
vn -0.154601 -0.968700 -0.194211
vn -0.350101 -0.830385 -0.433463
vn -0.000000 0.000000 -0.000000
vn 0.318980 0.803611 0.502455
vn -0.040778 -0.197630 0.979428
vn -0.062666 -0.161264 -0.984920
vn 0.300260 0.846077 0.440452
vn 0.411241 -0.883867 -0.222844
vn 0.628567 -0.211596 -0.748419
vn 0.928876 0.370000 0.017005
vn 0.000000 -0.000000 0.000000
vn 0.744728 0.296776 -0.597750
vn 0.302394 0.921097 0.245232
vn -0.000000 0.000000 0.000000
vn 0.818042 -0.362617 -0.446448
vn 0.314358 -0.866351 -0.388091
vn 0.858442 -0.448483 0.248878
vn 0.829616 0.225019 -0.510984
vn 0.816105 -0.510356 -0.271125
vn 0.636772 0.727867 0.254423
vn 0.849012 0.444689 -0.285360
vn 0.558403 0.816560 0.146343
vn 0.537945 -0.071446 -0.839947
vn 0.753900 0.044489 -0.655481
vn 0.646530 -0.154783 -0.747021
vn 0.479113 0.872973 -0.091482
vn -0.610828 -0.619272 0.493347
vn 0.599823 -0.382337 -0.702873
vn 0.456762 -0.754906 -0.470622
vn 0.967581 -0.201898 -0.151736
vn 0.937421 -0.078842 -0.339155
vn 0.733802 -0.563198 -0.379924
vn 0.825443 -0.209287 -0.524255
vn 0.830559 -0.221615 -0.510939
vn 0.216838 -0.817030 -0.534268
vn 0.683006 -0.723796 0.098097
vn 0.354477 -0.371190 -0.858233
vn 0.206566 -0.977828 0.034394
vn 0.367694 -0.824236 -0.430624
vn 0.700745 -0.691890 -0.173909
vn 0.696713 -0.691547 -0.190665
vn 0.000000 0.000000 -0.000000
vn 0.940491 -0.339297 -0.018830
vn 0.937357 -0.339727 -0.077125
vn 0.848892 -0.247464 -0.467058
vn 0.964331 0.263195 0.028193
vn 0.979955 -0.103387 0.170290
vn 0.978553 0.203808 -0.029946
vn -0.000000 0.000000 0.000000
vn 0.856638 -0.487283 0.169489
vn 0.816286 -0.146830 0.558676
vn -0.063144 0.968814 0.239608
vn 0.098973 0.975908 -0.194441
vn 0.599440 0.794833 0.094406
vn -0.329194 -0.943721 -0.031973
vn 0.868490 0.065598 0.491348
vn -0.347272 0.896286 -0.275815
vn 0.699980 0.688442 0.189934
vn -0.135095 0.646743 -0.750648
vn -0.030660 0.952385 0.303351
vn 0.482531 0.848030 0.219111
vn 0.935865 0.297483 0.188841
vn 0.976755 0.177634 0.119978
vn 0.947629 -0.038398 0.317056
vn 0.763217 -0.640492 0.085259
vn 0.870015 -0.474504 0.133863
vn 0.431986 -0.895650 -0.105825
vn 0.760203 -0.648477 -0.039609
vn 0.640626 0.355547 0.680577
vn 0.888789 0.434279 0.146477
vn 0.976147 0.014397 -0.216634
vn -0.271068 0.725085 0.633067
vn -0.897234 0.419467 0.137911
vn -0.953649 -0.191150 0.232411
vn -0.936609 -0.349744 0.021063
vn -0.992600 -0.085509 0.086219
vn -0.944788 0.318838 -0.075618
vn -0.980199 0.048544 0.191971
vn -0.974755 0.188035 -0.120394
vn 0.476203 -0.648541 0.593823
vn 0.204179 -0.757073 0.620606
vn 0.474485 -0.740845 0.475408
vn 0.881622 0.469479 -0.048290
vn 0.000000 -0.000000 0.000000
vn -0.384218 0.669642 -0.635575
vn -0.933942 0.320012 -0.159202
vn -0.948169 0.284383 -0.141784
vn -0.641432 0.767166 -0.004670
vn -0.983335 0.173943 -0.052876
vn -0.999946 0.007715 -0.006992
vn -0.944990 -0.226770 -0.235733
vn -0.919294 -0.356780 0.166154
vn -0.938797 -0.322866 0.120072
vn -0.746730 -0.604402 0.277655
vn -0.241808 0.142482 0.959806
vn -0.911850 0.109219 0.395729
vn -0.992132 -0.097816 0.078146
vn -0.988052 -0.147579 -0.044420
vn -0.978151 -0.197841 -0.063878
vn -0.959797 -0.102085 -0.261475
vn -0.777306 -0.627944 0.038497
vn -0.947113 -0.120501 0.297415
vn -0.699340 -0.713396 -0.044618
vn -0.993012 -0.113886 0.030933
vn -0.930395 -0.331389 0.156674
vn -0.716241 0.665042 -0.211467
vn -0.654699 0.002748 0.755884
vn -0.991704 -0.026966 0.125681
vn -0.948639 -0.179719 0.260356
vn -0.134527 -0.985567 0.102766
vn 0.587593 -0.799765 0.122925
vn -0.898147 -0.338434 -0.280705
vn -0.845606 0.366113 -0.388475
vn -0.000000 0.000000 0.000000
vn -0.962969 0.269607 0.001561
vn -0.989009 0.007917 -0.147643
vn -0.999856 -0.006418 0.015694
vn 0.453999 0.781320 -0.428280
vn 0.000000 0.000000 -0.000000
vn -0.358190 -0.694600 -0.623884
vn -0.998542 0.052459 -0.012730
vn -0.860139 -0.494222 -0.126115
vn -0.956738 0.140790 0.254618
vn -0.984447 -0.122985 -0.125452
vn -0.984752 0.003377 -0.173930
vn -0.923293 0.184373 -0.336951
vn -0.905574 0.174475 -0.386644
vn -0.987231 0.148387 0.057936
vn -0.891823 -0.306406 -0.332816
vn -0.937680 0.331766 -0.103381
vn 0.409103 0.441971 -0.798308
vn 0.781832 0.306517 -0.542941
vn 0.385436 0.617137 -0.685989
vn -0.205623 0.594241 -0.777558
vn -0.021595 0.999759 -0.004054
vn -0.532412 0.707991 -0.463990
vn 0.545843 0.665379 -0.509240
vn 0.714277 -0.200810 -0.670435
vn 0.645035 0.002367 -0.764150
vn 0.466538 -0.357757 -0.808920
vn -0.797469 -0.092104 -0.596288
vn -0.769196 -0.099985 -0.631143
vn 0.336789 -0.263339 -0.904005
vn 0.584145 -0.565545 0.582180
vn 0.514081 -0.383720 -0.767124
vn 0.662107 -0.707502 0.247094
vn 0.722614 -0.355822 -0.592638
vn 0.835418 -0.503151 -0.221171
vn 0.000000 0.000000 0.000000
vn 0.360227 0.882674 0.301865
vn -0.858835 -0.240336 0.452372
vn -0.910055 0.405916 -0.083852
vn -0.987369 -0.043844 0.152247
vn -0.657417 0.387036 0.646533
vn -0.880058 0.332670 0.338864
vn -0.388543 -0.185177 0.902632
vn -0.644668 -0.046132 0.763070
vn -0.602401 0.328521 0.727452
vn 0.000787 0.488883 0.872349
vn 0.025150 0.996166 0.083795
vn 0.069245 0.970932 0.229119
vn -0.532149 0.789203 0.306557
vn -0.134834 0.988235 0.072184
vn -0.932531 -0.263939 0.246417
vn -0.595787 0.113392 0.795097
vn -0.994553 -0.089814 0.052898
vn 0.824044 0.135012 -0.550203
vn 0.284080 0.702039 0.653024
vn 0.379284 0.646454 -0.661998
vn 0.678146 -0.680953 -0.276443
vn 0.565248 0.684753 0.460009
vn -0.327864 0.870920 -0.366066
vn 0.211425 0.840412 -0.499007
vn -0.572785 0.810777 0.120654
vn -0.681117 0.123770 -0.721637
vn -0.874361 0.377581 -0.304836
vn 0.352678 0.819048 -0.452524
vn -0.820169 -0.051120 -0.569832
vn 0.105690 0.609075 0.786039
vn -0.987781 -0.130519 0.085170
vn 0.799923 0.599278 0.031454
vn 0.727331 -0.603783 -0.326244
vn 0.931634 0.027495 -0.362356
vn 0.387208 -0.907635 -0.162074
vn 0.000000 -0.000000 0.000000
vn 0.916348 0.053108 -0.396844
vn 0.935077 -0.323193 0.145522
vn 0.654438 0.617560 0.436269
vn 0.963010 0.165794 0.212423
vn 0.936473 -0.347487 0.047645
vn 0.955016 0.292741 0.047412
vn 0.868786 0.390211 0.304870
vn -0.000000 -0.000000 -0.000000
vn 0.243961 0.852452 0.462395
vn 0.847653 0.284365 0.447907
vn 0.838265 0.543367 0.045425
vn 0.000000 0.000000 0.000000
vn 0.583815 0.803102 0.119110
vn 0.831406 0.500408 0.241572
vn 0.821717 0.560223 -0.104551
vn 0.996572 -0.071618 0.041418
vn 0.805144 0.362717 0.469233
vn 0.883022 0.361434 0.299395
vn -0.973238 -0.109660 -0.201946
vn 0.813835 0.403928 0.417749
vn 0.520039 0.332852 0.786619
vn 0.640429 0.716734 -0.275941
vn 0.574948 0.662961 0.479497
vn 0.842950 0.134046 0.521025
vn 0.233522 0.198465 0.951882
vn 0.603704 0.569993 0.557359
vn 0.945429 0.197028 0.259508
vn -0.277450 0.438754 0.854703
vn 0.992261 0.064862 0.105878
vn 0.834593 -0.531739 0.143904
vn 0.830881 0.274291 0.484149
vn 0.870767 0.232132 0.433451
vn 0.994066 -0.068106 0.084817
vn 0.597311 0.763123 0.246706
vn 0.931768 -0.215589 0.292114
vn 0.768547 0.084723 0.634159
vn 0.838788 -0.038920 -0.543065
vn 0.870687 0.116416 0.477861
vn 0.088920 0.687885 0.720353
vn 0.970301 -0.167523 0.174504
vn 0.272295 0.736973 -0.618649
vn 0.938607 0.226996 -0.259788
vn -0.270653 -0.949638 -0.157909
vn 0.112954 -0.973658 -0.198067
vn -0.998174 0.044968 0.040328
vn -0.514674 0.834658 0.196106
vn 0.980520 0.155811 -0.119595
vn 0.000000 0.000000 -0.000000
vn 0.976904 0.186190 0.104842
vn 0.834726 0.540088 0.107409
vn 0.808992 0.446187 0.382687
vn 0.906823 -0.398501 0.137365
vn 0.444263 0.878655 0.174918
vn 0.364457 0.768424 0.526019
vn 0.339325 0.875541 -0.343928
vn 0.298765 0.800932 0.518892
vn 0.555770 0.830573 -0.035599
vn 0.774128 0.528287 0.348769
vn 0.090191 0.984381 0.151191
vn 0.287466 0.613835 0.735235
vn 0.711417 0.684571 -0.158895
vn 0.000000 0.000000 0.000000
vn -0.412706 0.886318 0.210035
vn 0.946729 -0.316564 0.059088
vn -0.627951 0.777400 0.036435
vn -0.742898 0.625689 0.237940
vn -0.837512 0.540100 0.082857
vn -0.925268 0.351193 0.143327
vn -0.188872 0.837914 0.512082
vn 0.141854 0.984026 0.107561
vn 0.823400 0.547562 0.148954
vn 0.924483 0.311191 0.220210
vn 0.981050 -0.064372 -0.182747
vn -0.659980 0.605706 0.444461
vn 0.006070 0.989007 0.147741
vn 0.906671 -0.373190 0.196663
vn -0.913919 0.254923 0.315860
vn 0.416625 -0.904472 -0.091403
vn 0.980492 -0.107104 -0.164817
vn 0.889349 -0.040584 -0.455425
vn -0.611151 0.717686 -0.333799
vn -0.881080 0.461586 -0.103134
vn 0.969494 0.064449 0.236490
vn 0.185273 0.918009 0.350620
vn 0.442201 0.880360 0.171535
vn 0.838981 -0.027953 0.543442
vn 0.533801 0.321498 0.782110
vn -0.679069 0.731772 -0.058092
vn 0.417941 0.900463 0.120378
vn 0.285862 -0.941161 -0.180277
vn 0.016422 -0.916280 -0.400201
vn 0.309041 -0.616236 0.724394
vn 0.611607 -0.492115 0.619483
vn 0.417363 0.754692 0.506209
vn 0.346409 0.283755 0.894138
vn 0.536383 -0.608831 0.584481
vn 0.950921 -0.309295 0.009226
vn 0.409217 -0.684172 0.603697
vn -0.187188 -0.915006 0.357386
vn 0.530890 0.218703 -0.818734
vn 0.432052 0.114392 -0.894564
vn 0.659161 -0.243313 -0.711552
vn 0.643714 0.144060 -0.751584
vn 0.260712 -0.657799 0.706633
vn 0.374972 -0.616823 0.692044
vn 0.563337 -0.822869 0.074410
vn 0.375552 -0.357531 0.855063
vn 0.374171 0.024541 -0.927035
vn -0.000000 -0.000000 0.000000
vn 0.178301 -0.758083 0.627311
vn 0.000000 -0.000000 0.000000
vn 0.406789 -0.475801 0.779831
vn 0.406911 0.311894 -0.858572
vn 0.181040 -0.935591 -0.303140
vn 0.043478 -0.892328 0.449288
vn 0.118839 -0.861989 0.492801
vn -0.129309 -0.741322 0.658575
vn 0.563259 -0.557301 -0.610045
vn -0.959426 -0.096801 0.264825
vn -0.826984 -0.069722 0.557885
vn -0.982820 0.147947 0.110350
vn -0.853539 0.180400 0.488801
vn -0.770983 -0.625877 0.117736
vn -0.790607 0.246980 0.560305
vn -0.785501 -0.499261 0.365687
vn -0.999269 0.012004 0.036306
vn -0.763547 -0.314473 0.564007
vn -0.776838 -0.301063 0.553068
vn -0.789865 -0.446584 0.420328
vn -0.488264 -0.867296 -0.096934
vn -0.974039 -0.135368 0.181446
vn -0.995073 -0.081702 0.056174
vn -0.933758 -0.235287 0.269697
vn -0.911985 -0.095046 0.399062
vn -0.735773 0.532626 -0.418267
vn -0.610564 -0.710412 0.350037
vn -0.971490 0.234224 0.036705
vn -0.000000 -0.000000 -0.000000
vn -0.997778 0.003353 0.066548
vn -0.835474 -0.150670 0.528471
vn -0.993351 0.077257 0.085355
vn -0.878540 0.411949 0.241797
vn -0.970057 0.182511 -0.160245
vn -0.865554 0.027954 -0.500034
vn -0.950832 0.180170 -0.251907
vn -0.996682 -0.048591 -0.065300
vn -0.993166 0.022176 -0.114585
vn -0.955158 -0.165394 0.245596
vn -0.997384 -0.071959 0.006843
vn -0.866398 0.493834 -0.074046
vn -0.631707 0.773556 0.050570
vn -0.975981 0.194612 -0.097920
vn -0.993392 -0.017002 0.113502
vn -0.992301 -0.123847 0.001139
vn -0.976870 -0.204875 -0.061254
vn -0.816154 -0.577815 0.004793
vn -0.892593 -0.080477 -0.443623
vn -0.110580 0.638601 0.761551
vn -0.997007 0.047660 -0.060875
vn -0.607494 0.025682 0.793909
vn -0.608461 0.712373 -0.349714
vn -0.950433 0.303498 -0.067567
vn -0.116813 0.991085 -0.064075
vn -0.765403 0.522581 -0.375589
vn -0.616062 0.688172 -0.383258
vn -0.850185 0.505095 0.148543
vn -0.990599 -0.124336 0.057051
vn -0.989394 0.139324 -0.041083
vn -0.437775 -0.859424 -0.264089
vn -0.902211 0.430234 -0.030241
vn -0.937128 0.287678 0.197565
vn -0.811584 0.559799 0.167200
vn 0.447541 -0.892922 0.048966
vn -0.916227 -0.358877 0.178143
vn -0.953011 0.255931 0.162078
vn -0.913600 0.279909 0.294934
vn -0.984340 0.006247 0.176169
vn -0.823067 0.121141 0.554874
vn -0.951577 0.112919 0.285921
vn -0.604832 -0.796232 0.013882
vn -0.501605 0.323112 0.802491
vn -0.781654 -0.607761 0.140156
vn -0.983320 -0.097277 0.153682
vn -0.999080 0.023699 0.035744
vn -0.986892 0.124591 0.102572
vn -0.997644 0.029172 0.062096
vn -0.921136 0.074560 0.382032
vn -0.748595 0.296034 -0.593270
vn -0.962528 0.212117 -0.168954
vn -0.824413 -0.563867 0.048961
vn -0.866636 0.406421 -0.289420
vn -0.508897 0.689206 0.515770
vn -0.686038 -0.624640 0.373065
vn -0.479543 -0.054925 0.875798
vn -0.990866 0.069630 0.115482
vn -0.995749 0.063939 0.066297
vn -0.933925 0.204237 0.293381
vn -0.865522 0.145043 0.479410
vn -0.993834 -0.063325 0.091017
vn -0.605259 -0.794721 -0.045612
vn -0.097085 0.694617 0.712799
vn -0.993425 -0.002228 0.114462
vn -0.767546 0.173787 -0.616986
vn 0.898795 0.134412 0.417254
vn -0.547586 0.807078 -0.220849
vn -0.489766 -0.036002 0.871110
vn -0.705015 0.685335 -0.182399
vn -0.971634 0.134027 0.194842
vn -0.959080 0.224999 -0.171876
vn -0.875985 0.357772 -0.323495
vn -0.356274 0.799744 -0.483196
vn -0.982397 0.146988 -0.115289
vn -0.884629 -0.444360 0.141336
vn -0.855402 0.128731 -0.501713
vn -0.998024 0.061864 -0.010959
vn -0.563132 0.823748 -0.065737
vn -0.860049 -0.440098 -0.258126
vn -0.985585 0.131950 -0.105888
vn -0.916271 0.392855 0.078181
vn -0.981447 0.011151 -0.191409
vn -0.955981 -0.007898 -0.293322
vn -0.985584 0.124104 -0.114991
vn -0.922587 0.347945 0.166634
vn -0.979214 0.079083 -0.186779
vn -0.881038 0.321377 -0.347116
vn -0.586979 -0.451948 -0.671713
vn -0.991290 -0.122325 0.048793
vn -0.951998 -0.305822 -0.013104
vn -0.946641 -0.314911 -0.068574
vn -0.990130 -0.137113 -0.029019
vn -0.934077 0.223356 -0.278590
vn -0.981590 -0.066080 -0.179204
vn -0.439529 0.198278 0.876071
vn -0.782894 0.615548 -0.090435
vn -0.789740 0.497680 -0.358644
vn -0.857971 0.147256 -0.492140
vn -0.569981 0.812147 0.124659
vn -0.985501 -0.140507 0.095108
vn -0.987626 0.151966 -0.038749
vn 0.002464 -0.395254 0.918569
vn 0.593575 -0.393490 0.702021
vn -0.799307 0.132089 0.586226
vn -0.992539 -0.031866 -0.117691
vn -0.988485 -0.142942 0.049654
vn -0.916369 0.077619 0.392738
vn 0.718553 -0.556881 0.416613
vn 0.509242 -0.843020 0.173176
vn 0.794611 0.064897 0.603640
vn 0.788831 0.142700 0.597814
vn -0.239184 0.880159 0.410014
vn 0.679456 0.121538 0.723580
vn 0.127383 0.446153 0.885845
vn 0.654384 -0.281061 0.701988
vn -0.997974 -0.021574 -0.059849
vn -0.997134 0.065728 -0.037470
vn -0.202589 -0.007177 0.979238
vn 0.985129 -0.030534 0.169080
vn -0.584499 0.746290 -0.318453
vn 0.829308 0.073605 0.553923
vn 0.846304 0.405300 0.345691
vn -0.130361 0.930873 -0.341294
vn -0.960920 0.224420 0.162077
vn -0.977758 0.195725 -0.075374
vn 0.872543 0.484278 -0.064372
vn -0.071035 0.894734 0.440915
vn -0.978979 0.069695 0.191683
vn -0.810918 -0.170208 -0.559858
vn -0.712281 0.612463 0.342847
vn -0.936641 -0.334363 0.104425
vn 0.323245 0.836110 0.443208
vn 0.986882 0.161430 -0.002156
vn 0.404424 0.724685 0.557918
vn -0.938592 -0.140863 -0.314966
vn -0.996274 -0.070412 -0.049806
vn -0.979351 -0.128308 0.156230
vn -0.996417 -0.056904 0.062568
vn 0.015821 -0.839157 0.543660
vn 0.014737 -0.996570 0.081428
vn 0.693013 -0.705568 0.148009
vn 0.689273 -0.684471 -0.237490
vn -0.369318 -0.927165 -0.063004
vn 0.032160 -0.873781 0.485255
vn -0.765053 -0.503509 -0.401463
vn -0.840670 0.158160 -0.517938
vn 0.266182 0.938315 -0.220707
vn 0.772874 0.614281 -0.159141
vn -0.942280 -0.005360 0.334782
vn 0.253029 -0.823624 -0.507564
vn 0.140328 -0.931505 -0.335569
vn -0.262329 0.046592 0.963853
vn 0.086506 -0.665421 0.741439
vn 0.739302 0.619148 -0.264740
vn 0.637682 -0.765324 0.087417
vn 0.300526 -0.523596 0.797202
vn 0.586055 -0.808194 0.057993
vn -0.038536 -0.853076 0.520361
vn 0.482251 -0.664275 0.571116
vn 0.359223 -0.126899 0.924584
vn -0.346632 -0.885004 0.310828
vn -0.000000 0.000000 -0.000000
vn -0.504638 -0.471694 0.723080
vn -0.240595 -0.929554 -0.279362
vn 0.196811 0.798308 0.569184
vn 0.713550 -0.252558 0.653499
vn -0.030243 0.531843 0.846303
vn -0.620167 0.720099 -0.311207
vn -0.255743 0.861183 -0.439271
vn -0.304931 0.918942 -0.250125
vn -0.318770 0.742465 -0.589178
vn -0.088413 0.770983 -0.630689
vn -0.741261 0.614726 -0.269527
vn -0.759621 0.564677 -0.322669
vn -0.498307 0.858955 0.117841
vn -0.395196 0.807034 0.438767
vn -0.032066 0.237368 0.970890
vn 0.605567 -0.348315 0.715517
vn 0.074004 0.967663 -0.241148
vn 0.842270 0.404275 0.356570
vn 0.847500 0.474500 0.237894
vn -0.490206 -0.799799 -0.346437
vn -0.934223 -0.324044 0.149076
vn -0.598762 -0.790868 0.126539
vn -0.378836 0.666848 0.641715
vn -0.571634 0.763264 0.301102
vn -0.791409 -0.372515 0.484670
vn -0.006764 0.390870 0.920421
vn -0.705525 0.556943 0.438235
vn -0.267554 -0.961608 0.061032
vn -0.854700 -0.267039 0.445171
vn -0.765692 -0.379235 0.519516
vn -0.980698 -0.190728 0.043069
vn -0.033133 -0.997992 -0.053987
vn 0.864576 -0.366447 -0.343839
vn 0.790530 -0.259002 -0.554960
vn 0.483564 -0.804721 -0.344368
vn 0.000000 0.000000 0.000000
vn 0.101611 -0.981712 -0.160987
vn 0.467556 -0.853564 0.229826
vn 0.872586 -0.185734 -0.451770
vn 0.964810 0.238217 -0.111332
vn -0.157361 -0.981162 0.112063
vn 0.891658 -0.371419 0.258832
vn 0.728371 0.671041 0.138493
vn -0.732262 -0.419203 0.536714
vn -0.025618 -0.963031 0.268169
vn 0.875029 -0.454006 -0.167938
vn 0.789315 -0.101628 -0.605519
vn 0.924524 0.028527 -0.380055
vn -0.561047 -0.555951 -0.613306
vn -0.411841 -0.024022 -0.910939
vn 0.923684 -0.044103 -0.380609
vn 0.702860 -0.399877 -0.588291
vn -0.370614 -0.767560 0.522970
vn -0.862438 -0.086482 0.498720
vn -0.058237 0.746388 -0.662958
vn -0.714291 0.316631 -0.624125
vn -0.760875 -0.648820 0.010055
vn 0.718907 -0.390367 -0.575141
vn -0.317957 -0.946210 -0.059917
vn 0.318936 -0.517968 0.793718
vn -0.400938 -0.718136 0.568797
vn -0.451810 0.763159 -0.462012
vn -0.073390 0.712854 -0.697462
vn -0.241862 0.911510 -0.332643
vn -0.650490 0.759420 -0.011992
vn -0.603781 0.709855 -0.362705
vn 0.242071 -0.007764 -0.970227
vn 0.822657 -0.566335 -0.050006
vn 0.552656 -0.770322 -0.318081
vn 0.471927 -0.238944 -0.848640
vn 0.936533 0.315543 -0.152769
vn 0.433678 0.312386 -0.845186
vn 0.955189 -0.185531 -0.230636
vn 0.227339 -0.964210 -0.136439
vn 0.992554 -0.084253 -0.087964
vn 0.766160 -0.528341 -0.365862
vn 0.889863 -0.025638 -0.455506
vn -0.282037 -0.888425 0.362155
vn -0.283712 0.957923 -0.043478
vn 0.445669 0.887290 -0.118726
vn 0.297093 0.899869 -0.319330
vn 0.407429 0.640816 -0.650659
vn 0.029300 0.049091 -0.998364
vn -0.042569 0.632245 0.773598
vn -0.994128 0.105875 -0.022357
vn 0.260573 0.112761 -0.958846
vn -0.623191 -0.778881 -0.070548
vn -0.441592 -0.887014 -0.134914
vn 0.000000 -0.000000 -0.000000
vn 0.532085 0.683270 0.500028
vn 0.257841 0.943422 0.208504
vn 0.929853 0.366944 0.026921
vn 0.028082 -0.996847 -0.074208
vn 0.917993 0.120270 -0.377920
vn -0.064729 0.960491 0.270679
vn -0.086072 0.833039 0.546478
vn -0.030405 0.503180 0.863646
vn 0.310795 0.950408 0.011418
vn 0.552324 0.694893 0.460501
vn 0.787244 0.306315 0.535180
vn 0.167702 0.770068 -0.615525
vn -0.225594 -0.954637 -0.194360
vn 0.396957 -0.735160 -0.549514
vn -0.621942 -0.748649 -0.229593
vn -0.463235 -0.799799 -0.381752
vn -0.130143 -0.869620 -0.476261
vn -0.131795 -0.890026 -0.436444
vn 0.653203 -0.558686 -0.511073
vn -0.096554 0.847915 0.521266
vn 0.388107 0.916647 0.095555
vn -0.130437 0.686319 0.715508
vn 0.933794 0.187022 -0.305045
vn 0.874824 0.008318 0.484369
vn 0.613972 0.098229 0.783192
vn -0.891907 0.263498 0.367520
vn 0.000000 0.000000 -0.000000
vn 0.825734 0.359633 0.434543
vn 0.554878 0.830861 0.042187
vn -0.717741 -0.674202 -0.174064
vn -0.435011 -0.744711 -0.506133
vn 0.545527 -0.787156 0.287726
vn 0.272008 -0.961146 -0.047004
vn -0.289922 -0.872805 -0.392629
vn -0.441657 -0.818738 -0.366888
vn -0.159606 -0.971790 0.173640
vn 0.385277 -0.917232 -0.101230
vn -0.340501 -0.893233 -0.293586
vn -0.646007 -0.714961 -0.267406
vn 0.417871 -0.906722 -0.056910
vn 0.688332 0.431279 0.583265
vn -0.819252 -0.319071 -0.476466
vn 0.510755 0.857478 -0.062133
vn 0.755046 0.110148 0.646353
vn 0.071707 0.307827 0.948736
vn 0.744731 0.646883 0.164069
vn 0.870136 0.459034 0.179305
vn 0.978031 0.001726 0.208451
vn 0.691557 0.203648 0.693020
vn 0.730279 -0.658432 -0.182098
vn -0.264638 -0.907834 -0.325276
vn 0.239453 -0.893160 0.380694
vn -0.722173 -0.531796 0.442335
vn 0.652666 -0.692625 0.307079
vn 0.525416 0.840525 0.132115
vn 0.820551 0.570619 0.033003
vn -0.149229 -0.892384 -0.425890
vn 0.570508 -0.821286 0.003135
vn -0.545083 -0.779599 -0.308401
vn -0.635056 -0.699509 -0.327705
vn 0.732871 -0.394395 0.554394
vn 0.178283 0.856455 0.484458
vn 0.732658 0.612707 0.296314
vn 0.796604 0.593490 0.114853
vn 0.549256 -0.773050 0.317350
vn 0.091079 -0.924188 -0.370918
vn -0.958927 -0.182682 -0.216992
vn -0.983538 -0.050434 0.173521
vn 0.768568 0.588362 -0.251263
vn -0.515700 -0.828260 -0.219180
vn 0.416882 -0.127051 0.900037
vn -0.051761 0.510425 -0.858363
vn -0.931072 0.362749 0.038965
vn 0.733238 -0.679164 0.033152
vn -0.101353 -0.952269 0.287942
vn 0.601240 -0.759217 0.249198
vn 0.703159 -0.687961 -0.179659
vn 0.773734 -0.633377 -0.013041
vn 0.728511 0.437262 0.527327
vn 0.377810 -0.619032 -0.688519
vn 0.787326 -0.614880 -0.045173
vn -0.864584 0.291545 0.409263
vn -0.958927 -0.182682 -0.216992
vn 0.998128 0.060748 0.007137
vn -0.468030 -0.860804 -0.199909
vn -0.958018 -0.285713 -0.023857
vn -0.335218 0.938573 0.081915
vn 0.695280 0.656819 0.291846
vn -0.989220 -0.136614 -0.052732
vn -0.999069 -0.042908 0.004538
vn -0.284158 -0.936298 0.206396
vn 0.371741 -0.927899 -0.028489
vn 0.476574 -0.878577 0.031300
vn -0.810265 -0.519558 -0.271166
vn -0.318676 -0.919372 0.230653
vn -0.981528 -0.066290 -0.179470
vn -0.991608 -0.084474 -0.097870
vn -0.747350 0.653853 -0.118087
vn -0.054722 -0.989767 -0.131783
vn 0.812004 -0.251521 0.526674
vn -0.519249 -0.848325 0.103564
vn -0.476986 0.826995 0.297596
vn -0.687971 0.677379 0.260488
vn -0.115023 0.793125 0.598099
vn 0.053517 0.996593 0.062749
vn 0.652219 -0.601625 0.461147
vn -0.114957 -0.333016 0.935888
vn 0.099385 -0.989005 -0.109511
vn -0.499157 -0.831959 -0.242255
vn -0.064098 -0.793263 -0.605496
vn -0.645516 0.344175 -0.681801
vn 0.675059 -0.197014 -0.710972
vn -0.365208 -0.566424 -0.738774
vn -0.746011 -0.223538 -0.627294
vn 0.716383 0.151554 -0.681048
vn 0.234536 -0.623720 -0.745632
vn -0.474310 -0.540661 -0.694777
vn 0.030404 -0.998625 -0.042694
vn -0.377763 -0.912576 -0.156528
vn 0.023528 -0.546586 -0.837073
vn -0.268000 0.358722 0.894145
vn 0.062671 0.963505 0.260252
vn -0.354480 0.865135 0.354803
vn -0.534441 0.419045 0.734013
vn -0.380870 0.138746 0.914159
vn -0.916158 0.400670 0.010848
vn -0.742895 0.543209 0.391191
vn -0.683446 -0.047714 0.728440
vn 0.554842 -0.793472 -0.250106
vn -0.701624 -0.407749 -0.584350
vn -0.876873 -0.014793 -0.480495
vn -0.992937 -0.115020 -0.029086
vn -0.863381 -0.427991 -0.267203
vn -0.914510 -0.403872 0.023654
vn 0.143927 0.935020 0.324072
vn -0.037193 0.127941 0.991084
vn 0.000000 0.000000 -0.000000
vn 0.318826 -0.942272 0.102337
vn -0.996618 -0.074628 -0.034387
vn -0.990408 0.135202 -0.028507
vn -0.233740 -0.858377 0.456678
vn -0.881526 -0.465724 0.077543
vn -0.999204 -0.003563 0.039735
vn -0.950901 -0.290644 -0.106366
vn -0.944479 0.253289 0.209295
vn -0.685923 0.314675 0.656117
vn -0.891123 0.309641 0.331695
vn -0.885177 0.319838 0.337884
vn -0.954459 -0.175862 -0.240999
vn -0.548715 -0.647133 0.529274
vn 0.827438 0.006471 0.561519
vn 0.156951 0.641842 0.750603
vn 0.245532 -0.969249 0.016411
vn -0.767363 0.567619 -0.298267
vn 0.066763 0.940019 0.334526
vn -0.912432 0.408717 0.020438
vn -0.855006 0.479156 0.198432
vn -0.445015 0.666090 0.598569
vn -0.442345 0.719864 0.534908
vn -0.230961 0.885225 0.403775
vn -0.426762 0.870763 0.244224
vn -0.913345 0.237331 0.330869
vn -0.444429 0.563062 0.696738
vn -0.521952 0.573580 0.631326
vn -0.372946 -0.566669 0.734709
vn -0.897181 0.158779 0.412136
vn -0.088618 0.053245 0.994642
vn 0.168518 -0.722973 0.670009
vn -0.232523 -0.620003 0.749352
vn -0.082883 -0.991983 -0.095390
vn -0.219699 -0.951286 -0.216302
vn 0.109673 0.797659 0.593053
vn 0.540915 -0.200173 -0.816910
vn 0.794467 0.072497 -0.602965
vn -0.636380 0.761821 -0.121037
vn 0.590458 -0.006317 0.807044
vn 0.574015 -0.533459 0.621232
vn 0.120933 -0.830582 -0.543607
vn 0.858481 0.202924 -0.470990
vn 0.405402 -0.873424 0.269777
vn 0.286612 -0.478397 -0.830054
vn -0.723049 0.689466 -0.042866
vn 0.019676 -0.469449 -0.882740
vn -0.460165 -0.761300 -0.456805
vn -0.147843 -0.927979 -0.342049
vn -0.716634 -0.047800 0.695810
vn -0.112500 -0.457073 0.882285
vn 0.101632 -0.773341 0.625792
vn -0.394268 0.287782 0.872774
vn 0.004411 -0.995944 -0.089863
vn -0.555496 -0.822029 -0.125268
vn -0.147830 -0.453261 -0.879034
vn -0.439212 -0.797205 -0.414195
vn -0.190092 -0.863811 -0.466579
vn -0.207934 0.336014 0.918618
vn -0.153605 -0.802130 0.577056
vn 0.064923 0.995748 0.065360
vn -0.671047 0.739535 0.052758
vn -0.348648 0.312135 -0.883751
vn -0.023789 0.260591 -0.965156
vn -0.176368 -0.499915 0.847926
vn -0.072575 -0.809032 -0.583266
vn 0.817602 0.575774 0.003267
vn -0.046466 0.660920 0.749017
vn 0.192148 0.749349 -0.633683
vn 0.653031 0.341566 0.675932
vn -0.808390 0.567881 -0.154973
vn -0.660844 0.737810 -0.137553
vn -0.998564 0.025407 0.047169
vn -0.506172 -0.652889 0.563494
vn -0.239859 -0.645954 0.724715
vn -0.971161 0.195559 -0.136392
vn 0.425114 -0.680765 0.596521
vn 0.378443 -0.662091 0.646851
vn 0.327067 -0.598182 0.731577
vn 0.025334 -0.996851 0.075135
vn -0.473399 0.784729 -0.400116
vn -0.615287 -0.759643 0.210630
vn -0.677644 0.735073 0.021570
vn -0.731414 -0.643869 0.224646
vn -0.844213 0.331317 0.421348
vn -0.606375 0.792185 -0.068936
vn 0.674737 -0.738056 0.001853
vn 0.492340 -0.870026 -0.025619
vn -0.492576 -0.863404 0.109094
vn 0.338118 0.941054 0.009702
vn -0.761297 -0.611148 0.216623
vn 0.176190 0.952109 0.249892
vn -0.455218 -0.018974 -0.890178
vn -0.228548 0.862705 0.451115
vn -0.830739 -0.488702 0.266539
vn -0.466567 0.552440 0.690743
vn -0.928870 -0.305021 0.210150
vn -0.149718 -0.151505 -0.977052
vn -0.320045 -0.545603 -0.774524
vn -0.653365 0.411819 0.635232
vn -0.859520 0.508388 0.052603
vn -0.552330 0.607986 -0.570337
vn 0.098478 -0.358937 -0.928152
vn -0.599234 -0.482679 -0.638702
vn 0.543723 -0.751783 -0.373078
vn -0.622764 -0.644647 0.443391
vn -0.936935 0.267036 -0.225488
vn -0.036458 -0.276609 0.960291
vn 0.748361 0.650943 0.127393
vn 0.116624 -0.991030 -0.065262
vn -0.073950 -0.995878 0.052528
vn 0.863338 0.310945 -0.397443
vn -0.552050 -0.785701 -0.279132
vn -0.312839 0.875766 0.367649
vn -0.820506 0.569651 0.047614
vn 0.400718 -0.637724 0.657825
vn 0.148197 -0.346643 -0.926216
vn -0.158568 0.926519 -0.341203
vn -0.605817 0.793030 -0.063947
vn -0.069358 0.890338 -0.449986
vn 0.407228 -0.010573 0.913265
vn 0.968775 -0.247878 -0.005598
vn -0.933331 0.046832 -0.355951
vn 0.583857 -0.758493 -0.289481
vn 0.491908 -0.796909 -0.350662
vn -0.805095 0.588881 0.070995
vn -0.903218 0.416918 -0.101869
vn -0.269586 -0.902001 -0.337220
vn 0.503579 -0.822972 -0.262917
vn -0.725960 0.636260 0.261066
vn -0.517027 0.663895 0.540303
vn 0.513044 -0.856904 0.050015
vn 0.230693 -0.859377 -0.456347
vn -0.301620 0.077143 0.950302
vn -0.650858 0.746109 -0.140373
vn -0.601290 -0.762547 -0.238689
vn 0.564733 -0.824969 0.022408
vn 0.720440 -0.686964 0.095115
vn 0.378917 -0.910814 -0.163829
vn -0.584952 0.802617 0.116776
vn -0.480985 -0.812934 -0.328316
vn -0.524083 0.759813 0.384734
vn -0.530925 0.838270 -0.124187
vn -0.559128 -0.819287 -0.127063
vn 0.604168 -0.796320 0.029260
vn 0.096144 -0.994472 0.042203
vn -0.526977 0.801783 -0.281849
vn -0.748744 0.658581 0.075192
vn -0.986322 0.016920 -0.163962
vn -0.000000 0.000000 0.000000
vn 0.480984 -0.876697 -0.007613
vn 0.519432 -0.832582 0.192347
vn -0.582902 0.805857 0.104024
vn -0.956918 -0.166902 0.237594
vn 0.151172 -0.980676 0.124184
vn -0.975375 -0.046882 -0.215511
vn -0.985825 0.001141 -0.167775
vn 0.576255 -0.817233 0.007767
vn -0.559271 -0.788304 -0.256500
vn 0.242191 0.949100 -0.201377
vn 0.773066 -0.221738 0.594307
vn -0.571537 -0.786097 0.235366
vn 0.486737 -0.873543 -0.003144
vn -0.304922 -0.672928 -0.673937
vn -0.573767 0.785926 -0.230462
vn -0.092398 -0.943381 0.318583
vn 0.579380 -0.807865 0.108042
vn 0.654664 -0.753140 0.064778
vn 0.476617 -0.831421 0.285613
vn -0.724744 0.471617 -0.502319
vn 0.045430 -0.836339 0.546328
vn -0.861039 0.046078 0.506447
vn 0.206483 -0.569207 0.795844
vn 0.216190 -0.465677 0.858141
vn 0.332034 -0.769537 0.545497
vn 0.090187 -0.663769 0.742480
vn -0.975413 -0.035105 0.217572
vn 0.170473 -0.840059 0.515015
vn 0.355657 -0.861758 0.361776
vn -0.407572 0.763129 -0.501518
vn -0.494123 0.778357 -0.387302
vn -0.722553 0.560675 -0.404426
vn 0.918962 -0.069057 0.388252
vn 0.823109 -0.332084 0.460664
vn 0.749707 0.482725 0.452677
vn -0.093802 0.184150 0.978412
vn -0.778602 -0.607164 -0.158529
vn -0.723944 0.326271 0.607826
vn -0.934377 -0.051705 -0.352515
vn 0.639561 0.757191 -0.132757
vn 0.235910 -0.719591 -0.653097
vn -0.424844 -0.024716 0.904929
vn -0.010707 -0.892784 -0.450358
vn -0.526809 -0.848428 0.051410
vn 0.727028 -0.686477 0.013413
vn -0.645539 0.069455 0.760563
vn -0.499732 0.792237 -0.350184
vn -0.992645 0.071776 -0.097492
vn 0.923269 -0.346538 -0.165788
vn 0.184428 -0.633338 0.751578
vn 0.263175 -0.911241 -0.316827
vn -0.729208 -0.681785 -0.058526
vn 0.689404 -0.715414 0.113596
vn -0.018486 0.958021 0.286102
vn 0.698086 -0.716012 0.001603
vn -0.955914 0.185241 0.227846
vn -0.987929 -0.062954 -0.141540
vn 0.277933 0.310512 -0.909030
vn -0.430506 0.899773 0.071230
vn -0.971728 0.083250 -0.220941
vn -0.999235 -0.038682 -0.005823
vn -0.375662 0.234306 0.896649
vn 0.562110 -0.474615 0.677328
vn 0.956155 -0.143613 -0.255232
vn -0.982144 -0.113113 -0.150329
vn -0.999116 -0.016348 -0.038724
vn -0.226944 0.871305 0.435114
vn 0.825084 0.530594 0.194182
vn 0.749706 0.620732 -0.229419
vn 0.377955 0.697040 0.609332
vn 0.633301 -0.741733 -0.220822
vn -0.990511 0.078548 -0.112774
f 6//6 12//12 16//16
f 16//16 2//2 6//6
f 4//4 3//3 8//8
f 4//4 5//5 3//3
f 18//18 7//7 13//13
f 9//9 18//18 13//13
f 7//7 15//15 13//13
f 7//7 18//18 10//10
f 7//7 10//10 1//1
f 7//7 1//1 2//2
f 16//16 7//7 2//2
f 12//12 15//15 7//7
f 16//16 12//12 7//7
f 17//17 9//9 13//13
f 11//11 12//12 6//6
f 11//11 4//4 12//12
f 4//4 11//11 5//5
f 8//8 17//17 4//4
f 9//9 17//17 8//8
f 9//9 8//8 3//3
f 9//9 3//3 18//18
f 17//17 13//13 15//15
f 14//14 15//15 12//12
f 14//14 17//17 15//15
f 12//12 4//4 17//17
f 17//17 14//14 12//12
f 22//22 23//23 24//24
f 20//20 24//24 21//21
f 24//24 20//20 22//22
f 24//24 23//23 19//19
f 19//19 25//25 24//24
f 23//23 22//22 20//20
f 25//25 21//21 24//24
f 21//21 25//25 19//19
f 19//19 20//20 21//21
f 23//23 20//20 19//19
f 27//27 30//30 29//29
f 28//28 30//30 27//27
f 30//30 28//28 29//29
f 28//28 32//32 29//29
f 32//32 31//31 29//29
f 29//29 31//31 27//27
f 31//31 32//32 28//28
f 31//31 26//26 27//27
f 26//26 28//28 27//27
f 31//31 28//28 26//26
f 33//33 35//35 34//34
f 33//33 45//45 37//37
f 33//33 38//38 39//39
f 33//33 39//39 43//43
f 38//38 48//48 39//39
f 38//38 36//36 48//48
f 40//40 42//42 41//41
f 43//43 41//41 42//42
f 43//43 46//46 41//41
f 46//46 43//43 39//39
f 42//42 40//40 44//44
f 44//44 45//45 42//42
f 45//45 33//33 43//43
f 45//45 43//43 42//42
f 46//46 39//39 48//48
f 46//46 48//48 47//47
f 37//37 36//36 33//33
f 37//37 45//45 44//44
f 47//47 37//37 44//44
f 48//48 36//36 37//37
f 49//49 47//47 48//48
f 47//47 49//49 37//37
f 49//49 48//48 37//37
f 50//50 58//58 51//51
f 58//58 50//50 55//55
f 52//52 51//51 53//53
f 50//50 51//51 52//52
f 50//50 52//52 55//55
f 53//53 55//55 52//52
f 54//54 55//55 53//53
f 34//34 58//58 55//55
f 55//55 54//54 34//34
f 54//54 57//57 34//34
f 56//56 58//58 34//34
f 34//34 35//35 56//56
f 57//57 35//35 33//33
f 57//57 33//33 34//34
f 56//56 35//35 57//57
f 56//56 61//61 58//58
f 61//61 56//56 60//60
f 57//57 54//54 59//59
f 60//60 56//56 57//57
f 61//61 60//60 57//57
f 57//57 59//59 61//61
f 64//64 67//67 66//66
f 71//71 64//64 66//66
f 65//65 71//71 66//66
f 70//70 64//64 63//63
f 67//67 64//64 70//70
f 67//67 70//70 62//62
f 67//67 62//62 68//68
f 66//66 68//68 62//62
f 66//66 67//67 68//68
f 65//65 66//66 62//62
f 70//70 63//63 69//69
f 72//72 62//62 70//70
f 71//71 73//73 69//69
f 62//62 72//72 71//71
f 62//62 71//71 65//65
f 72//72 73//73 71//71
f 74//74 70//70 69//69
f 73//73 74//74 69//69
f 75//75 73//73 72//72
f 72//72 74//74 75//75
f 74//74 72//72 70//70
f 73//73 75//75 74//74
f 76//76 80//80 81//81
f 78//78 81//81 80//80
f 76//76 78//78 79//79
f 76//76 79//79 80//80
f 77//77 78//78 76//76
f 81//81 77//77 76//76
f 77//77 81//81 78//78
f 82//82 87//87 85//85
f 86//86 85//85 87//87
f 85//85 84//84 83//83
f 85//85 86//86 84//84
f 85//85 83//83 82//82
f 87//87 82//82 86//86
f 88//88 102//102 90//90
f 92//92 88//88 90//90
f 94//94 91//91 93//93
f 90//90 94//94 99//99
f 95//95 93//93 91//91
f 90//90 91//91 94//94
f 93//93 95//95 89//89
f 95//95 91//91 100//100
f 93//93 89//89 96//96
f 93//93 96//96 94//94
f 97//97 100//100 101//101
f 96//96 98//98 94//94
f 94//94 98//98 99//99
f 90//90 99//99 101//101
f 100//100 91//91 102//102
f 100//100 97//97 95//95
f 101//101 99//99 97//97
f 100//100 102//102 92//92
f 101//101 100//100 92//92
f 102//102 91//91 90//90
f 92//92 102//102 88//88
f 101//101 92//92 90//90
f 104//104 105//105 103//103
f 104//104 103//103 105//105
f 117//117 108//108 107//107
f 112//112 110//110 106//106
f 112//112 106//106 118//118
f 109//109 108//108 117//117
f 118//118 108//108 109//109
f 118//118 106//106 119//119
f 110//110 113//113 106//106
f 110//110 116//116 113//113
f 116//116 110//110 112//112
f 116//116 112//112 109//109
f 118//118 109//109 112//112
f 121//121 106//106 113//113
f 121//121 119//119 106//106
f 115//115 113//113 114//114
f 115//115 121//121 113//113
f 115//115 114//114 107//107
f 107//107 111//111 115//115
f 107//107 114//114 117//117
f 119//119 108//108 118//118
f 119//119 120//120 111//111
f 119//119 111//111 108//108
f 121//121 120//120 119//119
f 121//121 111//111 120//120
f 121//121 115//115 111//111
f 107//107 108//108 111//111
f 123//123 124//124 122//122
f 122//122 124//124 123//123
f 126//126 127//127 125//125
f 126//126 125//125 128//128
f 127//127 126//126 128//128
f 125//125 127//127 128//128
f 143//143 133//133 135//135
f 134//134 137//137 136//136
f 132//132 133//133 143//143
f 138//138 142//142 134//134
f 143//143 135//135 140//140
f 141//141 142//142 129//129
f 141//141 129//129 139//139
f 139//139 129//129 130//130
f 142//142 131//131 129//129
f 142//142 138//138 131//131
f 134//134 142//142 141//141
f 134//134 135//135 137//137
f 134//134 136//136 138//138
f 140//140 134//134 141//141
f 144//144 143//143 140//140
f 135//135 134//134 140//140
f 144//144 132//132 143//143
f 132//132 130//130 133//133
f 132//132 144//144 139//139
f 132//132 139//139 130//130
f 141//141 139//139 144//144
f 145//145 140//140 141//141
f 144//144 145//145 141//141
f 145//145 144//144 140//140
f 192//192 234//234 147//147
f 147//147 160//160 156//156
f 153//153 151//151 152//152
f 154//154 228//228 150//150
f 155//155 156//156 160//160
f 155//155 150//150 151//151
f 155//155 154//154 150//150
f 153//153 157//157 158//158
f 158//158 151//151 153//153
f 151//151 158//158 149//149
f 154//154 160//160 228//228
f 156//156 155//155 151//151
f 157//157 153//153 152//152
f 155//155 160//160 154//154
f 149//149 158//158 174//174
f 162//162 221//221 161//161
f 162//162 161//161 163//163
f 163//163 182//182 162//162
f 182//182 221//221 162//162
f 182//182 163//163 165//165
f 168//168 178//178 197//197
f 178//178 169//169 197//197
f 148//148 149//149 174//174
f 244//244 183//183 185//185
f 179//179 178//178 168//168
f 178//178 179//179 177//177
f 180//180 200//200 169//169
f 182//182 227//227 222//222
f 185//185 171//171 244//244
f 183//183 244//244 172//172
f 173//173 186//186 185//185
f 174//174 160//160 187//187
f 172//172 184//184 183//183
f 184//184 172//172 188//188
f 173//173 184//184 188//188
f 188//188 189//189 173//173
f 186//186 173//173 190//190
f 189//189 190//190 173//173
f 174//174 186//186 242//242
f 174//174 236//236 235//235
f 174//174 235//235 148//148
f 174//174 182//182 160//160
f 182//182 174//174 158//158
f 182//182 158//158 170//170
f 166//166 217//217 164//164
f 182//182 175//175 160//160
f 180//180 169//169 175//175
f 175//175 182//182 180//180
f 175//175 169//169 178//178
f 177//177 175//175 178//178
f 227//227 182//182 170//170
f 191//191 177//177 179//179
f 191//191 179//179 176//176
f 184//184 173//173 185//185
f 185//185 183//183 184//184
f 185//185 186//186 171//171
f 186//186 174//174 187//187
f 187//187 171//171 186//186
f 234//234 192//192 187//187
f 160//160 234//234 187//187
f 218//218 175//175 166//166
f 175//175 218//218 160//160
f 166//166 175//175 211//211
f 176//176 211//211 175//175
f 176//176 175//175 177//177
f 176//176 177//177 191//191
f 197//197 196//196 194//194
f 176//176 193//193 195//195
f 176//176 179//179 193//193
f 196//196 200//200 194//194
f 196//196 197//197 169//169
f 200//200 196//196 169//169
f 181//181 198//198 167//167
f 200//200 180//180 167//167
f 202//202 211//211 203//203
f 206//206 202//202 203//203
f 199//199 198//198 204//204
f 201//201 181//181 211//211
f 211//211 202//202 201//201
f 205//205 206//206 203//203
f 195//195 203//203 176//176
f 203//203 195//195 205//205
f 167//167 180//180 181//181
f 199//199 167//167 198//198
f 199//199 200//200 167//167
f 199//199 204//204 200//200
f 176//176 203//203 211//211
f 207//207 210//210 211//211
f 211//211 181//181 207//207
f 211//211 210//210 166//166
f 208//208 180//180 209//209
f 208//208 181//181 180//180
f 213//213 208//208 209//209
f 180//180 213//213 209//209
f 212//212 216//216 213//213
f 213//213 180//180 182//182
f 182//182 212//212 213//213
f 212//212 182//182 216//216
f 163//163 216//216 165//165
f 214//214 215//215 166//166
f 217//217 166//166 215//215
f 216//216 182//182 165//165
f 166//166 210//210 214//214
f 221//221 222//222 219//219
f 218//218 164//164 220//220
f 218//218 220//220 223//223
f 164//164 223//223 220//220
f 182//182 222//222 221//221
f 222//222 226//226 219//219
f 218//218 166//166 164//164
f 229//229 225//225 224//224
f 225//225 226//226 224//224
f 227//227 226//226 222//222
f 227//227 224//224 226//226
f 227//227 229//229 224//224
f 230//230 229//229 170//170
f 159//159 223//223 228//228
f 159//159 228//228 160//160
f 170//170 229//229 227//227
f 170//170 157//157 230//230
f 157//157 170//170 158//158
f 218//218 159//159 160//160
f 218//218 223//223 159//159
f 147//147 234//234 160//160
f 232//232 233//233 231//231
f 232//232 231//231 235//235
f 149//149 231//231 233//233
f 148//148 231//231 149//149
f 235//235 231//231 148//148
f 242//242 236//236 174//174
f 242//242 235//235 236//236
f 237//237 238//238 192//192
f 146//146 171//171 187//187
f 146//146 238//238 239//239
f 238//238 237//237 239//239
f 238//238 146//146 187//187
f 240//240 237//237 192//192
f 192//192 147//147 240//240
f 238//238 187//187 192//192
f 241//241 171//171 242//242
f 246//246 244//244 243//243
f 245//245 241//241 246//246
f 248//248 247//247 242//242
f 190//190 247//247 248//248
f 243//243 244//244 171//171
f 245//245 246//246 243//243
f 245//245 243//243 241//241
f 248//248 242//242 186//186
f 186//186 190//190 248//248
f 171//171 146//146 242//242
f 171//171 241//241 243//243
f 269//269 258//258 259//259
f 261//261 260//260 250//250
f 261//261 250//250 251//251
f 253//253 252//252 254//254
f 261//261 251//251 256//256
f 261//261 254//254 262//262
f 254//254 252//252 262//262
f 254//254 261//261 256//256
f 252//252 263//263 264//264
f 264//264 262//262 252//252
f 264//264 255//255 249//249
f 258//258 265//265 268//268
f 266//266 256//256 251//251
f 251//251 267//267 266//266
f 250//250 267//267 251//251
f 267//267 250//250 260//260
f 254//254 255//255 253//253
f 259//259 269//269 257//257
f 259//259 257//257 269//269
f 267//267 269//269 259//259
f 266//266 267//267 256//256
f 259//259 256//256 267//267
f 268//268 259//259 258//258
f 268//268 256//256 259//259
f 254//254 268//268 255//255
f 254//254 256//256 268//268
f 255//255 268//268 265//265
f 255//255 265//265 249//249
f 252//252 253//253 255//255
f 263//263 252//252 255//255
f 263//263 255//255 264//264
f 277//277 275//275 270//270
f 274//274 272//272 271//271
f 272//272 277//277 270//270
f 273//273 274//274 271//271
f 273//273 275//275 274//274
f 274//274 275//275 276//276
f 276//276 275//275 277//277
f 272//272 276//276 277//277
f 276//276 272//272 274//274
f 280//280 291//291 279//279
f 373//373 288//288 290//290
f 288//288 292//292 290//290
f 289//289 373//373 290//290
f 291//291 373//373 289//289
f 294//294 361//361 293//293
f 303//303 304//304 319//319
f 318//318 298//298 313//313
f 318//318 308//308 311//311
f 311//311 308//308 318//318
f 298//298 361//361 313//313
f 318//318 313//313 306//306
f 312//312 298//298 318//318
f 312//312 331//331 298//298
f 312//312 308//308 331//331
f 308//308 312//312 318//318
f 293//293 361//361 298//298
f 299//299 298//298 331//331
f 294//294 293//293 296//296
f 296//296 297//297 294//294
f 309//309 361//361 294//294
f 295//295 309//309 294//294
f 295//295 294//294 297//297
f 297//297 340//340 354//354
f 309//309 301//301 302//302
f 304//304 302//302 301//301
f 354//354 304//304 301//301
f 304//304 303//303 305//305
f 326//326 304//304 354//354
f 341//341 321//321 320//320
f 339//339 325//325 341//341
f 341//341 326//326 322//322
f 304//304 341//341 320//320
f 304//304 320//320 321//321
f 314//314 331//331 308//308
f 331//331 332//332 328//328
f 330//330 329//329 363//363
f 364//364 337//337 278//278
f 337//337 338//338 279//279
f 342//342 346//346 345//345
f 345//345 359//359 344//344
f 342//342 284//284 323//323
f 342//342 339//339 341//341
f 346//346 342//342 341//341
f 346//346 341//341 322//322
f 342//342 345//345 344//344
f 359//359 343//343 360//360
f 355//355 354//354 340//340
f 355//355 360//360 343//343
f 350//350 351//351 340//340
f 327//327 328//328 351//351
f 328//328 335//335 351//351
f 306//306 317//317 353//353
f 340//340 299//299 331//331
f 315//315 331//331 314//314
f 299//299 340//340 297//297
f 306//306 353//353 352//352
f 340//340 351//351 355//355
f 351//351 356//356 355//355
f 356//356 357//357 360//360
f 283//283 357//357 282//282
f 357//357 283//283 358//358
f 363//363 357//357 330//330
f 369//369 349//349 344//344
f 358//358 359//359 360//360
f 317//317 281//281 363//363
f 353//353 317//317 363//363
f 361//361 370//370 362//362
f 310//310 361//361 309//309
f 303//303 287//287 285//285
f 367//367 361//361 310//310
f 290//290 292//292 278//278
f 284//284 348//348 336//336
f 292//292 336//336 278//278
f 278//278 337//337 279//279
f 348//348 369//369 336//336
f 286//286 285//285 287//287
f 310//310 305//305 303//303
f 290//290 291//291 289//289
f 290//290 278//278 372//372
f 333//333 365//365 332//332
f 329//329 365//365 333//333
f 363//363 329//329 333//333
f 328//328 334//334 331//331
f 328//328 332//332 365//365
f 328//328 331//331 334//334
f 336//336 285//285 286//286
f 336//336 339//339 284//284
f 339//339 336//336 286//286
f 278//278 336//336 364//364
f 339//339 323//323 284//284
f 327//327 340//340 331//331
f 331//331 328//328 327//327
f 329//329 330//330 357//357
f 357//357 356//356 335//335
f 339//339 342//342 323//323
f 326//326 354//354 347//347
f 347//347 354//354 343//343
f 347//347 343//343 326//326
f 329//329 357//357 335//335
f 329//329 328//328 365//365
f 341//341 324//324 321//321
f 325//325 324//324 341//341
f 304//304 326//326 341//341
f 321//321 339//339 286//286
f 310//310 309//309 302//302
f 353//353 363//363 333//333
f 366//366 360//360 355//355
f 356//356 360//360 366//366
f 355//355 356//356 366//366
f 322//322 359//359 345//345
f 344//344 349//349 342//342
f 350//350 340//340 327//327
f 351//351 350//350 327//327
f 322//322 326//326 343//343
f 354//354 355//355 343//343
f 343//343 359//359 322//322
f 346//346 322//322 345//345
f 356//356 351//351 335//335
f 328//328 329//329 335//335
f 303//303 319//319 321//321
f 324//324 339//339 321//321
f 339//339 324//324 325//325
f 287//287 303//303 321//321
f 287//287 321//321 286//286
f 302//302 304//304 305//305
f 302//302 305//305 310//310
f 304//304 321//321 319//319
f 297//297 301//301 309//309
f 295//295 297//297 309//309
f 354//354 301//301 297//297
f 284//284 349//349 348//348
f 342//342 349//349 284//284
f 296//296 298//298 300//300
f 298//298 296//296 293//293
f 296//296 300//300 297//297
f 299//299 300//300 298//298
f 299//299 297//297 300//300
f 314//314 308//308 315//315
f 306//306 307//307 318//318
f 353//353 333//333 352//352
f 306//306 316//316 307//307
f 333//333 315//315 352//352
f 333//333 332//332 315//315
f 332//332 331//331 315//315
f 307//307 308//308 318//318
f 352//352 315//315 316//316
f 352//352 316//316 306//306
f 307//307 316//316 315//315
f 307//307 315//315 308//308
f 317//317 306//306 313//313
f 303//303 367//367 310//310
f 285//285 367//367 303//303
f 363//363 282//282 357//357
f 282//282 363//363 281//281
f 317//317 313//313 281//281
f 349//349 369//369 348//348
f 369//369 344//344 371//371
f 368//368 361//361 367//367
f 281//281 313//313 362//362
f 361//361 362//362 313//313
f 361//361 368//368 370//370
f 357//357 358//358 360//360
f 371//371 344//344 359//359
f 371//371 359//359 358//358
f 280//280 279//279 338//338
f 372//372 291//291 290//290
f 279//279 372//372 278//278
f 291//291 372//372 279//279
f 280//280 373//373 291//291
f 466//466 375//375 427//427
f 382//382 457//457 376//376
f 377//377 457//457 382//382
f 469//469 378//378 380//380
f 397//397 401//401 399//399
f 398//398 397//397 399//399
f 399//399 397//397 398//398
f 392//392 400//400 399//399
f 387//387 399//399 400//400
f 387//387 384//384 399//399
f 384//384 397//397 399//399
f 384//384 388//388 397//397
f 415//415 388//388 404//404
f 384//384 406//406 385//385
f 385//385 386//386 384//384
f 386//386 385//385 396//396
f 394//394 406//406 455//455
f 394//394 385//385 406//406
f 385//385 394//394 396//396
f 390//390 391//391 463//463
f 391//391 390//390 413//413
f 389//389 391//391 413//413
f 389//389 413//413 412//412
f 381//381 407//407 383//383
f 381//381 411//411 408//408
f 383//383 411//411 381//381
f 411//411 435//435 434//434
f 411//411 409//409 408//408
f 409//409 411//411 434//434
f 422//422 421//421 417//417
f 417//417 404//404 422//422
f 376//376 428//428 461//461
f 431//431 429//429 430//430
f 410//410 445//445 435//435
f 409//409 441//441 412//412
f 441//441 409//409 434//434
f 389//389 412//412 443//443
f 402//402 401//401 403//403
f 401//401 388//388 417//417
f 405//405 426//426 417//417
f 426//426 405//405 419//419
f 445//445 446//446 435//435
f 435//435 446//446 437//437
f 435//435 437//437 436//436
f 441//441 434//434 435//435
f 436//436 441//441 435//435
f 439//439 404//404 396//396
f 439//439 389//389 444//444
f 444//444 440//440 439//439
f 440//440 444//444 436//436
f 438//438 440//440 436//436
f 422//422 404//404 416//416
f 418//418 453//453 402//402
f 412//412 413//413 409//409
f 396//396 389//389 439//439
f 415//415 417//417 388//388
f 396//396 449//449 389//389
f 388//388 396//396 404//404
f 417//417 426//426 401//401
f 426//426 418//418 402//402
f 439//439 432//432 447//447
f 432//432 433//433 447//447
f 432//432 438//438 433//433
f 433//433 466//466 427//427
f 465//465 436//436 450//450
f 438//438 468//468 433//433
f 374//374 400//400 453//453
f 453//453 452//452 374//374
f 400//400 454//454 455//455
f 452//452 400//400 374//374
f 400//400 452//452 454//454
f 455//455 454//454 456//456
f 460//460 378//378 379//379
f 460//460 379//379 461//461
f 415//415 404//404 417//417
f 376//376 448//448 446//446
f 446//446 445//445 376//376
f 428//428 460//460 461//461
f 464//464 446//446 448//448
f 430//430 380//380 431//431
f 377//377 382//382 383//383
f 458//458 377//377 390//390
f 469//469 379//379 378//378
f 419//419 375//375 423//423
f 375//375 453//453 423//423
f 416//416 375//375 419//419
f 419//419 405//405 420//420
f 405//405 417//417 420//420
f 414//414 390//390 381//381
f 414//414 381//381 413//413
f 376//376 445//445 410//410
f 430//430 429//429 461//461
f 461//461 429//429 376//376
f 420//420 417//417 462//462
f 411//411 410//410 435//435
f 409//409 413//413 408//408
f 416//416 421//421 422//422
f 416//416 427//427 375//375
f 412//412 442//442 444//444
f 419//419 420//420 416//416
f 421//421 420//420 462//462
f 421//421 462//462 417//417
f 421//421 416//416 420//420
f 456//456 458//458 463//463
f 410//410 383//383 382//382
f 382//382 376//376 410//410
f 390//390 463//463 458//458
f 412//412 441//441 442//442
f 439//439 447//447 404//404
f 444//444 443//443 412//412
f 444//444 389//389 443//443
f 432//432 439//439 440//440
f 432//432 440//440 438//438
f 441//441 436//436 442//442
f 436//436 444//444 442//442
f 427//427 416//416 433//433
f 377//377 407//407 390//390
f 410//410 411//411 383//383
f 407//407 377//377 383//383
f 381//381 408//408 413//413
f 455//455 387//387 400//400
f 390//390 407//407 381//381
f 390//390 414//414 413//413
f 463//463 395//395 394//394
f 395//395 396//396 394//394
f 395//395 391//391 396//396
f 395//395 463//463 391//391
f 449//449 391//391 389//389
f 396//396 391//391 449//449
f 446//446 464//464 437//437
f 447//447 433//433 404//404
f 416//416 404//404 433//433
f 387//387 455//455 406//406
f 406//406 384//384 387//387
f 386//386 396//396 388//388
f 386//386 388//388 384//384
f 397//397 388//388 401//401
f 399//399 402//402 392//392
f 425//425 424//424 418//418
f 424//424 425//425 419//419
f 418//418 426//426 425//425
f 402//402 400//400 392//392
f 402//402 453//453 400//400
f 426//426 419//419 425//425
f 401//401 393//393 399//399
f 393//393 401//401 402//402
f 399//399 393//393 402//402
f 426//426 402//402 403//403
f 403//403 401//401 426//426
f 463//463 394//394 456//456
f 456//456 394//394 455//455
f 423//423 453//453 424//424
f 424//424 453//453 418//418
f 423//423 424//424 419//419
f 459//459 457//457 377//377
f 459//459 377//377 458//458
f 458//458 454//454 459//459
f 375//375 452//452 453//453
f 375//375 466//466 452//452
f 464//464 448//448 465//465
f 450//450 436//436 437//437
f 450//450 437//437 464//464
f 450//450 464//464 465//465
f 454//454 458//458 456//456
f 433//433 468//468 466//466
f 451//451 467//467 436//436
f 467//467 436//436 465//465
f 467//467 451//451 436//436
f 436//436 468//468 438//438
f 467//467 468//468 436//436
f 430//430 469//469 380//380
f 469//469 461//461 379//379
f 469//469 430//430 461//461
f 471//471 472//472 473//473
f 485//485 610//610 484//484
f 494//494 492//492 493//493
f 505//505 506//506 1303//1303
f 475//475 1176//1176 476//476
f 522//522 989//989 991//991
f 729//729 522//522 991//991
f 729//729 991//991 728//728
f 529//529 704//704 586//586
f 529//529 530//530 704//704
f 542//542 541//541 758//758
f 543//543 544//544 757//757
f 543//543 545//545 542//542
f 547//547 546//546 543//543
f 552//552 553//553 951//951
f 552//552 961//961 554//554
f 552//552 554//554 553//553
f 534//534 560//560 532//532
f 534//534 532//532 533//533
f 534//534 533//533 560//560
f 574//574 575//575 1025//1025
f 575//575 574//574 573//573
f 575//575 573//573 590//590
f 1027//1027 578//578 1025//1025
f 1114//1114 1025//1025 575//575
f 584//584 583//583 580//580
f 584//584 580//580 591//591
f 1190//1190 584//584 582//582
f 581//581 693//693 1190//1190
f 582//582 581//581 1190//1190
f 582//582 585//585 581//581
f 683//683 684//684 589//589
f 573//573 577//577 590//590
f 559//559 532//532 560//560
f 601//601 600//600 599//599
f 599//599 598//598 540//540
f 540//540 601//601 599//599
f 597//597 598//598 599//599
f 595//595 598//598 597//597
f 597//597 599//599 600//600
f 598//598 596//596 718//718
f 601//601 598//598 935//935
f 601//601 540//540 598//598
f 723//723 600//600 601//601
f 596//596 598//598 595//595
f 597//597 596//596 595//595
f 600//600 723//723 597//597
f 610//610 608//608 609//609
f 1293//1293 1291//1291 1182//1182
f 619//619 611//611 613//613
f 904//904 614//614 1092//1092
f 615//615 616//616 904//904
f 614//614 612//612 1092//1092
f 617//617 632//632 615//615
f 632//632 617//617 620//620
f 904//904 616//616 621//621
f 632//632 621//621 616//616
f 616//616 615//615 632//632
f 621//621 631//631 904//904
f 901//901 626//626 625//625
f 626//626 629//629 625//625
f 615//615 620//620 617//617
f 615//615 630//630 632//632
f 631//631 630//630 615//615
f 632//632 620//620 615//615
f 632//632 630//630 631//631
f 632//632 631//631 621//621
f 635//635 896//896 641//641
f 527//527 640//640 1090//1090
f 640//640 636//636 1090//1090
f 636//636 640//640 637//637
f 640//640 639//639 637//637
f 639//639 640//640 484//484
f 711//711 1178//1178 643//643
f 645//645 711//711 643//643
f 648//648 645//645 644//644
f 648//648 646//646 642//642
f 643//643 1178//1178 648//648
f 648//648 642//642 643//643
f 645//645 642//642 644//644
f 644//644 646//646 648//648
f 646//646 644//644 642//642
f 642//642 645//645 643//643
f 651//651 932//932 602//602
f 474//474 472//472 471//471
f 471//471 661//661 474//474
f 661//661 471//471 473//473
f 661//661 473//473 662//662
f 662//662 909//909 661//661
f 1200//1200 472//472 474//474
f 1199//1199 472//472 1200//1200
f 474//474 661//661 1200//1200
f 1200//1200 661//661 909//909
f 667//667 1036//1036 688//688
f 1114//1114 667//667 1200//1200
f 665//665 664//664 676//676
f 672//672 663//663 670//670
f 670//670 663//663 671//671
f 670//670 671//671 672//672
f 672//672 671//671 663//663
f 539//539 673//673 579//579
f 1379//1379 538//538 579//579
f 579//579 538//538 1379//1379
f 539//539 579//579 1379//1379
f 538//538 579//579 537//537
f 538//538 537//537 579//579
f 1176//1176 512//512 679//679
f 531//531 684//684 1191//1191
f 683//683 589//589 684//684
f 684//684 563//563 1191//1191
f 1193//1193 561//561 513//513
f 688//688 575//575 1175//1175
f 1175//1175 575//575 590//590
f 558//558 561//561 513//513
f 687//687 688//688 1175//1175
f 688//688 687//687 667//667
f 689//689 1175//1175 562//562
f 690//690 689//689 691//691
f 690//690 1175//1175 689//689
f 1029//1029 690//690 692//692
f 590//590 1029//1029 692//692
f 687//687 693//693 667//667
f 691//691 590//590 692//692
f 691//691 692//692 690//690
f 691//691 562//562 590//590
f 1175//1175 590//590 562//562
f 588//588 477//477 695//695
f 588//588 695//695 699//699
f 588//588 699//699 478//478
f 699//699 695//695 529//529
f 699//699 529//529 586//586
f 1029//1029 700//700 681//681
f 700//700 682//682 681//681
f 700//700 1029//1029 682//682
f 912//912 701//701 681//681
f 702//702 703//703 704//704
f 702//702 705//705 703//703
f 702//702 706//706 710//710
f 703//703 707//707 708//708
f 703//703 708//708 1178//1178
f 707//707 1178//1178 709//709
f 705//705 702//702 710//710
f 705//705 710//710 1195//1195
f 705//705 707//707 703//703
f 713//713 714//714 712//712
f 713//713 1162//1162 714//714
f 715//715 1178//1178 708//708
f 715//715 708//708 707//707
f 1178//1178 715//715 716//716
f 709//709 716//716 715//715
f 709//709 1178//1178 716//716
f 1178//1178 711//711 717//717
f 722//722 720//720 719//719
f 722//722 719//719 720//720
f 749//749 751//751 721//721
f 750//750 751//751 749//749
f 606//606 723//723 501//501
f 654//654 549//549 732//732
f 727//727 520//520 934//934
f 521//521 934//934 520//520
f 904//904 626//626 635//635
f 757//757 735//735 734//734
f 735//735 544//544 736//736
f 544//544 543//543 542//542
f 545//545 737//737 541//541
f 545//545 543//543 546//546
f 737//737 545//545 546//546
f 737//737 738//738 739//739
f 738//738 740//740 741//741
f 738//738 737//737 546//546
f 740//740 738//738 742//742
f 740//740 742//742 1261//1261
f 1261//1261 743//743 740//740
f 748//748 744//744 746//746
f 720//720 751//751 719//719
f 992//992 743//743 523//523
f 744//744 728//728 523//523
f 749//749 744//744 748//748
f 593//593 731//731 594//594
f 769//769 972//972 766//766
f 767//767 768//768 769//769
f 767//767 766//766 1251//1251
f 772//772 999//999 773//773
f 777//777 760//760 776//776
f 781//781 945//945 516//516
f 1272//1272 498//498 499//499
f 706//706 704//704 710//710
f 785//785 786//786 787//787
f 494//494 495//495 492//492
f 800//800 801//801 1134//1134
f 1138//1138 1134//1134 801//801
f 803//803 1138//1138 801//801
f 1140//1140 1136//1136 802//802
f 804//804 807//807 805//805
f 806//806 807//807 571//571
f 672//672 673//673 539//539
f 809//809 1202//1202 808//808
f 815//815 1202//1202 816//816
f 815//815 816//816 805//805
f 812//812 816//816 1202//1202
f 820//820 819//819 821//821
f 672//672 673//673 822//822
f 823//823 820//820 824//824
f 823//823 827//827 820//820
f 823//823 813//813 827//827
f 817//817 807//807 1206//1206
f 817//817 808//808 1202//1202
f 817//817 1202//1202 815//815
f 817//817 805//805 807//807
f 1206//1206 807//807 806//806
f 808//808 817//817 1206//1206
f 1202//1202 809//809 1206//1206
f 1206//1206 923//923 826//826
f 809//809 808//808 1206//1206
f 812//812 827//827 671//671
f 1202//1202 827//827 812//812
f 810//810 1212//1212 676//676
f 828//828 810//810 814//814
f 675//675 673//673 672//672
f 827//827 819//819 820//820
f 827//827 814//814 819//819
f 673//673 672//672 822//822
f 827//827 813//813 671//671
f 812//812 811//811 539//539
f 806//806 571//571 1206//1206
f 845//845 1381//1381 830//830
f 845//845 830//830 829//829
f 1381//1381 834//834 830//830
f 1178//1178 717//717 711//711
f 591//591 1181//1181 837//837
f 838//838 839//839 840//840
f 839//839 838//838 840//840
f 829//829 834//834 1381//1381
f 1381//1381 845//845 829//829
f 1381//1381 846//846 844//844
f 1271//1271 1198//1198 851//851
f 873//873 860//860 862//862
f 861//861 966//966 978//978
f 1350//1350 873//873 859//859
f 873//873 862//862 979//979
f 854//854 866//866 863//863
f 866//866 854//854 865//865
f 997//997 497//497 878//878
f 658//658 880//880 1118//1118
f 880//880 658//658 660//660
f 1386//1386 1118//1118 880//880
f 883//883 1369//1369 881//881
f 1337//1337 1291//1291 884//884
f 887//887 907//907 1337//1337
f 885//885 1400//1400 1159//1159
f 889//889 618//618 888//888
f 888//888 618//618 907//907
f 1042//1042 618//618 655//655
f 483//483 1116//1116 639//639
f 896//896 635//635 898//898
f 897//897 898//898 635//635
f 1212//1212 810//810 828//828
f 634//634 633//633 1054//1054
f 634//634 1211//1211 633//633
f 900//900 902//902 901//901
f 626//626 901//901 902//902
f 626//626 904//904 629//629
f 639//639 481//481 904//904
f 635//635 639//639 904//904
f 1194//1194 698//698 514//514
f 1092//1092 622//622 904//904
f 622//622 1092//1092 611//611
f 611//611 905//905 622//622
f 619//619 905//905 611//611
f 905//905 615//615 622//622
f 615//615 905//905 619//619
f 907//907 618//618 511//511
f 1175//1175 563//563 693//693
f 693//693 687//687 1175//1175
f 908//908 667//667 693//693
f 472//472 662//662 473//473
f 910//910 664//664 665//665
f 693//693 581//581 582//582
f 1177//1177 915//915 912//912
f 915//915 1177//1177 1173//1173
f 1173//1173 913//913 513//513
f 513//513 531//531 914//914
f 1173//1173 513//513 914//914
f 915//915 1173//1173 914//914
f 558//558 913//913 1173//1173
f 1176//1176 479//479 512//512
f 1026//1026 477//477 588//588
f 478//478 1026//1026 588//588
f 1026//1026 478//478 930//930
f 694//694 478//478 696//696
f 1179//1179 572//572 917//917
f 1356//1356 919//919 918//918
f 862//862 860//860 873//873
f 557//557 591//591 592//592
f 837//837 850//850 591//591
f 731//731 593//593 924//924
f 924//924 970//970 762//762
f 924//924 762//762 731//731
f 762//762 970//970 731//731
f 970//970 761//761 594//594
f 594//594 731//731 970//970
f 1365//1365 1374//1374 876//876
f 779//779 776//776 760//760
f 779//779 778//778 776//776
f 721//721 751//751 928//928
f 720//720 749//749 721//721
f 748//748 747//747 929//929
f 721//721 751//751 720//720
f 751//751 721//721 928//928
f 1186//1186 720//720 719//719
f 1186//1186 749//749 720//720
f 1379//1379 807//807 539//539
f 1199//1199 1200//1200 910//910
f 910//910 669//669 667//667
f 667//667 674//674 910//910
f 674//674 667//667 673//673
f 601//601 605//605 723//723
f 603//603 606//606 501//501
f 605//605 501//501 723//723
f 605//605 601//601 935//935
f 1053//1053 939//939 627//627
f 938//938 898//898 939//939
f 939//939 898//898 937//937
f 937//937 898//898 938//938
f 939//939 937//937 938//938
f 940//940 941//941 943//943
f 949//949 961//961 1109//1109
f 946//946 947//947 949//949
f 946//946 949//949 947//947
f 487//487 488//488 489//489
f 954//954 1113//1113 730//730
f 1109//1109 961//961 552//552
f 959//959 958//958 986//986
f 945//945 998//998 516//516
f 850//850 964//964 1198//1198
f 1335//1335 1321//1321 1319//1319
f 1319//1319 923//923 1335//1335
f 923//923 1206//1206 1335//1335
f 873//873 1350//1350 862//862
f 1169//1169 968//968 853//853
f 651//651 602//602 933//933
f 602//602 604//604 501//501
f 501//501 604//604 603//603
f 654//654 603//603 653//653
f 1110//1110 971//971 945//945
f 1254//1254 725//725 732//732
f 979//979 865//865 976//976
f 1169//1169 981//981 968//968
f 510//510 1169//1169 1181//1181
f 510//510 509//509 1169//1169
f 969//969 852//852 509//509
f 509//509 863//863 969//969
f 1169//1169 509//509 852//852
f 984//984 1381//1381 1165//1165
f 854//854 502//502 980//980
f 863//863 502//502 854//854
f 865//865 857//857 866//866
f 858//858 978//978 966//966
f 950//950 986//986 1232//1232
f 744//744 522//522 729//729
f 744//744 989//989 522//522
f 996//996 994//994 1019//1019
f 996//996 1019//1019 995//995
f 994//994 996//996 993//993
f 994//994 1002//1002 1019//1019
f 993//993 996//996 1276//1276
f 996//996 1004//1004 1276//1276
f 997//997 1002//1002 994//994
f 497//497 997//997 878//878
f 516//516 778//778 780//780
f 778//778 516//516 998//998
f 1009//1009 497//497 997//997
f 994//994 1286//1286 997//997
f 1276//1276 1286//1286 994//994
f 993//993 1276//1276 994//994
f 1015//1015 997//997 1286//1286
f 1011//1011 497//497 1008//1008
f 497//497 1007//1007 499//499
f 1009//1009 1017//1017 1010//1010
f 997//997 1015//1015 1017//1017
f 997//997 1017//1017 1009//1009
f 499//499 1272//1272 497//497
f 1272//1272 499//499 498//498
f 1004//1004 1014//1014 1276//1276
f 1004//1004 996//996 995//995
f 1002//1002 1004//1004 1019//1019
f 995//995 1019//1019 1004//1004
f 1020//1020 497//497 1011//1011
f 1021//1021 1020//1020 1011//1011
f 1024//1024 1023//1023 1370//1370
f 1023//1023 1024//1024 1028//1028
f 578//578 930//930 1025//1025
f 475//475 476//476 536//536
f 1027//1027 1025//1025 1114//1114
f 1027//1027 1114//1114 1040//1040
f 576//576 536//536 476//476
f 536//536 576//576 1038//1038
f 1175//1175 1029//1029 1191//1191
f 1025//1025 559//559 1029//1029
f 479//479 1031//1031 514//514
f 479//479 514//514 512//512
f 1176//1176 475//475 479//479
f 475//475 1030//1030 479//479
f 514//514 698//698 697//697
f 1031//1031 479//479 1032//1032
f 479//479 536//536 1032//1032
f 533//533 930//930 560//560
f 533//533 532//532 930//930
f 694//694 699//699 586//586
f 694//694 696//696 699//699
f 1032//1032 1034//1034 1170//1170
f 1034//1034 1032//1032 1373//1373
f 1034//1034 1024//1024 1170//1170
f 1036//1036 667//667 1114//1114
f 1042//1042 536//536 1038//1038
f 1373//1373 891//891 1033//1033
f 891//891 1373//1373 1042//1042
f 1041//1041 1035//1035 1037//1037
f 891//891 1042//1042 655//655
f 1033//1033 1160//1160 1035//1035
f 1041//1041 1033//1033 1035//1035
f 688//688 1036//1036 575//575
f 576//576 1043//1043 1038//1038
f 1115//1115 1038//1038 660//660
f 1092//1092 1093//1093 511//511
f 1093//1093 1337//1337 511//511
f 618//618 611//611 1092//1092
f 1092//1092 1047//1047 618//618
f 1048//1048 618//618 1115//1115
f 1048//1048 611//611 618//618
f 619//619 611//611 1048//1048
f 619//619 613//613 611//611
f 624//624 619//619 1210//1210
f 1210//1210 634//634 623//623
f 1210//1210 1211//1211 634//634
f 671//671 824//824 1209//1209
f 671//671 672//672 539//539
f 677//677 1379//1379 579//579
f 677//677 579//579 668//668
f 624//624 1210//1210 619//619
f 623//623 634//634 899//899
f 1050//1050 899//899 634//634
f 627//627 900//900 901//901
f 1052//1052 627//627 939//939
f 1051//1051 628//628 627//627
f 627//627 901//901 625//625
f 1051//1051 625//625 628//628
f 625//625 1051//1051 627//627
f 627//627 1052//1052 900//900
f 1052//1052 626//626 902//902
f 902//902 900//900 1052//1052
f 635//635 626//626 1052//1052
f 627//627 633//633 1053//1053
f 633//633 627//627 1054//1054
f 697//697 512//512 514//514
f 1362//1362 1059//1059 1361//1361
f 1361//1361 1059//1059 1058//1058
f 1058//1058 1059//1059 753//753
f 1059//1059 518//518 519//519
f 519//519 517//517 1059//1059
f 1069//1069 1367//1367 1068//1068
f 470//470 1069//1069 1071//1071
f 1069//1069 1068//1068 1367//1367
f 1070//1070 1072//1072 551//551
f 551//551 1069//1069 1367//1367
f 548//548 1069//1069 1073//1073
f 1101//1101 1077//1077 1075//1075
f 1077//1077 927//927 1080//1080
f 1077//1077 1080//1080 1078//1078
f 1078//1078 1079//1079 1077//1077
f 1075//1075 1077//1077 1076//1076
f 1076//1076 1077//1077 1079//1079
f 470//470 1185//1185 1079//1079
f 526//526 1086//1086 893//893
f 1085//1085 893//893 1086//1086
f 1085//1085 1087//1087 1078//1078
f 1087//1087 1085//1085 1086//1086
f 1087//1087 1086//1086 1073//1073
f 548//548 1073//1073 1086//1086
f 526//526 548//548 1086//1086
f 526//526 1082//1082 874//874
f 1083//1083 1085//1085 1078//1078
f 526//526 874//874 548//548
f 517//517 1064//1064 1082//1082
f 519//519 1064//1064 517//517
f 517//517 1082//1082 1084//1084
f 753//753 1088//1088 517//517
f 1088//1088 753//753 1059//1059
f 517//517 1088//1088 1059//1059
f 753//753 517//517 1084//1084
f 753//753 1084//1084 1089//1089
f 629//629 904//904 625//625
f 638//638 1089//1089 639//639
f 898//898 897//897 635//635
f 1052//1052 939//939 898//898
f 898//898 635//635 1052//1052
f 635//635 641//641 1089//1089
f 1090//1090 636//636 1089//1089
f 1090//1090 1089//1089 1084//1084
f 898//898 641//641 896//896
f 898//898 1089//1089 641//641
f 1089//1089 636//636 637//637
f 607//607 485//485 484//484
f 1116//1116 484//484 610//610
f 1116//1116 610//610 892//892
f 1117//1117 527//527 1090//1090
f 527//527 484//484 640//640
f 483//483 639//639 484//484
f 614//614 1092//1092 612//612
f 614//614 892//892 1092//1092
f 622//622 615//615 904//904
f 892//892 614//614 904//904
f 1117//1117 1091//1091 894//894
f 892//892 904//904 481//481
f 515//515 1092//1092 892//892
f 1093//1093 1092//1092 515//515
f 619//619 1372//1372 615//615
f 619//619 1210//1210 623//623
f 487//487 893//893 1085//1085
f 894//894 893//893 487//487
f 894//894 1091//1091 1117//1117
f 1117//1117 893//893 894//894
f 637//637 639//639 1089//1089
f 635//635 638//638 639//639
f 1089//1089 638//638 635//635
f 904//904 1372//1372 625//625
f 904//904 615//615 1372//1372
f 615//615 904//904 631//631
f 1092//1092 511//511 1047//1047
f 1047//1047 511//511 618//618
f 511//511 1337//1337 907//907
f 1085//1085 1083//1083 487//487
f 609//609 608//608 491//491
f 1016//1016 1015//1015 1286//1286
f 1018//1018 1011//1011 1009//1009
f 1020//1020 1007//1007 497//497
f 596//596 597//597 1186//1186
f 749//749 1060//1060 750//750
f 1062//1062 524//524 547//547
f 547//547 875//875 1062//1062
f 780//780 779//779 516//516
f 776//776 778//778 772//772
f 772//772 998//998 999//999
f 772//772 1100//1100 776//776
f 998//998 772//772 778//778
f 773//773 1099//1099 1100//1100
f 773//773 999//999 1099//1099
f 773//773 1100//1100 772//772
f 1074//1074 927//927 1077//1077
f 1101//1101 1074//1074 1077//1077
f 1101//1101 1366//1366 876//876
f 1079//1079 1185//1185 1094//1094
f 1079//1079 1094//1094 1366//1366
f 1101//1101 1075//1075 1079//1079
f 1101//1101 1079//1079 1366//1366
f 1079//1079 1075//1075 1076//1076
f 1021//1021 1011//1011 775//775
f 1352//1352 1020//1020 1097//1097
f 1102//1102 1061//1061 883//883
f 597//597 1098//1098 1186//1186
f 1104//1104 1098//1098 597//597
f 999//999 1021//1021 1099//1099
f 923//923 1319//1319 825//825
f 825//825 826//826 923//923
f 1186//1186 1098//1098 749//749
f 950//950 1109//1109 1108//1108
f 741//741 739//739 738//738
f 742//742 546//546 547//547
f 1111//1111 1065//1065 1280//1280
f 756//756 1063//1063 1062//1062
f 992//992 741//741 743//743
f 992//992 758//758 739//739
f 739//739 741//741 992//992
f 739//739 541//541 737//737
f 541//541 739//739 758//758
f 541//541 542//542 545//545
f 761//761 992//992 594//594
f 954//954 1103//1103 1097//1097
f 1097//1097 1103//1103 1352//1352
f 1113//1113 954//954 1097//1097
f 764//764 952//952 960//960
f 1036//1036 1114//1114 575//575
f 1116//1116 481//481 639//639
f 1116//1116 892//892 481//481
f 483//483 484//484 1116//1116
f 484//484 527//527 1117//1117
f 1117//1117 894//894 491//491
f 778//778 779//779 780//780
f 1055//1055 658//658 1118//1118
f 658//658 1115//1115 1119//1119
f 660//660 1119//1119 1115//1115
f 1119//1119 660//660 658//658
f 1042//1042 1115//1115 618//618
f 1042//1042 1038//1038 1115//1115
f 1042//1042 1373//1373 536//536
f 1030//1030 536//536 479//479
f 1373//1373 1032//1032 536//536
f 1022//1022 1032//1032 1170//1170
f 1022//1022 1056//1056 1032//1032
f 1120//1120 1121//1121 786//786
f 1122//1122 1120//1120 1123//1123
f 1121//1121 1120//1120 1122//1122
f 1121//1121 1122//1122 1124//1124
f 786//786 1121//1121 787//787
f 1123//1123 1124//1124 1122//1122
f 1124//1124 1123//1123 1120//1120
f 1120//1120 792//792 787//787
f 787//787 1124//1124 1120//1120
f 787//787 792//792 785//785
f 786//786 785//785 1125//1125
f 785//785 1163//1163 1125//1125
f 785//785 792//792 1155//1155
f 785//785 1155//1155 1133//1133
f 790//790 1132//1132 1128//1128
f 1330//1330 1136//1136 1140//1140
f 1137//1137 803//803 801//801
f 796//796 794//794 795//795
f 1138//1138 803//803 1137//1137
f 1141//1141 1134//1134 1138//1138
f 1142//1142 1143//1143 799//799
f 797//797 1145//1145 1384//1384
f 1133//1133 1143//1143 1142//1142
f 1144//1144 1133//1133 1142//1142
f 1145//1145 1144//1144 1142//1142
f 494//494 1140//1140 802//802
f 797//797 793//793 796//796
f 1144//1144 796//796 795//795
f 872//872 870//870 871//871
f 568//568 871//871 870//870
f 569//569 871//871 568//568
f 569//569 1150//1150 871//871
f 1150//1150 872//872 871//871
f 570//570 1151//1151 568//568
f 570//570 794//794 796//796
f 858//858 966//966 967//967
f 1270//1270 859//859 873//873
f 870//870 1153//1153 868//868
f 854//854 1154//1154 855//855
f 864//864 854//854 867//867
f 1128//1128 790//790 1127//1127
f 1133//1133 799//799 1143//1143
f 789//789 1133//1133 1155//1155
f 789//789 1383//1383 1133//1133
f 1133//1133 1383//1383 799//799
f 1288//1288 506//506 1156//1156
f 1126//1126 1023//1023 1156//1156
f 1093//1093 1346//1346 1337//1337
f 1033//1033 1337//1337 1160//1160
f 1033//1033 887//887 1337//1337
f 1180//1180 1162//1162 833//833
f 712//712 833//833 1162//1162
f 1162//1162 713//713 712//712
f 648//648 1178//1178 647//647
f 845//845 1180//1180 833//833
f 835//835 845//845 833//833
f 835//835 1381//1381 845//845
f 835//835 832//832 831//831
f 832//832 835//835 833//833
f 1164//1164 645//645 786//786
f 711//711 645//645 1162//1162
f 846//846 1381//1381 844//844
f 1120//1120 1167//1167 792//792
f 1166//1166 786//786 1125//1125
f 1125//1125 788//788 1166//1166
f 788//788 1165//1165 1166//1166
f 847//847 868//868 567//567
f 567//567 849//849 847//847
f 848//848 849//849 567//567
f 849//849 1125//1125 1163//1163
f 1168//1168 867//867 854//854
f 1168//1168 854//854 980//980
f 1025//1025 1029//1029 590//590
f 1025//1025 590//590 577//577
f 1025//1025 577//577 573//573
f 560//560 1192//1192 559//559
f 1271//1271 851//851 1198//1198
f 855//855 865//865 854//854
f 1154//1154 865//865 855//855
f 1154//1154 873//873 865//865
f 564//564 592//592 500//500
f 1370//1370 1023//1023 1170//1170
f 1031//1031 1171//1171 514//514
f 1194//1194 514//514 1171//1171
f 913//913 558//558 513//513
f 558//558 839//839 557//557
f 557//557 839//839 1172//1172
f 558//558 1173//1173 839//839
f 1172//1172 839//839 1181//1181
f 1172//1172 591//591 557//557
f 591//591 1172//1172 1181//1181
f 587//587 679//679 1194//1194
f 563//563 1175//1175 1191//1191
f 681//681 1192//1192 560//560
f 839//839 1173//1173 842//842
f 572//572 1178//1178 711//711
f 1179//1179 917//917 572//572
f 572//572 1179//1179 1177//1177
f 1177//1177 842//842 1173//1173
f 1177//1177 1179//1179 842//842
f 1179//1179 921//921 922//922
f 1167//1167 645//645 919//919
f 1182//1182 1093//1093 515//515
f 1182//1182 515//515 892//892
f 1025//1025 532//532 559//559
f 1025//1025 573//573 574//574
f 790//790 1128//1128 1132//1132
f 1127//1127 791//791 1126//1126
f 790//790 791//791 1127//1127
f 1158//1158 798//798 791//791
f 1184//1184 1016//1016 1393//1393
f 1095//1095 1018//1018 1364//1364
f 1185//1185 470//470 550//550
f 760//760 777//777 1391//1391
f 550//550 551//551 1072//1072
f 551//551 550//550 470//470
f 757//757 733//733 875//875
f 719//719 751//751 750//750
f 935//935 598//598 718//718
f 935//935 501//501 605//605
f 555//555 501//501 935//935
f 911//911 1199//1199 910//910
f 911//911 909//909 1199//1199
f 911//911 910//910 665//665
f 911//911 665//665 676//676
f 1188//1188 659//659 1187//1187
f 1040//1040 1114//1114 1039//1039
f 1040//1040 1039//1039 1188//1188
f 888//888 887//887 889//889
f 907//907 887//887 888//888
f 475//475 535//535 916//916
f 475//475 916//916 1030//1030
f 560//560 930//930 478//478
f 682//682 1192//1192 681//681
f 1175//1175 690//690 1029//1029
f 583//583 685//685 500//500
f 1190//1190 563//563 685//685
f 563//563 1190//1190 693//693
f 1190//1190 685//685 583//583
f 584//584 1190//1190 583//583
f 500//500 592//592 591//591
f 1152//1152 868//868 847//847
f 502//502 567//567 980//980
f 1381//1381 843//843 846//846
f 846//846 843//843 984//984
f 922//922 841//841 1179//1179
f 841//841 842//842 1179//1179
f 841//841 839//839 842//842
f 1154//1154 854//854 867//867
f 1153//1153 870//870 1270//1270
f 1270//1270 868//868 1153//1153
f 1270//1270 867//867 868//868
f 563//563 564//564 685//685
f 564//564 683//683 565//565
f 564//564 563//563 683//683
f 684//684 683//683 563//563
f 914//914 531//531 915//915
f 701//701 1191//1191 681//681
f 1029//1029 681//681 1191//1191
f 564//564 500//500 686//686
f 686//686 500//500 685//685
f 564//564 686//686 685//685
f 592//592 564//564 557//557
f 513//513 684//684 531//531
f 513//513 561//561 684//684
f 680//680 912//912 681//681
f 1177//1177 912//912 680//680
f 680//680 681//681 560//560
f 1029//1029 1192//1192 682//682
f 1029//1029 559//559 1192//1192
f 513//513 561//561 1193//1193
f 558//558 557//557 561//561
f 1177//1177 680//680 1174//1174
f 1174//1174 680//680 560//560
f 694//694 1174//1174 560//560
f 478//478 694//694 560//560
f 1189//1189 930//930 532//532
f 1025//1025 930//930 1189//1189
f 1025//1025 1189//1189 532//532
f 1169//1169 853//853 968//968
f 981//981 1169//1169 857//857
f 863//863 509//509 502//502
f 852//852 969//969 863//863
f 794//794 1152//1152 847//847
f 1161//1161 645//645 648//648
f 1167//1167 786//786 645//645
f 1178//1178 586//586 704//704
f 649//649 1195//1195 704//704
f 704//704 703//703 1178//1178
f 704//704 706//706 702//702
f 1195//1195 710//710 704//704
f 1195//1195 707//707 705//705
f 984//984 843//843 1381//1381
f 984//984 502//502 846//846
f 694//694 586//586 1196//1196
f 694//694 1177//1177 1174//1174
f 694//694 572//572 1177//1177
f 572//572 694//694 1196//1196
f 1381//1381 846//846 1180//1180
f 833//833 831//831 832//832
f 1164//1164 835//835 831//831
f 831//831 833//833 1164//1164
f 833//833 714//714 1162//1162
f 833//833 712//712 714//714
f 849//849 788//788 1125//1125
f 848//848 788//788 849//849
f 1381//1381 982//982 1165//1165
f 834//834 829//829 830//830
f 711//711 1162//1162 1180//1180
f 1180//1180 711//711 1197//1197
f 1180//1180 1197//1197 711//711
f 845//845 1381//1381 1180//1180
f 567//567 502//502 984//984
f 788//788 984//984 1165//1165
f 567//567 984//984 788//788
f 848//848 567//567 788//788
f 846//846 922//922 1180//1180
f 868//868 980//980 567//567
f 867//867 854//854 864//864
f 868//868 570//570 870//870
f 570//570 868//868 1152//1152
f 568//568 870//870 570//570
f 570//570 796//796 1138//1138
f 797//797 796//796 1145//1145
f 796//796 1144//1144 1145//1145
f 794//794 1144//1144 795//795
f 1152//1152 794//794 570//570
f 867//867 868//868 869//869
f 867//867 869//869 868//868
f 964//964 1181//1181 1169//1169
f 850//850 837//837 1181//1181
f 850//850 1181//1181 964//964
f 591//591 850//850 1198//1198
f 794//794 847//847 849//849
f 509//509 922//922 502//502
f 1199//1199 662//662 472//472
f 1199//1199 909//909 662//662
f 579//579 673//673 908//908
f 659//659 1200//1200 909//909
f 693//693 582//582 668//668
f 1200//1200 659//659 1114//1114
f 908//908 693//693 668//668
f 668//668 582//582 1049//1049
f 678//678 668//668 908//908
f 678//678 908//908 668//668
f 1201//1201 668//668 1049//1049
f 836//836 591//591 1271//1271
f 591//591 836//836 1201//1201
f 1049//1049 591//591 1201//1201
f 659//659 1188//1188 1039//1039
f 1039//1039 1114//1114 659//659
f 1200//1200 669//669 910//910
f 667//667 669//669 1200//1200
f 668//668 579//579 908//908
f 571//571 807//807 1379//1379
f 664//664 675//675 676//676
f 673//673 675//675 664//664
f 674//674 673//673 664//664
f 910//910 674//674 664//664
f 673//673 667//667 908//908
f 1202//1202 931//931 932//932
f 671//671 811//811 812//812
f 539//539 811//811 671//671
f 807//807 804//804 805//805
f 805//805 818//818 807//807
f 805//805 817//817 815//815
f 807//807 812//812 539//539
f 818//818 805//805 816//816
f 818//818 816//816 812//812
f 818//818 812//812 807//807
f 810//810 676//676 675//675
f 814//814 810//810 675//675
f 675//675 819//819 814//814
f 675//675 1207//1207 819//819
f 821//821 1208//1208 820//820
f 821//821 819//819 1207//1207
f 1207//1207 1209//1209 1208//1208
f 1207//1207 1208//1208 821//821
f 675//675 672//672 1207//1207
f 824//824 1208//1208 1209//1209
f 824//824 820//820 1208//1208
f 824//824 671//671 813//813
f 672//672 671//671 1209//1209
f 672//672 1209//1209 1207//1207
f 1206//1206 931//931 1202//1202
f 826//826 931//931 1206//1206
f 826//826 932//932 931//931
f 1044//1044 1210//1210 1055//1055
f 1044//1044 1211//1211 1210//1210
f 933//933 814//814 827//827
f 501//501 933//933 556//556
f 827//827 932//932 651//651
f 932//932 827//827 1202//1202
f 724//724 940//940 943//943
f 825//825 1319//1319 1264//1264
f 825//825 1264//1264 724//724
f 724//724 826//826 825//825
f 724//724 1216//1216 826//826
f 826//826 1216//1216 1217//1217
f 1218//1218 879//879 826//826
f 879//879 932//932 826//826
f 879//879 602//602 932//932
f 501//501 556//556 933//933
f 933//933 602//602 501//501
f 724//724 943//943 1105//1105
f 724//724 1105//1105 1216//1216
f 1218//1218 826//826 1217//1217
f 1218//1218 1105//1105 879//879
f 1105//1105 1218//1218 1217//1217
f 1217//1217 1216//1216 1105//1105
f 602//602 879//879 603//603
f 879//879 1105//1105 603//603
f 604//604 602//602 603//603
f 555//555 935//935 936//936
f 549//549 652//652 653//653
f 603//603 1105//1105 549//549
f 603//603 549//549 653//653
f 747//747 746//746 1220//1220
f 929//929 1220//1220 748//748
f 746//746 747//747 748//748
f 1220//1220 745//745 748//748
f 1220//1220 929//929 747//747
f 992//992 728//728 990//990
f 728//728 992//992 523//523
f 728//728 744//744 729//729
f 1100//1100 777//777 776//776
f 758//758 761//761 970//970
f 758//758 992//992 761//761
f 774//774 775//775 1223//1223
f 774//774 1099//1099 775//775
f 1099//1099 774//774 1223//1223
f 1011//1011 1223//1223 775//775
f 1390//1390 1223//1223 1011//1011
f 1021//1021 775//775 1099//1099
f 1232//1232 1233//1233 963//963
f 1228//1228 1234//1234 1235//1235
f 1228//1228 1235//1235 1236//1236
f 962//962 1225//1225 1229//1229
f 1233//1233 1229//1229 963//963
f 1233//1233 1247//1247 1229//1229
f 1245//1245 1246//1246 1317//1317
f 1245//1245 1317//1317 1244//1244
f 1245//1245 1244//1244 1246//1246
f 1246//1246 1243//1243 1317//1317
f 1247//1247 1334//1334 1249//1249
f 1247//1247 784//784 1229//1229
f 972//972 553//553 1250//1250
f 961//961 945//945 971//971
f 1250//1250 765//765 972//972
f 553//553 554//554 1250//1250
f 765//765 1250//1250 1251//1251
f 765//765 766//766 972//972
f 766//766 767//767 769//769
f 766//766 765//765 1251//1251
f 768//768 1251//1251 770//770
f 971//971 990//990 770//770
f 951//951 553//553 972//972
f 951//951 1109//1109 552//552
f 1109//1109 951//951 972//972
f 770//770 769//769 768//768
f 971//971 1251//1251 961//961
f 971//971 770//770 1251//1251
f 1250//1250 554//554 1251//1251
f 554//554 961//961 771//771
f 554//554 961//961 1251//1251
f 771//771 961//961 554//554
f 1237//1237 1224//1224 1279//1279
f 1252//1252 1253//1253 944//944
f 1253//1253 1113//1113 944//944
f 945//945 764//764 960//960
f 945//945 956//956 953//953
f 960//960 956//956 945//945
f 960//960 953//953 956//956
f 973//973 732//732 1106//1106
f 732//732 549//549 1106//1106
f 1107//1107 959//959 986//986
f 1233//1233 1232//1232 958//958
f 1225//1225 955//955 1232//1232
f 1097//1097 999//999 1113//1113
f 1265//1265 1247//1247 1233//1233
f 1316//1316 1317//1317 1248//1248
f 1255//1255 1317//1317 1316//1316
f 1249//1249 1227//1227 1256//1256
f 1240//1240 1243//1243 1238//1238
f 1240//1240 1315//1315 1243//1243
f 1249//1249 1256//1256 1227//1227
f 953//953 1252//1252 944//944
f 962//962 1229//1229 1237//1237
f 1352//1352 1234//1234 1231//1231
f 955//955 1225//1225 1237//1237
f 1225//1225 962//962 1237//1237
f 958//958 959//959 782//782
f 1107//1107 782//782 959//959
f 1107//1107 1106//1106 782//782
f 973//973 1106//1106 1107//1107
f 973//973 1107//1107 986//986
f 973//973 1257//1257 1258//1258
f 1274//1274 1231//1231 1230//1230
f 1235//1235 952//952 955//955
f 955//955 1279//1279 1236//1236
f 1279//1279 955//955 1237//1237
f 1236//1236 1235//1235 955//955
f 1234//1234 1352//1352 1103//1103
f 960//960 1234//1234 1103//1103
f 1235//1235 960//960 952//952
f 1235//1235 1234//1234 960//960
f 1113//1113 1253//1253 730//730
f 1113//1113 999//999 944//944
f 730//730 1253//1253 954//954
f 1253//1253 1252//1252 954//954
f 953//953 954//954 1252//1252
f 1234//1234 1230//1230 1231//1231
f 1259//1259 1234//1234 1228//1228
f 1259//1259 1228//1228 1230//1230
f 1259//1259 1230//1230 1234//1234
f 1103//1103 954//954 960//960
f 942//942 782//782 941//941
f 1228//1228 1226//1226 1230//1230
f 521//521 1262//1262 988//988
f 547//547 748//748 745//745
f 745//745 523//523 547//547
f 523//523 745//745 744//744
f 745//745 746//746 744//744
f 523//523 743//743 1261//1261
f 743//743 741//741 740//740
f 1261//1261 742//742 547//547
f 547//547 523//523 1261//1261
f 736//736 734//734 735//735
f 736//736 542//542 758//758
f 734//734 758//758 757//757
f 734//734 736//736 758//758
f 757//757 544//544 735//735
f 757//757 547//547 543//543
f 1104//1104 727//727 934//934
f 597//597 726//726 1104//1104
f 759//759 758//758 763//763
f 727//727 1262//1262 520//520
f 1254//1254 1262//1262 727//727
f 520//520 1262//1262 521//521
f 1262//1262 989//989 988//988
f 989//989 990//990 991//991
f 989//989 1262//1262 990//990
f 990//990 728//728 991//991
f 725//725 726//726 732//732
f 726//726 727//727 1104//1104
f 726//726 597//597 732//732
f 733//733 757//757 758//758
f 779//779 760//760 759//759
f 759//759 516//516 779//779
f 521//521 1104//1104 934//934
f 988//988 1098//1098 521//521
f 1263//1263 1221//1221 970//970
f 1263//1263 1222//1222 758//758
f 1263//1263 758//758 1221//1221
f 1222//1222 1263//1263 516//516
f 516//516 759//759 758//758
f 1222//1222 516//516 758//758
f 759//759 763//763 758//758
f 1263//1263 970//970 516//516
f 1221//1221 758//758 970//970
f 971//971 593//593 990//990
f 769//769 1109//1109 972//972
f 945//945 944//944 1260//1260
f 957//957 945//945 961//961
f 957//957 961//961 764//764
f 957//957 764//764 945//945
f 1100//1100 1099//1099 1223//1223
f 945//945 953//953 944//944
f 954//954 953//953 960//960
f 1247//1247 942//942 941//941
f 942//942 1247//1247 1265//1265
f 1229//1229 784//784 1279//1279
f 1232//1232 963//963 1225//1225
f 963//963 1229//1229 1225//1225
f 1265//1265 782//782 942//942
f 1265//1265 958//958 782//782
f 958//958 1265//1265 1233//1233
f 783//783 941//941 782//782
f 783//783 782//782 943//943
f 943//943 941//941 783//783
f 782//782 1106//1106 943//943
f 973//973 1257//1257 1262//1262
f 1081//1081 1084//1084 1082//1082
f 1081//1081 1082//1082 1090//1090
f 1058//1058 753//753 1061//1061
f 1102//1102 1058//1058 1061//1061
f 1104//1104 521//521 1098//1098
f 1254//1254 732//732 973//973
f 1254//1254 973//973 1262//1262
f 891//891 889//889 887//887
f 655//655 889//889 891//891
f 887//887 1033//1033 891//891
f 1168//1168 980//980 868//868
f 868//868 867//867 1168//1168
f 922//922 846//846 502//502
f 922//922 921//921 1179//1179
f 922//922 1179//1179 1180//1180
f 915//915 531//531 912//912
f 912//912 1191//1191 701//701
f 912//912 531//531 1191//1191
f 696//696 478//478 699//699
f 1176//1176 679//679 587//587
f 903//903 679//679 512//512
f 679//679 903//903 512//512
f 679//679 512//512 697//697
f 1037//1037 1033//1033 1041//1041
f 1239//1239 1242//1242 1238//1238
f 1238//1238 1246//1246 1244//1244
f 487//487 490//490 488//488
f 1272//1272 1269//1269 1275//1275
f 941//941 1264//1264 1247//1247
f 1206//1206 1205//1205 1335//1335
f 571//571 1205//1205 1206//1206
f 872//872 1270//1270 870//870
f 492//492 495//495 1130//1130
f 492//492 1130//1130 1333//1333
f 1141//1141 797//797 1384//1384
f 797//797 1141//1141 1138//1138
f 494//494 802//802 495//495
f 1270//1270 873//873 867//867
f 873//873 1154//1154 867//867
f 866//866 852//852 863//863
f 866//866 1169//1169 852//852
f 1169//1169 866//866 857//857
f 1380//1380 1201//1201 1271//1271
f 571//571 1379//1379 1201//1201
f 1242//1242 1240//1240 1238//1238
f 1273//1273 1012//1012 1313//1313
f 1000//1000 1001//1001 1012//1012
f 1273//1273 1000//1000 1012//1012
f 1004//1004 1002//1002 1012//1012
f 1013//1013 1001//1001 1000//1000
f 1000//1000 1003//1003 1013//1013
f 1014//1014 1183//1183 1276//1276
f 491//491 607//607 1117//1117
f 486//486 491//491 1117//1117
f 1117//1117 607//607 484//484
f 486//486 1117//1117 491//491
f 1096//1096 490//490 1338//1338
f 1279//1279 1228//1228 1236//1236
f 955//955 952//952 949//949
f 961//961 949//949 764//764
f 1108//1108 769//769 770//770
f 594//594 992//992 990//990
f 593//593 594//594 990//990
f 547//547 749//749 748//748
f 547//547 524//524 749//749
f 1057//1057 1280//1280 1064//1064
f 1281//1281 524//524 525//525
f 1064//1064 874//874 1082//1082
f 1064//1064 1065//1065 874//874
f 877//877 1080//1080 927//927
f 877//877 1078//1078 1080//1080
f 1183//1183 1016//1016 1286//1286
f 983//983 1325//1325 965//965
f 1156//1156 1023//1023 1028//1028
f 886//886 1288//1288 1156//1156
f 1162//1162 645//645 1164//1164
f 833//833 1162//1162 1164//1164
f 1271//1271 591//591 1198//1198
f 610//610 485//485 608//608
f 608//608 485//485 491//491
f 607//607 491//491 485//485
f 1090//1090 1084//1084 1081//1081
f 752//752 1186//1186 719//719
f 718//718 1186//1186 752//752
f 718//718 596//596 1186//1186
f 725//725 1254//1254 727//727
f 727//727 726//726 725//725
f 943//943 1106//1106 549//549
f 549//549 1105//1105 943//943
f 1108//1108 987//987 986//986
f 1108//1108 986//986 950//950
f 1109//1109 769//769 1108//1108
f 770//770 990//990 1262//1262
f 770//770 1262//1262 987//987
f 1098//1098 989//989 749//749
f 1098//1098 988//988 989//989
f 750//750 1060//1060 1281//1281
f 1057//1057 1059//1059 1362//1362
f 1059//1059 1057//1057 518//518
f 1375//1375 895//895 1117//1117
f 491//491 894//894 487//487
f 936//936 828//828 555//555
f 610//610 480//480 482//482
f 892//892 482//482 480//480
f 892//892 610//610 482//482
f 609//609 1293//1293 610//610
f 865//865 873//873 976//976
f 790//790 1295//1295 791//791
f 790//790 528//528 1295//1295
f 849//849 1139//1139 794//794
f 1138//1138 793//793 797//797
f 793//793 1138//1138 796//796
f 1297//1297 1131//1131 508//508
f 1131//1131 1297//1297 1128//1128
f 1149//1149 967//967 1148//1148
f 506//506 1288//1288 1303//1303
f 886//886 1035//1035 1160//1160
f 886//886 1156//1156 1035//1035
f 1156//1156 1037//1037 1035//1035
f 1156//1156 1028//1028 1037//1037
f 1159//1159 503//503 885//885
f 1408//1408 1404//1404 1400//1400
f 1306//1306 1408//1408 1400//1400
f 1304//1304 1306//1306 1400//1400
f 1305//1305 1400//1400 885//885
f 1305//1305 1304//1304 1400//1400
f 1300//1300 1306//1306 1294//1294
f 1266//1266 1294//1294 1344//1344
f 1266//1266 1300//1300 1294//1294
f 1348//1348 1307//1307 1294//1294
f 1344//1344 1290//1290 1266//1266
f 1344//1344 1340//1340 1290//1290
f 1309//1309 1347//1347 1005//1005
f 1005//1005 1013//1013 1003//1003
f 1000//1000 1005//1005 1003//1003
f 1310//1310 1005//1005 1000//1000
f 1273//1273 1310//1310 1000//1000
f 1012//1012 1311//1311 1313//1313
f 1313//1313 1314//1314 1242//1242
f 1314//1314 1313//1313 1311//1311
f 1241//1241 1312//1312 1274//1274
f 1249//1249 1241//1241 1274//1274
f 1249//1249 1274//1274 1227//1227
f 1240//1240 1242//1242 1315//1315
f 1242//1242 1314//1314 1315//1315
f 1249//1249 1227//1227 1247//1247
f 1315//1315 1316//1316 1243//1243
f 1243//1243 1316//1316 1248//1248
f 1255//1255 1214//1214 1317//1317
f 1255//1255 1215//1215 1214//1214
f 1215//1215 1255//1255 1316//1316
f 1215//1215 1318//1318 1214//1214
f 1214//1214 1318//1318 1204//1204
f 1321//1321 1201//1201 1323//1323
f 856//856 1325//1325 983//983
f 1324//1324 856//856 983//983
f 856//856 861//861 1325//1325
f 1325//1325 861//861 978//978
f 861//861 856//856 966//966
f 966//966 856//856 985//985
f 966//966 985//985 1148//1148
f 1326//1326 1148//1148 985//985
f 1326//1326 1149//1149 1148//1148
f 1131//1131 507//507 508//508
f 507//507 505//505 508//508
f 506//506 505//505 507//507
f 507//507 1131//1131 1128//1128
f 1130//1130 1146//1146 1333//1333
f 1183//1183 1286//1286 1276//1276
f 1275//1275 1012//1012 1002//1002
f 1275//1275 1312//1312 1012//1012
f 859//859 872//872 1150//1150
f 1226//1226 1227//1227 1230//1230
f 1227//1227 1226//1226 1228//1228
f 1227//1227 1274//1274 1230//1230
f 1334//1334 1247//1247 1264//1264
f 1227//1227 784//784 1247//1247
f 1215//1215 1334//1334 1264//1264
f 1320//1320 1264//1264 1319//1319
f 1320//1320 1215//1215 1264//1264
f 1319//1319 1321//1321 1320//1320
f 1201//1201 1321//1321 1335//1335
f 1201//1201 1335//1335 1205//1205
f 1277//1277 1183//1183 1014//1014
f 1337//1337 886//886 1160//1160
f 1337//1337 884//884 886//886
f 1340//1340 1341//1341 1308//1308
f 1083//1083 1339//1339 1338//1338
f 1338//1338 490//490 1083//1083
f 1342//1342 1341//1341 1340//1340
f 490//490 489//489 488//488
f 1340//1340 1343//1343 1342//1342
f 1340//1340 1344//1344 1292//1292
f 1340//1340 1292//1292 1343//1343
f 489//489 1096//1096 491//491
f 1096//1096 489//489 490//490
f 1294//1294 1307//1307 1344//1344
f 1293//1293 609//609 1291//1291
f 1346//1346 1291//1291 1337//1337
f 1346//1346 1093//1093 1182//1182
f 480//480 1345//1345 1182//1182
f 1304//1304 1294//1294 1306//1306
f 1291//1291 1346//1346 1182//1182
f 1182//1182 1345//1345 480//480
f 1347//1347 1308//1308 1341//1341
f 1308//1308 1347//1347 1309//1309
f 1283//1283 1338//1338 1339//1339
f 1339//1339 1336//1336 1283//1283
f 507//507 1127//1127 506//506
f 1126//1126 1156//1156 506//506
f 1291//1291 491//491 1096//1096
f 609//609 491//491 1291//1291
f 1307//1307 1292//1292 1344//1344
f 1349//1349 1348//1348 1294//1294
f 1304//1304 1349//1349 1294//1294
f 1275//1275 1274//1274 1312//1312
f 1275//1275 1269//1269 1274//1274
f 859//859 1150//1150 1350//1350
f 979//979 976//976 873//873
f 1135//1135 800//800 1150//1150
f 1135//1135 1150//1150 569//569
f 1302//1302 1322//1322 1324//1324
f 1323//1323 1201//1201 1351//1351
f 1324//1324 983//983 1302//1302
f 1201//1201 1380//1380 1351//1351
f 1380//1380 979//979 1351//1351
f 979//979 862//862 975//975
f 857//857 865//865 979//979
f 1351//1351 979//979 975//975
f 1329//1329 1146//1146 1332//1332
f 1329//1329 1140//1140 1333//1333
f 1329//1329 1333//1333 1146//1146
f 1329//1329 1332//1332 1328//1328
f 1140//1140 1329//1329 1328//1328
f 1328//1328 1330//1330 1140//1140
f 997//997 497//497 1002//1002
f 1272//1272 1002//1002 497//497
f 1002//1002 1272//1272 1275//1275
f 1269//1269 1231//1231 1274//1274
f 1269//1269 1352//1352 1231//1231
f 1353//1353 1279//1279 784//784
f 1228//1228 1279//1279 1353//1353
f 1227//1227 1353//1353 784//784
f 1227//1227 1228//1228 1353//1353
f 1201//1201 1205//1205 571//571
f 785//785 1133//1133 1144//1144
f 785//785 1144//1144 1355//1355
f 1195//1195 649//649 918//918
f 650//650 918//918 649//649
f 918//918 650//650 1356//1356
f 1167//1167 1120//1120 786//786
f 650//650 919//919 1356//1356
f 919//919 1161//1161 918//918
f 919//919 645//645 1161//1161
f 566//566 561//561 564//564
f 557//557 564//564 561//561
f 500//500 591//591 583//583
f 591//591 580//580 583//583
f 582//582 581//581 585//585
f 827//827 651//651 933//933
f 654//654 732//732 597//597
f 654//654 606//606 603//603
f 723//723 606//606 654//654
f 723//723 654//654 597//597
f 1257//1257 973//973 1258//1258
f 987//987 1262//1262 1257//1257
f 875//875 1357//1357 757//757
f 760//760 758//758 759//759
f 758//758 760//760 733//733
f 998//998 945//945 1006//1006
f 1006//1006 1260//1260 998//998
f 1223//1223 1358//1358 1100//1100
f 1358//1358 1223//1223 1390//1390
f 1140//1140 494//494 493//493
f 1140//1140 493//493 492//492
f 1011//1011 1359//1359 1009//1009
f 1011//1011 1008//1008 1359//1359
f 497//497 1359//1359 1008//1008
f 497//497 1009//1009 1359//1359
f 1022//1022 1171//1171 1056//1056
f 1022//1022 1360//1360 1171//1171
f 650//650 649//649 919//919
f 530//530 919//919 649//649
f 704//704 530//530 649//649
f 1161//1161 1195//1195 918//918
f 1161//1161 1178//1178 1195//1195
f 1170//1170 1023//1023 1158//1158
f 1102//1102 1362//1362 1058//1058
f 1362//1362 1361//1361 1058//1058
f 507//507 1128//1128 1127//1127
f 882//882 883//883 939//939
f 882//882 939//939 1053//1053
f 1056//1056 1031//1031 1032//1032
f 679//679 697//697 698//698
f 535//535 1030//1030 916//916
f 535//535 536//536 1030//1030
f 536//536 535//535 475//475
f 1118//1118 1363//1363 1055//1055
f 1386//1386 1363//1363 1118//1118
f 1044//1044 1055//1055 1363//1363
f 1211//1211 1044//1044 1363//1363
f 1363//1363 1386//1386 1211//1211
f 1280//1280 1065//1065 1064//1064
f 1282//1282 1284//1284 925//925
f 1392//1392 1285//1285 1364//1364
f 1284//1284 1365//1365 925//925
f 876//876 1366//1366 925//925
f 876//876 925//925 1365//1365
f 1367//1367 1069//1069 548//548
f 1067//1067 551//551 1367//1367
f 1067//1067 1367//1367 1376//1376
f 1283//1283 1284//1284 1282//1282
f 1284//1284 1283//1283 1336//1336
f 1284//1284 1336//1336 927//927
f 1183//1183 1277//1277 1392//1392
f 1277//1277 1285//1285 1392//1392
f 798//798 1126//1126 791//791
f 798//798 1023//1023 1126//1126
f 1368//1368 1066//1066 1111//1111
f 1111//1111 1066//1066 1065//1065
f 756//756 1062//1062 1112//1112
f 1368//1368 755//755 1067//1067
f 1067//1067 1066//1066 1368//1368
f 1067//1067 1070//1070 551//551
f 1064//1064 519//519 518//518
f 1064//1064 518//518 1057//1057
f 1281//1281 1060//1060 524//524
f 625//625 1054//1054 628//628
f 627//627 628//628 1054//1054
f 1369//1369 883//883 882//882
f 883//883 881//881 1102//1102
f 1055//1055 1371//1371 1045//1045
f 1371//1371 1055//1055 1210//1210
f 1371//1371 1210//1210 1045//1045
f 1210//1210 1048//1048 1045//1045
f 1210//1210 619//619 1048//1048
f 487//487 1083//1083 490//490
f 487//487 489//489 491//491
f 1375//1375 1117//1117 1090//1090
f 1268//1268 1375//1375 1090//1090
f 1268//1268 1090//1090 1082//1082
f 1082//1082 526//526 1268//1268
f 526//526 1375//1375 1268//1268
f 506//506 1127//1127 1126//1126
f 899//899 1372//1372 619//619
f 619//619 623//623 899//899
f 634//634 1054//1054 899//899
f 899//899 1050//1050 634//634
f 1054//1054 625//625 1372//1372
f 1054//1054 1372//1372 899//899
f 1024//1024 1370//1370 1170//1170
f 1037//1037 1373//1373 1033//1033
f 1028//1028 1373//1373 1037//1037
f 1373//1373 1028//1028 1034//1034
f 1034//1034 1028//1028 1024//1024
f 657//657 655//655 891//891
f 657//657 891//891 655//655
f 656//656 657//657 655//655
f 656//656 655//655 657//657
f 618//618 889//889 890//890
f 655//655 618//618 890//890
f 655//655 890//890 889//889
f 658//658 1048//1048 1115//1115
f 1046//1046 658//658 1055//1055
f 1046//1046 1055//1055 1045//1045
f 658//658 1046//1046 1045//1045
f 1048//1048 658//658 1045//1045
f 754//754 548//548 874//874
f 874//874 1065//1065 754//754
f 895//895 526//526 893//893
f 895//895 893//893 1117//1117
f 927//927 1365//1365 1284//1284
f 927//927 1074//1074 1101//1101
f 927//927 1374//1374 1365//1365
f 876//876 1374//1374 1101//1101
f 1101//1101 1374//1374 927//927
f 1078//1078 1087//1087 1073//1073
f 1073//1073 1079//1079 1078//1078
f 1073//1073 926//926 1079//1079
f 1367//1367 548//548 1376//1376
f 1339//1339 1083//1083 1336//1336
f 1078//1078 877//877 1083//1083
f 1083//1083 927//927 1336//1336
f 927//927 1083//1083 877//877
f 480//480 1293//1293 1182//1182
f 480//480 610//610 1293//1293
f 892//892 480//480 1182//1182
f 754//754 1376//1376 548//548
f 1067//1067 1376//1376 754//754
f 1066//1066 1067//1067 754//754
f 1066//1066 754//754 1065//1065
f 1375//1375 526//526 895//895
f 1377//1377 1089//1089 898//898
f 1377//1377 898//898 939//939
f 1377//1377 939//939 883//883
f 1378//1378 1377//1377 883//883
f 1378//1378 1089//1089 1377//1377
f 1061//1061 1089//1089 1378//1378
f 1061//1061 753//753 1089//1089
f 883//883 1061//1061 1378//1378
f 1270//1270 872//872 859//859
f 1352//1352 1269//1269 1272//1272
f 1272//1272 1020//1020 1352//1352
f 1151//1151 801//801 568//568
f 1151//1151 1137//1137 801//801
f 1151//1151 1138//1138 1137//1137
f 1138//1138 1151//1151 570//570
f 1135//1135 569//569 568//568
f 1135//1135 801//801 800//800
f 1135//1135 568//568 801//801
f 986//986 948//948 1232//1232
f 949//949 950//950 1232//1232
f 949//949 1109//1109 950//950
f 986//986 987//987 1257//1257
f 986//986 1257//1257 973//973
f 1224//1224 1237//1237 1229//1229
f 1224//1224 1229//1229 1279//1279
f 955//955 949//949 1232//1232
f 958//958 948//948 986//986
f 948//948 958//958 1232//1232
f 940//940 724//724 1264//1264
f 1264//1264 941//941 1354//1354
f 940//940 1264//1264 1354//1354
f 1354//1354 941//941 940//940
f 764//764 949//949 952//952
f 971//971 1110//1110 970//970
f 516//516 945//945 781//781
f 1271//1271 1201//1201 836//836
f 1379//1379 668//668 1201//1201
f 1379//1379 677//677 668//668
f 981//981 1380//1380 1271//1271
f 981//981 1271//1271 968//968
f 857//857 1380//1380 981//981
f 1380//1380 857//857 979//979
f 1166//1166 1165//1165 982//982
f 1381//1381 1166//1166 982//982
f 1381//1381 835//835 1164//1164
f 1381//1381 1164//1164 1166//1166
f 1271//1271 1169//1169 968//968
f 1271//1271 1198//1198 1382//1382
f 1271//1271 1382//1382 1169//1169
f 1198//1198 964//964 1169//1169
f 1169//1169 1382//1382 1198//1198
f 509//509 510//510 922//922
f 1181//1181 922//922 510//510
f 841//841 922//922 839//839
f 922//922 1181//1181 839//839
f 572//572 1180//1180 1179//1179
f 572//572 711//711 1180//1180
f 1178//1178 707//707 1195//1195
f 1178//1178 1161//1161 647//647
f 1139//1139 1144//1144 794//794
f 1139//1139 849//849 1144//1144
f 849//849 1355//1355 1144//1144
f 849//849 785//785 1355//1355
f 785//785 849//849 1163//1163
f 799//799 1383//1383 1142//1142
f 1128//1128 528//528 790//790
f 528//528 1128//1128 1297//1297
f 1142//1142 1383//1383 1145//1145
f 1383//1383 1384//1384 1145//1145
f 789//789 1384//1384 1383//1383
f 1022//1022 920//920 1360//1360
f 1022//1022 1170//1170 1158//1158
f 920//920 1022//1022 1158//1158
f 920//920 919//919 530//530
f 1167//1167 919//919 920//920
f 1171//1171 1031//1031 1056//1056
f 1194//1194 1171//1171 1360//1360
f 792//792 1385//1385 1155//1155
f 792//792 1167//1167 1385//1385
f 1167//1167 920//920 1385//1385
f 798//798 1158//1158 1023//1023
f 791//791 920//920 1158//1158
f 1295//1295 920//920 791//791
f 1166//1166 1164//1164 786//786
f 648//648 647//647 1161//1161
f 684//684 561//561 683//683
f 561//561 566//566 565//565
f 683//683 561//561 565//565
f 930//930 578//578 1026//1026
f 679//679 698//698 1194//1194
f 1196//1196 1178//1178 572//572
f 1196//1196 586//586 1178//1178
f 911//911 666//666 1388//1388
f 1388//1388 909//909 911//911
f 909//909 1388//1388 1187//1187
f 1187//1187 659//659 909//909
f 564//564 565//565 566//566
f 660//660 1386//1386 880//880
f 660//660 906//906 1386//1386
f 1043//1043 906//906 660//660
f 1038//1038 1043//1043 660//660
f 591//591 582//582 584//584
f 591//591 1049//1049 582//582
f 652//652 549//549 654//654
f 652//652 654//654 653//653
f 718//718 882//882 936//936
f 935//935 718//718 936//936
f 881//881 718//718 752//752
f 718//718 1369//1369 882//882
f 1369//1369 718//718 881//881
f 1387//1387 828//828 814//814
f 555//555 933//933 501//501
f 933//933 1387//1387 814//814
f 1387//1387 933//933 555//555
f 828//828 1387//1387 555//555
f 828//828 936//936 1212//1212
f 1388//1388 666//666 676//676
f 1388//1388 676//676 1212//1212
f 676//676 666//666 911//911
f 1062//1062 1063//1063 525//525
f 524//524 1062//1062 525//525
f 547//547 1357//1357 875//875
f 547//547 757//757 1357//1357
f 1112//1112 1062//1062 875//875
f 749//749 989//989 744//744
f 1060//1060 749//749 524//524
f 719//719 750//750 1281//1281
f 719//719 1281//1281 752//752
f 770//770 1389//1389 1108//1108
f 1389//1389 770//770 987//987
f 987//987 1108//1108 1389//1389
f 970//970 593//593 971//971
f 970//970 924//924 593//593
f 945//945 970//970 1110//1110
f 970//970 945//945 516//516
f 1260//1260 999//999 998//998
f 944//944 999//999 1260//1260
f 1021//1021 999//999 1097//1097
f 1021//1021 1097//1097 1020//1020
f 551//551 470//470 1071//1071
f 551//551 1071//1071 1069//1069
f 1391//1391 777//777 1100//1100
f 1100//1100 1358//1358 1390//1390
f 1391//1391 1390//1390 1095//1095
f 1391//1391 1100//1100 1390//1390
f 1069//1069 470//470 926//926
f 1073//1073 1069//1069 926//926
f 926//926 470//470 1079//1079
f 1391//1391 733//733 760//760
f 756//756 875//875 733//733
f 733//733 1391//1391 756//756
f 1070//1070 1067//1067 755//755
f 1070//1070 755//755 1072//1072
f 756//756 1112//1112 875//875
f 1006//1006 945//945 1260//1260
f 1017//1017 1016//1016 1010//1010
f 1015//1015 1016//1016 1017//1017
f 492//492 1333//1333 1140//1140
f 1393//1393 1016//1016 1183//1183
f 1392//1392 1393//1393 1183//1183
f 1018//1018 1095//1095 1390//1390
f 1018//1018 1390//1390 1011//1011
f 1184//1184 1010//1010 1016//1016
f 1184//1184 1009//1009 1010//1010
f 1018//1018 1009//1009 1184//1184
f 496//496 1364//1364 1018//1018
f 1393//1393 1018//1018 1184//1184
f 1393//1393 496//496 1018//1018
f 1393//1393 1392//1392 496//496
f 496//496 1392//1392 1364//1364
f 1366//1366 1094//1094 925//925
f 1020//1020 1272//1272 1007//1007
f 1272//1272 499//499 1007//1007
f 1129//1129 1331//1331 1147//1147
f 1147//1147 1331//1331 1296//1296
f 1409//1409 1005//1005 1310//1310
f 1273//1273 1409//1409 1310//1310
f 1243//1243 1246//1246 1238//1238
f 1243//1243 1248//1248 1317//1317
f 1317//1317 1214//1214 1219//1219
f 1204//1204 1414//1414 1214//1214
f 1204//1204 1318//1318 1302//1302
f 1302//1302 1318//1318 1322//1322
f 1302//1302 1414//1414 1204//1204
f 1299//1299 1301//1301 1147//1147
f 1299//1299 974//974 967//967
f 1129//1129 1147//1147 1301//1301
f 1347//1347 1013//1013 1005//1005
f 1407//1407 1005//1005 1308//1308
f 1400//1400 1399//1399 1159//1159
f 1159//1159 1157//1157 503//503
f 1157//1157 504//504 503//503
f 1401//1401 1404//1404 1300//1300
f 1402//1402 1400//1400 1403//1403
f 1403//1403 1400//1400 1404//1404
f 1407//1407 1308//1308 1309//1309
f 1309//1309 1005//1005 1407//1407
f 1298//1298 1296//1296 1331//1331
f 1296//1296 1298//1298 1157//1157
f 977//977 1296//1296 1157//1157
f 1157//1157 1298//1298 504//504
f 1405//1405 1290//1290 1340//1340
f 1408//1408 1300//1300 1404//1404
f 1408//1408 1306//1306 1300//1300
f 1340//1340 1406//1406 1405//1405
f 1406//1406 1308//1308 1005//1005
f 1308//1308 1406//1406 1340//1340
f 1290//1290 1300//1300 1266//1266
f 1267//1267 1300//1300 1290//1290
f 967//967 966//966 1148//1148
f 1273//1273 1313//1313 1409//1409
f 965//965 978//978 974//974
f 965//965 1325//1325 978//978
f 974//974 858//858 967//967
f 974//974 1299//1299 977//977
f 974//974 978//978 858//858
f 1149//1149 1326//1326 1327//1327
f 1301//1301 967//967 1149//1149
f 1219//1219 1412//1412 1244//1244
f 1219//1219 1213//1213 1412//1412
f 1317//1317 1219//1219 1244//1244
f 1411//1411 1242//1242 1239//1239
f 1244//1244 1239//1239 1238//1238
f 1244//1244 1411//1411 1239//1239
f 1203//1203 1214//1214 1414//1414
f 1203//1203 1219//1219 1214//1214
f 1414//1414 983//983 965//965
f 983//983 1414//1414 1302//1302
f 1203//1203 1213//1213 1219//1219
f 1213//1213 1203//1203 1289//1289
f 1414//1414 1413//1413 1203//1203
f 1413//1413 1289//1289 1203//1203
f 965//965 974//974 1157//1157
f 965//965 1287//1287 1414//1414
f 1414//1414 1287//1287 1278//1278
f 1416//1416 1414//1414 1278//1278
f 1416//1416 1278//1278 1287//1287
f 1299//1299 1296//1296 977//977
f 1296//1296 1299//1299 1147//1147
f 1299//1299 967//967 1301//1301
f 1400//1400 1402//1402 1399//1399
f 1159//1159 1415//1415 1157//1157
f 1159//1159 1399//1399 1415//1415
f 1415//1415 1399//1399 1287//1287
f 1415//1415 965//965 1157//1157
f 965//965 1415//1415 1287//1287
f 977//977 1157//1157 974//974
f 1402//1402 1416//1416 1287//1287
f 1402//1402 1287//1287 1399//1399
f 1417//1417 1416//1416 1403//1403
f 1403//1403 1416//1416 1402//1402
f 1395//1395 1396//1396 1404//1404
f 1401//1401 1395//1395 1404//1404
f 1404//1404 1417//1417 1403//1403
f 1417//1417 1404//1404 1396//1396
f 1396//1396 1395//1395 1417//1417
f 1394//1394 1414//1414 1417//1417
f 1394//1394 1417//1417 1395//1395
f 1417//1417 1414//1414 1416//1416
f 1395//1395 1414//1414 1394//1394
f 1413//1413 1414//1414 1395//1395
f 1410//1410 1300//1300 1267//1267
f 1289//1289 1300//1300 1410//1410
f 1289//1289 1397//1397 1300//1300
f 1289//1289 1413//1413 1401//1401
f 1401//1401 1397//1397 1289//1289
f 1397//1397 1401//1401 1300//1300
f 1413//1413 1395//1395 1401//1401
f 1410//1410 1267//1267 1290//1290
f 1290//1290 1405//1405 1410//1410
f 1213//1213 1289//1289 1410//1410
f 1405//1405 1411//1411 1410//1410
f 1244//1244 1410//1410 1411//1411
f 1410//1410 1412//1412 1213//1213
f 1410//1410 1244//1244 1412//1412
f 1129//1129 1327//1327 1331//1331
f 1005//1005 1409//1409 1398//1398
f 1398//1398 1406//1406 1005//1005
f 1405//1405 1406//1406 1398//1398
f 1409//1409 1313//1313 1398//1398
f 1398//1398 1313//1313 1242//1242
f 1411//1411 1398//1398 1242//1242
f 1411//1411 1405//1405 1398//1398
f 1149//1149 1327//1327 1129//1129
f 1301//1301 1149//1149 1129//1129
f 1580//1580 1686//1686 1579//1579
f 1686//1686 1687//1687 1579//1579
f 1425//1425 1427//1427 1428//1428
f 1437//1437 1438//1438 1650//1650
f 1442//1442 1439//1439 2279//2279
f 1446//1446 2053//2053 1443//1443
f 1445//1445 1443//1443 2053//2053
f 1447//1447 1441//1441 1442//1442
f 1441//1441 1445//1445 1442//1442
f 2330//2330 1450//1450 1449//1449
f 1426//1426 1425//1425 1428//1428
f 1465//1465 1466//1466 1467//1467
f 1466//1466 1468//1468 1467//1467
f 1426//1426 1469//1469 1467//1467
f 1426//1426 1467//1467 2166//2166
f 1469//1469 1465//1465 1467//1467
f 1427//1427 1425//1425 1426//1426
f 1427//1427 1426//1426 2164//2164
f 1427//1427 1469//1469 1428//1428
f 1426//1426 1428//1428 1469//1469
f 2166//2166 1467//1467 1468//1468
f 1471//1471 1473//1473 1472//1472
f 1480//1480 1482//1482 1486//1486
f 1480//1480 1481//1481 1483//1483
f 1482//1482 1480//1480 1484//1484
f 1482//1482 1485//1485 1486//1486
f 1485//1485 1482//1482 1487//1487
f 1486//1486 1744//1744 1747//1747
f 1486//1486 1485//1485 1488//1488
f 2123//2123 1489//1489 2122//2122
f 1489//1489 1490//1490 1491//1491
f 1489//1489 2123//2123 1492//1492
f 1490//1490 1493//1493 1491//1491
f 1490//1490 1489//1489 1494//1494
f 1493//1493 1495//1495 1496//1496
f 1495//1495 1493//1493 1497//1497
f 1495//1495 1746//1746 1498//1498
f 1760//1760 1742//1742 1746//1746
f 1515//1515 1600//1600 1525//1525
f 1517//1517 1518//1518 1516//1516
f 1754//1754 1517//1517 1519//1519
f 1699//1699 1672//1672 1980//1980
f 1536//1536 1534//1534 1508//1508
f 1508//1508 1537//1537 1536//1536
f 1536//1536 1533//1533 1534//1534
f 1548//1548 2516//2516 2613//2613
f 1555//1555 1553//1553 1538//1538
f 1549//1549 1684//1684 1558//1558
f 1513//1513 1514//1514 1549//1549
f 1562//1562 1564//1564 1563//1563
f 1564//1564 1562//1562 1559//1559
f 1564//1564 1560//1560 2415//2415
f 1457//1457 1559//1559 1986//1986
f 1559//1559 1566//1566 1986//1986
f 1561//1561 1572//1572 1566//1566
f 1561//1561 1559//1559 1562//1562
f 1562//1562 1563//1563 1572//1572
f 1572//1572 1573//1573 1567//1567
f 1572//1572 1561//1561 1562//1562
f 1563//1563 1565//1565 1574//1574
f 1573//1573 1572//1572 1563//1563
f 1573//1573 1574//1574 1567//1567
f 1565//1565 1564//1564 1570//1570
f 1565//1565 1570//1570 1574//1574
f 1565//1565 1563//1563 1564//1564
f 1574//1574 1573//1573 1563//1563
f 1575//1575 1564//1564 1574//1574
f 1575//1575 1574//1574 1570//1570
f 1575//1575 1570//1570 1564//1564
f 1564//1564 1567//1567 1574//1574
f 1560//1560 1564//1564 2415//2415
f 1567//1567 1986//1986 1571//1571
f 1566//1566 1571//1571 1986//1986
f 1566//1566 1559//1559 1561//1561
f 1567//1567 1566//1566 1572//1572
f 1566//1566 1567//1567 1571//1571
f 1559//1559 1576//1576 1568//1568
f 1711//1711 1987//1987 1582//1582
f 1992//1992 1881//1881 1711//1711
f 1583//1583 1587//1587 1586//1586
f 1454//1454 1587//1587 1453//1453
f 1462//1462 1587//1587 1461//1461
f 1587//1587 1462//1462 1453//1453
f 1532//1532 1538//1538 1553//1553
f 2405//2405 1590//1590 1591//1591
f 1589//1589 1591//1591 1590//1590
f 1537//1537 1991//1991 1535//1535
f 1536//1536 1537//1537 1535//1535
f 1600//1600 1599//1599 1525//1525
f 1600//1600 2089//2089 1599//1599
f 1609//1609 2183//2183 1607//1607
f 1610//1610 1605//1605 1617//1617
f 2183//2183 1617//1617 1605//1605
f 1607//1607 2183//2183 1605//1605
f 1608//1608 2183//2183 1609//1609
f 1609//1609 1606//1606 2271//2271
f 1614//1614 2265//2265 1610//1610
f 1614//1614 1611//1611 1615//1615
f 1611//1611 1614//1614 1610//1610
f 1615//1615 2265//2265 1614//1614
f 1615//1615 1616//1616 2184//2184
f 1617//1617 1611//1611 1610//1610
f 1616//1616 1615//1615 1611//1611
f 1617//1617 2184//2184 1616//1616
f 1618//1618 1612//1612 2183//2183
f 1618//1618 2183//2183 1608//1608
f 1608//1608 1609//1609 2271//2271
f 1606//1606 1610//1610 1619//1619
f 1613//1613 1610//1610 2265//2265
f 1610//1610 1613//1613 2265//2265
f 2265//2265 1619//1619 1610//1610
f 2184//2184 2265//2265 1615//1615
f 2271//2271 1966//1966 1608//1608
f 1429//1429 2271//2271 1619//1619
f 1606//1606 1619//1619 2271//2271
f 1632//1632 1630//1630 1628//1628
f 2254//2254 1631//1631 1629//1629
f 2264//2264 2254//2254 1629//1629
f 1629//1629 1631//1631 1436//1436
f 1630//1630 2250//2250 1631//1631
f 1636//1636 1635//1635 1639//1639
f 1635//1635 1638//1638 1637//1637
f 1638//1638 1995//1995 1639//1639
f 1639//1639 1995//1995 1636//1636
f 2366//2366 1633//1633 1635//1635
f 1640//1640 2366//2366 1635//1635
f 1639//1639 1637//1637 1638//1638
f 1635//1635 1637//1637 1639//1639
f 1645//1645 1647//1647 1646//1646
f 1515//1515 1525//1525 1600//1600
f 1654//1654 1934//1934 1656//1656
f 1934//1934 1657//1657 1656//1656
f 1657//1657 2179//2179 1656//1656
f 1658//1658 1667//1667 1668//1668
f 1658//1658 1668//1668 1663//1663
f 1667//1667 1662//1662 1659//1659
f 1668//1668 1659//1659 1661//1661
f 1659//1659 1668//1668 1667//1667
f 1661//1661 1659//1659 1668//1668
f 1660//1660 1662//1662 1670//1670
f 1660//1660 2416//2416 1662//1662
f 1663//1663 1665//1665 1664//1664
f 1664//1664 1658//1658 1663//1663
f 1658//1658 1666//1666 1667//1667
f 1659//1659 1671//1671 1668//1668
f 1662//1662 2416//2416 1659//1659
f 1670//1670 2416//2416 1660//1660
f 1679//1679 2416//2416 1670//1670
f 1667//1667 1670//1670 1662//1662
f 1666//1666 1658//1658 1664//1664
f 1665//1665 1666//1666 1664//1664
f 1666//1666 1670//1670 1667//1667
f 2416//2416 1671//1671 1659//1659
f 1663//1663 1668//1668 1671//1671
f 1672//1672 1699//1699 1532//1532
f 1680//1680 1675//1675 1681//1681
f 1681//1681 1676//1676 1680//1680
f 1847//1847 1675//1675 1680//1680
f 1514//1514 1681//1681 1675//1675
f 1558//1558 1684//1684 1681//1681
f 1558//1558 1513//1513 1512//1512
f 1513//1513 1558//1558 1514//1514
f 1681//1681 1514//1514 1558//1558
f 1513//1513 1558//1558 1512//1512
f 1424//1424 1990//1990 1579//1579
f 1579//1579 1990//1990 1580//1580
f 1687//1687 1704//1704 1424//1424
f 1691//1691 1689//1689 1690//1690
f 1691//1691 1690//1690 1692//1692
f 1690//1690 1689//1689 1692//1692
f 1586//1586 1587//1587 1454//1454
f 1586//1586 1455//1455 1695//1695
f 1586//1586 1454//1454 1455//1455
f 1458//1458 1697//1697 1568//1568
f 1584//1584 1585//1585 1583//1583
f 1587//1587 1583//1583 1585//1585
f 1585//1585 1588//1588 1587//1587
f 1988//1988 1462//1462 1461//1461
f 1461//1461 1459//1459 2381//2381
f 1554//1554 1699//1699 1557//1557
f 2417//2417 1982//1982 1679//1679
f 1699//1699 1980//1980 1982//1982
f 1703//1703 1708//1708 1470//1470
f 1470//1470 1704//1704 1703//1703
f 1537//1537 1508//1508 1418//1418
f 1688//1688 2401//2401 1692//1692
f 1691//1691 1710//1710 1689//1689
f 1691//1691 1692//1692 1505//1505
f 1505//1505 1688//1688 1710//1710
f 1710//1710 1691//1691 1505//1505
f 1710//1710 1692//1692 1689//1689
f 1688//1688 1692//1692 1710//1710
f 1692//1692 1688//1688 1505//1505
f 1712//1712 1713//1713 1714//1714
f 1716//1716 1714//1714 1994//1994
f 1717//1717 1726//1726 1727//1727
f 1713//1713 1718//1718 1714//1714
f 1713//1713 1717//1717 1718//1718
f 1713//1713 1712//1712 1726//1726
f 1714//1714 1718//1718 2406//2406
f 1714//1714 1716//1716 1712//1712
f 1721//1721 1717//1717 1727//1727
f 1722//1722 1721//1721 1727//1727
f 1722//1722 1727//1727 1723//1723
f 1722//1722 1724//1724 1721//1721
f 1724//1724 1722//1722 1723//1723
f 1724//1724 2406//2406 1718//1718
f 1724//1724 1718//1718 1717//1717
f 1634//1634 1720//1720 1636//1636
f 1634//1634 1636//1636 1641//1641
f 1725//1725 1723//1723 1727//1727
f 1725//1725 1634//1634 1641//1641
f 1723//1723 1725//1725 2368//2368
f 1738//1738 1737//1737 1732//1732
f 1732//1732 1736//1736 2009//2009
f 2012//2012 1736//1736 1732//1732
f 1732//1732 2012//2012 1734//1734
f 1483//1483 1484//1484 1480//1480
f 1484//1484 1483//1483 2020//2020
f 1484//1484 1487//1487 1482//1482
f 1487//1487 1484//1484 1743//1743
f 1487//1487 1488//1488 1485//1485
f 1488//1488 1487//1487 1743//1743
f 1488//1488 1744//1744 1486//1486
f 1745//1745 1497//1497 1493//1493
f 1497//1497 1746//1746 1495//1495
f 1497//1497 1745//1745 1746//1746
f 1494//1494 1745//1745 1493//1493
f 1494//1494 1748//1748 2117//2117
f 1748//1748 1494//1494 1489//1489
f 1748//1748 1492//1492 1749//1749
f 2020//2020 1743//1743 1484//1484
f 1743//1743 1744//1744 1488//1488
f 1744//1744 1743//1743 2020//2020
f 1780//1780 1592//1592 1593//1593
f 1624//1624 1429//1429 1630//1630
f 1518//1518 1517//1517 1754//1754
f 2485//2485 1518//1518 1754//1754
f 1516//1516 1755//1755 1519//1519
f 1756//1756 1758//1758 1759//1759
f 1760//1760 1761//1761 1762//1762
f 1737//1737 2012//2012 1732//1732
f 1736//1736 2010//2010 1733//1733
f 1736//1736 1765//1765 1766//1766
f 1736//1736 1766//1766 2010//2010
f 1499//1499 2298//2298 1774//1774
f 2121//2121 1760//1760 1746//1746
f 1742//1742 1498//1498 1746//1746
f 1742//1742 1773//1773 2299//2299
f 1752//1752 1524//1524 1776//1776
f 1784//1784 1593//1593 1592//1592
f 1595//1595 1781//1781 1780//1780
f 1592//1592 1781//1781 1783//1783
f 1592//1592 1594//1594 1780//1780
f 1592//1592 1780//1780 1594//1594
f 2093//2093 1786//1786 2094//2094
f 2093//2093 2094//2094 2466//2466
f 1788//1788 2055//2055 1789//1789
f 1791//1791 2486//2486 2055//2055
f 2093//2093 1793//1793 1794//1794
f 2093//2093 1795//1795 1793//1793
f 1800//1800 1797//1797 1799//1799
f 2008//2008 1804//1804 1805//1805
f 1474//1474 2092//2092 1807//1807
f 1929//1929 1451//1451 2498//2498
f 1715//1715 2379//2379 1504//1504
f 1715//1715 1712//1712 1716//1716
f 1716//1716 2379//2379 1715//1715
f 1818//1818 1817//1817 1820//1820
f 1821//1821 1818//1818 1820//1820
f 1503//1503 1816//1816 1823//1823
f 1824//1824 2327//2327 1827//1827
f 2161//2161 2154//2154 2365//2365
f 2325//2325 2331//2331 1832//1832
f 2559//2559 1831//1831 2325//2325
f 2326//2326 1831//1831 2331//2331
f 1833//1833 1831//1831 2326//2326
f 1833//1833 2325//2325 1831//1831
f 1860//1860 1846//1846 1845//1845
f 1838//1838 1839//1839 1861//1861
f 1838//1838 1837//1837 1840//1840
f 1837//1837 1861//1861 1836//1836
f 1837//1837 1836//1836 1841//1841
f 1837//1837 1838//1838 1861//1861
f 1849//1849 2420//2420 1850//1850
f 1850//1850 1848//1848 1849//1849
f 1850//1850 1851//1851 1848//1848
f 1850//1850 2420//2420 1851//1851
f 1675//1675 1852//1852 1847//1847
f 1851//1851 1853//1853 1854//1854
f 1851//1851 2420//2420 1855//1855
f 1839//1839 1855//1855 2420//2420
f 1855//1855 1839//1839 1856//1856
f 1846//1846 1843//1843 1834//1834
f 1859//1859 1858//1858 1843//1843
f 1846//1846 1859//1859 1843//1843
f 1861//1861 1844//1844 1836//1836
f 1514//1514 1675//1675 1862//1862
f 1839//1839 2420//2420 1861//1861
f 1845//1845 1846//1846 1844//1844
f 1844//1844 1861//1861 1845//1845
f 1626//1626 1962//1962 1683//1683
f 2420//2420 1849//1849 2397//2397
f 1675//1675 1847//1847 1852//1852
f 2373//2373 1867//1867 1866//1866
f 1866//1866 1867//1867 1865//1865
f 1867//1867 2367//2367 1864//1864
f 1727//1727 1720//1720 1634//1634
f 1727//1727 1634//1634 1725//1725
f 2405//2405 1870//1870 1590//1590
f 1877//1877 1875//1875 1876//1876
f 1874//1874 1876//1876 1875//1875
f 1876//1876 1874//1874 1877//1877
f 1877//1877 1874//1874 1873//1873
f 1872//1872 1874//1874 1875//1875
f 1872//1872 1875//1875 1877//1877
f 1887//1887 1888//1888 1886//1886
f 1885//1885 1889//1889 1887//1887
f 1885//1885 1887//1887 2403//2403
f 1887//1887 1886//1886 2403//2403
f 1899//1899 1912//1912 2098//2098
f 1899//1899 2098//2098 1900//1900
f 1906//1906 1908//1908 2351//2351
f 1907//1907 2103//2103 1906//1906
f 1908//1908 2080//2080 2351//2351
f 1908//1908 1906//1906 2080//2080
f 2351//2351 1907//1907 1906//1906
f 2103//2103 2097//2097 2080//2080
f 1911//1911 1912//1912 1899//1899
f 1923//1923 1928//1928 1924//1924
f 1925//1925 1928//1928 2001//2001
f 2127//2127 2140//2140 1452//1452
f 1930//1930 2127//2127 2132//2132
f 1976//1976 1974//1974 1655//1655
f 1656//1656 2179//2179 1654//1654
f 1471//1471 1943//1943 1473//1473
f 1946//1946 2180//2180 1947//1947
f 1948//1948 1653//1653 1652//1652
f 2180//2180 1942//1942 1947//1947
f 1949//1949 1978//1978 1651//1651
f 1952//1952 1950//1950 1652//1652
f 1950//1950 2180//2180 1652//1652
f 1653//1653 1952//1952 1652//1652
f 1652//1652 2180//2180 1951//1951
f 1430//1430 1431//1431 1429//1429
f 1959//1959 1632//1632 1628//1628
f 2255//2255 1628//1628 1630//1630
f 2255//2255 1630//1630 2251//2251
f 1958//1958 2190//2190 1630//1630
f 1626//1626 2579//2579 1962//1962
f 1626//1626 1963//1963 2193//2193
f 1683//1683 1966//1966 1626//1626
f 1630//1630 1429//1429 1751//1751
f 1751//1751 1955//1955 1630//1630
f 1971//1971 1707//1707 1706//1706
f 1973//1973 1605//1605 1972//1972
f 2183//2183 2184//2184 1617//1617
f 2185//2185 2184//2184 2183//2183
f 1605//1605 1973//1973 1607//1607
f 1607//1607 1973//1973 1609//1609
f 1972//1972 1609//1609 1973//1973
f 1606//1606 1609//1609 1972//1972
f 1976//1976 1655//1655 1975//1975
f 1977//1977 1974//1974 1976//1976
f 1942//1942 1978//1978 1947//1947
f 1978//1978 1942//1942 1471//1471
f 1537//1537 2401//2401 1991//1991
f 1980//1980 1672//1672 1982//1982
f 1554//1554 1538//1538 1532//1532
f 1699//1699 1554//1554 1532//1532
f 1981//1981 1554//1554 1507//1507
f 1981//1981 1538//1538 1554//1554
f 1418//1418 1538//1538 1981//1981
f 1418//1418 1981//1981 1507//1507
f 1699//1699 1568//1568 1557//1557
f 1507//1507 1557//1557 1568//1568
f 1557//1557 1507//1507 1554//1554
f 1982//1982 2415//2415 1699//1699
f 1669//1669 1679//1679 1670//1670
f 1665//1665 1663//1663 1671//1671
f 1665//1665 1670//1670 1666//1666
f 1677//1677 1983//1983 1984//1984
f 1461//1461 2381//2381 1988//1988
f 1988//1988 2381//2381 1992//1992
f 1462//1462 1988//1988 1711//1711
f 1711//1711 1582//1582 1462//1462
f 1987//1987 1989//1989 1462//1462
f 1992//1992 1711//1711 1988//1988
f 1987//1987 1462//1462 1582//1582
f 1510//1510 1509//1509 1423//1423
f 1424//1424 1579//1579 1687//1687
f 1577//1577 1702//1702 1701//1701
f 2383//2383 1577//1577 1581//1581
f 1577//1577 1701//1701 1580//1580
f 2368//2368 1993//1993 2560//2560
f 1878//1878 1996//1996 1882//1882
f 1998//1998 1784//1784 1592//1592
f 1784//1784 1998//1998 1592//1592
f 1999//1999 1784//1784 1592//1592
f 1999//1999 1592//1592 1783//1783
f 1780//1780 1593//1593 1595//1595
f 1782//1782 1781//1781 1592//1592
f 1781//1781 1592//1592 1780//1780
f 1782//1782 1592//1592 1781//1781
f 1421//1421 2588//2588 1422//1422
f 1923//1923 1925//1925 2001//2001
f 2001//2001 1928//1928 1923//1923
f 1928//1928 2223//2223 2004//2004
f 2290//2290 2006//2006 2215//2215
f 1523//1523 2008//2008 1805//1805
f 1738//1738 1732//1732 2009//2009
f 1733//1733 2009//2009 1735//1735
f 1736//1736 1733//1733 1735//1735
f 1736//1736 1735//1735 2009//2009
f 1734//1734 2012//2012 1732//1732
f 1731//1731 2012//2012 1730//1730
f 2009//2009 1733//1733 1738//1738
f 1736//1736 2119//2119 2011//2011
f 1731//1731 1736//1736 2012//2012
f 1736//1736 1731//1731 2119//2119
f 1737//1737 1730//1730 2012//2012
f 1549//1549 1514//1514 1862//1862
f 1550//1550 1549//1549 1862//1862
f 1550//1550 1862//1862 1843//1843
f 1982//1982 1672//1672 2016//2016
f 1679//1679 1669//1669 1681//1681
f 1681//1681 1669//1669 1682//1682
f 1460//1460 1645//1645 2018//2018
f 1481//1481 2020//2020 1483//1483
f 2020//2020 1481//1481 1479//1479
f 1460//1460 1527//1527 1525//1525
f 2022//2022 1601//1601 1600//1600
f 2197//2197 2119//2119 2020//2020
f 2091//2091 1596//1596 1646//1646
f 1598//1598 2091//2091 1646//1646
f 1598//1598 1597//1597 2091//2091
f 2021//2021 2023//2023 2022//2022
f 1938//1938 2024//2024 1939//1939
f 1961//1961 2026//2026 1960//1960
f 1961//1961 1960//1960 2028//2028
f 2026//2026 1961//1961 2028//2028
f 2028//2028 1960//1960 2026//2026
f 2029//2029 1938//1938 1939//1939
f 2039//2039 2038//2038 2448//2448
f 2041//2041 2042//2042 2044//2044
f 2046//2046 2041//2041 2042//2042
f 1436//1436 1631//1631 2250//2250
f 1440//1440 2053//2053 1439//1439
f 2043//2043 2057//2057 2465//2465
f 2060//2060 2061//2061 2067//2067
f 2065//2065 2066//2066 2037//2037
f 2065//2065 2059//2059 2060//2060
f 1787//1787 2092//2092 1474//1474
f 1786//1786 2093//2093 2043//2043
f 1786//1786 2043//2043 2465//2465
f 2071//2071 1808//1808 2072//2072
f 2093//2093 1787//1787 2043//2043
f 2062//2062 1474//1474 1798//1798
f 1798//1798 1474//1474 1800//1800
f 2078//2078 2493//2493 1857//1857
f 2078//2078 1857//1857 1997//1997
f 2081//2081 1898//1898 1897//1897
f 1910//1910 2084//2084 1915//1915
f 1913//1913 1542//1542 1915//1915
f 1915//1915 1542//1542 2085//2085
f 1741//1741 1522//1522 1649//1649
f 2091//2091 1741//1741 1522//1522
f 1741//1741 2091//2091 2088//2088
f 2091//2091 2020//2020 2088//2088
f 1646//1646 2090//2090 2089//2089
f 1646//1646 1460//1460 2090//2090
f 2089//2089 1600//1600 1597//1597
f 1597//1597 1598//1598 2089//2089
f 1597//1597 1601//1601 2091//2091
f 1781//1781 1999//1999 1783//1783
f 1475//1475 1523//1523 1474//1474
f 1475//1475 1772//1772 1523//1523
f 1475//1475 1999//1999 1772//1772
f 2054//2054 2050//2050 2048//2048
f 2469//2469 2056//2056 2048//2048
f 2048//2048 2049//2049 2469//2469
f 1741//1741 2095//2095 1521//1521
f 1901//1901 2103//2103 1902//1902
f 1901//1901 2097//2097 2103//2103
f 1903//1903 1901//1901 1902//1902
f 1910//1910 1463//1463 1911//1911
f 1818//1818 1821//1821 1820//1820
f 1897//1897 2377//2377 2083//2083
f 1897//1897 2083//2083 2081//2081
f 2081//2081 1897//1897 1898//1898
f 2082//2082 1898//1898 2081//2081
f 1898//1898 2082//2082 2081//2081
f 1463//1463 2081//2081 1912//1912
f 1912//1912 2083//2083 1905//1905
f 1819//1819 2110//2110 1885//1885
f 2112//2112 1819//1819 1885//1885
f 1912//1912 1911//1911 1463//1463
f 2114//2114 1905//1905 1903//1903
f 2114//2114 1912//1912 1905//1905
f 2098//2098 1912//1912 2114//2114
f 1903//1903 2098//2098 2114//2114
f 2080//2080 2097//2097 2116//2116
f 2121//2121 2117//2117 2123//2123
f 2049//2049 2048//2048 2050//2050
f 2047//2047 2511//2511 2048//2048
f 2041//2041 2044//2044 2045//2045
f 2043//2043 2041//2041 2045//2045
f 2094//2094 2055//2055 1788//1788
f 2120//2120 2121//2121 1745//1745
f 2117//2117 2120//2120 1494//1494
f 1491//1491 2122//2122 1489//1489
f 2125//2125 2133//2133 2124//2124
f 2133//2133 2126//2126 2124//2124
f 1930//1930 2140//2140 2127//2127
f 1800//1800 1474//1474 1523//1523
f 1797//1797 1796//1796 1799//1799
f 1802//1802 1801//1801 2141//2141
f 2503//2503 1451//1451 2132//2132
f 2498//2498 1451//1451 2503//2503
f 2132//2132 2151//2151 2146//2146
f 2132//2132 2146//2146 1931//1931
f 1929//1929 2151//2151 2132//2132
f 2140//2140 2139//2139 2138//2138
f 1452//1452 2140//2140 2138//2138
f 2145//2145 2143//2143 2146//2146
f 2124//2124 2126//2126 2504//2504
f 2504//2504 2392//2392 2124//2124
f 2127//2127 1452//1452 2126//2126
f 2126//2126 2281//2281 2504//2504
f 1452//1452 2281//2281 2126//2126
f 2132//2132 2127//2127 2126//2126
f 1929//1929 2144//2144 2131//2131
f 2145//2145 2146//2146 2143//2143
f 2140//2140 1930//1930 1931//1931
f 1931//1931 1930//1930 2132//2132
f 1931//1931 2146//2146 2140//2140
f 2275//2275 1452//1452 2138//2138
f 2132//2132 1451//1451 1929//1929
f 2141//2141 2138//2138 2146//2146
f 2146//2146 2138//2138 2139//2139
f 2392//2392 2150//2150 2124//2124
f 2125//2125 2124//2124 2150//2150
f 2144//2144 2146//2146 2151//2151
f 2141//2141 2146//2146 2144//2144
f 2156//2156 2171//2171 2167//2167
f 2365//2365 2156//2156 2167//2167
f 2156//2156 2155//2155 2171//2171
f 2154//2154 2363//2363 2155//2155
f 1464//1464 1673//1673 2390//2390
f 1990//1990 1424//1424 1704//1704
f 2390//2390 1990//1990 1704//1704
f 2390//2390 1704//1704 1464//1464
f 1673//1673 1672//1672 1532//1532
f 2365//2365 2167//2167 2161//2161
f 2162//2162 2363//2363 2154//2154
f 2154//2154 2161//2161 2162//2162
f 2159//2159 2359//2359 2163//2163
f 1507//1507 1455//1455 1692//1692
f 1507//1507 1695//1695 1455//1455
f 1426//1426 2165//2165 2164//2164
f 1423//1423 1426//1426 2015//2015
f 2165//2165 1423//1423 2160//2160
f 1536//1536 1991//1991 1533//1533
f 1536//1536 1535//1535 1991//1991
f 1708//1708 1707//1707 1470//1470
f 1686//1686 1703//1703 1704//1704
f 1704//1704 1687//1687 1686//1686
f 1426//1426 2166//2166 2015//2015
f 2166//2166 1468//1468 2013//2013
f 1426//1426 1423//1423 2165//2165
f 1990//1990 2390//2390 1533//1533
f 1971//1971 1970//1970 1707//1707
f 1470//1470 1707//1707 1970//1970
f 1705//1705 1700//1700 1706//1706
f 1577//1577 1707//1707 1702//1702
f 1707//1707 1577//1577 1705//1705
f 1577//1577 2383//2383 1705//1705
f 2013//2013 2168//2168 2166//2166
f 2167//2167 2171//2171 2168//2168
f 2013//2013 2167//2167 2168//2168
f 2173//2173 2166//2166 2168//2168
f 2173//2173 2171//2171 2169//2169
f 2014//2014 2173//2173 2174//2174
f 2176//2176 2175//2175 2155//2155
f 2155//2155 2363//2363 2176//2176
f 1511//1511 2014//2014 2174//2174
f 2177//2177 1511//1511 2172//2172
f 2178//2178 1673//1673 1464//1464
f 1673//1673 2179//2179 1657//1657
f 1673//1673 1674//1674 1672//1672
f 1674//1674 1673//1673 1657//1657
f 1952//1952 1511//1511 2174//2174
f 2174//2174 2173//2173 2169//2169
f 2175//2175 2180//2180 2174//2174
f 1950//1950 1952//1952 2174//2174
f 2174//2174 2180//2180 1950//1950
f 1511//1511 1940//1940 2177//2177
f 1511//1511 2177//2177 2172//2172
f 2179//2179 1673//1673 2178//2178
f 1472//1472 2266//2266 2182//2182
f 1608//1608 2309//2309 2183//2183
f 1608//1608 2183//2183 1612//1612
f 2309//2309 1946//1946 1949//1949
f 2183//2183 1949//1949 2186//2186
f 2185//2185 2183//2183 2186//2186
f 2183//2183 2309//2309 1949//1949
f 2187//2187 1974//1974 2308//2308
f 2187//2187 1655//1655 1974//1974
f 1608//1608 1612//1612 1618//1618
f 1430//1430 2269//2269 2184//2184
f 1862//1862 1856//1856 1839//1839
f 1856//1856 1847//1847 1853//1853
f 1856//1856 1675//1675 1847//1847
f 1856//1856 1862//1862 1675//1675
f 1549//1549 1558//1558 1513//1513
f 2271//2271 1620//1620 1966//1966
f 2271//2271 1966//1966 1620//1620
f 1626//1626 1966//1966 2193//2193
f 1963//1963 1626//1626 2193//2193
f 1622//1622 1621//1621 1623//1623
f 1939//1939 2191//2191 2190//2190
f 2029//2029 1939//1939 2190//2190
f 2029//2029 2190//2190 1961//1961
f 1622//1622 2194//2194 2192//2192
f 1623//1623 2192//2192 1624//1624
f 1623//1623 1621//1621 1622//1622
f 1622//1622 1623//1623 2191//2191
f 1939//1939 1968//1968 1622//1622
f 1622//1622 2191//2191 1939//1939
f 1969//1969 1623//1623 1624//1624
f 2191//2191 1623//1623 1969//1969
f 2194//2194 1624//1624 2192//2192
f 2192//2192 1623//1623 1622//1622
f 2191//2191 1969//1969 1624//1624
f 2190//2190 2191//2191 1624//1624
f 2190//2190 1624//1624 1630//1630
f 1510//1510 2015//2015 1509//1509
f 2308//2308 1602//1602 2307//2307
f 1602//1602 1511//1511 2307//2307
f 1966//1966 2188//2188 1608//1608
f 1964//1964 2194//2194 1622//1622
f 1960//1960 1961//1961 1632//1632
f 1961//1961 1960//1960 1632//1632
f 2197//2197 2199//2199 2396//2396
f 2199//2199 2197//2197 2292//2292
f 1476//1476 2201//2201 1477//1477
f 1922//1922 1478//1478 2204//2204
f 1476//1476 2203//2203 2237//2237
f 1476//1476 1477//1477 2201//2201
f 2205//2205 2491//2491 2206//2206
f 1729//1729 1730//1730 1737//1737
f 2204//2204 1478//1478 2205//2205
f 2491//2491 2201//2201 2206//2206
f 2491//2491 1769//1769 2201//2201
f 2583//2583 2284//2284 2302//2302
f 1500//1500 2296//2296 2209//2209
f 2202//2202 1770//1770 1922//1922
f 2206//2206 2202//2202 2204//2204
f 2202//2202 2206//2206 2201//2201
f 1500//1500 2297//2297 2296//2296
f 2217//2217 2221//2221 2569//2569
f 2217//2217 2213//2213 2212//2212
f 2214//2214 2212//2212 2213//2213
f 2214//2214 2231//2231 2216//2216
f 2216//2216 2217//2217 2214//2214
f 2214//2214 2217//2217 2212//2212
f 2215//2215 2286//2286 2003//2003
f 2585//2585 2003//2003 1524//1524
f 1776//1776 1524//1524 1804//1804
f 2218//2218 2217//2217 2216//2216
f 2217//2217 2219//2219 2220//2220
f 2219//2219 2217//2217 2218//2218
f 2220//2220 2221//2221 2217//2217
f 2220//2220 2219//2219 2221//2221
f 2002//2002 2247//2247 2222//2222
f 2227//2227 2004//2004 2223//2223
f 2223//2223 2224//2224 2227//2227
f 2229//2229 2227//2227 2224//2224
f 2007//2007 2229//2229 2226//2226
f 2229//2229 2007//2007 2232//2232
f 2232//2232 2007//2007 2228//2228
f 2229//2229 2232//2232 2230//2230
f 2231//2231 2213//2213 2002//2002
f 2231//2231 2232//2232 2228//2228
f 2002//2002 2213//2213 2247//2247
f 2286//2286 2215//2215 2006//2006
f 2229//2229 1927//1927 2227//2227
f 2234//2234 2235//2235 2237//2237
f 2234//2234 2252//2252 2235//2235
f 2237//2237 2235//2235 2236//2236
f 2236//2236 2240//2240 2239//2239
f 2235//2235 2240//2240 2236//2236
f 2238//2238 2240//2240 2242//2242
f 2240//2240 2238//2238 2239//2239
f 2242//2242 2240//2240 2241//2241
f 2245//2245 2222//2222 2241//2241
f 2241//2241 2222//2222 2242//2242
f 2222//2222 2239//2239 2242//2242
f 2239//2239 2238//2238 2242//2242
f 2301//2301 2239//2239 2222//2222
f 2301//2301 2236//2236 2239//2239
f 2203//2203 2234//2234 2237//2237
f 2245//2245 2241//2241 2288//2288
f 2246//2246 1927//1927 2222//2222
f 2245//2245 2288//2288 2246//2246
f 2246//2246 2222//2222 2245//2245
f 2301//2301 2222//2222 2247//2247
f 1501//1501 1476//1476 2236//2236
f 1476//1476 2237//2237 2236//2236
f 1476//1476 1501//1501 1770//1770
f 1770//1770 2202//2202 1476//1476
f 2202//2202 2248//2248 1476//1476
f 2201//2201 1476//1476 2248//2248
f 2201//2201 2248//2248 2202//2202
f 2203//2203 1768//1768 2234//2234
f 1476//1476 1768//1768 2203//2203
f 2201//2201 1769//1769 1768//1768
f 1476//1476 2201//2201 1768//1768
f 1768//1768 2207//2207 2234//2234
f 1768//1768 2208//2208 2207//2207
f 2207//2207 2208//2208 2234//2234
f 2208//2208 1768//1768 1769//1769
f 1769//1769 2249//2249 2208//2208
f 2194//2194 1429//1429 1624//1624
f 1632//1632 1958//1958 1630//1630
f 1632//1632 2190//2190 1958//1958
f 1632//1632 1961//1961 2190//2190
f 2255//2255 1632//1632 1959//1959
f 2255//2255 1961//1961 1632//1632
f 2255//2255 1959//1959 1628//1628
f 2254//2254 1627//1627 2255//2255
f 2208//2208 1627//1627 2234//2234
f 2208//2208 2255//2255 1627//1627
f 1432//1432 1603//1603 1604//1604
f 1603//1603 1432//1432 2257//2257
f 2257//2257 2278//2278 1603//1603
f 1435//1435 1438//1438 1437//1437
f 1438//1438 2279//2279 1650//1650
f 2260//2260 2261//2261 2259//2259
f 2259//2259 2261//2261 1439//1439
f 2260//2260 2254//2254 2263//2263
f 2262//2262 2260//2260 2263//2263
f 2263//2263 2264//2264 1650//1650
f 2254//2254 2264//2264 2263//2263
f 1436//1436 2264//2264 1629//1629
f 1429//1429 1619//1619 2265//2265
f 1972//1972 1610//1610 1606//1606
f 1610//1610 1972//1972 1605//1605
f 2270//2270 2266//2266 1472//1472
f 2267//2267 2258//2258 1439//1439
f 1439//1439 2258//2258 2259//2259
f 1439//1439 2262//2262 2279//2279
f 2262//2262 1439//1439 2261//2261
f 2262//2262 2263//2263 1650//1650
f 1650//1650 2279//2279 2262//2262
f 1436//1436 1650//1650 2264//2264
f 1436//1436 1437//1437 1650//1650
f 1436//1436 2250//2250 1955//1955
f 1955//1955 2250//2250 1630//1630
f 1751//1751 1429//1429 1955//1955
f 1431//1431 1955//1955 1429//1429
f 2184//2184 2269//2269 2265//2265
f 2269//2269 1430//1430 1429//1429
f 2269//2269 1429//1429 2265//2265
f 2184//2184 2266//2266 2270//2270
f 2270//2270 1430//1430 2184//2184
f 2260//2260 2259//2259 2258//2258
f 1502//1502 2260//2260 2258//2258
f 1502//1502 2258//2258 1957//1957
f 2260//2260 2262//2262 2261//2261
f 1502//1502 2254//2254 2260//2260
f 1631//1631 2254//2254 2255//2255
f 2251//2251 1630//1630 1631//1631
f 1429//1429 2194//2194 1625//1625
f 2271//2271 1429//1429 1625//1625
f 2184//2184 2388//2388 2266//2266
f 2388//2388 2184//2184 2185//2185
f 2388//2388 2182//2182 2266//2266
f 1978//1978 1471//1471 1472//1472
f 2273//2273 2573//2573 1432//1432
f 1954//1954 1430//1430 2273//2273
f 2138//2138 2274//2274 2275//2275
f 2138//2138 2141//2141 2274//2274
f 2394//2394 2274//2274 2005//2005
f 2290//2290 2005//2005 2274//2274
f 1421//1421 2225//2225 1925//1925
f 1444//1444 1443//1443 1445//1445
f 2253//2253 2252//2252 2254//2254
f 2510//2510 1765//1765 1736//1736
f 2011//2011 2510//2510 1736//1736
f 2280//2280 1452//1452 2394//2394
f 1452//1452 2275//2275 2394//2394
f 2566//2566 2247//2247 2213//2213
f 2214//2214 2213//2213 2231//2231
f 2131//2131 2144//2144 2151//2151
f 2151//2151 1929//1929 2131//2131
f 2284//2284 1774//1774 1764//1764
f 1730//1730 2284//2284 1764//1764
f 2121//2121 1764//1764 1774//1774
f 2003//2003 2286//2286 1805//1805
f 2008//2008 1806//1806 1804//1804
f 2058//2058 2306//2306 2129//2129
f 1803//1803 1800//1800 1523//1523
f 1803//1803 1797//1797 1800//1800
f 2062//2062 1798//1798 1800//1800
f 1800//1800 1799//1799 1796//1796
f 2129//2129 2062//2062 1800//1800
f 1800//1800 1796//1796 2129//2129
f 1803//1803 2286//2286 2287//2287
f 1927//1927 2246//2246 2227//2227
f 2224//2224 2223//2223 2225//2225
f 2289//2289 2225//2225 1421//1421
f 2225//2225 2229//2229 2224//2224
f 2225//2225 2289//2289 2229//2229
f 2289//2289 2226//2226 2229//2229
f 2289//2289 1421//1421 2226//2226
f 2226//2226 1421//1421 1422//1422
f 2226//2226 1422//1422 2007//2007
f 2290//2290 2215//2215 2005//2005
f 2287//2287 2290//2290 2274//2274
f 2130//2130 2141//2141 2144//2144
f 2254//2254 2234//2234 1627//1627
f 2196//2196 1938//1938 2249//2249
f 2198//2198 1938//1938 2196//2196
f 2195//2195 2292//2292 2197//2197
f 1420//1420 1728//1728 2197//2197
f 1601//1601 1728//1728 1420//1420
f 2283//2283 2061//2061 2060//2060
f 1802//1802 2283//2283 1797//1797
f 1802//1802 2130//2130 2283//2283
f 1860//1860 1845//1845 1846//1846
f 1846//1846 1845//1845 1859//1859
f 1845//1845 2294//2294 2293//2293
f 2293//2293 2031//2031 1845//1845
f 1744//1744 2119//2119 1747//1747
f 2479//2479 1521//1521 2095//2095
f 2087//2087 2479//2479 2095//2095
f 1932//1932 1596//1596 2091//2091
f 2055//2055 1785//1785 1791//1791
f 2055//2055 2057//2057 2054//2054
f 2042//2042 2041//2041 2046//2046
f 2041//2041 2063//2063 2044//2044
f 2041//2041 2044//2044 2042//2042
f 1773//1773 1759//1759 1758//1758
f 1758//1758 1756//1756 1757//1757
f 1757//1757 1756//1756 1759//1759
f 1757//1757 1519//1519 1755//1755
f 1757//1757 1759//1759 2298//2298
f 1475//1475 1784//1784 1999//1999
f 2296//2296 1771//1771 2209//2209
f 1500//1500 2568//2568 2302//2302
f 2568//2568 1500//1500 2209//2209
f 2298//2298 2583//2583 1520//1520
f 1516//1516 2303//2303 1755//1755
f 2303//2303 1773//1773 1758//1758
f 2303//2303 1758//1758 1757//1757
f 2303//2303 1757//1757 1755//1755
f 1773//1773 2303//2303 1516//1516
f 1519//1519 1757//1757 2298//2298
f 1519//1519 1517//1517 1516//1516
f 1519//1519 2298//2298 1754//1754
f 2299//2299 1773//1773 1595//1595
f 1474//1474 2068//2068 1787//1787
f 2068//2068 1474//1474 2051//2051
f 2283//2283 2130//2130 2498//2498
f 1750//1750 2306//2306 2060//2060
f 1750//1750 2468//2468 2306//2306
f 1750//1750 2060//2060 2059//2059
f 1750//1750 2059//2059 2468//2468
f 2070//2070 2052//2052 2060//2060
f 2070//2070 2060//2060 2067//2067
f 2070//2070 2067//2067 2305//2305
f 2305//2305 2063//2063 2507//2507
f 1556//1556 1553//1553 1673//1673
f 1532//1532 1553//1553 1556//1556
f 1673//1673 1532//1532 1556//1556
f 2308//2308 1511//1511 2309//2309
f 2308//2308 2307//2307 1511//1511
f 2188//2188 2309//2309 1608//1608
f 1431//1431 1430//1430 1954//1954
f 2268//2268 1436//1436 1955//1955
f 2268//2268 1955//1955 1431//1431
f 1436//1436 2268//2268 1431//1431
f 1436//1436 1431//1431 1954//1954
f 1437//1437 1436//1436 1435//1435
f 1523//1523 1806//1806 2008//2008
f 2308//2308 2309//2309 2187//2187
f 1511//1511 1653//1653 2309//2309
f 1953//1953 1952//1952 1653//1653
f 1511//1511 1952//1952 1953//1953
f 1653//1653 1511//1511 1953//1953
f 1509//1509 2015//2015 2014//2014
f 2015//2015 2166//2166 2173//2173
f 2173//2173 2014//2014 2015//2015
f 2168//2168 2171//2171 2173//2173
f 2153//2153 2170//2170 2310//2310
f 2387//2387 2157//2157 2159//2159
f 1817//1817 1818//1818 2312//2312
f 2312//2312 2375//2375 1817//1817
f 2312//2312 1818//1818 2313//2313
f 2313//2313 2375//2375 2312//2312
f 1821//1821 1820//1820 1815//1815
f 1820//1820 1816//1816 1818//1818
f 1815//1815 1820//1820 1821//1821
f 2314//2314 1817//1817 1819//1819
f 2314//2314 1820//1820 1817//1817
f 1818//1818 1816//1816 2315//2315
f 2316//2316 1822//1822 2356//2356
f 2316//2316 1818//1818 2315//2315
f 2315//2315 1822//1822 2316//2316
f 1823//1823 1816//1816 1503//1503
f 2391//2391 2317//2317 2318//2318
f 1820//1820 2371//2371 2323//2323
f 2317//2317 2391//2391 2322//2322
f 2318//2318 2317//2317 2322//2322
f 2319//2319 1503//1503 2391//2391
f 2319//2319 2391//2391 2318//2318
f 2322//2322 1503//1503 2319//2319
f 2323//2323 1816//1816 1820//1820
f 1831//1831 1830//1830 2331//2331
f 2330//2330 2331//2331 1830//1830
f 1833//1833 2331//2331 2325//2325
f 1833//1833 2326//2326 2331//2331
f 2327//2327 1824//1824 1547//1547
f 2327//2327 1547//1547 1832//1832
f 1824//1824 1546//1546 1547//1547
f 1546//1546 1824//1824 2328//2328
f 2329//2329 1892//1892 2328//2328
f 2330//2330 1830//1830 1831//1831
f 2331//2331 2330//2330 1449//1449
f 1450//1450 1448//1448 1449//1449
f 1450//1450 2332//2332 1448//1448
f 1448//1448 2332//2332 2333//2333
f 2333//2333 2332//2332 2335//2335
f 2333//2333 2336//2336 2334//2334
f 2333//2333 2336//2336 2412//2412
f 2334//2334 2336//2336 2333//2333
f 2336//2336 2323//2323 2412//2412
f 2412//2412 1448//1448 2333//2333
f 1448//1448 2412//2412 2331//2331
f 2341//2341 2340//2340 2521//2521
f 2340//2340 2341//2341 2342//2342
f 2343//2343 2342//2342 2341//2341
f 1828//1828 1827//1827 2331//2331
f 1919//1919 1541//1541 1918//1918
f 1541//1541 1919//1919 1920//1920
f 1919//1919 1918//1918 1544//1544
f 1544//1544 1543//1543 1919//1919
f 1918//1918 1921//1921 1544//1544
f 1921//1921 1918//1918 2339//2339
f 2338//2338 2339//2339 1918//1918
f 2349//2349 2350//2350 1544//1544
f 2350//2350 1543//1543 1544//1544
f 2350//2350 2349//2349 1832//1832
f 1541//1541 1547//1547 1546//1546
f 1541//1541 1917//1917 2338//2338
f 1913//1913 1541//1541 1542//1542
f 1917//1917 1913//1913 1915//1915
f 1917//1917 1541//1541 1913//1913
f 2105//2105 1899//1899 1900//1900
f 2105//2105 1907//1907 1899//1899
f 1503//1503 2322//2322 2391//2391
f 2354//2354 1503//1503 2391//2391
f 1822//1822 2355//2355 2356//2356
f 2357//2357 1944//1944 2361//2361
f 2272//2272 1472//1472 1943//1943
f 1472//1472 2272//2272 2270//2270
f 1473//1473 1943//1943 1472//1472
f 1471//1471 1941//1941 1943//1943
f 1942//1942 1941//1941 1471//1471
f 2180//2180 2175//2175 1942//1942
f 2175//2175 2176//2176 1945//1945
f 2155//2155 2365//2365 2158//2158
f 2156//2156 2365//2365 2155//2155
f 2408//2408 1887//1887 2367//2367
f 2367//2367 1719//1719 1720//1720
f 1640//1640 1635//1635 1636//1636
f 2367//2367 1720//1720 2408//2408
f 2367//2367 1887//1887 1864//1864
f 2373//2373 2370//2370 2367//2367
f 1867//1867 2373//2373 2367//2367
f 2367//2367 2370//2370 2373//2373
f 2369//2369 2366//2366 1865//1865
f 2369//2369 1865//1865 1867//1867
f 2376//2376 1819//1819 1817//1817
f 2110//2110 2376//2376 1885//1885
f 2110//2110 1819//1819 1814//1814
f 1819//1819 2376//2376 1814//1814
f 2313//2313 1818//1818 2316//2316
f 2313//2313 2316//2316 2375//2375
f 1817//1817 2372//2372 2376//2376
f 2110//2110 1814//1814 2376//2376
f 1893//1893 2086//2086 1545//1545
f 1545//1545 1892//1892 1893//1893
f 1819//1819 1892//1892 2314//2314
f 2314//2314 1892//1892 2329//2329
f 2106//2106 1910//1910 1915//1915
f 1816//1816 2336//2336 1503//1503
f 1538//1538 1553//1553 1419//1419
f 1534//1534 1538//1538 1418//1418
f 1534//1534 1418//1418 1508//1508
f 1419//1419 1553//1553 1538//1538
f 1706//1706 1707//1707 1705//1705
f 2377//2377 1896//1896 1894//1894
f 1894//1894 1869//1869 2377//2377
f 2098//2098 1903//1903 2105//2105
f 2105//2105 1900//1900 2098//2098
f 1696//1696 1458//1458 1590//1590
f 1590//1590 1528//1528 1696//1696
f 2378//2378 2159//2159 2163//2163
f 2310//2310 2163//2163 2153//2153
f 2378//2378 2163//2163 2310//2310
f 1971//1971 2153//2153 1970//1970
f 1971//1971 2170//2170 2153//2153
f 1700//1700 1504//1504 1706//1706
f 1706//1706 1504//1504 1971//1971
f 2381//2381 1877//1877 1873//1873
f 2381//2381 2382//2382 1877//1877
f 2382//2382 1590//1590 2076//2076
f 1992//1992 2381//2381 1873//1873
f 2076//2076 1872//1872 2382//2382
f 1877//1877 2382//2382 1872//1872
f 1703//1703 1702//1702 1708//1708
f 1701//1701 1578//1578 1703//1703
f 1578//1578 1701//1701 1702//1702
f 1578//1578 1702//1702 1703//1703
f 1568//1568 1456//1456 1695//1695
f 1568//1568 1695//1695 1507//1507
f 1991//1991 2383//2383 1581//1581
f 2384//2384 1703//1703 1686//1686
f 2384//2384 1580//1580 1701//1701
f 1992//1992 1873//1873 1881//1881
f 1726//1726 1868//1868 1727//1727
f 1551//1551 1868//1868 1726//1726
f 2385//2385 1551//1551 2411//2411
f 2386//2386 1551//1551 2385//2385
f 1881//1881 2386//2386 2385//2385
f 2411//2411 1881//1881 2385//2385
f 2019//2019 1987//1987 1711//1711
f 2019//2019 1881//1881 2411//2411
f 2019//2019 1711//1711 1881//1881
f 1882//1882 2380//2380 1884//1884
f 2386//2386 2380//2380 1882//1882
f 1883//1883 1882//1882 1884//1884
f 1882//1882 1883//1883 1878//1878
f 1882//1882 1996//1996 1879//1879
f 2380//2380 1878//1878 1884//1884
f 1884//1884 1878//1878 1883//1883
f 2186//2186 2388//2388 2185//2185
f 1941//1941 1942//1942 2175//2175
f 1949//1949 2388//2388 2186//2186
f 2389//2389 1673//1673 1553//1553
f 1673//1673 2389//2389 2390//2390
f 1533//1533 2389//2389 1553//1553
f 1534//1534 1553//1553 1538//1538
f 1553//1553 1534//1534 1533//1533
f 1553//1553 1555//1555 1538//1538
f 1418//1418 1507//1507 1537//1537
f 1503//1503 2354//2354 1816//1816
f 2315//2315 2354//2354 1822//1822
f 2315//2315 1816//1816 2354//2354
f 2149//2149 2393//2393 2148//2148
f 2149//2149 2395//2395 2393//2393
f 2395//2395 2149//2149 2394//2394
f 2394//2394 2005//2005 2395//2395
f 1524//1524 1805//1805 1804//1804
f 2003//2003 1805//1805 1524//1524
f 1752//1752 2285//2285 1777//1777
f 1730//1730 1729//1729 2284//2284
f 2010//2010 1738//1738 1733//1733
f 2010//2010 1737//1737 1738//1738
f 2396//2396 2119//2119 2197//2197
f 2195//2195 2197//2197 1728//1728
f 2022//2022 1728//1728 1601//1601
f 2022//2022 2023//2023 1728//1728
f 1527//1527 1600//1600 1525//1525
f 1527//1527 2022//2022 1600//1600
f 2398//2398 2022//2022 1527//1527
f 2021//2021 2022//2022 2398//2398
f 2398//2398 1527//1527 2397//2397
f 2397//2397 1967//1967 2398//2398
f 2399//2399 1847//1847 1680//1680
f 1983//1983 1676//1676 1984//1984
f 1680//1680 1676//1676 1983//1983
f 2399//2399 1680//1680 1983//1983
f 2182//2182 1978//1978 1472//1472
f 1651//1651 1979//1979 2182//2182
f 1978//1978 1979//1979 1651//1651
f 1979//1979 1978//1978 2182//2182
f 1423//1423 2015//2015 1510//1510
f 1423//1423 1509//1509 2160//2160
f 1457//1457 1458//1458 1568//1568
f 1568//1568 1699//1699 2415//2415
f 1568//1568 2415//2415 1569//1569
f 1576//1576 1457//1457 1568//1568
f 1564//1564 1559//1559 1568//1568
f 1589//1589 1590//1590 1458//1458
f 2085//2085 1542//1542 1540//1540
f 1540//1540 2086//2086 2085//2085
f 2403//2403 2112//2112 1885//1885
f 2403//2403 1886//1886 1888//1888
f 1879//1879 1878//1878 2403//2403
f 2403//2403 1878//1878 2410//2410
f 1880//1880 1878//1878 1881//1881
f 1878//1878 2380//2380 2386//2386
f 1881//1881 1878//1878 2386//2386
f 1914//1914 1899//1899 1907//1907
f 1916//1916 2338//2338 1917//1917
f 2338//2338 1916//1916 1914//1914
f 1568//1568 1697//1697 1694//1694
f 1456//1456 1568//1568 1694//1694
f 1694//1694 1695//1695 1456//1456
f 1696//1696 1528//1528 1697//1697
f 1528//1528 1698//1698 1697//1697
f 1698//1698 1529//1529 1697//1697
f 1698//1698 1528//1528 1529//1529
f 1694//1694 1697//1697 1529//1529
f 1695//1695 1694//1694 1584//1584
f 1584//1584 1586//1586 1695//1695
f 1586//1586 1584//1584 1583//1583
f 1453//1453 1462//1462 1989//1989
f 1688//1688 1454//1454 1709//1709
f 1692//1692 1454//1454 1688//1688
f 1455//1455 1454//1454 1692//1692
f 1696//1696 1697//1697 1458//1458
f 1590//1590 1530//1530 1531//1531
f 1590//1590 2382//2382 1530//1530
f 1459//1459 1585//1585 1694//1694
f 1688//1688 1709//1709 2401//2401
f 1537//1537 1692//1692 1693//1693
f 1693//1693 2401//2401 1537//1537
f 2401//2401 1693//1693 1692//1692
f 1537//1537 1507//1507 1506//1506
f 1692//1692 1537//1537 1506//1506
f 1506//1506 1507//1507 1692//1692
f 1588//1588 1461//1461 1587//1587
f 1461//1461 1585//1585 1459//1459
f 1585//1585 1461//1461 1588//1588
f 2381//2381 1459//1459 1530//1530
f 2382//2382 2381//2381 1530//1530
f 1987//1987 2019//2019 2404//2404
f 1709//1709 1987//1987 2404//2404
f 2401//2401 2404//2404 2383//2383
f 1709//1709 2404//2404 2401//2401
f 1991//1991 2401//2401 2383//2383
f 1991//1991 1581//1581 1990//1990
f 1991//1991 1990//1990 1533//1533
f 2389//2389 1533//1533 2390//2390
f 1894//1894 2405//2405 1869//1869
f 1897//1897 1896//1896 2377//2377
f 2083//2083 1903//1903 1905//1905
f 1904//1904 2081//2081 2501//2501
f 1904//1904 1912//1912 2081//2081
f 2368//2368 2576//2576 1993//1993
f 1633//1633 2576//2576 1635//1635
f 2336//2336 1816//1816 2323//2323
f 1636//1636 1995//1995 1641//1641
f 1504//1504 2379//2379 1971//1971
f 2379//2379 1716//1716 1994//1994
f 1994//1994 2368//2368 1642//1642
f 1994//1994 1642//1642 2379//2379
f 1715//1715 1504//1504 1726//1726
f 1715//1715 1726//1726 1712//1712
f 1726//1726 1717//1717 1713//1713
f 2406//2406 1994//1994 1714//1714
f 2402//2402 2112//2112 2403//2403
f 2409//2409 2402//2402 2403//2403
f 2081//2081 2409//2409 1880//1880
f 1996//1996 1878//1878 1879//1879
f 2383//2383 1700//1700 1705//1705
f 2383//2383 2019//2019 1700//1700
f 2383//2383 2404//2404 2019//2019
f 2411//2411 1552//1552 1700//1700
f 2411//2411 1551//1551 1552//1552
f 2411//2411 1700//1700 2019//2019
f 2407//2407 1879//1879 2408//2408
f 2373//2373 1866//1866 1865//1865
f 1865//1865 1640//1640 2373//2373
f 1865//1865 2366//2366 1640//1640
f 1720//1720 1719//1719 2367//2367
f 1720//1720 2367//2367 2373//2373
f 1892//1892 1819//1819 2320//2320
f 2402//2402 1893//1893 1890//1890
f 1890//1890 1893//1893 1892//1892
f 1819//1819 1890//1890 2320//2320
f 2320//2320 1890//1890 1892//1892
f 1814//1814 1891//1891 1819//1819
f 1867//1867 1885//1885 2376//2376
f 1889//1889 1885//1885 1867//1867
f 1889//1889 1867//1867 1864//1864
f 1889//1889 1864//1864 1887//1887
f 1727//1727 1868//1868 2408//2408
f 2408//2408 1720//1720 1727//1727
f 1814//1814 1819//1819 1891//1891
f 1819//1819 2112//2112 2402//2402
f 2402//2402 1890//1890 1819//1819
f 1879//1879 1887//1887 2408//2408
f 1888//1888 1879//1879 2403//2403
f 1888//1888 1887//1887 1879//1879
f 2402//2402 2086//2086 1893//1893
f 2106//2106 2086//2086 2402//2402
f 2076//2076 1870//1870 2405//2405
f 1895//1895 1894//1894 2075//2075
f 1911//1911 2084//2084 1910//1910
f 1547//1547 1543//1543 2350//2350
f 1547//1547 2350//2350 1832//1832
f 1827//1827 1828//1828 2412//2412
f 1824//1824 2412//2412 1826//1826
f 2412//2412 1824//1824 1827//1827
f 1826//1826 1825//1825 1824//1824
f 1825//1825 2328//2328 1824//1824
f 1546//1546 1542//1542 1541//1541
f 1546//1546 1540//1540 1542//1542
f 1915//1915 2085//2085 2106//2106
f 1916//1916 1917//1917 1915//1915
f 1916//1916 1911//1911 1914//1914
f 1916//1916 1915//1915 1911//1911
f 1915//1915 2084//2084 1911//1911
f 2081//2081 1463//1463 2402//2402
f 2081//2081 2402//2402 2409//2409
f 2075//2075 2076//2076 1895//1895
f 2107//2107 2075//2075 1894//1894
f 1826//1826 2328//2328 1825//1825
f 1826//1826 2329//2329 2328//2328
f 1546//1546 2328//2328 1545//1545
f 1546//1546 1545//1545 1540//1540
f 1545//1545 2086//2086 1540//1540
f 2107//2107 2081//2081 1880//1880
f 2107//2107 2076//2076 2075//2075
f 2107//2107 1897//1897 2081//2081
f 2076//2076 2107//2107 1880//1880
f 1670//1670 1984//1984 1669//1669
f 2413//2413 1670//1670 1665//1665
f 1670//1670 2413//2413 1984//1984
f 1674//1674 1671//1671 2416//2416
f 1671//1671 1934//1934 1665//1665
f 1986//1986 1567//1567 2415//2415
f 2502//2502 1869//1869 1685//1685
f 1674//1674 2416//2416 1672//1672
f 1685//1685 1982//1982 1678//1678
f 1685//1685 2414//2414 2415//2415
f 2415//2415 1982//1982 1685//1685
f 1685//1685 1869//1869 2414//2414
f 2414//2414 2405//2405 1591//1591
f 2414//2414 1869//1869 2405//2405
f 1657//1657 1671//1671 1674//1674
f 1657//1657 1934//1934 1671//1671
f 1679//1679 2016//2016 2416//2416
f 2016//2016 1672//1672 2416//2416
f 2016//2016 1679//1679 1982//1982
f 1982//1982 1684//1684 1678//1678
f 1684//1684 1982//1982 2417//2417
f 1684//1684 1549//1549 1678//1678
f 1550//1550 2544//2544 1549//1549
f 1835//1835 1550//1550 1843//1843
f 1676//1676 1682//1682 1669//1669
f 1669//1669 1984//1984 1676//1676
f 1676//1676 1681//1681 1682//1682
f 1681//1681 1863//1863 1675//1675
f 1681//1681 1675//1675 1863//1863
f 1684//1684 1679//1679 1681//1681
f 1679//1679 1684//1684 2417//2417
f 1835//1835 1843//1843 1858//1858
f 1645//1645 1861//1861 2420//2420
f 1840//1840 1839//1839 1838//1838
f 1840//1840 1841//1841 1862//1862
f 1862//1862 1839//1839 1840//1840
f 1645//1645 2425//2425 1861//1861
f 1857//1857 2552//2552 1845//1845
f 2552//2552 1858//1858 1845//1845
f 1845//1845 1858//1858 1859//1859
f 1844//1844 1846//1846 1834//1834
f 1844//1844 1834//1834 1843//1843
f 1862//1862 1841//1841 2418//2418
f 2418//2418 1841//1841 1836//1836
f 2418//2418 1836//1836 1844//1844
f 1862//1862 1844//1844 1843//1843
f 1862//1862 2418//2418 1844//1844
f 1967//1967 2397//2397 1849//1849
f 1967//1967 1849//1849 2399//2399
f 2399//2399 1849//1849 1847//1847
f 1849//1849 1848//1848 1847//1847
f 1854//1854 1848//1848 1851//1851
f 1854//1854 1847//1847 1848//1848
f 1853//1853 1847//1847 1854//1854
f 1853//1853 1851//1851 1855//1855
f 1845//1845 1861//1861 2294//2294
f 1861//1861 1643//1643 2294//2294
f 1966//1966 1683//1683 1962//1962
f 2419//2419 1966//1966 1962//1962
f 2579//2579 1626//1626 1964//1964
f 2018//2018 2397//2397 1460//1460
f 1645//1645 2397//2397 2018//2018
f 1646//1646 2425//2425 1645//1645
f 2035//2035 1809//1809 2032//2032
f 2426//2426 2031//2031 2293//2293
f 2294//2294 2426//2426 2293//2293
f 2426//2426 2294//2294 1932//1932
f 2423//2423 2426//2426 1932//1932
f 1932//1932 2294//2294 1643//1643
f 1644//1644 1932//1932 2017//2017
f 2017//2017 1932//1932 1643//1643
f 1646//1646 1648//1648 2424//2424
f 1643//1643 1861//1861 2425//2425
f 2424//2424 2425//2425 1646//1646
f 1643//1643 2425//2425 2424//2424
f 1648//1648 1643//1643 2424//2424
f 1648//1648 2017//2017 1643//1643
f 2090//2090 1525//1525 2089//2089
f 1525//1525 1599//1599 2089//2089
f 1644//1644 1648//1648 1932//1932
f 2035//2035 2031//2031 2426//2426
f 2426//2426 2423//2423 1932//1932
f 1648//1648 1644//1644 2017//2017
f 1648//1648 1646//1646 1596//1596
f 2089//2089 1598//1598 1646//1646
f 1939//1939 2025//2025 1526//1526
f 2024//2024 2025//2025 1939//1939
f 2427//2427 2422//2422 2541//2541
f 2427//2427 2541//2541 2031//2031
f 1596//1596 1932//1932 1648//1648
f 1774//1774 1775//1775 2121//2121
f 1761//1761 1775//1775 1774//1774
f 1763//1763 1761//1761 1774//1774
f 1762//1762 1763//1763 2428//2428
f 1763//1763 1762//1762 1761//1761
f 1498//1498 1742//1742 2429//2429
f 1498//1498 1496//1496 1495//1495
f 1496//1496 1491//1491 1493//1493
f 2121//2121 2120//2120 2117//2117
f 2121//2121 1746//1746 1745//1745
f 1523//1523 2286//2286 1803//1803
f 2286//2286 1523//1523 1805//1805
f 1772//1772 1806//1806 1523//1523
f 2295//2295 1747//1747 2118//2118
f 2429//2429 1593//1593 2118//2118
f 1593//1593 2429//2429 2299//2299
f 1593//1593 2299//2299 1595//1595
f 1772//1772 1999//1999 2430//2430
f 1801//1801 1797//1797 1803//1803
f 1801//1801 1802//1802 2431//2431
f 2431//2431 1797//1797 1801//1801
f 1802//1802 1797//1797 2431//2431
f 2129//2129 1796//1796 1797//1797
f 2129//2129 1797//1797 2283//2283
f 2283//2283 2058//2058 2129//2129
f 1801//1801 2274//2274 2141//2141
f 2274//2274 1801//1801 2287//2287
f 1802//1802 2141//2141 2130//2130
f 2038//2038 2433//2433 2448//2448
f 2038//2038 2039//2039 2437//2437
f 2442//2442 2440//2440 2473//2473
f 1813//1813 2432//2432 2446//2446
f 2476//2476 2448//2448 2447//2447
f 2433//2433 2305//2305 2448//2448
f 2305//2305 2447//2447 2448//2448
f 2305//2305 2433//2433 2449//2449
f 2433//2433 2038//2038 2450//2450
f 2443//2443 2038//2038 2451//2451
f 2433//2433 2038//2038 2443//2443
f 2443//2443 2040//2040 2433//2433
f 2445//2445 2432//2432 2444//2444
f 2445//2445 2444//2444 2434//2434
f 2443//2443 2435//2435 2452//2452
f 2442//2442 2473//2473 1813//1813
f 2446//2446 2442//2442 1813//1813
f 2480//2480 2437//2437 2460//2460
f 2455//2455 2038//2038 2437//2437
f 2459//2459 2455//2455 2456//2456
f 2456//2456 2455//2455 2437//2437
f 2435//2435 2434//2434 2444//2444
f 2440//2440 2461//2461 2439//2439
f 2463//2463 2440//2440 2442//2442
f 2463//2463 2441//2441 2440//2440
f 2463//2463 2442//2442 2074//2074
f 2074//2074 2442//2442 2446//2446
f 2055//2055 2094//2094 2057//2057
f 2092//2092 1787//1787 2093//2093
f 2094//2094 2464//2464 2466//2466
f 1792//1792 2466//2466 2464//2464
f 1788//1788 2467//2467 1792//1792
f 1788//1788 2464//2464 2094//2094
f 2464//2464 1788//1788 1792//1792
f 1789//1789 1790//1790 2467//2467
f 1789//1789 2467//2467 1788//1788
f 2486//2486 1790//1790 2055//2055
f 1790//1790 1789//1789 2055//2055
f 1785//1785 2118//2118 2486//2486
f 2486//2486 1791//1791 1785//1785
f 2465//2465 2057//2057 2094//2094
f 2465//2465 2094//2094 1786//1786
f 1792//1792 2467//2467 2093//2093
f 2467//2467 2486//2486 2093//2093
f 2467//2467 1790//1790 2486//2486
f 1794//1794 1793//1793 2466//2466
f 1792//1792 2093//2093 1794//1794
f 1792//1792 1794//1794 2466//2466
f 1793//1793 2093//2093 2466//2466
f 2093//2093 1793//1793 1795//1795
f 2451//2451 2434//2434 2435//2435
f 1809//1809 1810//1810 1808//1808
f 2059//2059 2306//2306 2468//2468
f 2065//2065 2306//2306 2059//2059
f 2065//2065 2129//2129 2306//2306
f 1521//1521 1740//1740 1741//1741
f 1521//1521 1741//1741 1740//1740
f 2072//2072 2469//2469 2071//2071
f 2072//2072 1808//1808 2469//2469
f 2470//2470 1808//1808 2050//2050
f 2470//2470 2050//2050 2064//2064
f 2471//2471 2064//2064 2063//2063
f 2063//2063 2064//2064 2044//2044
f 2472//2472 1813//1813 2473//2473
f 2440//2440 2475//2475 2473//2473
f 2439//2439 2474//2474 2440//2440
f 2436//2436 2456//2456 2437//2437
f 2461//2461 2436//2436 2458//2458
f 2436//2436 2459//2459 2456//2456
f 2461//2461 2459//2459 2436//2436
f 1809//1809 2472//2472 2036//2036
f 2474//2474 2475//2475 2440//2440
f 2447//2447 2477//2477 2476//2476
f 2476//2476 2477//2477 2448//2448
f 2291//2291 2477//2477 2447//2447
f 2452//2452 2471//2471 2063//2063
f 2435//2435 2444//2444 2452//2452
f 2471//2471 2444//2444 2432//2432
f 2471//2471 2452//2452 2444//2444
f 2471//2471 2470//2470 2064//2064
f 2432//2432 2470//2470 2471//2471
f 2470//2470 1813//1813 1812//1812
f 2470//2470 2432//2432 1813//1813
f 1811//1811 2469//2469 1808//1808
f 1808//1808 1810//1810 1811//1811
f 2469//2469 1521//1521 2478//2478
f 2478//2478 1521//1521 2479//2479
f 2096//2096 2087//2087 2479//2479
f 2460//2460 2477//2477 2481//2481
f 2481//2481 2480//2480 2460//2460
f 2482//2482 2483//2483 2453//2453
f 2433//2433 2450//2450 2038//2038
f 2452//2452 2040//2040 2443//2443
f 2040//2040 2452//2452 2063//2063
f 2063//2063 2305//2305 2040//2040
f 2305//2305 2067//2067 2447//2447
f 2040//2040 2305//2305 2449//2449
f 2040//2040 2449//2449 2433//2433
f 2061//2061 2447//2447 2067//2067
f 2058//2058 2060//2060 2306//2306
f 2066//2066 2060//2060 2073//2073
f 2066//2066 2065//2065 2060//2060
f 2448//2448 2477//2477 2039//2039
f 1812//1812 2472//2472 1809//1809
f 1812//1812 1809//1809 1808//1808
f 1811//1811 2030//2030 2469//2469
f 2030//2030 2035//2035 1932//1932
f 2035//2035 2030//2030 1811//1811
f 2034//2034 1811//1811 2035//2035
f 2034//2034 2035//2035 1811//1811
f 2477//2477 2460//2460 2039//2039
f 1486//1486 1481//1481 1480//1480
f 1481//1481 1486//1486 2295//2295
f 2123//2123 1747//1747 2121//2121
f 2123//2123 1749//1749 1492//1492
f 1749//1749 2123//2123 2117//2117
f 1749//1749 2117//2117 1748//1748
f 2298//2298 1759//1759 1760//1760
f 1774//1774 2298//2298 2428//2428
f 1762//1762 2298//2298 1760//1760
f 2428//2428 1763//1763 1774//1774
f 2428//2428 2298//2298 1762//1762
f 2121//2121 1775//1775 1761//1761
f 1760//1760 2121//2121 1761//1761
f 1759//1759 1742//1742 1760//1760
f 1759//1759 1773//1773 1742//1742
f 1773//1773 1516//1516 1518//1518
f 2485//2485 1773//1773 1518//1518
f 2020//2020 2091//2091 1420//1420
f 2020//2020 1420//1420 2197//2197
f 1747//1747 2295//2295 1486//1486
f 2123//2123 2122//2122 2429//2429
f 2123//2123 2118//2118 1747//1747
f 2118//2118 2123//2123 2429//2429
f 2304//2304 1773//1773 2430//2430
f 1595//1595 1773//1773 2304//2304
f 2429//2429 1496//1496 1498//1498
f 2429//2429 1742//1742 2299//2299
f 2429//2429 1491//1491 1496//1496
f 2429//2429 2122//2122 1491//1491
f 1741//1741 2295//2295 2095//2095
f 2020//2020 1741//1741 2088//2088
f 2020//2020 1479//1479 1741//1741
f 1754//1754 2285//2285 2485//2485
f 2285//2285 1754//1754 1777//1777
f 2485//2485 2285//2285 1752//1752
f 1806//1806 1772//1772 1776//1776
f 1806//1806 1776//1776 1804//1804
f 2121//2121 1747//1747 2119//2119
f 1999//1999 2304//2304 2430//2430
f 2485//2485 2430//2430 1773//1773
f 2430//2430 2485//2485 1772//1772
f 1781//1781 1595//1595 2304//2304
f 1999//1999 1781//1781 2304//2304
f 2051//2051 1474//1474 2037//2037
f 2037//2037 1474//1474 2062//2062
f 2051//2051 1787//1787 2068//2068
f 2283//2283 2060//2060 2058//2058
f 2037//2037 2066//2066 2051//2051
f 2052//2052 2073//2073 2060//2060
f 2475//2475 2488//2488 2473//2473
f 2488//2488 2472//2472 2473//2473
f 1813//1813 2472//2472 1812//1812
f 2283//2283 2291//2291 2447//2447
f 2447//2447 2061//2061 2283//2283
f 2443//2443 2451//2451 2435//2435
f 2445//2445 2434//2434 2074//2074
f 2446//2446 2445//2445 2074//2074
f 2446//2446 2432//2432 2445//2445
f 1812//1812 1808//1808 2470//2470
f 1810//1810 1809//1809 1811//1811
f 1809//1809 2036//2036 2032//2032
f 1811//1811 1809//1809 2035//2035
f 2087//2087 2096//2096 2479//2479
f 2257//2257 2509//2509 2555//2555
f 2119//2119 1744//1744 2020//2020
f 2295//2295 2087//2087 2095//2095
f 1521//1521 2030//2030 1522//1522
f 1951//1951 2180//2180 1946//1946
f 2353//2353 2085//2085 2086//2086
f 2106//2106 2353//2353 2086//2086
f 2106//2106 2085//2085 2353//2353
f 2410//2410 2409//2409 2403//2403
f 1879//1879 2386//2386 1882//1882
f 1879//1879 2492//2492 2386//2386
f 1879//1879 2407//2407 2492//2492
f 1989//1989 1454//1454 1453//1453
f 1454//1454 1989//1989 1709//1709
f 1989//1989 1987//1987 1709//1709
f 1581//1581 1577//1577 1580//1580
f 2384//2384 1701//1701 1703//1703
f 2174//2174 2155//2155 2175//2175
f 2171//2171 2155//2155 2174//2174
f 2169//2169 2171//2171 2174//2174
f 2474//2474 2439//2439 2438//2438
f 2035//2035 2032//2032 2031//2031
f 2453//2453 2458//2458 2457//2457
f 2458//2458 2439//2439 2461//2461
f 2520//2520 2391//2391 2335//2335
f 2354//2354 2391//2391 2520//2520
f 2288//2288 2244//2244 2243//2243
f 2053//2053 2258//2258 2267//2267
f 2258//2258 2053//2053 1446//1446
f 2463//2463 2455//2455 2459//2459
f 2463//2463 2038//2038 2455//2455
f 2488//2488 2036//2036 2472//2472
f 1835//1835 1858//1858 2552//2552
f 2338//2338 1918//1918 1541//1541
f 2335//2335 1450//1450 2330//2330
f 1450//1450 2335//2335 2332//2332
f 2331//2331 1449//1449 1448//1448
f 2331//2331 2412//2412 1828//1828
f 2352//2352 1907//1907 2351//2351
f 2338//2338 1914//1914 2352//2352
f 1907//1907 2352//2352 1914//1914
f 2501//2501 2081//2081 2083//2083
f 2501//2501 2083//2083 1912//1912
f 2501//2501 1912//1912 1904//1904
f 2575//2575 2377//2377 1869//1869
f 2502//2502 1685//1685 1549//1549
f 1549//1549 2544//2544 2502//2502
f 2482//2482 2458//2458 2480//2480
f 2457//2457 2458//2458 2482//2482
f 2457//2457 2482//2482 2453//2453
f 2493//2493 2422//2422 2421//2421
f 1921//1921 2348//2348 1544//1544
f 2278//2278 1447//1447 1442//1442
f 2279//2279 1438//1438 2278//2278
f 2279//2279 2278//2278 1442//1442
f 2041//2041 2043//2043 1787//1787
f 1778//1778 1784//1784 1475//1475
f 1778//1778 1475//1475 2118//2118
f 1778//1778 2118//2118 1593//1593
f 1499//1499 2284//2284 2583//2583
f 1499//1499 1774//1774 2284//2284
f 1770//1770 1501//1501 2572//2572
f 2297//2297 1770//1770 2572//2572
f 1922//1922 1770//1770 2297//2297
f 1928//1928 2004//2004 2189//2189
f 1928//1928 2567//2567 2508//2508
f 2504//2504 2148//2148 2392//2392
f 2497//2497 2132//2132 2133//2133
f 1829//1829 2359//2359 2159//2159
f 2373//2373 1640//1640 1636//1636
f 2374//2374 1720//1720 2373//2373
f 2374//2374 2373//2373 1636//1636
f 1720//1720 2374//2374 1636//1636
f 1894//1894 2076//2076 2405//2405
f 2076//2076 1894//1894 1895//1895
f 1438//1438 1435//1435 1604//1604
f 1438//1438 1604//1604 1603//1603
f 2278//2278 1438//1438 1603//1603
f 2252//2252 2234//2234 2254//2254
f 2196//2196 2249//2249 1769//1769
f 2196//2196 1767//1767 2198//2198
f 1769//1769 1767//1767 2196//2196
f 1767//1767 1769//1769 2491//2491
f 2510//2510 2011//2011 2119//2119
f 2510//2510 2119//2119 2396//2396
f 2396//2396 2199//2199 2510//2510
f 2295//2295 1741//1741 1479//1479
f 2295//2295 1479//1479 1481//1481
f 1932//1932 2091//2091 1522//1522
f 2030//2030 1521//1521 2469//2469
f 2030//2030 1932//1932 1522//1522
f 1522//1522 1741//1741 1521//1521
f 2035//2035 2426//2426 1932//1932
f 2055//2055 2054//2054 2048//2048
f 2055//2055 2048//2048 2511//2511
f 2055//2055 2511//2511 2047//2047
f 2118//2118 1785//1785 2055//2055
f 2118//2118 2055//2055 2047//2047
f 1731//1731 1764//1764 2121//2121
f 1731//1731 1730//1730 1764//1764
f 1731//1731 2121//2121 2119//2119
f 2205//2205 2200//2200 2204//2204
f 2204//2204 2200//2200 2206//2206
f 2200//2200 2205//2205 2206//2206
f 1439//1439 2053//2053 2267//2267
f 2288//2288 2553//2553 2189//2189
f 2288//2288 2243//2243 2553//2553
f 1433//1433 1954//1954 1432//1432
f 1604//1604 1433//1433 1432//1432
f 1954//1954 1433//1433 1604//1604
f 2513//2513 1432//1432 2256//2256
f 2513//2513 2512//2512 2557//2557
f 2113//2113 2402//2402 1463//1463
f 2113//2113 2106//2106 2402//2402
f 1463//1463 2106//2106 2113//2113
f 1910//1910 2106//2106 1463//1463
f 1545//1545 2328//2328 1892//1892
f 1827//1827 1832//1832 2331//2331
f 1832//1832 1827//1827 2327//2327
f 2518//2518 2336//2336 2333//2333
f 2391//2391 2336//2336 2518//2518
f 2346//2346 2079//2079 2115//2115
f 2601//2601 2533//2533 2522//2522
f 1548//1548 2515//2515 2516//2516
f 2392//2392 2495//2495 2602//2602
f 2602//2602 2134//2134 2392//2392
f 2348//2348 2605//2605 2347//2347
f 2080//2080 1921//1921 2546//2546
f 2348//2348 1921//1921 2080//2080
f 2097//2097 1901//1901 2527//2527
f 1901//1901 2109//2109 2527//2527
f 2545//2545 2527//2527 2109//2109
f 2527//2527 2545//2545 2544//2544
f 2340//2340 2358//2358 2521//2521
f 2340//2340 2528//2528 2358//2358
f 2342//2342 2528//2528 2340//2340
f 2358//2358 2357//2357 2361//2361
f 2528//2528 2357//2357 2358//2358
f 1945//1945 2176//2176 2363//2363
f 1945//1945 2162//2162 2364//2364
f 2363//2363 2162//2162 1945//1945
f 2364//2364 1943//1943 1941//1941
f 1944//1944 2494//2494 2530//2530
f 1944//1944 2360//2360 2494//2494
f 2530//2530 2494//2494 2529//2529
f 2529//2529 2516//2516 2515//2515
f 2529//2529 2515//2515 2514//2514
f 2514//2514 2530//2530 2529//2529
f 2531//2531 2514//2514 2515//2515
f 2515//2515 1548//1548 2532//2532
f 2532//2532 2531//2531 2515//2515
f 2601//2601 2597//2597 2535//2535
f 2601//2601 2535//2535 2533//2533
f 2506//2506 2532//2532 2490//2490
f 2495//2495 2535//2535 2597//2597
f 2537//2537 2495//2495 2536//2536
f 2535//2535 2495//2495 2537//2537
f 2148//2148 2537//2537 2536//2536
f 2148//2148 2393//2393 2537//2537
f 2147//2147 2538//2538 2392//2392
f 2147//2147 2137//2137 2125//2125
f 2147//2147 2125//2125 2538//2538
f 2392//2392 2125//2125 2150//2150
f 2125//2125 2392//2392 2538//2538
f 2137//2137 2136//2136 2125//2125
f 2142//2142 2136//2136 2137//2137
f 2480//2480 2436//2436 2437//2437
f 2458//2458 2436//2436 2480//2480
f 2463//2463 2459//2459 2441//2441
f 2441//2441 2459//2459 2440//2440
f 1857//1857 2493//2493 2077//2077
f 2543//2543 2544//2544 1550//1550
f 2080//2080 1906//1906 2103//2103
f 2351//2351 2080//2080 2546//2546
f 2351//2351 2546//2546 1909//1909
f 2348//2348 2324//2324 2349//2349
f 2550//2550 2347//2347 2549//2549
f 2335//2335 2551//2551 2321//2321
f 2550//2550 2551//2551 2335//2335
f 2549//2549 2520//2520 2550//2550
f 2520//2520 2321//2321 2550//2550
f 2520//2520 2335//2335 2321//2321
f 2550//2550 2321//2321 2551//2551
f 2136//2136 2503//2503 2497//2497
f 2136//2136 2142//2142 2503//2503
f 2136//2136 2497//2497 2125//2125
f 2039//2039 2460//2460 2437//2437
f 2539//2539 2480//2480 2481//2481
f 2539//2539 2540//2540 2480//2480
f 2474//2474 2488//2488 2475//2475
f 2488//2488 2474//2474 2427//2427
f 2427//2427 2036//2036 2488//2488
f 2427//2427 2033//2033 2036//2036
f 1842//1842 2552//2552 1857//1857
f 2552//2552 1842//1842 2543//2543
f 2543//2543 1835//1835 2552//2552
f 2548//2548 2330//2330 2547//2547
f 2175//2175 1945//1945 1941//1941
f 1945//1945 2364//2364 1941//1941
f 2553//2553 2244//2244 2554//2554
f 2534//2534 2554//2554 2244//2244
f 2244//2244 2277//2277 2534//2534
f 1444//1444 2277//2277 2244//2244
f 1444//1444 2244//2244 1446//1446
f 1444//1444 1446//1446 1443//1443
f 1441//1441 1444//1444 1445//1445
f 2277//2277 2557//2557 2534//2534
f 2277//2277 2555//2555 2557//2557
f 1444//1444 1441//1441 2555//2555
f 1441//1441 2257//2257 2555//2555
f 2555//2555 2277//2277 1444//1444
f 1447//1447 2278//2278 2257//2257
f 1441//1441 1447//1447 2257//2257
f 2509//2509 2513//2513 2557//2557
f 2257//2257 2513//2513 2509//2509
f 2513//2513 2257//2257 1432//1432
f 2512//2512 1943//1943 2364//2364
f 2273//2273 2272//2272 2512//2512
f 1943//1943 2512//2512 2272//2272
f 2512//2512 2573//2573 2273//2273
f 2554//2554 2508//2508 2553//2553
f 2554//2554 2556//2556 2508//2508
f 2520//2520 2517//2517 2354//2354
f 2520//2520 2519//2519 2517//2517
f 2519//2519 2520//2520 2549//2549
f 1829//1829 2517//2517 2519//2519
f 2519//2519 2359//2359 1829//1829
f 2555//2555 2509//2509 2557//2557
f 2512//2512 2513//2513 2256//2256
f 2512//2512 2256//2256 2573//2573
f 2512//2512 2364//2364 2557//2557
f 2339//2339 2546//2546 1921//1921
f 2499//2499 2539//2539 2500//2500
f 2152//2152 2539//2539 2499//2499
f 2498//2498 2503//2503 2152//2152
f 2337//2337 2352//2352 2351//2351
f 1909//1909 2546//2546 2339//2339
f 1909//1909 2339//2339 2337//2337
f 2337//2337 2351//2351 1909//1909
f 2104//2104 2103//2103 1907//1907
f 2104//2104 1907//1907 2105//2105
f 2349//2349 1544//1544 2348//2348
f 2544//2544 2545//2545 2575//2575
f 2377//2377 2109//2109 1903//1903
f 2377//2377 1903//1903 2083//2083
f 1902//1902 2103//2103 2104//2104
f 1903//1903 2104//2104 2105//2105
f 1902//1902 2104//2104 1903//1903
f 1903//1903 2558//2558 1901//1901
f 2109//2109 2558//2558 1903//1903
f 2109//2109 1901//1901 2558//2558
f 2547//2547 1831//1831 2559//2559
f 2324//2324 1832//1832 2349//2349
f 2547//2547 2559//2559 1832//1832
f 2547//2547 1832//1832 2324//2324
f 2348//2348 2547//2547 2324//2324
f 2504//2504 2149//2149 2148//2148
f 2281//2281 2149//2149 2504//2504
f 2133//2133 2125//2125 2497//2497
f 2126//2126 2133//2133 2132//2132
f 2132//2132 2497//2497 2503//2503
f 2481//2481 2291//2291 2500//2500
f 2481//2481 2500//2500 2539//2539
f 2481//2481 2477//2477 2291//2291
f 2500//2500 2484//2484 2499//2499
f 2283//2283 2500//2500 2291//2291
f 2074//2074 2038//2038 2463//2463
f 2031//2031 2033//2033 2427//2427
f 1997//1997 2031//2031 2078//2078
f 2078//2078 2031//2031 2541//2541
f 1845//1845 1997//1997 1857//1857
f 1845//1845 2031//2031 1997//1997
f 2543//2543 1550//1550 1835//1835
f 1826//1826 2412//2412 2323//2323
f 2323//2323 2371//2371 1826//1826
f 2368//2368 1993//1993 1642//1642
f 2366//2366 2375//2375 2561//2561
f 1993//1993 2368//2368 2560//2560
f 1459//1459 1694//1694 1539//1539
f 1529//1529 1528//1528 1590//1590
f 1529//1529 1590//1590 1531//1531
f 1529//1529 1531//1531 1459//1459
f 1531//1531 1530//1530 1459//1459
f 1457//1457 1589//1589 1458//1458
f 1457//1457 1576//1576 1559//1559
f 1567//1567 1564//1564 2415//2415
f 1645//1645 2420//2420 2397//2397
f 1460//1460 1525//1525 2090//2090
f 1460//1460 1646//1646 1647//1647
f 1647//1647 1645//1645 1460//1460
f 2091//2091 1601//1601 1420//1420
f 2118//2118 2087//2087 2295//2295
f 2118//2118 2047//2047 2087//2087
f 1776//1776 1772//1772 2485//2485
f 1753//1753 2485//2485 1752//1752
f 1776//1776 1753//1753 1752//1752
f 1776//1776 2485//2485 1753//1753
f 1803//1803 2287//2287 1801//1801
f 2146//2146 2139//2139 2140//2140
f 2311//2311 1642//1642 1993//1993
f 2379//2379 1642//1642 2311//2311
f 2368//2368 1994//1994 2406//2406
f 2311//2311 2387//2387 2170//2170
f 2205//2205 1767//1767 2491//2491
f 2354//2354 2517//2517 1822//1822
f 1938//1938 2025//2025 2024//2024
f 1935//1935 2025//2025 1938//1938
f 2362//2362 2356//2356 2157//2157
f 2387//2387 2362//2362 2157//2157
f 1971//1971 2311//2311 2170//2170
f 1511//1511 2160//2160 1509//1509
f 1511//1511 2177//2177 2160//2160
f 1511//1511 1509//1509 2014//2014
f 1977//1977 2308//2308 1974//1974
f 1940//1940 1602//1602 2308//2308
f 1940//1940 1511//1511 1602//1602
f 2562//2562 1940//1940 2308//2308
f 2562//2562 2308//2308 1977//1977
f 2419//2419 1975//1975 2181//2181
f 1975//1975 1655//1655 2181//2181
f 2563//2563 1976//1976 1975//1975
f 2563//2563 2419//2419 1962//1962
f 2419//2419 2563//2563 1975//1975
f 1500//1500 1922//1922 2297//2297
f 2508//2508 1924//1924 1928//1928
f 1924//1924 2508//2508 2565//2565
f 1925//1925 1924//1924 2565//2565
f 2000//2000 1926//1926 1925//1925
f 1926//1926 1421//1421 1925//1925
f 2233//2233 2229//2229 2230//2230
f 2217//2217 2569//2569 2211//2211
f 2566//2566 2213//2213 2217//2217
f 2301//2301 2566//2566 2217//2217
f 2211//2211 2301//2301 2217//2217
f 2211//2211 2569//2569 1771//1771
f 2508//2508 2556//2556 2524//2524
f 2567//2567 2189//2189 2508//2508
f 2355//2355 1822//1822 2157//2157
f 2355//2355 2157//2157 2356//2356
f 1771//1771 2569//2569 2210//2210
f 2209//2209 2570//2570 2568//2568
f 2210//2210 2571//2571 2570//2570
f 2570//2570 2209//2209 2210//2210
f 2571//2571 2210//2210 2569//2569
f 2569//2569 2221//2221 2571//2571
f 1922//1922 2204//2204 2202//2202
f 1965//1965 2194//2194 1964//1964
f 1939//1939 1622//1622 1968//1968
f 1939//1939 1964//1964 1622//1622
f 1935//1935 1938//1938 1936//1936
f 2198//2198 1936//1936 1938//1938
f 2387//2387 2159//2159 2378//2378
f 2158//2158 2365//2365 2154//2154
f 2158//2158 2154//2154 2155//2155
f 1946//1946 1947//1947 1978//1978
f 1946//1946 1978//1978 1949//1949
f 2182//2182 1949//1949 1651//1651
f 2388//2388 1949//1949 2182//2182
f 2188//2188 2419//2419 2181//2181
f 2419//2419 2188//2188 1966//1966
f 2243//2243 2244//2244 2553//2553
f 2244//2244 2496//2496 1446//1446
f 2496//2496 2258//2258 1446//1446
f 2258//2258 2496//2496 2288//2288
f 2288//2288 2496//2496 2244//2244
f 1445//1445 1440//1440 1442//1442
f 1440//1440 1439//1439 1442//1442
f 2053//2053 1440//1440 1445//1445
f 2253//2253 2254//2254 1502//1502
f 2235//2235 2252//2252 2253//2253
f 2235//2235 2253//2253 1502//1502
f 1604//1604 1436//1436 1954//1954
f 1435//1435 1436//1436 1604//1604
f 1961//1961 2255//2255 2027//2027
f 1961//1961 2027//2027 2249//2249
f 2270//2270 2272//2272 2273//2273
f 1430//1430 2270//2270 2273//2273
f 2194//2194 1966//1966 1625//1625
f 1966//1966 2271//2271 1625//1625
f 1626//1626 2193//2193 1965//1965
f 1626//1626 1965//1965 1964//1964
f 2194//2194 1965//1965 2193//2193
f 2193//2193 1966//1966 2194//2194
f 2378//2378 2310//2310 2170//2170
f 2378//2378 2170//2170 2387//2387
f 1948//1948 2309//2309 1653//1653
f 1948//1948 1946//1946 2309//2309
f 1951//1951 1946//1946 1948//1948
f 1951//1951 1948//1948 1652//1652
f 2181//2181 1655//1655 2187//2187
f 2181//2181 2309//2309 2188//2188
f 2181//2181 2187//2187 2309//2309
f 2572//2572 2236//2236 1771//1771
f 2572//2572 1501//1501 2236//2236
f 2236//2236 2301//2301 1771//1771
f 2572//2572 1771//1771 2296//2296
f 2296//2296 2297//2297 2572//2572
f 1957//1957 2241//2241 2240//2240
f 1502//1502 2240//2240 2235//2235
f 1502//1502 1957//1957 2240//2240
f 1956//1956 2288//2288 2241//2241
f 2241//2241 1957//1957 1956//1956
f 1924//1924 1925//1925 1923//1923
f 2565//2565 2000//2000 1925//1925
f 1928//1928 2225//2225 2223//2223
f 2276//2276 1925//1925 2225//2225
f 1928//1928 2276//2276 2225//2225
f 1928//1928 1925//1925 2276//2276
f 2222//2222 1927//1927 2233//2233
f 2233//2233 1927//1927 2229//2229
f 2222//2222 2233//2233 2230//2230
f 2566//2566 2301//2301 2247//2247
f 2189//2189 2553//2553 2508//2508
f 1829//1829 1822//1822 2517//2517
f 1822//1822 1829//1829 2157//2157
f 1829//1829 2159//2159 2157//2157
f 2288//2288 2189//2189 2227//2227
f 2227//2227 2246//2246 2288//2288
f 2189//2189 2567//2567 1928//1928
f 2227//2227 2189//2189 2004//2004
f 2255//2255 2251//2251 1631//1631
f 1432//1432 2573//2573 2256//2256
f 2273//2273 1434//1434 1954//1954
f 1434//1434 1432//1432 1954//1954
f 1434//1434 2273//2273 1432//1432
f 1957//1957 2288//2288 1956//1956
f 1957//1957 2258//2258 2288//2288
f 2300//2300 1771//1771 2301//2301
f 2209//2209 1771//1771 2210//2210
f 2300//2300 2301//2301 2211//2211
f 1771//1771 2300//2300 2211//2211
f 2208//2208 2027//2027 2255//2255
f 2027//2027 2208//2208 2249//2249
f 2249//2249 2029//2029 1961//1961
f 2249//2249 1938//1938 2029//2029
f 2338//2338 2337//2337 2339//2339
f 2337//2337 2338//2338 2352//2352
f 2484//2484 2283//2283 2499//2499
f 2484//2484 2500//2500 2283//2283
f 2499//2499 2498//2498 2152//2152
f 2499//2499 2283//2283 2498//2498
f 1911//1911 1899//1899 1914//1914
f 1541//1541 1543//1543 1547//1547
f 1920//1920 1919//1919 1543//1543
f 1920//1920 1543//1543 1541//1541
f 2469//2469 2050//2050 2071//2071
f 2050//2050 2469//2469 2049//2049
f 2044//2044 2054//2054 2045//2045
f 2044//2044 2050//2050 2054//2054
f 2054//2054 2057//2057 2043//2043
f 2043//2043 2045//2045 2054//2054
f 2047//2047 2048//2048 2056//2056
f 2469//2469 2047//2047 2056//2056
f 2469//2469 2479//2479 2047//2047
f 2479//2479 2087//2087 2047//2047
f 2479//2479 2469//2469 2478//2478
f 2434//2434 2451//2451 2038//2038
f 2434//2434 2038//2038 2074//2074
f 2050//2050 2044//2044 2064//2064
f 2050//2050 1808//1808 2071//2071
f 2033//2033 2031//2031 2032//2032
f 2032//2032 2036//2036 2033//2033
f 2070//2070 2305//2305 2574//2574
f 2574//2574 2069//2069 2070//2070
f 2051//2051 2066//2066 2574//2574
f 2305//2305 2051//2051 2574//2574
f 2051//2051 2305//2305 2507//2507
f 2051//2051 2507//2507 1787//1787
f 2507//2507 2041//2041 1787//1787
f 2507//2507 2063//2063 2041//2041
f 2487//2487 2093//2093 2486//2486
f 1475//1475 2093//2093 2487//2487
f 2487//2487 2486//2486 1475//1475
f 2069//2069 2052//2052 2070//2070
f 2066//2066 2073//2073 2052//2052
f 2574//2574 2052//2052 2069//2069
f 2574//2574 2066//2066 2052//2052
f 2092//2092 2093//2093 1475//1475
f 1474//1474 2092//2092 1475//1475
f 1807//1807 2092//2092 1474//1474
f 2544//2544 2575//2575 2502//2502
f 1549//1549 1685//1685 1678//1678
f 1871//1871 2076//2076 1590//1590
f 1590//1590 1870//1870 1871//1871
f 1870//1870 2076//2076 1871//1871
f 2109//2109 2377//2377 2545//2545
f 2575//2575 1869//1869 2502//2502
f 2575//2575 2545//2545 2377//2377
f 2376//2376 2369//2369 1867//1867
f 1896//1896 2107//2107 1894//1894
f 1896//1896 1897//1897 2107//2107
f 2409//2409 2410//2410 1880//1880
f 2410//2410 1878//1878 1880//1880
f 1880//1880 1874//1874 1872//1872
f 1874//1874 1880//1880 1881//1881
f 1874//1874 1881//1881 1873//1873
f 2076//2076 1880//1880 1872//1872
f 2407//2407 2408//2408 1868//1868
f 1551//1551 2407//2407 1868//1868
f 1551//1551 2386//2386 2492//2492
f 2492//2492 2407//2407 1551//1551
f 2406//2406 1724//1724 1723//1723
f 2368//2368 2406//2406 1723//1723
f 2368//2368 1641//1641 1995//1995
f 1725//1725 1641//1641 2368//2368
f 2329//2329 1826//1826 2371//2371
f 2329//2329 2371//2371 1820//1820
f 2314//2314 2329//2329 1820//1820
f 2391//2391 1503//1503 2336//2336
f 2518//2518 2333//2333 2335//2335
f 2391//2391 2518//2518 2335//2335
f 2576//2576 2362//2362 2387//2387
f 1993//1993 2576//2576 2311//2311
f 2576//2576 2387//2387 2311//2311
f 2311//2311 1971//1971 2379//2379
f 2316//2316 2561//2561 2375//2375
f 2561//2561 1633//1633 2366//2366
f 2561//2561 2576//2576 1633//1633
f 2576//2576 2356//2356 2362//2362
f 2576//2576 2316//2316 2356//2356
f 2316//2316 2576//2576 2561//2561
f 2372//2372 2369//2369 2376//2376
f 1817//1817 2366//2366 2369//2369
f 1817//1817 2375//2375 2366//2366
f 2372//2372 1817//1817 2369//2369
f 1635//1635 2576//2576 2368//2368
f 1638//1638 2368//2368 1995//1995
f 2368//2368 1638//1638 1635//1635
f 1504//1504 1700//1700 1552//1552
f 1726//1726 1504//1504 1552//1552
f 1686//1686 1580//1580 2384//2384
f 1581//1581 1580//1580 1990//1990
f 1584//1584 1694//1694 1585//1585
f 1702//1702 1707//1707 1708//1708
f 1726//1726 1552//1552 1551//1551
f 2413//2413 1934//1934 2400//2400
f 2400//2400 1985//1985 1677//1677
f 2400//2400 1677//1677 2413//2413
f 1934//1934 2413//2413 1665//1665
f 1934//1934 1654//1654 2400//2400
f 1677//1677 1984//1984 2413//2413
f 1539//1539 1694//1694 1529//1529
f 1459//1459 1539//1539 1529//1529
f 1569//1569 2415//2415 1564//1564
f 1569//1569 1564//1564 1568//1568
f 1656//1656 1933//1933 2179//2179
f 1656//1656 2179//2179 1933//1933
f 1986//1986 2415//2415 2414//2414
f 2414//2414 1457//1457 1986//1986
f 1457//1457 2414//2414 1591//1591
f 1591//1591 1589//1589 1457//1457
f 1649//1649 1522//1522 1741//1741
f 2023//2023 1937//1937 1728//1728
f 1937//1937 2023//2023 2021//2021
f 1600//1600 1601//1601 1739//1739
f 1600//1600 1739//1739 1597//1597
f 1601//1601 1597//1597 1739//1739
f 2577//2577 2292//2292 2195//2195
f 2577//2577 2195//2195 1728//1728
f 1728//1728 1937//1937 2577//2577
f 1460//1460 2578//2578 1527//1527
f 2397//2397 2578//2578 1460//1460
f 2578//2578 2397//2397 1527//1527
f 1939//1939 1526//1526 2579//2579
f 1964//1964 1939//1939 2579//2579
f 1985//1985 1967//1967 2399//2399
f 1985//1985 2399//2399 1677//1677
f 2399//2399 1983//1983 1677//1677
f 2580//2580 1922//1922 1500//1500
f 2580//2580 1500//1500 2302//2302
f 2583//2583 2298//2298 1499//1499
f 1520//1520 1754//1754 2298//2298
f 1520//1520 1777//1777 1754//1754
f 1777//1777 2582//2582 2581//2581
f 2582//2582 1777//1777 2583//2583
f 2582//2582 2583//2583 2302//2302
f 2583//2583 1777//1777 1520//1520
f 2302//2302 2284//2284 1729//1729
f 1922//1922 2580//2580 1478//1478
f 2584//2584 1729//1729 1737//1737
f 2010//2010 2584//2584 1737//1737
f 1766//1766 2584//2584 2010//2010
f 2486//2486 2118//2118 1779//1779
f 1779//1779 1475//1475 2486//2486
f 1779//1779 2118//2118 1475//1475
f 1784//1784 1778//1778 1593//1593
f 2129//2129 2037//2037 2128//2128
f 2129//2129 2065//2065 2282//2282
f 2128//2128 2062//2062 2129//2129
f 2037//2037 2282//2282 2065//2065
f 2037//2037 2129//2129 2282//2282
f 2003//2003 2585//2585 2215//2215
f 2286//2286 2290//2290 2287//2287
f 2286//2286 2006//2006 2290//2290
f 2232//2232 2231//2231 2002//2002
f 2232//2232 2002//2002 2222//2222
f 2232//2232 2222//2222 2230//2230
f 1524//1524 1752//1752 2587//2587
f 1524//1524 2587//2587 2585//2585
f 2587//2587 1777//1777 2586//2586
f 1752//1752 1777//1777 2587//2587
f 1777//1777 2581//2581 2586//2586
f 2062//2062 2128//2128 2037//2037
f 2281//2281 1452//1452 2280//2280
f 2281//2281 2280//2280 2149//2149
f 2550//2550 2335//2335 2548//2548
f 2548//2548 2335//2335 2330//2330
f 2564//2564 2508//2508 2524//2524
f 2565//2565 2508//2508 2564//2564
f 2275//2275 2274//2274 2394//2394
f 2280//2280 2394//2394 2149//2149
f 2564//2564 2524//2524 2588//2588
f 2564//2564 2000//2000 2565//2565
f 2564//2564 2588//2588 1421//1421
f 2000//2000 2564//2564 1421//1421
f 2000//2000 1421//1421 1926//1926
f 2498//2498 2130//2130 1929//1929
f 2130//2130 2144//2144 1929//1929
f 1831//1831 2547//2547 2330//2330
f 2559//2559 2325//2325 1832//1832
f 2137//2137 2147//2147 2135//2135
f 2137//2137 2135//2135 2142//2142
f 2606//2606 2142//2142 2135//2135
f 2459//2459 2461//2461 2440//2440
f 2474//2474 2422//2422 2427//2427
f 2542//2542 2493//2493 2078//2078
f 2422//2422 2542//2542 2078//2078
f 2422//2422 2078//2078 2541//2541
f 2422//2422 2493//2493 2542//2542
f 2077//2077 1842//1842 1857//1857
f 1842//1842 2077//2077 2493//2493
f 2493//2493 2421//2421 1842//1842
f 2543//2543 1842//1842 2544//2544
f 2610//2610 2527//2527 2544//2544
f 2593//2593 2544//2544 1842//1842
f 2593//2593 2610//2610 2544//2544
f 2505//2505 2108//2108 2100//2100
f 2134//2134 2606//2606 2135//2135
f 2108//2108 2528//2528 2100//2100
f 2392//2392 2596//2596 2495//2495
f 2360//2360 1944//1944 2357//2357
f 2494//2494 2360//2360 2595//2595
f 2597//2597 2134//2134 2495//2495
f 2108//2108 2357//2357 2528//2528
f 2529//2529 2494//2494 2523//2523
f 2599//2599 2494//2494 2595//2595
f 2600//2600 2494//2494 2599//2599
f 2147//2147 2392//2392 2134//2134
f 2596//2596 2148//2148 2536//2536
f 2596//2596 2392//2392 2148//2148
f 2536//2536 2495//2495 2596//2596
f 2601//2601 2604//2604 2597//2597
f 2523//2523 2516//2516 2529//2529
f 2523//2523 2600//2600 2603//2603
f 2523//2523 2494//2494 2600//2600
f 2603//2603 2516//2516 2523//2523
f 2134//2134 2597//2597 2604//2604
f 2602//2602 2495//2495 2134//2134
f 2516//2516 2603//2603 2613//2613
f 2522//2522 2489//2489 2601//2601
f 2489//2489 2522//2522 2594//2594
f 2345//2345 2346//2346 2343//2343
f 2346//2346 2116//2116 2079//2079
f 2346//2346 2345//2345 2116//2116
f 2605//2605 2080//2080 2116//2116
f 2605//2605 2348//2348 2080//2080
f 2606//2606 2503//2503 2142//2142
f 2503//2503 2606//2606 2152//2152
f 2606//2606 2539//2539 2152//2152
f 2111//2111 2116//2116 2526//2526
f 2116//2116 2111//2111 2079//2079
f 2102//2102 2115//2115 2079//2079
f 2100//2100 2101//2101 2115//2115
f 2102//2102 2100//2100 2115//2115
f 2614//2614 2421//2421 2422//2422
f 2614//2614 2593//2593 2421//2421
f 2462//2462 2614//2614 2438//2438
f 2422//2422 2438//2438 2614//2614
f 2438//2438 2422//2422 2474//2474
f 2462//2462 2453//2453 2483//2483
f 2453//2453 2607//2607 2458//2458
f 2454//2454 2438//2438 2439//2439
f 2454//2454 2439//2439 2458//2458
f 2607//2607 2454//2454 2458//2458
f 2454//2454 2607//2607 2438//2438
f 2453//2453 2438//2438 2607//2607
f 2438//2438 2453//2453 2462//2462
f 2483//2483 2482//2482 2615//2615
f 2616//2616 2614//2614 2462//2462
f 2610//2610 2611//2611 2609//2609
f 2609//2609 2111//2111 2526//2526
f 2609//2609 2526//2526 2610//2610
f 2593//2593 1842//1842 2421//2421
f 2111//2111 2609//2609 2505//2505
f 2505//2505 2609//2609 2590//2590
f 2505//2505 2590//2590 2612//2612
f 2505//2505 2612//2612 2589//2589
f 2342//2342 2115//2115 2101//2101
f 2099//2099 2342//2342 2101//2101
f 2099//2099 2598//2598 2342//2342
f 2528//2528 2598//2598 2099//2099
f 2528//2528 2342//2342 2598//2598
f 2344//2344 2342//2342 2343//2343
f 2115//2115 2342//2342 2344//2344
f 2344//2344 2343//2343 2346//2346
f 2115//2115 2344//2344 2346//2346
f 2101//2101 2528//2528 2099//2099
f 2528//2528 2101//2101 2100//2100
f 2360//2360 2357//2357 2108//2108
f 2595//2595 2360//2360 2108//2108
f 2108//2108 2505//2505 2595//2595
f 2102//2102 2111//2111 2505//2505
f 2102//2102 2079//2079 2111//2111
f 2102//2102 2505//2505 2100//2100
f 2505//2505 2589//2589 2595//2595
f 2589//2589 2612//2612 2595//2595
f 2612//2612 2590//2590 2599//2599
f 2612//2612 2599//2599 2595//2595
f 2599//2599 2590//2590 2592//2592
f 2592//2592 2600//2600 2599//2599
f 2600//2600 2592//2592 2591//2591
f 2590//2590 2591//2591 2592//2592
f 2590//2590 2609//2609 2611//2611
f 2591//2591 2590//2590 2611//2611
f 2594//2594 2522//2522 2593//2593
f 2603//2603 2600//2600 2591//2591
f 2610//2610 2613//2613 2603//2603
f 2593//2593 2522//2522 2610//2610
f 2611//2611 2610//2610 2603//2603
f 2603//2603 2591//2591 2611//2611
f 2594//2594 2601//2601 2489//2489
f 2608//2608 2601//2601 2594//2594
f 2614//2614 2594//2594 2593//2593
f 2594//2594 2614//2614 2616//2616
f 2594//2594 2616//2616 2608//2608
f 2604//2604 2615//2615 2134//2134
f 2616//2616 2615//2615 2604//2604
f 2608//2608 2604//2604 2601//2601
f 2616//2616 2462//2462 2615//2615
f 2462//2462 2483//2483 2615//2615
f 2616//2616 2604//2604 2608//2608
f 2525//2525 2550//2550 2548//2548
f 2525//2525 2347//2347 2550//2550
f 2547//2547 2525//2525 2548//2548
f 2135//2135 2147//2147 2134//2134
f 2134//2134 2539//2539 2606//2606
f 2539//2539 2134//2134 2540//2540
f 2540//2540 2134//2134 2615//2615
f 2480//2480 2615//2615 2482//2482
f 2540//2540 2615//2615 2480//2480
f 2547//2547 2347//2347 2525//2525
f 2348//2348 2347//2347 2547//2547
f 2617//2617 2621//2621 2622//2622
f 2617//2617 2622//2622 2618//2618
f 2618//2618 2619//2619 2617//2617
f 2621//2621 2619//2619 2618//2618
f 2620//2620 2621//2621 2618//2618
f 2622//2622 2621//2621 2620//2620
f 2621//2621 2617//2617 2619//2619
f 2623//2623 2626//2626 2625//2625
f 2627//2627 2623//2623 2625//2625
f 2625//2625 2624//2624 2627//2627
f 2624//2624 2626//2626 2627//2627
f 2623//2623 2627//2627 2626//2626
f 2626//2626 2624//2624 2625//2625
f 2630//2630 2631//2631 2677//2677
f 2677//2677 2739//2739 2630//2630
f 2633//2633 2681//2681 2634//2634
f 2632//2632 2635//2635 2640//2640
f 2637//2637 2638//2638 2636//2636
f 2639//2639 2681//2681 2637//2637
f 2637//2637 2636//2636 2639//2639
f 2638//2638 2637//2637 2681//2681
f 2681//2681 2730//2730 2638//2638
f 2679//2679 2640//2640 2635//2635
f 2681//2681 2639//2639 2634//2634
f 2635//2635 2729//2729 2679//2679
f 2681//2681 2640//2640 2679//2679
f 2644//2644 2648//2648 2646//2646
f 2644//2644 2646//2646 2647//2647
f 2642//2642 2716//2716 2645//2645
f 2642//2642 2645//2645 2643//2643
f 2647//2647 2648//2648 2708//2708
f 2648//2648 2647//2647 2646//2646
f 2719//2719 2716//2716 2642//2642
f 2670//2670 2708//2708 2648//2648
f 2658//2658 2662//2662 2660//2660
f 2661//2661 2657//2657 2659//2659
f 2655//2655 2659//2659 2656//2656
f 2655//2655 2661//2661 2659//2659
f 2661//2661 2685//2685 2657//2657
f 2655//2655 2685//2685 2661//2661
f 2685//2685 2655//2655 2653//2653
f 2658//2658 2660//2660 2663//2663
f 2670//2670 2648//2648 2664//2664
f 2681//2681 2664//2664 2641//2641
f 2681//2681 2641//2641 2730//2730
f 2633//2633 2634//2634 2735//2735
f 2666//2666 2672//2672 2673//2673
f 2656//2656 2658//2658 2669//2669
f 2658//2658 2656//2656 2662//2662
f 2700//2700 2663//2663 2682//2682
f 2700//2700 2682//2682 2687//2687
f 2664//2664 2695//2695 2705//2705
f 2664//2664 2703//2703 2670//2670
f 2672//2672 2666//2666 2676//2676
f 2667//2667 2673//2673 2672//2672
f 2669//2669 2664//2664 2680//2680
f 2673//2673 2667//2667 2668//2668
f 2668//2668 2674//2674 2673//2673
f 2668//2668 2747//2747 2674//2674
f 2675//2675 2747//2747 2668//2668
f 2675//2675 2668//2668 2676//2676
f 2633//2633 2736//2736 2675//2675
f 2681//2681 2739//2739 2677//2677
f 2681//2681 2677//2677 2640//2640
f 2681//2681 2633//2633 2675//2675
f 2664//2664 2648//2648 2641//2641
f 2664//2664 2663//2663 2700//2700
f 2664//2664 2658//2658 2663//2663
f 2680//2680 2651//2651 2653//2653
f 2680//2680 2653//2653 2655//2655
f 2664//2664 2669//2669 2658//2658
f 2669//2669 2680//2680 2656//2656
f 2656//2656 2680//2680 2655//2655
f 2667//2667 2672//2672 2668//2668
f 2672//2672 2676//2676 2668//2668
f 2676//2676 2671//2671 2675//2675
f 2676//2676 2739//2739 2671//2671
f 2676//2676 2628//2628 2739//2739
f 2671//2671 2681//2681 2675//2675
f 2671//2671 2739//2739 2681//2681
f 2719//2719 2681//2681 2679//2679
f 2719//2719 2664//2664 2681//2681
f 2664//2664 2719//2719 2649//2649
f 2649//2649 2719//2719 2642//2642
f 2649//2649 2680//2680 2664//2664
f 2680//2680 2649//2649 2651//2651
f 2660//2660 2684//2684 2663//2663
f 2684//2684 2660//2660 2683//2683
f 2654//2654 2685//2685 2653//2653
f 2684//2684 2683//2683 2682//2682
f 2682//2682 2663//2663 2684//2684
f 2688//2688 2686//2686 2687//2687
f 2694//2694 2690//2690 2651//2651
f 2691//2691 2692//2692 2693//2693
f 2693//2693 2689//2689 2691//2691
f 2689//2689 2693//2693 2690//2690
f 2687//2687 2682//2682 2688//2688
f 2651//2651 2690//2690 2693//2693
f 2690//2690 2694//2694 2689//2689
f 2652//2652 2694//2694 2651//2651
f 2654//2654 2693//2693 2692//2692
f 2693//2693 2654//2654 2653//2653
f 2687//2687 2686//2686 2700//2700
f 2651//2651 2693//2693 2653//2653
f 2695//2695 2664//2664 2700//2700
f 2696//2696 2697//2697 2695//2695
f 2696//2696 2698//2698 2697//2697
f 2650//2650 2699//2699 2651//2651
f 2696//2696 2700//2700 2698//2698
f 2698//2698 2700//2700 2686//2686
f 2700//2700 2696//2696 2695//2695
f 2651//2651 2699//2699 2652//2652
f 2701//2701 2650//2650 2651//2651
f 2649//2649 2706//2706 2702//2702
f 2649//2649 2702//2702 2701//2701
f 2649//2649 2707//2707 2706//2706
f 2705//2705 2695//2695 2704//2704
f 2703//2703 2705//2705 2704//2704
f 2703//2703 2664//2664 2705//2705
f 2651//2651 2649//2649 2701//2701
f 2670//2670 2710//2710 2711//2711
f 2709//2709 2712//2712 2642//2642
f 2712//2712 2642//2642 2643//2643
f 2712//2712 2709//2709 2642//2642
f 2703//2703 2710//2710 2670//2670
f 2670//2670 2711//2711 2708//2708
f 2642//2642 2712//2712 2707//2707
f 2642//2642 2707//2707 2649//2649
f 2718//2718 2716//2716 2713//2713
f 2713//2713 2719//2719 2718//2718
f 2714//2714 2648//2648 2644//2644
f 2714//2714 2644//2644 2717//2717
f 2714//2714 2717//2717 2715//2715
f 2714//2714 2715//2715 2641//2641
f 2641//2641 2648//2648 2714//2714
f 2719//2719 2713//2713 2716//2716
f 2720//2720 2722//2722 2721//2721
f 2715//2715 2720//2720 2641//2641
f 2715//2715 2722//2722 2720//2720
f 2641//2641 2720//2720 2721//2721
f 2719//2719 2678//2678 2718//2718
f 2678//2678 2719//2719 2679//2679
f 2724//2724 2679//2679 2729//2729
f 2727//2727 2725//2725 2726//2726
f 2728//2728 2725//2725 2727//2727
f 2728//2728 2727//2727 2726//2726
f 2729//2729 2723//2723 2724//2724
f 2729//2729 2635//2635 2723//2723
f 2725//2725 2641//2641 2721//2721
f 2721//2721 2726//2726 2725//2725
f 2730//2730 2641//2641 2725//2725
f 2725//2725 2728//2728 2730//2730
f 2679//2679 2724//2724 2678//2678
f 2731//2731 2640//2640 2677//2677
f 2731//2731 2632//2632 2640//2640
f 2734//2734 2732//2732 2733//2733
f 2731//2731 2677//2677 2631//2631
f 2733//2733 2732//2732 2735//2735
f 2731//2731 2735//2735 2634//2634
f 2735//2735 2731//2731 2733//2733
f 2665//2665 2735//2735 2734//2734
f 2665//2665 2633//2633 2735//2735
f 2735//2735 2732//2732 2734//2734
f 2665//2665 2737//2737 2633//2633
f 2737//2737 2738//2738 2736//2736
f 2630//2630 2628//2628 2745//2745
f 2630//2630 2739//2739 2628//2628
f 2737//2737 2665//2665 2738//2738
f 2737//2737 2736//2736 2633//2633
f 2740//2740 2741//2741 2746//2746
f 2742//2742 2743//2743 2744//2744
f 2741//2741 2740//2740 2745//2745
f 2746//2746 2676//2676 2666//2666
f 2676//2676 2746//2746 2741//2741
f 2743//2743 2629//2629 2744//2744
f 2629//2629 2675//2675 2736//2736
f 2629//2629 2743//2743 2675//2675
f 2743//2743 2742//2742 2747//2747
f 2747//2747 2675//2675 2743//2743
f 2741//2741 2745//2745 2628//2628
f 2741//2741 2628//2628 2676//2676
f 2748//2748 2751//2751 2749//2749
f 2750//2750 2748//2748 2749//2749
f 2750//2750 2749//2749 2751//2751
f 2751//2751 2748//2748 2750//2750
f 2758//2758 2759//2759 2760//2760
f 2772//2772 2763//2763 2764//2764
f 2763//2763 2762//2762 2777//2777
f 2769//2769 2755//2755 2776//2776
f 2766//2766 2769//2769 2781//2781
f 2768//2768 2756//2756 2757//2757
f 2771//2771 2768//2768 2757//2757
f 2769//2769 2767//2767 2781//2781
f 2765//2765 2769//2769 2776//2776
f 2756//2756 2769//2769 2765//2765
f 2756//2756 2765//2765 2770//2770
f 2757//2757 2756//2756 2770//2770
f 2761//2761 2771//2771 2757//2757
f 2757//2757 2770//2770 2761//2761
f 2761//2761 2770//2770 2760//2760
f 2758//2758 2760//2760 2752//2752
f 2753//2753 2772//2772 2773//2773
f 2766//2766 2774//2774 2769//2769
f 2755//2755 2769//2769 2774//2774
f 2774//2774 2775//2775 2755//2755
f 2775//2775 2776//2776 2755//2755
f 2761//2761 2759//2759 2771//2771
f 2759//2759 2761//2761 2760//2760
f 2779//2779 2768//2768 2771//2771
f 2779//2779 2771//2771 2759//2759
f 2778//2778 2768//2768 2779//2779
f 2778//2778 2779//2779 2758//2758
f 2767//2767 2769//2769 2756//2756
f 2756//2756 2768//2768 2778//2778
f 2778//2778 2767//2767 2756//2756
f 2777//2777 2762//2762 2754//2754
f 2754//2754 2762//2762 2780//2780
f 2780//2780 2777//2777 2754//2754
f 2780//2780 2781//2781 2777//2777
f 2777//2777 2764//2764 2763//2763
f 2764//2764 2777//2777 2781//2781
f 2764//2764 2767//2767 2773//2773
f 2767//2767 2764//2764 2781//2781
f 2764//2764 2773//2773 2772//2772
f 2778//2778 2773//2773 2767//2767
f 2778//2778 2758//2758 2773//2773
f 2758//2758 2753//2753 2773//2773
f 2758//2758 2752//2752 2753//2753
f 2779//2779 2759//2759 2758//2758
