# Web-optimized cell aggregate model; decorative ground plane removed
# Reduced from 35712 to 2499 triangles
v -0.068336 1.372918 0.254411
v -0.052322 1.337876 0.211257
v -0.063459 1.372533 0.257031
v -0.047124 1.338780 0.212979
v 0.002188 1.396924 0.252502
v -0.057503 1.367051 0.264312
v 0.014548 1.397135 0.226059
v -0.039043 1.335484 0.219486
v -0.053329 1.365117 0.267589
v 0.004546 1.361366 0.284661
v -0.037389 1.331786 0.223280
v 0.020488 1.335425 0.290816
v -0.037752 1.327408 0.226672
v -0.062049 1.353109 0.273378
v -0.036138 1.333283 0.296164
v -0.004158 1.301582 0.276119
v -0.040077 1.323018 0.229147
v -0.083170 1.312725 0.290672
v -0.038063 1.285820 0.308746
v -0.044009 1.319284 0.230328
v -0.049597 1.271903 0.280602
v -0.077557 1.350531 0.268278
v -0.099637 1.274494 0.287734
v -0.054148 1.315870 0.228312
v -0.083864 1.352574 0.263495
v -0.138491 1.295217 0.254157
v -0.058812 1.316709 0.225422
v -0.084102 1.358589 0.258620
v -0.070390 1.370018 0.256072
v -0.077931 1.367358 0.254535
v -0.071720 1.351713 0.270212
v -0.058042 1.359930 0.269855
v -0.105010 1.351999 0.249845
v -0.142182 1.334197 0.226673
v -0.145623 1.328881 0.219965
v -0.144467 1.325316 0.215561
v -0.140087 1.322485 0.212160
v -0.145213 1.328956 0.220070
v -0.132651 1.320498 0.209892
v -0.122445 1.319430 0.208845
v -0.102826 1.319632 0.209637
v -0.127953 1.378544 0.202530
v -0.135051 1.359195 0.187350
v -0.093473 1.323463 0.211876
v -0.061196 1.331631 0.212144
v -0.076696 1.373121 0.250019
v -0.085364 1.410334 0.193347
v -0.039867 1.422625 0.195933
v -0.047350 1.391872 0.181221
v -0.028191 1.413923 0.229470
v 0.010574 1.362101 0.230785
v -0.085732 1.279845 0.250609
v -0.098542 1.354558 0.253207
v -0.129928 1.342505 0.237347
v -0.067035 1.320814 0.218728
v -0.094450 1.373826 0.239391
v -0.093340 1.345519 0.190636
v -0.076489 1.401136 0.221185
v -0.123921 1.300967 0.221273
v -0.127950 1.331090 0.252141
v -0.089643 1.394355 0.173591
v -0.069870 1.401413 0.175751
v 0.598913 1.560866 0.042603
v 0.577466 1.525825 0.001875
v 0.604120 1.560481 0.040720
v 0.581991 1.611474 -0.017301
v 0.582218 1.526728 -0.000846
v 0.644564 1.584872 -0.011186
v 0.613517 1.555000 0.041145
v 0.633122 1.585083 -0.038040
v 0.592458 1.523433 -0.002521
v 0.618742 1.553066 0.040224
v 0.670084 1.549316 0.008522
v 0.596386 1.519734 -0.001221
v 0.685308 1.523374 0.000759
v 0.598670 1.515357 0.001314
v 0.617232 1.541057 0.050582
v 0.651494 1.521234 0.046495
v 0.657912 1.489531 0.009302
v 0.598962 1.510966 0.004698
v 0.616013 1.500675 0.077852
v 0.659579 1.473769 0.056328
v 0.597217 1.507232 0.008414
v 0.630924 1.459853 0.046130
v 0.603085 1.538479 0.058725
v 0.602834 1.462443 0.088153
v 0.588948 1.503818 0.014618
v 0.595313 1.540523 0.060229
v 0.551898 1.483165 0.094674
v 0.583684 1.504659 0.016161
v 0.617283 1.547880 0.045247
v 0.608421 1.539661 0.055670
v 0.591523 1.546538 0.057153
v 0.571034 1.539948 0.066865
v 0.528968 1.522146 0.079078
v 0.521676 1.516830 0.077163
v 0.519168 1.513265 0.073363
v 0.519559 1.510433 0.067831
v 0.522027 1.516905 0.076928
v 0.522834 1.508447 0.060780
v 0.528866 1.507378 0.052481
v 0.542551 1.507580 0.038400
v 0.536665 1.576652 0.046520
v 0.504155 1.547931 0.048689
v 0.550462 1.511411 0.032931
v 0.591325 1.556642 0.049168
v 0.572205 1.519580 0.009074
v 0.594420 1.559519 0.045569
v 0.538856 1.589161 0.031682
v 0.558421 1.579820 -0.021876
v 0.589805 1.584995 0.023963
v 0.633987 1.550049 -0.031925
v 0.584474 1.467793 0.053018
v 0.577855 1.542507 0.064292
v 0.545095 1.530454 0.077077
v 0.573210 1.508763 0.017817
v 0.534732 1.533471 0.018654
v 0.551962 1.597470 0.014347
v 0.537141 1.488911 0.061877
v 0.557432 1.519039 0.085479
v 0.541131 1.538634 0.075521
v 0.539311 1.589361 -0.008753
v 0.531926 1.594320 -0.004302
v -0.152124 1.671585 -0.268697
v -0.132881 1.692371 -0.280925
v -0.137830 1.636621 -0.312513
v -0.132816 1.636362 -0.310149
v -0.144916 1.667096 -0.261885
v -0.078634 1.681013 -0.260702
v -0.143960 1.663096 -0.258157
v -0.063228 1.680282 -0.285484
v -0.126406 1.631136 -0.303070
v -0.140683 1.660176 -0.254603
v -0.087238 1.643883 -0.231506
v -0.125986 1.626966 -0.299432
v -0.077483 1.614966 -0.225759
v -0.127609 1.622560 -0.296472
v -0.152208 1.649845 -0.250835
v -0.133679 1.623928 -0.226992
v -0.106120 1.587675 -0.245857
v -0.131028 1.618590 -0.294643
v -0.182711 1.613585 -0.239396
v -0.146264 1.577165 -0.218645
v -0.135721 1.615658 -0.294221
v -0.156611 1.567514 -0.248954
v -0.167152 1.650735 -0.257837
v -0.205715 1.579676 -0.247293
v -0.145991 1.614472 -0.297635
v -0.172294 1.654279 -0.263114
v -0.235306 1.609700 -0.283201
v -0.150003 1.616399 -0.300952
v -0.161489 1.650606 -0.255169
v -0.146553 1.655917 -0.253314
v -0.170755 1.660493 -0.267475
v -0.191261 1.658759 -0.279051
v -0.227936 1.650164 -0.307631
v -0.231459 1.646049 -0.315097
v -0.230463 1.642586 -0.319620
v -0.226316 1.639137 -0.322730
v -0.219174 1.635833 -0.324304
v -0.231059 1.646033 -0.314941
v -0.209315 1.632802 -0.324284
v -0.190283 1.629014 -0.321281
v -0.212181 1.676423 -0.343216
v -0.180727 1.630752 -0.317700
v -0.162463 1.669526 -0.271416
v -0.147779 1.632245 -0.313143
v -0.157279 1.671393 -0.270744
v -0.152743 1.715254 -0.329905
v -0.102307 1.717030 -0.312749
v -0.118820 1.690179 -0.337264
v -0.074428 1.646546 -0.284127
v -0.186468 1.584281 -0.282053
v -0.184898 1.659766 -0.274786
v -0.215759 1.655206 -0.295003
v -0.156373 1.622454 -0.308166
v -0.173674 1.653538 -0.336909
v -0.181788 1.703983 -0.321538
v -0.215870 1.614318 -0.313658
v -0.217896 1.642787 -0.281073
v -0.158535 1.701544 -0.349361
v -0.206984 1.674556 -0.301668
v -0.138215 1.704349 -0.344425
v 0.522117 0.768638 0.012631
v 0.502207 0.775999 -0.041340
v 0.560707 0.813300 0.002059
v 0.507534 0.775309 -0.042732
v 0.587385 0.784718 -0.012570
v 0.529837 0.756126 0.009004
v 0.587872 0.804470 -0.034058
v 0.515284 0.768244 -0.045659
v 0.533712 0.752384 0.007304
v 0.586489 0.737024 -0.017865
v 0.516526 0.762946 -0.046747
v 0.591183 0.715039 -0.039306
v 0.515662 0.757497 -0.047349
v 0.523631 0.740071 0.008015
v 0.545330 0.709796 -0.005988
v 0.551161 0.703375 -0.054510
v 0.512827 0.752726 -0.047371
v 0.495718 0.700256 0.004614
v 0.528632 0.668685 -0.027098
v 0.508449 0.749360 -0.046812
v 0.502783 0.680314 -0.044861
v 0.507800 0.742179 0.012264
v 0.465031 0.676895 -0.011323
v 0.497868 0.748603 -0.044364
v 0.501641 0.747119 0.014386
v 0.428953 0.715825 0.004468
v 0.493276 0.751326 -0.042848
v 0.517321 0.764271 0.013451
v 0.502135 0.754768 0.015508
v 0.526196 0.760927 0.010703
v 0.513852 0.741516 0.010804
v 0.528485 0.747243 0.008011
v 0.478785 0.756937 0.018265
v 0.431912 0.762345 0.015213
v 0.424345 0.763781 0.010138
v 0.422176 0.764663 0.004851
v 0.423361 0.765282 -0.001231
v 0.424754 0.763752 0.010013
v 0.427852 0.765615 -0.007872
v 0.435478 0.765648 -0.014817
v 0.452124 0.765138 -0.025222
v 0.433258 0.808383 0.006118
v 0.462310 0.766011 -0.026849
v 0.509130 0.765583 0.015423
v 0.492576 0.771186 -0.039724
v 0.511132 0.770864 0.015518
v 0.468245 0.821628 0.019537
v 0.542168 0.844074 -0.004716
v 0.517655 0.834442 -0.027622
v 0.571727 0.777521 -0.050748
v 0.464965 0.708016 -0.036455
v 0.486467 0.756134 0.018091
v 0.449512 0.759941 0.019407
v 0.485676 0.759070 -0.039449
v 0.463710 0.796562 -0.025174
v 0.514380 0.806115 0.016227
v 0.431184 0.744061 -0.018431
v 0.451903 0.741303 0.019510
v 0.480791 0.841897 -0.006695
v 0.457823 0.779917 0.024644
v 0.500932 0.844957 -0.012208
v 0.503463 0.842722 0.006474
v -0.411850 0.798400 -0.026276
v -0.384253 0.795556 -0.077041
v -0.407718 0.795980 -0.023471
v -0.369774 0.866694 -0.027505
v -0.379665 0.794663 -0.074047
v -0.344248 0.810924 0.002474
v -0.403371 0.786601 -0.020056
v -0.326014 0.825929 -0.014686
v -0.373189 0.787245 -0.069405
v -0.399994 0.782640 -0.017864
v -0.347683 0.763140 0.005334
v -0.372286 0.781851 -0.068461
v -0.332298 0.737329 -0.002560
v -0.373209 0.776382 -0.068679
v -0.409188 0.770606 -0.022805
v -0.388388 0.738386 -0.012181
v -0.350940 0.722360 -0.039937
v -0.375818 0.771673 -0.070026
v -0.431632 0.730595 -0.039276
v -0.390719 0.693660 -0.032402
v -0.379714 0.768438 -0.072298
v -0.394516 0.701149 -0.064780
v -0.422890 0.773341 -0.031630
v -0.444888 0.704131 -0.068695
v -0.388894 0.768065 -0.078138
v -0.427987 0.778534 -0.035358
v -0.475741 0.745019 -0.089741
v -0.392779 0.770984 -0.080821
v -0.427385 0.786258 -0.035380
v -0.417748 0.772469 -0.028167
v -0.404828 0.777686 -0.020382
v -0.445244 0.788662 -0.050637
v -0.474886 0.792783 -0.087244
v -0.476356 0.793073 -0.096346
v -0.474004 0.792842 -0.101623
v -0.468801 0.792233 -0.104988
v -0.460944 0.791270 -0.106308
v -0.475988 0.793025 -0.096131
v -0.450738 0.789989 -0.105536
v -0.431902 0.787583 -0.100537
v -0.445480 0.842214 -0.059271
v -0.461197 0.836045 -0.099291
v -0.423561 0.788230 -0.094440
v -0.420983 0.796915 -0.032012
v -0.392741 0.791055 -0.082159
v -0.416508 0.798728 -0.029275
v -0.432056 0.855750 -0.055078
v -0.375184 0.855744 -0.065310
v -0.401004 0.828249 -0.024198
v -0.329134 0.795974 -0.033615
v -0.422899 0.729525 -0.090415
v -0.439899 0.787931 -0.045107
v -0.465961 0.791486 -0.071376
v -0.399391 0.779164 -0.085137
v -0.419576 0.818503 -0.096841
v -0.411049 0.861088 -0.046594
v -0.454133 0.768068 -0.107866
v -0.466936 0.773288 -0.066813
v -0.466895 0.800497 -0.069666
v -0.396243 0.868961 -0.068457
v -0.403910 0.875271 -0.069105
v -0.607757 1.451705 -0.064581
v -0.596955 1.420362 -0.111990
v -0.602764 1.450746 -0.062356
v -0.591609 1.420755 -0.110551
v -0.535992 1.471296 -0.068995
v -0.596761 1.444179 -0.056082
v -0.525328 1.473453 -0.096081
v -0.583384 1.416303 -0.104977
v -0.592535 1.441659 -0.053309
v -0.534107 1.432529 -0.040741
v -0.581759 1.412137 -0.101691
v -0.519654 1.405146 -0.038301
v -0.582212 1.407465 -0.098730
v -0.601690 1.429690 -0.048143
v -0.575841 1.406032 -0.029278
v -0.547466 1.374617 -0.054523
v -0.584677 1.402998 -0.096546
v -0.624447 1.389147 -0.033499
v -0.580277 1.357739 -0.021339
v -0.588778 1.399417 -0.095469
v -0.594491 1.347551 -0.049854
v -0.617627 1.428632 -0.052386
v -0.643685 1.352535 -0.039049
v -0.599236 1.396873 -0.097105
v -0.624065 1.431550 -0.056495
v -0.683028 1.379012 -0.067641
v -0.604002 1.398298 -0.099568
v -0.617690 1.446778 -0.064341
v -0.611614 1.429239 -0.050753
v -0.609901 1.448785 -0.063076
v -0.624189 1.438039 -0.060725
v -0.597446 1.436573 -0.051245
v -0.646013 1.433717 -0.068636
v -0.685711 1.420772 -0.090820
v -0.689926 1.416404 -0.097766
v -0.689299 1.413246 -0.102569
v -0.685348 1.410512 -0.106528
v -0.689507 1.416442 -0.097683
v -0.678225 1.408304 -0.109491
v -0.668204 1.406710 -0.111344
v -0.648607 1.405595 -0.111898
v -0.669970 1.466390 -0.111394
v -0.679332 1.449195 -0.127883
v -0.638889 1.408579 -0.109945
v -0.606168 1.414630 -0.111110
v -0.616342 1.452886 -0.068342
v -0.625932 1.496214 -0.120325
v -0.579613 1.505287 -0.119697
v -0.590127 1.476745 -0.136819
v -0.566492 1.492455 -0.088073
v -0.531428 1.438439 -0.094573
v -0.631791 1.360799 -0.076337
v -0.639184 1.435504 -0.065495
v -0.672264 1.427149 -0.080254
v -0.612322 1.403580 -0.105237
v -0.634630 1.455799 -0.077590
v -0.638556 1.432659 -0.128864
v -0.616018 1.483647 -0.094215
v -0.670180 1.387191 -0.100724
v -0.670165 1.414172 -0.066836
v -0.632537 1.482661 -0.141218
v -0.612233 1.488198 -0.139747
v 0.094434 1.316701 -0.398225
v 0.080567 1.049495 -0.460414
v 0.147257 0.968002 -0.438063
v 0.071077 0.679804 -0.111367
v 0.090262 1.501487 -0.105052
v 0.110667 1.501487 -0.089153
v 0.093218 0.679804 -0.103472
v 0.118157 1.501487 -0.078533
v -0.004817 1.501487 -0.058805
v 0.042864 1.501487 0.018094
v 0.126618 1.501487 -0.040985
v 0.032999 1.504330 -0.004657
v 0.019343 1.504330 -0.018314
v 0.133009 1.500066 -0.064398
v 0.119737 0.679804 -0.075577
v 0.126618 0.679804 -0.050641
v 0.124406 1.501487 -0.028178
v 0.120881 1.501487 -0.018189
v 0.112793 1.501487 -0.005064
v 0.105714 1.501487 0.002816
v 0.123433 0.679804 -0.024971
v 0.092872 1.500066 0.021678
v 0.139405 1.445255 0.163233
v 0.064580 1.500066 0.028929
v 0.029207 1.356789 0.273470
v 0.090262 0.679804 0.013427
v 0.049008 0.937842 0.343944
v 0.028470 1.498644 0.031510
v 0.019749 1.501487 0.006481
v 0.001318 1.498644 0.013367
v 0.039656 0.679804 0.017122
v 0.002839 1.501487 -0.013093
v 0.008204 0.679804 -0.005064
v -0.002436 1.501487 -0.024971
v -0.005055 1.501487 -0.035235
v -0.003409 0.679804 -0.028178
v -0.078869 1.482115 -0.045813
v -0.042483 1.491801 -0.045813
v -0.184418 1.423006 -0.045813
v -0.269733 1.337141 -0.045813
v -0.338321 1.191188 -0.045813
v -0.292149 1.303377 -0.045813
v -0.346193 1.029929 -0.045813
v -0.346193 1.151361 -0.045813
v -0.298195 0.886116 -0.045813
v -0.338321 0.990102 -0.045813
v -0.215607 0.784045 -0.045813
v -0.078854 0.701126 -0.045813
v -0.192837 1.404117 -0.169911
v 0.000116 1.501487 -0.073437
v -0.012011 0.681225 -0.064398
v 0.008204 1.501487 -0.086562
v 0.002839 0.679804 -0.078533
v 0.017159 1.501487 -0.095981
v 0.025639 1.501487 -0.102329
v 0.019749 0.679804 -0.098108
v 0.039656 1.501487 -0.108748
v -0.029771 1.370611 -0.344073
v 0.030734 0.679804 -0.105052
v 0.052335 1.501487 -0.111605
v 0.065327 1.501487 -0.111934
v 0.093524 0.839254 -0.377890
v 0.055670 0.679804 -0.111934
v 0.117447 1.493358 -0.144344
v 0.195192 1.442081 -0.229593
v 0.228595 0.750106 -0.224597
v 0.096063 0.688906 -0.158588
v 0.119616 0.739138 -0.267998
v 0.163646 0.687836 -0.096356
v 0.192847 1.476640 -0.134036
v 0.116091 1.501330 -0.091851
v 0.168181 1.493063 -0.083485
v 0.290168 1.437659 -0.101244
v 0.364781 0.803998 -0.024970
v 0.225786 0.702585 -0.057061
v 0.333642 0.803996 0.089885
v 0.180098 1.491111 -0.011387
v 0.159162 0.688104 0.010379
v 0.260921 0.803995 0.184081
v 0.260942 1.441061 0.070630
v 0.185328 0.702585 0.063107
v 0.157690 0.803995 0.243280
v 0.143556 1.490328 0.048404
v 0.090529 0.688104 0.063686
v 0.039660 0.803996 0.258468
v 0.076436 1.493063 0.067150
v 0.071747 0.702585 0.119473
v -0.089166 0.748036 0.148290
v 0.004304 0.688104 0.052848
v -0.176268 1.419672 0.070700
v -0.020793 0.688184 0.033055
v 0.013734 1.493262 0.059795
v -0.084527 0.698134 -0.002702
v -0.038519 1.493486 0.008455
v -0.072522 1.487397 -0.024182
v -0.010535 0.681510 -0.040985
v -0.230607 0.796553 0.020220
v -0.041192 0.685728 -0.024372
v -0.161164 0.750468 -0.151494
v -0.275251 0.851726 -0.125059
v -0.002999 0.679958 -0.080115
v 0.004912 0.679958 -0.091843
v 0.015750 1.498271 -0.127669
v -0.156664 0.814907 -0.279908
v 0.020221 0.685452 -0.141149
v 0.059577 1.485929 -0.184417
v 0.011477 0.676961 -0.050641
v 0.143451 1.217579 -0.439823
v 0.300160 1.242753 -0.353255
v 0.239351 1.092269 -0.424789
v 0.232248 0.852865 -0.344874
v 0.295671 0.935979 -0.356000
v 0.360930 1.088981 -0.338777
v 0.369245 0.930000 -0.276269
v 0.343913 0.805791 -0.170162
v 0.252546 1.351011 -0.315869
v 0.343359 1.356788 -0.197179
v 0.399569 1.242752 -0.238141
v 0.450174 1.088982 -0.201505
v 0.424885 0.936382 -0.182521
v 0.376458 1.359925 -0.088262
v 0.443426 1.251573 -0.101825
v 0.480092 1.088980 -0.040536
v 0.447071 0.929716 -0.027589
v 0.373728 1.359463 0.007164
v 0.357372 1.359463 0.067262
v 0.435713 1.251572 0.048977
v 0.446131 1.088981 0.119638
v 0.410672 0.929715 0.118956
v 0.370875 1.251574 0.185352
v 0.374661 1.090974 0.229655
v 0.294813 1.361763 0.171779
v 0.320961 0.929713 0.240419
v 0.264947 1.259673 0.278195
v 0.184621 1.243446 0.323831
v 0.289225 1.088981 0.305998
v 0.191597 0.929714 0.318306
v 0.146306 1.350554 0.271370
v 0.032033 1.242752 0.342965
v 0.137181 1.088981 0.366748
v -0.026540 1.088981 0.364688
v -0.130065 0.934216 0.294194
v -0.049386 0.867317 0.291768
v -0.014314 1.414804 0.213295
v -0.108313 1.359464 0.223299
v -0.105674 1.251574 0.303696
v -0.148385 1.090973 0.316055
v -0.214969 1.090974 0.268350
v -0.247360 0.925981 0.189132
v -0.186648 0.811265 0.146386
v -0.107774 1.414805 0.164942
v -0.198451 1.359464 0.138210
v -0.226776 1.251575 0.213501
v -0.291315 1.088981 0.182909
v -0.297171 1.259670 0.091496
v -0.263626 1.348191 0.007504
v -0.347646 1.069814 0.048224
v -0.311301 0.935594 0.070814
v -0.335514 1.200951 0.023797
v -0.282091 1.323823 -0.098734
v -0.075969 0.696822 -0.085544
v -0.011291 0.679958 -0.053204
v -0.346087 1.092267 -0.147294
v -0.336240 0.988445 -0.118467
v -0.068173 1.488937 -0.073156
v -0.315807 1.243447 -0.147971
v -0.294401 1.130811 -0.269692
v -0.068071 0.705361 -0.142597
v -0.108746 1.462183 -0.136351
v -0.289610 0.935982 -0.215953
v -0.131824 1.242754 -0.384886
v -0.232465 1.088980 -0.346245
v -0.199965 0.929714 -0.332044
v -0.131903 1.387158 -0.271750
v -0.229140 1.269616 -0.290596
v -0.124336 1.090975 -0.420535
v -0.033535 1.086213 -0.453521
v -0.052264 0.949910 -0.424375
v -0.046179 0.871417 -0.386240
v 0.035526 1.459913 -0.250551
v -0.019478 0.739012 -0.263056
v -0.016180 1.246635 -0.426032
v 0.221578 1.504650 -0.514216
v 0.166013 1.237443 -0.545399
v 0.227166 1.155953 -0.580137
v 0.419592 0.867752 -0.305353
v 0.437099 1.689436 -0.315424
v 0.462557 1.689436 -0.320006
v 0.440249 0.867752 -0.316571
v 0.475466 1.689436 -0.318496
v 0.408075 1.689436 -0.213756
v 0.454352 1.692278 -0.204720
v 0.509073 1.689436 -0.299735
v 0.497163 1.689436 -0.197933
v 0.473637 1.692278 -0.205774
v 0.495903 1.688014 -0.320120
v 0.478722 0.867752 -0.317699
v 0.501883 0.867752 -0.306180
v 0.517132 1.689436 -0.289539
v 0.522218 1.689436 -0.280247
v 0.526593 1.689436 -0.265463
v 0.527736 1.689436 -0.254932
v 0.518872 0.867752 -0.286674
v 0.533210 1.688014 -0.232781
v 0.669676 1.633204 -0.172946
v 0.519726 1.688014 -0.206873
v 0.678210 1.544737 -0.017310
v 0.525323 0.867752 -0.236345
v 0.743904 1.125788 0.014983
v 0.497545 1.686593 -0.178262
v 0.473087 1.689436 -0.188473
v 0.465913 1.686593 -0.170152
v 0.494298 0.867752 -0.196194
v 0.447224 1.689436 -0.188946
v 0.456784 0.867752 -0.187582
v 0.434859 1.689436 -0.192946
v 0.425467 1.689436 -0.197847
v 0.431821 0.867752 -0.194362
v 0.368323 1.670064 -0.149943
v 0.392609 1.679750 -0.177037
v 0.240928 1.525089 -0.007817
v 0.297872 1.610955 -0.071346
v 0.195147 1.379137 0.043258
v 0.225966 1.491326 0.008875
v 0.189894 1.339310 0.049119
v 0.189894 1.217878 0.049118
v 0.221931 1.074066 0.013377
v 0.195147 1.178051 0.043257
v 0.277055 0.971994 -0.048121
v 0.368332 0.889074 -0.149953
v 0.199848 1.592069 -0.147908
v 0.400472 1.689436 -0.227196
v 0.399108 0.869174 -0.212132
v 0.396097 1.689436 -0.241979
v 0.398495 0.867752 -0.232625
v 0.395060 1.689436 -0.254934
v 0.395994 1.689436 -0.265486
v 0.395206 0.867752 -0.258282
v 0.400570 1.689436 -0.280207
v 0.178997 1.558560 -0.385580
v 0.397367 0.867752 -0.271098
v 0.406905 1.689436 -0.291555
v 0.415332 1.689436 -0.301449
v 0.236116 1.027201 -0.499967
v 0.408887 0.867752 -0.294258
v 0.425984 1.681306 -0.361892
v 0.414398 1.630029 -0.476686
v 0.440415 0.938057 -0.498227
v 0.401103 0.876856 -0.355483
v 0.335353 0.927087 -0.446040
v 0.492558 0.875786 -0.364270
v 0.483982 1.664588 -0.411162
v 0.464171 1.689281 -0.325837
v 0.505167 1.681012 -0.359049
v 0.573363 1.625609 -0.461742
v 0.679962 0.991946 -0.466392
v 0.563291 0.890532 -0.384305
v 0.744706 0.991946 -0.366543
v 0.566809 1.679060 -0.319802
v 0.569044 0.876053 -0.289688
v 0.766311 0.991945 -0.249519
v 0.681842 1.629010 -0.325259
v 0.625767 0.890531 -0.273972
v 0.741489 0.991946 -0.133132
v 0.586940 1.678277 -0.252684
v 0.562933 0.876053 -0.202999
v 0.674016 0.991946 -0.035104
v 0.556100 1.681012 -0.190190
v 0.591929 0.890532 -0.151776
v 0.505984 0.935986 -0.012716
v 0.497311 0.876053 -0.146021
v 0.390072 1.607622 0.000352
v 0.465830 0.876134 -0.140541
v 0.508770 1.681210 -0.148409
v 0.396650 0.886082 -0.116955
v 0.435668 1.681434 -0.143767
v 0.388706 1.675347 -0.140207
v 0.417528 0.869459 -0.197604
v 0.316210 0.984502 0.007121
v 0.409436 0.873677 -0.163683
v 0.234699 0.938418 -0.159198
v 0.178236 1.039673 -0.056602
v 0.393411 0.867908 -0.229332
v 0.389959 0.867908 -0.243053
v 0.370527 1.686221 -0.275035
v 0.142078 1.002858 -0.248262
v 0.363463 0.873402 -0.287359
v 0.357514 1.673877 -0.345545
v 0.425029 0.864910 -0.220440
v 0.223315 1.405529 -0.578477
v 0.392376 1.430703 -0.637390
v 0.298522 1.280217 -0.639855
v 0.353289 1.040808 -0.581221
v 0.387337 1.123931 -0.635881
v 0.443720 1.276931 -0.672978
v 0.495820 1.117950 -0.637448
v 0.557921 0.993741 -0.547764
v 0.388436 1.538962 -0.576978
v 0.537431 1.544741 -0.565378
v 0.544446 1.430704 -0.634578
v 0.605503 1.276930 -0.647809
v 0.602760 1.124332 -0.616307
v 0.640625 1.547877 -0.517328
v 0.675224 1.439524 -0.576252
v 0.745340 1.276930 -0.562644
v 0.732937 1.117665 -0.529418
v 0.709871 1.547410 -0.451597
v 0.743688 1.547418 -0.399318
v 0.782369 1.439526 -0.469854
v 0.841943 1.276930 -0.430447
v 0.817767 1.117663 -0.404495
v 0.840645 1.439523 -0.330546
v 0.876162 1.278922 -0.303793
v 0.779768 1.549714 -0.282966
v 0.848336 1.117664 -0.256624
v 0.839078 1.447622 -0.189700
v 0.819444 1.431396 -0.099424
v 0.875985 1.276930 -0.189218
v 0.819988 1.117665 -0.108306
v 0.754806 1.538502 -0.105908
v 0.731845 1.430704 0.026970
v 0.819738 1.276930 -0.035452
v 0.708927 1.276931 0.085086
v 0.587336 1.122165 0.115122
v 0.639379 1.055263 0.053424
v 0.604350 1.602756 -0.025069
v 0.549055 1.547414 0.051606
v 0.610692 1.439526 0.103301
v 0.591389 1.278922 0.143355
v 0.511413 1.278923 0.161097
v 0.430811 1.113928 0.132340
v 0.439503 0.999215 0.058602
v 0.505966 1.602755 0.012251
v 0.425542 1.547416 0.061929
v 0.462696 1.439528 0.133276
v 0.396841 1.276930 0.160918
v 0.324861 1.447622 0.104263
v 0.284703 1.536139 0.023221
v 0.258947 1.257762 0.112968
v 0.300028 1.123543 0.100981
v 0.248852 1.388898 0.087627
v 0.193279 1.511771 -0.033928
v 0.340678 0.884769 -0.178616
v 0.407917 0.867908 -0.205191
v 0.114394 1.280216 -0.018698
v 0.142435 1.176393 -0.006787
v 0.355108 1.676887 -0.176152
v 0.134103 1.431397 -0.041696
v 0.057751 1.318758 -0.138882
v 0.303464 0.893308 -0.222580
v 0.280964 1.650132 -0.188121
v 0.100969 1.123926 -0.106578
v 0.080488 1.430704 -0.336823
v 0.042089 1.276930 -0.236096
v 0.074356 1.117661 -0.250824
v 0.164686 1.575110 -0.261256
v 0.085749 1.457572 -0.201430
v 0.058941 1.278923 -0.366201
v 0.094983 1.274162 -0.455828
v 0.104188 1.137860 -0.422433
v 0.136649 1.059361 -0.401508
v 0.292221 1.647863 -0.371778
v 0.246199 0.926959 -0.339168
v 0.127037 1.434583 -0.450405
v 0.388059 1.214205 -0.475389
v 0.241968 1.081589 -0.666524
v 0.271602 1.010247 -0.741484
v 0.209937 0.574846 -0.694400
v 0.570843 1.120094 -0.196381
v 0.593681 1.108222 -0.198947
v 0.231235 0.568915 -0.702389
v 0.603847 1.100310 -0.197229
v 0.509237 1.086013 -0.117500
v 0.545534 1.057762 -0.106740
v 0.624847 1.072389 -0.181076
v 0.561943 1.047577 -0.106780
v 0.577410 1.028742 -0.101389
v 0.620831 1.088814 -0.198544
v 0.263611 0.548113 -0.701701
v 0.278602 0.529568 -0.691680
v 0.627782 1.062882 -0.172716
v 0.628580 1.055470 -0.165189
v 0.626762 1.045743 -0.153367
v 0.623827 1.039909 -0.145027
v 0.285523 0.510506 -0.675622
v 0.619614 1.024982 -0.128231
v 0.688057 0.882992 -0.109219
v 0.598858 1.019678 -0.108380
v 0.600858 0.742199 -0.040692
v 0.272321 0.482076 -0.635720
v 0.468820 0.409360 -0.270169
v 0.569287 1.016914 -0.087629
v 0.553921 1.037438 -0.094925
v 0.540019 1.030473 -0.082538
v 0.231741 0.479478 -0.605371
v 0.532610 1.052029 -0.096357
v 0.197401 0.496053 -0.600125
v 0.523813 1.060869 -0.100014
v 0.517818 1.068502 -0.104258
v 0.179164 0.513259 -0.606488
v 0.444603 1.063610 -0.080784
v 0.478809 1.069987 -0.095171
v 0.332444 1.024354 -0.058115
v 0.225903 0.967129 -0.063211
v 0.108174 0.869636 -0.114605
v 0.193238 0.944595 -0.071439
v 0.034402 0.761720 -0.209359
v 0.085039 0.843001 -0.134694
v 0.014226 0.665319 -0.324622
v 0.024319 0.735038 -0.238249
v 0.040134 0.596755 -0.433558
v 0.118937 0.540853 -0.561003
v 0.271369 1.103932 -0.134040
v 0.507877 1.096869 -0.128396
v 0.159135 0.541145 -0.620948
v 0.509695 1.106597 -0.140218
v 0.165591 0.550652 -0.637987
v 0.513611 1.113568 -0.150464
v 0.518278 1.118260 -0.158736
v 0.172320 0.565145 -0.658329
v 0.527509 1.122988 -0.170142
v 0.327728 1.210420 -0.342679
v 0.178841 0.570272 -0.668332
v 0.536957 1.125072 -0.178820
v 0.547605 1.125279 -0.186267
v 0.195780 0.879519 -0.757144
v 0.196953 0.575311 -0.686101
v 0.575358 1.143763 -0.238430
v 0.586680 1.172550 -0.360839
v 0.327680 0.705567 -0.802218
v 0.216859 0.615951 -0.729037
v 0.216585 0.730786 -0.772168
v 0.295628 0.568801 -0.732870
v 0.634737 1.124698 -0.285138
v 0.597103 1.110107 -0.203572
v 0.639959 1.098206 -0.233125
v 0.711383 1.073960 -0.345278
v 0.537409 0.592932 -0.734199
v 0.367927 0.549298 -0.736688
v 0.554375 0.507690 -0.652907
v 0.675883 1.043298 -0.200895
v 0.331779 0.489690 -0.670830
v 0.529161 0.437920 -0.559863
v 0.752586 0.948627 -0.231253
v 0.379142 0.460136 -0.647231
v 0.465620 0.394239 -0.469216
v 0.667526 0.998461 -0.147690
v 0.294726 0.450290 -0.602813
v 0.373417 0.383301 -0.394779
v 0.619996 0.986565 -0.098055
v 0.305965 0.418593 -0.552382
v 0.202239 0.428078 -0.418438
v 0.219214 0.458586 -0.560630
v 0.381207 0.935540 0.000079
v 0.191028 0.473440 -0.557556
v 0.565362 0.992340 -0.066969
v 0.129047 0.506834 -0.535693
v 0.503008 1.030791 -0.066173
v 0.460152 1.051021 -0.069032
v 0.169198 0.523937 -0.608577
v 0.057506 0.556113 -0.380759
v 0.151712 0.514527 -0.579614
v 0.031908 0.652638 -0.543418
v -0.010608 0.701108 -0.402672
v 0.160227 0.551950 -0.635512
v 0.162422 0.560636 -0.646457
v 0.499307 1.134961 -0.169277
v 0.014685 0.791161 -0.577733
v 0.159029 0.600901 -0.679051
v 0.509348 1.168733 -0.232926
v 0.181954 0.528002 -0.629051
v 0.371865 1.178618 -0.586878
v 0.544529 1.130697 -0.610870
v 0.404720 1.083293 -0.709184
v 0.328760 0.863692 -0.807971
v 0.411862 0.927410 -0.798514
v 0.536183 1.016835 -0.731344
v 0.500058 0.863956 -0.798983
v 0.466785 0.702056 -0.802178
v 0.564124 1.175521 -0.496889
v 0.686030 1.090945 -0.478096
v 0.669825 1.044884 -0.602423
v 0.661300 0.914591 -0.704894
v 0.583768 0.798417 -0.774027
v 0.755345 1.012031 -0.434097
v 0.760634 0.949385 -0.545707
v 0.746059 0.794911 -0.632093
v 0.657087 0.678783 -0.704360
v 0.788430 0.940833 -0.379780
v 0.797253 0.896229 -0.337215
v 0.810404 0.837371 -0.457520
v 0.777558 0.676015 -0.524023
v 0.681488 0.570013 -0.602502
v 0.807439 0.736241 -0.345423
v 0.760108 0.595817 -0.421649
v 0.785271 0.820299 -0.242690
v 0.652348 0.480037 -0.484792
v 0.757571 0.672993 -0.229583
v 0.701205 0.628465 -0.169269
v 0.716873 0.538015 -0.332643
v 0.574103 0.422551 -0.369147
v 0.694563 0.739243 -0.111166
v 0.581533 0.614231 -0.073739
v 0.613440 0.493326 -0.213850
v 0.476936 0.495335 -0.123460
v 0.300313 0.444420 -0.199944
v 0.338400 0.401206 -0.287536
v 0.566561 0.825864 -0.014157
v 0.469268 0.781672 0.009938
v 0.456418 0.649712 -0.013163
v 0.358627 0.533155 -0.081160
v 0.285661 0.568795 -0.070461
v 0.160499 0.517303 -0.197863
v 0.147079 0.472097 -0.326116
v 0.471068 0.862059 0.011206
v 0.362845 0.845144 0.013009
v 0.322422 0.717074 0.004383
v 0.189713 0.631161 -0.076521
v 0.221992 0.813342 -0.019136
v 0.255430 0.934898 -0.030180
v 0.084854 0.718553 -0.131720
v 0.067429 0.611827 -0.222008
v 0.140496 0.824443 -0.071459
v 0.190399 0.997560 -0.093916
v 0.104737 0.567484 -0.587363
v 0.163365 0.531979 -0.615897
v 0.022691 0.878842 -0.227526
v -0.001703 0.787898 -0.280835
v 0.446135 1.088459 -0.097776
v 0.110583 0.980448 -0.151880
v 0.036027 0.995424 -0.300807
v 0.093596 0.615561 -0.618255
v 0.377794 1.117625 -0.126696
v -0.021230 0.825073 -0.393389
v 0.174597 1.155458 -0.386931
v 0.041425 1.024118 -0.403727
v 0.007243 0.906868 -0.511928
v 0.276888 1.168063 -0.235178
v 0.140236 1.103673 -0.263566
v 0.104238 1.080330 -0.504278
v 0.165246 1.101380 -0.576318
v 0.103738 0.988554 -0.633443
v 0.090251 0.907656 -0.663902
v 0.453931 1.200523 -0.272263
v 0.103056 0.727435 -0.691731
v 0.256768 1.188286 -0.472092
v 0.077842 1.622018 -0.901346
v 0.020823 1.367126 -0.986432
v 0.067237 1.272747 -0.963509
v -0.103544 0.987144 -0.672202
v 0.072308 1.786450 -0.596315
v 0.090159 1.781425 -0.578280
v -0.082992 0.982238 -0.661900
v 0.096109 1.779301 -0.566923
v -0.026059 1.802839 -0.561185
v 0.010639 1.788779 -0.479682
v 0.099604 1.775412 -0.528790
v 0.004456 1.794867 -0.503086
v -0.007111 1.798406 -0.518142
v 0.108505 1.774105 -0.551376
v -0.060704 0.975286 -0.631300
v -0.057154 0.972450 -0.605835
v 0.095835 1.775109 -0.516356
v 0.091144 1.775234 -0.506859
v 0.081616 1.776091 -0.494770
v 0.073732 1.777053 -0.487760
v -0.063495 0.971591 -0.580770
v 0.058581 1.777141 -0.470639
v 0.075460 1.705939 -0.329739
v 0.030132 1.782397 -0.466633
v -0.062705 1.635117 -0.240202
v -0.100622 0.976010 -0.546469
v -0.132874 1.217341 -0.202600
v -0.005609 1.788106 -0.468246
v -0.010391 1.794097 -0.493776
v -0.029743 1.794616 -0.489258
v -0.150338 0.985954 -0.548487
v -0.024377 1.798634 -0.515058
v -0.178148 0.993564 -0.573986
v -0.028012 1.800387 -0.527412
v -0.029265 1.801512 -0.537870
v -0.186532 0.997243 -0.598178
v -0.103489 1.798003 -0.558218
v -0.066217 1.800170 -0.553340
v -0.217574 1.761390 -0.574915
v -0.317111 1.694551 -0.591539
v -0.411922 1.565593 -0.611221
v -0.345418 1.666033 -0.596827
v -0.450586 1.409478 -0.625348
v -0.427239 1.528226 -0.615376
v -0.431524 1.259207 -0.631773
v -0.450583 1.368950 -0.627736
v -0.370774 1.142812 -0.630890
v -0.253630 1.034270 -0.622356
v -0.213736 1.751852 -0.700301
v -0.019412 1.802702 -0.575121
v -0.190059 1.002474 -0.634895
v -0.009883 1.801845 -0.587210
v -0.174096 0.998927 -0.647343
v 0.000019 1.800596 -0.595533
v 0.009074 1.799264 -0.600868
v -0.155168 0.996675 -0.664830
v 0.023525 1.796825 -0.605652
v -0.039500 1.696510 -0.857230
v -0.143601 0.994875 -0.670475
v 0.036224 1.794446 -0.607059
v 0.048909 1.791857 -0.605927
v -0.017400 1.154117 -0.920522
v -0.118466 0.990270 -0.674492
v 0.102154 1.775337 -0.632840
v 0.178722 1.714558 -0.712751
v 0.077563 1.030877 -0.760883
v -0.071517 0.993786 -0.715418
v -0.025134 1.044564 -0.816994
v -0.013802 0.975539 -0.646286
v 0.171027 1.743246 -0.615553
v 0.095746 1.780342 -0.580341
v 0.143793 1.761312 -0.566898
v 0.254103 1.683678 -0.575359
v 0.195259 1.044586 -0.543494
v 0.044542 0.975194 -0.599194
v 0.150459 1.044136 -0.433244
v 0.145919 1.752803 -0.494335
v -0.031577 0.970473 -0.541081
v 0.067803 1.053239 -0.348123
v 0.204621 1.682842 -0.408148
v -0.009999 0.976305 -0.484729
v -0.040137 1.070509 -0.301082
v 0.102659 1.755886 -0.439290
v -0.105110 0.981142 -0.495980
v -0.156915 1.093317 -0.299285
v 0.035495 1.770940 -0.428029
v -0.127645 0.995818 -0.441658
v -0.279145 1.070888 -0.427444
v -0.187655 0.999084 -0.516388
v -0.224988 1.749697 -0.458897
v -0.209566 1.005356 -0.538796
v -0.024550 1.784151 -0.442335
v -0.265167 1.029967 -0.580549
v -0.068879 1.797855 -0.499016
v -0.099029 1.800635 -0.535677
v -0.191522 1.001090 -0.611520
v -0.391301 1.154199 -0.566158
v -0.222648 1.010402 -0.598167
v -0.310915 1.105220 -0.732194
v -0.405805 1.225595 -0.710501
v -0.179549 1.000345 -0.649559
v -0.170374 0.999441 -0.660280
v 0.002031 1.799584 -0.627333
v -0.277935 1.174818 -0.853562
v -0.148192 1.004615 -0.706935
v 0.049473 1.782027 -0.679629
v -0.169757 0.992786 -0.618987
v 0.111739 1.517670 -0.945182
v 0.258158 1.505781 -0.839807
v 0.179073 1.375001 -0.929827
v 0.116048 1.137650 -0.871145
v 0.195157 1.206844 -0.868221
v 0.285908 1.342357 -0.831279
v 0.255550 1.181575 -0.781497
v 0.193621 1.059002 -0.689466
v 0.227917 1.619023 -0.799231
v 0.302427 1.599514 -0.671031
v 0.340375 1.479105 -0.714656
v 0.355436 1.316432 -0.685328
v 0.299091 1.171175 -0.681896
v 0.321494 1.589583 -0.559202
v 0.367549 1.470972 -0.574018
v 0.364237 1.301033 -0.522559
v 0.299846 1.151159 -0.526528
v 0.306705 1.584113 -0.465049
v 0.283209 1.583886 -0.407380
v 0.341010 1.463717 -0.425546
v 0.310971 1.298503 -0.367755
v 0.245929 1.149918 -0.385490
v 0.260701 1.468777 -0.297773
v 0.227914 1.308382 -0.266662
v 0.209573 1.592596 -0.310696
v 0.143293 1.160839 -0.275272
v 0.147455 1.492548 -0.217052
v 0.060396 1.490142 -0.182202
v 0.134747 1.319130 -0.200809
v 0.007566 1.182265 -0.212655
v 0.050322 1.605633 -0.229655
v -0.090647 1.518980 -0.180432
v -0.020888 1.346111 -0.157710
v -0.179957 1.379098 -0.178120
v -0.301564 1.252651 -0.272254
v -0.235602 1.171173 -0.271098
v -0.086308 1.704101 -0.299913
v -0.189689 1.668273 -0.305099
v -0.218008 1.557542 -0.234042
v -0.292016 1.408346 -0.239789
v -0.350792 1.424498 -0.294500
v -0.404042 1.274278 -0.390135
v -0.361616 1.152401 -0.435072
v -0.171162 1.725687 -0.358285
v -0.266671 1.691329 -0.399468
v -0.324481 1.587118 -0.336948
v -0.414691 1.442862 -0.387838
v -0.376035 1.616290 -0.465003
v -0.315772 1.701018 -0.537146
v -0.456201 1.443284 -0.529114
v -0.449485 1.303417 -0.513686
v -0.416100 1.570509 -0.541170
v -0.325017 1.687098 -0.646421
v -0.246634 1.031802 -0.661740
v -0.191022 1.000440 -0.623836
v -0.425688 1.476342 -0.720715
v -0.439708 1.371154 -0.699581
v -0.088321 1.804122 -0.583532
v -0.367071 1.618138 -0.705569
v -0.352532 1.510797 -0.832955
v -0.230113 1.041897 -0.716639
v -0.124974 1.789792 -0.652868
v -0.392110 1.316176 -0.795201
v -0.158256 1.594348 -0.919595
v -0.290635 1.461923 -0.905252
v -0.291417 1.298822 -0.900625
v -0.144843 1.728974 -0.795712
v -0.259693 1.634653 -0.834936
v -0.175645 1.446494 -0.966526
v -0.084034 1.425539 -0.989393
v -0.132140 1.294311 -0.973827
v -0.146122 1.214098 -0.941824
v 0.029405 1.765273 -0.749958
v -0.161144 1.072073 -0.827711
v -0.039773 1.577327 -0.947049
v -0.088344 1.138391 -0.494398
v -0.081217 0.965327 -0.733783
v -0.190438 1.106129 -0.190151
v -0.038061 0.875153 -0.763119
v -0.153398 0.463065 -0.700360
v -0.179775 1.101992 -0.183980
v -0.170760 1.096586 -0.176337
v -0.133782 0.455897 -0.689569
v -0.163739 1.090119 -0.167517
v -0.125251 0.450195 -0.681593
v -0.144000 1.087757 -0.167427
v 0.085569 1.035613 -0.313023
v -0.282957 1.083833 -0.169748
v -0.269244 1.058774 -0.132127
v -0.173965 1.077921 -0.148290
v -0.174789 1.065954 -0.133154
v -0.224924 1.040533 -0.105147
v -0.243661 1.042581 -0.109356
v -0.259224 1.048986 -0.118830
v -0.156673 1.075026 -0.147733
v -0.114651 0.436049 -0.662708
v -0.139011 1.068008 -0.141903
v -0.159654 1.059012 -0.127638
v -0.113872 0.420092 -0.642364
v -0.164830 1.051426 -0.118442
v -0.170611 1.045700 -0.111660
v -0.123034 0.404753 -0.623657
v -0.181563 1.038543 -0.103504
v -0.190294 1.034481 -0.099092
v -0.140740 0.392369 -0.609437
v -0.207139 1.023209 -0.088513
v -0.192568 0.888822 -0.005243
v -0.164297 0.384823 -0.601867
v -0.230300 1.027929 -0.094196
v -0.242304 1.015632 -0.084201
v -0.320869 0.763763 -0.000577
v -0.190116 0.383265 -0.602102
v -0.254884 1.031815 -0.101241
v -0.296147 0.389853 -0.201725
v -0.271870 1.022919 -0.095995
v -0.214267 0.387933 -0.610102
v -0.274563 1.041359 -0.115055
v -0.293922 1.036877 -0.115623
v -0.233075 0.398114 -0.624653
v -0.195959 0.449973 -0.691975
v -0.286339 1.055105 -0.133533
v -0.239536 0.404816 -0.633723
v -0.288649 1.062918 -0.143659
v -0.243676 0.412261 -0.643539
v -0.288762 1.069464 -0.151987
v -0.245336 0.420162 -0.653722
v -0.356848 1.068548 -0.188030
v -0.322060 1.072291 -0.174119
v -0.534348 0.975019 -0.319151
v -0.456122 1.033355 -0.247534
v -0.593166 0.867756 -0.424230
v -0.554309 0.950900 -0.344886
v -0.598694 0.837336 -0.450540
v -0.592266 0.742042 -0.525530
v -0.538085 0.624096 -0.603881
v -0.582520 0.709953 -0.548410
v -0.452556 0.535238 -0.648917
v -0.315490 0.455665 -0.670323
v -0.433943 1.095207 -0.354818
v -0.255090 0.445061 -0.681595
v -0.274711 1.092245 -0.179732
v -0.235293 0.443557 -0.682589
v -0.263759 1.099401 -0.187887
v -0.227365 0.450250 -0.690416
v -0.252844 1.104204 -0.193055
v -0.217586 0.455941 -0.696809
v -0.243116 1.107181 -0.196003
v -0.206330 0.460411 -0.701524
v -0.227998 1.109615 -0.197800
v -0.267817 1.156341 -0.420989
v -0.192100 0.477001 -0.716783
v -0.215023 1.110015 -0.197196
v -0.202340 1.108838 -0.194613
v -0.099965 1.103869 -0.585778
v -0.077021 0.748573 -0.798421
v -0.168210 0.465044 -0.704145
v -0.156094 1.121150 -0.219130
v -0.045377 1.120301 -0.291922
v 0.022483 0.570678 -0.708192
v -0.118466 0.496399 -0.724983
v -0.072407 0.600134 -0.771515
v -0.076132 0.463692 -0.681092
v -0.125064 1.102958 -0.194118
v -0.072076 1.089319 -0.198882
v -0.157836 1.091074 -0.168479
v -0.066265 0.437398 -0.646833
v -0.108833 1.073941 -0.155893
v 0.016648 1.028380 -0.176954
v 0.104544 0.476624 -0.494374
v -0.017350 0.431374 -0.611537
v -0.113226 1.046379 -0.121243
v 0.047174 0.409786 -0.414357
v -0.125482 1.010418 -0.082640
v -0.097167 0.385891 -0.584028
v -0.045661 0.359970 -0.359012
v -0.165619 0.989900 -0.060006
v -0.052533 0.929190 -0.051330
v -0.085022 0.362280 -0.529535
v -0.159815 0.334767 -0.336767
v -0.198313 0.998620 -0.066064
v -0.176373 0.360614 -0.558695
v -0.277919 0.338009 -0.351014
v -0.233467 0.991691 -0.062056
v -0.208546 0.339904 -0.511692
v -0.373887 0.375040 -0.496910
v -0.276004 0.997932 -0.073634
v -0.257450 0.376372 -0.585670
v -0.450037 0.977500 -0.152740
v -0.277135 0.391192 -0.606060
v -0.310325 1.013977 -0.096964
v -0.335983 0.427268 -0.638287
v -0.291632 0.416415 -0.639358
v -0.331129 1.040049 -0.131194
v -0.356087 1.058809 -0.167035
v -0.457357 1.034742 -0.246798
v -0.352384 0.470327 -0.670021
v -0.249311 0.430078 -0.663900
v -0.483387 0.506317 -0.594557
v -0.283210 0.426489 -0.655414
v -0.372969 0.567652 -0.737655
v -0.495261 0.643067 -0.680011
v -0.232660 0.451958 -0.692791
v -0.222222 0.458283 -0.699930
v -0.219201 0.554438 -0.769517
v -0.246543 1.121180 -0.219292
v -0.341642 0.696159 -0.793930
v -0.199276 0.492743 -0.731615
v -0.168725 0.468876 -0.708806
v -0.189947 1.141504 -0.260257
v -0.225432 0.430071 -0.669210
v 0.037398 0.879570 -0.713484
v -0.005975 1.114885 -0.428562
v -0.033970 1.077988 -0.600718
v 0.096259 1.028266 -0.485598
v 0.062149 0.960301 -0.645842
v 0.049030 0.724379 -0.734837
v 0.108795 0.789674 -0.678098
v 0.140626 0.909461 -0.576602
v 0.180815 0.867020 -0.519228
v 0.161638 0.728489 -0.605497
v 0.118542 0.568907 -0.607535
v 0.071254 1.060272 -0.357684
v 0.096822 1.006153 -0.268453
v 0.165483 0.947425 -0.376935
v 0.206337 0.819954 -0.457230
v 0.216205 0.770085 -0.393012
v 0.193108 0.670346 -0.518584
v 0.102058 0.967999 -0.219527
v 0.095102 0.929433 -0.171117
v 0.175328 0.866453 -0.258916
v 0.210045 0.719319 -0.329029
v 0.188090 0.669609 -0.267742
v 0.178345 0.568153 -0.400778
v 0.076216 0.891954 -0.125103
v 0.046140 0.856994 -0.083257
v 0.132179 0.775180 -0.146625
v 0.151183 0.622865 -0.211504
v 0.100747 0.580888 -0.162482
v 0.108372 0.482518 -0.297959
v 0.037024 0.698775 -0.057692
v 0.038720 0.545283 -0.122563
v -0.015032 0.812902 -0.031726
v -0.007389 0.417859 -0.225713
v -0.097845 0.779872 0.002399
v -0.088131 0.659665 -0.005608
v -0.032517 0.517431 -0.093268
v -0.175998 0.627581 0.001356
v -0.110231 0.498385 -0.075735
v -0.157606 0.766719 0.013992
v -0.151313 0.384014 -0.195042
v -0.239470 0.745085 0.016210
v -0.191428 0.488896 -0.070626
v -0.328525 0.631535 -0.017862
v -0.272985 0.489307 -0.078153
v -0.351779 0.499624 -0.098011
v -0.424777 0.519439 -0.129447
v -0.457926 0.436382 -0.280580
v -0.375535 0.376806 -0.306148
v -0.351933 0.850654 -0.019712
v -0.442566 0.811082 -0.066809
v -0.453307 0.677039 -0.072100
v -0.489169 0.547988 -0.171249
v -0.542486 0.584182 -0.221813
v -0.546442 0.506517 -0.390628
v -0.471356 0.436156 -0.480543
v -0.431171 0.890090 -0.076619
v -0.509887 0.872602 -0.150751
v -0.549468 0.744957 -0.166654
v -0.582672 0.626620 -0.279187
v -0.608195 0.673688 -0.341181
v -0.527110 0.908890 -0.198345
v -0.589339 0.833285 -0.269200
v -0.541617 0.950484 -0.270703
v -0.618027 0.716065 -0.430146
v -0.581001 0.593091 -0.488043
v -0.607422 0.832610 -0.364988
v -0.533120 0.998189 -0.370051
v -0.303070 0.476245 -0.702379
v -0.247075 0.436401 -0.674256
v -0.571463 0.852924 -0.563703
v -0.563233 0.752800 -0.603884
v -0.340368 1.089464 -0.202149
v -0.549927 0.968765 -0.464263
v -0.489209 1.002856 -0.553281
v -0.282364 0.516946 -0.738500
v -0.502606 0.912755 -0.635932
v -0.363369 1.111362 -0.275268
v -0.492156 0.766212 -0.699801
v -0.440577 0.948356 -0.675855
v -0.315367 1.093387 -0.603637
v -0.369343 0.976210 -0.705145
v -0.377396 0.822687 -0.771870
v -0.349835 1.137630 -0.428980
v -0.433500 1.067208 -0.536996
v -0.291629 0.995255 -0.722681
v -0.195488 1.002033 -0.730761
v -0.213331 0.879259 -0.796988
v -0.212292 0.793718 -0.815317
v -0.196269 1.164023 -0.331541
v -0.228701 1.154975 -0.485231
v -0.209849 0.635561 -0.804098
v -0.193640 1.109297 -0.607136
v -0.475415 1.467307 -0.713911
v -0.526764 1.194985 -0.816437
v -0.475780 1.607666 -0.423515
v -0.486852 1.099320 -0.806034
v -0.540091 0.792612 -0.505777
v -0.463412 1.606421 -0.419721
v -0.452040 1.605015 -0.413588
v -0.517552 0.790405 -0.499474
v -0.442102 1.603498 -0.405352
v -0.506509 0.788964 -0.492775
v -0.423162 1.599781 -0.410114
v -0.245739 1.459140 -0.569362
v -0.555179 1.607634 -0.367220
v -0.444795 1.604084 -0.380544
v -0.528392 1.604761 -0.328419
v -0.439858 1.601894 -0.362002
v -0.476485 1.599394 -0.311048
v -0.513941 1.602494 -0.315809
v -0.495714 1.600609 -0.309709
v -0.427983 1.600375 -0.383904
v -0.489402 0.785860 -0.473622
v -0.408832 1.595884 -0.381030
v -0.423204 1.597529 -0.358642
v -0.480991 0.782857 -0.449345
v -0.424605 1.596348 -0.345775
v -0.427489 1.595539 -0.335614
v -0.482555 0.780409 -0.423640
v -0.434721 1.594695 -0.322024
v -0.441276 1.594327 -0.313711
v -0.493857 0.778893 -0.400423
v -0.452979 1.591779 -0.294237
v -0.401603 1.519848 -0.162354
v -0.513177 0.778537 -0.383225
v -0.477090 1.594889 -0.294106
v -0.484295 1.590734 -0.276049
v -0.510573 1.427593 -0.054014
v -0.537572 0.779397 -0.374665
v -0.502893 1.596706 -0.294187
v -0.515602 1.003201 -0.026788
v -0.516581 1.593405 -0.280153
v -0.563329 0.781340 -0.376048
v -0.526633 1.599356 -0.304114
v -0.544750 1.596984 -0.296281
v -0.586527 0.784071 -0.387162
v -0.576671 0.789669 -0.479198
v -0.544695 1.602439 -0.322373
v -0.596032 0.785605 -0.395892
v -0.550690 1.603995 -0.333798
v -0.603635 0.787175 -0.406315
v -0.553940 1.605218 -0.343806
v -0.609042 0.788719 -0.418032
v -0.629440 1.591722 -0.351102
v -0.592540 1.599048 -0.352668
v -0.738640 1.539685 -0.349621
v -0.829556 1.459815 -0.352184
v -0.907999 1.319246 -0.361838
v -0.854223 1.427708 -0.353963
v -0.927059 1.159662 -0.377212
v -0.918608 1.280205 -0.365224
v -0.921993 1.119631 -0.381690
v -0.889279 1.013883 -0.394737
v -0.700906 0.827121 -0.426015
v -0.756104 1.534261 -0.474095
v -0.629068 0.796187 -0.450206
v -0.551184 1.608832 -0.382088
v -0.610482 0.792625 -0.456296
v -0.543952 1.609676 -0.395678
v -0.605973 0.793519 -0.468452
v -0.535627 1.610085 -0.405648
v -0.599179 0.794142 -0.479514
v -0.527581 1.610206 -0.412538
v -0.590362 0.794473 -0.489056
v -0.514027 1.609986 -0.419882
v -0.624488 1.536822 -0.609690
v -0.583049 0.799327 -0.514225
v -0.501583 1.609483 -0.423596
v -0.488669 1.608699 -0.424823
v -0.511411 1.391404 -0.765085
v -0.523321 0.976963 -0.756168
v -0.555465 0.793639 -0.505271
v -0.453483 1.602240 -0.464967
v -0.370874 1.553692 -0.556489
v -0.385461 0.864167 -0.622161
v -0.517537 0.804945 -0.553488
v -0.487451 0.862286 -0.654251
v -0.461031 0.796300 -0.514514
v -0.414818 1.597082 -0.445130
v -0.364827 1.578292 -0.458070
v -0.436876 1.603280 -0.408414
v -0.438802 0.790967 -0.476553
v -0.385076 1.590936 -0.404538
v -0.268588 1.530095 -0.436098
v -0.233627 0.888511 -0.428115
v -0.381079 0.799894 -0.460342
v -0.376124 1.585999 -0.361214
v -0.257437 0.878626 -0.311938
v -0.372675 1.576703 -0.307966
v -0.444190 0.782758 -0.390208
v -0.323940 0.873490 -0.213384
v -0.401893 1.574673 -0.266956
v -0.286686 1.517588 -0.263123
v -0.413833 0.790049 -0.338248
v -0.423016 0.873877 -0.147463
v -0.435503 1.581831 -0.266276
v -0.509189 0.781578 -0.332525
v -0.539575 0.879740 -0.124201
v -0.466988 1.581173 -0.248648
v -0.523385 0.791381 -0.274421
v -0.678624 0.843649 -0.230173
v -0.511389 1.584228 -0.248053
v -0.595702 0.788118 -0.337305
v -0.698769 1.541164 -0.246902
v -0.621905 0.791815 -0.355174
v -0.552521 1.588743 -0.264451
v -0.690819 0.810883 -0.381610
v -0.648148 0.797156 -0.390388
v -0.585070 1.594877 -0.298904
v -0.621385 1.594330 -0.329492
v -0.739707 1.541356 -0.349380
v -0.814157 0.907365 -0.410538
v -0.860359 0.966793 -0.401452
v -0.719946 0.832341 -0.424272
v -0.616819 0.792182 -0.430083
v -0.824086 0.913914 -0.342711
v -0.646011 0.796585 -0.411038
v -0.768907 0.881508 -0.522541
v -0.873790 0.986472 -0.478390
v -0.611875 0.794202 -0.469601
v -0.604733 0.794914 -0.481796
v -0.631835 0.839967 -0.588255
v -0.539230 1.610249 -0.437325
v -0.767981 0.958430 -0.643962
v -0.595799 0.805593 -0.532039
v -0.551606 0.884741 -0.675550
v -0.557726 0.794509 -0.510830
v -0.500018 1.601090 -0.497920
v -0.595826 0.787277 -0.441644
v -0.400508 1.122212 -0.792008
v -0.375042 1.474338 -0.674549
v -0.451173 1.355766 -0.783762
v -0.287980 1.361971 -0.706205
v -0.363473 1.223788 -0.787856
v -0.382204 0.978341 -0.731664
v -0.313966 1.058011 -0.738902
v -0.263314 1.209744 -0.730342
v -0.203817 1.200056 -0.674879
v -0.236146 1.039223 -0.665446
v -0.263365 0.906576 -0.570616
v -0.275225 1.458061 -0.613376
v -0.218756 1.456370 -0.521987
v -0.181800 1.343849 -0.598820
v -0.156397 1.190164 -0.608836
v -0.122866 1.180445 -0.534739
v -0.174435 1.032392 -0.575607
v -0.195362 1.449039 -0.464741
v -0.183642 1.442172 -0.403962
v -0.128989 1.335791 -0.465672
v -0.104517 1.171271 -0.455444
v -0.102052 1.163001 -0.373984
v -0.143111 1.008404 -0.424004
v -0.184053 1.436039 -0.341987
v -0.196572 1.430866 -0.281200
v -0.127228 1.320728 -0.315436
v -0.115570 1.155945 -0.293511
v -0.144551 1.150375 -0.217099
v -0.170177 0.995583 -0.276005
v -0.183244 1.310742 -0.175560
v -0.187879 1.146513 -0.147694
v -0.234762 1.425777 -0.198403
v -0.251889 0.988702 -0.149209
v -0.299795 1.422927 -0.128570
v -0.282331 1.315875 -0.075254
v -0.243886 1.144498 -0.087966
v -0.360578 1.300112 -0.025984
v -0.310426 1.144415 -0.040201
v -0.351673 1.423138 -0.094125
v -0.375810 0.988808 -0.062924
v -0.426629 1.413236 -0.055923
v -0.384942 1.146258 -0.006239
v -0.511343 1.307047 0.003519
v -0.464564 1.149968 0.012614
v -0.546235 1.155391 0.015635
v -0.626817 1.162323 0.002708
v -0.697254 1.015998 -0.064117
v -0.621739 0.944761 -0.078725
v -0.553633 1.494127 -0.105007
v -0.650445 1.444074 -0.094024
v -0.650290 1.328514 -0.025044
v -0.703219 1.170504 -0.025673
v -0.772494 1.179612 -0.068412
v -0.821186 1.026032 -0.161096
v -0.771399 0.912746 -0.219062
v -0.649713 1.504993 -0.146531
v -0.745509 1.458519 -0.172244
v -0.776507 1.345435 -0.106188
v -0.831993 1.189299 -0.123876
v -0.879412 1.199191 -0.189918
v -0.779680 1.466037 -0.223754
v -0.853667 1.370481 -0.221622
v -0.819367 1.464902 -0.298586
v -0.919842 1.189649 -0.279819
v -0.891582 1.051796 -0.273165
v -0.900169 1.321577 -0.291966
v -0.846097 1.452831 -0.405165
v -0.683692 0.816093 -0.468268
v -0.618443 0.791949 -0.442314
v -0.928968 1.232003 -0.471807
v -0.924585 1.125351 -0.454125
v -0.620027 1.600641 -0.378307
v -0.888343 1.380237 -0.459652
v -0.861209 1.357333 -0.566957
v -0.678802 0.829955 -0.524613
v -0.891260 1.238980 -0.581651
v -0.666243 1.583150 -0.440872
v -0.887912 1.080385 -0.559306
v -0.847935 1.242842 -0.651054
v -0.720050 1.392408 -0.707656
v -0.791920 1.244855 -0.710791
v -0.806363 1.080496 -0.681385
v -0.702991 1.524095 -0.581086
v -0.809163 1.415472 -0.604660
v -0.725379 1.244943 -0.758555
v -0.637383 1.237908 -0.798059
v -0.663686 1.100774 -0.781285
v -0.660702 1.018537 -0.751598
v -0.529910 1.583597 -0.564468
v -0.607054 1.498675 -0.672139
v -0.640834 0.889949 -0.660956
v -0.607214 1.393228 -0.756138
vn -0.347819 0.671324 0.654482
vn 0.326600 -0.495151 -0.805083
vn -0.268608 0.681904 0.680336
vn 0.400022 -0.469227 -0.787279
vn 0.353033 0.752944 0.555376
vn -0.217201 0.679295 0.700987
vn 0.840729 0.450720 -0.300043
vn 0.437796 -0.491794 -0.752644
vn -0.204552 0.625551 0.752891
vn 0.244907 0.558032 0.792856
vn 0.457993 -0.552094 -0.696731
vn 0.839997 -0.091454 0.534829
vn 0.473740 -0.591713 -0.652263
vn -0.296956 0.532961 0.792319
vn -0.127748 0.406636 0.904615
vn 0.671474 -0.720832 -0.171829
vn 0.452740 -0.628110 -0.632854
vn -0.404041 0.297079 0.865156
vn 0.200667 -0.465509 0.861994
vn 0.394392 -0.678672 -0.619564
vn 0.272907 -0.957864 -0.089544
vn -0.387582 0.511736 0.766751
vn -0.484837 -0.669448 0.562826
vn 0.335685 -0.691144 -0.640028
vn -0.435865 0.525055 0.730985
vn -0.830103 -0.481324 0.281524
vn 0.270033 -0.669788 -0.691712
vn -0.444048 0.539481 0.715389
vn -0.350172 0.667775 0.656853
vn -0.409814 0.587369 0.697890
vn -0.345296 0.513604 0.785482
vn -0.223386 0.567736 0.792322
vn -0.578462 0.520892 0.627737
vn -0.867130 0.263713 0.422540
vn -0.987886 -0.067265 0.139843
vn -0.840231 -0.489935 -0.232326
vn -0.607152 -0.649814 -0.457283
vn -0.971889 -0.165384 -0.167573
vn -0.291251 -0.575490 -0.764189
vn -0.048984 -0.555048 -0.830375
vn 0.159446 -0.645737 -0.746727
vn -0.747477 0.658115 0.090350
vn -0.712908 -0.053098 -0.699245
vn -0.011544 -0.696801 -0.717172
vn 0.263937 -0.581221 -0.769753
vn -0.342523 0.660544 0.668102
vn -0.430215 0.898678 -0.085401
vn 0.198878 0.903738 -0.379084
vn 0.391980 -0.088959 -0.915662
vn 0.013181 0.903338 0.428728
vn 0.753791 -0.342325 -0.560903
vn 0.038603 -0.878358 -0.476441
vn -0.441937 0.520629 0.730505
vn -0.655354 0.553087 0.514398
vn 0.220476 -0.662238 -0.716122
vn -0.472252 0.631557 0.614910
vn 0.058462 -0.541706 -0.838533
vn -0.411976 0.764766 0.495387
vn -0.247644 -0.755575 -0.606448
vn -0.644083 0.415272 0.642422
vn -0.229717 0.283449 -0.931067
vn 0.035252 0.341498 -0.939221
vn 0.245936 0.670234 0.700215
vn -0.381511 -0.495149 -0.780562
vn 0.336349 0.657367 0.674343
vn -0.035920 0.944391 -0.326856
vn -0.319263 -0.469233 -0.823342
vn 0.635243 0.763348 0.117329
vn 0.378737 0.680762 0.626995
vn 0.340814 0.442726 -0.829361
vn -0.268249 -0.491793 -0.828361
vn 0.424107 0.625545 0.654848
vn 0.753867 0.558033 0.346820
vn -0.213113 -0.552103 -0.806080
vn 0.958921 -0.091455 -0.268528
vn -0.169496 -0.591714 -0.788128
vn 0.391782 0.532959 0.749974
vn 0.588343 0.406653 0.698918
vn 0.320210 -0.720831 -0.614709
vn -0.169080 -0.628130 -0.759516
vn 0.374553 0.297085 0.878323
vn 0.775820 -0.465506 0.425919
vn -0.198132 -0.678693 -0.707191
vn 0.115483 -0.957861 -0.262995
vn 0.312248 0.511735 0.800393
vn 0.095490 -0.669450 0.736694
vn -0.252516 -0.691145 -0.677167
vn 0.253392 0.525048 0.812476
vn -0.344420 -0.481325 0.806041
vn -0.334815 -0.669795 -0.662777
vn 0.440887 0.567737 0.695193
vn 0.354461 0.513606 0.781387
vn 0.236329 0.539471 0.808158
vn 0.209459 0.516944 0.829997
vn -0.264115 0.263730 0.927733
vn -0.555215 -0.067236 0.828985
vn -0.733823 -0.489934 0.470604
vn -0.745760 -0.649830 0.146841
vn -0.787632 -0.246606 0.564642
vn -0.763407 -0.575566 -0.293144
vn -0.651001 -0.555120 -0.517726
vn -0.449608 -0.645762 -0.617126
vn -0.183599 0.703579 0.686490
vn -0.988363 0.034408 0.148171
vn -0.547280 -0.693370 -0.468746
vn 0.199729 0.643369 0.739043
vn -0.397032 -0.581207 -0.710326
vn 0.216907 0.703719 0.676558
vn -0.272060 0.835023 0.478247
vn -0.418704 -0.059138 -0.906195
vn 0.251576 0.746398 0.616117
vn 0.085426 -0.342346 -0.935682
vn -0.328991 -0.878359 -0.346771
vn 0.248975 0.520639 0.816668
vn -0.054392 0.553086 0.831347
vn -0.386093 -0.662244 -0.642157
vn -0.601895 -0.527985 -0.599128
vn -0.091454 0.931333 0.352498
vn -0.616833 -0.755619 -0.220358
vn 0.048468 0.415273 0.908405
vn -0.000795 0.289332 0.957229
vn -0.531339 0.005501 -0.847142
vn -0.729319 0.517432 -0.447614
vn -0.293275 0.691206 0.660472
vn -0.195343 0.755571 0.625263
vn 0.324287 -0.502795 -0.801271
vn 0.398453 -0.493224 -0.773282
vn -0.207873 0.649762 0.731162
vn 0.405751 0.645889 0.646678
vn -0.159316 0.661413 0.732906
vn 0.946162 0.278583 -0.164833
vn 0.426495 -0.524897 -0.736604
vn -0.173833 0.608842 0.774012
vn 0.245460 0.450214 0.858520
vn 0.427514 -0.591203 -0.683894
vn 0.732412 -0.289286 0.616349
vn 0.429613 -0.635684 -0.641357
vn -0.286534 0.534564 0.795072
vn -0.160316 0.370526 0.914882
vn 0.536584 -0.829673 -0.154012
vn 0.399717 -0.668191 -0.627493
vn -0.445287 0.321140 0.835816
vn -0.002992 -0.545800 0.837910
vn 0.331525 -0.706700 -0.625032
vn 0.092758 -0.986256 -0.136728
vn -0.375567 0.533492 0.757849
vn -0.671571 -0.590164 0.447993
vn 0.274586 -0.705915 -0.652906
vn -0.415503 0.558291 0.718101
vn -0.935924 -0.320464 0.146112
vn 0.221314 -0.668846 -0.709694
vn -0.336403 0.525735 0.781304
vn -0.208261 0.553772 0.806204
vn -0.418723 0.574951 0.702924
vn -0.494458 0.512739 0.701862
vn -0.846514 0.407320 0.342790
vn -0.991987 0.124391 0.022111
vn -0.882571 -0.296870 -0.364606
vn -0.658073 -0.486885 -0.574354
vn -0.297667 -0.459717 -0.836693
vn -0.948206 -0.001635 -0.317651
vn -0.049600 -0.484504 -0.873382
vn 0.125268 -0.619909 -0.774610
vn -0.673025 0.216901 -0.707101
vn -0.058195 -0.632745 -0.772170
vn -0.349781 0.693330 0.630037
vn 0.242259 -0.576437 -0.780404
vn -0.295013 0.733719 0.612065
vn -0.172967 0.979250 -0.105605
vn 0.424722 0.892668 -0.150848
vn 0.486971 -0.087193 -0.869055
vn 0.738556 -0.453355 -0.499003
vn -0.071182 -0.838913 -0.539591
vn -0.422200 0.555215 0.716578
vn -0.596346 0.642468 0.481255
vn 0.177617 -0.650088 -0.738809
vn 0.050060 -0.490622 -0.869933
vn -0.465251 0.876442 0.124060
vn -0.309715 -0.653777 -0.690401
vn -0.628057 0.497950 0.597988
vn -0.066067 0.368241 -0.927380
vn -0.649920 0.587674 0.481916
vn 0.250067 0.383263 -0.889143
vn 0.273840 -0.050601 0.960443
vn -0.235521 0.265741 -0.934832
vn 0.542669 0.289428 0.788506
vn -0.157218 0.269661 -0.950035
vn 0.813518 0.090338 0.574480
vn 0.363569 -0.065765 0.929243
vn 0.773238 0.522149 -0.359810
vn -0.122431 0.228716 -0.965764
vn 0.371664 -0.140037 0.917745
vn 0.731029 -0.216237 0.647177
vn -0.109991 0.146714 -0.983045
vn 0.857498 -0.461002 -0.228417
vn -0.096896 0.087129 -0.991473
vn 0.271123 -0.231049 0.934403
vn 0.400563 -0.399508 0.824586
vn 0.192128 -0.356797 -0.914212
vn -0.122259 0.048430 -0.991316
vn 0.111110 -0.442714 0.889752
vn 0.293299 -0.952583 0.080999
vn -0.186790 0.004883 -0.982388
vn -0.206520 -0.575406 -0.791364
vn 0.177629 -0.225975 0.957801
vn -0.471511 -0.864830 0.172475
vn -0.248254 0.011882 -0.968622
vn 0.129827 -0.190367 0.973091
vn -0.784105 -0.528896 0.324727
vn -0.313026 0.064756 -0.947534
vn 0.238658 -0.047565 0.969938
vn 0.123251 -0.169110 0.977860
vn 0.337762 -0.067621 0.938799
vn 0.220486 -0.238782 0.945711
vn 0.346614 -0.207993 0.914657
vn 0.045447 -0.228486 0.972486
vn -0.451593 -0.134862 0.881973
vn -0.795010 -0.146013 0.588761
vn -0.987467 -0.152846 0.039333
vn -0.944673 -0.093396 -0.314438
vn -0.954477 0.006949 0.298203
vn -0.766104 0.183364 -0.616005
vn -0.581353 0.245503 -0.775730
vn -0.415188 0.122034 -0.901514
vn -0.879039 0.468266 0.089544
vn -0.570905 0.071178 -0.817925
vn 0.150350 -0.094846 0.984073
vn -0.310252 0.182075 -0.933055
vn 0.210225 -0.050413 0.976352
vn -0.227274 0.508203 0.830708
vn 0.402565 0.882160 0.244408
vn -0.053167 0.619586 -0.783126
vn 0.273273 0.185382 -0.943904
vn -0.511717 -0.234084 -0.826650
vn 0.122749 -0.192877 0.973515
vn -0.121125 -0.010034 0.992587
vn -0.360098 0.088118 -0.928744
vn -0.497250 0.260813 -0.827478
vn 0.216557 0.131795 0.967333
vn -0.746270 -0.054478 -0.663410
vn -0.121564 -0.197429 0.972751
vn -0.427083 0.871485 -0.241068
vn -0.178826 -0.063458 0.981832
vn -0.176605 0.901736 -0.394566
vn 0.032100 0.772828 0.633803
vn -0.535894 0.166618 0.827681
vn 0.533487 0.068436 -0.843035
vn -0.469836 0.117480 0.874901
vn 0.220810 0.867401 0.445936
vn 0.599156 0.070129 -0.797555
vn 0.155796 0.226648 0.961435
vn -0.409429 0.129137 0.903156
vn 0.867317 0.440900 0.231017
vn 0.628783 0.027251 -0.777103
vn -0.409630 0.052841 0.910720
vn 0.020574 -0.072190 0.997179
vn 0.638351 -0.056387 -0.767677
vn 0.693315 -0.487427 0.530782
vn 0.645209 -0.116263 -0.755108
vn -0.503711 -0.034115 0.863198
vn -0.359397 -0.219760 0.906940
vn 0.730265 -0.531930 -0.428677
vn 0.622189 -0.154418 -0.767487
vn -0.612333 -0.252342 0.749248
vn 0.015479 -0.912982 0.407706
vn 0.565082 -0.196040 -0.801406
vn 0.336674 -0.725929 -0.599731
vn -0.584426 -0.025561 0.811044
vn -0.568038 -0.817649 -0.093721
vn 0.513640 -0.187154 -0.837345
vn -0.623553 0.011842 0.781692
vn -0.846454 -0.461613 -0.265386
vn 0.461054 -0.131889 -0.877516
vn -0.628560 0.033558 0.777037
vn -0.547899 -0.040018 0.835587
vn -0.434172 -0.014624 0.900712
vn -0.659248 0.022834 0.751578
vn -0.955173 0.040868 0.293215
vn -0.987951 -0.033413 -0.151116
vn -0.734322 -0.153484 -0.661222
vn -0.446515 -0.166302 -0.879186
vn -0.071406 0.045931 -0.996389
vn -0.855327 0.034804 -0.516919
vn 0.178215 0.076678 -0.980999
vn 0.365478 -0.067683 -0.928356
vn -0.728109 0.422971 0.539401
vn -0.598224 0.497701 -0.628031
vn 0.191333 -0.102446 -0.976164
vn -0.590502 0.157013 0.791615
vn 0.468847 -0.014043 -0.883168
vn -0.530568 0.215916 0.819682
vn -0.593513 0.641084 0.486574
vn 0.603459 0.471420 -0.643118
vn -0.463225 0.251077 0.849931
vn 0.882085 -0.006032 -0.471052
vn 0.196639 -0.402442 -0.894077
vn -0.629108 0.009425 0.777260
vn -0.786744 0.189435 0.587493
vn 0.418299 -0.105761 -0.902131
vn 0.271609 0.098900 -0.957313
vn -0.402762 0.663128 0.630907
vn -0.056843 -0.196341 -0.978887
vn -0.798793 0.001906 0.601603
vn -0.858344 -0.087231 0.505604
vn 0.494975 0.562045 -0.662650
vn 0.022795 0.936419 -0.350142
vn -0.258502 0.620833 0.740097
vn 0.240302 -0.429060 -0.870725
vn -0.177393 0.623667 0.761296
vn 0.316350 -0.409774 -0.855575
vn 0.438671 0.667951 0.601173
vn -0.125110 0.615731 0.777961
vn 0.849628 0.425435 -0.311668
vn 0.354532 -0.438120 -0.826050
vn -0.113005 0.556197 0.823332
vn 0.332270 0.456749 0.825213
vn 0.373931 -0.504990 -0.777921
vn 0.863437 -0.198782 0.463639
vn 0.389635 -0.549923 -0.738762
vn -0.208951 0.466029 0.859742
vn -0.042240 0.318423 0.947007
vn 0.607607 -0.740071 -0.288286
vn 0.367406 -0.586753 -0.721619
vn -0.327433 0.231112 0.916174
vn 0.221355 -0.563608 0.795832
vn 0.306639 -0.634625 -0.709383
vn 0.199445 -0.958781 -0.202388
vn -0.302295 0.453299 0.838533
vn -0.494060 -0.692083 0.526237
vn 0.246055 -0.641211 -0.726847
vn -0.351670 0.473246 0.807692
vn -0.842329 -0.454608 0.289504
vn 0.178941 -0.610557 -0.771493
vn -0.323431 0.536928 0.779167
vn -0.258838 0.450557 0.854401
vn -0.261025 0.617195 0.742251
vn -0.359776 0.489688 0.794208
vn -0.133301 0.495903 0.858086
vn -0.500376 0.488744 0.714670
vn -0.818524 0.272774 0.505581
vn -0.979471 -0.019024 0.200683
vn -0.885185 -0.409527 -0.220760
vn -0.678304 -0.559711 -0.476054
vn -0.989619 -0.085763 -0.115321
vn -0.377887 -0.474225 -0.795181
vn -0.139378 -0.462354 -0.875673
vn 0.067063 -0.574075 -0.816051
vn -0.692736 0.690994 0.206505
vn -0.757241 0.064259 -0.649966
vn -0.104869 -0.617010 -0.779937
vn 0.174121 -0.514199 -0.839810
vn -0.253220 0.608395 0.752154
vn -0.371128 0.927967 0.033786
vn 0.237166 0.923701 -0.300880
vn 0.326744 -0.018573 -0.944930
vn 0.102851 0.851691 0.513852
vn 0.691514 -0.329419 -0.642877
vn -0.052512 -0.825230 -0.562351
vn -0.358029 0.469256 0.807226
vn -0.581780 0.537284 0.610621
vn 0.128571 -0.597418 -0.791557
vn -0.387716 0.593233 0.705514
vn -0.032012 -0.454937 -0.889948
vn -0.326151 0.733937 0.595786
vn -0.337099 -0.671966 -0.659414
vn -0.572160 0.386548 0.723335
vn -0.267272 0.391853 -0.880350
vn 0.000055 0.433646 -0.901084
vn 0.094970 0.574794 -0.812768
vn 0.073643 -0.073395 -0.994580
vn 0.203696 -0.288850 -0.935454
vn 0.027656 -0.984167 -0.175073
vn 0.073078 0.985468 -0.153336
vn 0.072771 0.987645 -0.138790
vn 0.101758 -0.983500 -0.149576
vn 0.179419 0.979878 -0.087451
vn -0.189609 0.981627 -0.021357
vn -0.025633 0.984022 0.176192
vn 0.185977 0.982518 0.008396
vn -0.090197 0.985703 0.142315
vn -0.139243 0.985376 0.098209
vn 0.178021 0.983448 -0.033746
vn 0.141363 -0.986503 -0.082639
vn 0.207599 -0.978204 0.004445
vn 0.170145 0.984437 0.043990
vn 0.162770 0.983190 0.082726
vn 0.152844 0.981750 0.113160
vn 0.126747 0.982662 0.135315
vn 0.187329 -0.979408 0.075289
vn 0.086189 0.982286 0.166387
vn 0.189787 0.834688 0.516988
vn 0.004190 0.984333 0.176269
vn -0.081966 0.618695 0.781344
vn 0.089722 -0.981044 0.171765
vn -0.024963 -0.354947 0.934553
vn -0.060468 0.985888 0.156104
vn -0.094589 0.985429 0.141361
vn -0.129559 0.983085 0.129455
vn -0.049066 -0.981676 0.184131
vn -0.143638 0.985506 0.090254
vn -0.184666 -0.960833 0.206635
vn -0.168270 0.984263 0.053966
vn -0.193937 0.981001 0.005110
vn -0.174717 -0.982877 0.058545
vn -0.461412 0.881940 -0.096336
vn -0.278639 0.946521 0.162661
vn -0.600345 0.799045 -0.033355
vn -0.794106 0.606452 -0.040150
vn -0.970722 0.240026 -0.009326
vn -0.873009 0.485633 0.044885
vn -0.987186 -0.157457 0.025915
vn -0.987879 0.151871 -0.032094
vn -0.878011 -0.474640 0.061756
vn -0.965459 -0.259153 0.026989
vn -0.662378 -0.748823 -0.022796
vn -0.428122 -0.901381 0.064998
vn -0.606309 0.739606 -0.292185
vn -0.180343 0.979250 -0.092441
vn -0.196037 -0.975819 -0.096677
vn -0.166243 0.980200 -0.107566
vn -0.097179 -0.991859 -0.082286
vn -0.092719 0.991011 -0.096442
vn -0.062131 0.992869 -0.101744
vn -0.129533 -0.979214 -0.156081
vn -0.035931 0.991738 -0.123146
vn -0.214279 0.661015 -0.719127
vn -0.062705 -0.988659 -0.136458
vn -0.009473 0.984438 -0.175479
vn 0.018722 0.979884 -0.198687
vn 0.066537 -0.597981 -0.798743
vn -0.008899 -0.984306 -0.176247
vn 0.153752 0.956277 -0.248785
vn 0.332989 0.814598 -0.474919
vn 0.417975 -0.800740 -0.429084
vn 0.098255 -0.948416 -0.301419
vn 0.137971 -0.825023 -0.547997
vn 0.250007 -0.955598 -0.155979
vn 0.336430 0.914447 -0.224948
vn -0.155637 0.788095 -0.595553
vn 0.258341 0.959022 -0.116344
vn 0.554103 0.821225 -0.136234
vn 0.732294 -0.679263 0.048446
vn 0.438735 -0.898093 -0.030671
vn 0.658397 -0.679496 0.323726
vn 0.321473 0.943797 0.076830
vn 0.117720 -0.978276 0.170637
vn 0.479613 -0.677866 0.557197
vn 0.487611 0.829189 0.273277
vn 0.331788 -0.896954 0.292215
vn 0.236657 -0.679500 0.694459
vn 0.212179 0.944233 0.251801
vn -0.037441 -0.978276 0.203897
vn -0.043302 -0.689473 0.723016
vn 0.030131 0.947533 0.318234
vn 0.027259 -0.899481 0.436108
vn -0.355640 -0.805510 0.473998
vn -0.136183 -0.955680 0.261016
vn -0.572401 0.791875 0.212818
vn -0.204970 -0.966060 0.157211
vn -0.142897 0.942214 0.303005
vn -0.403343 -0.914184 -0.039778
vn -0.260340 0.948189 0.182100
vn -0.375922 0.926611 0.008590
vn -0.238767 -0.956225 -0.169188
vn -0.696931 -0.700033 0.155693
vn -0.413262 -0.828711 -0.377429
vn -0.543055 -0.805428 -0.237437
vn -0.814903 -0.567692 -0.116869
vn -0.054603 -0.975905 -0.211254
vn -0.146079 -0.981752 -0.121752
vn -0.137187 0.966682 -0.216113
vn -0.519316 -0.651661 -0.552855
vn -0.115060 -0.961332 -0.250204
vn 0.022170 0.942809 -0.332595
vn -0.145584 -0.977947 0.149750
vn 0.202271 0.273944 -0.940235
vn 0.576443 0.347390 -0.739618
vn 0.409578 0.001882 -0.912273
vn 0.420003 -0.578232 -0.699461
vn 0.565304 -0.364672 -0.739896
vn 0.725148 -0.005144 -0.688574
vn 0.736812 -0.386525 -0.554713
vn 0.678095 -0.669965 -0.302214
vn 0.440285 0.631568 -0.638178
vn 0.662562 0.645209 -0.380417
vn 0.809953 0.354889 -0.466937
vn 0.929344 -0.015785 -0.368877
vn 0.885389 -0.347366 -0.308908
vn 0.769397 0.631144 -0.098417
vn 0.919280 0.370800 -0.132027
vn 0.999799 -0.016024 0.012021
vn 0.927944 -0.370281 0.042566
vn 0.755390 0.646809 0.104994
vn 0.714786 0.636135 0.290538
vn 0.902559 0.367185 0.224861
vn 0.921966 -0.017084 0.386895
vn 0.840294 -0.369503 0.396702
vn 0.749434 0.360939 0.555042
vn 0.760307 -0.004619 0.649548
vn 0.545757 0.647778 0.531538
vn 0.628839 -0.380985 0.677799
vn 0.511341 0.389483 0.766051
vn 0.279067 0.337690 0.898937
vn 0.537167 0.001482 0.843474
vn 0.315562 -0.384561 0.867487
vn 0.209338 0.627689 0.749789
vn -0.064862 0.351373 0.933986
vn 0.182669 -0.002016 0.983172
vn -0.203910 -0.008042 0.978957
vn -0.469364 -0.353588 0.809119
vn -0.275178 -0.541144 0.794632
vn -0.153619 0.770965 0.618073
vn -0.426857 0.597422 0.678882
vn -0.398625 0.375671 0.836642
vn -0.497787 -0.002376 0.867296
vn -0.651981 -0.016517 0.758056
vn -0.728043 -0.384371 0.567638
vn -0.596957 -0.655486 0.462581
vn -0.402524 0.776010 0.485575
vn -0.647264 0.605753 0.462724
vn -0.684331 0.373463 0.626272
vn -0.846260 0.005954 0.532737
vn -0.855090 0.393353 0.337780
vn -0.763904 0.639933 0.083284
vn -0.977241 -0.037420 0.208805
vn -0.888431 -0.375227 0.264376
vn -0.953711 0.259421 0.152103
vn -0.812041 0.574546 -0.102402
vn -0.373138 -0.926334 -0.051707
vn -0.185354 -0.945244 0.268622
vn -0.975553 -0.000613 -0.219766
vn -0.955684 -0.254480 -0.148015
vn -0.356838 0.933755 0.027718
vn -0.901594 0.363242 -0.234911
vn -0.844682 0.081536 -0.529022
vn -0.305513 -0.913541 -0.268524
vn -0.433994 0.872162 -0.225791
vn -0.831235 -0.351225 -0.430917
vn -0.465570 0.355385 -0.810522
vn -0.690248 -0.033238 -0.722809
vn -0.625060 -0.347867 -0.698777
vn -0.447952 0.716178 -0.535190
vn -0.693917 0.428240 -0.578869
vn -0.465266 -0.013577 -0.885067
vn -0.205245 0.015169 -0.978593
vn -0.272190 -0.319677 -0.907590
vn -0.242729 -0.543621 -0.803466
vn -0.059379 0.855911 -0.513702
vn -0.191587 -0.823168 -0.534499
vn -0.187544 0.347394 -0.918773
vn -0.541825 0.574798 -0.613215
vn -0.691449 -0.073391 -0.718688
vn -0.560621 -0.288849 -0.776061
vn -0.111934 -0.984164 -0.137448
vn -0.065403 0.985469 -0.156761
vn -0.054868 0.987649 -0.146761
vn -0.043463 -0.983499 -0.175618
vn 0.054644 0.979878 -0.191974
vn -0.142452 0.981629 0.126930
vn -0.019810 0.985378 0.169228
vn 0.130388 0.982518 -0.132878
vn 0.114089 0.984023 0.136687
vn 0.045780 0.985706 0.162136
vn 0.093692 0.983448 -0.155086
vn 0.032830 -0.986501 -0.160428
vn 0.141869 -0.978206 -0.151615
vn 0.146323 0.984437 -0.097335
vn 0.170243 0.983190 -0.065990
vn 0.186279 0.981751 -0.038283
vn 0.185358 0.982663 -0.004065
vn 0.181087 -0.979410 -0.089234
vn 0.181429 0.982286 0.046874
vn 0.511646 0.834688 0.203750
vn 0.134055 0.984333 0.114533
vn 0.527109 0.618700 0.582552
vn 0.187776 -0.981046 0.047835
vn 0.679246 -0.354951 0.642367
vn 0.075880 0.985887 0.149226
vn 0.042157 0.985432 0.164760
vn 0.009918 0.983087 0.182873
vn 0.104353 -0.981679 0.159429
vn -0.028582 0.985505 0.167219
vn 0.030612 -0.960837 0.275419
vn -0.072132 0.984262 0.161321
vn -0.125652 0.980997 0.147841
vn -0.073022 -0.982879 0.169166
vn -0.379487 0.882008 0.279376
vn -0.064807 0.946521 0.316068
vn -0.559941 0.606451 0.564520
vn -0.425543 0.799045 0.424781
vn -0.654874 0.240025 0.716609
vn -0.549272 0.485623 0.680052
vn -0.683274 0.151870 0.714193
vn -0.639616 -0.157460 0.752395
vn -0.540056 -0.474637 0.695025
vn -0.624313 -0.259152 0.736935
vn -0.459090 -0.748824 0.478015
vn -0.237339 -0.901371 0.362216
vn -0.622256 0.739611 0.256463
vn -0.189207 0.979250 0.072589
vn -0.202827 -0.975824 0.081412
vn -0.191055 0.980201 0.051998
vn -0.126128 -0.991860 0.017486
vn -0.133684 0.991013 0.004670
vn -0.117215 0.992871 -0.021644
vn -0.202653 -0.979220 -0.007735
vn -0.115662 0.991741 -0.055426
vn -0.678515 0.661014 -0.320434
vn -0.143459 -0.988660 -0.044392
vn -0.136977 0.984441 -0.110061
vn -0.135453 0.979884 -0.146558
vn -0.550358 -0.597985 -0.582684
vn -0.137192 -0.984305 -0.111009
vn -0.082636 0.956278 -0.280541
vn -0.131389 0.814598 -0.564948
vn -0.040527 -0.800736 -0.597644
vn -0.158871 -0.948413 -0.274360
vn -0.315975 -0.825023 -0.468505
vn 0.050720 -0.955594 -0.290288
vn 0.057034 0.914448 -0.400665
vn -0.546295 0.788886 -0.281461
vn 0.085808 0.959022 -0.270024
vn 0.268397 0.821226 -0.503539
vn 0.524852 -0.679264 -0.512962
vn 0.269999 -0.898096 -0.347166
vn 0.680515 -0.679496 -0.274198
vn 0.271783 0.943797 -0.188100
vn 0.205639 -0.978279 0.026149
vn 0.735038 -0.677864 0.014771
vn 0.528955 0.829190 -0.180695
vn 0.439047 -0.896957 -0.052015
vn 0.675085 -0.679495 0.287311
vn 0.329121 0.944234 0.010069
vn 0.126926 -0.978278 0.163894
vn 0.509484 -0.689473 0.514833
vn 0.257080 0.947534 0.189973
vn 0.342936 -0.899483 0.270788
vn 0.115579 -0.805508 0.581204
vn 0.103482 -0.955680 0.275621
vn -0.223585 0.791875 0.568281
vn -0.019697 -0.966049 0.257606
vn 0.130248 0.942216 0.308649
vn -0.298831 -0.914186 0.273796
vn -0.038136 0.948195 0.315391
vn -0.244274 0.926626 0.285821
vn -0.285352 -0.956225 0.064864
vn -0.349249 -0.700034 0.622878
vn -0.556959 -0.828664 0.055795
vn -0.539276 -0.805428 0.245901
vn -0.630940 -0.567695 0.528807
vn -0.193879 -0.975863 -0.100509
vn -0.188246 -0.981737 0.027502
vn -0.252481 0.966686 -0.042089
vn -0.758305 -0.651659 0.017694
vn -0.263113 -0.961332 -0.081313
vn -0.232872 0.942815 -0.238477
vn 0.014329 -0.977947 0.208359
vn -0.565132 0.273946 -0.778190
vn -0.165996 0.347393 -0.922910
vn -0.405936 0.001881 -0.913899
vn -0.240508 -0.578238 -0.779613
vn -0.173636 -0.364668 -0.914805
vn -0.028729 -0.005141 -0.999574
vn 0.078738 -0.386521 -0.918913
vn 0.227565 -0.669963 -0.706657
vn -0.181338 0.631572 -0.753812
vn 0.158963 0.645216 -0.747280
vn 0.192912 0.354896 -0.914786
vn 0.345621 -0.015785 -0.938241
vn 0.360937 -0.347362 -0.865485
vn 0.440258 0.631154 -0.638605
vn 0.515268 0.370806 -0.772659
vn 0.676285 -0.016019 -0.736466
vn 0.651064 -0.370278 -0.662578
vn 0.582385 0.646809 -0.492409
vn 0.693426 0.636151 -0.338339
vn 0.769860 0.367198 -0.521997
vn 0.903476 -0.017083 -0.428297
vn 0.856267 -0.369504 -0.360933
vn 0.913525 0.360943 -0.187595
vn 0.991158 -0.004617 -0.132603
vn 0.760076 0.647782 -0.051613
vn 0.924447 -0.380981 -0.015854
vn 0.911735 0.389484 0.130543
vn 0.855652 0.337694 0.392203
vn 0.986626 0.001482 0.162995
vn 0.856595 -0.384557 0.344037
vn 0.698049 0.627689 0.344577
vn 0.652192 0.351378 0.671698
vn 0.854035 -0.002014 0.520211
vn 0.592873 -0.008041 0.805256
vn 0.289223 -0.353586 0.889566
vn 0.408044 -0.541151 0.735293
vn 0.357700 0.770971 0.526930
vn 0.220593 0.597428 0.770985
vn 0.356932 0.375677 0.855258
vn 0.313575 -0.002375 0.949560
vn 0.129300 -0.016513 0.991468
vn -0.063255 -0.384371 0.921009
vn -0.053992 -0.655482 0.753278
vn 0.092908 0.776014 0.623835
vn -0.087448 0.605759 0.790828
vn 0.009582 0.373471 0.927593
vn -0.168147 0.005955 0.985744
vn -0.319210 0.393359 0.862191
vn -0.447870 0.639935 0.624417
vn -0.496786 -0.037424 0.867066
vn -0.396126 -0.375228 0.838026
vn -0.523309 0.259419 0.811695
vn -0.618236 0.574545 0.536360
vn -0.287547 -0.926331 0.243369
vn 0.076251 -0.945262 0.317278
vn -0.814798 -0.000613 0.579745
vn -0.748101 -0.254482 0.612849
vn -0.217494 0.933754 0.284253
vn -0.776707 0.363247 0.514566
vn -0.957730 0.081534 0.275872
vn -0.403869 -0.913542 0.048281
vn -0.457792 0.872167 0.172486
vn -0.875695 -0.351234 0.331350
vn -0.914301 0.355387 -0.194301
vn -0.998950 -0.033236 0.031537
vn -0.937545 -0.347864 -0.000978
vn -0.697512 0.716182 -0.023659
vn -0.894208 0.428255 0.130345
vn -0.969606 -0.013583 -0.244294
vn -0.865697 0.015170 -0.500338
vn -0.857503 -0.319677 -0.403106
vn -0.760300 -0.543630 -0.355543
vn -0.422155 0.855915 -0.298655
vn -0.525885 -0.823170 -0.214092
vn -0.809338 0.347394 -0.473593
vn 0.015732 0.988299 -0.151712
vn -0.339979 0.689569 -0.639460
vn -0.299972 0.501052 -0.811766
vn -0.452681 -0.528763 -0.717976
vn 0.414425 0.773332 0.479802
vn 0.420398 0.763977 0.489494
vn -0.381468 -0.547472 -0.744820
vn 0.524793 0.720343 0.453540
vn 0.244201 0.673460 0.697723
vn 0.332024 0.587032 0.738345
vn 0.567035 0.650869 0.504818
vn 0.389289 0.554307 0.735662
vn 0.454700 0.527844 0.717377
vn 0.545127 0.682818 0.486412
vn -0.324948 -0.599335 -0.731578
vn -0.234148 -0.658668 -0.715074
vn 0.567970 0.625756 0.534640
vn 0.575760 0.596161 0.559547
vn 0.578265 0.572621 0.581132
vn 0.565262 0.556849 0.608603
vn -0.225059 -0.712054 -0.665077
vn 0.543051 0.533629 0.648333
vn 0.697965 0.174060 0.694656
vn 0.479591 0.527904 0.700935
vn 0.481046 -0.166129 0.860811
vn -0.270740 -0.784537 -0.557855
vn 0.179355 -0.931829 0.315477
vn 0.419136 0.544108 0.726823
vn 0.385183 0.554845 0.737415
vn 0.350748 0.562231 0.748914
vn -0.381467 -0.793740 -0.473772
vn 0.325525 0.592989 0.736476
vn -0.476816 -0.796109 -0.372636
vn 0.291050 0.619216 0.729289
vn 0.250187 0.653405 0.714470
vn -0.532915 -0.700874 -0.474107
vn -0.050472 0.663115 0.746814
vn 0.224279 0.513513 0.828253
vn -0.176951 0.561376 0.808421
vn -0.420449 0.438081 0.794549
vn -0.708193 0.170426 0.685141
vn -0.504582 0.294248 0.811674
vn -0.874473 -0.121765 0.469542
vn -0.767663 0.128389 0.627862
vn -0.902878 -0.361019 0.233404
vn -0.898470 -0.190698 0.395457
vn -0.869927 -0.482352 -0.102775
vn -0.706631 -0.650379 -0.278711
vn -0.303085 0.713901 0.631257
vn 0.224408 0.724667 0.651536
vn -0.605449 -0.580747 -0.544210
vn 0.230870 0.736498 0.635822
vn -0.524776 -0.602504 -0.601331
vn 0.300517 0.735237 0.607549
vn 0.324635 0.740323 0.588671
vn -0.573862 -0.539109 -0.616477
vn 0.337928 0.755405 0.561398
vn -0.169839 0.977347 0.126285
vn -0.515091 -0.560193 -0.648741
vn 0.337334 0.789306 0.513032
vn 0.350150 0.803443 0.481533
vn -0.491675 0.192963 -0.849129
vn -0.483488 -0.527872 -0.698277
vn 0.433591 0.824467 0.363665
vn 0.438883 0.897120 0.050570
vn -0.147182 -0.218410 -0.964694
vn -0.426300 -0.411170 -0.805734
vn -0.433747 -0.145508 -0.889208
vn -0.249307 -0.524473 -0.814109
vn 0.576479 0.778229 0.249060
vn -0.023603 0.970513 0.239891
vn 0.570756 0.727618 0.380540
vn 0.751114 0.649288 0.119381
vn 0.341916 -0.492796 -0.800153
vn -0.022190 -0.579636 -0.814573
vn 0.383090 -0.697251 -0.605873
vn 0.688717 0.573712 0.443310
vn -0.246784 -0.781938 -0.572425
vn 0.322488 -0.869097 -0.375063
vn 0.851831 0.350566 0.389213
vn 0.009882 -0.818447 -0.574497
vn 0.171499 -0.971459 -0.163876
vn 0.663444 0.444331 0.602006
vn -0.362980 -0.806193 -0.467224
vn -0.054142 -0.998530 0.002391
vn 0.538625 0.397727 0.742762
vn -0.190065 -0.926150 -0.325762
vn -0.454228 -0.890281 -0.032823
vn -0.414206 -0.833220 -0.366302
vn -0.065087 0.373613 0.925299
vn -0.514258 -0.762803 -0.392008
vn 0.387291 0.405973 0.827763
vn -0.730428 -0.581212 -0.358702
vn 0.247412 0.500154 0.829839
vn 0.078097 0.614731 0.784861
vn -0.659722 -0.513606 -0.548613
vn -0.811753 -0.582202 0.045808
vn -0.830660 -0.267775 -0.488160
vn -0.874546 -0.361122 -0.323667
vn -0.955889 -0.290774 0.041553
vn -0.530772 -0.495844 -0.687328
vn -0.575789 -0.566290 -0.589731
vn 0.208903 0.808004 0.550898
vn -0.908215 -0.023931 -0.417820
vn -0.589475 -0.457256 -0.665910
vn 0.287643 0.878102 0.382359
vn -0.472748 -0.765410 -0.436642
vn -0.068250 0.881310 -0.467583
vn 0.347317 0.780335 -0.520046
vn 0.000594 0.677827 -0.735222
vn -0.153414 0.131384 -0.979389
vn 0.041050 0.303954 -0.951802
vn 0.342613 0.506009 -0.791563
vn 0.243089 0.151240 -0.958141
vn 0.170268 -0.225901 -0.959155
vn 0.390722 0.895582 -0.212767
vn 0.676697 0.712565 -0.185291
vn 0.645611 0.582088 -0.494328
vn 0.626542 0.260775 -0.734467
vn 0.474161 -0.005594 -0.880421
vn 0.864435 0.493331 -0.096828
vn 0.867621 0.343601 -0.359404
vn 0.826723 -0.022577 -0.562156
vn 0.630796 -0.282185 -0.722819
vn 0.935113 0.352737 0.033770
vn 0.966105 0.207853 0.153093
vn 0.985171 0.076087 -0.153782
vn 0.901367 -0.301561 -0.310803
vn 0.690348 -0.544512 -0.476367
vn 0.978584 -0.172956 0.111620
vn 0.870356 -0.487888 -0.066671
vn 0.920575 0.037090 0.388800
vn 0.614934 -0.760416 -0.208865
vn 0.871674 -0.309927 0.379644
vn 0.706994 -0.442634 0.551574
vn 0.760119 -0.627231 0.169706
vn 0.424354 -0.902819 0.069584
vn 0.714564 -0.137516 0.685921
vn 0.440608 -0.458511 0.771772
vn 0.516778 -0.732322 0.443447
vn 0.192191 -0.732091 0.653533
vn -0.235242 -0.836427 0.495026
vn -0.157857 -0.951774 0.263074
vn 0.424335 0.057305 0.903690
vn 0.148049 -0.103219 0.983579
vn 0.137770 -0.368952 0.919181
vn -0.090692 -0.644487 0.759218
vn -0.265110 -0.572328 0.775988
vn -0.552490 -0.676870 0.486417
vn -0.595987 -0.780677 0.187999
vn 0.170730 0.159844 0.972266
vn -0.111706 0.063588 0.991705
vn -0.178375 -0.213307 0.960564
vn -0.500727 -0.389330 0.773107
vn -0.419106 0.014843 0.907816
vn -0.335478 0.368704 0.866898
vn -0.748054 -0.177333 0.639507
vn -0.794596 -0.444984 0.413045
vn -0.625886 0.063415 0.777332
vn -0.471790 0.462998 0.750364
vn -0.714909 -0.580532 -0.389727
vn -0.447789 -0.831752 -0.328137
vn -0.890925 0.165717 0.422837
vn -0.953593 -0.057582 0.295541
vn 0.103860 0.605459 0.789071
vn -0.683519 0.420303 0.596781
vn -0.863348 0.450079 0.228163
vn -0.734265 -0.411090 -0.540240
vn -0.080212 0.752834 0.653305
vn -0.996125 0.087475 0.009125
vn -0.539675 0.841406 0.028038
vn -0.855336 0.516784 -0.036526
vn -0.923546 0.288138 -0.253062
vn -0.272067 0.878299 0.393155
vn -0.612330 0.718739 0.329343
vn -0.721040 0.649828 -0.240470
vn -0.528308 0.737788 -0.420189
vn -0.696998 0.461109 -0.549156
vn -0.727181 0.233760 -0.645417
vn 0.116364 0.954729 0.273774
vn -0.701177 -0.153331 -0.696304
vn -0.352822 0.915667 -0.192536
vn 0.305512 0.590452 -0.747013
vn 0.183078 -0.028522 -0.982685
vn 0.260767 -0.268770 -0.927234
vn -0.140208 -0.957752 -0.251105
vn 0.279939 0.957968 -0.062706
vn 0.278177 0.959317 -0.048245
vn -0.071170 -0.973465 -0.217488
vn 0.374033 0.927309 0.014052
vn 0.006894 0.999247 0.038184
vn 0.142015 0.957143 0.252405
vn 0.368830 0.922981 0.109866
vn 0.083781 0.973726 0.211753
vn 0.041527 0.985833 0.162506
vn 0.366574 0.927950 0.067323
vn -0.041653 -0.988260 -0.146997
vn 0.013400 -0.998523 -0.052645
vn 0.349300 0.925958 0.143496
vn 0.336991 0.923957 0.180944
vn 0.323224 0.922767 0.209828
vn 0.295208 0.927607 0.228905
vn -0.015499 -0.999765 0.015142
vn 0.251726 0.933570 0.255111
vn 0.279925 0.747975 0.601810
vn 0.171087 0.951455 0.255857
vn -0.059436 0.575886 0.815367
vn -0.122976 -0.987399 0.099600
vn -0.210482 -0.396628 0.893523
vn 0.111002 0.967136 0.228749
vn 0.079583 0.974394 0.210295
vn 0.046588 0.979817 0.194393
vn -0.259730 -0.960876 0.096217
vn 0.038262 0.987318 0.154077
vn -0.390527 -0.914584 0.105001
vn 0.018676 0.993142 0.115414
vn -0.000763 0.997958 0.063874
vn -0.366388 -0.929498 -0.042341
vn -0.267356 0.960684 -0.074879
vn -0.109715 0.972048 0.207569
vn -0.426419 0.903857 -0.034760
vn -0.651157 0.754816 -0.079039
vn -0.897374 0.430153 -0.098434
vn -0.761906 0.647545 -0.013625
vn -0.994267 0.042694 -0.098033
vn -0.928149 0.348710 -0.130154
vn -0.953524 -0.291485 -0.076337
vn -0.992811 -0.061177 -0.102879
vn -0.785715 -0.597965 -0.158399
vn -0.598151 -0.799303 -0.057705
vn -0.410985 0.862034 -0.296629
vn 0.024422 0.999210 -0.031359
vn -0.366165 -0.909264 -0.197892
vn 0.040246 0.998191 -0.044671
vn -0.274882 -0.945640 -0.173797
vn 0.112522 0.993347 -0.024499
vn 0.143275 0.989337 -0.026163
vn -0.294638 -0.922460 -0.249512
vn 0.171240 0.984224 -0.044504
vn 0.009319 0.731384 -0.681902
vn -0.233894 -0.946259 -0.223356
vn 0.202199 0.974824 -0.093983
vn 0.231687 0.966066 -0.114182
vn 0.050600 -0.551516 -0.832628
vn -0.175659 -0.950483 -0.256372
vn 0.364875 0.918800 -0.150578
vn 0.540612 0.757462 -0.366047
vn 0.306978 -0.841917 -0.443779
vn -0.048676 -0.929591 -0.365364
vn 0.044812 -0.802509 -0.594954
vn 0.079271 -0.975570 -0.204889
vn 0.531611 0.839825 -0.109925
vn 0.077699 0.838642 -0.539113
vn 0.450483 0.892754 -0.007445
vn 0.714332 0.699787 -0.005301
vn 0.575947 -0.814099 0.074351
vn 0.258172 -0.964538 -0.054902
vn 0.469248 -0.815550 0.338651
vn 0.484615 0.853919 0.189660
vn -0.094791 -0.990289 0.101702
vn 0.266107 -0.791683 0.549933
vn 0.599466 0.697029 0.393436
vn 0.113557 -0.960793 0.252948
vn 0.012021 -0.752514 0.658466
vn 0.356248 0.866082 0.350698
vn -0.250237 -0.961042 0.117389
vn -0.265948 -0.707735 0.654509
vn 0.171325 0.901977 0.396340
vn -0.201449 -0.910523 0.361062
vn -0.560801 -0.743968 0.363337
vn -0.349213 -0.922451 0.164726
vn -0.431667 0.876876 0.211548
vn -0.405062 -0.912729 0.053381
vn 0.003848 0.932404 0.361397
vn -0.563270 -0.810684 -0.159748
vn -0.094056 0.968875 0.228988
vn -0.188778 0.981109 0.042274
vn -0.394838 -0.877292 -0.272877
vn -0.832487 -0.553736 0.018485
vn -0.513963 -0.704778 -0.489010
vn -0.653395 -0.664740 -0.362210
vn -0.887455 -0.384725 -0.253791
vn -0.213792 -0.930991 -0.295888
vn -0.315596 -0.923603 -0.217615
vn 0.079627 0.985474 -0.150005
vn -0.560912 -0.500742 -0.659268
vn -0.265232 -0.902390 -0.339625
vn 0.244844 0.936921 -0.249459
vn -0.348623 -0.935840 0.051633
vn 0.368183 0.282147 -0.885909
vn 0.721120 0.267151 -0.639231
vn 0.514090 -0.027154 -0.857306
vn 0.385846 -0.608959 -0.693031
vn 0.573417 -0.426931 -0.699231
vn 0.791619 -0.110431 -0.600953
vn 0.712765 -0.493529 -0.498393
vn 0.569251 -0.773659 -0.278218
vn 0.630449 0.566465 -0.530708
vn 0.816863 0.520134 -0.249391
vn 0.915402 0.211693 -0.342382
vn 0.947952 -0.180486 -0.262320
vn 0.833857 -0.499414 -0.235093
vn 0.882535 0.468482 0.040698
vn 0.982590 0.185764 0.002852
vn 0.968401 -0.217087 0.122772
vn 0.826504 -0.550881 0.115853
vn 0.846243 0.474749 0.241840
vn 0.781268 0.461628 0.420143
vn 0.920581 0.164755 0.354101
vn 0.845136 -0.224376 0.485181
vn 0.696663 -0.553182 0.456782
vn 0.728695 0.170120 0.663372
vn 0.657059 -0.195053 0.728167
vn 0.588588 0.492883 0.640805
vn 0.453191 -0.538360 0.710483
vn 0.475842 0.233520 0.847964
vn 0.223056 0.221750 0.949249
vn 0.416592 -0.155609 0.895677
vn 0.123681 -0.490033 0.862885
vn 0.229774 0.528038 0.817545
vn -0.113442 0.302129 0.946493
vn 0.053291 -0.096012 0.993953
vn -0.323543 -0.024053 0.945908
vn -0.626879 -0.298759 0.719559
vn -0.472128 -0.520312 0.711597
vn -0.079281 0.748706 0.658144
vn -0.386234 0.630302 0.673456
vn -0.421298 0.398575 0.814645
vn -0.594364 0.047005 0.802821
vn -0.733353 0.070508 0.676182
vn -0.854070 -0.262834 0.448868
vn -0.765362 -0.548146 0.337278
vn -0.303822 0.811341 0.499417
vn -0.571844 0.695305 0.435367
vn -0.673220 0.466048 0.574085
vn -0.889663 0.144634 0.433106
vn -0.799168 0.536621 0.270865
vn -0.630905 0.774290 0.049324
vn -0.984593 0.147409 0.094057
vn -0.970124 -0.204003 0.131314
vn -0.897471 0.436266 0.064939
vn -0.666881 0.730857 -0.145320
vn -0.534698 -0.827937 -0.169173
vn -0.396041 -0.902828 0.167493
vn -0.921780 0.208080 -0.327145
vn -0.960317 -0.048350 -0.274688
vn -0.171254 0.983138 0.064125
vn -0.777939 0.549929 -0.303957
vn -0.739595 0.280182 -0.611962
vn -0.439084 -0.816341 -0.375223
vn -0.226172 0.953193 -0.200672
vn -0.822097 -0.151437 -0.548838
vn -0.282475 0.488293 -0.825699
vn -0.586911 0.148250 -0.795963
vn -0.586987 -0.173918 -0.790695
vn -0.230708 0.821504 -0.521446
vn -0.519923 0.591868 -0.615932
vn -0.343706 0.131759 -0.929788
vn -0.073321 0.113146 -0.990869
vn -0.211804 -0.205007 -0.955568
vn -0.239327 -0.436002 -0.867539
vn 0.171597 0.878895 -0.445081
vn -0.277261 -0.735328 -0.618400
vn 0.000223 0.430978 -0.902362
vn 0.256430 0.945798 -0.199272
vn 0.346362 0.538612 -0.768070
vn 0.027915 0.881390 0.471563
vn 0.381227 0.313971 -0.869533
vn 0.120351 -0.668353 -0.734043
vn 0.061443 0.858426 0.509244
vn 0.084476 0.846314 0.525944
vn 0.176814 -0.684946 -0.706814
vn 0.089337 0.838095 0.538160
vn 0.199668 -0.701244 -0.684390
vn 0.154276 0.841783 0.517302
vn 0.662124 0.714166 0.227066
vn -0.230867 0.803486 0.548736
vn -0.210462 0.728062 0.652405
vn 0.117661 0.799038 0.589656
vn 0.116476 0.757304 0.642591
vn -0.046607 0.665433 0.745001
vn -0.120948 0.672085 0.730529
vn -0.176246 0.693547 0.698520
vn 0.117212 0.806200 0.579917
vn 0.217097 -0.742995 -0.633109
vn 0.122597 0.773566 0.621745
vn 0.116737 0.755398 0.644784
vn 0.246843 -0.793928 -0.555650
vn 0.108531 0.720033 0.685400
vn 0.096165 0.702791 0.704867
vn 0.230696 -0.815514 -0.530769
vn 0.068922 0.683050 0.727112
vn 0.042933 0.671963 0.739339
vn 0.151373 -0.873458 -0.462771
vn -0.015172 0.667815 0.744172
vn 0.014187 0.324951 0.945624
vn 0.116748 -0.882771 -0.455066
vn -0.043301 0.665021 0.745568
vn -0.096230 0.665880 0.739827
vn -0.310545 0.019377 0.950361
vn -0.002396 -0.891483 -0.453047
vn -0.110688 0.668332 0.735582
vn -0.228312 -0.845002 0.483575
vn -0.157662 0.681760 0.714385
vn -0.035214 -0.883393 -0.467309
vn -0.169149 0.687515 0.706195
vn -0.201749 0.710416 0.674245
vn -0.108600 -0.837339 -0.535789
vn -0.000890 -0.679795 -0.733401
vn -0.212847 0.733465 0.645542
vn -0.158799 -0.843462 -0.513180
vn -0.228117 0.757289 0.611944
vn -0.115755 -0.808062 -0.577613
vn -0.241299 0.787283 0.567416
vn -0.100597 -0.770537 -0.629407
vn -0.397837 0.826677 0.397907
vn -0.358904 0.672987 0.646743
vn -0.831766 0.536872 0.141190
vn -0.616859 0.711079 0.337418
vn -0.952283 0.296994 -0.070367
vn -0.883317 0.446249 0.143571
vn -0.958878 0.243538 -0.145744
vn -0.955552 -0.034710 -0.292772
vn -0.841316 -0.317084 -0.437773
vn -0.929341 -0.117479 -0.350034
vn -0.608462 -0.512075 -0.606262
vn -0.383021 -0.701661 -0.600805
vn -0.558288 0.823128 0.103799
vn -0.135368 -0.690354 -0.710695
vn -0.204943 0.844045 0.495566
vn -0.132903 -0.692440 -0.709129
vn -0.187741 0.852528 0.487800
vn -0.007842 -0.710244 -0.703912
vn -0.119623 0.846417 0.518911
vn 0.013405 -0.677335 -0.735553
vn -0.088778 0.847873 0.522714
vn -0.024326 -0.678218 -0.734458
vn -0.058246 0.857256 0.511586
vn -0.167682 0.985543 -0.024247
vn 0.041947 -0.674953 -0.736668
vn -0.019816 0.880687 0.473284
vn 0.017760 0.892687 0.450328
vn 0.192445 0.866183 -0.461184
vn 0.290196 0.008272 -0.956931
vn 0.084743 -0.723793 -0.684793
vn 0.121218 0.905273 0.407169
vn 0.384397 0.893768 0.231123
vn 0.550100 -0.409878 -0.727592
vn 0.210881 -0.562428 -0.799503
vn 0.299446 -0.332497 -0.894303
vn 0.326736 -0.644755 -0.691039
vn 0.211196 0.820563 0.531104
vn 0.337347 0.818616 0.464828
vn -0.105914 0.983546 0.146356
vn 0.292383 -0.758100 -0.582920
vn 0.240347 0.786957 0.568271
vn 0.521121 0.667126 0.532331
vn 0.734965 -0.640284 -0.223298
vn 0.481261 -0.731946 -0.482330
vn 0.252723 0.698415 0.669588
vn 0.598184 -0.800739 -0.031500
vn 0.222999 0.624184 0.748776
vn 0.219168 -0.856742 -0.466861
vn 0.369419 -0.923082 0.107003
vn 0.082567 0.551285 0.830222
vn 0.364185 0.431459 0.825356
vn 0.301239 -0.917894 -0.258312
vn 0.101325 -0.982420 0.156792
vn -0.000700 0.600277 0.799792
vn 0.054975 -0.907503 -0.416433
vn -0.176506 -0.977999 0.111189
vn -0.092854 0.542329 0.835020
vn -0.029930 -0.975607 -0.217474
vn -0.414354 -0.884477 -0.214501
vn -0.208308 0.548564 0.809744
vn -0.144181 -0.896390 -0.419163
vn -0.592279 0.559839 0.579470
vn -0.200954 -0.843694 -0.497793
vn -0.304081 0.596951 0.742418
vn -0.362712 -0.742780 -0.562776
vn -0.215447 -0.945409 -0.244507
vn -0.332774 0.681070 0.652231
vn -0.384229 0.770057 0.509294
vn -0.641000 0.651771 0.405356
vn -0.440610 -0.628721 -0.640759
vn -0.108929 -0.681735 -0.723445
vn -0.677849 -0.569075 -0.465483
vn -0.160282 -0.681880 -0.713687
vn -0.424310 -0.428691 -0.797612
vn -0.732914 -0.287715 -0.616487
vn -0.002949 -0.626965 -0.779042
vn 0.240682 -0.423498 -0.873339
vn -0.037470 -0.431389 -0.901388
vn -0.133150 0.905125 0.403758
vn -0.341546 -0.121341 -0.931999
vn -0.004128 -0.594943 -0.803757
vn 0.036394 -0.733108 -0.679138
vn 0.054436 0.941165 0.333533
vn -0.153392 -0.881078 -0.447407
vn 0.576218 0.320655 -0.751766
vn 0.456683 0.887036 -0.067883
vn 0.406569 0.763409 -0.501905
vn 0.713036 0.666179 -0.218600
vn 0.600605 0.526522 -0.601704
vn 0.602587 -0.069878 -0.794988
vn 0.750365 0.097695 -0.653764
vn 0.815016 0.390605 -0.427992
vn 0.912837 0.285478 -0.291945
vn 0.859918 -0.044054 -0.508527
vn 0.764819 -0.413106 -0.494363
vn 0.645076 0.757398 0.101120
vn 0.724019 0.617555 0.307282
vn 0.880970 0.471047 0.044785
vn 0.974353 0.172574 -0.144412
vn 0.998561 0.050719 0.017424
vn 0.946515 -0.187203 -0.262800
vn 0.744572 0.521847 0.416279
vn 0.714736 0.423984 0.556228
vn 0.904550 0.272001 0.328336
vn 0.984184 -0.067758 0.163680
vn 0.930343 -0.186222 0.315886
vn 0.906529 -0.422128 -0.003555
vn 0.664580 0.360127 0.654707
vn 0.596382 0.249560 0.762921
vn 0.801793 0.052937 0.595253
vn 0.844110 -0.298757 0.445221
vn 0.720648 -0.398327 0.567452
vn 0.738912 -0.627832 0.244613
vn 0.573665 -0.129522 0.808784
vn 0.575568 -0.484777 0.658568
vn 0.442006 0.143930 0.885389
vn 0.462369 -0.782361 0.417284
vn 0.266518 0.092524 0.959379
vn 0.296695 -0.219540 0.929395
vn 0.399247 -0.548430 0.734729
vn 0.039139 -0.304738 0.951632
vn 0.228479 -0.600563 0.766238
vn 0.096634 0.048667 0.994130
vn 0.121260 -0.863981 0.488706
vn -0.093698 -0.005295 0.995587
vn 0.012605 -0.622272 0.782699
vn -0.306185 -0.287333 0.907574
vn -0.160940 -0.616111 0.771042
vn -0.376877 -0.597040 0.708172
vn -0.520966 -0.560890 0.643426
vn -0.625972 -0.722714 0.292991
vn -0.426258 -0.880744 0.206385
vn -0.337568 0.247072 0.908297
vn -0.606310 0.099519 0.788977
vn -0.603695 -0.172627 0.778301
vn -0.702981 -0.469643 0.534091
vn -0.805507 -0.411972 0.425955
vn -0.825641 -0.563198 0.033550
vn -0.653863 -0.733576 -0.185281
vn -0.550450 0.349937 0.757991
vn -0.750243 0.259400 0.608150
vn -0.833264 -0.016626 0.552626
vn -0.919010 -0.280506 0.277014
vn -0.973116 -0.176725 0.147692
vn -0.790593 0.384686 0.476424
vn -0.933267 0.185627 0.307498
vn -0.820807 0.501555 0.273346
vn -0.994628 -0.045513 -0.092969
vn -0.904992 -0.363626 -0.220829
vn -0.974987 0.211822 0.067314
vn -0.794044 0.599494 0.100498
vn -0.301029 -0.655695 -0.692420
vn -0.176380 -0.880311 -0.440388
vn -0.895098 0.244956 -0.372553
vn -0.878720 -0.007974 -0.477270
vn -0.402191 0.753666 0.519837
vn -0.840678 0.519863 -0.151666
vn -0.704450 0.596520 -0.384596
vn -0.194996 -0.516024 -0.834084
vn -0.727151 0.383415 -0.569424
vn -0.413836 0.868327 0.273399
vn -0.685831 0.065915 -0.724769
vn -0.573497 0.478758 -0.664749
vn -0.281239 0.822764 -0.493927
vn -0.400477 0.547860 -0.734485
vn -0.421958 0.208737 -0.882259
vn -0.352156 0.933965 -0.060793
vn -0.552452 0.765935 -0.328847
vn -0.218661 0.588338 -0.778490
vn 0.031502 0.631273 -0.774920
vn -0.032443 0.330466 -0.943260
vn -0.017672 0.097775 -0.995052
vn 0.013165 0.990859 0.134259
vn -0.058646 0.973456 -0.221234
vn -0.015092 -0.254851 -0.966863
vn 0.020720 0.854430 -0.519153
vn 0.097360 0.675877 -0.730556
vn 0.044147 0.025728 -0.998694
vn 0.092723 0.991366 -0.092716
vn 0.066026 -0.220919 -0.973055
vn -0.051909 -0.960650 -0.272868
vn 0.138118 0.988533 -0.061043
vn 0.166143 0.984908 -0.048496
vn 0.011446 -0.965577 -0.259867
vn 0.175392 0.983836 -0.036110
vn 0.041439 -0.969759 -0.240520
vn 0.229966 0.970337 -0.074578
vn 0.633404 0.665396 -0.395028
vn -0.121796 0.988570 0.088853
vn 0.221379 0.975045 0.016690
vn -0.063893 0.976794 0.204428
vn 0.240243 0.967334 0.080926
vn 0.125409 0.957309 0.260445
vn -0.014241 0.968496 0.248622
vn 0.049954 0.962038 0.268303
vn 0.217362 0.976076 0.005454
vn 0.077433 -0.980000 -0.183313
vn 0.238181 0.969720 0.053965
vn 0.241327 0.966836 0.083599
vn 0.133952 -0.985490 -0.104243
vn 0.249169 0.958738 0.136880
vn 0.244977 0.955356 0.165172
vn 0.128224 -0.989396 -0.068227
vn 0.227773 0.952633 0.201517
vn 0.207901 0.951912 0.225037
vn 0.079139 -0.996040 0.040503
vn 0.154695 0.956096 0.248896
vn 0.275004 0.767543 0.579008
vn 0.049517 -0.996839 0.062123
vn 0.128959 0.956942 0.260061
vn 0.076758 0.959417 0.271344
vn -0.003956 0.539645 0.841883
vn -0.061961 -0.992553 0.104882
vn 0.061669 0.960558 0.271155
vn 0.007630 -0.444600 0.895697
vn 0.009291 0.965105 0.261697
vn -0.098138 -0.990197 0.099391
vn -0.004716 0.966764 0.255628
vn -0.047342 0.972429 0.228343
vn -0.192847 -0.980267 0.043431
vn -0.165582 -0.959209 -0.229130
vn -0.068757 0.978019 0.196853
vn -0.232899 -0.969201 0.080048
vn -0.095641 0.982079 0.162402
vn -0.215077 -0.976593 -0.002972
vn -0.124507 0.985489 0.115369
vn -0.219980 -0.973106 -0.068370
vn -0.328388 0.944506 0.008379
vn -0.201346 0.940333 0.274287
vn -0.544187 0.834400 0.087387
vn -0.792553 0.603413 0.088050
vn -0.950338 0.300295 0.081730
vn -0.832578 0.532350 0.153025
vn -0.992186 -0.096882 0.078620
vn -0.974982 0.216209 0.051612
vn -0.981958 -0.183907 0.044016
vn -0.903320 -0.422303 0.075318
vn -0.548044 -0.835572 0.038294
vn -0.570467 0.802458 -0.175010
vn -0.285049 -0.944340 -0.164221
vn -0.117192 0.992957 0.017386
vn -0.282023 -0.945520 -0.162653
vn -0.104032 0.994573 0.001510
vn -0.160498 -0.969031 -0.187669
vn -0.029373 0.999532 0.008547
vn -0.152798 -0.959540 -0.236507
vn 0.000873 0.999999 0.001354
vn -0.188194 -0.956337 -0.223613
vn 0.025545 0.999436 -0.021812
vn -0.254210 0.838681 -0.481655
vn -0.126427 -0.960624 -0.247424
vn 0.048112 0.995921 -0.076332
vn 0.075547 0.990787 -0.112396
vn -0.036619 0.477468 -0.877886
vn -0.017694 -0.514467 -0.857328
vn -0.065618 -0.978813 -0.193955
vn 0.159193 0.969738 -0.185112
vn 0.355493 0.844711 -0.400110
vn 0.337111 -0.775977 -0.533119
vn 0.003318 -0.912617 -0.408802
vn 0.068572 -0.785150 -0.615498
vn 0.154738 -0.936608 -0.314360
vn 0.289909 0.954477 -0.070182
vn 0.389407 0.906988 -0.160421
vn -0.137713 0.923799 -0.357253
vn 0.165528 -0.973364 -0.158628
vn 0.332102 0.942708 -0.031781
vn 0.597787 0.797224 -0.084171
vn 0.684835 -0.725353 -0.069739
vn 0.373050 -0.915570 -0.150214
vn 0.382876 0.919281 0.091263
vn 0.628485 -0.749319 0.208633
vn 0.385634 0.900229 0.202175
vn 0.140623 -0.990033 0.007692
vn 0.465216 -0.760522 0.452969
vn 0.284170 0.893351 0.348098
vn 0.560155 0.764005 0.320191
vn 0.287915 -0.940514 0.180384
vn 0.231801 -0.761019 0.605903
vn 0.191590 0.926492 0.323891
vn 0.005087 -0.992175 0.124754
vn -0.045832 -0.756248 0.652678
vn 0.120231 0.903890 0.410520
vn -0.008152 -0.938661 0.344744
vn -0.379581 -0.825493 0.417708
vn 0.002506 0.906310 0.422605
vn -0.185398 -0.966411 0.177980
vn -0.433046 0.830057 0.351391
vn -0.268064 -0.957609 0.105480
vn -0.113238 0.920809 0.373212
vn -0.450317 -0.891431 0.050657
vn -0.194019 -0.909224 0.368331
vn -0.175601 0.947741 0.266369
vn -0.276236 0.953277 0.122300
vn -0.540890 0.821647 0.179819
vn -0.707109 -0.706421 -0.031095
vn -0.813904 -0.580719 0.018037
vn -0.558250 -0.828344 -0.046945
vn -0.264690 -0.946031 -0.186990
vn -0.734482 -0.665182 0.134419
vn -0.310319 -0.936490 -0.163366
vn -0.621969 -0.741759 -0.250895
vn -0.846582 -0.507152 -0.161544
vn -0.186619 -0.938057 -0.291929
vn -0.001924 -0.835820 -0.549000
vn -0.273971 -0.832726 -0.481152
vn -0.082823 0.990520 -0.109588
vn -0.599129 -0.558443 -0.573747
vn -0.197783 -0.923596 -0.328409
vn -0.099593 -0.741803 -0.663182
vn -0.108700 -0.979457 -0.169851
vn 0.070067 0.967768 -0.241901
vn -0.202819 -0.945345 0.255317
vn 0.286354 -0.171248 -0.942696
vn 0.332710 0.676652 -0.656846
vn 0.162899 0.349916 -0.922509
vn 0.548980 0.387772 -0.740441
vn 0.337199 0.079538 -0.938067
vn 0.332607 -0.527520 -0.781726
vn 0.501349 -0.324882 -0.801936
vn 0.605840 0.035638 -0.794788
vn 0.749703 0.008633 -0.661719
vn 0.662392 -0.379237 -0.646077
vn 0.609573 -0.676555 -0.413152
vn 0.574690 0.637951 -0.512592
vn 0.725308 0.619707 -0.299819
vn 0.806414 0.344523 -0.480625
vn 0.863375 -0.015747 -0.504317
vn 0.946905 -0.036936 -0.319384
vn 0.832717 -0.380310 -0.402426
vn 0.786795 0.593502 -0.169439
vn 0.810250 0.586081 0.002153
vn 0.933627 0.321347 -0.158354
vn 0.988788 -0.059948 -0.136761
vn 0.995109 -0.076312 0.062721
vn 0.895440 -0.440946 -0.061267
vn 0.798690 0.587698 0.129248
vn 0.777190 0.556356 0.294012
vn 0.937821 0.283770 0.199918
vn 0.963186 -0.096688 0.250848
vn 0.892649 -0.106457 0.438001
vn 0.831233 -0.471169 0.295045
vn 0.803562 0.260605 0.535139
vn 0.790896 -0.119352 0.600199
vn 0.677969 0.544358 0.493996
vn 0.636058 -0.487618 0.598046
vn 0.539024 0.554966 0.633613
vn 0.586232 0.271814 0.763183
vn 0.652919 -0.117955 0.748186
vn 0.356648 0.234070 0.904441
vn 0.505464 -0.130516 0.852920
vn 0.392664 0.551010 0.736344
vn 0.342098 -0.489222 0.802266
vn 0.217593 0.522952 0.824120
vn 0.307929 -0.121134 0.943666
vn 0.014387 0.256662 0.966394
vn 0.139366 -0.106471 0.984500
vn -0.086232 -0.103826 0.990850
vn -0.245854 -0.094069 0.964731
vn -0.438585 -0.404733 0.802393
vn -0.261889 -0.601812 0.754478
vn -0.062793 0.713360 0.697979
vn -0.340911 0.549899 0.762490
vn -0.317436 0.313140 0.895085
vn -0.460039 -0.057391 0.886042
vn -0.595547 -0.055682 0.801388
vn -0.721696 -0.386830 0.574036
vn -0.610991 -0.660834 0.435876
vn -0.319842 0.741277 0.590092
vn -0.547102 0.604137 0.579395
vn -0.618191 0.348349 0.704622
vn -0.760582 -0.011639 0.649138
vn -0.860829 0.013822 0.508706
vn -0.636968 0.645380 0.421612
vn -0.806294 0.401096 0.434755
vn -0.738415 0.641370 0.208300
vn -0.966857 0.001618 0.255315
vn -0.892841 -0.343009 0.291855
vn -0.921951 0.301816 0.242722
vn -0.774899 0.631982 0.011392
vn -0.423376 -0.899829 -0.105169
vn -0.225730 -0.943255 0.243548
vn -0.984366 0.093473 -0.149285
vn -0.978464 -0.177231 -0.105819
vn -0.288551 0.946501 0.144479
vn -0.889460 0.437084 -0.133484
vn -0.838799 0.368532 -0.400750
vn -0.394989 -0.855412 -0.335043
vn -0.898089 0.093350 -0.429793
vn -0.385538 0.916358 -0.107931
vn -0.878348 -0.260773 -0.400627
vn -0.790307 0.110842 -0.602602
vn -0.491601 0.465792 -0.735776
vn -0.653959 0.117703 -0.747318
vn -0.689472 -0.245223 -0.681538
vn -0.435627 0.792321 -0.427149
vn -0.692769 0.527820 -0.491403
vn -0.498825 0.112900 -0.859318
vn -0.264549 0.128880 -0.955722
vn -0.350027 -0.208469 -0.913248
vn -0.331189 -0.434256 -0.837696
vn -0.034649 0.909712 -0.413792
vn -0.210371 0.715993 -0.665657
vn -0.294798 -0.719490 -0.628831
vn -0.216086 0.452575 -0.865149
f 49//49 48//48 7//7
f 49//49 7//7 51//51
f 7//7 5//5 12//12
f 16//16 12//12 19//19
f 16//16 19//19 21//21
f 21//21 19//19 23//23
f 23//23 18//18 26//26
f 59//59 26//26 36//36
f 26//26 60//60 34//34
f 38//38 33//33 42//42
f 44//44 38//38 43//43
f 42//42 56//56 47//47
f 57//57 62//62 49//49
f 47//47 58//58 48//48
f 62//62 47//47 48//48
f 110//110 66//66 70//70
f 110//110 70//70 112//112
f 68//68 66//66 111//111
f 70//70 68//68 75//75
f 79//79 75//75 82//82
f 79//79 82//82 84//84
f 84//84 82//82 86//86
f 86//86 81//81 89//89
f 119//119 89//89 97//97
f 89//89 120//120 95//95
f 99//99 94//94 121//121
f 105//105 99//99 104//104
f 104//104 103//103 109//109
f 118//118 111//111 66//66
f 117//117 122//122 110//110
f 123//123 118//118 66//66
f 122//122 123//123 66//66
f 171//171 170//170 131//131
f 171//171 131//131 172//172
f 129//129 170//170 125//125
f 131//131 129//129 136//136
f 140//140 136//136 143//143
f 140//140 143//143 145//145
f 145//145 143//143 147//147
f 147//147 142//142 150//150
f 179//179 150//150 158//158
f 150//150 180//180 156//156
f 161//161 155//155 182//182
f 165//165 161//161 164//164
f 169//169 178//178 125//125
f 177//177 183//183 171//171
f 183//183 169//169 170//170
f 232//232 231//231 190//190
f 232//232 190//190 233//233
f 190//190 188//188 195//195
f 199//199 195//195 202//202
f 199//199 202//202 204//204
f 204//204 202//202 206//206
f 206//206 201//201 209//209
f 240//240 209//209 219//219
f 209//209 241//241 217//217
f 221//221 216//216 243//243
f 226//226 221//221 225//225
f 238//238 244//244 232//232
f 245//245 239//239 231//231
f 242//242 230//230 245//245
f 244//244 245//245 231//231
f 293//293 249//249 253//253
f 293//293 253//253 295//295
f 251//251 249//249 294//294
f 253//253 251//251 258//258
f 262//262 258//258 265//265
f 262//262 265//265 267//267
f 267//267 265//265 269//269
f 269//269 264//264 272//272
f 302//302 272//272 280//280
f 272//272 303//303 278//278
f 283//283 277//277 304//304
f 288//288 283//283 287//287
f 287//287 286//286 292//292
f 301//301 294//294 249//249
f 300//300 305//305 293//293
f 306//306 301//301 249//249
f 305//305 306//306 249//249
f 355//355 354//354 313//313
f 355//355 313//313 357//357
f 313//313 311//311 318//318
f 322//322 318//318 325//325
f 322//322 325//325 327//327
f 327//327 325//325 329//329
f 329//329 324//324 332//332
f 365//365 332//332 342//342
f 332//332 366//366 340//340
f 344//344 339//339 348//348
f 350//350 344//344 349//349
f 348//348 362//362 353//353
f 363//363 368//368 355//355
f 353//353 364//364 354//354
f 368//368 353//353 354//354
f 50//50 1//1 3//3
f 49//49 4//4 2//2
f 51//51 8//8 49//49
f 50//50 7//7 48//48
f 5//5 7//7 50//50
f 49//49 8//8 4//4
f 50//50 3//3 6//6
f 6//6 5//5 50//50
f 10//10 12//12 5//5
f 5//5 6//6 9//9
f 51//51 11//11 8//8
f 9//9 10//10 5//5
f 12//12 51//51 7//7
f 32//32 15//15 10//10
f 12//12 16//16 51//51
f 15//15 12//12 10//10
f 16//16 13//13 51//51
f 10//10 9//9 32//32
f 51//51 13//13 11//11
f 15//15 32//32 14//14
f 16//16 17//17 13//13
f 14//14 18//18 15//15
f 18//18 19//19 15//15
f 15//15 19//19 12//12
f 21//21 20//20 16//16
f 16//16 20//20 17//17
f 52//52 24//24 21//21
f 18//18 14//14 31//31
f 21//21 24//24 20//20
f 18//18 23//23 19//19
f 18//18 31//31 22//22
f 18//18 22//22 25//25
f 52//52 27//27 24//24
f 25//25 60//60 18//18
f 23//23 52//52 21//21
f 26//26 52//52 23//23
f 59//59 55//55 52//52
f 52//52 55//55 27//27
f 26//26 59//59 52//52
f 60//60 26//26 18//18
f 35//35 36//36 26//26
f 60//60 25//25 28//28
f 36//36 37//37 59//59
f 28//28 53//53 60//60
f 37//37 39//39 59//59
f 53//53 54//54 60//60
f 39//39 40//40 59//59
f 40//40 41//41 59//59
f 54//54 34//34 60//60
f 41//41 55//55 59//59
f 34//34 35//35 26//26
f 42//42 43//43 38//38
f 56//56 42//42 33//33
f 43//43 57//57 44//44
f 56//56 33//33 30//30
f 57//57 45//45 44//44
f 42//42 61//61 43//43
f 47//47 61//61 42//42
f 56//56 30//30 46//46
f 57//57 2//2 45//45
f 46//46 58//58 56//56
f 61//61 57//57 43//43
f 58//58 47//47 56//56
f 58//58 46//46 29//29
f 58//58 29//29 1//1
f 48//48 49//49 62//62
f 1//1 50//50 58//58
f 50//50 48//48 58//58
f 62//62 57//57 61//61
f 49//49 2//2 57//57
f 47//47 62//62 61//61
f 111//111 63//63 65//65
f 110//110 67//67 64//64
f 112//112 71//71 110//110
f 68//68 70//70 66//66
f 110//110 71//71 67//67
f 111//111 65//65 69//69
f 69//69 68//68 111//111
f 73//73 75//75 68//68
f 68//68 69//69 72//72
f 112//112 74//74 71//71
f 72//72 73//73 68//68
f 75//75 112//112 70//70
f 91//91 78//78 73//73
f 75//75 79//79 112//112
f 78//78 75//75 73//73
f 79//79 76//76 112//112
f 73//73 72//72 91//91
f 112//112 76//76 74//74
f 78//78 91//91 77//77
f 79//79 80//80 76//76
f 77//77 81//81 78//78
f 81//81 82//82 78//78
f 78//78 82//82 75//75
f 84//84 83//83 79//79
f 79//79 83//83 80//80
f 113//113 87//87 84//84
f 81//81 77//77 92//92
f 84//84 87//87 83//83
f 81//81 86//86 82//82
f 81//81 92//92 85//85
f 81//81 85//85 88//88
f 113//113 90//90 87//87
f 88//88 120//120 81//81
f 86//86 113//113 84//84
f 89//89 113//113 86//86
f 119//119 116//116 113//113
f 113//113 116//116 90//90
f 89//89 119//119 113//113
f 120//120 89//89 81//81
f 96//96 97//97 89//89
f 120//120 88//88 93//93
f 97//97 98//98 119//119
f 93//93 114//114 120//120
f 98//98 100//100 119//119
f 114//114 115//115 120//120
f 100//100 101//101 119//119
f 101//101 102//102 119//119
f 115//115 95//95 120//120
f 102//102 116//116 119//119
f 95//95 96//96 89//89
f 103//103 104//104 121//121
f 121//121 104//104 99//99
f 94//94 103//103 121//121
f 104//104 117//117 105//105
f 103//103 94//94 106//106
f 117//117 107//107 105//105
f 109//109 123//123 104//104
f 103//103 106//106 108//108
f 117//117 64//64 107//107
f 108//108 109//109 103//103
f 123//123 117//117 104//104
f 109//109 108//108 63//63
f 66//66 110//110 122//122
f 63//63 111//111 109//109
f 111//111 118//118 109//109
f 122//122 117//117 123//123
f 118//118 123//123 109//109
f 110//110 64//64 117//117
f 171//171 127//127 126//126
f 172//172 132//132 171//171
f 129//129 131//131 170//170
f 125//125 124//124 128//128
f 171//171 132//132 127//127
f 125//125 128//128 130//130
f 130//130 129//129 125//125
f 134//134 136//136 129//129
f 129//129 130//130 133//133
f 172//172 135//135 132//132
f 133//133 134//134 129//129
f 136//136 172//172 131//131
f 153//153 139//139 134//134
f 136//136 140//140 172//172
f 139//139 136//136 134//134
f 140//140 137//137 172//172
f 134//134 133//133 153//153
f 172//172 137//137 135//135
f 139//139 153//153 138//138
f 140//140 141//141 137//137
f 138//138 142//142 139//139
f 142//142 143//143 139//139
f 139//139 143//143 136//136
f 145//145 144//144 140//140
f 140//140 144//144 141//141
f 173//173 148//148 145//145
f 142//142 138//138 152//152
f 145//145 148//148 144//144
f 142//142 147//147 143//143
f 142//142 152//152 146//146
f 142//142 146//146 149//149
f 173//173 151//151 148//148
f 149//149 180//180 142//142
f 147//147 173//173 145//145
f 150//150 173//173 147//147
f 179//179 176//176 173//173
f 173//173 176//176 151//151
f 150//150 179//179 173//173
f 180//180 150//150 142//142
f 157//157 158//158 150//150
f 180//180 149//149 154//154
f 158//158 159//159 179//179
f 154//154 174//174 180//180
f 159//159 160//160 179//179
f 174//174 175//175 180//180
f 160//160 162//162 179//179
f 162//162 163//163 179//179
f 175//175 156//156 180//180
f 163//163 176//176 179//179
f 156//156 157//157 150//150
f 178//178 164//164 182//182
f 182//182 164//164 161//161
f 164//164 177//177 165//165
f 182//182 155//155 166//166
f 177//177 167//167 165//165
f 178//178 181//181 164//164
f 169//169 181//181 178//178
f 182//182 166//166 168//168
f 177//177 126//126 167//167
f 168//168 178//178 182//182
f 181//181 177//177 164//164
f 178//178 168//168 124//124
f 170//170 171//171 183//183
f 124//124 125//125 178//178
f 125//125 170//170 169//169
f 183//183 177//177 181//181
f 171//171 126//126 177//177
f 169//169 183//183 181//181
f 232//232 187//187 185//185
f 233//233 191//191 232//232
f 186//186 190//190 231//231
f 188//188 190//190 186//186
f 186//186 184//184 213//213
f 232//232 191//191 187//187
f 186//186 213//213 189//189
f 189//189 188//188 186//186
f 193//193 195//195 188//188
f 188//188 189//189 192//192
f 233//233 194//194 191//191
f 192//192 193//193 188//188
f 195//195 233//233 190//190
f 215//215 198//198 193//193
f 195//195 199//199 233//233
f 198//198 195//195 193//193
f 199//199 196//196 233//233
f 193//193 192//192 215//215
f 233//233 196//196 194//194
f 198//198 215//215 197//197
f 199//199 200//200 196//196
f 197//197 201//201 198//198
f 201//201 202//202 198//198
f 198//198 202//202 195//195
f 204//204 203//203 199//199
f 199//199 203//203 200//200
f 234//234 207//207 204//204
f 201//201 197//197 214//214
f 204//204 207//207 203//203
f 201//201 206//206 202//202
f 201//201 214//214 205//205
f 201//201 205//205 208//208
f 234//234 210//210 207//207
f 208//208 241//241 201//201
f 206//206 234//234 204//204
f 209//209 234//234 206//206
f 240//240 237//237 234//234
f 234//234 237//237 210//210
f 209//209 240//240 234//234
f 241//241 209//209 201//201
f 218//218 219//219 209//209
f 241//241 208//208 212//212
f 219//219 220//220 240//240
f 212//212 235//235 241//241
f 220//220 222//222 240//240
f 235//235 236//236 241//241
f 222//222 223//223 240//240
f 223//223 224//224 240//240
f 236//236 217//217 241//241
f 224//224 237//237 240//240
f 217//217 218//218 209//209
f 230//230 225//225 243//243
f 243//243 225//225 221//221
f 225//225 238//238 226//226
f 243//243 216//216 227//227
f 238//238 228//228 226//226
f 230//230 242//242 225//225
f 243//243 227//227 229//229
f 238//238 185//185 228//228
f 229//229 239//239 243//243
f 242//242 238//238 225//225
f 239//239 230//230 243//243
f 239//239 229//229 211//211
f 239//239 211//211 184//184
f 231//231 232//232 244//244
f 184//184 186//186 239//239
f 186//186 231//231 239//239
f 244//244 238//238 242//242
f 239//239 245//245 230//230
f 232//232 185//185 238//238
f 245//245 244//244 242//242
f 294//294 246//246 248//248
f 293//293 250//250 247//247
f 295//295 254//254 293//293
f 251//251 253//253 249//249
f 293//293 254//254 250//250
f 294//294 248//248 252//252
f 252//252 251//251 294//294
f 256//256 258//258 251//251
f 251//251 252//252 255//255
f 295//295 257//257 254//254
f 255//255 256//256 251//251
f 258//258 295//295 253//253
f 276//276 261//261 256//256
f 258//258 262//262 295//295
f 261//261 258//258 256//256
f 262//262 259//259 295//295
f 256//256 255//255 276//276
f 295//295 259//259 257//257
f 261//261 276//276 260//260
f 262//262 263//263 259//259
f 260//260 264//264 261//261
f 264//264 265//265 261//261
f 261//261 265//265 258//258
f 267//267 266//266 262//262
f 262//262 266//266 263//263
f 296//296 270//270 267//267
f 264//264 260//260 275//275
f 267//267 270//270 266//266
f 264//264 269//269 265//265
f 264//264 275//275 268//268
f 264//264 268//268 271//271
f 296//296 273//273 270//270
f 271//271 303//303 264//264
f 269//269 296//296 267//267
f 272//272 296//296 269//269
f 302//302 299//299 296//296
f 296//296 299//299 273//273
f 272//272 302//302 296//296
f 303//303 272//272 264//264
f 279//279 280//280 272//272
f 303//303 271//271 274//274
f 280//280 281//281 302//302
f 274//274 297//297 303//303
f 281//281 282//282 302//302
f 297//297 298//298 303//303
f 282//282 284//284 302//302
f 284//284 285//285 302//302
f 298//298 278//278 303//303
f 285//285 299//299 302//302
f 278//278 279//279 272//272
f 286//286 287//287 304//304
f 304//304 287//287 283//283
f 277//277 286//286 304//304
f 287//287 300//300 288//288
f 286//286 277//277 289//289
f 300//300 290//290 288//288
f 292//292 306//306 287//287
f 286//286 289//289 291//291
f 300//300 247//247 290//290
f 291//291 292//292 286//286
f 306//306 300//300 287//287
f 292//292 291//291 246//246
f 249//249 293//293 305//305
f 246//246 294//294 292//292
f 294//294 301//301 292//292
f 305//305 300//300 306//306
f 301//301 306//306 292//292
f 293//293 247//247 300//300
f 356//356 307//307 309//309
f 355//355 310//310 308//308
f 357//357 314//314 355//355
f 356//356 313//313 354//354
f 311//311 313//313 356//356
f 355//355 314//314 310//310
f 356//356 309//309 312//312
f 312//312 311//311 356//356
f 316//316 318//318 311//311
f 311//311 312//312 315//315
f 357//357 317//317 314//314
f 315//315 316//316 311//311
f 318//318 357//357 313//313
f 338//338 321//321 316//316
f 318//318 322//322 357//357
f 321//321 318//318 316//316
f 322//322 319//319 357//357
f 316//316 315//315 338//338
f 357//357 319//319 317//317
f 321//321 338//338 320//320
f 322//322 323//323 319//319
f 320//320 324//324 321//321
f 324//324 325//325 321//321
f 321//321 325//325 318//318
f 327//327 326//326 322//322
f 322//322 326//326 323//323
f 358//358 330//330 327//327
f 324//324 320//320 335//335
f 327//327 330//330 326//326
f 324//324 329//329 325//325
f 324//324 335//335 328//328
f 324//324 328//328 331//331
f 358//358 333//333 330//330
f 331//331 366//366 324//324
f 329//329 358//358 327//327
f 332//332 358//358 329//329
f 365//365 361//361 358//358
f 358//358 361//361 333//333
f 332//332 365//365 358//358
f 366//366 332//332 324//324
f 341//341 342//342 332//332
f 366//366 331//331 337//337
f 342//342 343//343 365//365
f 337//337 359//359 366//366
f 343//343 345//345 365//365
f 359//359 360//360 366//366
f 345//345 346//346 365//365
f 346//346 347//347 365//365
f 360//360 340//340 366//366
f 347//347 361//361 365//365
f 340//340 341//341 332//332
f 348//348 349//349 344//344
f 362//362 348//348 339//339
f 349//349 363//363 350//350
f 362//362 339//339 334//334
f 363//363 351//351 350//350
f 348//348 367//367 349//349
f 353//353 367//367 348//348
f 362//362 334//334 352//352
f 363//363 308//308 351//351
f 352//352 364//364 362//362
f 367//367 363//363 349//349
f 364//364 353//353 362//362
f 364//364 352//352 336//336
f 364//364 336//336 307//307
f 354//354 355//355 368//368
f 307//307 356//356 364//364
f 356//356 354//354 364//364
f 368//368 363//363 367//367
f 355//355 308//308 363//363
f 353//353 368//368 367//367
f 484//484 548//548 433//433
f 371//371 476//476 478//478
f 438//438 374//374 439//439
f 438//438 439//439 376//376
f 480//480 481//481 482//482
f 433//433 432//432 438//438
f 484//484 433//433 441//441
f 434//434 479//479 483//483
f 479//479 480//480 483//483
f 437//437 434//434 443//443
f 482//482 481//481 488//488
f 486//486 485//485 490//490
f 443//443 483//483 442//442
f 488//488 487//487 492//492
f 441//441 440//440 445//445
f 483//483 488//488 492//492
f 493//493 441//441 448//448
f 490//490 489//489 495//495
f 443//443 442//442 444//444
f 492//492 491//491 497//497
f 442//442 492//492 444//444
f 495//495 494//494 498//498
f 449//449 444//444 447//447
f 497//497 496//496 501//501
f 444//444 497//497 447//447
f 448//448 451//451 391//391
f 500//500 448//448 391//391
f 498//498 500//500 502//502
f 501//501 504//504 505//505
f 447//447 501//501 450//450
f 449//449 447//447 450//450
f 502//502 506//506 503//503
f 505//505 508//508 395//395
f 506//506 391//391 512//512
f 450//450 505//505 453//453
f 455//455 450//450 453//453
f 512//512 454//454 460//460
f 395//395 509//509 510//510
f 455//455 453//453 456//456
f 507//507 393//393 514//514
f 510//510 515//515 517//517
f 456//456 511//511 518//518
f 511//511 510//510 518//518
f 514//514 513//513 521//521
f 458//458 460//460 462//462
f 518//518 510//510 517//517
f 517//517 522//522 526//526
f 456//456 518//518 465//465
f 521//521 520//520 523//523
f 458//458 462//462 463//463
f 518//518 517//517 465//465
f 526//526 525//525 411//411
f 458//458 463//463 405//405
f 465//465 526//526 413//413
f 524//524 458//458 405//405
f 527//527 524//524 408//408
f 461//461 465//465 415//415
f 466//466 461//461 464//464
f 525//525 527//527 409//409
f 416//416 415//415 467//467
f 412//412 410//410 534//534
f 419//419 475//475 530//530
f 414//414 412//412 531//531
f 407//407 406//406 533//533
f 415//415 414//414 468//468
f 410//410 407//407 528//528
f 419//419 529//529 536//536
f 467//467 468//468 472//472
f 534//534 417//417 543//543
f 537//537 533//533 471//471
f 533//533 420//420 471//471
f 538//538 535//535 541//541
f 424//424 536//536 473//473
f 417//417 537//537 548//548
f 536//536 467//467 549//549
f 541//541 540//540 546//546
f 539//539 426//426 550//550
f 549//549 547//547 430//430
f 550//550 426//426 369//369
f 435//435 549//549 436//436
f 473//473 549//549 435//435
f 545//545 550//550 476//476
f 546//546 545//545 370//370
f 547//547 546//546 430//430
f 666//666 730//730 615//615
f 553//553 658//658 660//660
f 620//620 556//556 621//621
f 620//620 621//621 558//558
f 662//662 663//663 664//664
f 615//615 614//614 620//620
f 666//666 615//615 623//623
f 616//616 661//661 665//665
f 661//661 662//662 665//665
f 619//619 616//616 625//625
f 664//664 663//663 670//670
f 668//668 667//667 672//672
f 625//625 665//665 624//624
f 670//670 669//669 674//674
f 623//623 622//622 627//627
f 665//665 670//670 674//674
f 675//675 623//623 630//630
f 672//672 671//671 677//677
f 625//625 624//624 626//626
f 674//674 673//673 679//679
f 624//624 674//674 626//626
f 677//677 676//676 680//680
f 631//631 626//626 629//629
f 679//679 678//678 683//683
f 626//626 679//679 629//629
f 630//630 633//633 573//573
f 682//682 630//630 573//573
f 680//680 682//682 684//684
f 683//683 686//686 687//687
f 629//629 683//683 632//632
f 631//631 629//629 632//632
f 684//684 688//688 685//685
f 687//687 690//690 577//577
f 688//688 573//573 694//694
f 632//632 687//687 635//635
f 637//637 632//632 635//635
f 694//694 636//636 642//642
f 577//577 691//691 692//692
f 637//637 635//635 638//638
f 689//689 575//575 696//696
f 692//692 697//697 699//699
f 638//638 693//693 700//700
f 693//693 692//692 700//700
f 696//696 695//695 703//703
f 640//640 642//642 644//644
f 700//700 692//692 699//699
f 699//699 704//704 708//708
f 638//638 700//700 647//647
f 703//703 702//702 705//705
f 640//640 644//644 645//645
f 700//700 699//699 647//647
f 708//708 707//707 594//594
f 640//640 645//645 587//587
f 647//647 708//708 595//595
f 706//706 640//640 587//587
f 709//709 706//706 589//589
f 643//643 647//647 597//597
f 648//648 643//643 646//646
f 707//707 709//709 591//591
f 598//598 597//597 649//649
f 593//593 592//592 716//716
f 601//601 657//657 712//712
f 596//596 593//593 713//713
f 590//590 588//588 715//715
f 597//597 596//596 650//650
f 592//592 590//590 710//710
f 601//601 711//711 718//718
f 649//649 650//650 654//654
f 716//716 599//599 725//725
f 719//719 715//715 653//653
f 715//715 602//602 653//653
f 720//720 717//717 723//723
f 606//606 718//718 655//655
f 599//599 719//719 730//730
f 718//718 649//649 731//731
f 723//723 722//722 728//728
f 721//721 608//608 732//732
f 731//731 729//729 612//612
f 732//732 608//608 551//551
f 617//617 731//731 618//618
f 655//655 731//731 617//617
f 727//727 732//732 658//658
f 728//728 727//727 552//552
f 729//729 728//728 612//612
f 848//848 912//912 797//797
f 735//735 840//840 842//842
f 802//802 738//738 803//803
f 802//802 803//803 740//740
f 844//844 845//845 846//846
f 797//797 796//796 802//802
f 848//848 797//797 805//805
f 798//798 843//843 847//847
f 843//843 844//844 847//847
f 801//801 798//798 807//807
f 846//846 845//845 852//852
f 850//850 849//849 854//854
f 807//807 847//847 806//806
f 852//852 851//851 856//856
f 805//805 804//804 809//809
f 847//847 852//852 856//856
f 857//857 805//805 812//812
f 854//854 853//853 859//859
f 807//807 806//806 808//808
f 856//856 855//855 861//861
f 806//806 856//856 808//808
f 859//859 858//858 862//862
f 813//813 808//808 811//811
f 861//861 860//860 865//865
f 808//808 861//861 811//811
f 812//812 815//815 755//755
f 864//864 812//812 755//755
f 862//862 864//864 866//866
f 865//865 868//868 869//869
f 811//811 865//865 814//814
f 813//813 811//811 814//814
f 866//866 870//870 867//867
f 869//869 872//872 759//759
f 870//870 755//755 876//876
f 814//814 869//869 817//817
f 819//819 814//814 817//817
f 876//876 818//818 824//824
f 759//759 873//873 874//874
f 819//819 817//817 820//820
f 871//871 757//757 878//878
f 874//874 879//879 881//881
f 820//820 875//875 882//882
f 875//875 874//874 882//882
f 878//878 877//877 885//885
f 822//822 824//824 826//826
f 882//882 874//874 881//881
f 881//881 886//886 890//890
f 820//820 882//882 829//829
f 885//885 884//884 887//887
f 822//822 826//826 827//827
f 882//882 881//881 829//829
f 890//890 889//889 775//775
f 822//822 827//827 769//769
f 829//829 890//890 777//777
f 888//888 822//822 769//769
f 891//891 888//888 772//772
f 825//825 829//829 779//779
f 830//830 825//825 828//828
f 889//889 891//891 773//773
f 780//780 779//779 831//831
f 776//776 774//774 898//898
f 783//783 839//839 894//894
f 778//778 776//776 895//895
f 771//771 770//770 897//897
f 779//779 778//778 832//832
f 774//774 771//771 892//892
f 783//783 893//893 900//900
f 831//831 832//832 836//836
f 898//898 781//781 907//907
f 901//901 897//897 835//835
f 897//897 784//784 835//835
f 902//902 899//899 905//905
f 788//788 900//900 837//837
f 781//781 901//901 912//912
f 900//900 831//831 913//913
f 905//905 904//904 910//910
f 903//903 790//790 914//914
f 913//913 911//911 794//794
f 914//914 790//790 733//733
f 799//799 913//913 800//800
f 837//837 913//913 799//799
f 909//909 914//914 840//840
f 910//910 909//909 734//734
f 911//911 910//910 794//794
f 1030//1030 1094//1094 979//979
f 917//917 1022//1022 1024//1024
f 984//984 920//920 985//985
f 984//984 985//985 922//922
f 1026//1026 1027//1027 1028//1028
f 979//979 978//978 984//984
f 1030//1030 979//979 987//987
f 980//980 1025//1025 1029//1029
f 1025//1025 1026//1026 1029//1029
f 983//983 980//980 989//989
f 1028//1028 1027//1027 1034//1034
f 1032//1032 1031//1031 1036//1036
f 989//989 1029//1029 988//988
f 1034//1034 1033//1033 1038//1038
f 987//987 986//986 991//991
f 1029//1029 1034//1034 1038//1038
f 1039//1039 987//987 994//994
f 1036//1036 1035//1035 1041//1041
f 989//989 988//988 990//990
f 1038//1038 1037//1037 1043//1043
f 988//988 1038//1038 990//990
f 1041//1041 1040//1040 1044//1044
f 995//995 990//990 993//993
f 1043//1043 1042//1042 1047//1047
f 990//990 1043//1043 993//993
f 994//994 997//997 937//937
f 1046//1046 994//994 937//937
f 1044//1044 1046//1046 1048//1048
f 1047//1047 1050//1050 1051//1051
f 993//993 1047//1047 996//996
f 995//995 993//993 996//996
f 1048//1048 1052//1052 1049//1049
f 1051//1051 1054//1054 941//941
f 1052//1052 937//937 1058//1058
f 996//996 1051//1051 999//999
f 1001//1001 996//996 999//999
f 1058//1058 1000//1000 1006//1006
f 941//941 1055//1055 1056//1056
f 1001//1001 999//999 1002//1002
f 1053//1053 939//939 1060//1060
f 1056//1056 1061//1061 1063//1063
f 1002//1002 1057//1057 1064//1064
f 1057//1057 1056//1056 1064//1064
f 1060//1060 1059//1059 1067//1067
f 1004//1004 1006//1006 1008//1008
f 1064//1064 1056//1056 1063//1063
f 1063//1063 1068//1068 1072//1072
f 1002//1002 1064//1064 1011//1011
f 1067//1067 1066//1066 1069//1069
f 1004//1004 1008//1008 1009//1009
f 1064//1064 1063//1063 1011//1011
f 1072//1072 1071//1071 957//957
f 1004//1004 1009//1009 951//951
f 1011//1011 1072//1072 959//959
f 1070//1070 1004//1004 951//951
f 1073//1073 1070//1070 954//954
f 1007//1007 1011//1011 961//961
f 1012//1012 1007//1007 1010//1010
f 1071//1071 1073//1073 955//955
f 962//962 961//961 1013//1013
f 958//958 956//956 1080//1080
f 965//965 1021//1021 1076//1076
f 960//960 958//958 1077//1077
f 953//953 952//952 1079//1079
f 961//961 960//960 1014//1014
f 956//956 953//953 1074//1074
f 965//965 1075//1075 1082//1082
f 1013//1013 1014//1014 1018//1018
f 1080//1080 963//963 1089//1089
f 1083//1083 1079//1079 1017//1017
f 1079//1079 966//966 1017//1017
f 1084//1084 1081//1081 1087//1087
f 970//970 1082//1082 1019//1019
f 963//963 1083//1083 1094//1094
f 1082//1082 1013//1013 1095//1095
f 1087//1087 1086//1086 1092//1092
f 1085//1085 972//972 1096//1096
f 1095//1095 1093//1093 976//976
f 1096//1096 972//972 915//915
f 981//981 1095//1095 982//982
f 1019//1019 1095//1095 981//981
f 1091//1091 1096//1096 1022//1022
f 1092//1092 1091//1091 916//916
f 1093//1093 1092//1092 976//976
f 1233//1233 1320//1320 1179//1179
f 1100//1100 1234//1234 1236//1236
f 1185//1185 1105//1105 1186//1186
f 1185//1185 1186//1186 1107//1107
f 1238//1238 1239//1239 1241//1241
f 1179//1179 1184//1184 1185//1185
f 1243//1243 1179//1179 1189//1189
f 1180//1180 1237//1237 1242//1242
f 1237//1237 1238//1238 1242//1242
f 1183//1183 1180//1180 1191//1191
f 1241//1241 1240//1240 1248//1248
f 1245//1245 1244//1244 1251//1251
f 1191//1191 1242//1242 1190//1190
f 1248//1248 1247//1247 1254//1254
f 1189//1189 1188//1188 1192//1192
f 1242//1242 1248//1248 1254//1254
f 1255//1255 1189//1189 1198//1198
f 1251//1251 1250//1250 1257//1257
f 1191//1191 1190//1190 1193//1193
f 1254//1254 1253//1253 1260//1260
f 1198//1198 1192//1192 1194//1194
f 1190//1190 1254//1254 1193//1193
f 1257//1257 1256//1256 1261//1261
f 1199//1199 1193//1193 1196//1196
f 1260//1260 1259//1259 1264//1264
f 1193//1193 1260//1260 1196//1196
f 1198//1198 1197//1197 1128//1128
f 1265//1265 1198//1198 1128//1128
f 1261//1261 1263//1263 1266//1266
f 1264//1264 1267//1267 1271//1271
f 1196//1196 1264//1264 1200//1200
f 1199//1199 1196//1196 1200//1200
f 1266//1266 1270//1270 1268//1268
f 1271//1271 1273//1273 1135//1135
f 1272//1272 1128//1128 1280//1280
f 1200//1200 1271//1271 1203//1203
f 1205//1205 1200//1200 1203//1203
f 1280//1280 1204//1204 1207//1207
f 1135//1135 1276//1276 1278//1278
f 1205//1205 1203//1203 1206//1206
f 1274//1274 1132//1132 1282//1282
f 1287//1287 1207//1207 1211//1211
f 1278//1278 1283//1283 1285//1285
f 1206//1206 1279//1279 1286//1286
f 1279//1279 1278//1278 1286//1286
f 1282//1282 1281//1281 1289//1289
f 1209//1209 1211//1211 1214//1214
f 1286//1286 1278//1278 1285//1285
f 1285//1285 1290//1290 1296//1296
f 1206//1206 1286//1286 1219//1219
f 1289//1289 1288//1288 1293//1293
f 1209//1209 1214//1214 1215//1215
f 1286//1286 1285//1285 1219//1219
f 1296//1296 1295//1295 1155//1155
f 1209//1209 1215//1215 1216//1216
f 1219//1219 1296//1296 1156//1156
f 1294//1294 1209//1209 1216//1216
f 1297//1297 1294//1294 1150//1150
f 1212//1212 1219//1219 1158//1158
f 1220//1220 1212//1212 1217//1217
f 1295//1295 1297//1297 1152//1152
f 1159//1159 1158//1158 1221//1221
f 1154//1154 1153//1153 1304//1304
f 1161//1161 1231//1231 1300//1300
f 1157//1157 1154//1154 1301//1301
f 1151//1151 1149//1149 1303//1303
f 1158//1158 1157//1157 1222//1222
f 1153//1153 1151//1151 1298//1298
f 1163//1163 1299//1299 1306//1306
f 1221//1221 1222//1222 1227//1227
f 1304//1304 1160//1160 1315//1315
f 1308//1308 1303//1303 1226//1226
f 1303//1303 1164//1164 1226//1226
f 1309//1309 1307//1307 1313//1313
f 1167//1167 1306//1306 1228//1228
f 1160//1160 1308//1308 1320//1320
f 1306//1306 1221//1221 1322//1322
f 1313//1313 1312//1312 1318//1318
f 1311//1311 1321//1321 1323//1323
f 1322//1322 1319//1319 1176//1176
f 1323//1323 1321//1321 1097//1097
f 1181//1181 1322//1322 1182//1182
f 1228//1228 1225//1225 1181//1181
f 1229//1229 1228//1228 1181//1181
f 1317//1317 1323//1323 1234//1234
f 1318//1318 1317//1317 1098//1098
f 1319//1319 1318//1318 1176//1176
f 1462//1462 1549//1549 1405//1405
f 1327//1327 1463//1463 1465//1465
f 1411//1411 1332//1332 1412//1412
f 1411//1411 1412//1412 1334//1334
f 1467//1467 1468//1468 1470//1470
f 1405//1405 1410//1410 1411//1411
f 1472//1472 1405//1405 1415//1415
f 1406//1406 1466//1466 1471//1471
f 1466//1466 1467//1467 1471//1471
f 1409//1409 1406//1406 1417//1417
f 1470//1470 1469//1469 1477//1477
f 1474//1474 1473//1473 1480//1480
f 1417//1417 1471//1471 1416//1416
f 1477//1477 1476//1476 1483//1483
f 1415//1415 1414//1414 1418//1418
f 1471//1471 1477//1477 1483//1483
f 1484//1484 1415//1415 1424//1424
f 1480//1480 1479//1479 1486//1486
f 1417//1417 1416//1416 1419//1419
f 1483//1483 1482//1482 1489//1489
f 1424//1424 1418//1418 1420//1420
f 1416//1416 1483//1483 1419//1419
f 1486//1486 1485//1485 1490//1490
f 1425//1425 1419//1419 1422//1422
f 1489//1489 1488//1488 1493//1493
f 1419//1419 1489//1489 1422//1422
f 1424//1424 1423//1423 1355//1355
f 1494//1494 1424//1424 1355//1355
f 1490//1490 1492//1492 1495//1495
f 1493//1493 1496//1496 1500//1500
f 1422//1422 1493//1493 1426//1426
f 1425//1425 1422//1422 1426//1426
f 1495//1495 1499//1499 1497//1497
f 1500//1500 1502//1502 1362//1362
f 1501//1501 1355//1355 1509//1509
f 1426//1426 1500//1500 1429//1429
f 1431//1431 1426//1426 1429//1429
f 1509//1509 1430//1430 1433//1433
f 1362//1362 1505//1505 1507//1507
f 1431//1431 1429//1429 1432//1432
f 1503//1503 1359//1359 1511//1511
f 1516//1516 1433//1433 1437//1437
f 1507//1507 1512//1512 1514//1514
f 1432//1432 1508//1508 1515//1515
f 1508//1508 1507//1507 1515//1515
f 1511//1511 1510//1510 1518//1518
f 1435//1435 1437//1437 1440//1440
f 1515//1515 1507//1507 1514//1514
f 1514//1514 1519//1519 1525//1525
f 1432//1432 1515//1515 1447//1447
f 1518//1518 1517//1517 1522//1522
f 1435//1435 1440//1440 1441//1441
f 1515//1515 1514//1514 1447//1447
f 1525//1525 1524//1524 1381//1381
f 1435//1435 1441//1441 1442//1442
f 1447//1447 1525//1525 1384//1384
f 1523//1523 1435//1435 1442//1442
f 1526//1526 1523//1523 1378//1378
f 1438//1438 1447//1447 1443//1443
f 1448//1448 1438//1438 1445//1445
f 1524//1524 1526//1526 1379//1379
f 1385//1385 1444//1444 1449//1449
f 1382//1382 1380//1380 1533//1533
f 1387//1387 1460//1460 1529//1529
f 1383//1383 1382//1382 1530//1530
f 1377//1377 1376//1376 1532//1532
f 1444//1444 1383//1383 1450//1450
f 1380//1380 1377//1377 1527//1527
f 1389//1389 1528//1528 1535//1535
f 1449//1449 1450//1450 1455//1455
f 1533//1533 1386//1386 1544//1544
f 1537//1537 1532//1532 1454//1454
f 1532//1532 1390//1390 1454//1454
f 1538//1538 1536//1536 1542//1542
f 1393//1393 1535//1535 1456//1456
f 1386//1386 1537//1537 1549//1549
f 1535//1535 1449//1449 1551//1551
f 1542//1542 1541//1541 1547//1547
f 1540//1540 1550//1550 1552//1552
f 1551//1551 1548//1548 1402//1402
f 1552//1552 1550//1550 1324//1324
f 1407//1407 1551//1551 1408//1408
f 1456//1456 1453//1453 1407//1407
f 1458//1458 1456//1456 1407//1407
f 1546//1546 1552//1552 1463//1463
f 1547//1547 1546//1546 1325//1325
f 1548//1548 1547//1547 1402//1402
f 435//435 372//372 431//431
f 476//476 371//371 370//370
f 429//429 432//432 474//474
f 432//432 548//548 474//474
f 432//432 433//433 548//548
f 371//371 479//479 430//430
f 548//548 484//484 369//369
f 479//479 436//436 430//430
f 484//484 476//476 369//369
f 432//432 429//429 373//373
f 435//435 375//375 372//372
f 434//434 435//435 436//436
f 477//477 478//478 476//476
f 477//477 481//481 478//478
f 478//478 480//480 371//371
f 480//480 479//479 371//371
f 479//479 434//434 436//436
f 484//484 477//477 476//476
f 434//434 437//437 435//435
f 435//435 437//437 375//375
f 432//432 373//373 374//374
f 481//481 480//480 478//478
f 374//374 438//438 432//432
f 486//486 481//481 477//477
f 486//486 487//487 481//481
f 439//439 374//374 376//376
f 437//437 383//383 375//375
f 376//376 440//440 438//438
f 438//438 441//441 433//433
f 482//482 483//483 480//480
f 441//441 485//485 484//484
f 484//484 486//486 477//477
f 485//485 486//486 484//484
f 488//488 483//483 482//482
f 483//483 443//443 434//434
f 440//440 376//376 382//382
f 487//487 488//488 481//481
f 440//440 441//441 438//438
f 490//490 491//491 487//487
f 437//437 384//384 383//383
f 382//382 445//445 440//440
f 441//441 489//489 485//485
f 489//489 490//490 485//485
f 490//490 487//487 486//486
f 437//437 443//443 384//384
f 445//445 382//382 379//379
f 491//491 492//492 487//487
f 492//492 442//442 483//483
f 445//445 379//379 385//385
f 443//443 389//389 384//384
f 445//445 448//448 441//441
f 441//441 493//493 489//489
f 493//493 495//495 489//489
f 495//495 491//491 490//490
f 495//495 496//496 491//491
f 494//494 495//495 493//493
f 444//444 449//449 443//443
f 449//449 446//446 443//443
f 443//443 446//446 389//389
f 445//445 385//385 386//386
f 496//496 497//497 491//491
f 497//497 444//444 492//492
f 448//448 494//494 493//493
f 387//387 451//451 445//445
f 451//451 448//448 445//445
f 448//448 500//500 494//494
f 500//500 498//498 494//494
f 498//498 496//496 495//495
f 498//498 499//499 496//496
f 445//445 386//386 387//387
f 446//446 449//449 389//389
f 498//498 504//504 499//499
f 451//451 387//387 388//388
f 499//499 501//501 496//496
f 501//501 447//447 497//497
f 502//502 504//504 498//498
f 451//451 388//388 390//390
f 449//449 394//394 389//389
f 504//504 501//501 499//499
f 455//455 452//452 449//449
f 503//503 504//504 502//502
f 449//449 452//452 394//394
f 503//503 508//508 504//504
f 390//390 454//454 451//451
f 454//454 391//391 451//451
f 505//505 450//450 501//501
f 391//391 506//506 500//500
f 506//506 502//502 500//500
f 450//450 455//455 449//449
f 454//454 390//390 392//392
f 508//508 505//505 504//504
f 507//507 508//508 503//503
f 452//452 455//455 394//394
f 507//507 509//509 508//508
f 392//392 460//460 454//454
f 454//454 512//512 391//391
f 395//395 453//453 505//505
f 512//512 393//393 506//506
f 506//506 507//507 503//503
f 393//393 507//507 506//506
f 511//511 453//453 395//395
f 460//460 392//392 378//378
f 455//455 399//399 394//394
f 509//509 395//395 508//508
f 455//455 457//457 399//399
f 514//514 515//515 509//509
f 460//460 378//378 396//396
f 510//510 511//511 395//395
f 460//460 519//519 512//512
f 511//511 456//456 453//453
f 512//512 514//514 393//393
f 456//456 457//457 455//455
f 514//514 509//509 507//507
f 519//519 513//513 512//512
f 513//513 514//514 512//512
f 514//514 516//516 515//515
f 460//460 396//396 380//380
f 460//460 380//380 397//397
f 515//515 510//510 509//509
f 521//521 522//522 516//516
f 460//460 397//397 398//398
f 516//516 517//517 515//515
f 398//398 462//462 460//460
f 460//460 458//458 519//519
f 519//519 521//521 513//513
f 456//456 459//459 457//457
f 521//521 516//516 514//514
f 457//457 459//459 399//399
f 520//520 521//521 519//519
f 456//456 461//461 459//459
f 459//459 461//461 399//399
f 462//462 398//398 381//381
f 462//462 381//381 400//400
f 461//461 401//401 399//399
f 522//522 517//517 516//516
f 458//458 520//520 519//519
f 462//462 400//400 402//402
f 461//461 404//404 401//401
f 458//458 523//523 520//520
f 465//465 461//461 456//456
f 523//523 522//522 521//521
f 523//523 525//525 522//522
f 524//524 523//523 458//458
f 527//527 525//525 523//523
f 461//461 466//466 404//404
f 462//462 402//402 403//403
f 525//525 526//526 522//522
f 403//403 463//463 462//462
f 526//526 465//465 517//517
f 411//411 413//413 526//526
f 405//405 408//408 524//524
f 413//413 415//415 465//465
f 524//524 527//527 523//523
f 408//408 409//409 527//527
f 415//415 464//464 461//461
f 409//409 411//411 525//525
f 463//463 403//403 405//405
f 466//466 464//464 404//404
f 468//468 467//467 415//415
f 528//528 534//534 410//410
f 467//467 529//529 416//416
f 534//534 531//531 412//412
f 529//529 530//530 416//416
f 529//529 419//419 530//530
f 533//533 406//406 377//377
f 530//530 475//475 416//416
f 531//531 532//532 414//414
f 532//532 468//468 414//414
f 533//533 417//417 407//407
f 417//417 528//528 407//407
f 538//538 468//468 532//532
f 533//533 537//537 417//417
f 417//417 534//534 528//528
f 534//534 535//535 531//531
f 533//533 377//377 418//418
f 531//531 538//538 532//532
f 467//467 536//536 529//529
f 536//536 469//469 419//419
f 536//536 421//421 469//469
f 533//533 418//418 420//420
f 469//469 421//421 419//419
f 535//535 538//538 531//531
f 538//538 472//472 468//468
f 543//543 535//535 534//534
f 541//541 472//472 538//538
f 542//542 543//543 417//417
f 543//543 540//540 535//535
f 536//536 470//470 421//421
f 536//536 424//424 470//470
f 471//471 420//420 422//422
f 470//470 424//424 421//421
f 540//540 541//541 535//535
f 539//539 540//540 543//543
f 549//549 473//473 536//536
f 539//539 544//544 540//540
f 471//471 422//422 423//423
f 471//471 548//548 537//537
f 548//548 542//542 417//417
f 472//472 549//549 467//467
f 542//542 539//539 543//543
f 547//547 472//472 541//541
f 548//548 426//426 542//542
f 426//426 539//539 542//542
f 539//539 545//545 544//544
f 471//471 423//423 425//425
f 473//473 427//427 424//424
f 544//544 546//546 540//540
f 546//546 547//547 541//541
f 471//471 425//425 428//428
f 473//473 431//431 427//427
f 545//545 546//546 544//544
f 471//471 474//474 548//548
f 547//547 549//549 472//472
f 550//550 545//545 539//539
f 548//548 369//369 426//426
f 430//430 436//436 549//549
f 369//369 476//476 550//550
f 435//435 431//431 473//473
f 476//476 370//370 545//545
f 471//471 428//428 429//429
f 429//429 474//474 471//471
f 370//370 371//371 546//546
f 371//371 430//430 546//546
f 617//617 554//554 613//613
f 658//658 553//553 552//552
f 611//611 614//614 656//656
f 614//614 730//730 656//656
f 614//614 615//615 730//730
f 553//553 661//661 612//612
f 730//730 666//666 551//551
f 661//661 618//618 612//612
f 666//666 658//658 551//551
f 614//614 611//611 555//555
f 617//617 557//557 554//554
f 616//616 617//617 618//618
f 659//659 660//660 658//658
f 659//659 663//663 660//660
f 660//660 662//662 553//553
f 662//662 661//661 553//553
f 661//661 616//616 618//618
f 666//666 659//659 658//658
f 616//616 619//619 617//617
f 617//617 619//619 557//557
f 614//614 555//555 556//556
f 663//663 662//662 660//660
f 556//556 620//620 614//614
f 668//668 663//663 659//659
f 668//668 669//669 663//663
f 621//621 556//556 558//558
f 619//619 565//565 557//557
f 558//558 622//622 620//620
f 620//620 623//623 615//615
f 664//664 665//665 662//662
f 623//623 667//667 666//666
f 666//666 668//668 659//659
f 667//667 668//668 666//666
f 670//670 665//665 664//664
f 665//665 625//625 616//616
f 622//622 558//558 564//564
f 669//669 670//670 663//663
f 622//622 623//623 620//620
f 672//672 673//673 669//669
f 619//619 566//566 565//565
f 564//564 627//627 622//622
f 623//623 671//671 667//667
f 671//671 672//672 667//667
f 672//672 669//669 668//668
f 619//619 625//625 566//566
f 627//627 564//564 561//561
f 673//673 674//674 669//669
f 674//674 624//624 665//665
f 627//627 561//561 567//567
f 625//625 571//571 566//566
f 627//627 630//630 623//623
f 623//623 675//675 671//671
f 675//675 677//677 671//671
f 677//677 673//673 672//672
f 677//677 678//678 673//673
f 676//676 677//677 675//675
f 626//626 631//631 625//625
f 631//631 628//628 625//625
f 625//625 628//628 571//571
f 627//627 567//567 568//568
f 678//678 679//679 673//673
f 679//679 626//626 674//674
f 630//630 676//676 675//675
f 569//569 633//633 627//627
f 633//633 630//630 627//627
f 630//630 682//682 676//676
f 682//682 680//680 676//676
f 680//680 678//678 677//677
f 680//680 681//681 678//678
f 627//627 568//568 569//569
f 628//628 631//631 571//571
f 680//680 686//686 681//681
f 633//633 569//569 570//570
f 681//681 683//683 678//678
f 683//683 629//629 679//679
f 684//684 686//686 680//680
f 633//633 570//570 572//572
f 631//631 576//576 571//571
f 686//686 683//683 681//681
f 637//637 634//634 631//631
f 685//685 686//686 684//684
f 631//631 634//634 576//576
f 685//685 690//690 686//686
f 572//572 636//636 633//633
f 636//636 573//573 633//633
f 687//687 632//632 683//683
f 573//573 688//688 682//682
f 688//688 684//684 682//682
f 632//632 637//637 631//631
f 636//636 572//572 574//574
f 690//690 687//687 686//686
f 689//689 690//690 685//685
f 634//634 637//637 576//576
f 689//689 691//691 690//690
f 574//574 642//642 636//636
f 636//636 694//694 573//573
f 577//577 635//635 687//687
f 694//694 575//575 688//688
f 688//688 689//689 685//685
f 575//575 689//689 688//688
f 693//693 635//635 577//577
f 642//642 574//574 562//562
f 637//637 581//581 576//576
f 691//691 577//577 690//690
f 637//637 639//639 581//581
f 696//696 697//697 691//691
f 642//642 562//562 578//578
f 692//692 693//693 577//577
f 642//642 701//701 694//694
f 693//693 638//638 635//635
f 694//694 696//696 575//575
f 638//638 639//639 637//637
f 696//696 691//691 689//689
f 701//701 695//695 694//694
f 695//695 696//696 694//694
f 696//696 698//698 697//697
f 642//642 578//578 563//563
f 642//642 563//563 579//579
f 697//697 692//692 691//691
f 703//703 704//704 698//698
f 642//642 579//579 580//580
f 698//698 699//699 697//697
f 580//580 644//644 642//642
f 642//642 640//640 701//701
f 701//701 703//703 695//695
f 638//638 641//641 639//639
f 703//703 698//698 696//696
f 639//639 641//641 581//581
f 702//702 703//703 701//701
f 638//638 643//643 641//641
f 641//641 643//643 581//581
f 644//644 580//580 560//560
f 644//644 560//560 582//582
f 643//643 583//583 581//581
f 704//704 699//699 698//698
f 640//640 702//702 701//701
f 644//644 582//582 584//584
f 643//643 586//586 583//583
f 640//640 705//705 702//702
f 647//647 643//643 638//638
f 705//705 704//704 703//703
f 705//705 707//707 704//704
f 706//706 705//705 640//640
f 709//709 707//707 705//705
f 643//643 648//648 586//586
f 644//644 584//584 585//585
f 707//707 708//708 704//704
f 585//585 645//645 644//644
f 708//708 647//647 699//699
f 594//594 595//595 708//708
f 587//587 589//589 706//706
f 595//595 597//597 647//647
f 706//706 709//709 705//705
f 589//589 591//591 709//709
f 597//597 646//646 643//643
f 591//591 594//594 707//707
f 645//645 585//585 587//587
f 648//648 646//646 586//586
f 650//650 649//649 597//597
f 710//710 716//716 592//592
f 649//649 711//711 598//598
f 716//716 713//713 593//593
f 711//711 712//712 598//598
f 711//711 601//601 712//712
f 715//715 588//588 559//559
f 712//712 657//657 598//598
f 713//713 714//714 596//596
f 714//714 650//650 596//596
f 715//715 599//599 590//590
f 599//599 710//710 590//590
f 720//720 650//650 714//714
f 715//715 719//719 599//599
f 599//599 716//716 710//710
f 716//716 717//717 713//713
f 715//715 559//559 600//600
f 713//713 720//720 714//714
f 649//649 718//718 711//711
f 718//718 651//651 601//601
f 718//718 603//603 651//651
f 715//715 600//600 602//602
f 651//651 603//603 601//601
f 717//717 720//720 713//713
f 720//720 654//654 650//650
f 725//725 717//717 716//716
f 723//723 654//654 720//720
f 724//724 725//725 599//599
f 725//725 722//722 717//717
f 718//718 652//652 603//603
f 718//718 606//606 652//652
f 653//653 602//602 604//604
f 652//652 606//606 603//603
f 722//722 723//723 717//717
f 721//721 722//722 725//725
f 731//731 655//655 718//718
f 721//721 726//726 722//722
f 653//653 604//604 605//605
f 653//653 730//730 719//719
f 730//730 724//724 599//599
f 654//654 731//731 649//649
f 724//724 721//721 725//725
f 729//729 654//654 723//723
f 730//730 608//608 724//724
f 608//608 721//721 724//724
f 721//721 727//727 726//726
f 653//653 605//605 607//607
f 655//655 609//609 606//606
f 726//726 728//728 722//722
f 728//728 729//729 723//723
f 653//653 607//607 610//610
f 655//655 613//613 609//609
f 727//727 728//728 726//726
f 653//653 656//656 730//730
f 729//729 731//731 654//654
f 732//732 727//727 721//721
f 730//730 551//551 608//608
f 612//612 618//618 731//731
f 551//551 658//658 732//732
f 617//617 613//613 655//655
f 658//658 552//552 727//727
f 653//653 610//610 611//611
f 611//611 656//656 653//653
f 552//552 553//553 728//728
f 553//553 612//612 728//728
f 799//799 736//736 795//795
f 840//840 735//735 734//734
f 793//793 796//796 838//838
f 796//796 912//912 838//838
f 796//796 797//797 912//912
f 735//735 843//843 794//794
f 912//912 848//848 733//733
f 843//843 800//800 794//794
f 848//848 840//840 733//733
f 796//796 793//793 737//737
f 799//799 739//739 736//736
f 798//798 799//799 800//800
f 841//841 842//842 840//840
f 841//841 845//845 842//842
f 842//842 844//844 735//735
f 844//844 843//843 735//735
f 843//843 798//798 800//800
f 848//848 841//841 840//840
f 798//798 801//801 799//799
f 799//799 801//801 739//739
f 796//796 737//737 738//738
f 845//845 844//844 842//842
f 738//738 802//802 796//796
f 850//850 845//845 841//841
f 850//850 851//851 845//845
f 803//803 738//738 740//740
f 801//801 747//747 739//739
f 740//740 804//804 802//802
f 802//802 805//805 797//797
f 846//846 847//847 844//844
f 805//805 849//849 848//848
f 848//848 850//850 841//841
f 849//849 850//850 848//848
f 852//852 847//847 846//846
f 847//847 807//807 798//798
f 804//804 740//740 746//746
f 851//851 852//852 845//845
f 804//804 805//805 802//802
f 854//854 855//855 851//851
f 801//801 748//748 747//747
f 746//746 809//809 804//804
f 805//805 853//853 849//849
f 853//853 854//854 849//849
f 854//854 851//851 850//850
f 801//801 807//807 748//748
f 809//809 746//746 743//743
f 855//855 856//856 851//851
f 856//856 806//806 847//847
f 809//809 743//743 749//749
f 807//807 753//753 748//748
f 809//809 812//812 805//805
f 805//805 857//857 853//853
f 857//857 859//859 853//853
f 859//859 855//855 854//854
f 859//859 860//860 855//855
f 858//858 859//859 857//857
f 808//808 813//813 807//807
f 813//813 810//810 807//807
f 807//807 810//810 753//753
f 809//809 749//749 750//750
f 860//860 861//861 855//855
f 861//861 808//808 856//856
f 812//812 858//858 857//857
f 751//751 815//815 809//809
f 815//815 812//812 809//809
f 812//812 864//864 858//858
f 864//864 862//862 858//858
f 862//862 860//860 859//859
f 862//862 863//863 860//860
f 809//809 750//750 751//751
f 810//810 813//813 753//753
f 862//862 868//868 863//863
f 815//815 751//751 752//752
f 863//863 865//865 860//860
f 865//865 811//811 861//861
f 866//866 868//868 862//862
f 815//815 752//752 754//754
f 813//813 758//758 753//753
f 868//868 865//865 863//863
f 819//819 816//816 813//813
f 867//867 868//868 866//866
f 813//813 816//816 758//758
f 867//867 872//872 868//868
f 754//754 818//818 815//815
f 818//818 755//755 815//815
f 869//869 814//814 865//865
f 755//755 870//870 864//864
f 870//870 866//866 864//864
f 814//814 819//819 813//813
f 818//818 754//754 756//756
f 872//872 869//869 868//868
f 871//871 872//872 867//867
f 816//816 819//819 758//758
f 871//871 873//873 872//872
f 756//756 824//824 818//818
f 818//818 876//876 755//755
f 759//759 817//817 869//869
f 876//876 757//757 870//870
f 870//870 871//871 867//867
f 757//757 871//871 870//870
f 875//875 817//817 759//759
f 824//824 756//756 745//745
f 819//819 763//763 758//758
f 873//873 759//759 872//872
f 819//819 821//821 763//763
f 878//878 879//879 873//873
f 824//824 745//745 760//760
f 874//874 875//875 759//759
f 824//824 883//883 876//876
f 875//875 820//820 817//817
f 876//876 878//878 757//757
f 820//820 821//821 819//819
f 878//878 873//873 871//871
f 883//883 877//877 876//876
f 877//877 878//878 876//876
f 878//878 880//880 879//879
f 824//824 760//760 744//744
f 824//824 744//744 761//761
f 879//879 874//874 873//873
f 885//885 886//886 880//880
f 824//824 761//761 762//762
f 880//880 881//881 879//879
f 762//762 826//826 824//824
f 824//824 822//822 883//883
f 883//883 885//885 877//877
f 820//820 823//823 821//821
f 885//885 880//880 878//878
f 821//821 823//823 763//763
f 884//884 885//885 883//883
f 820//820 825//825 823//823
f 823//823 825//825 763//763
f 826//826 762//762 742//742
f 826//826 742//742 764//764
f 825//825 765//765 763//763
f 886//886 881//881 880//880
f 822//822 884//884 883//883
f 826//826 764//764 766//766
f 825//825 768//768 765//765
f 822//822 887//887 884//884
f 829//829 825//825 820//820
f 887//887 886//886 885//885
f 887//887 889//889 886//886
f 888//888 887//887 822//822
f 891//891 889//889 887//887
f 825//825 830//830 768//768
f 826//826 766//766 767//767
f 889//889 890//890 886//886
f 767//767 827//827 826//826
f 890//890 829//829 881//881
f 775//775 777//777 890//890
f 769//769 772//772 888//888
f 777//777 779//779 829//829
f 888//888 891//891 887//887
f 772//772 773//773 891//891
f 779//779 828//828 825//825
f 773//773 775//775 889//889
f 827//827 767//767 769//769
f 830//830 828//828 768//768
f 832//832 831//831 779//779
f 892//892 898//898 774//774
f 831//831 893//893 780//780
f 898//898 895//895 776//776
f 893//893 894//894 780//780
f 893//893 783//783 894//894
f 897//897 770//770 741//741
f 894//894 839//839 780//780
f 895//895 896//896 778//778
f 896//896 832//832 778//778
f 897//897 781//781 771//771
f 781//781 892//892 771//771
f 902//902 832//832 896//896
f 897//897 901//901 781//781
f 781//781 898//898 892//892
f 898//898 899//899 895//895
f 897//897 741//741 782//782
f 895//895 902//902 896//896
f 831//831 900//900 893//893
f 900//900 833//833 783//783
f 900//900 785//785 833//833
f 897//897 782//782 784//784
f 833//833 785//785 783//783
f 899//899 902//902 895//895
f 902//902 836//836 832//832
f 907//907 899//899 898//898
f 905//905 836//836 902//902
f 906//906 907//907 781//781
f 907//907 904//904 899//899
f 900//900 834//834 785//785
f 900//900 788//788 834//834
f 835//835 784//784 786//786
f 834//834 788//788 785//785
f 904//904 905//905 899//899
f 903//903 904//904 907//907
f 913//913 837//837 900//900
f 903//903 908//908 904//904
f 835//835 786//786 787//787
f 835//835 912//912 901//901
f 912//912 906//906 781//781
f 836//836 913//913 831//831
f 906//906 903//903 907//907
f 911//911 836//836 905//905
f 912//912 790//790 906//906
f 790//790 903//903 906//906
f 903//903 909//909 908//908
f 835//835 787//787 789//789
f 837//837 791//791 788//788
f 908//908 910//910 904//904
f 910//910 911//911 905//905
f 835//835 789//789 792//792
f 837//837 795//795 791//791
f 909//909 910//910 908//908
f 835//835 838//838 912//912
f 911//911 913//913 836//836
f 914//914 909//909 903//903
f 912//912 733//733 790//790
f 794//794 800//800 913//913
f 733//733 840//840 914//914
f 799//799 795//795 837//837
f 840//840 734//734 909//909
f 835//835 792//792 793//793
f 793//793 838//838 835//835
f 734//734 735//735 910//910
f 735//735 794//794 910//910
f 981//981 918//918 977//977
f 1022//1022 917//917 916//916
f 975//975 978//978 1020//1020
f 978//978 1094//1094 1020//1020
f 978//978 979//979 1094//1094
f 917//917 1025//1025 976//976
f 1094//1094 1030//1030 915//915
f 1025//1025 982//982 976//976
f 1030//1030 1022//1022 915//915
f 978//978 975//975 919//919
f 981//981 921//921 918//918
f 980//980 981//981 982//982
f 1023//1023 1024//1024 1022//1022
f 1023//1023 1027//1027 1024//1024
f 1024//1024 1026//1026 917//917
f 1026//1026 1025//1025 917//917
f 1025//1025 980//980 982//982
f 1030//1030 1023//1023 1022//1022
f 980//980 983//983 981//981
f 981//981 983//983 921//921
f 978//978 919//919 920//920
f 1027//1027 1026//1026 1024//1024
f 920//920 984//984 978//978
f 1032//1032 1027//1027 1023//1023
f 1032//1032 1033//1033 1027//1027
f 985//985 920//920 922//922
f 983//983 929//929 921//921
f 922//922 986//986 984//984
f 984//984 987//987 979//979
f 1028//1028 1029//1029 1026//1026
f 987//987 1031//1031 1030//1030
f 1030//1030 1032//1032 1023//1023
f 1031//1031 1032//1032 1030//1030
f 1034//1034 1029//1029 1028//1028
f 1029//1029 989//989 980//980
f 986//986 922//922 928//928
f 1033//1033 1034//1034 1027//1027
f 986//986 987//987 984//984
f 1036//1036 1037//1037 1033//1033
f 983//983 930//930 929//929
f 928//928 991//991 986//986
f 987//987 1035//1035 1031//1031
f 1035//1035 1036//1036 1031//1031
f 1036//1036 1033//1033 1032//1032
f 983//983 989//989 930//930
f 991//991 928//928 925//925
f 1037//1037 1038//1038 1033//1033
f 1038//1038 988//988 1029//1029
f 991//991 925//925 931//931
f 989//989 935//935 930//930
f 991//991 994//994 987//987
f 987//987 1039//1039 1035//1035
f 1039//1039 1041//1041 1035//1035
f 1041//1041 1037//1037 1036//1036
f 1041//1041 1042//1042 1037//1037
f 1040//1040 1041//1041 1039//1039
f 990//990 995//995 989//989
f 995//995 992//992 989//989
f 989//989 992//992 935//935
f 991//991 931//931 932//932
f 1042//1042 1043//1043 1037//1037
f 1043//1043 990//990 1038//1038
f 994//994 1040//1040 1039//1039
f 933//933 997//997 991//991
f 997//997 994//994 991//991
f 994//994 1046//1046 1040//1040
f 1046//1046 1044//1044 1040//1040
f 1044//1044 1042//1042 1041//1041
f 1044//1044 1045//1045 1042//1042
f 991//991 932//932 933//933
f 992//992 995//995 935//935
f 1044//1044 1050//1050 1045//1045
f 997//997 933//933 934//934
f 1045//1045 1047//1047 1042//1042
f 1047//1047 993//993 1043//1043
f 1048//1048 1050//1050 1044//1044
f 997//997 934//934 936//936
f 995//995 940//940 935//935
f 1050//1050 1047//1047 1045//1045
f 1001//1001 998//998 995//995
f 1049//1049 1050//1050 1048//1048
f 995//995 998//998 940//940
f 1049//1049 1054//1054 1050//1050
f 936//936 1000//1000 997//997
f 1000//1000 937//937 997//997
f 1051//1051 996//996 1047//1047
f 937//937 1052//1052 1046//1046
f 1052//1052 1048//1048 1046//1046
f 996//996 1001//1001 995//995
f 1000//1000 936//936 938//938
f 1054//1054 1051//1051 1050//1050
f 1053//1053 1054//1054 1049//1049
f 998//998 1001//1001 940//940
f 1053//1053 1055//1055 1054//1054
f 938//938 1006//1006 1000//1000
f 1000//1000 1058//1058 937//937
f 941//941 999//999 1051//1051
f 1058//1058 939//939 1052//1052
f 1052//1052 1053//1053 1049//1049
f 939//939 1053//1053 1052//1052
f 1057//1057 999//999 941//941
f 1006//1006 938//938 924//924
f 1001//1001 945//945 940//940
f 1055//1055 941//941 1054//1054
f 1001//1001 1003//1003 945//945
f 1060//1060 1061//1061 1055//1055
f 1006//1006 924//924 942//942
f 1056//1056 1057//1057 941//941
f 1006//1006 1065//1065 1058//1058
f 1057//1057 1002//1002 999//999
f 1058//1058 1060//1060 939//939
f 1002//1002 1003//1003 1001//1001
f 1060//1060 1055//1055 1053//1053
f 1065//1065 1059//1059 1058//1058
f 1059//1059 1060//1060 1058//1058
f 1060//1060 1062//1062 1061//1061
f 1006//1006 942//942 926//926
f 1006//1006 926//926 943//943
f 1061//1061 1056//1056 1055//1055
f 1067//1067 1068//1068 1062//1062
f 1006//1006 943//943 944//944
f 1062//1062 1063//1063 1061//1061
f 944//944 1008//1008 1006//1006
f 1006//1006 1004//1004 1065//1065
f 1065//1065 1067//1067 1059//1059
f 1002//1002 1005//1005 1003//1003
f 1067//1067 1062//1062 1060//1060
f 1003//1003 1005//1005 945//945
f 1066//1066 1067//1067 1065//1065
f 1002//1002 1007//1007 1005//1005
f 1005//1005 1007//1007 945//945
f 1008//1008 944//944 927//927
f 1008//1008 927//927 946//946
f 1007//1007 947//947 945//945
f 1068//1068 1063//1063 1062//1062
f 1004//1004 1066//1066 1065//1065
f 1008//1008 946//946 948//948
f 1007//1007 950//950 947//947
f 1004//1004 1069//1069 1066//1066
f 1011//1011 1007//1007 1002//1002
f 1069//1069 1068//1068 1067//1067
f 1069//1069 1071//1071 1068//1068
f 1070//1070 1069//1069 1004//1004
f 1073//1073 1071//1071 1069//1069
f 1007//1007 1012//1012 950//950
f 1008//1008 948//948 949//949
f 1071//1071 1072//1072 1068//1068
f 949//949 1009//1009 1008//1008
f 1072//1072 1011//1011 1063//1063
f 957//957 959//959 1072//1072
f 951//951 954//954 1070//1070
f 959//959 961//961 1011//1011
f 1070//1070 1073//1073 1069//1069
f 954//954 955//955 1073//1073
f 961//961 1010//1010 1007//1007
f 955//955 957//957 1071//1071
f 1009//1009 949//949 951//951
f 1012//1012 1010//1010 950//950
f 1014//1014 1013//1013 961//961
f 1074//1074 1080//1080 956//956
f 1013//1013 1075//1075 962//962
f 1080//1080 1077//1077 958//958
f 1075//1075 1076//1076 962//962
f 1075//1075 965//965 1076//1076
f 1079//1079 952//952 923//923
f 1076//1076 1021//1021 962//962
f 1077//1077 1078//1078 960//960
f 1078//1078 1014//1014 960//960
f 1079//1079 963//963 953//953
f 963//963 1074//1074 953//953
f 1084//1084 1014//1014 1078//1078
f 1079//1079 1083//1083 963//963
f 963//963 1080//1080 1074//1074
f 1080//1080 1081//1081 1077//1077
f 1079//1079 923//923 964//964
f 1077//1077 1084//1084 1078//1078
f 1013//1013 1082//1082 1075//1075
f 1082//1082 1015//1015 965//965
f 1082//1082 967//967 1015//1015
f 1079//1079 964//964 966//966
f 1015//1015 967//967 965//965
f 1081//1081 1084//1084 1077//1077
f 1084//1084 1018//1018 1014//1014
f 1089//1089 1081//1081 1080//1080
f 1087//1087 1018//1018 1084//1084
f 1088//1088 1089//1089 963//963
f 1089//1089 1086//1086 1081//1081
f 1082//1082 1016//1016 967//967
f 1082//1082 970//970 1016//1016
f 1017//1017 966//966 968//968
f 1016//1016 970//970 967//967
f 1086//1086 1087//1087 1081//1081
f 1085//1085 1086//1086 1089//1089
f 1095//1095 1019//1019 1082//1082
f 1085//1085 1090//1090 1086//1086
f 1017//1017 968//968 969//969
f 1017//1017 1094//1094 1083//1083
f 1094//1094 1088//1088 963//963
f 1018//1018 1095//1095 1013//1013
f 1088//1088 1085//1085 1089//1089
f 1093//1093 1018//1018 1087//1087
f 1094//1094 972//972 1088//1088
f 972//972 1085//1085 1088//1088
f 1085//1085 1091//1091 1090//1090
f 1017//1017 969//969 971//971
f 1019//1019 973//973 970//970
f 1090//1090 1092//1092 1086//1086
f 1092//1092 1093//1093 1087//1087
f 1017//1017 971//971 974//974
f 1019//1019 977//977 973//973
f 1091//1091 1092//1092 1090//1090
f 1017//1017 1020//1020 1094//1094
f 1093//1093 1095//1095 1018//1018
f 1096//1096 1091//1091 1085//1085
f 1094//1094 915//915 972//972
f 976//976 982//982 1095//1095
f 915//915 1022//1022 1096//1096
f 981//981 977//977 1019//1019
f 1022//1022 916//916 1091//1091
f 1017//1017 974//974 975//975
f 975//975 1020//1020 1017//1017
f 916//916 917//917 1092//1092
f 917//917 976//976 1092//1092
f 1097//1097 1234//1234 1175//1175
f 1230//1230 1174//1174 1099//1099
f 1181//1181 1101//1101 1177//1177
f 1234//1234 1100//1100 1098//1098
f 1099//1099 1178//1178 1230//1230
f 1178//1178 1320//1320 1230//1230
f 1178//1178 1179//1179 1320//1320
f 1100//1100 1237//1237 1176//1176
f 1232//1232 1237//1237 1100//1100
f 1320//1320 1233//1233 1097//1097
f 1237//1237 1182//1182 1176//1176
f 1233//1233 1234//1234 1097//1097
f 1178//1178 1099//1099 1102//1102
f 1181//1181 1104//1104 1101//1101
f 1236//1236 1232//1232 1100//1100
f 1180//1180 1181//1181 1182//1182
f 1235//1235 1236//1236 1234//1234
f 1235//1235 1239//1239 1236//1236
f 1178//1178 1102//1102 1103//1103
f 1236//1236 1238//1238 1232//1232
f 1103//1103 1184//1184 1178//1178
f 1184//1184 1179//1179 1178//1178
f 1238//1238 1237//1237 1232//1232
f 1237//1237 1180//1180 1182//1182
f 1233//1233 1235//1235 1234//1234
f 1179//1179 1243//1243 1233//1233
f 1243//1243 1235//1235 1233//1233
f 1180//1180 1183//1183 1181//1181
f 1181//1181 1183//1183 1104//1104
f 1235//1235 1240//1240 1239//1239
f 1184//1184 1103//1103 1105//1105
f 1183//1183 1106//1106 1104//1104
f 1239//1239 1238//1238 1236//1236
f 1105//1105 1185//1185 1184//1184
f 1245//1245 1240//1240 1235//1235
f 1245//1245 1246//1246 1240//1240
f 1186//1186 1105//1105 1107//1107
f 1183//1183 1117//1117 1106//1106
f 1240//1240 1241//1241 1239//1239
f 1107//1107 1188//1188 1185//1185
f 1185//1185 1189//1189 1179//1179
f 1241//1241 1242//1242 1238//1238
f 1189//1189 1108//1108 1243//1243
f 1243//1243 1245//1245 1235//1235
f 1108//1108 1245//1245 1243//1243
f 1248//1248 1242//1242 1241//1241
f 1189//1189 1244//1244 1108//1108
f 1244//1244 1245//1245 1108//1108
f 1242//1242 1191//1191 1180//1180
f 1191//1191 1187//1187 1183//1183
f 1183//1183 1187//1187 1117//1117
f 1245//1245 1247//1247 1246//1246
f 1188//1188 1107//1107 1111//1111
f 1188//1188 1111//1111 1116//1116
f 1246//1246 1248//1248 1240//1240
f 1188//1188 1189//1189 1185//1185
f 1251//1251 1252//1252 1247//1247
f 1188//1188 1116//1116 1118//1118
f 1187//1187 1120//1120 1117//1117
f 1247//1247 1248//1248 1246//1246
f 1118//1118 1192//1192 1188//1188
f 1189//1189 1249//1249 1244//1244
f 1249//1249 1251//1251 1244//1244
f 1251//1251 1247//1247 1245//1245
f 1250//1250 1251//1251 1249//1249
f 1187//1187 1191//1191 1120//1120
f 1251//1251 1253//1253 1252//1252
f 1192//1192 1118//1118 1112//1112
f 1192//1192 1112//1112 1119//1119
f 1252//1252 1254//1254 1247//1247
f 1254//1254 1190//1190 1242//1242
f 1189//1189 1250//1250 1249//1249
f 1192//1192 1119//1119 1121//1121
f 1191//1191 1123//1123 1120//1120
f 1253//1253 1254//1254 1252//1252
f 1121//1121 1194//1194 1192//1192
f 1192//1192 1198//1198 1189//1189
f 1189//1189 1255//1255 1250//1250
f 1255//1255 1257//1257 1250//1250
f 1257//1257 1253//1253 1251//1251
f 1257//1257 1258//1258 1253//1253
f 1256//1256 1257//1257 1255//1255
f 1193//1193 1199//1199 1191//1191
f 1199//1199 1195//1195 1191//1191
f 1191//1191 1195//1195 1123//1123
f 1257//1257 1259//1259 1258//1258
f 1194//1194 1121//1121 1122//1122
f 1258//1258 1260//1260 1253//1253
f 1260//1260 1193//1193 1254//1254
f 1198//1198 1256//1256 1255//1255
f 1259//1259 1260//1260 1258//1258
f 1124//1124 1197//1197 1194//1194
f 1197//1197 1198//1198 1194//1194
f 1198//1198 1263//1263 1256//1256
f 1263//1263 1261//1261 1256//1256
f 1261//1261 1259//1259 1257//1257
f 1261//1261 1262//1262 1259//1259
f 1194//1194 1122//1122 1124//1124
f 1195//1195 1126//1126 1123//1123
f 1195//1195 1199//1199 1126//1126
f 1261//1261 1267//1267 1262//1262
f 1197//1197 1124//1124 1125//1125
f 1262//1262 1264//1264 1259//1259
f 1264//1264 1196//1196 1260//1260
f 1127//1127 1201//1201 1197//1197
f 1201//1201 1128//1128 1197//1197
f 1198//1198 1265//1265 1263//1263
f 1265//1265 1266//1266 1263//1263
f 1266//1266 1267//1267 1261//1261
f 1266//1266 1269//1269 1267//1267
f 1197//1197 1125//1125 1127//1127
f 1199//1199 1129//1129 1126//1126
f 1267//1267 1264//1264 1262//1262
f 1205//1205 1202//1202 1199//1199
f 1268//1268 1269//1269 1266//1266
f 1199//1199 1202//1202 1129//1129
f 1268//1268 1273//1273 1269//1269
f 1269//1269 1271//1271 1267//1267
f 1127//1127 1204//1204 1201//1201
f 1204//1204 1128//1128 1201//1201
f 1271//1271 1200//1200 1264//1264
f 1128//1128 1270//1270 1265//1265
f 1270//1270 1266//1266 1265//1265
f 1200//1200 1205//1205 1199//1199
f 1128//1128 1272//1272 1270//1270
f 1272//1272 1268//1268 1270//1270
f 1268//1268 1275//1275 1273//1273
f 1204//1204 1127//1127 1113//1113
f 1204//1204 1113//1113 1130//1130
f 1202//1202 1133//1133 1129//1129
f 1273//1273 1271//1271 1269//1269
f 1274//1274 1275//1275 1268//1268
f 1202//1202 1205//1205 1133//1133
f 1274//1274 1276//1276 1275//1275
f 1204//1204 1130//1130 1131//1131
f 1275//1275 1135//1135 1273//1273
f 1131//1131 1207//1207 1204//1204
f 1204//1204 1280//1280 1128//1128
f 1135//1135 1203//1203 1271//1271
f 1280//1280 1132//1132 1272//1272
f 1272//1272 1274//1274 1268//1268
f 1132//1132 1274//1274 1272//1272
f 1279//1279 1203//1203 1135//1135
f 1274//1274 1277//1277 1276//1276
f 1207//1207 1131//1131 1114//1114
f 1207//1207 1114//1114 1134//1134
f 1205//1205 1137//1137 1133//1133
f 1276//1276 1135//1135 1275//1275
f 1205//1205 1208//1208 1137//1137
f 1282//1282 1283//1283 1277//1277
f 1207//1207 1134//1134 1136//1136
f 1277//1277 1278//1278 1276//1276
f 1136//1136 1211//1211 1207//1207
f 1278//1278 1279//1279 1135//1135
f 1207//1207 1287//1287 1280//1280
f 1279//1279 1206//1206 1203//1203
f 1280//1280 1282//1282 1132//1132
f 1206//1206 1208//1208 1205//1205
f 1282//1282 1277//1277 1274//1274
f 1287//1287 1281//1281 1280//1280
f 1281//1281 1282//1282 1280//1280
f 1282//1282 1284//1284 1283//1283
f 1211//1211 1136//1136 1115//1115
f 1211//1211 1115//1115 1138//1138
f 1208//1208 1140//1140 1137//1137
f 1283//1283 1278//1278 1277//1277
f 1289//1289 1290//1290 1284//1284
f 1211//1211 1138//1138 1139//1139
f 1284//1284 1285//1285 1283//1283
f 1139//1139 1214//1214 1211//1211
f 1211//1211 1209//1209 1287//1287
f 1287//1287 1289//1289 1281//1281
f 1206//1206 1210//1210 1208//1208
f 1289//1289 1284//1284 1282//1282
f 1208//1208 1210//1210 1140//1140
f 1288//1288 1289//1289 1287//1287
f 1206//1206 1212//1212 1210//1210
f 1210//1210 1212//1212 1140//1140
f 1289//1289 1291//1291 1290//1290
f 1214//1214 1139//1139 1110//1110
f 1214//1214 1110//1110 1142//1142
f 1212//1212 1143//1143 1140//1140
f 1290//1290 1285//1285 1284//1284
f 1209//1209 1288//1288 1287//1287
f 1214//1214 1142//1142 1144//1144
f 1213//1213 1145//1145 1143//1143
f 1291//1291 1296//1296 1290//1290
f 1209//1209 1292//1292 1288//1288
f 1292//1292 1293//1293 1288//1288
f 1219//1219 1212//1212 1206//1206
f 1293//1293 1291//1291 1289//1289
f 1212//1212 1213//1213 1143//1143
f 1293//1293 1295//1295 1291//1291
f 1294//1294 1293//1293 1292//1292
f 1212//1212 1220//1220 1213//1213
f 1297//1297 1295//1295 1293//1293
f 1213//1213 1220//1220 1145//1145
f 1214//1214 1144//1144 1146//1146
f 1220//1220 1147//1147 1145//1145
f 1295//1295 1296//1296 1291//1291
f 1146//1146 1215//1215 1214//1214
f 1296//1296 1219//1219 1285//1285
f 1209//1209 1294//1294 1292//1292
f 1155//1155 1156//1156 1296//1296
f 1148//1148 1216//1216 1215//1215
f 1216//1216 1150//1150 1294//1294
f 1156//1156 1158//1158 1219//1219
f 1294//1294 1297//1297 1293//1293
f 1150//1150 1152//1152 1297//1297
f 1158//1158 1217//1217 1212//1212
f 1217//1217 1218//1218 1220//1220
f 1152//1152 1155//1155 1295//1295
f 1215//1215 1146//1146 1148//1148
f 1220//1220 1218//1218 1147//1147
f 1222//1222 1221//1221 1158//1158
f 1298//1298 1304//1304 1153//1153
f 1221//1221 1299//1299 1159//1159
f 1304//1304 1301//1301 1154//1154
f 1299//1299 1300//1300 1159//1159
f 1299//1299 1161//1161 1300//1300
f 1303//1303 1149//1149 1109//1109
f 1300//1300 1231//1231 1159//1159
f 1301//1301 1302//1302 1157//1157
f 1302//1302 1222//1222 1157//1157
f 1303//1303 1160//1160 1151//1151
f 1160//1160 1298//1298 1151//1151
f 1309//1309 1222//1222 1302//1302
f 1303//1303 1308//1308 1160//1160
f 1160//1160 1304//1304 1298//1298
f 1304//1304 1307//1307 1301//1301
f 1303//1303 1109//1109 1162//1162
f 1299//1299 1163//1163 1161//1161
f 1301//1301 1309//1309 1302//1302
f 1221//1221 1306//1306 1299//1299
f 1305//1305 1307//1307 1304//1304
f 1306//1306 1223//1223 1163//1163
f 1306//1306 1165//1165 1223//1223
f 1305//1305 1310//1310 1307//1307
f 1303//1303 1162//1162 1164//1164
f 1223//1223 1165//1165 1163//1163
f 1307//1307 1309//1309 1301//1301
f 1309//1309 1227//1227 1222//1222
f 1315//1315 1305//1305 1304//1304
f 1313//1313 1227//1227 1309//1309
f 1314//1314 1315//1315 1160//1160
f 1315//1315 1310//1310 1305//1305
f 1306//1306 1224//1224 1165//1165
f 1306//1306 1167//1167 1224//1224
f 1315//1315 1312//1312 1310//1310
f 1226//1226 1164//1164 1166//1166
f 1224//1224 1167//1167 1165//1165
f 1310//1310 1313//1313 1307//1307
f 1311//1311 1312//1312 1315//1315
f 1225//1225 1228//1228 1306//1306
f 1311//1311 1316//1316 1312//1312
f 1226//1226 1166//1166 1168//1168
f 1228//1228 1169//1169 1167//1167
f 1312//1312 1313//1313 1310//1310
f 1226//1226 1320//1320 1308//1308
f 1320//1320 1314//1314 1160//1160
f 1227//1227 1322//1322 1221//1221
f 1314//1314 1311//1311 1315//1315
f 1322//1322 1225//1225 1306//1306
f 1319//1319 1227//1227 1313//1313
f 1171//1171 1321//1321 1314//1314
f 1320//1320 1171//1171 1314//1314
f 1321//1321 1311//1311 1314//1314
f 1311//1311 1317//1317 1316//1316
f 1226//1226 1168//1168 1170//1170
f 1228//1228 1172//1172 1141//1141
f 1228//1228 1141//1141 1169//1169
f 1316//1316 1318//1318 1312//1312
f 1318//1318 1319//1319 1313//1313
f 1226//1226 1170//1170 1173//1173
f 1228//1228 1177//1177 1172//1172
f 1317//1317 1318//1318 1316//1316
f 1226//1226 1230//1230 1320//1320
f 1320//1320 1321//1321 1171//1171
f 1319//1319 1322//1322 1227//1227
f 1323//1323 1317//1317 1311//1311
f 1320//1320 1097//1097 1321//1321
f 1176//1176 1182//1182 1322//1322
f 1097//1097 1175//1175 1323//1323
f 1322//1322 1181//1181 1225//1225
f 1175//1175 1234//1234 1323//1323
f 1228//1228 1229//1229 1177//1177
f 1181//1181 1177//1177 1229//1229
f 1234//1234 1098//1098 1317//1317
f 1226//1226 1173//1173 1174//1174
f 1174//1174 1230//1230 1226//1226
f 1098//1098 1100//1100 1318//1318
f 1100//1100 1176//1176 1318//1318
f 1402//1402 1408//1408 1457//1457
f 1324//1324 1463//1463 1401//1401
f 1459//1459 1400//1400 1326//1326
f 1407//1407 1328//1328 1403//1403
f 1463//1463 1327//1327 1325//1325
f 1326//1326 1404//1404 1459//1459
f 1404//1404 1549//1549 1459//1459
f 1404//1404 1405//1405 1549//1549
f 1327//1327 1466//1466 1402//1402
f 1461//1461 1466//1466 1327//1327
f 1549//1549 1462//1462 1324//1324
f 1466//1466 1408//1408 1402//1402
f 1462//1462 1463//1463 1324//1324
f 1404//1404 1326//1326 1329//1329
f 1407//1407 1331//1331 1328//1328
f 1465//1465 1461//1461 1327//1327
f 1406//1406 1407//1407 1408//1408
f 1464//1464 1465//1465 1463//1463
f 1464//1464 1468//1468 1465//1465
f 1404//1404 1329//1329 1330//1330
f 1465//1465 1467//1467 1461//1461
f 1330//1330 1410//1410 1404//1404
f 1410//1410 1405//1405 1404//1404
f 1467//1467 1466//1466 1461//1461
f 1466//1466 1406//1406 1408//1408
f 1462//1462 1464//1464 1463//1463
f 1405//1405 1472//1472 1462//1462
f 1472//1472 1464//1464 1462//1462
f 1406//1406 1409//1409 1407//1407
f 1407//1407 1409//1409 1331//1331
f 1464//1464 1469//1469 1468//1468
f 1410//1410 1330//1330 1332//1332
f 1409//1409 1333//1333 1331//1331
f 1468//1468 1467//1467 1465//1465
f 1332//1332 1411//1411 1410//1410
f 1474//1474 1469//1469 1464//1464
f 1474//1474 1475//1475 1469//1469
f 1412//1412 1332//1332 1334//1334
f 1409//1409 1344//1344 1333//1333
f 1469//1469 1470//1470 1468//1468
f 1334//1334 1414//1414 1411//1411
f 1411//1411 1415//1415 1405//1405
f 1470//1470 1471//1471 1467//1467
f 1415//1415 1335//1335 1472//1472
f 1472//1472 1474//1474 1464//1464
f 1335//1335 1474//1474 1472//1472
f 1477//1477 1471//1471 1470//1470
f 1415//1415 1473//1473 1335//1335
f 1473//1473 1474//1474 1335//1335
f 1471//1471 1417//1417 1406//1406
f 1417//1417 1413//1413 1409//1409
f 1409//1409 1413//1413 1344//1344
f 1474//1474 1476//1476 1475//1475
f 1414//1414 1334//1334 1337//1337
f 1414//1414 1337//1337 1343//1343
f 1475//1475 1477//1477 1469//1469
f 1414//1414 1415//1415 1411//1411
f 1480//1480 1481//1481 1476//1476
f 1414//1414 1343//1343 1345//1345
f 1413//1413 1347//1347 1344//1344
f 1476//1476 1477//1477 1475//1475
f 1345//1345 1418//1418 1414//1414
f 1415//1415 1478//1478 1473//1473
f 1478//1478 1480//1480 1473//1473
f 1480//1480 1476//1476 1474//1474
f 1479//1479 1480//1480 1478//1478
f 1413//1413 1417//1417 1347//1347
f 1480//1480 1482//1482 1481//1481
f 1418//1418 1345//1345 1339//1339
f 1418//1418 1339//1339 1346//1346
f 1481//1481 1483//1483 1476//1476
f 1483//1483 1416//1416 1471//1471
f 1415//1415 1479//1479 1478//1478
f 1418//1418 1346//1346 1348//1348
f 1417//1417 1350//1350 1347//1347
f 1482//1482 1483//1483 1481//1481
f 1348//1348 1420//1420 1418//1418
f 1418//1418 1424//1424 1415//1415
f 1415//1415 1484//1484 1479//1479
f 1484//1484 1486//1486 1479//1479
f 1486//1486 1482//1482 1480//1480
f 1486//1486 1487//1487 1482//1482
f 1485//1485 1486//1486 1484//1484
f 1419//1419 1425//1425 1417//1417
f 1425//1425 1421//1421 1417//1417
f 1417//1417 1421//1421 1350//1350
f 1486//1486 1488//1488 1487//1487
f 1420//1420 1348//1348 1349//1349
f 1487//1487 1489//1489 1482//1482
f 1489//1489 1419//1419 1483//1483
f 1424//1424 1485//1485 1484//1484
f 1488//1488 1489//1489 1487//1487
f 1351//1351 1423//1423 1420//1420
f 1423//1423 1424//1424 1420//1420
f 1424//1424 1492//1492 1485//1485
f 1492//1492 1490//1490 1485//1485
f 1490//1490 1488//1488 1486//1486
f 1490//1490 1491//1491 1488//1488
f 1420//1420 1349//1349 1351//1351
f 1421//1421 1353//1353 1350//1350
f 1421//1421 1425//1425 1353//1353
f 1490//1490 1496//1496 1491//1491
f 1423//1423 1351//1351 1352//1352
f 1491//1491 1493//1493 1488//1488
f 1493//1493 1422//1422 1489//1489
f 1354//1354 1427//1427 1423//1423
f 1427//1427 1355//1355 1423//1423
f 1424//1424 1494//1494 1492//1492
f 1494//1494 1495//1495 1492//1492
f 1495//1495 1496//1496 1490//1490
f 1495//1495 1498//1498 1496//1496
f 1423//1423 1352//1352 1354//1354
f 1425//1425 1356//1356 1353//1353
f 1496//1496 1493//1493 1491//1491
f 1431//1431 1428//1428 1425//1425
f 1497//1497 1498//1498 1495//1495
f 1425//1425 1428//1428 1356//1356
f 1497//1497 1502//1502 1498//1498
f 1498//1498 1500//1500 1496//1496
f 1354//1354 1430//1430 1427//1427
f 1430//1430 1355//1355 1427//1427
f 1500//1500 1426//1426 1493//1493
f 1355//1355 1499//1499 1494//1494
f 1499//1499 1495//1495 1494//1494
f 1426//1426 1431//1431 1425//1425
f 1355//1355 1501//1501 1499//1499
f 1501//1501 1497//1497 1499//1499
f 1497//1497 1504//1504 1502//1502
f 1430//1430 1354//1354 1340//1340
f 1430//1430 1340//1340 1357//1357
f 1428//1428 1360//1360 1356//1356
f 1502//1502 1500//1500 1498//1498
f 1503//1503 1504//1504 1497//1497
f 1428//1428 1431//1431 1360//1360
f 1503//1503 1505//1505 1504//1504
f 1430//1430 1357//1357 1358//1358
f 1504//1504 1362//1362 1502//1502
f 1358//1358 1433//1433 1430//1430
f 1430//1430 1509//1509 1355//1355
f 1362//1362 1429//1429 1500//1500
f 1509//1509 1359//1359 1501//1501
f 1501//1501 1503//1503 1497//1497
f 1359//1359 1503//1503 1501//1501
f 1508//1508 1429//1429 1362//1362
f 1503//1503 1506//1506 1505//1505
f 1433//1433 1358//1358 1342//1342
f 1433//1433 1342//1342 1361//1361
f 1431//1431 1364//1364 1360//1360
f 1505//1505 1362//1362 1504//1504
f 1431//1431 1434//1434 1364//1364
f 1511//1511 1512//1512 1506//1506
f 1433//1433 1361//1361 1363//1363
f 1506//1506 1507//1507 1505//1505
f 1363//1363 1437//1437 1433//1433
f 1507//1507 1508//1508 1362//1362
f 1433//1433 1516//1516 1509//1509
f 1508//1508 1432//1432 1429//1429
f 1509//1509 1511//1511 1359//1359
f 1432//1432 1434//1434 1431//1431
f 1511//1511 1506//1506 1503//1503
f 1516//1516 1510//1510 1509//1509
f 1510//1510 1511//1511 1509//1509
f 1511//1511 1513//1513 1512//1512
f 1437//1437 1363//1363 1341//1341
f 1437//1437 1341//1341 1365//1365
f 1434//1434 1367//1367 1364//1364
f 1512//1512 1507//1507 1506//1506
f 1518//1518 1519//1519 1513//1513
f 1437//1437 1365//1365 1366//1366
f 1513//1513 1514//1514 1512//1512
f 1366//1366 1440//1440 1437//1437
f 1437//1437 1435//1435 1516//1516
f 1516//1516 1518//1518 1510//1510
f 1432//1432 1436//1436 1434//1434
f 1518//1518 1513//1513 1511//1511
f 1434//1434 1436//1436 1367//1367
f 1517//1517 1518//1518 1516//1516
f 1432//1432 1438//1438 1436//1436
f 1436//1436 1438//1438 1367//1367
f 1518//1518 1520//1520 1519//1519
f 1440//1440 1366//1366 1338//1338
f 1440//1440 1338//1338 1369//1369
f 1438//1438 1370//1370 1367//1367
f 1519//1519 1514//1514 1513//1513
f 1435//1435 1517//1517 1516//1516
f 1440//1440 1369//1369 1371//1371
f 1439//1439 1372//1372 1370//1370
f 1520//1520 1525//1525 1519//1519
f 1435//1435 1521//1521 1517//1517
f 1521//1521 1522//1522 1517//1517
f 1447//1447 1438//1438 1432//1432
f 1522//1522 1520//1520 1518//1518
f 1438//1438 1439//1439 1370//1370
f 1522//1522 1524//1524 1520//1520
f 1523//1523 1522//1522 1521//1521
f 1438//1438 1448//1448 1439//1439
f 1526//1526 1524//1524 1522//1522
f 1439//1439 1448//1448 1372//1372
f 1440//1440 1371//1371 1373//1373
f 1448//1448 1374//1374 1372//1372
f 1524//1524 1525//1525 1520//1520
f 1373//1373 1441//1441 1440//1440
f 1525//1525 1447//1447 1514//1514
f 1435//1435 1523//1523 1521//1521
f 1381//1381 1384//1384 1525//1525
f 1375//1375 1442//1442 1441//1441
f 1442//1442 1378//1378 1523//1523
f 1384//1384 1443//1443 1447//1447
f 1523//1523 1526//1526 1522//1522
f 1378//1378 1379//1379 1526//1526
f 1443//1443 1445//1445 1438//1438
f 1445//1445 1446//1446 1448//1448
f 1379//1379 1381//1381 1524//1524
f 1441//1441 1373//1373 1375//1375
f 1448//1448 1446//1446 1374//1374
f 1450//1450 1449//1449 1444//1444
f 1527//1527 1533//1533 1380//1380
f 1449//1449 1528//1528 1385//1385
f 1533//1533 1530//1530 1382//1382
f 1528//1528 1529//1529 1385//1385
f 1528//1528 1387//1387 1529//1529
f 1532//1532 1376//1376 1336//1336
f 1529//1529 1460//1460 1385//1385
f 1530//1530 1531//1531 1383//1383
f 1531//1531 1450//1450 1383//1383
f 1532//1532 1386//1386 1377//1377
f 1386//1386 1527//1527 1377//1377
f 1538//1538 1450//1450 1531//1531
f 1532//1532 1537//1537 1386//1386
f 1386//1386 1533//1533 1527//1527
f 1533//1533 1536//1536 1530//1530
f 1532//1532 1336//1336 1388//1388
f 1528//1528 1389//1389 1387//1387
f 1530//1530 1538//1538 1531//1531
f 1449//1449 1535//1535 1528//1528
f 1534//1534 1536//1536 1533//1533
f 1535//1535 1451//1451 1389//1389
f 1535//1535 1391//1391 1451//1451
f 1534//1534 1539//1539 1536//1536
f 1532//1532 1388//1388 1390//1390
f 1451//1451 1391//1391 1389//1389
f 1536//1536 1538//1538 1530//1530
f 1538//1538 1455//1455 1450//1450
f 1544//1544 1534//1534 1533//1533
f 1542//1542 1455//1455 1538//1538
f 1543//1543 1544//1544 1386//1386
f 1544//1544 1539//1539 1534//1534
f 1535//1535 1452//1452 1391//1391
f 1535//1535 1393//1393 1452//1452
f 1544//1544 1541//1541 1539//1539
f 1454//1454 1390//1390 1392//1392
f 1452//1452 1393//1393 1391//1391
f 1539//1539 1542//1542 1536//1536
f 1540//1540 1541//1541 1544//1544
f 1453//1453 1456//1456 1535//1535
f 1540//1540 1545//1545 1541//1541
f 1454//1454 1392//1392 1394//1394
f 1456//1456 1395//1395 1393//1393
f 1541//1541 1542//1542 1539//1539
f 1454//1454 1549//1549 1537//1537
f 1549//1549 1543//1543 1386//1386
f 1455//1455 1551//1551 1449//1449
f 1543//1543 1540//1540 1544//1544
f 1551//1551 1453//1453 1535//1535
f 1548//1548 1455//1455 1542//1542
f 1397//1397 1550//1550 1543//1543
f 1549//1549 1397//1397 1543//1543
f 1550//1550 1540//1540 1543//1543
f 1540//1540 1546//1546 1545//1545
f 1454//1454 1394//1394 1396//1396
f 1456//1456 1398//1398 1368//1368
f 1456//1456 1368//1368 1395//1395
f 1545//1545 1547//1547 1541//1541
f 1547//1547 1548//1548 1542//1542
f 1454//1454 1396//1396 1399//1399
f 1456//1456 1403//1403 1398//1398
f 1546//1546 1547//1547 1545//1545
f 1454//1454 1459//1459 1549//1549
f 1549//1549 1550//1550 1397//1397
f 1548//1548 1551//1551 1455//1455
f 1552//1552 1546//1546 1540//1540
f 1549//1549 1324//1324 1550//1550
f 1402//1402 1457//1457 1551//1551
f 1324//1324 1401//1401 1552//1552
f 1551//1551 1407//1407 1453//1453
f 1457//1457 1408//1408 1551//1551
f 1401//1401 1463//1463 1552//1552
f 1456//1456 1458//1458 1403//1403
f 1407//1407 1403//1403 1458//1458
f 1463//1463 1325//1325 1546//1546
f 1454//1454 1399//1399 1400//1400
f 1400//1400 1459//1459 1454//1454
f 1325//1325 1327//1327 1547//1547
f 1327//1327 1402//1402 1547//1547
