# Web-optimized cell aggregate model; decorative ground plane removed
# Reduced from 35712 to 9999 triangles
v -0.070125 1.375619 0.251093
v -0.056711 1.416042 0.206439
v -0.048615 1.373445 0.191008
v -0.052322 1.337876 0.211257
v -0.063459 1.372533 0.257031
v -0.025068 1.417530 0.216240
v -0.025091 1.414289 0.196329
v -0.047124 1.338780 0.212979
v -0.040425 1.396142 0.242803
v -0.011206 1.409928 0.231007
v -0.002003 1.387178 0.211584
v -0.042461 1.337940 0.215869
v -0.054511 1.370271 0.262833
v -0.007379 1.387936 0.258928
v 0.022226 1.381250 0.247230
v 0.010250 1.371380 0.228495
v 0.009066 1.353632 0.238233
v -0.039043 1.335484 0.219486
v -0.053329 1.365117 0.267589
v -0.005255 1.364080 0.279759
v 0.018420 1.359692 0.277559
v 0.024985 1.354528 0.270294
v 0.015450 1.344902 0.252678
v -0.037389 1.331786 0.223280
v -0.021421 1.352732 0.285647
v 0.002786 1.323906 0.300691
v 0.012816 1.328733 0.292744
v 0.017123 1.328965 0.278533
v -0.006570 1.321897 0.252870
v -0.037752 1.327408 0.226672
v -0.058563 1.353988 0.274176
v -0.029367 1.324106 0.300905
v -0.000369 1.303382 0.289058
v -0.014092 1.303423 0.266986
v -0.040077 1.323018 0.229147
v -0.049430 1.323505 0.296197
v -0.051990 1.284487 0.306878
v -0.038441 1.283566 0.305278
v -0.029686 1.286820 0.279569
v -0.044009 1.319284 0.230328
v -0.072680 1.350145 0.270899
v -0.071459 1.268986 0.282079
v -0.057215 1.281543 0.264404
v -0.048951 1.316774 0.230035
v -0.077278 1.346873 0.271116
v -0.092443 1.301747 0.288087
v -0.094099 1.274385 0.289629
v -0.100959 1.271755 0.278120
v -0.054148 1.315870 0.228312
v -0.081360 1.352591 0.264802
v -0.125147 1.305942 0.265001
v -0.122508 1.281863 0.265027
v -0.104713 1.280341 0.249871
v -0.058812 1.316709 0.225422
v -0.086367 1.352557 0.262189
v -0.128629 1.320251 0.255524
v -0.143501 1.307958 0.235720
v -0.136885 1.302292 0.228887
v -0.111681 1.292451 0.233429
v -0.062230 1.319166 0.221805
v -0.080656 1.359467 0.259807
v -0.082973 1.363132 0.255456
v -0.070390 1.370018 0.256072
v -0.077573 1.366024 0.255927
v -0.070761 1.353280 0.269526
v -0.060495 1.363831 0.265791
v -0.070661 1.361797 0.262981
v -0.074262 1.368546 0.255439
v -0.066547 1.370216 0.257729
v -0.063578 1.357274 0.269672
v -0.077835 1.354188 0.265440
v -0.087549 1.357711 0.257433
v -0.102246 1.353435 0.251707
v -0.118980 1.347440 0.243788
v -0.129928 1.342505 0.237347
v -0.105010 1.351999 0.249845
v -0.139921 1.336453 0.229542
v -0.144444 1.331941 0.223804
v -0.145623 1.328881 0.219965
v -0.144467 1.325316 0.215561
v -0.145213 1.328956 0.220070
v -0.140087 1.322485 0.212160
v -0.140636 1.322840 0.212586
v -0.132651 1.320498 0.209892
v -0.122445 1.319430 0.208845
v -0.102826 1.319632 0.209637
v -0.123425 1.319684 0.209134
v -0.071692 1.323126 0.214842
v -0.062092 1.323186 0.218461
v -0.134335 1.355382 0.222772
v -0.131198 1.362102 0.217184
v -0.142662 1.348482 0.203127
v -0.135756 1.343620 0.195758
v -0.106204 1.341066 0.192764
v -0.063521 1.327241 0.214618
v -0.082316 1.368840 0.250846
v -0.124618 1.374460 0.183773
v -0.061196 1.331631 0.212144
v -0.076696 1.373121 0.250019
v -0.094564 1.404460 0.196031
v -0.079827 1.384496 0.176955
v -0.057263 1.335366 0.210963
v -0.051367 1.418198 0.189537
v -0.047568 1.343616 0.209182
v -0.025305 1.382577 0.197848
v -0.033364 1.358130 0.206199
v -0.062626 1.379995 0.250753
v -0.057816 1.400435 0.231533
v -0.031009 1.346910 0.215179
v -0.042851 1.379611 0.259198
v -0.032305 1.335225 0.223231
v -0.024454 1.332573 0.229957
v -0.034725 1.322845 0.232169
v -0.038649 1.300578 0.251950
v -0.039782 1.317269 0.234317
v -0.048285 1.316027 0.230948
v -0.069314 1.295097 0.241908
v -0.053899 1.311345 0.232463
v -0.059133 1.315590 0.226175
v -0.085356 1.333435 0.276454
v -0.070858 1.308748 0.227407
v -0.094837 1.355681 0.254706
v -0.109327 1.351083 0.248587
v -0.081588 1.321738 0.212842
v -0.076046 1.314937 0.219913
v -0.098550 1.346567 0.260014
v -0.062425 1.331603 0.211575
v -0.094131 1.372988 0.240174
v -0.054927 1.341724 0.207239
v -0.082049 1.362286 0.185311
v -0.065150 1.335211 0.207747
v -0.077055 1.392983 0.228761
v -0.078618 1.408356 0.203371
v -0.066757 1.388102 0.240738
v -0.058042 1.359930 0.269855
v -0.065535 1.352229 0.272581
v -0.075605 1.385432 0.238255
v -0.069122 1.394562 0.178187
v -0.060507 1.358640 0.194395
v -0.048648 1.406672 0.182440
v 0.002085 1.404720 0.214958
v 0.014289 1.392721 0.248063
v -0.034503 1.372268 0.268441
v -0.035522 1.360564 0.277490
v -0.032608 1.347552 0.287840
v -0.052328 1.338883 0.287193
v -0.015793 1.298459 0.305479
v -0.061140 1.325492 0.292308
v -0.033484 1.279591 0.290167
v -0.079135 1.305413 0.294152
v -0.071688 1.318377 0.292269
v -0.105868 1.306634 0.279053
v -0.132140 1.288919 0.251268
v -0.111337 1.310378 0.215762
v -0.138076 1.325363 0.241916
v -0.099180 1.330061 0.200512
v -0.096600 1.357840 0.252177
v -0.116155 1.363495 0.181974
v -0.123049 1.380980 0.201553
v -0.113015 1.392924 0.194995
v -0.096988 1.395360 0.176245
v -0.087437 1.382012 0.235469
v -0.075071 1.408915 0.180386
v -0.082409 1.381298 0.239209
v -0.072743 1.403840 0.177991
v -0.064938 1.381456 0.182547
v -0.078542 1.403228 0.213552
v -0.062290 1.372460 0.186969
v -0.078526 1.410192 0.198540
v -0.077733 1.412270 0.187459
v 0.595248 1.563568 0.041720
v 0.570950 1.603992 0.001924
v 0.564864 1.561392 -0.014401
v 0.577466 1.525825 0.001875
v 0.604120 1.560481 0.040720
v 0.599365 1.605479 -0.015092
v 0.584525 1.602239 -0.028366
v 0.582218 1.526728 -0.000846
v 0.608915 1.584087 0.014067
v 0.619614 1.597878 -0.015558
v 0.611289 1.575126 -0.035375
v 0.587483 1.525888 -0.002389
v 0.614412 1.558220 0.037930
v 0.642957 1.575885 0.000232
v 0.654011 1.569201 -0.029627
v 0.632066 1.559323 -0.033211
v 0.638524 1.541588 -0.025835
v 0.592458 1.523433 -0.002521
v 0.618742 1.553066 0.040224
v 0.659890 1.552025 0.012555
v 0.674055 1.547642 -0.006547
v 0.673028 1.542477 -0.016287
v 0.653544 1.532851 -0.020944
v 0.596386 1.519734 -0.001221
v 0.653486 1.540678 0.028520
v 0.680845 1.511853 0.020535
v 0.681622 1.516685 0.007757
v 0.673915 1.516914 -0.004934
v 0.638991 1.509838 -0.004413
v 0.598670 1.515357 0.001314
v 0.620153 1.541937 0.048518
v 0.659544 1.512054 0.044619
v 0.670078 1.491332 0.015116
v 0.644486 1.491377 0.010598
v 0.598962 1.510966 0.004698
v 0.642653 1.511446 0.056417
v 0.648889 1.472436 0.065453
v 0.656746 1.471515 0.054292
v 0.643442 1.474771 0.030612
v 0.597217 1.507232 0.008414
v 0.608291 1.538095 0.056843
v 0.617431 1.456935 0.063396
v 0.613775 1.469491 0.040994
v 0.593700 1.504722 0.011897
v 0.605384 1.534822 0.060412
v 0.607901 1.489694 0.083031
v 0.607940 1.462334 0.085295
v 0.594790 1.459704 0.082720
v 0.588948 1.503818 0.014618
v 0.597957 1.540539 0.059237
v 0.568881 1.493890 0.091976
v 0.570658 1.469812 0.090027
v 0.571256 1.468289 0.066660
v 0.583684 1.504659 0.016161
v 0.592669 1.540506 0.061221
v 0.559499 1.508199 0.088244
v 0.534825 1.495907 0.086099
v 0.534153 1.490240 0.076611
v 0.554355 1.480400 0.060877
v 0.578709 1.507115 0.016293
v 0.613452 1.545222 0.049246
v 0.603742 1.549746 0.050055
v 0.602578 1.558165 0.043485
v 0.593876 1.553973 0.050493
v 0.589921 1.551082 0.054199
v 0.608550 1.541228 0.054498
v 0.612621 1.551779 0.044360
v 0.598778 1.557967 0.045241
v 0.600785 1.542137 0.057038
v 0.595723 1.556495 0.047702
v 0.594708 1.547416 0.055379
v 0.588338 1.545660 0.058927
v 0.574266 1.541383 0.066049
v 0.557200 1.535388 0.073224
v 0.545095 1.530454 0.077077
v 0.571034 1.539948 0.066865
v 0.532614 1.524402 0.079309
v 0.525322 1.519889 0.078847
v 0.521676 1.516830 0.077163
v 0.519168 1.513265 0.073363
v 0.522027 1.516905 0.076928
v 0.519559 1.510433 0.067831
v 0.519510 1.510788 0.068524
v 0.522834 1.508447 0.060780
v 0.528866 1.507378 0.052481
v 0.542551 1.507580 0.038400
v 0.528427 1.507633 0.053404
v 0.567208 1.511076 0.018691
v 0.576310 1.511135 0.013958
v 0.536557 1.551132 0.063985
v 0.512127 1.537712 0.065306
v 0.510236 1.531570 0.053657
v 0.527729 1.529025 0.029648
v 0.572496 1.515190 0.012457
v 0.586927 1.556789 0.050634
v 0.519186 1.572767 0.040435
v 0.508746 1.562408 0.037365
v 0.572205 1.519580 0.009074
v 0.590062 1.561070 0.045897
v 0.537935 1.592411 0.023165
v 0.533565 1.572446 -0.000539
v 0.573950 1.523315 0.005358
v 0.561932 1.606147 -0.013335
v 0.579119 1.531557 -0.003056
v 0.585526 1.570526 -0.027197
v 0.586299 1.546079 -0.015598
v 0.600001 1.567949 0.035904
v 0.588910 1.588382 0.019494
v 0.594584 1.534886 -0.011385
v 0.619479 1.567553 0.026832
v 0.599762 1.523178 -0.005047
v 0.609979 1.520526 -0.006394
v 0.604784 1.510843 0.002690
v 0.616893 1.488528 0.018854
v 0.603013 1.505217 0.007927
v 0.594810 1.503964 0.012026
v 0.588935 1.483052 0.034987
v 0.592219 1.499291 0.017199
v 0.584036 1.503552 0.016888
v 0.603956 1.521380 0.069997
v 0.577123 1.496695 0.026458
v 0.581444 1.543630 0.062534
v 0.567215 1.539032 0.069240
v 0.559114 1.509687 0.024725
v 0.568065 1.502896 0.025316
v 0.582914 1.534516 0.068842
v 0.570946 1.519552 0.009619
v 0.570253 1.554658 0.057599
v 0.572715 1.529665 0.001148
v 0.538302 1.550239 0.006691
v 0.566286 1.523147 0.009097
v 0.573985 1.580937 0.031972
v 0.554043 1.596305 0.016193
v 0.589764 1.576052 0.032308
v 0.617283 1.547880 0.045247
v 0.614312 1.540178 0.052645
v 0.582030 1.573380 0.037232
v 0.541631 1.582514 -0.007692
v 0.559458 1.546584 -0.003288
v 0.558462 1.594619 -0.020095
v 0.616538 1.592668 -0.036170
v 0.649336 1.580669 -0.023159
v 0.631937 1.560223 0.026772
v 0.638003 1.548515 0.033569
v 0.647650 1.535482 0.038329
v 0.634025 1.526869 0.052529
v 0.672011 1.486407 0.037563
v 0.631944 1.513443 0.062534
v 0.648800 1.467539 0.040517
v 0.621301 1.493359 0.077169
v 0.624879 1.506333 0.070358
v 0.592219 1.494583 0.086996
v 0.553986 1.476867 0.088018
v 0.541430 1.498330 0.048826
v 0.543062 1.513312 0.086195
v 0.530719 1.537455 0.073636
v 0.538207 1.517976 0.029613
v 0.578369 1.545780 0.062169
v 0.513056 1.551441 0.029863
v 0.529649 1.566933 0.052085
v 0.524848 1.580873 0.036216
v 0.521583 1.583308 0.011765
v 0.572051 1.569947 0.044198
v 0.539294 1.596865 -0.001787
v 0.578207 1.569239 0.042940
v 0.539065 1.591790 -0.005122
v 0.547659 1.569418 -0.007893
v 0.561678 1.591175 0.022933
v 0.552727 1.560408 -0.006914
v 0.550507 1.598141 0.012899
v 0.542785 1.600218 0.004914
v -0.152927 1.674780 -0.271961
v -0.142855 1.700597 -0.296152
v -0.124747 1.715196 -0.314318
v -0.124819 1.671846 -0.329225
v -0.137830 1.636621 -0.312513
v -0.146868 1.673635 -0.268417
v -0.096624 1.708753 -0.297977
v -0.094755 1.706752 -0.317964
v -0.132816 1.636362 -0.310149
v -0.144916 1.667096 -0.261885
v -0.119030 1.689355 -0.275136
v -0.086460 1.697677 -0.282426
v -0.079426 1.674716 -0.302499
v -0.128804 1.634435 -0.306834
v -0.140242 1.665731 -0.259022
v -0.090485 1.673769 -0.256149
v -0.061482 1.661973 -0.264964
v -0.072673 1.655818 -0.285673
v -0.078462 1.638138 -0.277622
v -0.126406 1.631136 -0.303070
v -0.140683 1.660176 -0.254603
v -0.095641 1.648797 -0.237242
v -0.073159 1.639886 -0.237125
v -0.066845 1.633939 -0.244006
v -0.075754 1.627468 -0.263313
v -0.125986 1.626966 -0.299432
v -0.114291 1.640600 -0.234155
v -0.098173 1.606679 -0.218912
v -0.086480 1.609849 -0.225260
v -0.080450 1.610040 -0.238831
v -0.101635 1.609378 -0.267482
v -0.127609 1.622560 -0.296472
v -0.148747 1.649959 -0.249582
v -0.129450 1.613320 -0.222292
v -0.103720 1.587920 -0.232470
v -0.114274 1.592009 -0.255868
v -0.131028 1.618590 -0.294643
v -0.148491 1.617034 -0.229252
v -0.159842 1.578767 -0.222168
v -0.146627 1.575238 -0.222307
v -0.134236 1.578164 -0.246516
v -0.135721 1.615658 -0.294221
v -0.162810 1.649226 -0.254726
v -0.178637 1.568964 -0.250185
v -0.160129 1.579413 -0.265055
v -0.140977 1.614212 -0.295272
v -0.167942 1.646937 -0.255296
v -0.193516 1.604861 -0.243895
v -0.200585 1.578348 -0.244803
v -0.206313 1.577824 -0.257186
v -0.145991 1.614472 -0.297635
v -0.170019 1.653717 -0.261537
v -0.221624 1.616876 -0.270082
v -0.223691 1.592799 -0.271740
v -0.204752 1.588622 -0.284876
v -0.150003 1.616399 -0.300952
v -0.174569 1.654841 -0.264690
v -0.221069 1.632123 -0.278686
v -0.235405 1.624240 -0.300972
v -0.229192 1.617771 -0.307464
v -0.207131 1.602822 -0.300945
v -0.152401 1.619698 -0.304715
v -0.160168 1.651986 -0.255613
v -0.152428 1.654442 -0.254335
v -0.157607 1.660677 -0.261384
v -0.166362 1.654533 -0.260378
v -0.147677 1.660461 -0.257293
v -0.148697 1.666518 -0.262755
v -0.151321 1.668391 -0.265432
v -0.167382 1.660591 -0.265840
v -0.168381 1.664894 -0.270108
v -0.162630 1.666610 -0.268798
v -0.158862 1.668440 -0.268702
v -0.174128 1.660396 -0.269109
v -0.188530 1.659498 -0.276779
v -0.204968 1.657458 -0.286991
v -0.191261 1.658759 -0.279051
v -0.215759 1.655206 -0.295003
v -0.225663 1.651749 -0.304351
v -0.230208 1.648579 -0.310911
v -0.231459 1.646049 -0.315097
v -0.230463 1.642586 -0.319620
v -0.231059 1.646033 -0.314941
v -0.226316 1.639137 -0.322730
v -0.219174 1.635833 -0.324304
v -0.226835 1.639569 -0.322340
v -0.209315 1.632802 -0.324284
v -0.190283 1.629014 -0.321281
v -0.210257 1.633230 -0.324087
v -0.151072 1.623797 -0.307681
v -0.159970 1.625877 -0.312347
v -0.205941 1.675499 -0.307811
v -0.223158 1.666852 -0.327984
v -0.215970 1.659894 -0.336750
v -0.187317 1.651644 -0.336613
v -0.151197 1.628274 -0.311313
v -0.166063 1.670613 -0.274130
v -0.192379 1.697131 -0.333735
v -0.197684 1.688516 -0.344837
v -0.147779 1.632245 -0.313143
v -0.157279 1.671393 -0.270744
v -0.163180 1.711614 -0.329995
v -0.151305 1.689734 -0.345738
v -0.143085 1.635175 -0.313564
v -0.118717 1.716244 -0.327319
v -0.131848 1.641384 -0.313555
v -0.101244 1.675695 -0.319084
v -0.114880 1.652925 -0.313752
v -0.134932 1.683890 -0.273588
v -0.115857 1.640979 -0.305523
v -0.126656 1.672747 -0.260562
v -0.120366 1.629276 -0.298594
v -0.114092 1.624764 -0.291318
v -0.126229 1.617185 -0.291075
v -0.136832 1.595028 -0.273745
v -0.132472 1.612616 -0.289958
v -0.140627 1.613285 -0.294363
v -0.166485 1.596428 -0.287604
v -0.147127 1.609760 -0.293867
v -0.150603 1.615357 -0.300355
v -0.179072 1.635104 -0.252024
v -0.163515 1.610938 -0.301013
v -0.181266 1.660033 -0.272793
v -0.195480 1.658803 -0.280857
v -0.169615 1.626622 -0.315552
v -0.166419 1.618452 -0.308490
v -0.187303 1.651561 -0.268707
v -0.148899 1.632498 -0.313842
v -0.181367 1.672260 -0.283828
v -0.139110 1.641150 -0.316469
v -0.158796 1.667975 -0.339538
v -0.150386 1.636793 -0.317645
v -0.149387 1.710210 -0.315330
v -0.146553 1.655917 -0.253314
v -0.155670 1.649732 -0.252088
v -0.160562 1.684070 -0.284342
v -0.139105 1.697353 -0.342490
v -0.157426 1.699475 -0.301739
v -0.139685 1.659540 -0.328420
v -0.147252 1.714285 -0.324599
v -0.117387 1.704841 -0.334985
v -0.136946 1.695646 -0.286261
v -0.072497 1.690850 -0.297253
v -0.067106 1.674733 -0.264085
v -0.121101 1.663323 -0.251049
v -0.125487 1.651547 -0.243161
v -0.126430 1.637675 -0.233672
v -0.147255 1.633171 -0.237237
v -0.121751 1.585245 -0.218343
v -0.159038 1.621548 -0.234259
v -0.140658 1.571239 -0.237041
v -0.180637 1.605418 -0.236100
v -0.170625 1.616722 -0.236055
v -0.204499 1.612862 -0.253945
v -0.229972 1.602436 -0.285866
v -0.201116 1.621319 -0.316933
v -0.227559 1.639810 -0.292797
v -0.219618 1.664221 -0.308094
v -0.183594 1.638977 -0.329030
v -0.182241 1.662670 -0.275336
v -0.191329 1.676194 -0.346569
v -0.197109 1.690859 -0.318988
v -0.184264 1.703585 -0.330904
v -0.165825 1.703846 -0.347474
v -0.166583 1.685412 -0.288848
v -0.142415 1.712458 -0.339802
v -0.155254 1.683610 -0.281839
v -0.140824 1.707168 -0.342329
v -0.138107 1.683457 -0.338783
v -0.137817 1.673859 -0.334843
v -0.144704 1.715568 -0.334048
v 0.518023 0.771719 0.013977
v 0.529368 0.831913 0.006496
v 0.512588 0.814841 -0.032806
v 0.502207 0.775999 -0.041340
v 0.524619 0.769835 0.012101
v 0.534924 0.809307 0.009281
v 0.559875 0.825532 -0.004828
v 0.551088 0.838157 -0.017882
v 0.507534 0.775309 -0.042732
v 0.529917 0.765499 0.010173
v 0.573692 0.809440 -0.009037
v 0.564609 0.808607 -0.038977
v 0.512127 0.772586 -0.044248
v 0.533110 0.759371 0.008489
v 0.578100 0.773959 -0.009174
v 0.595499 0.778089 -0.036343
v 0.574473 0.785435 -0.046135
v 0.569721 0.766331 -0.050969
v 0.515284 0.768244 -0.045659
v 0.533712 0.752384 0.007304
v 0.577664 0.742502 -0.013442
v 0.594649 0.741137 -0.030601
v 0.595234 0.743059 -0.041489
v 0.576750 0.749728 -0.051873
v 0.516526 0.762946 -0.046747
v 0.561729 0.730585 -0.008109
v 0.575379 0.700043 -0.030998
v 0.582750 0.709151 -0.038060
v 0.581125 0.719850 -0.048229
v 0.548978 0.734251 -0.053601
v 0.515662 0.757497 -0.047349
v 0.527185 0.740057 0.007050
v 0.548885 0.700113 -0.012780
v 0.559874 0.694958 -0.048325
v 0.540298 0.711428 -0.052904
v 0.512827 0.752726 -0.047371
v 0.530252 0.703269 -0.004551
v 0.515828 0.669223 -0.021168
v 0.526087 0.669754 -0.030203
v 0.525122 0.691012 -0.047396
v 0.508449 0.749360 -0.046812
v 0.512659 0.739960 0.010758
v 0.483988 0.677327 -0.033609
v 0.494452 0.698819 -0.043682
v 0.503197 0.747913 -0.045757
v 0.507563 0.737622 0.011438
v 0.482498 0.694851 0.001607
v 0.470283 0.675398 -0.013431
v 0.459212 0.682208 -0.017617
v 0.497868 0.748603 -0.044364
v 0.504211 0.746152 0.013724
v 0.448526 0.714910 0.009634
v 0.440683 0.698765 -0.006633
v 0.449161 0.708951 -0.025948
v 0.493276 0.751326 -0.042848
v 0.499072 0.748085 0.015049
v 0.448078 0.731539 0.015108
v 0.423246 0.738064 0.004849
v 0.423824 0.739330 -0.006135
v 0.442310 0.729297 -0.023752
v 0.490119 0.755667 -0.041438
v 0.526210 0.756996 0.010217
v 0.526565 0.752880 0.009519
v 0.521208 0.763161 0.012345
v 0.517321 0.764271 0.013451
v 0.513262 0.763767 0.014359
v 0.509647 0.761726 0.014930
v 0.503788 0.760157 0.015910
v 0.505801 0.754463 0.014781
v 0.524329 0.760606 0.011210
v 0.515045 0.743072 0.010849
v 0.516241 0.753636 0.012390
v 0.522720 0.745617 0.009370
v 0.508037 0.746737 0.013090
v 0.498470 0.755072 0.016234
v 0.482369 0.756507 0.018637
v 0.463046 0.758426 0.019903
v 0.449512 0.759941 0.019407
v 0.478785 0.756937 0.018265
v 0.435796 0.761717 0.016932
v 0.428027 0.762973 0.013495
v 0.424345 0.763781 0.010138
v 0.424754 0.763752 0.010013
v 0.422176 0.764663 0.004851
v 0.423361 0.765282 -0.001231
v 0.423212 0.765205 -0.000469
v 0.427852 0.765615 -0.007872
v 0.435478 0.765648 -0.014817
v 0.452124 0.765138 -0.025222
v 0.434879 0.765607 -0.013951
v 0.490664 0.760842 -0.040903
v 0.481332 0.763519 -0.037584
v 0.455860 0.784996 0.021460
v 0.429491 0.788911 0.013248
v 0.429654 0.791600 0.000221
v 0.451983 0.792046 -0.019536
v 0.489740 0.766415 -0.039747
v 0.504997 0.767400 0.016488
v 0.459145 0.820739 0.015504
v 0.447288 0.821118 0.006290
v 0.492576 0.771186 -0.039724
v 0.511132 0.770864 0.015518
v 0.489284 0.832004 0.014750
v 0.486067 0.832767 -0.016373
v 0.496954 0.774551 -0.040283
v 0.528404 0.845896 -0.004566
v 0.507791 0.781365 -0.041628
v 0.538254 0.815804 -0.036416
v 0.524465 0.793273 -0.042291
v 0.525092 0.779099 -0.045511
v 0.543680 0.774066 0.006766
v 0.522188 0.765256 -0.047509
v 0.530061 0.758499 -0.049777
v 0.518349 0.750391 -0.048791
v 0.513131 0.720764 -0.049282
v 0.512598 0.745017 -0.048197
v 0.503752 0.746696 -0.046078
v 0.481666 0.724666 -0.041085
v 0.497765 0.742490 -0.044985
v 0.492813 0.750046 -0.042933
v 0.497242 0.724683 0.010661
v 0.480747 0.744511 -0.039921
v 0.490565 0.755760 0.017544
v 0.474355 0.757272 0.019415
v 0.471804 0.764104 -0.034018
v 0.476191 0.754290 -0.037362
v 0.485669 0.745723 0.016966
v 0.491350 0.771607 -0.039373
v 0.487702 0.771806 0.019979
v 0.500152 0.781587 -0.039746
v 0.478069 0.811702 -0.024137
v 0.489125 0.776851 -0.037751
v 0.511200 0.799971 0.016107
v 0.506859 0.829110 0.012314
v 0.522157 0.787760 0.014013
v 0.528485 0.747243 0.008011
v 0.520077 0.740085 0.008980
v 0.512789 0.787840 0.015934
v 0.499604 0.838558 -0.015487
v 0.497796 0.802435 -0.033377
v 0.523209 0.843445 -0.017120
v 0.576567 0.817834 -0.028600
v 0.540959 0.782250 0.008305
v 0.594014 0.785167 -0.024390
v 0.552611 0.756479 0.001653
v 0.550265 0.741957 0.000060
v 0.551089 0.725502 -0.003815
v 0.530909 0.720266 0.001518
v 0.551147 0.679506 -0.033596
v 0.519926 0.707523 0.001054
v 0.522909 0.678306 -0.043823
v 0.497315 0.692761 -0.000206
v 0.508215 0.702818 0.002551
v 0.470037 0.704874 0.007095
v 0.430516 0.713735 -0.004562
v 0.443487 0.754418 -0.022744
v 0.437314 0.745090 0.015964
v 0.441755 0.774306 0.020412
v 0.456097 0.778880 -0.025924
v 0.489051 0.759093 0.018452
v 0.449059 0.815085 -0.006186
v 0.461108 0.805271 0.021521
v 0.468786 0.825103 0.017398
v 0.476108 0.840618 -0.000493
v 0.500499 0.787638 0.018900
v 0.501470 0.846550 -0.002107
v 0.505785 0.784384 0.017726
v 0.500394 0.844926 -0.007864
v 0.499230 0.826539 -0.023454
v 0.508576 0.818120 0.014779
v 0.499318 0.817221 -0.028010
v 0.505901 0.833928 0.010704
v 0.503298 0.843546 0.005377
v -0.412944 0.802736 -0.027505
v -0.391512 0.860307 -0.033369
v -0.377742 0.835441 -0.069563
v -0.384253 0.795556 -0.077041
v -0.407718 0.795980 -0.023471
v -0.363206 0.852132 -0.018145
v -0.358349 0.861750 -0.035199
v -0.379665 0.794663 -0.074047
v -0.383249 0.820738 -0.014617
v -0.352853 0.835683 -0.008661
v -0.338123 0.828711 -0.035383
v -0.375780 0.791743 -0.071366
v -0.400289 0.789714 -0.018533
v -0.354579 0.800966 -0.000306
v -0.322731 0.799725 -0.006823
v -0.329399 0.804690 -0.029688
v -0.331910 0.784943 -0.033546
v -0.373189 0.787245 -0.069405
v -0.399994 0.782640 -0.017864
v -0.356185 0.769290 0.001167
v -0.332455 0.764689 0.001957
v -0.324094 0.764372 -0.005293
v -0.328671 0.768585 -0.026628
v -0.372286 0.781851 -0.068461
v -0.372651 0.758505 -0.004911
v -0.351198 0.724136 -0.006068
v -0.339844 0.731713 -0.006908
v -0.332318 0.740114 -0.016567
v -0.348856 0.752752 -0.045484
v -0.373209 0.776382 -0.068679
v -0.406041 0.770439 -0.020900
v -0.382466 0.727567 -0.012795
v -0.350421 0.715467 -0.028219
v -0.358512 0.730438 -0.047864
v -0.375818 0.771673 -0.070026
v -0.400765 0.732093 -0.021088
v -0.403723 0.695232 -0.037674
v -0.390143 0.694048 -0.036497
v -0.375744 0.711376 -0.052011
v -0.379714 0.768438 -0.072298
v -0.418758 0.770921 -0.028825
v -0.415924 0.700276 -0.070231
v -0.398590 0.719409 -0.072729
v -0.384306 0.767171 -0.075146
v -0.423098 0.768708 -0.031683
v -0.439436 0.724532 -0.050033
v -0.439957 0.702301 -0.066123
v -0.443752 0.707993 -0.077940
v -0.388894 0.768065 -0.078138
v -0.425868 0.777485 -0.033814
v -0.465924 0.745392 -0.072011
v -0.462098 0.726207 -0.086288
v -0.441169 0.732385 -0.094806
v -0.392779 0.770984 -0.080821
v -0.430106 0.779584 -0.036901
v -0.467819 0.762784 -0.071095
v -0.476916 0.766808 -0.096897
v -0.468580 0.765834 -0.104119
v -0.444682 0.752659 -0.101270
v -0.395370 0.775482 -0.082782
v -0.410756 0.794064 -0.025047
v -0.424368 0.785856 -0.033189
v -0.422683 0.777974 -0.031577
v -0.416738 0.774016 -0.027509
v -0.425779 0.791636 -0.034719
v -0.410016 0.776300 -0.023367
v -0.415545 0.784686 -0.027174
v -0.406453 0.783488 -0.021579
v -0.417612 0.794970 -0.029490
v -0.414083 0.795328 -0.027259
v -0.420806 0.793044 -0.031401
v -0.430401 0.786659 -0.037570
v -0.443078 0.788358 -0.047741
v -0.457124 0.790264 -0.061075
v -0.465961 0.791486 -0.071376
v -0.445244 0.788662 -0.050637
v -0.473490 0.792562 -0.083189
v -0.476282 0.793005 -0.091298
v -0.476356 0.793073 -0.096346
v -0.474004 0.792842 -0.101623
v -0.475988 0.793025 -0.096131
v -0.468801 0.792233 -0.104988
v -0.460944 0.791270 -0.106308
v -0.469452 0.792309 -0.104566
v -0.450738 0.789989 -0.105536
v -0.431902 0.787583 -0.100537
v -0.451772 0.790116 -0.105373
v -0.403113 0.783846 -0.087660
v -0.394658 0.780664 -0.082797
v -0.459559 0.816509 -0.069138
v -0.471525 0.818377 -0.094268
v -0.461839 0.818379 -0.103387
v -0.432316 0.815079 -0.100784
v -0.395350 0.786345 -0.083507
v -0.424354 0.798860 -0.034535
v -0.448161 0.850347 -0.076133
v -0.449829 0.848717 -0.090972
v -0.392741 0.791055 -0.082159
v -0.418934 0.802129 -0.031292
v -0.425160 0.861585 -0.056632
v -0.405291 0.856005 -0.080166
v -0.388845 0.794289 -0.079889
v -0.382442 0.871752 -0.043645
v -0.379437 0.800803 -0.074016
v -0.357240 0.835963 -0.053682
v -0.365761 0.812542 -0.064241
v -0.405793 0.805575 -0.023409
v -0.397677 0.832849 -0.024274
v -0.364985 0.798022 -0.063855
v -0.388624 0.798048 -0.012980
v -0.367511 0.784022 -0.065255
v -0.361362 0.777031 -0.060114
v -0.371323 0.769147 -0.066681
v -0.378643 0.739983 -0.066343
v -0.376464 0.763963 -0.069614
v -0.383831 0.765938 -0.074766
v -0.405741 0.745092 -0.084009
v -0.389377 0.761932 -0.077728
v -0.393210 0.769726 -0.081019
v -0.431481 0.755747 -0.037706
v -0.404488 0.764766 -0.086844
v -0.436719 0.787504 -0.042473
v -0.449087 0.789169 -0.053094
v -0.412167 0.785027 -0.092186
v -0.408100 0.774764 -0.089830
v -0.441092 0.777499 -0.044897
v -0.393801 0.791516 -0.082876
v -0.438233 0.803665 -0.045276
v -0.386043 0.801329 -0.078272
v -0.408248 0.833714 -0.088050
v -0.395729 0.796975 -0.084134
v -0.415312 0.830743 -0.035176
v -0.411631 0.858469 -0.045205
v -0.407900 0.818511 -0.026898
v -0.404828 0.777686 -0.020382
v -0.412335 0.770772 -0.024710
v -0.415744 0.818857 -0.032343
v -0.395726 0.862013 -0.070687
v -0.389300 0.823016 -0.078740
v -0.377515 0.866751 -0.055532
v -0.335881 0.839982 -0.021107
v -0.331235 0.809054 -0.000839
v -0.382309 0.785695 -0.008698
v -0.384813 0.771157 -0.009311
v -0.383757 0.754281 -0.008894
v -0.402292 0.749974 -0.019043
v -0.369011 0.703211 -0.022213
v -0.411354 0.737273 -0.025376
v -0.381551 0.699631 -0.049291
v -0.428156 0.722302 -0.040285
v -0.421121 0.732837 -0.032044
v -0.450580 0.735313 -0.056763
v -0.468563 0.741168 -0.094430
v -0.441123 0.777498 -0.103479
v -0.474039 0.776108 -0.080283
v -0.470083 0.805664 -0.078415
v -0.426748 0.800974 -0.100193
v -0.437959 0.790924 -0.043446
v -0.440611 0.840310 -0.097261
v -0.453168 0.836449 -0.068335
v -0.442205 0.855121 -0.068560
v -0.422349 0.866784 -0.077733
v -0.426453 0.819085 -0.039179
v -0.402786 0.872569 -0.061457
v -0.422363 0.815749 -0.035664
v -0.399687 0.869799 -0.065896
v -0.392012 0.848634 -0.074570
v -0.413694 0.848224 -0.040664
v -0.390011 0.838585 -0.076211
v -0.410497 0.862851 -0.047703
v -0.407217 0.871163 -0.054621
v -0.609558 1.454842 -0.067484
v -0.596184 1.498730 -0.108754
v -0.592058 1.457527 -0.128837
v -0.596955 1.420362 -0.111990
v -0.602764 1.450746 -0.062356
v -0.563967 1.497205 -0.101068
v -0.565462 1.496043 -0.121152
v -0.591609 1.420755 -0.110551
v -0.579065 1.474185 -0.075730
v -0.549774 1.487267 -0.088122
v -0.543410 1.466107 -0.110289
v -0.586844 1.419329 -0.108089
v -0.593650 1.447340 -0.057440
v -0.545747 1.462315 -0.062841
v -0.517464 1.455022 -0.077168
v -0.531252 1.447911 -0.095912
v -0.533051 1.429366 -0.087914
v -0.583384 1.416303 -0.104977
v -0.592535 1.441659 -0.053309
v -0.543990 1.436351 -0.044663
v -0.520856 1.430732 -0.048920
v -0.515132 1.425940 -0.057098
v -0.526400 1.418800 -0.074874
v -0.581759 1.412137 -0.101691
v -0.560494 1.425486 -0.038813
v -0.537463 1.393804 -0.028407
v -0.527637 1.398787 -0.036516
v -0.524222 1.400213 -0.050898
v -0.549911 1.397332 -0.075429
v -0.582212 1.407465 -0.098730
v -0.598108 1.430261 -0.047507
v -0.569451 1.396004 -0.025946
v -0.542758 1.374832 -0.041764
v -0.557785 1.378022 -0.062721
v -0.584677 1.402998 -0.096546
v -0.589762 1.397155 -0.029288
v -0.594357 1.357484 -0.022361
v -0.581024 1.355882 -0.024979
v -0.573698 1.361213 -0.050790
v -0.588778 1.399417 -0.095469
v -0.612634 1.427672 -0.050160
v -0.616370 1.345878 -0.047160
v -0.602417 1.359266 -0.064448
v -0.593891 1.397266 -0.095666
v -0.617427 1.424691 -0.049949
v -0.634606 1.379093 -0.036505
v -0.638061 1.351884 -0.037562
v -0.645793 1.350890 -0.048771
v -0.599236 1.396873 -0.097105
v -0.621489 1.431275 -0.055370
v -0.668313 1.387698 -0.056738
v -0.667364 1.363630 -0.059275
v -0.650700 1.362563 -0.075705
v -0.604002 1.398298 -0.099568
v -0.626640 1.431826 -0.057620
v -0.671377 1.403098 -0.064490
v -0.688283 1.393874 -0.084335
v -0.682518 1.388539 -0.092138
v -0.657828 1.376721 -0.090351
v -0.607460 1.401324 -0.102679
v -0.617339 1.445287 -0.063116
v -0.613898 1.447632 -0.063581
v -0.622946 1.442804 -0.063496
v -0.599871 1.441018 -0.054724
v -0.610593 1.430805 -0.051346
v -0.610311 1.439928 -0.057010
v -0.617828 1.432573 -0.054822
v -0.609901 1.448785 -0.063076
v -0.603155 1.434303 -0.051306
v -0.605957 1.448568 -0.061678
v -0.620622 1.438572 -0.059698
v -0.627756 1.437507 -0.061751
v -0.643044 1.434776 -0.066838
v -0.660618 1.430694 -0.074131
v -0.646013 1.433717 -0.068636
v -0.672264 1.427149 -0.080254
v -0.683123 1.422574 -0.087906
v -0.688299 1.418971 -0.093734
v -0.689926 1.416404 -0.097766
v -0.689299 1.413246 -0.102569
v -0.689507 1.416442 -0.097683
v -0.685348 1.410512 -0.106528
v -0.685843 1.410854 -0.106032
v -0.678225 1.408304 -0.109491
v -0.668204 1.406710 -0.111344
v -0.648607 1.405595 -0.111898
v -0.669145 1.406995 -0.110964
v -0.617042 1.406570 -0.108544
v -0.607253 1.405651 -0.105611
v -0.676668 1.441698 -0.093133
v -0.673427 1.448762 -0.098247
v -0.686669 1.437409 -0.112748
v -0.680592 1.432913 -0.121026
v -0.651535 1.428834 -0.126302
v -0.608634 1.410163 -0.108926
v -0.622183 1.448905 -0.067553
v -0.668105 1.464063 -0.130650
v -0.606168 1.414630 -0.111110
v -0.616342 1.452886 -0.068342
v -0.635338 1.490682 -0.117602
v -0.623238 1.471911 -0.139531
v -0.602067 1.418211 -0.112186
v -0.591772 1.502275 -0.125688
v -0.591971 1.425970 -0.113816
v -0.567784 1.464420 -0.122759
v -0.577030 1.439799 -0.116342
v -0.601779 1.458736 -0.067891
v -0.596787 1.480717 -0.085301
v -0.574870 1.427612 -0.108700
v -0.581650 1.456276 -0.060959
v -0.576448 1.415244 -0.101752
v -0.568403 1.411441 -0.095895
v -0.579153 1.402223 -0.093959
v -0.583398 1.378280 -0.076226
v -0.584471 1.396743 -0.092009
v -0.593223 1.396379 -0.094873
v -0.614948 1.375816 -0.084621
v -0.599035 1.391926 -0.093436
v -0.604354 1.397152 -0.098925
v -0.626081 1.411299 -0.045416
v -0.616442 1.390966 -0.097565
v -0.635324 1.436231 -0.064152
v -0.650453 1.433209 -0.069677
v -0.627115 1.406019 -0.109980
v -0.621628 1.398194 -0.104018
v -0.639324 1.426869 -0.059527
v -0.607431 1.414734 -0.111590
v -0.634328 1.454858 -0.076915
v -0.599558 1.424753 -0.115420
v -0.626477 1.449140 -0.133276
v -0.610135 1.418886 -0.114848
v -0.616646 1.474830 -0.087471
v -0.618724 1.492793 -0.111037
v -0.605996 1.468094 -0.076773
v -0.597446 1.436573 -0.051245
v -0.605272 1.429118 -0.048780
v -0.615135 1.466250 -0.078880
v -0.611803 1.481101 -0.138057
v -0.604719 1.443221 -0.126109
v -0.590311 1.491394 -0.134058
v -0.537904 1.482913 -0.105489
v -0.524513 1.466818 -0.074652
v -0.573253 1.447513 -0.053084
v -0.574514 1.434951 -0.045137
v -0.571860 1.420837 -0.036379
v -0.592119 1.413550 -0.036513
v -0.557430 1.369222 -0.024878
v -0.601521 1.400263 -0.032140
v -0.577312 1.353184 -0.040716
v -0.620722 1.381275 -0.031047
v -0.612520 1.393873 -0.032152
v -0.648197 1.385729 -0.044063
v -0.677326 1.372660 -0.071572
v -0.657345 1.396317 -0.106143
v -0.681284 1.410172 -0.076845
v -0.644831 1.416620 -0.120156
v -0.637077 1.438764 -0.066335
v -0.660556 1.452828 -0.134105
v -0.664979 1.468601 -0.112465
v -0.654571 1.480499 -0.118489
v -0.639615 1.483846 -0.137974
v -0.627311 1.463896 -0.081163
v -0.616593 1.495495 -0.134045
v -0.622148 1.462469 -0.077867
v -0.614776 1.490556 -0.137085
v -0.608288 1.467395 -0.135318
v -0.618371 1.486645 -0.101439
v -0.605993 1.457824 -0.131995
v -0.618807 1.495108 -0.115658
v -0.618568 1.498263 -0.126507
v 0.059530 1.355662 -0.366513
v 0.060407 1.191922 -0.447527
v 0.060578 1.070083 -0.461422
v 0.076826 1.498644 -0.127898
v 0.119481 1.172433 -0.448581
v 0.141179 1.111076 -0.451496
v 0.140469 1.029452 -0.447569
v 0.153011 0.930681 -0.417893
v 0.076826 0.682646 -0.127898
v 0.092527 1.498644 -0.123136
v 0.182331 1.355663 -0.342470
v 0.218772 1.111081 -0.427961
v 0.217312 1.029452 -0.424248
v 0.196646 0.876308 -0.373853
v 0.092527 0.682646 -0.123136
v 0.106996 1.498644 -0.115402
v 0.237863 1.355659 -0.313007
v 0.268328 1.268866 -0.357180
v 0.290286 1.111074 -0.389740
v 0.288128 1.029456 -0.386383
v 0.106996 0.682646 -0.115402
v 0.119679 1.498644 -0.104993
v 0.286585 1.355659 -0.273268
v 0.352969 1.111069 -0.338301
v 0.350196 1.029451 -0.335431
v 0.326886 0.969290 -0.340411
v 0.119679 0.682646 -0.104993
v 0.130087 1.498644 -0.092311
v 0.326613 1.355661 -0.224791
v 0.371667 1.268856 -0.253948
v 0.404408 1.111074 -0.275626
v 0.401130 1.029451 -0.273351
v 0.130087 0.682646 -0.092311
v 0.014769 1.504330 -0.064755
v 0.025498 1.504330 -0.080813
v 0.032999 1.504330 -0.086969
v 0.095499 1.504330 -0.080813
v 0.060499 1.504330 -0.095311
v 0.070155 1.504330 -0.094360
v 0.011952 1.504330 -0.055470
v 0.087998 1.504330 -0.086969
v 0.050842 1.504330 -0.094360
v 0.050842 1.504330 0.002734
v 0.014769 1.504330 -0.026871
v 0.011952 1.504330 -0.036157
v 0.106228 1.504330 -0.064755
v 0.109045 1.504330 -0.055470
v 0.109996 1.504330 -0.045813
v 0.109045 1.504330 -0.036157
v 0.106228 1.504330 -0.026871
v 0.095499 1.504330 -0.010813
v 0.101654 1.504330 -0.073313
v 0.079440 1.504330 -0.000083
v 0.070155 1.504330 0.002734
v 0.060498 1.504330 0.003685
v 0.079440 1.504330 -0.091543
v 0.041557 1.504330 -0.000083
v 0.032999 1.504330 -0.004657
v 0.025498 1.504330 -0.010813
v 0.019343 1.504330 -0.018314
v 0.137821 1.498644 -0.077841
v 0.356418 1.355659 -0.169438
v 0.442635 1.111075 -0.204115
v 0.438975 1.029449 -0.202525
v 0.419347 0.969290 -0.216042
v 0.137821 0.682646 -0.077841
v 0.142584 1.498644 -0.062141
v 0.374852 1.355658 -0.109324
v 0.466176 1.111074 -0.126523
v 0.462276 1.029449 -0.125676
v 0.142584 0.682646 -0.062141
v 0.144192 1.498644 -0.045813
v 0.381199 1.355661 -0.046786
v 0.474126 1.111077 -0.045829
v 0.470136 1.029447 -0.045757
v 0.415666 0.876303 -0.045562
v 0.144192 0.682646 -0.045813
v 0.142584 1.498644 -0.029485
v 0.375228 1.355661 0.015794
v 0.466181 1.111073 0.034865
v 0.462254 1.029453 0.034157
v 0.142584 0.682646 -0.029485
v 0.137821 1.498644 -0.013785
v 0.357158 1.355657 0.076027
v 0.442646 1.111069 0.112463
v 0.438932 1.029445 0.111000
v 0.137821 0.682646 -0.013785
v 0.130087 1.498644 0.000684
v 0.251571 1.436783 0.081857
v 0.327690 1.355659 0.131555
v 0.404428 1.111080 0.183970
v 0.401070 1.029451 0.181814
v 0.130087 0.682646 0.000684
v 0.119679 1.498644 0.013367
v 0.215152 1.436898 0.124301
v 0.287954 1.355661 0.180270
v 0.352988 1.111076 0.246655
v 0.350118 1.029453 0.243883
v 0.119679 0.682646 0.013367
v 0.106996 1.498644 0.023775
v 0.188169 1.436783 0.145259
v 0.239480 1.355660 0.220300
v 0.290309 1.111076 0.298098
v 0.288034 1.029453 0.294819
v 0.106996 0.682646 0.023775
v 0.092527 1.498644 0.031510
v 0.138284 1.436898 0.170534
v 0.184122 1.355662 0.250104
v 0.218798 1.111072 0.336325
v 0.217208 1.029452 0.332664
v 0.092527 0.682646 0.031510
v 0.076826 1.498644 0.036272
v 0.124013 1.355659 0.268538
v 0.141208 1.111076 0.359864
v 0.140361 1.029451 0.355964
v 0.076826 0.682646 0.036272
v 0.060498 1.498644 0.037880
v 0.061465 1.355660 0.274888
v 0.060677 1.268857 0.328547
v 0.060511 1.111067 0.367815
v 0.060441 1.029444 0.363823
v 0.060498 0.682646 0.037880
v 0.044171 1.498644 0.036272
v -0.001119 1.355659 0.268916
v -0.020182 1.111076 0.359870
v -0.019473 1.029452 0.355943
v 0.002672 0.969292 0.347133
v 0.044171 0.682646 0.036272
v 0.028470 1.498644 0.031510
v -0.061327 1.355663 0.250848
v -0.097780 1.111072 0.336333
v -0.096316 1.029449 0.332620
v 0.028470 0.682646 0.031510
v 0.014001 1.498644 0.023775
v -0.116866 1.355659 0.221381
v -0.169290 1.111077 0.298113
v -0.167130 1.029452 0.294757
v -0.137029 0.876309 0.249364
v 0.014001 0.682646 0.023775
v 0.001318 1.498644 0.013367
v -0.165582 1.355661 0.181645
v -0.231969 1.111075 0.246677
v -0.229197 1.029453 0.243806
v 0.001318 0.682646 0.013367
v 0.019343 0.676961 -0.018314
v 0.095499 0.676961 -0.010813
v 0.079440 0.676961 -0.000083
v 0.070155 0.676961 0.002734
v 0.101654 0.676961 -0.018314
v 0.060498 0.676961 0.003685
v 0.106228 0.676961 -0.026871
v 0.050842 0.676961 0.002734
v 0.041557 0.676961 -0.000083
v 0.079440 0.676961 -0.091543
v 0.109996 0.676961 -0.045813
v 0.032999 0.676961 -0.004657
v 0.109045 0.676961 -0.055470
v 0.106228 0.676961 -0.064755
v 0.041557 0.676961 -0.091543
v 0.032999 0.676961 -0.086969
v 0.109045 0.676961 -0.036157
v 0.101654 0.676961 -0.073313
v 0.025498 0.676961 -0.080813
v 0.011952 0.676961 -0.055470
v 0.025498 0.676961 -0.010813
v 0.095499 0.676961 -0.080813
v 0.050842 0.676961 -0.094360
v 0.087998 0.676961 -0.004657
v 0.014769 0.676961 -0.026871
v 0.014769 0.676961 -0.064755
v 0.019343 0.676961 -0.073313
v 0.087998 0.676961 -0.086969
v 0.070155 0.676961 -0.094360
v 0.011952 0.676961 -0.036157
v -0.009090 1.498644 0.000684
v -0.205622 1.355658 0.133159
v -0.283410 1.111081 0.184001
v -0.280133 1.029451 0.181725
v -0.234951 0.876302 0.151298
v -0.009090 0.682646 0.000684
v -0.016824 1.498644 -0.013785
v -0.235423 1.355658 0.077807
v -0.321637 1.111079 0.112491
v -0.317978 1.029448 0.110897
v -0.016824 0.682646 -0.013785
v -0.021587 1.498644 -0.029485
v -0.253851 1.355660 0.017705
v -0.345178 1.111075 0.034897
v -0.341279 1.029452 0.034048
v -0.021587 0.682646 -0.029485
v -0.006097 1.501487 -0.045813
v -0.023195 1.498644 -0.045813
v -0.078869 1.482115 -0.045813
v -0.151893 1.447283 -0.045813
v -0.185603 1.424614 -0.045813
v -0.216943 1.398728 -0.045813
v -0.245611 1.369876 -0.045813
v -0.293855 1.304406 -0.045813
v -0.271331 1.338334 -0.045813
v -0.328482 1.230722 -0.045813
v -0.312967 1.268420 -0.045813
v -0.348160 1.151654 -0.045813
v -0.340251 1.191674 -0.045813
v -0.352135 1.070243 -0.045813
v -0.352135 1.111047 -0.045813
v -0.348160 1.029635 -0.045813
v -0.340251 0.989615 -0.045813
v -0.312967 0.912870 -0.045813
v -0.328482 0.950568 -0.045813
v -0.283422 0.859363 -0.045813
v -0.293855 0.876884 -0.045813
v -0.245611 0.811415 -0.045813
v -0.185603 0.756676 -0.045813
v -0.116138 0.714772 -0.045813
v -0.041570 0.687480 -0.045813
v -0.006097 0.679804 -0.045813
v -0.021587 1.498644 -0.062141
v -0.210789 1.402432 -0.091103
v -0.265782 1.338958 -0.110383
v -0.345184 1.111075 -0.126492
v -0.341256 1.029449 -0.125784
v -0.021587 0.682646 -0.062141
v -0.016824 1.498644 -0.077841
v -0.196740 1.402430 -0.143165
v -0.321650 1.111084 -0.204084
v -0.317937 1.029453 -0.202626
v -0.016824 0.682646 -0.077841
v -0.009090 1.498644 -0.092311
v -0.172807 1.402431 -0.191475
v -0.250872 1.268857 -0.253646
v -0.283426 1.111065 -0.275604
v -0.280069 1.029444 -0.273444
v -0.009090 0.682646 -0.092311
v 0.001318 1.498644 -0.104993
v -0.139905 1.402433 -0.234190
v -0.231987 1.111068 -0.338286
v -0.229116 1.029444 -0.335512
v -0.234094 0.969290 -0.312207
v 0.001318 0.682646 -0.104993
v 0.014001 1.498644 -0.115402
v -0.099301 1.402431 -0.269672
v -0.147635 1.268862 -0.356979
v -0.169308 1.111069 -0.389727
v -0.167035 1.029451 -0.386446
v 0.014001 0.682646 -0.115402
v 0.028470 1.498644 -0.123136
v -0.052556 1.402432 -0.296546
v -0.097801 1.111076 -0.427950
v -0.096211 1.029454 -0.424290
v -0.109733 0.969288 -0.404661
v 0.028470 0.682646 -0.123136
v 0.044171 1.498644 -0.127898
v -0.020210 1.111079 -0.451490
v -0.019364 1.029452 -0.447591
v 0.044171 0.682646 -0.127898
v 0.060499 1.498644 -0.129507
v 0.079941 1.250607 -0.428729
v 0.078650 0.930682 -0.428792
v 0.084611 0.805677 -0.347912
v 0.060499 0.682646 -0.129507
v 0.100431 1.465567 -0.222338
v 0.098139 0.860958 -0.391288
v 0.103699 0.697433 -0.176820
v 0.163728 1.422978 -0.273645
v 0.165849 0.781362 -0.303377
v 0.152356 0.733086 -0.238051
v 0.103305 1.482826 -0.179656
v 0.125212 0.758310 -0.287420
v 0.094935 0.720108 -0.233923
v 0.081754 0.679958 -0.114783
v 0.081146 1.501330 -0.114977
v 0.164935 1.465568 -0.193623
v 0.206982 1.425535 -0.244483
v 0.214075 0.781363 -0.277875
v 0.188094 0.733088 -0.216442
v 0.146087 0.698692 -0.157776
v 0.135115 0.706038 -0.185411
v 0.094800 0.679958 -0.109313
v 0.094242 1.501330 -0.109622
v 0.124651 1.484002 -0.166850
v 0.154869 1.450231 -0.232890
v 0.243054 1.422981 -0.216796
v 0.256391 0.781361 -0.243458
v 0.218930 0.733087 -0.188269
v 0.166278 0.698692 -0.138934
v 0.151273 1.482825 -0.153085
v 0.106529 0.679958 -0.101399
v 0.106042 1.501330 -0.101812
v 0.227652 1.457853 -0.146408
v 0.271854 1.425536 -0.173308
v 0.291187 0.781362 -0.201444
v 0.243678 0.733089 -0.154627
v 0.182417 0.698691 -0.116500
v 0.116488 0.679958 -0.091351
v 0.116091 1.501330 -0.091851
v 0.170451 1.482826 -0.133317
v 0.219277 1.450231 -0.182538
v 0.294595 1.422979 -0.133914
v 0.317119 0.781363 -0.153445
v 0.261386 0.733087 -0.116792
v 0.193863 0.698692 -0.091367
v 0.124297 0.679958 -0.079553
v 0.124004 1.501330 -0.080121
v 0.185412 1.482825 -0.110183
v 0.307286 1.422977 -0.086554
v 0.333182 0.781361 -0.101318
v 0.271374 0.733087 -0.076234
v 0.200187 0.698692 -0.064466
v 0.129654 0.679958 -0.066459
v 0.129478 1.501330 -0.067072
v 0.195569 1.482825 -0.084580
v 0.259515 1.450230 -0.111365
v 0.310489 1.422980 -0.037622
v 0.338773 0.781363 -0.047047
v 0.273259 0.733088 -0.034515
v 0.201143 0.698692 -0.036858
v 0.132351 0.679958 -0.052570
v 0.132298 1.501330 -0.053206
v 0.200537 1.482825 -0.057482
v 0.268481 1.450230 -0.071278
v 0.304088 1.422979 0.010993
v 0.333666 0.781362 0.007268
v 0.266964 0.733087 0.006777
v 0.196692 0.698692 -0.009591
v 0.132361 1.501330 -0.039057
v 0.132289 0.679958 -0.038422
v 0.200123 1.482825 -0.029938
v 0.269453 1.450230 -0.030219
v 0.225841 1.465569 0.027778
v 0.283928 1.425537 0.059090
v 0.318067 0.781363 0.059529
v 0.252742 0.733089 0.046045
v 0.187010 0.698692 0.016286
v 0.129469 0.679958 -0.024559
v 0.129664 1.501330 -0.025167
v 0.191725 1.484002 -0.006500
v 0.262394 1.450231 0.010245
v 0.255407 1.413656 0.130034
v 0.292561 0.781362 0.107760
v 0.231126 0.733087 0.081781
v 0.172461 0.698691 0.039772
v 0.169886 1.488084 0.017084
v 0.123996 0.679958 -0.011512
v 0.185089 1.465568 0.085458
v 0.258145 0.781362 0.150079
v 0.202955 0.733087 0.112617
v 0.153610 0.698692 0.059975
v 0.116085 0.679958 0.000217
v 0.116497 1.501330 -0.000270
v 0.166690 1.484003 0.040725
v 0.215776 1.458683 0.073203
v 0.173275 1.413655 0.191239
v 0.216125 0.781360 0.184875
v 0.169310 0.733088 0.137366
v 0.131192 0.698692 0.076102
v 0.137489 1.488083 0.054158
v 0.106036 0.679958 0.010176
v 0.125372 1.465568 0.123144
v 0.168135 0.781362 0.210805
v 0.131485 0.733087 0.155072
v 0.106040 0.698692 0.087554
v 0.094237 0.679958 0.017985
v 0.094804 1.501330 0.017693
v 0.125494 1.484002 0.074775
v 0.158407 1.458684 0.123566
v 0.101247 1.422980 0.200969
v 0.116001 0.781362 0.226872
v 0.090928 0.733089 0.165064
v 0.079154 0.698692 0.093875
v 0.099260 1.482825 0.089260
v 0.081144 0.679958 0.023342
v 0.081759 1.501330 0.023166
v 0.051282 1.457854 0.149056
v 0.049085 1.425536 0.200756
v 0.061738 0.781362 0.232461
v 0.049201 0.733087 0.166946
v 0.051540 0.698691 0.094829
v 0.067255 0.679958 0.026041
v 0.067892 1.501330 0.025988
v 0.072166 1.482826 0.094224
v 0.085966 1.450229 0.162171
v 0.003699 1.422979 0.197778
v 0.007426 0.781361 0.227355
v 0.007916 0.733088 0.160656
v 0.024275 0.698692 0.090382
v 0.053107 0.679958 0.025978
v 0.053741 1.501330 0.026051
v 0.044624 1.482825 0.093810
v -0.022590 1.457854 0.130696
v -0.044407 1.425536 0.177617
v -0.044850 0.781362 0.211752
v -0.031355 0.733087 0.146428
v -0.001601 0.698692 0.080696
v 0.039242 0.679958 0.023157
v 0.039851 1.501330 0.023351
v 0.017691 1.482825 0.088032
v 0.004439 1.450230 0.156083
v -0.085194 1.422979 0.157501
v -0.093071 0.781361 0.186251
v -0.067097 0.733088 0.124816
v -0.025088 0.698692 0.066152
v 0.026199 0.679958 0.017685
v 0.026757 1.501330 0.017995
v -0.007604 1.482825 0.077106
v -0.122060 1.422979 0.125170
v -0.135397 0.781362 0.151830
v -0.097933 0.733087 0.096642
v -0.045284 0.698691 0.047302
v 0.014956 1.501330 0.010184
v 0.014468 0.679958 0.009771
v -0.030271 1.482825 0.061462
v -0.068559 1.450230 0.119260
v -0.151905 1.422980 0.086274
v -0.170188 0.781361 0.109819
v -0.122678 0.733086 0.062998
v -0.061422 0.698692 0.024871
v 0.004508 0.679958 -0.000275
v 0.004905 1.501330 0.000224
v -0.049454 1.482825 0.041690
v -0.098280 1.450231 0.090913
v -0.173593 1.422980 0.042294
v -0.196121 0.781363 0.061822
v -0.140390 0.733088 0.025167
v -0.072866 0.698692 -0.000260
v -0.003007 1.501330 -0.011506
v -0.003300 0.679958 -0.012074
v -0.064416 1.482825 0.018557
v -0.121901 1.450230 0.057314
v -0.117870 1.465567 -0.015153
v -0.183562 1.425535 -0.008909
v -0.074443 0.697458 -0.019973
v -0.223416 0.796050 0.024967
v -0.008656 0.679958 -0.025168
v -0.008481 1.501330 -0.024555
v -0.070453 1.484002 -0.005594
v -0.138519 1.450230 0.019740
v -0.134484 1.457784 -0.045813
v -0.059946 0.692313 -0.045813
v -0.065396 1.488084 -0.037333
v -0.258754 0.825633 -0.015336
v -0.187489 0.758317 -0.013134
v -0.132513 0.722626 -0.013614
v -0.011354 0.679958 -0.039056
v -0.183562 0.755756 -0.082717
v -0.228888 0.796049 -0.089074
v -0.166968 1.436896 -0.079230
v -0.156078 1.436897 -0.122961
v -0.088814 1.475272 -0.098775
v -0.214891 0.796050 -0.144696
v -0.171667 0.755753 -0.129626
v -0.115200 0.715798 -0.093150
v -0.008472 0.679958 -0.067067
v -0.008667 1.501330 -0.066461
v -0.150861 0.755755 -0.173305
v -0.002999 0.679958 -0.080115
v -0.136866 1.436897 -0.163730
v -0.190305 0.796049 -0.196524
v -0.009348 1.496652 -0.113174
v -0.110066 1.436896 -0.199975
v -0.057179 1.475272 -0.151885
v -0.156088 0.796049 -0.242553
v -0.121922 0.755754 -0.212093
v -0.083709 0.715798 -0.156786
v 0.004912 0.679958 -0.091843
v 0.014961 0.679958 -0.101804
v -0.044387 0.713976 -0.188980
v 0.014461 1.501330 -0.101406
v -0.076713 1.436896 -0.230288
v -0.113541 0.796048 -0.281029
v -0.085977 0.755754 -0.244488
v 0.001027 1.466809 -0.214848
v -0.038087 1.436896 -0.253511
v -0.064307 0.796048 -0.310463
v -0.044403 0.755755 -0.269248
v 0.026760 0.679958 -0.109611
v 0.032199 0.723437 -0.238838
v 0.039853 0.679958 -0.114967
v -0.000703 0.714462 -0.214192
v 0.021575 1.475272 -0.199384
v 0.004327 1.436896 -0.268754
v 0.004980 0.744392 -0.268915
v 0.031831 0.796279 -0.336884
v 0.065585 0.753693 -0.290116
v 0.023042 1.249955 -0.426116
v 0.053743 0.679958 -0.117667
v 0.053106 1.501330 -0.117614
v 0.023984 0.912429 -0.418386
v 0.057775 1.466123 -0.225990
v 0.088757 1.428411 -0.288814
v 0.065327 0.676961 -0.094836
v 0.058837 0.694320 -0.175708
v 0.067254 1.501330 -0.117677
v 0.073464 1.484002 -0.182189
v 0.103941 1.504330 -0.022593
v 0.091749 1.504330 -0.007735
v 0.011477 1.504330 -0.040985
v 0.011477 0.676961 -0.050641
v 0.017056 1.504330 -0.069034
v 0.037278 1.504330 -0.089256
v 0.026789 0.859363 -0.388076
v 0.026789 1.321927 -0.388076
v 0.021038 1.191915 -0.445584
v 0.019943 1.111075 -0.457447
v 0.020403 1.029453 -0.453483
v 0.113480 1.359467 -0.359038
v 0.115032 1.287651 -0.407673
v 0.066083 0.677837 -0.102516
v 0.101054 1.070215 -0.457447
v 0.099959 0.989375 -0.445584
v 0.193877 0.969289 -0.419926
v 0.167008 0.838552 -0.358229
v 0.149140 1.370615 -0.339513
v 0.184581 1.287654 -0.390079
v 0.194776 1.212004 -0.419603
v 0.179356 1.151839 -0.437826
v 0.180580 1.070216 -0.441625
v 0.265109 1.212006 -0.386230
v 0.253552 1.151832 -0.407107
v 0.255494 1.070215 -0.410592
v 0.264294 0.969287 -0.386719
v 0.247935 0.893629 -0.360107
v 0.225911 0.838554 -0.331449
v 0.204736 1.370614 -0.316578
v 0.227703 1.304985 -0.359161
v 0.305647 0.893631 -0.317504
v 0.278461 0.838551 -0.293684
v 0.254789 1.370613 -0.283235
v 0.306881 1.287657 -0.316387
v 0.327594 1.211999 -0.339770
v 0.320327 1.151839 -0.362500
v 0.322912 1.070213 -0.365540
v 0.379812 1.212006 -0.282007
v 0.377115 1.151843 -0.305727
v 0.380244 1.070219 -0.308205
v 0.379246 0.969287 -0.282772
v 0.353941 0.893637 -0.264462
v 0.322631 0.838550 -0.246398
v 0.297371 1.370614 -0.240772
v 0.334888 1.304985 -0.271323
v 0.390958 0.893632 -0.203008
v 0.356729 0.838553 -0.191403
v 0.330852 1.370616 -0.190815
v 0.391670 1.287656 -0.201504
v 0.419754 1.212002 -0.215181
v 0.421737 1.151845 -0.238965
v 0.425290 1.070218 -0.240784
v 0.452480 1.151840 -0.164777
v 0.456317 1.070221 -0.165871
v 0.445665 0.969294 -0.142759
v 0.420623 0.907919 -0.141204
v 0.383537 0.842208 -0.126304
v 0.353943 1.370618 -0.135287
v 0.415680 1.287660 -0.133902
v 0.445895 1.212001 -0.141834
v 0.389894 0.838553 -0.066972
v 0.365767 1.370611 -0.076311
v 0.426043 1.287655 -0.062917
v 0.457222 1.212001 -0.064805
v 0.468156 1.151846 -0.086021
v 0.472134 1.070220 -0.086344
v 0.457176 0.969290 -0.065758
v 0.433072 0.912431 -0.082325
v 0.472132 1.070217 -0.005257
v 0.453443 0.969285 0.012018
v 0.422598 0.893632 0.007080
v 0.387690 0.838552 -0.002295
v 0.365851 1.370611 -0.016169
v 0.422355 1.287657 0.008725
v 0.453303 1.212006 0.012957
v 0.468168 1.151834 -0.005717
v 0.354198 1.370618 0.042822
v 0.404763 1.287657 0.078270
v 0.434291 1.212000 0.088461
v 0.452512 1.151850 0.073041
v 0.456311 1.070224 0.074267
v 0.434614 0.969292 0.087562
v 0.405322 0.893632 0.076705
v 0.372913 0.838554 0.060707
v 0.425278 1.070217 0.149180
v 0.401402 0.969288 0.157988
v 0.374796 0.893635 0.141622
v 0.346127 0.838550 0.119605
v 0.331264 1.370615 0.098419
v 0.373942 1.287653 0.143050
v 0.400911 1.212004 0.158805
v 0.421791 1.151842 0.147238
v 0.110748 1.503453 -0.018954
v 0.331074 1.287655 0.200568
v 0.354451 1.212006 0.221284
v 0.377189 1.151847 0.214009
v 0.380229 1.070221 0.216597
v 0.355092 0.969290 0.220579
v 0.332193 0.893636 0.199336
v 0.308375 0.838554 0.172147
v 0.297921 1.370618 0.148470
v 0.297463 0.969289 0.272931
v 0.279138 0.893633 0.247633
v 0.261088 0.838555 0.216319
v 0.255457 1.370614 0.191059
v 0.277803 1.287660 0.248622
v 0.296696 1.212005 0.273499
v 0.320411 1.151833 0.270806
v 0.096645 1.503453 -0.001769
v 0.322887 1.070210 0.273934
v 0.216186 1.287658 0.285360
v 0.229862 1.212007 0.313442
v 0.253650 1.151839 0.315426
v 0.255466 1.070213 0.318980
v 0.230725 0.969288 0.313036
v 0.217689 0.893635 0.284651
v 0.206099 0.838557 0.250415
v 0.205500 1.370618 0.224538
v 0.157446 0.969287 0.339350
v 0.150203 0.893636 0.308966
v 0.145506 0.838553 0.273126
v 0.149968 1.370614 0.247636
v 0.148588 1.287656 0.309370
v 0.156521 1.212007 0.339581
v 0.179461 1.151836 0.346169
v 0.180550 1.070208 0.350007
v 0.079492 1.212001 0.350910
v 0.100707 1.151845 0.361844
v 0.101027 1.070220 0.365822
v 0.080443 0.969290 0.350864
v 0.079266 0.893635 0.319649
v 0.081649 0.838551 0.283580
v 0.091003 1.370616 0.259451
v 0.095562 1.304985 0.307619
v 0.007605 0.893631 0.316286
v 0.016984 0.838553 0.281380
v 0.030866 1.370616 0.259536
v 0.005960 1.287658 0.316042
v 0.001727 1.212002 0.346992
v 0.020404 1.151845 0.361855
v 0.019943 1.070219 0.365820
v -0.058361 1.151836 0.346200
v -0.059588 1.070208 0.349997
v -0.072872 0.969284 0.328300
v -0.060257 0.907928 0.306623
v -0.052041 0.842207 0.267503
v -0.028144 1.370615 0.247887
v -0.063586 1.287654 0.298452
v -0.073772 1.212004 0.327979
v -0.104920 0.838551 0.239817
v -0.083731 1.370618 0.224951
v -0.128367 1.287659 0.267625
v -0.144117 1.212006 0.294600
v -0.132553 1.151840 0.315480
v -0.134497 1.070212 0.318965
v -0.143300 0.969290 0.295092
v -0.116130 0.912437 0.284260
v -0.199330 1.151833 0.270875
v -0.201915 1.070210 0.273914
v -0.205892 0.969285 0.248781
v -0.185937 0.907921 0.233578
v -0.163374 0.842208 0.200588
v -0.133788 1.370614 0.191610
v -0.185885 1.287657 0.224759
v -0.206597 1.212007 0.248140
v -0.201634 0.838554 0.154775
v -0.176370 1.370618 0.149146
v -0.233934 1.287655 0.171499
v -0.258814 1.212005 0.190384
v -0.256116 1.151848 0.214102
v -0.259245 1.070220 0.216581
v -0.258247 0.969289 0.191151
v -0.228999 0.912433 0.191540
v -0.304293 1.070216 0.149158
v -0.298352 0.969288 0.124411
v -0.269963 0.893634 0.111381
v -0.235731 0.838550 0.099774
v -0.209855 1.370615 0.099189
v -0.270675 1.287654 0.109878
v -0.298760 1.212003 0.123549
v -0.300741 1.151841 0.147338
v -0.232945 1.370620 0.043660
v -0.294684 1.287657 0.042276
v -0.324895 1.212004 0.050212
v -0.331482 1.151839 0.073152
v -0.335321 1.070221 0.074245
v -0.324664 0.969287 0.051137
v -0.294280 0.893632 0.043890
v -0.258443 0.838553 0.039187
v -0.351137 1.070215 -0.005284
v -0.339289 0.989374 -0.006526
v -0.312075 0.912431 -0.009297
v -0.244764 1.370617 -0.015310
v -0.292932 1.304988 -0.010749
v -0.327506 1.231115 -0.007458
v -0.347159 1.151836 -0.005606
v 0.003795 1.503453 -0.040228
v -0.301359 1.287656 -0.100352
v -0.332305 1.212006 -0.104582
v -0.073414 0.697028 -0.073609
v -0.347171 1.151837 -0.085909
v -0.011291 0.679958 -0.053204
v -0.351135 1.070215 -0.086369
v -0.035000 1.496652 -0.063017
v -0.332445 0.969285 -0.103641
v -0.116797 1.465473 -0.086929
v -0.301603 0.893635 -0.098705
v -0.266695 0.838556 -0.089337
v -0.244849 1.370617 -0.075451
v -0.313616 0.969291 -0.179188
v -0.284324 0.893629 -0.168328
v -0.251918 0.838556 -0.152332
v -0.240958 1.355683 -0.155058
v -0.283764 1.287662 -0.169892
v -0.313294 1.212001 -0.180087
v -0.331514 1.151840 -0.164671
v -0.335314 1.070220 -0.165892
v -0.279912 1.212003 -0.250436
v -0.052585 0.697028 -0.122736
v -0.300795 1.151836 -0.238865
v -0.021666 1.497587 -0.089411
v -0.304280 1.070217 -0.240808
v -0.280402 0.969287 -0.249619
v -0.087565 1.465473 -0.151649
v -0.253801 0.893635 -0.233245
v -0.225131 0.838552 -0.211233
v -0.213852 1.355683 -0.211771
v -0.252850 1.304985 -0.213016
v -0.211193 0.893635 -0.290964
v -0.187374 0.838552 -0.263775
v -0.176206 1.355682 -0.262104
v -0.210077 1.287655 -0.292195
v -0.233452 1.212004 -0.312913
v -0.256188 1.151842 -0.305641
v -0.259227 1.070217 -0.308228
v -0.175698 1.212005 -0.365125
v -0.004629 0.696998 -0.165973
v -0.199413 1.151834 -0.362433
v -0.201888 1.070212 -0.365563
v -0.176464 0.969287 -0.364557
v -0.041865 1.466123 -0.194112
v -0.158142 0.893633 -0.339259
v -0.140090 0.838550 -0.307942
v -0.129466 1.355684 -0.304122
v -0.165010 1.304983 -0.320204
v -0.096696 0.893633 -0.376274
v -0.085102 0.838553 -0.342037
v -0.075425 1.355684 -0.336217
v -0.095193 1.287656 -0.376985
v -0.108870 1.212005 -0.405067
v -0.132648 1.151829 -0.407057
v 0.033639 1.503453 -0.096063
v -0.134468 1.070210 -0.410606
v 0.025410 1.497503 -0.131786
v 0.036571 0.692288 -0.164214
v -0.058465 1.151836 -0.437795
v -0.059554 1.070207 -0.441633
v 0.037299 1.489003 -0.164358
v -0.036451 0.969288 -0.430976
v -0.034906 0.907922 -0.405936
v 0.008785 1.412957 -0.303294
v -0.019997 0.842206 -0.368848
v -0.016151 1.355684 -0.357156
v 0.002569 0.779143 -0.315510
v -0.027601 1.287655 -0.400994
v -0.035525 1.212004 -0.431207
v 0.029159 0.826551 -0.364011
v 0.020791 1.373979 -0.347182
v 0.024743 1.286885 -0.408843
v 0.021702 0.969801 -0.439723
v 0.221892 1.543611 -0.467054
v 0.162151 1.379868 -0.521783
v 0.153333 1.299016 -0.529795
v 0.156351 1.217399 -0.527182
v 0.215350 1.046443 -0.495542
v 0.411119 1.686593 -0.320668
v 0.268116 1.543607 -0.509678
v 0.220196 1.379869 -0.575002
v 0.213108 1.299021 -0.584578
v 0.215557 1.217398 -0.581426
v 0.246031 1.118635 -0.570965
v 0.411119 0.870595 -0.320668
v 0.425145 1.686593 -0.329181
v 0.321757 1.543612 -0.542449
v 0.282421 1.299028 -0.626647
v 0.284211 1.217405 -0.623082
v 0.307947 1.064256 -0.574056
v 0.425145 0.870595 -0.329181
v 0.440562 1.686593 -0.334793
v 0.380769 1.543608 -0.564137
v 0.368204 1.456807 -0.616309
v 0.358617 1.299024 -0.654389
v 0.359675 1.217400 -0.650541
v 0.440562 0.870595 -0.334793
v 0.456777 1.686593 -0.337290
v 0.442870 1.543611 -0.573890
v 0.438759 1.299016 -0.666732
v 0.439047 1.217394 -0.662751
v 0.419785 1.157236 -0.648718
v 0.456778 0.870595 -0.337290
v 0.473169 1.686593 -0.336575
v 0.505691 1.543611 -0.571341
v 0.514052 1.456806 -0.624353
v 0.519763 1.299028 -0.663202
v 0.519268 1.217404 -0.659243
v 0.473169 0.870595 -0.336575
v 0.421751 1.692278 -0.224017
v 0.416717 1.692278 -0.232312
v 0.411921 1.692278 -0.251020
v 0.439936 1.692278 -0.298349
v 0.418750 1.692278 -0.278933
v 0.424487 1.692278 -0.286759
v 0.412344 1.692278 -0.260714
v 0.436133 1.692278 -0.211126
v 0.454352 1.692278 -0.204720
v 0.449053 1.692278 -0.301668
v 0.458644 1.692278 -0.303145
v 0.468338 1.692278 -0.302722
v 0.477763 1.692278 -0.300417
v 0.486557 1.692278 -0.296316
v 0.494383 1.692278 -0.290579
v 0.444927 1.692278 -0.207026
v 0.505973 1.692278 -0.275131
v 0.500939 1.692278 -0.283426
v 0.508041 1.692278 -0.237303
v 0.503940 1.692278 -0.228509
v 0.498203 1.692278 -0.220683
v 0.491050 1.692278 -0.214127
v 0.482754 1.692278 -0.209093
v 0.473637 1.692278 -0.205774
v 0.464046 1.692278 -0.204297
v 0.510769 1.692278 -0.256422
v 0.431640 1.692278 -0.293315
v 0.489105 1.686593 -0.332676
v 0.566803 1.543612 -0.556586
v 0.598525 1.299031 -0.643938
v 0.597270 1.217407 -0.640151
v 0.574097 1.157233 -0.634557
v 0.489106 0.870595 -0.332676
v 0.503976 1.686593 -0.325744
v 0.623865 1.543608 -0.530195
v 0.672020 1.299024 -0.609676
v 0.670047 1.217400 -0.606207
v 0.503976 0.870595 -0.325744
v 0.517207 1.686593 -0.316043
v 0.674678 1.543612 -0.493173
v 0.737418 1.299015 -0.561734
v 0.734805 1.217398 -0.558716
v 0.698592 1.064258 -0.518032
v 0.517207 0.870595 -0.316043
v 0.528292 1.686593 -0.303947
v 0.717303 1.543605 -0.446951
v 0.792202 1.299021 -0.501958
v 0.789051 1.217398 -0.499509
v 0.528292 0.870595 -0.303947
v 0.536804 1.686593 -0.289921
v 0.750073 1.543612 -0.393309
v 0.834271 1.299028 -0.432645
v 0.830706 1.217405 -0.430855
v 0.536805 0.870595 -0.289921
v 0.542417 1.686593 -0.274504
v 0.683947 1.624732 -0.310786
v 0.771761 1.543608 -0.334300
v 0.862011 1.299034 -0.356453
v 0.858166 1.217403 -0.355392
v 0.542417 0.870595 -0.274504
v 0.544914 1.686593 -0.258289
v 0.691244 1.624847 -0.255343
v 0.781513 1.543611 -0.272191
v 0.874355 1.299030 -0.276311
v 0.870376 1.217407 -0.276024
v 0.544914 0.870595 -0.258289
v 0.544199 1.686593 -0.241897
v 0.688841 1.624732 -0.221256
v 0.778965 1.543611 -0.209374
v 0.870826 1.299028 -0.195303
v 0.866867 1.217405 -0.195796
v 0.544199 0.870595 -0.241897
v 0.540300 1.686593 -0.225961
v 0.674364 1.624847 -0.167237
v 0.764211 1.543609 -0.148258
v 0.851562 1.299031 -0.116541
v 0.847775 1.217406 -0.117797
v 0.540300 0.870595 -0.225961
v 0.533367 1.686593 -0.211091
v 0.737817 1.543609 -0.091199
v 0.817300 1.299024 -0.043046
v 0.813831 1.217400 -0.045020
v 0.533368 0.870595 -0.211091
v 0.523667 1.686593 -0.197859
v 0.700797 1.543609 -0.040384
v 0.740229 1.456806 -0.003982
v 0.769360 1.299030 0.022348
v 0.766341 1.217401 0.019739
v 0.523667 0.870595 -0.197859
v 0.511571 1.686593 -0.186774
v 0.654579 1.543607 0.002231
v 0.709581 1.299022 0.077137
v 0.707131 1.217397 0.073986
v 0.715351 1.157237 0.051616
v 0.511571 0.870595 -0.186774
v 0.497545 1.686593 -0.178262
v 0.600936 1.543607 0.035010
v 0.640265 1.299024 0.119207
v 0.638476 1.217401 0.115640
v 0.497545 0.870595 -0.178262
v 0.482128 1.686593 -0.172649
v 0.541921 1.543609 0.056694
v 0.564073 1.299024 0.146946
v 0.563015 1.217404 0.143099
v 0.549298 1.064252 0.090384
v 0.482128 0.870595 -0.172649
v 0.465913 1.686593 -0.170152
v 0.479814 1.543607 0.066450
v 0.483935 1.299030 0.159289
v 0.483647 1.217404 0.155310
v 0.465913 0.870595 -0.170152
v 0.498203 0.864910 -0.220683
v 0.458644 0.864909 -0.303145
v 0.509292 0.864910 -0.266013
v 0.416717 0.864910 -0.232312
v 0.413398 0.864910 -0.241430
v 0.411921 0.864910 -0.251020
v 0.412344 0.864910 -0.260714
v 0.414650 0.864910 -0.270139
v 0.418750 0.864910 -0.278934
v 0.421751 0.864910 -0.224017
v 0.449053 0.864909 -0.301668
v 0.486558 0.864910 -0.296316
v 0.508041 0.864910 -0.237303
v 0.510346 0.864910 -0.246728
v 0.494383 0.864910 -0.290579
v 0.500939 0.864910 -0.283426
v 0.505973 0.864910 -0.275131
v 0.477763 0.864910 -0.300417
v 0.503940 0.864910 -0.228509
v 0.454352 0.864910 -0.204720
v 0.491050 0.864910 -0.214127
v 0.482755 0.864910 -0.209093
v 0.473637 0.864910 -0.205774
v 0.464046 0.864910 -0.204297
v 0.468338 0.864909 -0.302722
v 0.444927 0.864910 -0.207026
v 0.510769 0.864910 -0.256422
v 0.436133 0.864910 -0.211126
v 0.431641 0.864909 -0.293315
v 0.439936 0.864909 -0.298349
v 0.449521 1.686593 -0.170867
v 0.416999 1.543610 0.063900
v 0.402925 1.299029 0.155760
v 0.403419 1.217403 0.151801
v 0.410924 1.064258 0.097853
v 0.449521 0.870595 -0.170867
v 0.433584 1.686593 -0.174766
v 0.355885 1.543611 0.049144
v 0.324158 1.299020 0.136494
v 0.325417 1.217397 0.132706
v 0.433585 0.870595 -0.174766
v 0.418714 1.686593 -0.181699
v 0.298823 1.543609 0.022751
v 0.250670 1.299024 0.102234
v 0.252642 1.217401 0.098765
v 0.418715 0.870595 -0.181699
v 0.416895 1.689436 -0.204131
v 0.405483 1.686593 -0.191399
v 0.368323 1.670064 -0.149943
v 0.319582 1.635232 -0.095565
v 0.297081 1.612563 -0.070463
v 0.257028 1.557824 -0.025779
v 0.276163 1.586677 -0.047127
v 0.224827 1.492355 0.010146
v 0.239861 1.526282 -0.006627
v 0.201715 1.418671 0.035931
v 0.212070 1.456369 0.024377
v 0.193859 1.379624 0.044694
v 0.188580 1.339603 0.050584
v 0.185928 1.298996 0.053543
v 0.185928 1.258192 0.053543
v 0.193859 1.177564 0.044694
v 0.188580 1.217585 0.050584
v 0.201715 1.138517 0.035931
v 0.212070 1.100819 0.024377
v 0.231791 1.047312 0.002377
v 0.224827 1.064833 0.010146
v 0.257028 0.999364 -0.025779
v 0.297081 0.944625 -0.070463
v 0.343447 0.902721 -0.122190
v 0.416895 0.867752 -0.204131
v 0.393218 0.875428 -0.177716
v 0.394398 1.686593 -0.203495
v 0.246541 1.590380 -0.081941
v 0.195474 1.526896 -0.053857
v 0.130488 1.299023 -0.005483
v 0.133637 1.217404 -0.007935
v 0.394398 0.870595 -0.203495
v 0.385886 1.686593 -0.217521
v 0.217151 1.590377 -0.127152
v 0.088417 1.299028 -0.074800
v 0.091984 1.217402 -0.076589
v 0.385886 0.870595 -0.217521
v 0.380273 1.686593 -0.232938
v 0.197156 1.590381 -0.177217
v 0.098756 1.456807 -0.160583
v 0.060677 1.299021 -0.150994
v 0.064525 1.217393 -0.152055
v 0.380273 0.870595 -0.232938
v 0.377776 1.686593 -0.249154
v 0.187306 1.590379 -0.230232
v 0.048335 1.299030 -0.231132
v 0.052314 1.217404 -0.231420
v 0.066348 1.157240 -0.212159
v 0.377776 0.870595 -0.249154
v 0.378491 1.686593 -0.265545
v 0.187988 1.590379 -0.284141
v 0.090717 1.456814 -0.306424
v 0.051864 1.299031 -0.312140
v 0.055823 1.217407 -0.311646
v 0.378491 0.870595 -0.265545
v 0.382390 1.686593 -0.281482
v 0.199177 1.590381 -0.336884
v 0.071130 1.299020 -0.390907
v 0.074918 1.217397 -0.389649
v 0.080512 1.157236 -0.366484
v 0.382390 0.870595 -0.281482
v 0.389323 1.686593 -0.296352
v 0.105390 1.299024 -0.464396
v 0.108860 1.217401 -0.462425
v 0.389323 0.870595 -0.296352
v 0.399023 1.686593 -0.309583
v 0.189185 1.438554 -0.523781
v 0.188276 1.118635 -0.522863
v 0.252481 0.993633 -0.473323
v 0.399023 0.870595 -0.309583
v 0.356556 1.653517 -0.401281
v 0.322504 1.613486 -0.457802
v 0.254907 1.046500 -0.530108
v 0.392631 0.885385 -0.373347
v 0.360599 1.610928 -0.482660
v 0.339869 0.969311 -0.504084
v 0.379501 0.921038 -0.450436
v 0.390246 1.670772 -0.374937
v 0.324623 0.946260 -0.463172
v 0.348824 0.910576 -0.413813
v 0.424172 0.867909 -0.315592
v 0.423630 1.689281 -0.315254
v 0.420999 1.653516 -0.430150
v 0.411176 1.613483 -0.495405
v 0.391046 0.969308 -0.522968
v 0.419455 0.921037 -0.462623
v 0.435121 0.886643 -0.392196
v 0.407198 0.893986 -0.402461
v 0.436955 0.867908 -0.321655
v 0.436357 1.689281 -0.321429
v 0.414037 1.671948 -0.382291
v 0.385028 1.638179 -0.448862
v 0.455873 1.610928 -0.503786
v 0.444922 0.969311 -0.531513
v 0.461015 0.921040 -0.466787
v 0.462629 0.886644 -0.394655
v 0.442043 1.670772 -0.392918
v 0.450677 0.867908 -0.325107
v 0.450047 1.689281 -0.325002
v 0.498002 1.645802 -0.445334
v 0.507475 1.613486 -0.496204
v 0.499433 0.969311 -0.529379
v 0.502577 0.921039 -0.462756
v 0.490106 0.886642 -0.391691
v 0.464809 0.867908 -0.325817
v 0.464171 1.689281 -0.325837
v 0.469576 1.670771 -0.394011
v 0.465511 1.638179 -0.463213
v 0.551990 1.610927 -0.486845
v 0.552480 0.969311 -0.516652
v 0.542569 0.921037 -0.450692
v 0.516472 0.886642 -0.383425
v 0.478816 0.867908 -0.323753
v 0.478184 1.689281 -0.323900
v 0.496781 1.670772 -0.389709
v 0.595726 1.610928 -0.464682
v 0.602021 0.969309 -0.493818
v 0.579437 0.921039 -0.431064
v 0.540715 0.886642 -0.370183
v 0.492136 0.867908 -0.319001
v 0.491554 1.689281 -0.319264
v 0.522631 1.670773 -0.380180
v 0.545361 1.638180 -0.445673
v 0.634302 1.610927 -0.434411
v 0.646160 0.969313 -0.461765
v 0.611772 0.921038 -0.404608
v 0.561912 0.886642 -0.352457
v 0.504279 0.867908 -0.311741
v 0.503758 1.689281 -0.312114
v 0.546128 1.670772 -0.365794
v 0.581198 1.638178 -0.425596
v 0.666225 1.610929 -0.397200
v 0.683196 0.969310 -0.421707
v 0.638315 0.921038 -0.372367
v 0.579240 0.886642 -0.330945
v 0.514335 1.689281 -0.302717
v 0.514772 0.867908 -0.302251
v 0.566364 1.670772 -0.347097
v 0.612427 1.638179 -0.398909
v 0.626513 1.653516 -0.327713
v 0.688596 1.613484 -0.350075
v 0.711707 0.969311 -0.375200
v 0.658060 0.921038 -0.335564
v 0.592040 0.886643 -0.306465
v 0.523216 0.867908 -0.290895
v 0.522877 1.689281 -0.291438
v 0.578207 1.671949 -0.325207
v 0.637849 1.638180 -0.366641
v 0.722383 1.601605 -0.281485
v 0.730592 0.969308 -0.324021
v 0.670246 0.921037 -0.295613
v 0.599819 0.886643 -0.279949
v 0.581198 1.676030 -0.293195
v 0.529279 0.867908 -0.278112
v 0.642254 1.653517 -0.258871
v 0.739136 0.969310 -0.270143
v 0.674407 0.921038 -0.254053
v 0.602274 0.886642 -0.252428
v 0.532731 0.867908 -0.264389
v 0.532626 1.689281 -0.265019
v 0.596669 1.671948 -0.275048
v 0.653612 1.646634 -0.289896
v 0.713136 1.601605 -0.179474
v 0.737003 0.969311 -0.215633
v 0.670382 0.921040 -0.212487
v 0.599318 0.886643 -0.224968
v 0.587183 1.676029 -0.244318
v 0.533438 0.867908 -0.250257
v 0.630453 1.653517 -0.189248
v 0.724274 0.969309 -0.162590
v 0.658316 0.921038 -0.172494
v 0.591051 0.886642 -0.198596
v 0.531380 0.867908 -0.236260
v 0.531524 1.689281 -0.236882
v 0.594529 1.671949 -0.221634
v 0.652822 1.646633 -0.213572
v 0.672305 1.610928 -0.119340
v 0.701443 0.969308 -0.113046
v 0.638687 0.921039 -0.135629
v 0.577807 0.886643 -0.174351
v 0.587804 1.670772 -0.192434
v 0.526626 0.867908 -0.222931
v 0.526888 1.689281 -0.223513
v 0.600301 1.645803 -0.116789
v 0.637329 1.613484 -0.080642
v 0.669389 0.969313 -0.068905
v 0.612234 0.921038 -0.103295
v 0.560081 0.886642 -0.153155
v 0.519365 0.867908 -0.210788
v 0.519736 1.689281 -0.211307
v 0.573421 1.670772 -0.168943
v 0.633218 1.638179 -0.133868
v 0.604824 1.610929 -0.048841
v 0.629327 0.969310 -0.031867
v 0.579996 0.921039 -0.076752
v 0.538565 0.886642 -0.135824
v 0.509875 0.867908 -0.200294
v 0.510341 1.689281 -0.200731
v 0.554723 1.670772 -0.148704
v 0.537322 1.645803 -0.074036
v 0.557698 1.613482 -0.026467
v 0.582824 0.969309 -0.003362
v 0.543185 0.921038 -0.057005
v 0.514081 0.886642 -0.123025
v 0.498520 0.867908 -0.191851
v 0.499061 1.689281 -0.192189
v 0.532445 1.670772 -0.132507
v 0.574269 1.638179 -0.077218
v 0.515497 1.610929 -0.009530
v 0.531650 0.969311 0.015528
v 0.503235 0.921039 -0.044816
v 0.487576 0.886643 -0.115247
v 0.485735 0.867908 -0.185787
v 0.486331 1.689281 -0.186012
v 0.507427 1.670772 -0.120963
v 0.466818 1.610928 -0.003655
v 0.477761 0.969308 0.024067
v 0.461677 0.921038 -0.040660
v 0.460052 0.886642 -0.112792
v 0.472643 1.689281 -0.182440
v 0.472013 0.867908 -0.182335
v 0.480645 1.670772 -0.114523
v 0.498124 1.638178 -0.047438
v 0.417918 1.610926 -0.007392
v 0.423260 0.969309 0.021936
v 0.420101 0.921038 -0.044689
v 0.432594 0.886643 -0.115746
v 0.457881 0.867908 -0.181626
v 0.458520 1.689281 -0.181606
v 0.453112 1.670772 -0.113434
v 0.457178 1.638179 -0.044229
v 0.370711 1.610932 -0.020600
v 0.370212 0.969311 0.009210
v 0.380115 0.921040 -0.056748
v 0.406224 0.886642 -0.124013
v 0.444505 1.689281 -0.183543
v 0.443884 0.867908 -0.183687
v 0.425907 1.670772 -0.117734
v 0.416386 1.638179 -0.049067
v 0.365130 1.653516 -0.100431
v 0.325929 1.613484 -0.047349
v 0.390498 0.885410 -0.135992
v 0.324554 0.984000 0.004940
v 0.430557 0.867908 -0.188440
v 0.431138 1.689281 -0.188178
v 0.403895 1.671949 -0.129357
v 0.377319 1.638178 -0.061769
v 0.331201 1.645733 -0.108528
v 0.380953 0.880262 -0.164033
v 0.383627 1.676030 -0.154312
v 0.270942 1.013576 0.004339
v 0.320158 0.946260 -0.047254
v 0.356504 0.910575 -0.088500
v 0.418411 0.867908 -0.195700
v 0.270957 0.943706 -0.096621
v 0.235978 0.983997 -0.067104
v 0.284634 1.624845 -0.106647
v 0.259340 1.624846 -0.143944
v 0.322253 1.663221 -0.177882
v 0.203902 0.984000 -0.114652
v 0.243968 0.943703 -0.136786
v 0.308833 0.903741 -0.154489
v 0.399476 0.867908 -0.216547
v 0.399813 1.689281 -0.216005
v 0.225335 0.943704 -0.181431
v 0.393411 0.867908 -0.229332
v 0.241805 1.624846 -0.185460
v 0.181718 0.983997 -0.167558
v 0.364570 1.684601 -0.246680
v 0.232706 1.624846 -0.229606
v 0.303817 1.663221 -0.236884
v 0.170280 0.983999 -0.223761
v 0.215767 0.943702 -0.228870
v 0.282468 0.903741 -0.220409
v 0.389959 0.867908 -0.243053
v 0.389250 0.867908 -0.257185
v 0.284737 0.901921 -0.271178
v 0.389230 1.689281 -0.256546
v 0.232395 1.624845 -0.274672
v 0.170027 0.983999 -0.281118
v 0.215634 0.943705 -0.277254
v 0.295783 1.654759 -0.322264
v 0.240881 1.624845 -0.318937
v 0.180973 0.983997 -0.337430
v 0.224948 0.943703 -0.324733
v 0.391311 0.867908 -0.271183
v 0.298715 0.911387 -0.361479
v 0.396064 0.867908 -0.284510
v 0.295120 0.902407 -0.320532
v 0.321014 1.663222 -0.327246
v 0.257841 1.624846 -0.360693
v 0.258153 0.932342 -0.361285
v 0.225466 0.984228 -0.426653
v 0.282822 0.941642 -0.420573
v 0.153155 1.437904 -0.479667
v 0.403319 0.867908 -0.296647
v 0.402953 1.689281 -0.296135
v 0.159545 1.100372 -0.475212
v 0.325363 1.654072 -0.371956
v 0.282063 1.615528 -0.419799
v 0.428064 0.864909 -0.290037
v 0.335346 0.903699 -0.383708
v 0.363516 0.882270 -0.339197
v 0.412349 1.689281 -0.306711
v 0.368437 1.671949 -0.354394
v 0.507632 1.692278 -0.270572
v 0.510557 1.692278 -0.251575
v 0.432220 1.692278 -0.213995
v 0.425029 0.864910 -0.220440
v 0.415057 1.692278 -0.236871
v 0.413496 1.692278 -0.265427
v 0.183981 1.047312 -0.457067
v 0.183981 1.509876 -0.457067
v 0.137319 1.379872 -0.491165
v 0.127755 1.299024 -0.498269
v 0.131013 1.217403 -0.495966
v 0.253752 1.558573 -0.479591
v 0.228286 1.475608 -0.535851
v 0.184540 1.339788 -0.555683
v 0.422849 0.865786 -0.295727
v 0.181897 1.258161 -0.558673
v 0.189995 1.177328 -0.549938
v 0.271781 1.157237 -0.602742
v 0.299797 1.026495 -0.541554
v 0.301807 1.558569 -0.515755
v 0.287809 1.475605 -0.575902
v 0.272619 1.399955 -0.603194
v 0.248767 1.339792 -0.603881
v 0.246756 1.258168 -0.607329
v 0.344433 1.399953 -0.633301
v 0.321163 1.339790 -0.638625
v 0.319866 1.258163 -0.642399
v 0.343519 1.157238 -0.633019
v 0.352410 1.081587 -0.603077
v 0.359061 1.026493 -0.567540
v 0.355995 1.558567 -0.541847
v 0.339615 1.492934 -0.587376
v 0.422660 1.081587 -0.617616
v 0.422248 1.026496 -0.581468
v 0.414228 1.558569 -0.556862
v 0.424315 1.475606 -0.617786
v 0.420731 1.399955 -0.648816
v 0.398951 1.339787 -0.658577
v 0.398414 1.258163 -0.662531
v 0.498595 1.399954 -0.649147
v 0.479129 1.339797 -0.662970
v 0.479374 1.258171 -0.666954
v 0.497646 1.157238 -0.649236
v 0.494396 1.081587 -0.618171
v 0.486941 1.026497 -0.582797
v 0.474269 1.558572 -0.560226
v 0.476565 1.492936 -0.608561
v 0.564864 1.081588 -0.604720
v 0.550648 1.026496 -0.571480
v 0.533818 1.558573 -0.551814
v 0.566454 1.475606 -0.604244
v 0.575011 1.399957 -0.634284
v 0.558634 1.339782 -0.651637
v 0.559648 1.258158 -0.655495
v 0.634388 1.339793 -0.625012
v 0.636138 1.258167 -0.628599
v 0.646233 1.157239 -0.605242
v 0.630674 1.095872 -0.585562
v 0.617017 1.030147 -0.547990
v 0.590582 1.558569 -0.531951
v 0.632812 1.475608 -0.577005
v 0.647077 1.399953 -0.604795
v 0.665451 1.026496 -0.513117
v 0.642375 1.558573 -0.501390
v 0.692591 1.475608 -0.537339
v 0.711999 1.399954 -0.561815
v 0.703503 1.339784 -0.584117
v 0.705920 1.258164 -0.587292
v 0.711261 1.157236 -0.562415
v 0.682834 1.100378 -0.555526
v 0.766294 1.258171 -0.533172
v 0.766684 1.157239 -0.507726
v 0.742417 1.081584 -0.488058
v 0.712140 1.026497 -0.468310
v 0.687219 1.558568 -0.461314
v 0.743477 1.475609 -0.486777
v 0.767292 1.399953 -0.506992
v 0.763304 1.339795 -0.530528
v 0.723380 1.558569 -0.413257
v 0.783526 1.475606 -0.427254
v 0.810822 1.399954 -0.442439
v 0.811506 1.339786 -0.466298
v 0.814953 1.258166 -0.468309
v 0.810369 1.157236 -0.443277
v 0.782735 1.081584 -0.428717
v 0.749178 1.026495 -0.415268
v 0.850022 1.258162 -0.395202
v 0.840643 1.157238 -0.371549
v 0.810701 1.081586 -0.362653
v 0.775165 1.026493 -0.356004
v 0.749471 1.558567 -0.359071
v 0.811190 1.475605 -0.361066
v 0.840924 1.399953 -0.370636
v 0.846249 1.339789 -0.393902
v 0.514885 1.691402 -0.273212
v 0.825411 1.475605 -0.290748
v 0.856438 1.399959 -0.294337
v 0.866201 1.339784 -0.316118
v 0.870155 1.258161 -0.316654
v 0.856341 1.157233 -0.295283
v 0.825240 1.081587 -0.292404
v 0.789089 1.026493 -0.292821
v 0.764482 1.558573 -0.300839
v 0.856860 1.157238 -0.217423
v 0.825794 1.081585 -0.220671
v 0.790421 1.026497 -0.228125
v 0.767849 1.558573 -0.240795
v 0.825637 1.475610 -0.219018
v 0.856771 1.399954 -0.216472
v 0.870595 1.339786 -0.235936
v 0.518269 1.691402 -0.251239
v 0.874578 1.258168 -0.235693
v 0.811867 1.475606 -0.148610
v 0.841906 1.399958 -0.140050
v 0.859261 1.339785 -0.156434
v 0.863119 1.258158 -0.155418
v 0.842179 1.157235 -0.140962
v 0.812345 1.081588 -0.150205
v 0.779103 1.026495 -0.164415
v 0.759439 1.558572 -0.181250
v 0.812864 1.157241 -0.068828
v 0.785406 1.081587 -0.083719
v 0.755570 1.026492 -0.104137
v 0.739574 1.558570 -0.124485
v 0.784625 1.475609 -0.082247
v 0.812417 1.399948 -0.067982
v 0.832637 1.339794 -0.080679
v 0.836223 1.258167 -0.078928
v 0.769437 1.399951 -0.003063
v 0.791741 1.339787 -0.011563
v 0.794918 1.258162 -0.009149
v 0.770037 1.157236 -0.003804
v 0.746014 1.081583 -0.023768
v 0.720741 1.026496 -0.049614
v 0.709012 1.558574 -0.072690
v 0.747929 1.492932 -0.043924
v 0.695679 1.081581 0.027351
v 0.675942 1.026499 -0.002931
v 0.668937 1.558568 -0.027846
v 0.694399 1.475609 0.028412
v 0.714618 1.399951 0.052225
v 0.738150 1.339785 0.048240
v 0.740793 1.258162 0.051230
v 0.673921 1.339785 0.096441
v 0.675933 1.258170 0.099887
v 0.650901 1.157238 0.095304
v 0.643177 1.095871 0.071436
v 0.619534 1.030151 0.039206
v 0.620881 1.558572 0.008310
v 0.634874 1.475609 0.068460
v 0.650061 1.399954 0.095757
v 0.563630 1.026498 0.060102
v 0.566693 1.558568 0.034404
v 0.568687 1.475607 0.096124
v 0.578257 1.399958 0.125857
v 0.601523 1.339780 0.131185
v 0.602820 1.258157 0.134958
v 0.579166 1.157232 0.125577
v 0.589237 1.100383 0.098116
v 0.523741 1.339789 0.151135
v 0.524278 1.258161 0.155089
v 0.502910 1.157241 0.141276
v 0.504906 1.095868 0.116267
v 0.495392 1.030149 0.077443
v 0.508461 1.558569 0.049419
v 0.498373 1.475609 0.110342
v 0.501959 1.399952 0.141373
v 0.435750 1.026496 0.075355
v 0.448418 1.558573 0.052783
v 0.426639 1.475607 0.110572
v 0.424104 1.399954 0.141705
v 0.443556 1.339784 0.155529
v 0.443312 1.258157 0.159511
v 0.425051 1.157237 0.141794
v 0.444858 1.100379 0.120274
v 0.363040 1.258159 0.148053
v 0.348583 1.157238 0.127113
v 0.357827 1.081585 0.097276
v 0.372038 1.026495 0.064037
v 0.388867 1.558567 0.044375
v 0.356234 1.475608 0.096800
v 0.347669 1.399951 0.126841
v 0.364058 1.339785 0.144195
v 0.332112 1.558571 0.024508
v 0.289872 1.475608 0.069560
v 0.275607 1.399952 0.097350
v 0.288297 1.339786 0.117569
v 0.286548 1.258165 0.121156
v 0.276449 1.157238 0.097795
v 0.291342 1.081583 0.070337
v 0.311766 1.026494 0.040509
v 0.216773 1.258162 0.079852
v 0.223757 1.177330 0.070203
v 0.239854 1.100376 0.048081
v 0.280314 1.558574 -0.006054
v 0.251548 1.492932 0.032863
v 0.230919 1.419053 0.060804
v 0.219186 1.339785 0.076674
v 0.427656 1.691402 -0.207770
v 0.179212 1.475609 -0.020667
v 0.155401 1.399955 -0.000449
v 0.351266 0.884978 -0.172550
v 0.159384 1.339785 0.023084
v 0.407917 0.867908 -0.205191
v 0.156396 1.258168 0.025729
v 0.384786 1.684601 -0.194107
v 0.156009 1.157234 0.000284
v 0.312395 1.653422 -0.149137
v 0.180273 1.081581 -0.019387
v 0.210556 1.026499 -0.039123
v 0.235470 1.558568 -0.046129
v 0.112321 1.157236 -0.064164
v 0.139953 1.081584 -0.078729
v 0.173506 1.026498 -0.092178
v 0.178789 1.543632 -0.102158
v 0.139164 1.475609 -0.080192
v 0.111867 1.399954 -0.065004
v 0.111183 1.339785 -0.041145
v 0.107736 1.258160 -0.039135
v 0.081765 1.399953 -0.136811
v 0.328582 0.884978 -0.220848
v 0.076439 1.339784 -0.113544
v 0.374046 1.685537 -0.221640
v 0.072667 1.258162 -0.112244
v 0.082046 1.157235 -0.135901
v 0.283714 1.653423 -0.214098
v 0.111989 1.081585 -0.144789
v 0.147523 1.026498 -0.151436
v 0.154647 1.543632 -0.160200
v 0.127692 1.492936 -0.131989
v 0.097452 1.081583 -0.215040
v 0.133599 1.026496 -0.214629
v 0.142298 1.543634 -0.221823
v 0.097282 1.475609 -0.216694
v 0.066250 1.399951 -0.213108
v 0.056489 1.339790 -0.191327
v 0.052535 1.258164 -0.190789
v 0.065919 1.399955 -0.290968
v 0.328385 0.884949 -0.285414
v 0.052095 1.339783 -0.271509
v 0.048113 1.258157 -0.271754
v 0.065830 1.157237 -0.290021
v 0.282593 1.654073 -0.276478
v 0.096896 1.081585 -0.286768
v 0.132269 1.026496 -0.279316
v 0.142204 1.543633 -0.284678
v 0.106504 1.492935 -0.268939
v 0.110347 1.081586 -0.357240
v 0.143587 1.026494 -0.343026
v 0.154376 1.543633 -0.346347
v 0.110822 1.475605 -0.358831
v 0.080783 1.399956 -0.367394
v 0.063429 1.339786 -0.351008
v 0.405999 1.691402 -0.267261
v 0.059571 1.258161 -0.352025
v 0.373911 1.685452 -0.284984
v 0.357202 0.880236 -0.314923
v 0.090056 1.339785 -0.426770
v 0.086468 1.258165 -0.428518
v 0.357583 1.676951 -0.315567
v 0.109828 1.157237 -0.438615
v 0.129509 1.095866 -0.423053
v 0.235100 1.600906 -0.387076
v 0.167076 1.030147 -0.409392
v 0.178342 1.543633 -0.404448
v 0.221856 0.967089 -0.390597
v 0.138064 1.475607 -0.425195
v 0.110273 1.399952 -0.439457
v 0.203483 1.014499 -0.442770
v 0.210439 1.561931 -0.425315
v 0.167152 1.474834 -0.469405
v 0.142127 1.157750 -0.487752
v 0.387171 1.216825 -0.414273
v 0.289448 1.167404 -0.560524
v 0.251365 1.122147 -0.616891
v 0.218867 1.064553 -0.664891
v 0.184915 0.901742 -0.742675
v 0.550009 1.135204 -0.203323
v 0.441291 1.212204 -0.445952
v 0.357295 1.161457 -0.600049
v 0.321226 1.116012 -0.657582
v 0.288058 1.058462 -0.705191
v 0.268323 0.970266 -0.756432
v 0.209732 0.589014 -0.705061
v 0.564799 1.131619 -0.209453
v 0.497933 1.198607 -0.469566
v 0.394322 1.098301 -0.687876
v 0.360455 1.040913 -0.735183
v 0.298230 0.901014 -0.789770
v 0.224523 0.585429 -0.711191
v 0.579676 1.125831 -0.213241
v 0.554965 1.176547 -0.484229
v 0.527567 1.151182 -0.579204
v 0.467846 1.069688 -0.706610
v 0.433268 1.012567 -0.753723
v 0.239400 0.579641 -0.714979
v 0.594068 1.118061 -0.214543
v 0.610148 1.146885 -0.489370
v 0.538971 1.031294 -0.713044
v 0.503706 0.974528 -0.760088
v 0.457447 0.938033 -0.786813
v 0.253791 0.571871 -0.716281
v 0.607421 1.108608 -0.213309
v 0.661393 1.110754 -0.484781
v 0.651692 1.074181 -0.579563
v 0.604967 0.984577 -0.706945
v 0.569059 0.928262 -0.754035
v 0.267144 0.562418 -0.715047
v 0.550979 1.114846 -0.172574
v 0.543327 1.114168 -0.166646
v 0.531286 1.108729 -0.152560
v 0.527360 1.104178 -0.144942
v 0.524445 1.092279 -0.130012
v 0.525568 1.085389 -0.123273
v 0.538555 1.064133 -0.108942
v 0.532761 1.071040 -0.112532
v 0.600274 1.092012 -0.181148
v 0.576886 1.108569 -0.183310
v 0.568087 1.111992 -0.181069
v 0.545534 1.057762 -0.106740
v 0.593294 1.098383 -0.183350
v 0.559339 1.114112 -0.177444
v 0.606067 1.085105 -0.177558
v 0.610452 1.077928 -0.172719
v 0.613260 1.070756 -0.166817
v 0.614383 1.063866 -0.160078
v 0.585397 1.103973 -0.184080
v 0.611468 1.051967 -0.145148
v 0.602151 1.044043 -0.130202
v 0.595501 1.041977 -0.123444
v 0.553431 1.052172 -0.106010
v 0.561943 1.047577 -0.106780
v 0.587849 1.041299 -0.117516
v 0.579489 1.042033 -0.112646
v 0.570741 1.044153 -0.109021
v 0.619222 1.097836 -0.209585
v 0.706725 1.069532 -0.470665
v 0.663292 0.931341 -0.688545
v 0.626813 0.875535 -0.735803
v 0.580414 0.845361 -0.769341
v 0.278946 0.551646 -0.711323
v 0.629018 1.086158 -0.203516
v 0.744387 1.024831 -0.447539
v 0.711709 0.873633 -0.658549
v 0.674752 0.818370 -0.706090
v 0.288742 0.539968 -0.705254
v 0.636433 1.074022 -0.195334
v 0.772948 0.978344 -0.416304
v 0.748355 0.813655 -0.618116
v 0.711035 0.758977 -0.666037
v 0.602091 0.656486 -0.729639
v 0.296156 0.527832 -0.697072
v 0.641181 1.061897 -0.185354
v 0.791303 0.931868 -0.378155
v 0.771823 0.753721 -0.568792
v 0.734261 0.699624 -0.617185
v 0.300904 0.515706 -0.687092
v 0.643079 1.050246 -0.173959
v 0.798753 0.887172 -0.334564
v 0.781210 0.696146 -0.512479
v 0.743543 0.642598 -0.561409
v 0.302803 0.504056 -0.675697
v 0.642056 1.039519 -0.161587
v 0.747213 0.937450 -0.222401
v 0.795003 0.846001 -0.287201
v 0.776154 0.643124 -0.451336
v 0.738529 0.590102 -0.500850
v 0.301780 0.493329 -0.663325
v 0.638150 1.030127 -0.148714
v 0.732875 0.906101 -0.178362
v 0.780202 0.809928 -0.237885
v 0.756851 0.596704 -0.387718
v 0.719404 0.544141 -0.437841
v 0.297874 0.483937 -0.650452
v 0.631512 1.022431 -0.135835
v 0.718260 0.890532 -0.151690
v 0.754921 0.780328 -0.188522
v 0.724045 0.558668 -0.324063
v 0.686897 0.506473 -0.374806
v 0.291235 0.476241 -0.637573
v 0.622396 1.016727 -0.123443
v 0.686356 0.871973 -0.109664
v 0.720129 0.758354 -0.140998
v 0.678998 0.530482 -0.262822
v 0.642274 0.478568 -0.314155
v 0.282119 0.470537 -0.625181
v 0.611153 1.013235 -0.112016
v 0.677145 0.744823 -0.097130
v 0.623435 0.513223 -0.206343
v 0.587236 0.461480 -0.258232
v 0.270876 0.467045 -0.613754
v 0.598214 1.012088 -0.101993
v 0.627664 0.740298 -0.058634
v 0.610797 0.642330 -0.081723
v 0.559489 0.507548 -0.156806
v 0.523904 0.455874 -0.209176
v 0.257938 0.465898 -0.603731
v 0.584078 1.013330 -0.093758
v 0.573547 0.744914 -0.026964
v 0.489623 0.513685 -0.116108
v 0.454713 0.461964 -0.168881
v 0.444701 0.428175 -0.223153
v 0.243801 0.467140 -0.595496
v 0.569287 1.016914 -0.087629
v 0.516899 0.758514 -0.003348
v 0.416527 0.531396 -0.085817
v 0.382321 0.479516 -0.138886
v 0.229011 0.470724 -0.589367
v 0.554410 1.022703 -0.083840
v 0.459874 0.780576 0.011314
v 0.343005 0.560005 -0.067087
v 0.309502 0.507853 -0.120353
v 0.253691 0.438985 -0.256593
v 0.214134 0.476513 -0.585578
v 0.540019 1.030473 -0.082538
v 0.404688 0.810235 0.016451
v 0.271878 0.598401 -0.060651
v 0.239066 0.545888 -0.113989
v 0.199742 0.484282 -0.584276
v 0.240379 0.550172 -0.692810
v 0.214321 0.560310 -0.686174
v 0.193536 0.510332 -0.617672
v 0.187743 0.517239 -0.621261
v 0.200516 0.503961 -0.615470
v 0.234471 0.488232 -0.621375
v 0.216924 0.493775 -0.615510
v 0.225723 0.490352 -0.617750
v 0.180550 0.531587 -0.632002
v 0.179427 0.538478 -0.638742
v 0.180032 0.544822 -0.646058
v 0.231867 0.554767 -0.692039
v 0.182342 0.550377 -0.653672
v 0.208413 0.498371 -0.614740
v 0.186268 0.554928 -0.661289
v 0.198309 0.560367 -0.675376
v 0.191660 0.558301 -0.668618
v 0.268760 0.503721 -0.661491
v 0.223069 0.558190 -0.689799
v 0.262524 0.493615 -0.646260
v 0.242831 0.487497 -0.626245
v 0.248276 0.544581 -0.692080
v 0.265434 0.524127 -0.681449
v 0.269365 0.510065 -0.668807
v 0.266450 0.498166 -0.653877
v 0.255255 0.538210 -0.689877
v 0.250483 0.488176 -0.632173
v 0.268242 0.516955 -0.675547
v 0.257132 0.490241 -0.638931
v 0.261049 0.531304 -0.686288
v 0.526666 1.039925 -0.083773
v 0.353432 0.846367 0.011870
v 0.205884 0.645117 -0.066749
v 0.173717 0.592162 -0.120037
v 0.135982 0.512127 -0.256378
v 0.186389 0.493735 -0.585511
v 0.514864 1.050698 -0.087496
v 0.308117 0.887583 -0.002254
v 0.147560 0.698357 -0.085146
v 0.115962 0.644892 -0.138267
v 0.174588 0.504508 -0.589234
v 0.505068 1.062376 -0.093565
v 0.270445 0.932290 -0.025379
v 0.099145 0.756074 -0.115137
v 0.068021 0.702054 -0.167982
v 0.164792 0.516186 -0.595303
v 0.497654 1.074512 -0.101747
v 0.513015 1.076364 -0.109559
v 0.444603 1.063610 -0.080784
v 0.332132 1.025434 -0.056463
v 0.369534 1.040509 -0.061372
v 0.295353 1.008198 -0.054858
v 0.259553 0.988970 -0.056571
v 0.225075 0.967932 -0.061585
v 0.192252 0.945288 -0.069852
v 0.132818 0.896070 -0.095799
v 0.161401 0.921257 -0.081293
v 0.106777 0.869968 -0.113228
v 0.083531 0.843203 -0.133412
v 0.046287 0.788722 -0.181249
v 0.063302 0.816034 -0.156160
v 0.022517 0.734719 -0.237469
v 0.032647 0.761529 -0.208439
v 0.015991 0.708547 -0.268058
v 0.013135 0.683269 -0.299913
v 0.015317 0.647368 -0.349332
v 0.013973 0.659126 -0.332725
v 0.026672 0.615163 -0.399954
v 0.053597 0.578348 -0.467163
v 0.093716 0.550096 -0.531767
v 0.170368 0.526369 -0.614793
v 0.144157 0.531610 -0.590239
v 0.492906 1.086637 -0.111728
v 0.285132 1.044310 -0.081211
v 0.205887 1.016305 -0.100216
v 0.039022 0.875968 -0.204909
v 0.008507 0.820795 -0.256900
v 0.152629 0.540447 -0.613465
v 0.491007 1.098288 -0.123122
v 0.277391 1.082945 -0.118021
v 0.029638 0.933549 -0.261220
v -0.000777 0.877815 -0.312677
v 0.150731 0.552098 -0.624860
v 0.492030 1.109015 -0.135494
v 0.279239 1.118769 -0.158275
v 0.135666 1.075777 -0.231328
v 0.034695 0.986569 -0.322359
v 0.004243 0.930319 -0.373222
v 0.151754 0.562825 -0.637232
v 0.495936 1.118407 -0.148367
v 0.290614 1.150411 -0.200428
v 0.053996 1.032988 -0.385978
v 0.023371 0.976283 -0.436233
v 0.002838 0.918715 -0.457477
v 0.155660 0.572217 -0.650105
v 0.502575 1.126103 -0.161247
v 0.311061 1.176651 -0.242866
v 0.182767 1.152248 -0.346531
v 0.086802 1.071023 -0.449629
v 0.055872 1.013947 -0.499265
v 0.162298 0.579913 -0.662985
v 0.511691 1.131807 -0.173638
v 0.339808 1.196478 -0.283942
v 0.131852 1.099213 -0.510871
v 0.100498 1.041851 -0.559922
v 0.071517 0.987044 -0.578438
v 0.171414 0.585616 -0.675376
v 0.522934 1.135299 -0.185065
v 0.187419 1.116474 -0.567354
v 0.155537 1.058941 -0.615845
v 0.182658 0.589109 -0.686803
v 0.535872 1.136446 -0.195089
v 0.337113 1.192670 -0.524886
v 0.202607 0.978581 -0.720914
v 0.185554 0.834805 -0.756133
v 0.195596 0.590256 -0.696827
v 0.520611 1.183158 -0.289387
v 0.496484 1.203169 -0.359909
v 0.230561 0.896885 -0.768249
v 0.219961 0.635187 -0.738209
v 0.536227 1.192582 -0.379504
v 0.259351 0.785198 -0.791733
v 0.252348 0.704398 -0.777536
v 0.546097 1.162989 -0.256645
v 0.221981 0.758038 -0.774309
v 0.209016 0.696339 -0.756391
v 0.217588 0.577461 -0.702182
v 0.559514 1.127387 -0.196889
v 0.584792 1.161635 -0.309483
v 0.583999 1.172509 -0.385882
v 0.308821 0.766111 -0.804510
v 0.290036 0.688231 -0.785499
v 0.262717 0.621751 -0.750537
v 0.246393 0.647229 -0.755255
v 0.230438 0.573356 -0.706429
v 0.572377 1.123365 -0.201235
v 0.569047 1.154201 -0.260728
v 0.555415 1.180574 -0.335107
v 0.623168 1.150116 -0.392231
v 0.356730 0.740414 -0.809030
v 0.326091 0.667212 -0.787072
v 0.286491 0.607693 -0.751352
v 0.595750 1.143111 -0.268680
v 0.243105 0.567439 -0.708581
v 0.585071 1.117528 -0.203490
v 0.651152 1.121212 -0.323027
v 0.664303 1.119438 -0.382575
v 0.401232 0.709098 -0.805116
v 0.359139 0.642151 -0.782199
v 0.308237 0.590961 -0.747889
v 0.255110 0.559949 -0.708567
v 0.597103 1.110107 -0.203572
v 0.619021 1.128364 -0.268407
v 0.627583 1.142970 -0.343123
v 0.696762 1.088393 -0.374954
v 0.440598 0.673363 -0.792919
v 0.387918 0.613983 -0.771056
v 0.327079 0.572265 -0.740312
v 0.265978 0.551163 -0.706372
v 0.608040 1.101364 -0.201473
v 0.640041 1.111133 -0.263908
v 0.724922 1.053169 -0.355702
v 0.473335 0.634587 -0.772909
v 0.411296 0.583830 -0.754088
v 0.342340 0.552251 -0.728879
v 0.275303 0.541416 -0.702084
v 0.617431 1.091654 -0.197269
v 0.657985 1.092092 -0.255347
v 0.687438 1.089985 -0.326038
v 0.745810 1.016803 -0.330293
v 0.498186 0.594257 -0.745852
v 0.428411 0.552826 -0.731935
v 0.353415 0.531749 -0.714065
v 0.282706 0.531082 -0.695860
v 0.624932 1.081352 -0.191142
v 0.672206 1.071933 -0.243046
v 0.709805 1.060172 -0.308754
v 0.758603 0.980720 -0.299680
v 0.514181 0.553920 -0.712789
v 0.438567 0.522165 -0.705451
v 0.359878 0.511498 -0.696406
v 0.630263 1.070828 -0.183303
v 0.287922 0.520581 -0.687965
v 0.682118 1.051478 -0.227504
v 0.725901 1.029665 -0.286457
v 0.717749 0.996959 -0.220389
v 0.760878 0.946734 -0.260076
v 0.520706 0.515133 -0.674997
v 0.441398 0.493038 -0.675662
v 0.361483 0.492310 -0.676607
v 0.290748 0.510282 -0.678669
v 0.633193 1.060531 -0.174080
v 0.684383 1.034862 -0.209040
v 0.735122 0.999623 -0.260008
v 0.758692 0.886165 -0.211970
v 0.517525 0.479378 -0.633917
v 0.436788 0.466546 -0.643696
v 0.358166 0.474888 -0.655392
v 0.676760 1.020155 -0.181223
v 0.291068 0.500612 -0.668361
v 0.705437 0.954228 -0.165523
v 0.504754 0.448034 -0.591130
v 0.424922 0.443719 -0.610795
v 0.350057 0.459939 -0.633618
v 0.288873 0.491917 -0.657407
v 0.631546 1.042071 -0.152867
v 0.681210 0.999858 -0.168781
v 0.723445 0.958650 -0.193739
v 0.713393 0.840939 -0.132012
v 0.482884 0.422311 -0.548291
v 0.406236 0.425429 -0.578216
v 0.337466 0.448020 -0.612105
v 0.663694 0.992688 -0.142458
v 0.284260 0.484539 -0.646244
v 0.669963 0.926410 -0.111180
v 0.452743 0.403188 -0.507042
v 0.381470 0.412385 -0.547220
v 0.320896 0.439600 -0.591703
v 0.277389 0.478778 -0.635313
v 0.620254 1.028789 -0.130750
v 0.659739 0.974694 -0.126822
v 0.694635 0.921395 -0.133644
v 0.661189 0.840147 -0.080595
v 0.415501 0.391403 -0.468960
v 0.351555 0.405085 -0.518994
v 0.300945 0.434981 -0.573147
v 0.642901 0.963221 -0.104830
v 0.268516 0.474840 -0.625011
v 0.611467 1.024762 -0.120406
v 0.614978 0.902215 -0.060093
v 0.618934 0.842173 -0.049981
v 0.372593 0.387409 -0.435506
v 0.317675 0.403807 -0.494624
v 0.278398 0.434355 -0.557175
v 0.258012 0.472876 -0.615749
v 0.601035 1.022709 -0.111096
v 0.622275 0.959597 -0.086902
v 0.645432 0.887280 -0.076879
v 0.579132 0.842806 -0.027834
v 0.325672 0.391359 -0.407983
v 0.281097 0.408601 -0.475026
v 0.254154 0.437732 -0.544399
v 0.246252 0.472958 -0.607860
v 0.589320 1.022704 -0.103146
v 0.599288 0.959991 -0.071737
v 0.546876 0.916074 -0.028994
v 0.532791 0.859634 -0.010571
v 0.276509 0.403108 -0.387430
v 0.243242 0.419286 -0.460990
v 0.229074 0.445012 -0.535319
v 0.233711 0.475096 -0.601683
v 0.576807 1.024754 -0.096889
v 0.574809 0.964362 -0.059894
v 0.575580 0.892030 -0.034683
v 0.490421 0.872986 -0.000529
v 0.227037 0.422192 -0.374655
v 0.205560 0.435448 -0.453027
v 0.204175 0.455894 -0.530280
v 0.220866 0.479196 -0.597435
v 0.563955 1.028761 -0.092538
v 0.549766 0.972549 -0.051826
v 0.447821 0.897120 0.002100
v 0.179131 0.447885 -0.370139
v 0.169497 0.456472 -0.451452
v 0.180442 0.469939 -0.529474
v 0.551259 1.034601 -0.090286
v 0.208173 0.485121 -0.595278
v 0.525133 0.984248 -0.047852
v 0.501354 0.919596 -0.014349
v 0.408576 0.926107 -0.002845
v 0.134631 0.479205 -0.374044
v 0.136455 0.481536 -0.456334
v 0.158686 0.486670 -0.532935
v 0.196183 0.492607 -0.595295
v 0.539225 1.042022 -0.090204
v 0.501863 0.998997 -0.048125
v 0.466134 0.940747 -0.013492
v 0.374216 0.958849 -0.015181
v 0.095257 0.514939 -0.386252
v 0.107680 0.509698 -0.467477
v 0.139840 0.505376 -0.540516
v 0.528290 1.050767 -0.092307
v 0.185321 0.501393 -0.597494
v 0.480858 1.016220 -0.052628
v 0.434027 0.965790 -0.018977
v 0.416791 1.029859 -0.052094
v 0.347950 0.998626 -0.036514
v 0.130679 0.519198 -0.551356
v 0.065033 0.552222 -0.382442
v 0.175992 0.511146 -0.601784
v 0.518885 1.060477 -0.096500
v 0.467365 1.034949 -0.061951
v 0.406270 0.993738 -0.030578
v 0.388346 1.047487 -0.064649
v 0.130938 0.534900 -0.576993
v 0.461422 1.061262 -0.079927
v 0.033050 0.602082 -0.366931
v 0.064884 0.555182 -0.446939
v 0.095412 0.531472 -0.499867
v 0.168585 0.521471 -0.608000
v 0.041158 0.605155 -0.489407
v 0.018015 0.636972 -0.442814
v 0.340253 1.058432 -0.077921
v 0.332998 1.090886 -0.108327
v 0.413778 1.098405 -0.108886
v 0.008906 0.678253 -0.481575
v 0.033548 0.639964 -0.522135
v 0.077293 0.585945 -0.557988
v 0.160540 0.542268 -0.625181
v 0.503131 1.091613 -0.119710
v 0.034533 0.672354 -0.558063
v 0.160227 0.551950 -0.635512
v 0.333744 1.121118 -0.141742
v 0.009986 0.716682 -0.524142
v 0.483214 1.123178 -0.148172
v 0.342466 1.147972 -0.176893
v 0.420227 1.137775 -0.156117
v 0.021209 0.750781 -0.568869
v 0.044081 0.701084 -0.595816
v 0.079703 0.633126 -0.610987
v 0.162422 0.560636 -0.646457
v 0.167030 0.568019 -0.657614
v 0.099552 0.655719 -0.652002
v 0.509302 1.117501 -0.152073
v 0.358826 1.170389 -0.212391
v 0.042155 0.779243 -0.614060
v 0.061817 0.725052 -0.633931
v 0.441498 1.178717 -0.228882
v 0.382206 1.187533 -0.246911
v 0.072016 0.800968 -0.657963
v 0.087065 0.743318 -0.670942
v 0.173904 0.573782 -0.668551
v 0.148425 0.698869 -0.716731
v 0.182771 0.577715 -0.678848
v 0.126585 0.674646 -0.690149
v 0.467833 1.172830 -0.226563
v 0.411690 1.198730 -0.279095
v 0.123386 0.735318 -0.705348
v 0.141977 0.820469 -0.726266
v 0.169625 0.757124 -0.745314
v 0.290643 1.190457 -0.492026
v 0.193285 0.579679 -0.688117
v 0.535295 1.129427 -0.182686
v 0.153553 0.958794 -0.695787
v 0.484122 1.186370 -0.267235
v 0.449713 1.208227 -0.330376
v 0.210141 0.560677 -0.683739
v 0.183847 0.684365 -0.737465
v 0.181902 0.632401 -0.714432
v 0.547002 1.129434 -0.190633
v 0.520894 1.165744 -0.240636
v 0.614081 1.060694 -0.156419
v 0.609505 1.049691 -0.141339
v 0.530568 1.074628 -0.114951
v 0.181954 0.528002 -0.629051
v 0.524748 1.095451 -0.133670
v 0.533982 1.110416 -0.156224
v 0.145037 0.900742 -0.713130
v 0.337929 1.210360 -0.428710
v 0.257525 1.166081 -0.537410
v 0.218488 1.120787 -0.593104
v 0.186312 1.063206 -0.641351
v 0.424504 1.215341 -0.413649
v 0.389507 1.201721 -0.510017
v 0.303833 1.144882 -0.610946
v 0.208273 0.566969 -0.687895
v 0.268699 1.093191 -0.663591
v 0.238500 1.030281 -0.706079
v 0.317544 0.997495 -0.756673
v 0.263728 0.864227 -0.787723
v 0.477761 1.206512 -0.440168
v 0.453723 1.188446 -0.539117
v 0.419624 1.159714 -0.607758
v 0.374965 1.133025 -0.646267
v 0.340526 1.081211 -0.699249
v 0.490380 1.134711 -0.628521
v 0.447919 1.109986 -0.670662
v 0.414196 1.057936 -0.723875
v 0.388304 0.972619 -0.777576
v 0.353094 0.902255 -0.800147
v 0.322544 0.844154 -0.805762
v 0.532396 1.189310 -0.458494
v 0.508206 1.176952 -0.535376
v 0.416807 0.870438 -0.808719
v 0.380165 0.815951 -0.814139
v 0.586308 1.164394 -0.467937
v 0.582561 1.133341 -0.566513
v 0.559482 1.100011 -0.637614
v 0.519896 1.076655 -0.683185
v 0.486871 1.024275 -0.736508
v 0.624284 1.056947 -0.634687
v 0.588126 1.034309 -0.683361
v 0.555760 0.981497 -0.736681
v 0.522310 0.895060 -0.784034
v 0.476607 0.830888 -0.806217
v 0.434398 0.780689 -0.812537
v 0.637433 1.132721 -0.468121
v 0.629791 1.111379 -0.546451
v 0.530188 0.785126 -0.792737
v 0.483152 0.739735 -0.801014
v 0.683797 1.095510 -0.459062
v 0.695643 1.047748 -0.550022
v 0.682289 1.007180 -0.619849
v 0.649987 0.984579 -0.671178
v 0.618216 0.931280 -0.724367
v 0.703103 0.929377 -0.647104
v 0.671842 0.875540 -0.700047
v 0.629531 0.790842 -0.743293
v 0.583754 0.748683 -0.766167
v 0.531145 0.693731 -0.777550
v 0.723628 1.054185 -0.441086
v 0.740729 0.997452 -0.525850
v 0.731277 0.952618 -0.593670
v 0.556994 0.647175 -0.750345
v 0.755385 1.010343 -0.414899
v 0.775761 0.944678 -0.492157
v 0.769357 0.895358 -0.557163
v 0.745433 0.870813 -0.612070
v 0.714574 0.816408 -0.664660
v 0.667756 0.733606 -0.706903
v 0.617883 0.707919 -0.737607
v 0.744772 0.756164 -0.619562
v 0.693628 0.675826 -0.661558
v 0.634665 0.628950 -0.693584
v 0.579256 0.599141 -0.713146
v 0.777858 0.965654 -0.381501
v 0.799384 0.891469 -0.450253
v 0.795071 0.837590 -0.511726
v 0.775353 0.811159 -0.567410
v 0.790169 0.921865 -0.342173
v 0.810701 0.839850 -0.401737
v 0.807429 0.781557 -0.459098
v 0.791703 0.752673 -0.514859
v 0.761273 0.697127 -0.566485
v 0.706150 0.619755 -0.609011
v 0.646270 0.577272 -0.645202
v 0.590468 0.552385 -0.669850
v 0.763445 0.641561 -0.507469
v 0.704839 0.567531 -0.551284
v 0.645140 0.529131 -0.592027
v 0.590203 0.508708 -0.622121
v 0.791862 0.880621 -0.298432
v 0.809271 0.791815 -0.348475
v 0.805953 0.729386 -0.401313
v 0.793871 0.697659 -0.456413
v 0.620714 1.057384 -0.158740
v 0.795154 0.749201 -0.292523
v 0.790705 0.683109 -0.340586
v 0.781754 0.648163 -0.394338
v 0.751204 0.591607 -0.444786
v 0.689762 0.521171 -0.490580
v 0.631305 0.486370 -0.536101
v 0.578470 0.469776 -0.571777
v 0.782860 0.843533 -0.251948
v 0.661478 0.482442 -0.429234
v 0.605318 0.450653 -0.479589
v 0.555709 0.437098 -0.520777
v 0.763513 0.812015 -0.204523
v 0.768888 0.713661 -0.236015
v 0.762266 0.644482 -0.279256
v 0.755838 0.606147 -0.331006
v 0.615421 1.044658 -0.141297
v 0.725017 0.549177 -0.380842
v 0.731484 0.686549 -0.181129
v 0.721731 0.615001 -0.219672
v 0.717106 0.573192 -0.268860
v 0.685903 0.515916 -0.318089
v 0.621086 0.452843 -0.369619
v 0.568154 0.423329 -0.424643
v 0.522825 0.411931 -0.471069
v 0.734563 0.787288 -0.157968
v 0.570130 0.433506 -0.314014
v 0.521252 0.405460 -0.373383
v 0.481042 0.395231 -0.424561
v 0.697128 0.770300 -0.114081
v 0.684387 0.668909 -0.129987
v 0.670660 0.595798 -0.164129
v 0.667049 0.550570 -0.210288
v 0.635340 0.493073 -0.258954
v 0.611018 0.587608 -0.114763
v 0.607588 0.539149 -0.157535
v 0.575298 0.481559 -0.205690
v 0.510576 0.425179 -0.264556
v 0.466422 0.397732 -0.327775
v 0.431993 0.387650 -0.383048
v 0.652636 0.761687 -0.074536
v 0.646987 0.681957 -0.090651
v 0.405759 0.400438 -0.289585
v 0.377558 0.389476 -0.348115
v 0.602811 0.761800 -0.040867
v 0.568614 0.664361 -0.046526
v 0.545083 0.590742 -0.073465
v 0.541011 0.539375 -0.112630
v 0.508062 0.481792 -0.160360
v 0.469879 0.551235 -0.077303
v 0.436248 0.493789 -0.124689
v 0.375055 0.442389 -0.191384
v 0.351853 0.417381 -0.248236
v 0.316685 0.402434 -0.314992
v 0.549560 0.770631 -0.014359
v 0.504402 0.677639 -0.017425
v 0.475400 0.605089 -0.041825
v 0.261019 0.420706 -0.303078
v 0.494920 0.787833 0.003970
v 0.439225 0.700722 0.001648
v 0.404660 0.630093 -0.021059
v 0.396923 0.574276 -0.052907
v 0.362573 0.517056 -0.100072
v 0.304296 0.467269 -0.170479
v 0.299074 0.437178 -0.226663
v 0.324952 0.607610 -0.040378
v 0.289898 0.550723 -0.087434
v 0.235159 0.501854 -0.161241
v 0.220448 0.472014 -0.218589
v 0.199451 0.452476 -0.289973
v 0.441006 0.812751 0.013411
v 0.375558 0.732743 0.009968
v 0.335548 0.664794 -0.011965
v 0.149165 0.484166 -0.296302
v 0.389883 0.844425 0.013603
v 0.315883 0.772456 0.007209
v 0.270742 0.707855 -0.014894
v 0.256725 0.649961 -0.040200
v 0.221011 0.593491 -0.087267
v 0.170285 0.544825 -0.164023
v 0.170966 0.506391 -0.215126
v 0.158557 0.643712 -0.099576
v 0.112184 0.594521 -0.178714
v 0.099316 0.553478 -0.248360
v 0.100413 0.525122 -0.307822
v 0.343514 0.881634 0.004539
v 0.262470 0.818341 -0.006522
v 0.212736 0.757624 -0.029731
v 0.194863 0.699691 -0.052384
v 0.303690 0.922959 -0.013432
v 0.217385 0.868637 -0.030697
v 0.163754 0.812187 -0.055904
v 0.141744 0.754893 -0.076458
v 0.104929 0.699457 -0.123896
v 0.063073 0.649042 -0.204757
v 0.054015 0.603694 -0.272298
v 0.059010 0.570209 -0.328823
v 0.062193 0.758587 -0.159289
v 0.037843 0.705364 -0.216312
v 0.027289 0.655844 -0.280381
v 0.271934 0.966804 -0.039621
v 0.206319 0.919628 -0.050511
v 0.148073 0.867834 -0.074773
v 0.099413 0.813451 -0.111496
v 0.524117 1.073503 -0.110775
v 0.158738 0.974616 -0.106286
v 0.099954 0.927210 -0.137853
v 0.111380 0.558757 -0.582030
v 0.069494 0.873112 -0.156155
v 0.163365 0.531979 -0.615897
v 0.032000 0.818833 -0.204381
v 0.480629 1.085991 -0.105938
v -0.001025 0.764055 -0.286487
v 0.390900 1.083122 -0.092673
v -0.005165 0.709657 -0.347517
v 0.004303 0.665714 -0.395693
v 0.249455 1.011485 -0.073025
v -0.013550 0.820128 -0.339038
v -0.016772 0.761332 -0.395895
v -0.006910 0.712479 -0.438983
v 0.216805 1.060614 -0.128654
v 0.147423 1.026231 -0.154798
v 0.087594 0.983252 -0.190481
v 0.053147 0.931586 -0.208702
v 0.015501 0.877873 -0.257455
v 0.089069 1.035413 -0.248262
v 0.110353 0.595188 -0.620991
v 0.050979 0.986616 -0.267151
v 0.482244 1.106196 -0.127508
v 0.013327 0.933434 -0.316472
v -0.012245 0.872354 -0.396774
v 0.391028 1.131127 -0.145019
v -0.015639 0.809474 -0.449073
v -0.006643 0.756157 -0.486713
v 0.218160 1.102674 -0.175352
v 0.164218 1.069777 -0.185416
v -0.001812 0.852228 -0.504984
v 0.005093 0.795082 -0.537053
v 0.230626 1.139959 -0.224395
v 0.162968 1.116880 -0.264022
v 0.104320 1.081701 -0.308996
v 0.063091 1.036094 -0.329225
v 0.025570 0.983390 -0.379153
v 0.132754 1.120319 -0.370314
v 0.133986 0.627144 -0.671855
v 0.089011 1.078120 -0.392559
v 0.051754 1.025817 -0.443099
v 0.031120 0.957441 -0.518818
v 0.413375 1.162979 -0.193791
v 0.024180 0.887950 -0.561500
v 0.027848 0.827762 -0.588060
v 0.253728 1.171043 -0.273907
v 0.197122 1.149153 -0.294142
v 0.061340 0.915271 -0.616447
v 0.060739 0.852938 -0.637762
v 0.286585 1.194729 -0.321969
v 0.226634 1.179537 -0.375417
v 0.173287 1.149801 -0.429905
v 0.127746 1.111081 -0.454695
v 0.528065 1.114897 -0.158514
v 0.090874 1.059090 -0.505841
v 0.505472 1.137486 -0.177459
v 0.166847 0.622566 -0.696820
v 0.177802 1.133701 -0.513273
v 0.141430 1.081920 -0.564990
v 0.499645 1.155956 -0.207438
v 0.122473 1.006380 -0.634046
v 0.107489 0.946693 -0.658717
v 0.392547 1.208358 -0.315527
v 0.106255 0.875110 -0.686828
v 0.327927 1.210110 -0.366750
v 0.118532 0.793198 -0.708555
v 0.273741 1.197178 -0.426566
v 0.224360 1.169007 -0.485451
v 0.142282 0.860893 -0.721246
v 0.369893 1.214838 -0.370617
v 0.313887 1.202339 -0.460663
v 0.167638 1.013049 -0.671104
v 0.047365 1.665267 -0.870665
v 0.026959 1.509700 -0.964236
v 0.012993 1.431327 -0.982665
v -0.003135 1.351257 -0.985409
v -0.028823 1.177108 -0.933255
v 0.061569 1.787700 -0.620680
v 0.107507 1.652366 -0.857722
v 0.102260 1.493518 -0.947816
v 0.090523 1.414666 -0.965742
v 0.073643 1.334749 -0.968637
v 0.063121 1.233916 -0.945952
v -0.095315 0.989734 -0.687694
v 0.076248 1.784270 -0.614202
v 0.163840 1.639211 -0.833077
v 0.163067 1.397707 -0.933731
v 0.145484 1.317961 -0.936920
v 0.089567 1.169414 -0.901912
v -0.080637 0.986304 -0.681216
v 0.089353 1.780914 -0.604919
v 0.214156 1.626353 -0.797664
v 0.232698 1.537929 -0.845121
v 0.227838 1.381120 -0.887857
v 0.209621 1.301536 -0.891478
v -0.067531 0.982948 -0.671934
v 0.100382 1.777760 -0.593189
v 0.256566 1.614243 -0.752841
v 0.282348 1.365531 -0.829886
v 0.263594 1.286104 -0.834059
v 0.229980 1.232241 -0.846537
v -0.056502 0.979795 -0.660204
v 0.108911 1.774931 -0.579462
v 0.289398 1.603383 -0.700350
v 0.320233 1.511163 -0.731296
v 0.324500 1.351562 -0.762050
v 0.305330 1.272267 -0.766870
v -0.047974 0.976965 -0.646476
v -0.005701 1.802034 -0.564646
v 0.006768 1.800817 -0.579344
v 0.014844 1.799670 -0.584598
v 0.074892 1.786764 -0.571490
v 0.042660 1.794636 -0.589774
v 0.051937 1.792642 -0.587749
v -0.009614 1.802058 -0.555767
v 0.068369 1.788629 -0.578428
v 0.033142 1.796519 -0.589915
v 0.020888 1.790854 -0.493765
v -0.010482 1.799823 -0.527130
v -0.012051 1.800931 -0.536641
v 0.083307 1.783672 -0.554384
v 0.084877 1.782565 -0.544873
v 0.084584 1.781811 -0.535203
v 0.082439 1.781438 -0.525747
v 0.078526 1.781462 -0.516868
v 0.066057 1.782679 -0.502170
v 0.079936 1.785090 -0.563372
v 0.049075 1.785277 -0.493346
v 0.039683 1.786976 -0.491598
v 0.030166 1.788859 -0.491740
v 0.060618 1.790614 -0.583917
v 0.012207 1.792882 -0.497596
v 0.004456 1.794867 -0.503086
v -0.002067 1.796732 -0.510024
v -0.007111 1.798406 -0.518142
v 0.114612 1.772534 -0.564265
v 0.311416 1.594171 -0.642188
v 0.352677 1.339709 -0.686943
v 0.333223 1.260526 -0.692478
v 0.304259 1.206426 -0.713014
v -0.042273 0.974568 -0.631280
v 0.117265 1.770661 -0.548183
v 0.321769 1.586962 -0.580593
v 0.365793 1.330447 -0.607459
v 0.346197 1.251358 -0.613762
v -0.039620 0.972696 -0.615197
v 0.116770 1.769386 -0.531833
v 0.320054 1.582039 -0.517941
v 0.363346 1.324144 -0.526657
v 0.343761 1.245121 -0.533740
v 0.261281 1.106280 -0.552233
v -0.040115 0.971420 -0.598848
v 0.113144 1.768756 -0.515845
v 0.306343 1.579588 -0.456640
v 0.345431 1.321032 -0.447640
v 0.326008 1.242045 -0.455488
v -0.043741 0.970790 -0.582859
v 0.106527 1.768796 -0.500831
v 0.281162 1.579696 -0.399033
v 0.312733 1.321227 -0.373439
v 0.293610 1.242237 -0.382007
v -0.050357 0.970830 -0.567846
v 0.097174 1.769504 -0.487370
v 0.193263 1.679884 -0.398436
v 0.245479 1.582373 -0.347351
v 0.266511 1.324727 -0.306910
v 0.247822 1.245701 -0.316128
v -0.059710 0.971539 -0.554384
v 0.085444 1.770854 -0.475978
v 0.152479 1.684831 -0.360474
v 0.200657 1.587509 -0.303562
v 0.208539 1.331392 -0.250607
v 0.190399 1.252308 -0.260378
v -0.071440 0.972888 -0.542993
v 0.071788 1.772793 -0.467094
v 0.123559 1.688913 -0.342764
v 0.148424 1.594903 -0.269356
v 0.141054 1.340987 -0.206699
v 0.123562 1.261813 -0.216903
v -0.085097 0.974827 -0.534109
v 0.056730 1.775246 -0.461059
v 0.071834 1.697566 -0.323318
v 0.090786 1.604276 -0.246049
v 0.066638 1.353108 -0.176867
v 0.049860 1.273825 -0.187372
v -0.100154 0.977280 -0.528073
v 0.040850 1.778120 -0.458104
v 0.029967 1.615270 -0.234543
v -0.011847 1.367312 -0.162261
v -0.027875 1.287883 -0.172923
v -0.116035 0.980155 -0.525118
v 0.024757 1.781304 -0.458343
v -0.031713 1.627455 -0.235271
v -0.055929 1.539604 -0.189354
v -0.091382 1.383045 -0.163441
v -0.106638 1.303474 -0.174103
v -0.132128 0.983339 -0.525358
v 0.009070 1.784676 -0.461768
v -0.091858 1.640368 -0.248209
v -0.168911 1.399712 -0.180363
v -0.183418 1.319975 -0.190875
v -0.172321 1.257214 -0.202055
v -0.147815 0.986710 -0.528782
v -0.005609 1.788106 -0.468246
v -0.148177 1.653512 -0.272858
v -0.241456 1.416660 -0.212375
v -0.255257 1.336765 -0.222591
v -0.162493 0.990140 -0.535260
v -0.018714 1.791462 -0.477528
v -0.198510 1.666380 -0.308274
v -0.306228 1.433247 -0.258248
v -0.319399 1.353186 -0.268036
v -0.313819 1.200035 -0.322189
v -0.175599 0.993496 -0.544543
v -0.029743 1.794616 -0.489258
v -0.240905 1.678481 -0.353092
v -0.360737 1.448837 -0.316220
v -0.373369 1.368628 -0.325453
v -0.186628 0.996650 -0.556273
v -0.166182 0.989320 -0.586090
v -0.093014 0.973594 -0.570118
v -0.109995 0.976191 -0.561294
v -0.119388 0.977891 -0.559547
v -0.086076 0.972795 -0.576855
v -0.128905 0.979774 -0.559688
v -0.080545 0.972377 -0.584816
v -0.138183 0.981768 -0.561714
v -0.146864 0.983797 -0.565545
v -0.098453 0.981528 -0.651866
v -0.074487 0.972726 -0.603152
v -0.154615 0.985782 -0.571034
v -0.074194 0.973480 -0.612821
v -0.075763 0.974587 -0.622332
v -0.135321 0.989134 -0.656116
v -0.144226 0.990585 -0.652547
v -0.076632 0.972353 -0.593695
v -0.079135 0.976005 -0.631320
v -0.152303 0.991732 -0.647292
v -0.168685 0.992972 -0.623715
v -0.161138 0.987647 -0.577972
v -0.084179 0.977678 -0.639438
v -0.125929 0.987434 -0.657864
v -0.101090 0.974740 -0.564864
v -0.169553 0.990738 -0.595078
v -0.164772 0.992949 -0.632594
v -0.159240 0.992530 -0.640555
v -0.090702 0.979543 -0.646376
v -0.107134 0.983557 -0.655697
v -0.171122 0.991845 -0.604589
v -0.038272 1.797445 -0.502986
v -0.273741 1.689343 -0.405583
v -0.402891 1.462818 -0.384062
v -0.415107 1.382468 -0.392653
v -0.396741 1.225417 -0.430284
v -0.195157 0.999480 -0.570000
v -0.043973 1.799842 -0.518182
v -0.295760 1.698559 -0.463752
v -0.431065 1.474666 -0.459162
v -0.442996 1.394204 -0.467029
v -0.200857 1.001877 -0.585197
v -0.046626 1.801715 -0.534265
v -0.306112 1.705764 -0.525337
v -0.444181 1.483925 -0.538641
v -0.455974 1.403369 -0.545746
v -0.203511 1.003749 -0.601279
v -0.028944 1.802338 -0.548462
v -0.046130 1.802990 -0.550614
v -0.103489 1.798003 -0.558218
v -0.181254 1.778601 -0.569272
v -0.218418 1.763200 -0.574916
v -0.253895 1.744178 -0.580558
v -0.287342 1.721719 -0.586145
v -0.346880 1.667382 -0.596934
v -0.318437 1.696038 -0.591621
v -0.394745 1.602278 -0.606870
v -0.372398 1.636028 -0.602034
v -0.429098 1.528909 -0.615572
v -0.413706 1.566456 -0.611398
v -0.448618 1.450093 -0.622704
v -0.440773 1.489996 -0.619353
v -0.452558 1.409585 -0.625593
v -0.452554 1.368862 -0.627992
v -0.440756 1.288336 -0.631234
v -0.448608 1.328315 -0.629879
v -0.422291 1.230079 -0.632313
v -0.429076 1.249308 -0.632045
v -0.394712 1.175599 -0.632008
v -0.346836 1.110024 -0.629771
v -0.287290 1.055099 -0.625418
v -0.219969 1.013441 -0.619293
v -0.186922 0.998813 -0.615944
v -0.042505 1.803620 -0.566603
v -0.241480 1.749206 -0.624416
v -0.304769 1.699298 -0.654896
v -0.423821 1.493330 -0.698472
v -0.435781 1.412681 -0.704030
v -0.199389 1.005654 -0.633617
v -0.035888 1.803580 -0.581616
v -0.221238 1.749428 -0.674376
v -0.391123 1.493141 -0.772667
v -0.403388 1.412493 -0.777505
v -0.192773 1.005615 -0.648631
v -0.026535 1.802872 -0.595077
v -0.191846 1.747437 -0.719554
v -0.285653 1.636115 -0.800846
v -0.344901 1.489627 -0.839202
v -0.357597 1.409014 -0.843390
v -0.183420 1.004906 -0.662092
v -0.014805 1.801522 -0.606469
v -0.154427 1.743328 -0.758162
v -0.286929 1.482969 -0.895500
v -0.300180 1.402413 -0.899135
v -0.319532 1.343218 -0.881553
v -0.171690 1.003557 -0.673483
v -0.001149 1.799583 -0.615353
v -0.110448 1.737245 -0.788737
v -0.172141 1.621425 -0.891591
v -0.219441 1.473392 -0.939407
v -0.233336 1.392928 -0.942608
v -0.158034 1.001618 -0.682368
v 0.013909 1.797130 -0.621389
v -0.061565 1.729432 -0.810104
v -0.145025 1.461258 -0.969240
v -0.159630 1.380910 -0.972140
v -0.186832 1.323645 -0.959159
v -0.142976 0.999164 -0.688403
v 0.029789 1.794256 -0.624344
v -0.066541 1.447054 -0.983845
v -0.081902 1.366830 -0.986591
v -0.127095 0.996290 -0.691358
v 0.045882 1.791072 -0.624104
v 0.054868 1.562074 -0.938611
v -0.007878 1.249478 -0.965089
v -0.036315 1.121329 -0.894599
v -0.111002 0.993106 -0.691119
v 0.090103 1.756125 -0.714268
v 0.109209 1.716774 -0.777851
v 0.021136 1.166324 -0.921077
v -0.060148 1.001657 -0.731919
v 0.149984 1.704764 -0.761479
v 0.032444 1.078636 -0.843373
v 0.001791 1.030321 -0.784155
v 0.090827 1.769936 -0.670263
v -0.013538 1.063323 -0.834026
v -0.046884 1.029585 -0.788791
v -0.092689 0.985353 -0.674384
v 0.064647 1.788710 -0.607170
v 0.149249 1.741501 -0.678605
v 0.188897 1.696876 -0.727536
v 0.076160 1.067468 -0.812709
v 0.033835 1.021893 -0.758759
v -0.021040 0.993261 -0.708183
v -0.026833 1.004263 -0.736187
v -0.080680 0.982414 -0.667498
v 0.076724 1.785766 -0.600399
v 0.110224 1.766050 -0.655082
v 0.141456 1.730820 -0.719871
v 0.220013 1.685523 -0.696284
v 0.112997 1.056958 -0.773873
v 0.060295 1.014051 -0.727381
v -0.003769 0.988109 -0.687254
v 0.134145 1.758758 -0.638575
v -0.070269 0.979596 -0.658339
v 0.087221 1.782940 -0.591352
v 0.202844 1.718613 -0.625439
v 0.243054 1.679696 -0.649763
v 0.141556 1.047524 -0.728369
v 0.080132 1.007126 -0.691307
v 0.009092 0.983563 -0.663245
v -0.061839 0.977009 -0.647270
v 0.095746 1.780342 -0.580341
v 0.150333 1.753749 -0.616836
v 0.197787 1.714949 -0.662781
v 0.259710 1.670340 -0.608430
v 0.160736 1.039518 -0.677926
v 0.092585 1.001357 -0.651840
v 0.017063 0.979798 -0.637062
v -0.055732 0.974755 -0.634714
v 0.101964 1.778069 -0.567843
v 0.161964 1.749398 -0.592262
v 0.266087 1.665024 -0.560101
v 0.169794 1.033250 -0.624496
v 0.097194 0.996989 -0.610568
v 0.019824 0.976957 -0.609700
v -0.052176 0.972915 -0.621146
v 0.105639 1.776212 -0.554326
v 0.168620 1.745864 -0.565748
v 0.227967 1.702715 -0.587782
v 0.263030 1.661530 -0.511290
v 0.168388 1.028965 -0.570136
v 0.093764 0.994177 -0.569037
v 0.017267 0.975156 -0.582258
v -0.051293 0.971562 -0.607080
v 0.106639 1.774834 -0.540268
v 0.170032 1.743287 -0.538368
v 0.231627 1.698580 -0.547087
v 0.250666 1.659978 -0.463866
v 0.156561 1.026819 -0.516921
v 0.082428 0.993029 -0.528864
v 0.009483 0.974458 -0.555738
v 0.104915 1.773995 -0.526246
v -0.053142 0.970750 -0.593087
v 0.166154 1.741761 -0.511133
v 0.227391 1.695988 -0.506305
v 0.180587 1.716352 -0.452510
v 0.225468 1.663712 -0.418266
v 0.134774 1.026899 -0.466908
v 0.063636 0.993597 -0.491566
v -0.003202 0.974894 -0.531208
v -0.057644 0.970507 -0.579666
v 0.100534 1.773728 -0.512802
v 0.155256 1.743228 -0.488775
v 0.215419 1.695042 -0.467034
v 0.186463 1.653689 -0.352190
v 0.103878 1.029205 -0.422020
v 0.038073 0.995847 -0.458596
v -0.020326 0.976443 -0.509590
v 0.131791 1.750230 -0.467508
v -0.064605 0.970844 -0.567374
v 0.133640 1.721171 -0.399963
v 0.065036 1.033647 -0.383963
v 0.006767 0.999705 -0.431217
v -0.041211 0.979048 -0.491706
v -0.073803 0.971750 -0.556630
v 0.084579 1.774916 -0.489615
v 0.124938 1.745501 -0.444827
v 0.163734 1.708993 -0.409228
v 0.098815 1.666604 -0.300801
v 0.019763 1.040053 -0.354222
v -0.029088 1.005018 -0.410483
v -0.065083 0.982609 -0.478249
v 0.095616 1.754569 -0.434469
v -0.084824 0.973184 -0.547903
v 0.070766 1.730959 -0.369343
v -0.030222 1.048172 -0.333932
v -0.068130 1.011576 -0.397196
v -0.090995 0.986990 -0.469731
v -0.097304 0.975098 -0.541495
v 0.061210 1.778223 -0.474271
v 0.080524 1.751785 -0.415708
v 0.101552 1.717572 -0.365794
v 0.029288 1.689612 -0.298479
v -0.082984 1.057698 -0.323872
v -0.108853 1.019133 -0.391854
v -0.117978 0.992021 -0.466494
v 0.052952 1.755057 -0.404418
v -0.110712 0.977412 -0.537664
v 0.047811 1.780527 -0.470321
v -0.006108 1.736781 -0.352632
v -0.020968 1.702598 -0.304333
v -0.136503 1.068267 -0.324426
v -0.149715 1.027401 -0.394673
v -0.144960 0.997508 -0.468646
v -0.124577 0.980044 -0.536548
v 0.033967 1.783144 -0.469078
v 0.025964 1.760202 -0.402533
v 0.024551 1.721594 -0.336382
v -0.065246 1.709385 -0.312588
v -0.188712 1.079469 -0.335574
v -0.189088 1.036056 -0.405528
v -0.170918 1.003240 -0.476103
v -0.138342 0.982890 -0.538193
v 0.020196 1.785977 -0.470594
v -0.000797 1.765757 -0.406034
v -0.075666 1.752680 -0.379104
v -0.109027 1.722716 -0.337735
v -0.237616 1.090874 -0.356891
v -0.225519 1.044772 -0.424024
v -0.194890 1.009002 -0.488606
v -0.151475 0.985837 -0.542546
v 0.007013 1.788927 -0.474839
v -0.026269 1.771502 -0.414783
v -0.054045 1.738319 -0.351559
v -0.146678 1.729577 -0.362442
v -0.281320 1.102041 -0.387549
v -0.257578 1.053209 -0.449444
v -0.215907 1.014564 -0.505646
v -0.163483 0.988776 -0.549427
v -0.005049 1.791867 -0.481611
v -0.049501 1.777217 -0.428439
v -0.178474 1.738867 -0.398597
v -0.318174 1.112547 -0.426394
v -0.284028 1.061037 -0.480813
v -0.233181 1.019717 -0.526577
v -0.015559 1.794692 -0.490664
v -0.173891 0.991590 -0.558573
v -0.069594 1.782682 -0.446477
v -0.120411 1.755123 -0.396211
v -0.202614 1.747129 -0.440470
v -0.346731 1.121986 -0.471899
v -0.303869 1.067975 -0.516894
v -0.246063 1.024268 -0.550629
v -0.182322 0.994179 -0.569636
v -0.024066 1.797288 -0.501646
v -0.085770 1.787686 -0.468204
v -0.145763 1.762743 -0.427617
v -0.218165 1.754050 -0.486448
v -0.365909 1.129992 -0.522340
v -0.316321 1.073730 -0.556356
v -0.254025 1.028033 -0.576801
v -0.030293 1.799564 -0.514166
v -0.188429 0.996434 -0.582210
v -0.097410 1.792040 -0.492794
v -0.164507 1.769448 -0.463545
v -0.148503 1.787861 -0.533596
v -0.220917 1.761535 -0.538065
v -0.253312 1.028294 -0.596576
v -0.384998 1.151988 -0.560681
v -0.191999 0.998277 -0.595773
v -0.033965 1.801422 -0.527691
v -0.100006 1.795811 -0.517273
v -0.175942 1.774973 -0.502610
v -0.162293 1.785375 -0.566456
v -0.236923 1.021856 -0.620958
v -0.090306 1.800642 -0.547850
v -0.408611 1.190356 -0.602145
v -0.352476 1.110095 -0.597507
v -0.305776 1.064186 -0.594720
v -0.192866 0.999626 -0.609830
v -0.340375 1.110874 -0.666169
v -0.375934 1.159741 -0.674226
v -0.193703 1.773420 -0.604912
v -0.177589 1.773786 -0.646993
v -0.107799 1.796398 -0.612343
v -0.355292 1.160178 -0.727739
v -0.322879 1.111220 -0.711283
v -0.280206 1.058675 -0.672104
v -0.186525 1.000683 -0.637249
v -0.028860 1.803904 -0.569209
v -0.297115 1.109593 -0.752207
v -0.179549 1.000345 -0.649559
v -0.153748 1.772310 -0.685203
v -0.324826 1.158265 -0.776307
v -0.024538 1.802193 -0.615926
v -0.123097 1.769044 -0.718085
v -0.070322 1.793149 -0.661374
v -0.285719 1.154084 -0.818052
v -0.264066 1.106049 -0.787365
v -0.241529 1.056065 -0.731582
v -0.170374 0.999441 -0.660280
v -0.159331 0.998003 -0.669016
v -0.199558 1.048270 -0.759201
v -0.001944 1.801301 -0.601218
v -0.086803 1.764114 -0.744374
v -0.239460 1.147789 -0.851381
v -0.224989 1.100719 -0.815416
v -0.007349 1.776858 -0.717909
v -0.046288 1.757717 -0.763035
v -0.187821 1.139619 -0.875008
v -0.181398 1.093814 -0.835269
v -0.146863 0.996092 -0.675431
v -0.116897 1.045056 -0.799214
v -0.133449 0.993777 -0.679267
v -0.153757 1.041444 -0.779232
v 0.012325 1.780109 -0.699588
v -0.003083 1.750092 -0.773371
v -0.135579 1.072773 -0.830331
v -0.090882 1.122084 -0.890366
v -0.072125 1.070940 -0.843770
v -0.000949 1.572706 -0.942458
v -0.119586 0.991143 -0.680375
v 0.037701 1.794490 -0.612925
v -0.065900 1.241998 -0.962417
v 0.049162 1.765441 -0.722634
v 0.056407 1.730140 -0.788596
v -0.111772 0.984554 -0.656710
v -0.080043 1.028580 -0.782923
v -0.104544 1.007553 -0.736103
v 0.051482 1.791651 -0.611413
v 0.062314 1.777228 -0.676025
v 0.075761 1.781672 -0.512887
v 0.062019 1.783252 -0.499543
v -0.011904 1.801308 -0.541475
v -0.169757 0.992786 -0.618987
v -0.002935 1.801824 -0.568626
v 0.019297 1.798945 -0.586383
v -0.077199 1.187774 -0.936446
v 0.011734 1.640115 -0.898458
v -0.011604 1.517483 -0.966731
v -0.026711 1.439340 -0.985239
v -0.042457 1.359191 -0.987964
v 0.078096 1.672850 -0.850799
v 0.093502 1.590029 -0.910773
v 0.059114 1.462781 -0.968917
v -0.109898 0.985707 -0.664159
v 0.044370 1.383099 -0.979493
v 0.026266 1.303582 -0.974509
v 0.110563 1.263587 -0.940212
v 0.051495 1.137529 -0.892863
v 0.134032 1.660332 -0.832640
v 0.158963 1.575044 -0.885546
v 0.158060 1.500738 -0.919859
v 0.133789 1.446056 -0.944576
v 0.119768 1.366215 -0.954902
v 0.222307 1.484669 -0.878910
v 0.202116 1.429376 -0.905829
v 0.188755 1.349368 -0.915766
v 0.174912 1.247511 -0.899421
v 0.141074 1.175262 -0.881129
v 0.105438 1.124138 -0.859730
v 0.185246 1.647834 -0.803685
v 0.200355 1.581521 -0.848674
v 0.191866 1.161186 -0.832460
v 0.151811 1.111387 -0.816441
v 0.229740 1.635843 -0.765059
v 0.268676 1.546193 -0.798857
v 0.277242 1.469410 -0.825900
v 0.261474 1.413361 -0.854164
v 0.248681 1.333202 -0.863588
v 0.320772 1.455561 -0.762842
v 0.309575 1.398658 -0.791571
v 0.297239 1.318353 -0.800379
v 0.273654 1.218372 -0.783598
v 0.232172 1.148390 -0.774502
v 0.188826 1.099759 -0.764662
v 0.265825 1.624820 -0.718225
v 0.293579 1.554887 -0.749661
v 0.260443 1.137378 -0.709498
v 0.215067 1.089704 -0.706375
v 0.292112 1.615174 -0.664993
v 0.336700 1.522463 -0.675569
v 0.351211 1.443641 -0.692178
v 0.344576 1.385795 -0.720450
v 0.332569 1.305372 -0.728559
v 0.365131 1.375294 -0.643533
v 0.353310 1.294765 -0.650886
v 0.320620 1.196863 -0.637488
v 0.284257 1.141791 -0.643814
v 0.233648 1.084101 -0.638601
v 0.307575 1.607302 -0.607416
v 0.351534 1.513699 -0.605937
v 0.367392 1.434114 -0.616617
v 0.231647 1.075792 -0.579424
v 0.311632 1.601491 -0.547698
v 0.352658 1.507475 -0.534474
v 0.368695 1.427347 -0.539059
v 0.370447 1.367554 -0.563782
v 0.358666 1.286952 -0.570356
v 0.322104 1.190056 -0.559938
v 0.289808 1.140263 -0.583719
v 0.348430 1.282220 -0.490061
v 0.308656 1.186266 -0.483339
v 0.264722 1.118769 -0.497907
v 0.221335 1.072455 -0.515625
v 0.304127 1.597959 -0.488126
v 0.340027 1.504037 -0.463941
v 0.355066 1.423590 -0.462485
v 0.360323 1.362864 -0.484258
v 0.285347 1.596852 -0.431008
v 0.314128 1.503509 -0.397043
v 0.327036 1.423002 -0.389856
v 0.335148 1.361417 -0.408020
v 0.322998 1.280761 -0.413085
v 0.280800 1.185643 -0.410644
v 0.239116 1.118168 -0.430896
v 0.199008 1.071748 -0.454904
v 0.283341 1.282617 -0.342380
v 0.239592 1.188201 -0.344629
v 0.201219 1.120514 -0.370034
v 0.165506 1.073686 -0.399577
v 0.256006 1.598212 -0.378521
v 0.275962 1.505918 -0.336361
v 0.285674 1.425597 -0.323940
v 0.295885 1.363249 -0.337991
v 0.081757 1.779235 -0.508593
v 0.226983 1.511170 -0.284209
v 0.232577 1.431278 -0.267282
v 0.244050 1.368312 -0.276871
v 0.230991 1.287733 -0.280671
v 0.186622 1.193846 -0.287839
v 0.152471 1.125700 -0.317659
v 0.122118 1.078198 -0.351775
v 0.217241 1.601987 -0.332699
v 0.123930 1.202357 -0.242463
v 0.094752 1.133534 -0.275783
v 0.070527 1.085113 -0.313344
v 0.170541 1.608032 -0.295297
v 0.169083 1.519055 -0.242597
v 0.169779 1.439828 -0.222054
v 0.181628 1.376392 -0.227000
v 0.065863 1.781064 -0.493157
v 0.167948 1.295887 -0.230328
v 0.104478 1.529286 -0.213130
v 0.099694 1.450919 -0.189996
v 0.111023 1.387186 -0.190302
v 0.096651 1.306791 -0.193285
v 0.053921 1.213415 -0.210236
v 0.030275 1.143708 -0.246022
v 0.012719 1.094163 -0.285755
v 0.117699 1.616104 -0.267743
v -0.020721 1.226593 -0.192397
v -0.038479 1.155839 -0.229512
v -0.049114 1.105000 -0.270061
v 0.060743 1.625905 -0.251105
v 0.035655 1.541453 -0.196935
v 0.025018 1.464114 -0.172339
v 0.034950 1.400297 -0.168185
v 0.019833 1.320025 -0.170965
v -0.051381 1.478919 -0.169765
v -0.043677 1.415185 -0.161497
v -0.059556 1.335078 -0.164223
v -0.097106 1.241386 -0.189634
v -0.108866 1.169451 -0.226897
v -0.112577 1.117216 -0.266866
v 0.001871 1.637055 -0.246021
v -0.012399 1.569144 -0.203194
v -0.178174 1.184035 -0.238262
v -0.175232 1.130323 -0.276305
v -0.056682 1.649118 -0.252678
v -0.103987 1.569695 -0.206328
v -0.126560 1.494757 -0.182369
v -0.121831 1.431307 -0.170496
v -0.138467 1.351352 -0.173324
v -0.196507 1.448030 -0.194836
v -0.213867 1.368240 -0.197915
v -0.243468 1.273477 -0.229180
v -0.240256 1.212196 -0.254280
v -0.239954 1.148561 -0.297495
v -0.112627 1.661647 -0.270838
v -0.169450 1.584686 -0.231554
v -0.197639 1.511024 -0.209668
v -0.288619 1.157223 -0.331136
v -0.163829 1.674149 -0.299788
v -0.228603 1.599486 -0.269343
v -0.261881 1.527095 -0.250612
v -0.264830 1.464726 -0.233581
v -0.282855 1.385089 -0.237051
v -0.307815 1.289556 -0.269969
v -0.290937 1.229127 -0.282321
v -0.324184 1.480734 -0.285243
v -0.342781 1.401251 -0.289229
v -0.362886 1.304819 -0.322855
v -0.353341 1.241689 -0.340706
v -0.339853 1.174816 -0.376248
v -0.208338 1.686140 -0.338423
v -0.279167 1.613535 -0.318243
v -0.316828 1.542353 -0.303637
v -0.372007 1.181597 -0.426207
v -0.244429 1.697163 -0.385253
v -0.319212 1.626290 -0.376385
v -0.360355 1.556205 -0.366693
v -0.372292 1.495441 -0.347841
v -0.391343 1.416103 -0.352444
v -0.406561 1.318691 -0.385797
v -0.389081 1.257191 -0.386812
v -0.426671 1.429085 -0.424263
v -0.437170 1.330639 -0.456391
v -0.422442 1.251718 -0.472319
v -0.398249 1.191655 -0.484485
v -0.270703 1.706803 -0.438480
v -0.347191 1.637262 -0.441530
v -0.390790 1.568124 -0.437351
v -0.407293 1.508296 -0.418964
v -0.286172 1.714679 -0.496064
v -0.362025 1.646029 -0.511172
v -0.406975 1.577647 -0.512919
v -0.427841 1.518808 -0.495870
v -0.447410 1.439691 -0.501924
v -0.453530 1.340206 -0.531901
v -0.437590 1.260534 -0.541890
v -0.412707 1.199747 -0.547046
v -0.452768 1.447499 -0.582460
v -0.456623 1.366142 -0.588998
v -0.444579 1.285589 -0.595013
v -0.290231 1.720490 -0.555795
v -0.350299 1.665714 -0.562063
v -0.398566 1.600218 -0.568750
v -0.433165 1.526534 -0.575631
v -0.019644 1.801949 -0.541660
v -0.350521 1.655689 -0.653158
v -0.394650 1.588168 -0.667033
v -0.245619 1.030793 -0.649602
v -0.423036 1.531238 -0.655149
v -0.191022 1.000440 -0.623836
v -0.442530 1.452235 -0.662756
v -0.055827 1.804415 -0.569140
v -0.441570 1.350796 -0.686047
v -0.138413 1.791743 -0.604554
v -0.426720 1.270328 -0.683913
v -0.404517 1.208903 -0.675237
v -0.282716 1.724023 -0.615344
v -0.413705 1.351418 -0.758757
v -0.401121 1.270922 -0.750924
v -0.382189 1.209617 -0.735964
v -0.271759 1.713281 -0.694963
v -0.324621 1.656217 -0.720057
v -0.366616 1.588762 -0.739668
v -0.397862 1.532677 -0.731396
v -0.417096 1.453692 -0.739738
v -0.325255 1.586162 -0.805588
v -0.219154 1.029482 -0.695921
v -0.358601 1.530845 -0.801419
v -0.039338 1.804193 -0.593706
v -0.377440 1.451837 -0.810439
v -0.372499 1.348862 -0.824768
v -0.101806 1.789649 -0.665366
v -0.363216 1.268582 -0.811789
v -0.348686 1.207672 -0.791292
v -0.238222 1.711151 -0.748082
v -0.285760 1.669471 -0.757866
v -0.314470 1.263395 -0.864161
v -0.305309 1.203165 -0.839092
v -0.195224 1.706524 -0.793720
v -0.237473 1.648562 -0.832896
v -0.272153 1.580482 -0.862249
v -0.306762 1.525787 -0.862542
v -0.325087 1.446721 -0.872149
v -0.209354 1.571931 -0.907479
v -0.167035 1.022349 -0.733363
v -0.244343 1.517697 -0.912412
v -0.262052 1.438553 -0.922491
v -0.256843 1.334704 -0.926931
v -0.051841 1.783587 -0.702246
v -0.256751 1.255568 -0.906035
v -0.253714 1.196241 -0.877524
v -0.144430 1.699596 -0.830082
v -0.186747 1.658091 -0.854157
v -0.192271 1.245385 -0.935799
v -0.195898 1.187201 -0.905120
v -0.087788 1.690618 -0.855800
v -0.114965 1.630443 -0.903975
v -0.139275 1.560846 -0.939534
v -0.173739 1.506904 -0.949107
v 0.016447 1.799215 -0.593604
v -0.190755 1.427655 -0.959533
v 0.011808 1.797133 -0.630390
v -0.128059 1.009365 -0.727381
v -0.097660 1.493809 -0.971225
v -0.113934 1.414429 -0.981853
v 0.025841 1.788336 -0.662012
v -0.112195 1.310474 -0.976998
v -0.125639 1.248682 -0.957067
v 0.001020 1.727800 -0.809044
v -0.128450 1.179262 -0.924063
v -0.027463 1.679943 -0.869883
v -0.125353 1.109948 -0.873884
v -0.046150 1.618271 -0.920169
v -0.064605 1.547645 -0.957190
v -0.084239 1.153806 -0.915043
v 0.010745 1.689833 -0.854361
v 0.005627 1.607470 -0.922129
v -0.054399 1.299806 -0.979092
v -0.140027 1.150479 -0.478329
v -0.111357 1.071365 -0.640480
v -0.104186 1.015190 -0.699392
v -0.100738 0.948686 -0.746771
v -0.091734 0.773132 -0.799734
v -0.187257 1.115137 -0.205929
v -0.080733 1.140198 -0.460176
v -0.037138 1.058345 -0.617587
v -0.027771 1.001771 -0.675809
v -0.025070 0.935397 -0.723399
v -0.014697 0.838444 -0.759232
v -0.144060 0.474782 -0.709845
v -0.173151 1.110564 -0.198908
v -0.026583 1.122778 -0.433399
v 0.041940 0.979179 -0.641108
v 0.043965 0.913015 -0.689026
v 0.020103 0.764255 -0.750018
v -0.129954 0.470208 -0.702824
v -0.160942 1.104307 -0.189910
v 0.020332 1.098890 -0.399028
v 0.064925 1.054528 -0.479376
v 0.102283 0.948252 -0.596640
v 0.103714 0.882380 -0.644979
v -0.117745 0.463951 -0.693826
v -0.151099 1.096606 -0.179280
v 0.058203 1.069455 -0.358381
v 0.150930 0.910196 -0.544105
v 0.151882 0.844681 -0.592948
v 0.133635 0.802983 -0.638935
v -0.107902 0.456250 -0.683197
v -0.144000 1.087757 -0.167427
v 0.085569 1.035613 -0.313023
v 0.140767 0.980524 -0.378842
v 0.186014 0.866469 -0.485526
v 0.186617 0.801365 -0.534930
v -0.100803 0.447401 -0.671344
v -0.267627 1.082248 -0.161818
v -0.262699 1.087620 -0.168221
v -0.248491 1.096288 -0.178019
v -0.193619 1.097120 -0.174373
v -0.220699 1.101873 -0.182734
v -0.211106 1.101430 -0.181348
v -0.239758 1.099252 -0.181036
v -0.272195 1.070454 -0.147222
v -0.269244 1.058774 -0.132127
v -0.186399 1.093420 -0.169051
v -0.180577 1.088865 -0.162765
v -0.176379 1.083632 -0.155754
v -0.173965 1.077921 -0.148290
v -0.173428 1.071952 -0.140659
v -0.174789 1.065954 -0.133154
v -0.271658 1.064485 -0.139591
v -0.182925 1.054786 -0.119660
v -0.177996 1.060158 -0.126063
v -0.215249 1.041268 -0.105253
v -0.224924 1.040533 -0.105147
v -0.234518 1.040976 -0.106533
v -0.243661 1.042581 -0.109356
v -0.252004 1.045285 -0.113508
v -0.259224 1.048986 -0.118830
v -0.265046 1.053541 -0.125117
v -0.197132 1.046118 -0.109862
v -0.201962 1.099825 -0.178525
v -0.139918 1.078101 -0.154807
v 0.101388 0.998651 -0.264688
v 0.206189 0.818747 -0.423155
v 0.206583 0.754105 -0.473159
v 0.193923 0.717231 -0.524796
v -0.096721 0.437745 -0.658723
v -0.139011 1.068008 -0.141903
v 0.105059 0.959989 -0.215251
v 0.210677 0.768873 -0.359381
v 0.211016 0.704716 -0.409998
v -0.095814 0.427652 -0.645820
v -0.141312 1.057866 -0.129213
v 0.096431 0.921117 -0.166597
v 0.199306 0.718742 -0.296663
v 0.199739 0.655060 -0.347892
v 0.154954 0.540542 -0.454189
v -0.098115 0.417511 -0.633130
v -0.146734 1.048066 -0.117224
v 0.075830 0.883537 -0.120600
v 0.172513 0.670304 -0.237412
v 0.173192 0.607094 -0.289216
v -0.103537 0.407711 -0.621140
v -0.155067 1.038983 -0.106396
v 0.044063 0.848680 -0.079031
v 0.131331 0.625420 -0.183900
v 0.132393 0.562648 -0.236222
v -0.111870 0.398628 -0.610313
v -0.165993 1.030967 -0.097147
v -0.064053 0.919970 -0.047530
v 0.002340 0.817884 -0.043481
v 0.077337 0.585801 -0.138186
v 0.078914 0.523425 -0.190952
v -0.122796 0.390612 -0.601063
v -0.179090 1.024326 -0.089830
v -0.109418 0.898006 -0.023323
v -0.047738 0.792352 -0.015320
v 0.012610 0.552981 -0.102022
v 0.014801 0.490924 -0.155146
v -0.135893 0.383971 -0.593746
v -0.193857 1.019315 -0.084728
v -0.140559 0.887975 -0.013431
v -0.104240 0.773037 0.004368
v -0.060370 0.528206 -0.076806
v -0.057476 0.466402 -0.130182
v -0.150660 0.378959 -0.588644
v -0.209724 1.016126 -0.082036
v -0.194942 0.877919 -0.005129
v -0.164993 0.760716 0.014828
v -0.138783 0.512456 -0.063495
v -0.135144 0.450796 -0.117020
v -0.166527 0.375771 -0.585952
v -0.226082 1.014883 -0.081858
v -0.227652 0.755838 0.015659
v -0.219631 0.506301 -0.062618
v -0.215213 0.444719 -0.116156
v -0.182885 0.374527 -0.585774
v -0.242304 1.015632 -0.084201
v -0.289845 0.758590 0.006828
v -0.298702 0.657789 -0.006394
v -0.299802 0.510005 -0.074193
v -0.294604 0.448396 -0.127627
v -0.199107 0.375276 -0.588117
v -0.257764 1.018345 -0.088974
v -0.349158 0.768871 -0.011327
v -0.376212 0.523411 -0.097784
v -0.370273 0.461682 -0.151000
v -0.343526 0.417503 -0.189987
v -0.214567 0.377990 -0.592891
v -0.271870 1.022919 -0.095995
v -0.403306 0.786288 -0.038104
v -0.445925 0.546018 -0.132473
v -0.439309 0.484072 -0.185371
v -0.228673 0.382563 -0.599911
v -0.284079 1.029176 -0.104993
v -0.450207 0.810175 -0.072471
v -0.506269 0.576935 -0.176950
v -0.499060 0.514702 -0.229422
v -0.451013 0.419051 -0.351747
v -0.240882 0.388821 -0.608909
v -0.293922 1.036877 -0.115623
v -0.488084 0.839609 -0.113126
v -0.554917 0.614991 -0.229486
v -0.547227 0.552398 -0.281455
v -0.250725 0.396522 -0.619539
v -0.190719 0.391697 -0.617471
v -0.136778 0.439586 -0.673703
v -0.145587 0.400767 -0.625128
v -0.218900 0.438341 -0.679160
v -0.212438 0.443082 -0.684630
v -0.204692 0.447009 -0.688957
v -0.195959 0.449973 -0.691975
v -0.186575 0.451859 -0.693567
v -0.176900 0.452594 -0.693672
v -0.223828 0.432969 -0.672756
v -0.142600 0.444141 -0.679990
v -0.129629 0.422673 -0.651598
v -0.171450 0.391989 -0.616191
v -0.162066 0.393875 -0.617783
v -0.130990 0.416675 -0.644092
v -0.134197 0.410879 -0.637002
v -0.139126 0.405508 -0.630598
v -0.130166 0.428642 -0.659229
v -0.181125 0.391254 -0.616086
v -0.225445 0.409495 -0.643065
v -0.199862 0.393302 -0.620294
v -0.208205 0.396007 -0.624447
v -0.215425 0.399707 -0.629768
v -0.221247 0.404262 -0.636055
v -0.132580 0.434353 -0.666693
v -0.227859 0.415206 -0.650529
v -0.153333 0.396839 -0.620800
v -0.228396 0.421175 -0.658160
v -0.158163 0.450546 -0.689463
v -0.149820 0.447842 -0.685311
v -0.301021 1.045726 -0.127476
v -0.515447 0.873457 -0.158476
v -0.590002 0.658722 -0.288064
v -0.581962 0.595713 -0.339471
v -0.522825 0.489318 -0.447192
v -0.257824 0.405370 -0.631392
v -0.305103 1.055382 -0.140097
v -0.531272 0.910422 -0.206808
v -0.610176 0.706448 -0.350432
v -0.601929 0.642979 -0.401238
v -0.261906 0.415026 -0.644013
v -0.306010 1.065475 -0.153000
v -0.534939 0.949079 -0.256244
v -0.614665 0.756331 -0.414196
v -0.606358 0.692372 -0.464408
v -0.262813 0.425119 -0.656916
v -0.287272 1.076034 -0.160209
v -0.303709 1.075616 -0.165690
v -0.356848 1.068548 -0.188030
v -0.425852 1.048957 -0.225453
v -0.457357 1.034742 -0.246798
v -0.512678 0.998150 -0.293679
v -0.486392 1.017752 -0.269614
v -0.556018 0.951888 -0.344622
v -0.535962 0.976124 -0.318763
v -0.585713 0.897736 -0.397672
v -0.572655 0.925674 -0.371011
v -0.595063 0.868342 -0.424350
v -0.600618 0.837775 -0.450788
v -0.602324 0.806330 -0.476731
v -0.600164 0.774309 -0.501929
v -0.584367 0.709776 -0.549130
v -0.594159 0.742020 -0.526140
v -0.570882 0.677886 -0.570680
v -0.553834 0.646657 -0.590579
v -0.522337 0.601534 -0.617183
v -0.533386 0.616390 -0.608637
v -0.483115 0.559897 -0.638554
v -0.421998 0.510578 -0.659280
v -0.352384 0.470327 -0.670021
v -0.243774 0.431217 -0.667636
v -0.278595 0.441002 -0.670626
v -0.298287 1.085417 -0.177679
v -0.469902 1.047671 -0.300222
v -0.515339 1.015458 -0.365969
v -0.576502 0.854883 -0.536171
v -0.568537 0.789976 -0.585192
v -0.255090 0.445061 -0.681595
v -0.289954 1.094499 -0.188507
v -0.443962 1.077966 -0.336491
v -0.535318 0.899775 -0.589683
v -0.527741 0.834435 -0.638175
v -0.246757 0.454144 -0.692423
v -0.279028 1.102515 -0.197756
v -0.409316 1.104932 -0.367801
v -0.463284 1.046349 -0.514280
v -0.481326 0.939395 -0.635396
v -0.474255 0.873661 -0.683448
v -0.235831 0.462160 -0.701673
v -0.265931 1.109156 -0.205073
v -0.367297 1.127527 -0.392902
v -0.416597 0.972213 -0.671563
v -0.410147 0.906168 -0.719246
v -0.417297 0.845245 -0.739875
v -0.222734 0.468801 -0.708989
v -0.251165 1.114168 -0.210175
v -0.319512 1.144888 -0.410870
v -0.338680 1.098509 -0.569879
v -0.343622 0.996985 -0.696778
v -0.337867 0.930686 -0.744214
v -0.207968 0.473812 -0.714092
v -0.235297 1.117356 -0.212867
v -0.267817 1.156341 -0.420989
v -0.265202 1.012741 -0.710089
v -0.260202 0.946283 -0.757382
v -0.274775 0.888520 -0.782646
v -0.192100 0.477001 -0.716783
v -0.218939 1.118600 -0.213045
v -0.184359 1.018894 -0.710966
v -0.180134 0.952366 -0.758242
v -0.175742 0.478244 -0.716961
v -0.202717 1.117851 -0.210702
v -0.099965 1.103869 -0.585778
v -0.084264 0.852976 -0.783675
v -0.090980 0.704872 -0.798444
v -0.159520 0.477495 -0.714619
v -0.140271 1.144350 -0.292589
v -0.104446 1.149402 -0.360763
v -0.042648 0.763747 -0.783507
v -0.107204 0.513418 -0.731836
v -0.064467 1.135545 -0.343865
v -0.021425 0.649970 -0.762105
v -0.047410 0.573629 -0.745491
v -0.148498 1.131525 -0.249045
v -0.063388 0.626452 -0.773132
v -0.093549 0.569498 -0.761140
v -0.142234 0.464137 -0.700516
v -0.186263 1.108893 -0.193558
v -0.084476 1.119972 -0.256823
v -0.029539 1.115159 -0.310826
v 0.019338 0.629274 -0.732317
v -0.017846 0.556639 -0.721368
v -0.070639 0.498270 -0.707416
v -0.075145 0.522079 -0.726163
v -0.130879 0.459420 -0.693546
v -0.174833 1.104239 -0.186665
v -0.130864 1.122357 -0.233976
v -0.084146 1.132984 -0.298161
v -0.000949 1.092419 -0.283619
v 0.052259 0.603778 -0.697085
v 0.005412 0.536161 -0.693353
v -0.055502 0.484621 -0.688772
v -0.108237 1.110211 -0.218513
v -0.121368 0.453337 -0.685003
v -0.165227 1.098210 -0.178178
v -0.034394 1.078442 -0.212247
v 0.016569 1.064818 -0.242903
v 0.076079 0.574425 -0.657747
v 0.021467 0.512994 -0.662535
v -0.045155 0.469204 -0.668296
v -0.114073 0.446148 -0.675239
v -0.157836 1.091074 -0.168479
v -0.094299 1.096100 -0.199386
v -0.033569 1.095406 -0.246076
v 0.029445 1.036346 -0.209751
v 0.089886 0.542375 -0.615830
v 0.029700 0.488008 -0.630080
v -0.039996 0.452649 -0.646814
v -0.109296 0.438115 -0.664624
v -0.152935 1.083065 -0.157878
v -0.085256 1.080380 -0.178635
v 0.030562 1.006070 -0.171188
v 0.093143 0.508830 -0.572928
v 0.029799 0.462189 -0.597260
v -0.040224 0.435548 -0.625102
v -0.107192 0.429549 -0.653558
v -0.150709 1.074515 -0.146823
v -0.081464 1.063681 -0.157087
v -0.011365 1.047684 -0.183529
v 0.022097 0.975854 -0.133512
v 0.085726 0.475099 -0.530708
v 0.021756 0.436507 -0.565317
v -0.045829 0.418598 -0.604046
v -0.107866 0.420781 -0.642475
v -0.151242 1.065750 -0.135733
v -0.083051 1.046606 -0.135526
v -0.012148 1.022241 -0.151264
v 0.004391 0.946848 -0.098170
v 0.067933 0.442474 -0.490767
v 0.005897 0.411970 -0.535494
v -0.056599 0.402406 -0.584391
v -0.154538 1.057106 -0.125028
v -0.111256 0.412155 -0.631799
v -0.089967 1.029834 -0.114804
v -0.020916 0.997069 -0.120028
v -0.077742 0.978299 -0.076223
v -0.026680 0.921608 -0.064625
v 0.040431 0.412207 -0.454667
v -0.017195 0.389494 -0.508914
v -0.072132 0.387625 -0.566942
v -0.117280 0.403974 -0.621919
v -0.160443 1.048906 -0.115115
v -0.103726 1.017320 -0.098177
v -0.037331 0.973102 -0.090983
v -0.070502 0.871993 -0.024565
v 0.004289 0.385465 -0.423778
v -0.046618 0.369959 -0.486609
v -0.091790 0.374830 -0.552365
v -0.130703 1.008441 -0.082599
v -0.125677 0.396599 -0.613272
v -0.130915 0.947408 -0.041522
v -0.039115 0.363268 -0.399291
v -0.081243 0.354114 -0.469439
v -0.114842 0.364500 -0.541213
v -0.136128 0.390271 -0.606124
v -0.179106 1.035102 -0.099172
v -0.139174 0.991141 -0.067950
v -0.097894 0.946244 -0.048349
v -0.164656 0.843331 0.003789
v -0.088108 0.346474 -0.382153
v -0.119745 0.342569 -0.458078
v -0.140430 0.357024 -0.533906
v -0.170884 0.989247 -0.061650
v -0.148233 0.385254 -0.600788
v -0.197767 0.930731 -0.026054
v -0.140798 0.335731 -0.373014
v -0.160627 0.335766 -0.452930
v -0.167517 0.352704 -0.530739
v -0.161519 0.381738 -0.597457
v -0.204387 1.026430 -0.090322
v -0.187211 0.974716 -0.051193
v -0.165449 0.921572 -0.022790
v -0.237339 0.852335 0.001207
v -0.195177 0.331446 -0.372233
v -0.202323 0.333968 -0.454223
v -0.195096 0.351693 -0.531820
v -0.216001 0.967731 -0.046693
v -0.175502 0.379853 -0.596260
v -0.218335 1.024477 -0.089035
v -0.275377 0.916708 -0.027378
v -0.288024 0.860002 -0.008742
v -0.249151 0.333788 -0.379842
v -0.243262 0.337243 -0.461897
v -0.222134 0.354039 -0.537115
v -0.189614 0.379680 -0.597252
v -0.232459 1.024221 -0.089921
v -0.243476 0.967572 -0.048846
v -0.244416 0.899044 -0.014620
v -0.331217 0.864630 -0.022462
v -0.300632 0.342664 -0.395524
v -0.281833 0.345463 -0.475645
v -0.247535 0.359651 -0.546426
v -0.203324 0.381218 -0.600381
v -0.246200 1.025685 -0.092959
v -0.270093 0.970748 -0.055162
v -0.342716 0.935754 -0.057358
v -0.373265 0.884049 -0.046605
v -0.347653 0.357734 -0.418709
v -0.316556 0.358310 -0.494944
v -0.270339 0.368307 -0.559381
v -0.216101 0.384412 -0.605536
v -0.259043 1.028807 -0.098026
v -0.294858 0.977133 -0.065398
v -0.322081 0.911403 -0.036984
v -0.407943 0.898656 -0.072279
v -0.388417 0.378426 -0.448500
v -0.346125 0.375300 -0.519066
v -0.289686 0.379681 -0.575492
v -0.227466 0.389131 -0.612504
v -0.270484 1.033460 -0.104923
v -0.316813 0.986486 -0.079167
v -0.436068 0.922308 -0.104750
v -0.421330 0.403927 -0.483729
v -0.369378 0.395771 -0.547077
v -0.304828 0.393342 -0.594153
v -0.280074 1.039486 -0.113398
v -0.236980 0.395213 -0.621049
v -0.335110 0.998445 -0.095933
v -0.384198 0.941628 -0.080721
v -0.455821 0.949228 -0.140650
v -0.445152 0.433273 -0.523062
v -0.385435 0.418947 -0.577905
v -0.315166 0.408726 -0.614585
v -0.244272 0.402405 -0.630812
v -0.287472 1.046637 -0.123120
v -0.349037 1.012546 -0.115042
v -0.406321 0.962092 -0.108616
v -0.466462 0.978384 -0.178613
v -0.458966 0.465337 -0.564982
v -0.393665 0.443917 -0.610343
v -0.320333 0.425316 -0.636110
v -0.292369 1.054635 -0.133703
v -0.249056 0.410441 -0.641435
v -0.358083 1.028270 -0.135800
v -0.421294 0.985123 -0.139164
v -0.401068 1.040970 -0.183576
v -0.464155 1.012709 -0.217894
v -0.317130 0.436544 -0.652104
v -0.477507 0.502258 -0.589707
v -0.251148 0.419001 -0.652494
v -0.294597 1.063183 -0.144758
v -0.358296 1.044578 -0.154639
v -0.428533 1.009823 -0.171179
v -0.409518 1.055352 -0.215175
v -0.296679 0.446744 -0.671645
v -0.346098 1.066631 -0.175007
v -0.503821 0.553842 -0.609617
v -0.431637 0.492109 -0.633989
v -0.376302 0.458562 -0.644402
v -0.250477 0.427768 -0.663579
v -0.411243 0.532175 -0.687293
v -0.455850 0.572480 -0.677086
v -0.432021 1.062816 -0.260412
v -0.411110 1.088371 -0.291096
v -0.353618 1.096564 -0.234433
v -0.429114 0.604964 -0.716075
v -0.388617 0.559563 -0.720152
v -0.340328 0.499939 -0.704961
v -0.241064 0.444574 -0.684124
v -0.284877 1.088786 -0.176461
v -0.358088 0.584029 -0.748632
v -0.232660 0.451958 -0.692791
v -0.382833 1.111223 -0.317709
v -0.393000 0.634009 -0.749891
v -0.274232 1.113721 -0.214810
v -0.348262 1.130513 -0.339260
v -0.310353 1.125656 -0.267696
v -0.348915 0.658490 -0.777221
v -0.320847 0.604648 -0.771638
v -0.294729 0.535457 -0.746186
v -0.222222 0.458283 -0.699930
v -0.210110 0.463301 -0.705270
v -0.248879 0.549521 -0.763073
v -0.254169 1.107676 -0.197831
v -0.308744 1.145485 -0.354895
v -0.298538 0.677472 -0.797026
v -0.278313 0.620616 -0.788286
v -0.238552 1.151290 -0.307822
v -0.265772 1.155573 -0.364032
v -0.243813 0.690227 -0.808542
v -0.232111 0.631327 -0.797939
v -0.196820 0.466810 -0.708591
v -0.163275 0.579270 -0.778221
v -0.182844 0.468699 -0.709791
v -0.200541 0.560664 -0.772306
v -0.222701 1.146309 -0.286425
v -0.221018 1.160384 -0.366310
v -0.183700 0.616972 -0.793943
v -0.144305 0.696348 -0.807416
v -0.120365 0.630798 -0.791018
v -0.155745 1.107794 -0.596602
v -0.168725 0.468876 -0.708806
v -0.212845 1.113478 -0.201663
v -0.138786 0.838094 -0.798993
v -0.180817 1.151539 -0.304299
v -0.157065 1.159766 -0.375139
v -0.162735 0.451349 -0.690875
v -0.126043 0.561300 -0.764637
v -0.150786 0.515047 -0.742683
v -0.199107 1.112016 -0.198628
v -0.176901 1.137157 -0.256738
v -0.186156 1.052416 -0.116925
v -0.201498 1.044636 -0.108353
v -0.271514 1.073453 -0.150975
v -0.225432 0.430071 -0.669210
v -0.259468 1.089990 -0.170957
v -0.235066 1.100195 -0.181832
v -0.140430 0.777650 -0.808246
v -0.164917 1.140648 -0.522592
v -0.150015 1.074351 -0.647592
v -0.143993 1.018273 -0.706717
v -0.140163 0.951751 -0.754028
v -0.114766 1.149597 -0.450822
v -0.072853 1.116362 -0.539332
v -0.068839 1.039287 -0.660975
v -0.160231 0.456647 -0.695974
v -0.063132 0.977607 -0.714274
v -0.062720 0.907038 -0.755472
v 0.023389 0.865649 -0.728021
v -0.010344 0.728215 -0.767983
v -0.060285 1.136229 -0.429157
v -0.009538 1.098242 -0.510882
v 0.011335 1.055827 -0.577693
v 0.003874 1.021373 -0.631980
v 0.010282 0.959508 -0.684989
v 0.071687 1.027983 -0.537143
v 0.068593 0.994743 -0.592595
v 0.075621 0.932610 -0.645215
v 0.083857 0.837900 -0.687579
v 0.065700 0.764015 -0.717751
v 0.040469 0.705613 -0.734906
v -0.011770 1.116327 -0.399711
v 0.024067 1.088389 -0.467422
v 0.111612 0.731876 -0.672981
v 0.082515 0.676988 -0.694922
v 0.028906 1.090660 -0.363609
v 0.091683 1.040277 -0.428539
v 0.121318 0.992984 -0.488417
v 0.122823 0.960433 -0.544330
v 0.130374 0.897954 -0.596474
v 0.158318 0.952178 -0.433382
v 0.164498 0.919728 -0.489054
v 0.172440 0.856857 -0.540648
v 0.170796 0.762234 -0.583977
v 0.145924 0.694361 -0.622362
v 0.114188 0.643428 -0.649558
v 0.060189 1.060204 -0.322234
v 0.107283 1.023383 -0.377677
v 0.167304 0.652906 -0.567854
v 0.134263 0.606231 -0.600566
v 0.080848 1.026155 -0.277180
v 0.146778 0.961128 -0.323240
v 0.181263 0.907134 -0.374171
v 0.192000 0.874229 -0.428874
v 0.200197 0.810913 -0.479876
v 0.204278 0.825671 -0.366106
v 0.212582 0.761880 -0.416502
v 0.202123 0.669690 -0.463681
v 0.180709 0.623234 -0.505869
v 0.144679 0.566500 -0.543275
v 0.090130 0.989788 -0.230186
v 0.154086 0.917300 -0.266921
v 0.189279 0.859571 -0.313053
v 0.137009 0.526718 -0.499295
v 0.087645 0.952526 -0.183042
v 0.147350 0.872856 -0.211018
v 0.182050 0.811325 -0.252360
v 0.200864 0.775905 -0.303173
v 0.209118 0.711621 -0.352956
v 0.195081 0.621447 -0.402984
v 0.178621 0.589493 -0.455871
v 0.189939 0.662109 -0.291673
v 0.173067 0.574348 -0.345016
v 0.148317 0.521265 -0.402186
v 0.119575 0.487460 -0.450906
v 0.073503 0.915793 -0.137575
v 0.126832 0.829493 -0.157677
v 0.159859 0.764257 -0.194449
v 0.181883 0.726863 -0.242481
v 0.048249 0.881003 -0.095527
v 0.093315 0.788886 -0.108949
v 0.123555 0.720168 -0.141531
v 0.148066 0.680426 -0.186369
v 0.155781 0.615226 -0.235019
v 0.136929 0.530207 -0.292026
v 0.115086 0.480573 -0.353340
v 0.090345 0.450560 -0.406518
v 0.107956 0.572766 -0.185170
v 0.088053 0.490721 -0.246045
v 0.070117 0.444169 -0.310927
v 0.050429 0.417429 -0.367831
v 0.012848 0.849490 -0.058510
v 0.048087 0.752598 -0.066707
v 0.074543 0.680747 -0.095650
v 0.100715 0.638389 -0.136986
v -0.180365 1.048785 -0.113233
v -0.007104 0.722021 -0.032580
v 0.014688 0.647518 -0.058551
v 0.041650 0.602345 -0.096242
v 0.048310 0.536383 -0.144034
v 0.028325 0.457410 -0.208836
v 0.015133 0.413444 -0.276594
v 0.001370 0.389346 -0.336349
v -0.031339 0.822456 -0.027946
v -0.039971 0.431552 -0.181825
v -0.047756 0.389577 -0.251653
v -0.054955 0.367384 -0.313280
v -0.082601 0.800957 -0.005019
v -0.070139 0.698325 -0.007875
v -0.053693 0.621755 -0.031678
v -0.026869 0.573671 -0.065698
v -0.198113 1.039786 -0.103319
v -0.020882 0.507442 -0.113204
v -0.138613 0.682420 0.006463
v -0.127988 0.604450 -0.016052
v -0.102190 0.553510 -0.046521
v -0.096945 0.487083 -0.093854
v -0.114197 0.414141 -0.166058
v -0.116127 0.373488 -0.237070
v -0.116373 0.352395 -0.299492
v -0.138995 0.785796 0.009402
v -0.191520 0.405841 -0.162139
v -0.187358 0.365793 -0.233404
v -0.180530 0.344950 -0.295534
v -0.198329 0.777580 0.014754
v -0.209877 0.674928 0.009877
v -0.205319 0.596263 -0.012282
v -0.181434 0.542601 -0.039456
v -0.176965 0.476082 -0.086728
v -0.282738 0.597518 -0.020507
v -0.261548 0.541385 -0.044767
v -0.257861 0.474857 -0.092104
v -0.268952 0.406974 -0.170222
v -0.258706 0.366792 -0.240785
v -0.244949 0.345336 -0.301553
v -0.258327 0.776627 0.010834
v -0.261820 0.695222 0.007702
v -0.327435 0.376442 -0.258946
v -0.307162 0.353538 -0.317307
v -0.316690 0.782956 -0.002206
v -0.349832 0.685980 -0.016159
v -0.357254 0.608157 -0.040414
v -0.339468 0.549879 -0.062269
v -0.336529 0.483455 -0.109779
v -0.412175 0.567801 -0.091257
v -0.409941 0.501548 -0.139067
v -0.412362 0.437011 -0.220682
v -0.391746 0.400754 -0.272224
v -0.371046 0.372202 -0.340580
v -0.371186 0.796317 -0.023868
v -0.413141 0.704095 -0.044609
v -0.426006 0.627771 -0.071236
v -0.415603 0.391845 -0.375275
v -0.419709 0.816218 -0.053322
v -0.468702 0.729782 -0.082022
v -0.486361 0.655617 -0.111790
v -0.476892 0.594425 -0.130644
v -0.475282 0.528446 -0.178842
v -0.472832 0.464757 -0.261128
v -0.440902 0.423875 -0.298508
v -0.531130 0.628744 -0.178909
v -0.530036 0.563107 -0.227582
v -0.522608 0.499677 -0.309768
v -0.496400 0.458684 -0.354799
v -0.463231 0.424870 -0.415401
v -0.460379 0.841888 -0.089426
v -0.514365 0.762062 -0.126948
v -0.535992 0.690613 -0.160519
v -0.489318 0.454032 -0.460620
v -0.491649 0.872338 -0.130797
v -0.548395 0.799687 -0.177686
v -0.572989 0.731417 -0.215544
v -0.572798 0.669442 -0.234186
v -0.572099 0.604204 -0.283403
v -0.559774 0.540425 -0.364732
v -0.528477 0.492464 -0.393178
v -0.599858 0.650147 -0.344183
v -0.582898 0.585429 -0.423907
v -0.548268 0.531007 -0.474287
v -0.509395 0.491232 -0.509605
v -0.512318 0.906391 -0.175845
v -0.569461 0.841210 -0.232252
v -0.595937 0.776468 -0.274758
v -0.600302 0.714942 -0.294366
v -0.521596 0.942751 -0.222851
v -0.576769 0.885036 -0.288570
v -0.603951 0.824029 -0.335883
v -0.612581 0.763506 -0.357124
v -0.612243 0.699190 -0.407545
v -0.591099 0.632972 -0.485014
v -0.555899 0.574800 -0.530595
v -0.517098 0.530634 -0.560345
v -0.608779 0.749433 -0.471102
v -0.592713 0.685495 -0.519377
v -0.561576 0.623916 -0.563066
v -0.519108 0.980014 -0.269980
v -0.563448 0.930833 -0.317570
v -0.593859 0.874516 -0.368237
v -0.609166 0.813259 -0.420073
v -0.279099 1.073118 -0.152618
v -0.549514 0.972841 -0.397815
v -0.574532 0.919343 -0.454476
v -0.303425 0.468849 -0.692677
v -0.590185 0.862300 -0.480760
v -0.247075 0.436401 -0.674256
v -0.589602 0.798951 -0.532374
v -0.310982 1.085817 -0.182502
v -0.562045 0.728313 -0.603683
v -0.383047 1.084616 -0.237647
v -0.529283 0.662656 -0.639950
v -0.494707 0.609998 -0.659281
v -0.504969 1.016750 -0.315453
v -0.525903 0.772450 -0.656679
v -0.496055 0.703339 -0.688807
v -0.465475 0.646900 -0.703667
v -0.481584 1.053224 -0.383986
v -0.515997 1.013449 -0.446544
v -0.538229 0.963434 -0.507399
v -0.556370 0.908737 -0.536872
v -0.555443 0.845835 -0.589032
v -0.489209 1.002856 -0.553281
v -0.271597 0.496641 -0.725266
v -0.509020 0.950788 -0.586248
v -0.291833 1.101264 -0.198976
v -0.507619 0.888286 -0.638888
v -0.477028 0.811930 -0.702666
v -0.339378 1.121039 -0.280185
v -0.451086 0.739751 -0.731215
v -0.425563 0.680036 -0.742346
v -0.441869 1.084988 -0.420938
v -0.476720 1.050104 -0.461689
v -0.396097 0.770479 -0.765550
v -0.376503 0.708112 -0.773827
v -0.393436 1.111735 -0.450785
v -0.415580 1.080320 -0.522909
v -0.429360 1.036081 -0.590378
v -0.449951 0.986835 -0.626996
v -0.447968 0.924684 -0.680017
v -0.360977 1.061840 -0.617256
v -0.214850 0.517934 -0.747509
v -0.381440 1.015500 -0.657536
v -0.378781 0.953613 -0.710853
v -0.349004 0.871108 -0.766880
v -0.285037 1.142637 -0.301924
v -0.333209 0.794341 -0.790489
v -0.320190 0.730072 -0.796902
v -0.338150 1.132440 -0.472349
v -0.366149 1.106242 -0.523560
v -0.264841 0.810426 -0.805073
v -0.258769 0.745069 -0.810688
v -0.278124 1.146310 -0.484825
v -0.284071 1.119914 -0.561958
v -0.286690 1.079145 -0.632880
v -0.306112 1.035666 -0.676716
v -0.236940 1.104050 -0.188311
v -0.302714 0.973971 -0.730206
v -0.236138 1.122070 -0.220777
v -0.175037 0.508794 -0.740109
v -0.226871 1.046576 -0.683777
v -0.222701 0.984981 -0.737324
v -0.216457 1.134028 -0.248052
v -0.197456 0.896818 -0.786565
v -0.198622 0.833209 -0.805199
v -0.207249 1.162219 -0.406226
v -0.189460 0.757406 -0.814506
v -0.215674 1.152811 -0.487729
v -0.176836 0.672941 -0.808220
v -0.212803 1.127411 -0.565367
v -0.209356 1.087331 -0.636651
v -0.142084 0.736953 -0.809806
v -0.183159 1.157159 -0.460845
v -0.160135 1.126047 -0.560372
v -0.138997 0.896395 -0.780186
v -0.520533 1.490558 -0.691536
v -0.536115 1.336303 -0.788190
v -0.542414 1.257282 -0.807999
v -0.547779 1.175845 -0.812101
v -0.539850 0.998435 -0.765498
v -0.478417 1.606801 -0.441749
v -0.457841 1.486004 -0.689947
v -0.457604 1.330581 -0.785976
v -0.461577 1.251385 -0.805706
v -0.467719 1.170008 -0.809817
v -0.460240 1.068106 -0.790977
v -0.535203 0.796776 -0.522305
v -0.462488 1.605322 -0.438110
v -0.396755 1.480348 -0.676188
v -0.382849 1.244084 -0.787722
v -0.389751 1.162759 -0.791992
v -0.417828 1.006833 -0.755645
v -0.519274 0.795298 -0.518666
v -0.447597 1.603614 -0.431435
v -0.339629 1.473822 -0.650785
v -0.318097 1.390288 -0.705321
v -0.309256 1.235630 -0.754737
v -0.316878 1.154404 -0.759314
v -0.504384 0.793590 -0.511991
v -0.434319 1.601743 -0.421982
v -0.288638 1.466660 -0.614717
v -0.243631 1.226390 -0.708020
v -0.251891 1.145241 -0.713034
v -0.279594 1.087505 -0.722301
v -0.491105 0.791719 -0.502538
v -0.423162 1.599781 -0.410114
v -0.245739 1.459140 -0.569362
v -0.208755 1.373151 -0.610001
v -0.188492 1.216693 -0.649367
v -0.197295 1.135648 -0.654941
v -0.479948 0.789757 -0.490670
v -0.492237 1.610111 -0.407707
v -0.501792 1.610621 -0.406093
v -0.519094 1.610981 -0.397519
v -0.526176 1.610818 -0.390889
v -0.535854 1.609837 -0.374204
v -0.538077 1.609057 -0.364791
v -0.533482 1.605931 -0.336597
v -0.536868 1.607065 -0.345619
v -0.444795 1.604084 -0.380544
v -0.464336 1.607521 -0.401332
v -0.473143 1.608531 -0.405280
v -0.528392 1.604761 -0.328419
v -0.449885 1.605254 -0.388722
v -0.482564 1.609406 -0.407432
v -0.441410 1.602949 -0.371522
v -0.439858 1.601894 -0.362002
v -0.440201 1.600958 -0.352350
v -0.442424 1.600178 -0.342937
v -0.456483 1.606415 -0.395741
v -0.452101 1.599197 -0.326252
v -0.467417 1.599101 -0.314487
v -0.476485 1.599394 -0.311048
v -0.521794 1.603600 -0.321400
v -0.513941 1.602494 -0.315809
v -0.486040 1.599904 -0.309434
v -0.495714 1.600609 -0.309709
v -0.505135 1.601484 -0.311861
v -0.414556 1.597802 -0.396286
v -0.212602 1.451556 -0.516479
v -0.145957 1.206911 -0.581028
v -0.155181 1.125960 -0.587254
v -0.179757 1.068865 -0.605253
v -0.471342 0.787778 -0.476842
v -0.408832 1.595884 -0.381030
v -0.190491 1.444202 -0.458088
v -0.117662 1.197433 -0.505633
v -0.127173 1.116564 -0.512581
v -0.465618 0.785860 -0.461586
v -0.406208 1.594099 -0.364933
v -0.180253 1.437354 -0.396440
v -0.104695 1.188615 -0.426081
v -0.114343 1.107838 -0.433794
v -0.179218 0.959214 -0.444944
v -0.462995 0.784075 -0.445489
v -0.406787 1.592517 -0.348613
v -0.182283 1.431280 -0.333903
v -0.107553 1.180798 -0.345425
v -0.117186 1.100097 -0.353915
v -0.463574 0.782493 -0.429169
v -0.410546 1.591197 -0.332697
v -0.196500 1.426200 -0.272864
v -0.126128 1.174268 -0.266763
v -0.135596 1.093633 -0.276017
v -0.467332 0.781173 -0.413253
v -0.417341 1.590192 -0.317797
v -0.295614 1.512772 -0.251746
v -0.222363 1.422327 -0.215693
v -0.159703 1.169305 -0.193126
v -0.168860 1.088710 -0.203094
v -0.474127 0.780168 -0.398353
v -0.426909 1.589539 -0.304486
v -0.329200 1.510802 -0.207086
v -0.258875 1.419808 -0.164581
v -0.206990 1.166079 -0.127336
v -0.215701 1.085525 -0.137945
v -0.483695 0.779515 -0.385042
v -0.438885 1.589263 -0.293274
v -0.354768 1.510223 -0.184412
v -0.304639 1.418725 -0.121474
v -0.266173 1.164717 -0.071924
v -0.274326 1.084173 -0.083078
v -0.495671 0.779239 -0.373830
v -0.452806 1.589376 -0.284594
v -0.402846 1.510868 -0.155851
v -0.357882 1.419136 -0.088057
v -0.334976 1.165273 -0.029021
v -0.342467 1.084731 -0.040599
v -0.509593 0.779352 -0.365150
v -0.468140 1.589873 -0.278778
v -0.416565 1.421020 -0.065598
v -0.410754 1.167733 -0.000272
v -0.417524 1.087155 -0.012143
v -0.524926 0.779849 -0.359334
v -0.484295 1.590734 -0.276049
v -0.478451 1.424294 -0.054952
v -0.481910 1.332650 -0.010203
v -0.490601 1.171980 0.013214
v -0.496596 1.091375 0.001201
v -0.541081 0.780710 -0.356605
v -0.500652 1.591927 -0.276514
v -0.541130 1.428850 -0.056546
v -0.571439 1.177872 0.010920
v -0.576653 1.097212 -0.001084
v -0.559350 1.037004 -0.017306
v -0.557438 0.781903 -0.357070
v -0.516581 1.593405 -0.280153
v -0.602208 1.434501 -0.070307
v -0.650159 1.185191 -0.007063
v -0.654622 1.104446 -0.018911
v -0.573367 0.783381 -0.360709
v -0.531471 1.595113 -0.286828
v -0.659347 1.441032 -0.095712
v -0.723757 1.193619 -0.040051
v -0.727496 1.112807 -0.051589
v -0.711027 0.963571 -0.113859
v -0.588258 0.785089 -0.367384
v -0.544750 1.596984 -0.296281
v -0.710341 1.448194 -0.131782
v -0.789379 1.202872 -0.086765
v -0.792480 1.121968 -0.097866
v -0.601536 0.786960 -0.376837
v -0.514061 0.785103 -0.477420
v -0.540141 0.788094 -0.489111
v -0.591060 0.784619 -0.418275
v -0.594445 0.785754 -0.427298
v -0.585970 0.783449 -0.410097
v -0.553291 0.779298 -0.391387
v -0.571518 0.781182 -0.397487
v -0.562712 0.780172 -0.393540
v -0.595654 0.787745 -0.446470
v -0.593431 0.788526 -0.455883
v -0.589413 0.789120 -0.464695
v -0.521914 0.786210 -0.483011
v -0.583754 0.789506 -0.472567
v -0.579372 0.782288 -0.403078
v -0.576671 0.789669 -0.479198
v -0.559370 0.789309 -0.487772
v -0.568438 0.789603 -0.484332
v -0.504019 0.778271 -0.415803
v -0.530720 0.787220 -0.486958
v -0.516761 0.777722 -0.401300
v -0.543618 0.778592 -0.391113
v -0.507463 0.783942 -0.470401
v -0.497436 0.780582 -0.443680
v -0.500001 0.778866 -0.424615
v -0.509679 0.777885 -0.407931
v -0.502373 0.782772 -0.462223
v -0.534063 0.778083 -0.392726
v -0.497778 0.779646 -0.434028
v -0.524995 0.777789 -0.396166
v -0.498987 0.781638 -0.453200
v -0.555907 1.598947 -0.308150
v -0.753227 1.455713 -0.177132
v -0.844518 1.212575 -0.145418
v -0.847077 1.131574 -0.155961
v -0.814657 0.979846 -0.204407
v -0.612693 0.788922 -0.388706
v -0.564512 1.600925 -0.321977
v -0.786359 1.463296 -0.230009
v -0.887053 1.222349 -0.213756
v -0.889190 1.141255 -0.223647
v -0.621299 0.790901 -0.402533
v -0.570237 1.602844 -0.337233
v -0.808481 1.470649 -0.288407
v -0.915347 1.231836 -0.289149
v -0.917201 1.150640 -0.298325
v -0.627023 0.792819 -0.417789
v -0.572860 1.604628 -0.353330
v -0.555640 1.606374 -0.354235
v -0.629440 1.591722 -0.351102
v -0.739707 1.541356 -0.349380
v -0.704568 1.561739 -0.349479
v -0.772711 1.517631 -0.349764
v -0.803261 1.490792 -0.350625
v -0.831063 1.461099 -0.351955
v -0.855850 1.428837 -0.353743
v -0.895452 1.357871 -0.358617
v -0.877382 1.394317 -0.355971
v -0.909887 1.319850 -0.361656
v -0.920546 1.280620 -0.365058
v -0.930168 1.200055 -0.372820
v -0.927329 1.240560 -0.368792
v -0.923949 1.119270 -0.381604
v -0.929038 1.159494 -0.377104
v -0.914948 1.079768 -0.386275
v -0.902125 1.041370 -0.391072
v -0.876433 0.986397 -0.398402
v -0.885601 1.004446 -0.395949
v -0.702287 0.822517 -0.426406
v -0.612822 0.790706 -0.435352
v -0.647606 0.800558 -0.432135
v -0.572281 1.606211 -0.369650
v -0.769157 1.525594 -0.394787
v -0.829536 1.468030 -0.416380
v -0.925457 1.248468 -0.449367
v -0.927185 1.167125 -0.456988
v -0.629068 0.796187 -0.450206
v -0.568523 1.607530 -0.385566
v -0.758431 1.530076 -0.447435
v -0.906883 1.254991 -0.528024
v -0.908776 1.173578 -0.534886
v -0.625309 0.797506 -0.466122
v -0.561728 1.608535 -0.400466
v -0.737626 1.533550 -0.497067
v -0.828537 1.412280 -0.566545
v -0.873306 1.259961 -0.601664
v -0.875509 1.178498 -0.607812
v -0.618514 0.798511 -0.481022
v -0.552160 1.609188 -0.413777
v -0.707542 1.535884 -0.541752
v -0.826018 1.263188 -0.667452
v -0.828669 1.181698 -0.672955
v -0.836352 1.119884 -0.655413
v -0.608946 0.799164 -0.494333
v -0.540184 1.609464 -0.424989
v -0.669335 1.536995 -0.579773
v -0.732224 1.416444 -0.676279
v -0.766836 1.264548 -0.722863
v -0.770046 1.183041 -0.727824
v -0.596970 0.799440 -0.505545
v -0.526262 1.609351 -0.433670
v -0.624488 1.536822 -0.609690
v -0.698033 1.263986 -0.765768
v -0.701903 1.182493 -0.770301
v -0.718313 1.121590 -0.755821
v -0.583049 0.799327 -0.514225
v -0.510929 1.608855 -0.439486
v -0.622261 1.261550 -0.794510
v -0.626854 1.180064 -0.798757
v -0.567715 0.798831 -0.520042
v -0.494774 1.607993 -0.442214
v -0.511411 1.391404 -0.765085
v -0.534968 1.073912 -0.796643
v -0.532658 0.941108 -0.729110
v -0.551560 0.797969 -0.522770
v -0.463134 1.582218 -0.540404
v -0.450582 1.547767 -0.608314
v -0.487528 0.994557 -0.762772
v -0.510477 0.814812 -0.571279
v -0.406278 1.541247 -0.599926
v -0.450691 0.907259 -0.692925
v -0.463398 0.853453 -0.631909
v -0.456401 1.594769 -0.496528
v -0.491749 0.885294 -0.676550
v -0.511564 0.845910 -0.628050
v -0.529659 0.792445 -0.509889
v -0.473120 1.607863 -0.428955
v -0.397119 1.575202 -0.516371
v -0.361221 1.538059 -0.573727
v -0.401083 0.901597 -0.670954
v -0.426456 0.848980 -0.612935
v -0.466983 0.811428 -0.555175
v -0.479143 0.822260 -0.581130
v -0.516330 0.791061 -0.505366
v -0.459751 1.606488 -0.424542
v -0.434253 1.593273 -0.485175
v -0.410671 1.564662 -0.556165
v -0.323746 1.530399 -0.548990
v -0.356796 0.895388 -0.639724
v -0.393992 0.844135 -0.587105
v -0.445711 0.808217 -0.537877
v -0.406983 1.589014 -0.473471
v -0.504164 0.789507 -0.498324
v -0.447519 1.604941 -0.417615
v -0.332264 1.558734 -0.474617
v -0.292172 1.526637 -0.507571
v -0.319525 0.888863 -0.600425
v -0.367255 0.839107 -0.555424
v -0.428242 0.804885 -0.516717
v -0.493617 0.787846 -0.489047
v -0.436876 1.603280 -0.408414
v -0.386650 1.585769 -0.455182
v -0.343390 1.555418 -0.510648
v -0.267245 1.518609 -0.470291
v -0.290697 0.882286 -0.554572
v -0.347255 0.834093 -0.519102
v -0.415271 0.801576 -0.492559
v -0.485094 0.786137 -0.477867
v -0.428268 1.601573 -0.397329
v -0.370303 1.582441 -0.433255
v -0.251647 1.512928 -0.424165
v -0.271441 0.875900 -0.503941
v -0.334770 0.829284 -0.479539
v -0.407293 0.798407 -0.466315
v -0.478951 0.784449 -0.465238
v -0.422002 1.599883 -0.384743
v -0.358583 1.579160 -0.408532
v -0.298873 1.545549 -0.442786
v -0.245390 1.507680 -0.375813
v -0.262477 0.869956 -0.450464
v -0.330282 0.824862 -0.438249
v -0.404612 0.795496 -0.438938
v -0.475383 0.782850 -0.451645
v -0.418342 1.598281 -0.371190
v -0.351949 1.576057 -0.381976
v -0.287442 1.540855 -0.403620
v -0.248714 1.503066 -0.327103
v -0.264165 0.864672 -0.396189
v -0.333962 0.821000 -0.396813
v -0.407332 0.792968 -0.411587
v -0.417386 1.596815 -0.357136
v -0.474564 0.781394 -0.437597
v -0.350631 1.573239 -0.354602
v -0.283893 1.536554 -0.362913
v -0.322609 1.548539 -0.300799
v -0.265595 1.501915 -0.277708
v -0.276425 0.860266 -0.343220
v -0.345675 0.817843 -0.356843
v -0.415364 0.790907 -0.385207
v -0.476500 0.780142 -0.423622
v -0.419196 1.595552 -0.343173
v -0.357442 1.572523 -0.330669
v -0.288393 1.532828 -0.322248
v -0.290388 1.484604 -0.206468
v -0.298793 0.856897 -0.293586
v -0.364950 0.815521 -0.319868
v -0.428378 0.789400 -0.360887
v -0.377421 1.575515 -0.305330
v -0.481135 0.779140 -0.410307
v -0.359573 1.545152 -0.240711
v -0.330412 0.854699 -0.249185
v -0.391069 0.814111 -0.287310
v -0.445890 0.788502 -0.339531
v -0.488287 0.778429 -0.398109
v -0.430747 1.593813 -0.317543
v -0.379409 1.569223 -0.282024
v -0.330274 1.537659 -0.255694
v -0.368325 1.483462 -0.140022
v -0.370064 0.853754 -0.211730
v -0.423016 0.813679 -0.260407
v -0.467185 0.788253 -0.321965
v -0.407366 1.573731 -0.266270
v -0.497672 0.778033 -0.387525
v -0.416675 1.545023 -0.199161
v -0.416224 0.854101 -0.182662
v -0.459560 0.814233 -0.240210
v -0.491524 0.788653 -0.308855
v -0.508917 0.777971 -0.378948
v -0.451218 1.593326 -0.298206
v -0.418291 1.568306 -0.245376
v -0.384230 1.536074 -0.201725
v -0.438778 1.496238 -0.124439
v -0.467128 0.855721 -0.163099
v -0.499317 0.815754 -0.227481
v -0.517886 0.789692 -0.300723
v -0.443590 1.567294 -0.229293
v -0.521624 0.778242 -0.372732
v -0.463877 1.593584 -0.291872
v -0.489356 1.539359 -0.169072
v -0.490545 1.502081 -0.120786
v -0.520797 0.858560 -0.153789
v -0.540742 0.818183 -0.222722
v -0.545336 0.791331 -0.297862
v -0.535281 0.778838 -0.369088
v -0.477485 1.594161 -0.288104
v -0.470237 1.568487 -0.222490
v -0.454529 1.528262 -0.159221
v -0.536106 1.502705 -0.120848
v -0.575190 0.862505 -0.155089
v -0.582237 0.821434 -0.226096
v -0.572736 0.793506 -0.300382
v -0.549380 0.779734 -0.368173
v -0.491580 1.595047 -0.287066
v -0.497709 1.570262 -0.220987
v -0.564058 1.545899 -0.182183
v -0.585088 1.510347 -0.137275
v -0.628214 0.867401 -0.166957
v -0.622219 0.825365 -0.237501
v -0.599113 0.796130 -0.308211
v -0.563350 0.780897 -0.370014
v -0.505566 1.596198 -0.288780
v -0.524877 1.572553 -0.224861
v -0.536088 1.534016 -0.159609
v -0.627128 1.512450 -0.154671
v -0.677821 0.873062 -0.188932
v -0.659162 0.829844 -0.256482
v -0.623424 0.799110 -0.321032
v -0.576686 0.782282 -0.374537
v -0.518946 1.597577 -0.293197
v -0.550727 1.575270 -0.233948
v -0.665848 1.518103 -0.184205
v -0.722107 0.879274 -0.220160
v -0.691630 0.834691 -0.282305
v -0.644712 0.802327 -0.338332
v -0.531184 1.599124 -0.300131
v -0.588857 0.783836 -0.381572
v -0.574299 1.578310 -0.247919
v -0.611060 1.542404 -0.191102
v -0.698009 1.523991 -0.220755
v -0.759384 0.885795 -0.259460
v -0.718373 0.839714 -0.313999
v -0.662177 0.805652 -0.359493
v -0.599409 0.785499 -0.390873
v -0.541812 1.600781 -0.309315
v -0.594628 1.581553 -0.266204
v -0.642421 1.547195 -0.217177
v -0.722357 1.529889 -0.262911
v -0.788204 0.892376 -0.305309
v -0.738370 0.844728 -0.350318
v -0.675142 0.808963 -0.383655
v -0.550422 1.602488 -0.320408
v -0.607911 0.787205 -0.402036
v -0.610965 1.584878 -0.288123
v -0.668050 1.552147 -0.248903
v -0.667504 1.574586 -0.319596
v -0.735302 1.538333 -0.312790
v -0.678030 0.809870 -0.403220
v -0.816664 0.912473 -0.338549
v -0.614076 0.788895 -0.414670
v -0.556682 1.604180 -0.332992
v -0.618418 1.588920 -0.311588
v -0.686931 1.557067 -0.285036
v -0.686505 1.571068 -0.349649
v -0.842125 0.936421 -0.405756
v -0.854641 0.952303 -0.403317
v -0.815591 0.905976 -0.410591
v -0.786190 0.878308 -0.415320
v -0.754206 0.853684 -0.419895
v -0.719946 0.832341 -0.424272
v -0.665564 0.806512 -0.430384
v -0.615089 1.595924 -0.343037
v -0.852312 0.948217 -0.373194
v -0.785904 0.876683 -0.382596
v -0.733682 0.837846 -0.390394
v -0.617627 0.790495 -0.428258
v -0.786532 0.881073 -0.452191
v -0.829253 0.924576 -0.451377
v -0.722391 1.555821 -0.382632
v -0.714286 1.559646 -0.426806
v -0.643135 1.591014 -0.403660
v -0.818796 0.929430 -0.507565
v -0.777632 0.885162 -0.499577
v -0.721901 0.838179 -0.471223
v -0.616508 0.793204 -0.456283
v -0.559490 1.608511 -0.374565
v -0.759638 0.888355 -0.544395
v -0.611875 0.794202 -0.469601
v -0.697712 1.562641 -0.468603
v -0.797569 0.933229 -0.560713
v -0.563426 1.608725 -0.421357
v -0.673299 1.564693 -0.506433
v -0.614964 1.594501 -0.458575
v -0.766377 0.935822 -0.608786
v -0.733263 0.890536 -0.584897
v -0.694529 0.842758 -0.536580
v -0.604733 0.794914 -0.481796
v -0.595358 0.795311 -0.492380
v -0.657530 0.841799 -0.571443
v -0.538653 1.610659 -0.410853
v -0.641990 1.565720 -0.538842
v -0.726434 0.937116 -0.649925
v -0.699505 0.891620 -0.619548
v -0.561545 1.588931 -0.525955
v -0.604991 1.565685 -0.564571
v -0.679270 0.937057 -0.682555
v -0.659657 0.891550 -0.647003
v -0.584084 0.795370 -0.500947
v -0.583754 0.851516 -0.625312
v -0.571397 0.795101 -0.507171
v -0.615573 0.842131 -0.599451
v -0.539509 1.594445 -0.511197
v -0.563719 1.564589 -0.582644
v -0.611264 0.877131 -0.651216
v -0.585177 0.933957 -0.715428
v -0.551606 0.884741 -0.675550
v -0.567941 1.394065 -0.758612
v -0.557726 0.794509 -0.510830
v -0.501200 1.609899 -0.429625
v -0.590004 1.058151 -0.784324
v -0.505783 1.585827 -0.541023
v -0.505792 1.553760 -0.608997
v -0.544978 0.788447 -0.489248
v -0.542687 0.840027 -0.616573
v -0.555286 0.814428 -0.567372
v -0.487119 1.609016 -0.430664
v -0.486189 1.598076 -0.496851
v -0.444433 1.599881 -0.338531
v -0.455642 1.599115 -0.322936
v -0.537643 1.607593 -0.350379
v -0.595826 0.787277 -0.441644
v -0.533845 1.610135 -0.378610
v -0.514977 1.610947 -0.400086
v -0.589011 1.002175 -0.759669
v -0.556821 1.461352 -0.714005
v -0.575193 1.338579 -0.783530
v -0.582651 1.259624 -0.803209
v -0.587622 1.178157 -0.807364
v -0.488054 1.501900 -0.676938
v -0.472573 1.423801 -0.742956
v -0.499267 1.294606 -0.800841
v -0.544645 0.790061 -0.496839
v -0.504742 1.213968 -0.812865
v -0.510713 1.132560 -0.808995
v -0.417004 1.104071 -0.792018
v -0.448988 0.969617 -0.741815
v -0.428584 1.496983 -0.669470
v -0.402238 1.417612 -0.730316
v -0.399202 1.344919 -0.767799
v -0.419876 1.288050 -0.790758
v -0.424572 1.207325 -0.802672
v -0.327077 1.337053 -0.739542
v -0.344082 1.280205 -0.765406
v -0.348045 1.199420 -0.777059
v -0.344811 1.096215 -0.763933
v -0.364701 1.019402 -0.743855
v -0.388666 0.963145 -0.719307
v -0.371791 1.491120 -0.650553
v -0.356161 1.428921 -0.700897
v -0.304573 1.011372 -0.705557
v -0.333986 0.955947 -0.685466
v -0.319866 1.484527 -0.620928
v -0.275860 1.402322 -0.665642
v -0.261961 1.328331 -0.697752
v -0.274810 1.271418 -0.725755
v -0.278104 1.190531 -0.737011
v -0.206358 1.319091 -0.644036
v -0.214713 1.261985 -0.673331
v -0.217433 1.181019 -0.684066
v -0.223863 1.078268 -0.668721
v -0.253169 1.002868 -0.656247
v -0.287047 0.948297 -0.641589
v -0.274816 1.477474 -0.581725
v -0.243943 1.413113 -0.621133
v -0.212465 0.994208 -0.597812
v -0.249665 0.940477 -0.589363
v -0.238355 1.470218 -0.534454
v -0.184245 1.385143 -0.557470
v -0.162406 1.309689 -0.580459
v -0.166108 1.252294 -0.610151
v -0.168365 1.171232 -0.620261
v -0.130857 1.242714 -0.538637
v -0.132783 1.161549 -0.548043
v -0.148969 1.059652 -0.534329
v -0.178071 1.000148 -0.537109
v -0.218638 0.935709 -0.526231
v -0.211884 1.463038 -0.480925
v -0.156109 1.376662 -0.492029
v -0.131788 1.300478 -0.509461
v -0.208846 0.925564 -0.468122
v -0.196430 1.456216 -0.423206
v -0.141352 1.368695 -0.422279
v -0.115690 1.291825 -0.433781
v -0.110319 1.233603 -0.461541
v -0.112058 1.152364 -0.470196
v -0.132685 1.050990 -0.458686
v -0.161677 0.997774 -0.479079
v -0.106984 1.143997 -0.389702
v -0.131533 1.043202 -0.381221
v -0.167814 0.970554 -0.391455
v -0.206994 0.919033 -0.403779
v -0.192578 1.450005 -0.363512
v -0.140533 1.361531 -0.350905
v -0.114724 1.284056 -0.356314
v -0.105280 1.225323 -0.381827
v -0.200483 1.444655 -0.304139
v -0.153696 1.355472 -0.280650
v -0.128926 1.277464 -0.280047
v -0.115936 1.218183 -0.302553
v -0.117758 1.136789 -0.309658
v -0.145554 1.036595 -0.304918
v -0.180657 0.964458 -0.321143
v -0.217756 0.913472 -0.340222
v -0.143962 1.131027 -0.233145
v -0.174207 1.031430 -0.232705
v -0.206986 0.959686 -0.254581
v -0.240735 0.909082 -0.279893
v -0.219841 1.440370 -0.247359
v -0.180330 1.350732 -0.214204
v -0.157752 1.272308 -0.207906
v -0.141876 1.212474 -0.226772
v -0.437489 1.598207 -0.335477
v -0.219406 1.347492 -0.154132
v -0.200099 1.268789 -0.142657
v -0.182106 1.208384 -0.157389
v -0.184596 1.126904 -0.163095
v -0.216398 1.027882 -0.167364
v -0.245792 0.956415 -0.194333
v -0.275039 0.906033 -0.225119
v -0.249901 1.437303 -0.195359
v -0.270495 1.026111 -0.111400
v -0.295582 0.954769 -0.142718
v -0.319349 0.904455 -0.177991
v -0.289512 1.435592 -0.150151
v -0.269427 1.345894 -0.102744
v -0.254331 1.267041 -0.086824
v -0.235075 1.206101 -0.097081
v -0.450455 1.597322 -0.317440
v -0.238094 1.124593 -0.102204
v -0.328475 1.345979 -0.062001
v -0.318371 1.267120 -0.042536
v -0.298751 1.205703 -0.048156
v -0.302400 1.124190 -0.052813
v -0.334431 1.026172 -0.066961
v -0.354442 0.954815 -0.101714
v -0.371969 0.904404 -0.140323
v -0.337157 1.435276 -0.113442
v -0.405739 1.028069 -0.035760
v -0.420122 0.956562 -0.072885
v -0.430870 0.905869 -0.113582
v -0.391000 1.436383 -0.086664
v -0.394284 1.347755 -0.033476
v -0.389747 1.269044 -0.011507
v -0.370688 1.207198 -0.012496
v -0.375043 1.125698 -0.016820
v -0.465743 1.272717 0.005081
v -0.448120 1.210531 0.008526
v -0.453234 1.129071 0.004393
v -0.481686 1.031725 -0.018993
v -0.490076 0.959919 -0.057367
v -0.493787 0.908805 -0.098777
v -0.448962 1.438881 -0.070854
v -0.445977 1.368475 -0.029829
v -0.561629 0.964775 -0.055735
v -0.558309 0.913102 -0.096478
v -0.508838 1.442653 -0.066597
v -0.535865 1.356039 -0.016966
v -0.543406 1.278015 0.006581
v -0.528072 1.215581 0.014103
v -0.533960 1.134177 0.010011
v -0.607464 1.222152 0.004021
v -0.614125 1.140812 -0.000181
v -0.635740 1.043700 -0.030761
v -0.628804 0.984218 -0.059221
v -0.627654 0.922498 -0.105116
v -0.568313 1.447563 -0.074071
v -0.606204 1.362226 -0.029608
v -0.619767 1.284731 -0.007061
v -0.682281 0.925054 -0.129288
v -0.625092 1.453428 -0.092986
v -0.672626 1.369480 -0.055714
v -0.691889 1.292591 -0.035316
v -0.683255 1.229988 -0.021331
v -0.690655 1.148722 -0.025796
v -0.707935 1.051553 -0.058847
v -0.685521 0.994517 -0.077101
v -0.752532 1.238785 -0.060983
v -0.760596 1.157605 -0.065845
v -0.773155 1.060262 -0.100485
v -0.758502 0.999657 -0.123012
v -0.742684 0.936405 -0.163823
v -0.677011 1.460013 -0.122613
v -0.732576 1.377522 -0.094283
v -0.757003 1.301313 -0.077106
v -0.783892 0.939910 -0.207001
v -0.722072 1.467070 -0.161818
v -0.783757 1.386035 -0.143831
v -0.812601 1.310552 -0.130816
v -0.812622 1.248218 -0.113403
v -0.821266 1.167123 -0.118789
v -0.828879 1.069502 -0.154055
v -0.803696 1.011181 -0.161315
v -0.870333 1.176916 -0.182592
v -0.872993 1.078907 -0.217533
v -0.850805 1.003365 -0.239897
v -0.821280 0.947721 -0.259233
v -0.758543 1.474324 -0.209094
v -0.824191 1.394694 -0.202449
v -0.856554 1.319958 -0.194391
v -0.861232 1.257902 -0.176587
v -0.785004 1.481505 -0.262616
v -0.852323 1.403179 -0.267885
v -0.887172 1.329163 -0.265388
v -0.896482 1.267488 -0.248100
v -0.905915 1.186584 -0.254812
v -0.903776 1.088116 -0.288451
v -0.879243 1.011854 -0.305209
v -0.847685 0.955398 -0.317799
v -0.926640 1.195781 -0.332662
v -0.920548 1.114916 -0.342696
v -0.898981 1.037113 -0.354925
v -0.800461 1.488327 -0.320331
v -0.852703 1.425731 -0.318949
v -0.892049 1.354251 -0.320568
v -0.917019 1.276598 -0.325193
v -0.545304 1.607129 -0.349182
v -0.867901 1.418303 -0.409016
v -0.904242 1.345588 -0.418542
v -0.680393 0.814907 -0.456564
v -0.922059 1.284871 -0.404915
v -0.618443 0.791949 -0.442314
v -0.931713 1.204139 -0.413158
v -0.585828 1.605168 -0.369791
v -0.921212 1.104563 -0.441559
v -0.670937 1.581825 -0.390932
v -0.895461 1.027016 -0.446255
v -0.863948 0.969169 -0.444815
v -0.804308 1.494537 -0.380024
v -0.907191 1.111167 -0.517864
v -0.882621 1.033110 -0.516574
v -0.853183 0.974737 -0.508369
v -0.806457 1.487674 -0.460792
v -0.854738 1.424369 -0.479274
v -0.890039 1.352178 -0.494808
v -0.911402 1.292006 -0.484190
v -0.920939 1.211342 -0.493200
v -0.861209 1.357333 -0.566957
v -0.662727 0.818663 -0.506792
v -0.885462 1.297730 -0.559965
v -0.574145 1.607977 -0.396798
v -0.894732 1.217119 -0.569714
v -0.878538 1.116338 -0.590071
v -0.645887 1.586660 -0.457203
v -0.856288 1.037879 -0.583139
v -0.830204 0.979124 -0.568701
v -0.783023 1.491817 -0.518968
v -0.825447 1.444080 -0.522509
v -0.817486 1.041149 -0.643381
v -0.795898 0.982168 -0.623484
v -0.748686 1.494643 -0.571546
v -0.789030 1.432345 -0.605784
v -0.818865 1.360853 -0.632200
v -0.845231 1.301797 -0.629353
v -0.854099 1.221233 -0.639763
v -0.764635 1.362602 -0.688035
v -0.617695 0.820075 -0.553039
v -0.792260 1.304092 -0.689659
v -0.800603 1.223541 -0.700650
v -0.782250 1.121655 -0.711381
v -0.603009 1.588810 -0.502455
v -0.767695 1.042796 -0.695002
v -0.751587 0.983746 -0.670607
v -0.704788 1.496030 -0.616501
v -0.744707 1.449599 -0.635006
v -0.708834 1.042744 -0.736007
v -0.698964 0.983804 -0.708270
v -0.652988 1.495940 -0.652111
v -0.679958 1.433864 -0.697919
v -0.700598 1.362516 -0.732320
v -0.728584 1.304495 -0.738583
v -0.519087 1.611008 -0.406678
v -0.736298 1.223950 -0.750040
v -0.529943 1.609303 -0.442149
v -0.576895 0.812626 -0.554612
v -0.656649 1.302998 -0.774241
v -0.663658 1.222432 -0.786033
v -0.520726 1.603476 -0.476152
v -0.647007 1.119697 -0.787021
v -0.648170 1.056099 -0.768329
v -0.563100 1.544106 -0.619608
v -0.635571 0.986094 -0.739030
v -0.595295 1.494374 -0.676999
v -0.614163 0.916575 -0.693867
v -0.614164 1.432083 -0.726442
v -0.629211 1.360601 -0.763352
v -0.587428 0.966972 -0.739183
v -0.556605 1.509182 -0.667857
v -0.562596 1.428836 -0.737937
v -0.589623 1.117449 -0.799684
vn -0.336169 0.644116 0.687099
vn -0.226727 0.927044 0.298637
vn 0.347474 -0.359880 -0.865880
vn 0.339338 -0.560838 -0.755189
vn -0.309407 0.655276 0.689116
vn 0.114934 0.972085 0.204549
vn 0.485149 0.601330 -0.634849
vn 0.368583 -0.545753 -0.752529
vn -0.153565 0.743438 0.650936
vn 0.186092 0.900437 0.393171
vn 0.610996 -0.164557 -0.774342
vn 0.378766 -0.539539 -0.751954
vn -0.280366 0.620069 0.732741
vn 0.015168 0.724688 0.688910
vn 0.971700 0.227417 -0.063880
vn 0.735592 -0.267026 -0.622576
vn 0.664755 -0.429700 -0.611113
vn 0.386158 -0.556935 -0.735327
vn -0.297609 0.607456 0.736496
vn 0.045969 0.584485 0.810101
vn 0.548034 0.462117 0.697213
vn 0.990619 0.017123 0.135573
vn 0.763968 -0.438023 -0.473803
vn 0.391991 -0.581340 -0.713012
vn -0.067975 0.522670 0.849821
vn 0.421352 0.037294 0.906130
vn 0.780981 -0.108080 0.615132
vn 0.881636 -0.466950 -0.068382
vn 0.557867 -0.607783 -0.565140
vn 0.395389 -0.586917 -0.706538
vn -0.298391 0.584075 0.754864
vn -0.089897 0.343261 0.934928
vn 0.740223 -0.668007 0.076403
vn 0.538320 -0.693316 -0.479086
vn 0.375292 -0.605249 -0.702018
vn -0.231239 0.362864 0.902695
vn -0.126037 -0.349675 0.928355
vn 0.236739 -0.648694 0.723292
vn 0.396394 -0.809318 -0.433446
vn 0.365708 -0.633957 -0.681437
vn -0.321970 0.528702 0.785372
vn 0.097112 -0.995161 0.014939
vn 0.273081 -0.815682 -0.509989
vn 0.331623 -0.606351 -0.722748
vn -0.372174 0.529146 0.762555
vn -0.472226 0.211371 0.855760
vn -0.400731 -0.537514 0.741952
vn -0.353335 -0.925203 0.138400
vn 0.318606 -0.643864 -0.695650
vn -0.386876 0.536230 0.750190
vn -0.707808 0.142763 0.691829
vn -0.692169 -0.651125 0.311349
vn -0.053358 -0.883396 -0.465579
vn 0.310018 -0.607144 -0.731618
vn -0.403279 0.556381 0.726503
vn -0.665531 0.348095 0.660226
vn -0.958191 -0.263843 0.110712
vn -0.508336 -0.699286 -0.502587
vn -0.041002 -0.782231 -0.621638
vn 0.293645 -0.625404 -0.722940
vn -0.401176 0.567994 0.718638
vn -0.391727 0.597236 0.699899
vn -0.357899 0.637987 0.681821
vn -0.398748 0.606989 0.687433
vn -0.332889 0.526248 0.782463
vn -0.275959 0.619310 0.735052
vn -0.295362 0.584897 0.755418
vn -0.383229 0.628635 0.676723
vn -0.321135 0.650269 0.688493
vn -0.272212 0.574881 0.771630
vn -0.388935 0.537889 0.747934
vn -0.400378 0.562716 0.723220
vn -0.470855 0.565534 0.677102
vn -0.558937 0.435659 0.705543
vn -0.630871 0.465352 0.620845
vn -0.559912 0.445601 0.698526
vn -0.791398 0.391858 0.469187
vn -0.928355 0.172628 0.329176
vn -0.996454 -0.050225 0.067508
vn -0.875400 -0.370985 -0.309912
vn -0.995418 0.046848 0.083352
vn -0.564720 -0.577730 -0.589338
vn -0.643691 -0.418668 -0.640608
vn -0.247210 -0.672841 -0.697261
vn -0.099737 -0.678529 -0.727771
vn 0.135815 -0.630661 -0.764082
vn -0.111737 -0.592232 -0.797983
vn 0.241224 -0.607592 -0.756732
vn 0.280723 -0.605945 -0.744328
vn -0.739447 0.453900 0.497184
vn -0.699929 0.615017 0.363117
vn -0.954154 0.165703 -0.249265
vn -0.506030 -0.333172 -0.795569
vn 0.015213 -0.527344 -0.849516
vn 0.268705 -0.590638 -0.760884
vn -0.424652 0.572387 0.701459
vn -0.681466 0.287512 -0.673009
vn 0.339524 -0.574095 -0.745077
vn -0.391070 0.618743 0.681338
vn -0.506141 0.854492 0.116897
vn 0.074948 -0.224979 -0.971477
vn 0.323322 -0.566736 -0.757808
vn 0.041153 0.901558 -0.430697
vn 0.359930 -0.523799 -0.772066
vn 0.487461 -0.253275 -0.835603
vn 0.456376 -0.461832 -0.760547
vn 0.065137 0.643453 0.762709
vn -0.361320 0.762769 0.536313
vn 0.448792 -0.506650 -0.736132
vn -0.227761 0.682019 0.694964
vn 0.422978 -0.555974 -0.715529
vn 0.466376 -0.549700 -0.693054
vn 0.415161 -0.616708 -0.668814
vn 0.392816 -0.703052 -0.592801
vn 0.374700 -0.650262 -0.660878
vn 0.355885 -0.625399 -0.694422
vn 0.242585 -0.739307 -0.628154
vn 0.309022 -0.661481 -0.683336
vn 0.307627 -0.623358 -0.718881
vn -0.417462 0.475794 0.774174
vn 0.249109 -0.679163 -0.690421
vn -0.433298 0.578820 0.690812
vn -0.519278 0.505082 0.689378
vn 0.200232 -0.624689 -0.754765
vn 0.225862 -0.641845 -0.732817
vn -0.471367 0.512569 0.717695
vn 0.325845 -0.573146 -0.751883
vn -0.470646 0.634233 0.613385
vn 0.324799 -0.526481 -0.785699
vn 0.178557 -0.403514 -0.897382
vn 0.273097 -0.556704 -0.784537
vn -0.391856 0.736076 0.551943
vn -0.366908 0.850132 0.377695
vn -0.327712 0.702301 0.631963
vn -0.261849 0.653806 0.709911
vn -0.245827 0.597248 0.763455
vn -0.369271 0.722559 0.584420
vn 0.217079 -0.081643 -0.972734
vn 0.304216 -0.471684 -0.827627
vn 0.311477 0.191070 -0.930846
vn 0.726134 0.529029 -0.439155
vn 0.573332 0.734262 0.363524
vn -0.187538 0.642552 0.742938
vn -0.208011 0.591816 0.778771
vn -0.154494 0.520139 0.839992
vn -0.274270 0.509596 0.815529
vn 0.398872 -0.371147 0.838541
vn -0.276444 0.422834 0.863013
vn 0.428202 -0.903617 -0.010953
vn -0.387237 0.241198 0.889871
vn -0.333671 0.382649 0.861536
vn -0.532800 0.263363 0.804217
vn -0.758723 -0.648841 0.057835
vn 0.024448 -0.669591 -0.742328
vn -0.783342 0.284311 0.552759
vn 0.117707 -0.620071 -0.775665
vn -0.376638 0.277717 0.883752
vn -0.162217 -0.261599 -0.951447
vn -0.729331 0.651259 0.209612
vn -0.633920 0.772684 0.033239
vn -0.332828 0.395589 -0.855999
vn -0.396648 0.724414 0.563822
vn -0.134104 0.669920 -0.730221
vn -0.387395 0.670773 0.632447
vn 0.072243 0.252800 -0.964818
vn 0.302476 -0.285300 -0.909457
vn -0.395300 0.768497 0.503140
vn 0.249383 -0.405548 -0.879397
vn -0.344219 0.909304 0.233836
vn -0.334992 0.918627 -0.209536
vn 0.287326 0.644151 0.708882
vn 0.071031 0.927062 0.368119
vn -0.412836 -0.359862 -0.836699
vn -0.335847 -0.560844 -0.756744
vn 0.306579 0.655271 0.690383
vn 0.229027 0.972084 0.050993
vn -0.148906 0.601380 -0.784964
vn -0.314294 -0.545827 -0.776719
vn 0.382410 0.743362 0.548795
vn 0.416965 0.900443 0.123866
vn -0.168852 -0.164547 -0.971809
vn -0.307108 -0.539543 -0.783950
vn 0.358503 0.620042 0.697871
vn 0.523052 0.724697 0.448588
vn 0.600969 0.227421 -0.766235
vn 0.027368 -0.267081 -0.963285
vn -0.011343 -0.429676 -0.902912
vn -0.289775 -0.556868 -0.778414
vn 0.349804 0.607393 0.713239
vn 0.633897 0.584472 0.506524
vn 0.884944 0.462152 0.057348
vn 0.762162 0.017147 -0.647159
vn 0.157071 -0.438020 -0.885137
vn -0.269284 -0.581275 -0.767857
vn 0.587417 0.522661 0.617873
vn 0.955984 0.037275 0.291040
vn 0.979339 -0.108030 -0.170950
vn 0.537522 -0.466949 -0.702160
vn -0.048507 -0.607802 -0.792606
vn -0.262277 -0.586914 -0.765991
vn 0.362891 0.584127 0.726020
vn 0.636202 0.343259 0.690956
vn 0.550966 -0.667993 -0.500222
vn 0.002591 -0.693274 -0.720669
vn -0.272209 -0.605287 -0.748018
vn 0.517848 0.362821 0.774722
vn 0.607157 -0.349680 0.713501
vn 0.696638 -0.648639 0.306534
vn -0.058160 -0.809295 -0.584515
vn -0.263319 -0.633993 -0.727128
vn 0.369944 0.528711 0.763941
vn 0.075940 -0.995161 -0.062346
vn -0.197524 -0.815693 -0.543718
vn -0.316916 -0.606187 -0.729453
vn 0.319394 0.529154 0.786119
vn 0.322034 0.211350 0.922835
vn 0.284989 -0.537537 0.793622
vn -0.132806 -0.925215 0.355444
vn -0.305378 -0.643852 -0.701569
vn 0.300401 0.536235 0.788803
vn 0.042763 0.142766 0.988832
vn -0.230193 -0.651155 0.723193
vn -0.382274 -0.883401 -0.271053
vn -0.338238 -0.606625 -0.719445
vn 0.271819 0.556399 0.785197
vn 0.047422 0.348065 0.936270
vn -0.557108 -0.263824 0.787418
vn -0.713544 -0.699285 0.043076
vn -0.490280 -0.782239 -0.384353
vn -0.342350 -0.625410 -0.701184
vn 0.392862 0.574833 0.717792
vn 0.365376 0.584898 0.724151
vn 0.298266 0.650272 0.698702
vn 0.245280 0.605610 0.757017
vn 0.255514 0.602937 0.755764
vn 0.360500 0.526256 0.770126
vn 0.363162 0.619266 0.696148
vn 0.268888 0.638004 0.721561
vn 0.297323 0.537883 0.788848
vn 0.248117 0.628652 0.737045
vn 0.267341 0.567991 0.778405
vn 0.271230 0.562764 0.780853
vn 0.189906 0.565619 0.802503
vn 0.152281 0.435688 0.887122
vn 0.041198 0.465378 0.884153
vn 0.139484 0.464808 0.874356
vn -0.178869 0.391836 0.902480
vn -0.374485 0.172655 0.911017
vn -0.614785 -0.050190 0.787096
vn -0.815065 -0.370998 0.445005
vn -0.612117 0.005631 0.790747
vn -0.815763 -0.577749 0.027137
vn -0.911906 -0.407043 0.052379
vn -0.684196 -0.672864 -0.281300
vn -0.608470 -0.678590 -0.411437
vn -0.478266 -0.630717 -0.611112
vn -0.668829 -0.592199 -0.449409
vn -0.402438 -0.607589 -0.684747
vn -0.366863 -0.605969 -0.705842
vn -0.048343 0.579465 0.813562
vn -0.771964 0.230725 0.592315
vn -0.939231 -0.319528 -0.125486
vn -0.622393 -0.527241 -0.578484
vn -0.387203 -0.590651 -0.707958
vn 0.250902 0.613582 0.748709
vn -0.608037 0.578292 0.543939
vn -0.953027 0.290717 0.084986
vn -0.328868 -0.574224 -0.749742
vn 0.246436 0.618821 0.745875
vn -0.250817 0.854494 0.454896
vn -0.673383 -0.224953 -0.704238
vn -0.348540 -0.566726 -0.746553
vn -0.293282 0.901526 -0.318176
vn -0.334435 -0.523917 -0.783367
vn -0.296837 -0.253273 -0.920728
vn -0.262851 -0.462002 -0.847032
vn 0.612161 0.643259 0.459867
vn 0.158767 0.762887 0.626735
vn -0.248707 -0.506552 -0.825560
vn 0.365417 0.682005 0.633514
vn -0.250445 -0.555832 -0.792672
vn -0.204785 -0.549720 -0.809858
vn -0.220956 -0.616567 -0.755661
vn -0.179233 -0.703058 -0.688175
vn -0.241927 -0.650205 -0.720212
vn -0.279759 -0.625390 -0.728439
vn -0.305931 -0.739297 -0.599872
vn -0.302444 -0.661478 -0.686275
vn -0.330122 -0.622896 -0.709240
vn 0.297777 0.475752 0.827640
vn -0.347865 -0.679153 -0.646329
vn 0.225202 0.578816 0.783745
vn 0.166732 0.505068 0.846822
vn -0.428397 -0.624676 -0.652883
vn -0.394972 -0.641805 -0.657331
vn 0.219785 0.512580 0.830034
vn -0.342962 -0.573446 -0.744001
vn 0.151652 0.599304 0.786026
vn -0.368340 -0.526485 -0.766250
vn -0.549061 -0.403486 -0.731936
vn -0.401958 -0.556756 -0.726947
vn 0.149409 0.736046 0.660237
vn 0.036347 0.850138 0.525304
vn 0.251685 0.702319 0.665885
vn 0.353841 0.653786 0.668849
vn 0.403791 0.596704 0.693467
vn 0.188497 0.722619 0.665050
vn -0.579452 -0.081597 -0.810911
vn -0.413143 -0.471724 -0.778967
vn -0.485248 0.191015 -0.853257
vn 0.157669 0.529018 -0.833835
vn 0.653381 0.734272 -0.184224
vn 0.428005 0.642584 0.635530
vn 0.441094 0.591830 0.674666
vn 0.522350 0.520050 0.675794
vn 0.424220 0.509653 0.748526
vn 0.890643 -0.371182 0.262637
vn 0.458154 0.422880 0.781835
vn 0.277633 -0.903623 -0.326168
vn 0.404182 0.241186 0.882307
vn 0.418954 0.382679 0.823428
vn 0.243270 0.263383 0.933514
vn -0.463332 -0.648823 0.603616
vn -0.536441 -0.669596 -0.513685
vn -0.111224 0.284332 0.952252
vn -0.099274 0.387428 0.916539
vn -0.498825 -0.620558 -0.605046
vn 0.409502 0.272110 0.870784
vn -0.816760 -0.261619 -0.514256
vn -0.202777 0.649481 0.732841
vn -0.401399 0.782689 0.475687
vn -0.859573 0.395572 -0.323509
vn 0.169633 0.724984 0.667550
vn -0.633233 0.670043 -0.387374
vn 0.212322 0.670726 0.710666
vn -0.670219 0.252916 -0.697739
vn -0.475307 -0.285168 -0.832324
vn 0.110831 0.768493 0.630186
vn -0.488402 -0.405515 -0.772672
vn -0.055651 0.909322 0.412354
vn -0.379577 0.918636 0.109676
vn -0.271030 0.665832 0.695134
vn -0.222898 0.820714 0.526066
vn -0.050458 0.952273 0.301047
vn 0.378293 -0.371110 -0.848040
vn 0.317671 -0.572485 -0.755874
vn -0.310847 0.665648 0.678444
vn 0.264859 0.916878 0.298638
vn 0.667864 0.527788 -0.524784
vn 0.348768 -0.563827 -0.748639
vn -0.258454 0.650366 0.714301
vn -0.130762 0.763626 0.632279
vn 0.304562 0.820250 0.484182
vn 0.660691 -0.238327 -0.711820
vn 0.359777 -0.559776 -0.746466
vn -0.246201 0.620780 0.744323
vn 0.067138 0.665421 0.743443
vn 0.997441 0.031042 0.064407
vn 0.743076 -0.372489 -0.555958
vn 0.641466 -0.517976 -0.565881
vn 0.361637 -0.579213 -0.730569
vn -0.265752 0.611080 0.745625
vn 0.054793 0.515060 0.855401
vn 0.534134 0.301244 0.789907
vn 0.950240 -0.190024 0.246849
vn 0.719050 -0.554071 -0.419491
vn 0.359663 -0.605588 -0.709863
vn -0.072900 0.475137 0.876887
vn 0.302871 -0.100985 0.947666
vn 0.661648 -0.298383 0.687888
vn 0.776855 -0.629638 -0.007192
vn 0.497360 -0.673372 -0.546995
vn 0.361088 -0.612078 -0.703545
vn -0.273332 0.587016 0.762038
vn -0.139490 0.299197 0.943941
vn 0.582312 -0.806301 0.103880
vn 0.451119 -0.758071 -0.470978
vn 0.337434 -0.626271 -0.702796
vn -0.269163 0.348666 0.897766
vn -0.307068 -0.370804 0.876478
vn 0.014363 -0.724090 0.689556
vn 0.284927 -0.845703 -0.451224
vn 0.320040 -0.653723 -0.685727
vn -0.310794 0.535839 0.785038
vn -0.098688 -0.993537 -0.056080
vn 0.173356 -0.822724 -0.541361
vn 0.297529 -0.617131 -0.728440
vn -0.356667 0.547670 0.756866
vn -0.526976 0.251576 0.811792
vn -0.586959 -0.488475 0.645656
vn -0.539170 -0.841924 0.021439
vn 0.273901 -0.653010 -0.706085
vn -0.368129 0.558280 0.743508
vn -0.748665 0.241348 0.617456
vn -0.838094 -0.515951 0.177183
vn -0.163000 -0.825997 -0.539592
vn 0.277657 -0.612222 -0.740332
vn -0.377185 0.582638 0.719906
vn -0.664109 0.435464 0.607726
vn -0.997206 -0.072106 -0.019515
vn -0.565693 -0.552453 -0.612199
vn -0.111829 -0.720453 -0.684428
vn 0.256784 -0.628351 -0.734328
vn -0.321548 0.535788 0.780729
vn -0.251792 0.571785 0.780809
vn -0.270342 0.587153 0.762998
vn -0.369513 0.560431 0.741200
vn -0.242275 0.618124 0.747814
vn -0.254931 0.648980 0.716823
vn -0.280718 0.671866 0.685415
vn -0.371937 0.594043 0.713285
vn -0.353460 0.627834 0.693462
vn -0.359635 0.632401 0.686099
vn -0.326304 0.657595 0.679039
vn -0.372758 0.588494 0.717445
vn -0.434927 0.608130 0.664091
vn -0.549230 0.497106 0.671738
vn -0.540200 0.526795 0.656255
vn -0.602845 0.545531 0.582215
vn -0.754078 0.514667 0.408024
vn -0.911825 0.335971 0.236007
vn -0.987922 0.146970 -0.049091
vn -0.884138 -0.168984 -0.435597
vn -0.978660 0.201518 -0.040187
vn -0.586271 -0.417204 -0.694426
vn -0.281951 -0.567658 -0.773478
vn -0.627284 -0.230444 -0.743916
vn -0.135724 -0.601096 -0.787567
vn 0.107368 -0.599380 -0.793231
vn -0.121931 -0.510094 -0.851432
vn 0.250667 -0.605486 -0.755349
vn 0.213548 -0.598354 -0.772249
vn -0.573615 0.665199 0.477991
vn -0.863678 0.428108 -0.266052
vn -0.481847 -0.159608 -0.861597
vn 0.020765 -0.469107 -0.882897
vn 0.243969 -0.587121 -0.771860
vn -0.348308 0.638232 0.686543
vn -0.666621 0.733541 -0.132416
vn -0.542317 0.462810 -0.701212
vn 0.313978 -0.586122 -0.746913
vn -0.334248 0.651227 0.681309
vn -0.324623 0.945225 0.034211
vn 0.152295 -0.178369 -0.972106
vn 0.301351 -0.574835 -0.760758
vn 0.271655 0.892496 -0.360075
vn 0.347061 -0.539548 -0.767096
vn 0.531199 -0.296758 -0.793576
vn 0.450755 -0.498825 -0.740265
vn -0.215145 0.699879 0.681088
vn 0.432230 -0.542499 -0.720328
vn -0.172724 0.666789 0.724954
vn 0.395042 -0.586950 -0.706705
vn 0.435715 -0.590519 -0.679294
vn 0.369899 -0.647306 -0.666460
vn 0.321899 -0.731800 -0.600708
vn 0.323522 -0.672441 -0.665700
vn 0.313444 -0.642468 -0.699276
vn 0.173044 -0.734927 -0.655696
vn 0.259974 -0.669067 -0.696249
vn 0.270411 -0.628225 -0.729528
vn -0.412576 0.503904 0.758856
vn 0.198981 -0.673826 -0.711593
vn -0.397591 0.612711 0.683013
vn -0.495266 0.557944 0.665891
vn 0.170020 -0.607040 -0.776271
vn 0.188918 -0.630221 -0.753081
vn -0.450771 0.554020 0.699905
vn 0.301984 -0.581973 -0.755058
vn -0.436384 0.646019 0.626281
vn 0.314086 -0.534138 -0.784887
vn 0.209456 -0.378062 -0.901775
vn 0.257746 -0.553472 -0.791982
vn -0.267741 0.865674 0.422994
vn -0.218335 0.650952 0.727043
vn -0.220298 0.588987 0.777536
vn -0.299243 0.696354 0.652338
vn 0.318385 -0.066720 -0.945611
vn -0.341123 0.783665 0.519139
vn 0.309801 -0.474071 -0.824185
vn -0.186211 0.958011 0.218037
vn 0.457371 0.178617 -0.871153
vn -0.180666 0.760119 0.624162
vn 0.863808 0.397208 -0.309937
vn 0.653236 0.581732 0.484634
vn -0.152777 0.622602 0.767481
vn -0.187010 0.574996 0.796497
vn -0.156267 0.490736 0.857181
vn -0.271933 0.505829 0.818651
vn 0.210972 -0.491897 0.844706
vn -0.296639 0.418630 0.858344
vn 0.244417 -0.968964 -0.037010
vn -0.442859 0.261684 0.857553
vn -0.359636 0.390896 0.847267
vn -0.569354 0.317589 0.758270
vn -0.870442 -0.485542 -0.081116
vn -0.011228 -0.616382 -0.787367
vn -0.777415 0.403063 0.482872
vn -0.722100 0.497727 0.480458
vn 0.092931 -0.585243 -0.805515
vn -0.425267 0.296961 0.854963
vn -0.088057 -0.167771 -0.981885
vn -0.580600 0.752130 0.311774
vn -0.459899 0.887849 0.014759
vn -0.138956 0.489174 -0.861046
vn -0.364058 0.714193 0.597821
vn 0.098266 0.712000 -0.695269
vn -0.274222 0.703512 0.655647
vn 0.240699 0.288923 -0.926600
vn 0.354358 -0.286565 -0.890118
vn 0.275763 -0.395295 -0.876183
vn -0.097833 0.969125 -0.226330
vn 0.245835 -0.078340 0.966141
vn 0.306669 0.402048 0.862735
vn -0.184417 0.401431 -0.897131
vn -0.233844 0.184753 -0.954559
vn 0.257294 -0.082776 0.962781
vn 0.294948 0.122907 0.947576
vn 0.579676 0.491372 0.650022
vn 0.416552 0.872746 -0.254558
vn -0.202247 0.192634 -0.960202
vn 0.258808 -0.076013 0.962933
vn 0.669527 0.311247 0.674433
vn 0.149593 0.463318 -0.873475
vn -0.191036 0.196425 -0.961729
vn 0.291044 -0.116819 0.949551
vn 0.574594 -0.028855 0.817930
vn 0.876622 0.196888 -0.439054
vn 0.266599 0.281653 -0.921736
vn 0.144364 0.164471 -0.975760
vn -0.185883 0.172398 -0.967329
vn 0.280797 -0.139768 0.949536
vn 0.583517 -0.210795 0.784266
vn 0.906725 -0.210278 0.365559
vn 0.878948 -0.092144 -0.467931
vn 0.274223 0.056586 -0.960000
vn -0.182960 0.139497 -0.973173
vn 0.478040 -0.281325 0.832066
vn 0.702364 -0.649456 0.291361
vn 0.831539 -0.531624 -0.160993
vn 0.510775 -0.264311 -0.818076
vn -0.001408 0.011413 -0.999934
vn -0.180157 0.130936 -0.974884
vn 0.277371 -0.168990 0.945784
vn 0.416824 -0.464554 0.781312
vn 0.363629 -0.506060 -0.782098
vn -0.021202 -0.109679 -0.993741
vn -0.202683 0.115258 -0.972438
vn 0.295815 -0.427051 0.854471
vn 0.095431 -0.923381 0.371834
vn 0.195153 -0.972267 -0.128889
vn -0.170341 -0.220833 -0.960321
vn -0.214911 0.080882 -0.973279
vn 0.246063 -0.228648 0.941899
vn -0.328920 -0.677492 -0.657887
vn -0.303656 -0.167888 -0.937873
vn -0.246642 0.129720 -0.960386
vn 0.196077 -0.211232 0.957567
vn 0.015352 -0.492918 0.869940
vn -0.280041 -0.909834 0.306235
vn -0.627202 -0.721068 -0.294413
vn -0.263555 0.084893 -0.960902
vn 0.182295 -0.197279 0.963249
vn -0.269634 -0.416349 0.868303
vn -0.729446 -0.665115 0.159785
vn -0.586008 -0.245254 -0.772298
vn -0.268447 0.136982 -0.953505
vn 0.168267 -0.166138 0.971640
vn -0.160709 -0.255544 0.953347
vn -0.863210 -0.256047 0.435095
vn -0.900240 -0.093185 -0.425305
vn -0.591688 -0.061618 -0.803809
vn -0.286631 0.117642 -0.950791
vn 0.290769 -0.105345 0.950976
vn 0.303155 -0.130789 0.943923
vn 0.249016 -0.075067 0.965586
vn 0.223281 -0.078464 0.971591
vn 0.196526 -0.080823 0.977162
vn 0.177184 -0.104487 0.978615
vn 0.185022 -0.111360 0.976405
vn 0.171869 -0.152552 0.973236
vn 0.275941 -0.083489 0.957542
vn 0.234906 -0.228095 0.944877
vn 0.280399 -0.168826 0.944920
vn 0.301338 -0.187778 0.934845
vn 0.180411 -0.194494 0.964170
vn 0.171993 -0.159360 0.972123
vn 0.097627 -0.123133 0.987576
vn -0.018937 -0.230902 0.972793
vn -0.097807 -0.147829 0.984165
vn -0.012661 -0.197758 0.980169
vn -0.318005 -0.084011 0.944359
vn -0.575114 -0.126307 0.808264
vn -0.821968 -0.080842 0.563767
vn -0.797776 -0.046844 0.601132
vn -0.995913 -0.015509 0.088971
vn -0.928617 0.052806 -0.367264
vn -0.946608 0.207910 -0.246387
vn -0.745251 0.068387 -0.663268
vn -0.636718 0.086759 -0.766201
vn -0.434946 0.145037 -0.888699
vn -0.636805 0.196776 -0.745493
vn -0.297159 0.146525 -0.943518
vn -0.335215 0.154759 -0.929344
vn -0.098664 0.013115 0.995034
vn -0.763532 0.290566 0.576706
vn -0.867225 0.369498 -0.333754
vn -0.523582 0.278225 -0.805265
vn -0.306897 0.169094 -0.936601
vn 0.188159 -0.098284 0.977209
vn -0.464557 0.456143 0.759026
vn -0.701796 0.681752 0.206634
vn -0.235236 0.168304 -0.957255
vn 0.187871 -0.090772 0.977990
vn -0.019769 0.486602 0.873400
vn -0.393492 0.570948 -0.720543
vn -0.250591 0.182864 -0.950665
vn 0.249651 0.923335 0.291766
vn -0.207369 0.221778 -0.952792
vn -0.012672 0.449859 -0.893010
vn -0.097874 0.254700 -0.962054
vn -0.113435 0.206614 -0.971825
vn 0.366864 -0.055050 0.928644
vn -0.147534 0.158269 -0.976312
vn -0.100663 0.145702 -0.984194
vn -0.162004 0.083020 -0.983292
vn -0.188358 -0.031328 -0.981601
vn -0.206617 0.054606 -0.976897
vn -0.224330 0.095757 -0.969797
vn -0.341380 -0.028747 -0.939486
vn -0.273791 0.063865 -0.959667
vn -0.273310 0.117377 -0.954738
vn 0.140581 -0.255485 0.956538
vn -0.333554 0.057507 -0.940975
vn 0.139394 -0.124545 0.982373
vn 0.036888 -0.172573 0.984306
vn -0.375600 0.142025 -0.915835
vn -0.353340 0.114117 -0.928509
vn 0.090252 -0.188739 0.977871
vn -0.247836 0.174798 -0.952903
vn 0.086057 -0.071083 0.993751
vn -0.242924 0.230486 -0.942265
vn -0.354467 0.396123 -0.847018
vn -0.298035 0.209400 -0.931304
vn 0.187681 0.083836 0.978646
vn 0.190988 0.289546 0.937916
vn 0.254376 0.009233 0.967061
vn 0.319703 -0.089472 0.943284
vn 0.329400 -0.166779 0.929344
vn 0.212749 0.050862 0.975782
vn -0.216333 0.667352 -0.712630
vn -0.252716 0.298237 -0.920429
vn -0.008779 0.818537 -0.574387
vn 0.659068 0.678256 -0.324958
vn 0.370451 -0.008391 0.928814
vn 0.916931 0.219720 0.333108
vn 0.387983 -0.120149 0.913801
vn 0.364406 -0.181810 0.913320
vn 0.401538 -0.275529 0.873413
vn 0.288824 -0.263943 0.920280
vn 0.488234 -0.872581 0.015136
vn 0.268606 -0.357286 0.894538
vn -0.025889 -0.597935 -0.801127
vn 0.110947 -0.498528 0.859745
vn 0.204027 -0.383008 0.900932
vn -0.032393 -0.419641 0.907112
vn -0.878082 -0.475053 0.057411
vn -0.535444 0.103225 -0.838239
vn -0.324973 -0.218104 0.920230
vn -0.258937 -0.138151 0.955963
vn -0.449910 0.160760 -0.878486
vn 0.132423 -0.473789 0.870625
vn -0.597961 0.532208 -0.599331
vn -0.167878 0.185499 0.968198
vn -0.182475 0.511861 0.839465
vn -0.429781 0.901723 -0.046727
vn 0.196768 0.061351 0.978529
vn -0.103787 0.991304 0.080898
vn 0.194189 -0.019569 0.980769
vn -0.194012 0.885807 -0.421551
vn -0.206851 0.483866 -0.850345
vn 0.180167 0.141796 0.973362
vn -0.289814 0.381182 -0.877900
vn 0.180906 0.435951 0.881601
vn 0.027320 0.771464 0.635686
vn -0.522662 0.121556 0.843830
vn -0.339664 0.569215 0.748747
vn 0.560970 0.209527 -0.800881
vn 0.537408 -0.014788 -0.843193
vn -0.497882 0.126187 0.858016
vn 0.011677 0.625745 0.779940
vn 0.588978 0.808145 -0.002694
vn 0.564498 -0.007908 -0.825397
vn -0.342158 0.202028 0.917667
vn 0.039863 0.446799 0.893746
vn 0.784602 0.278972 -0.553692
vn 0.573894 -0.004381 -0.818918
vn -0.478148 0.068862 0.875576
vn -0.186611 0.146407 0.971463
vn 0.945817 0.114466 0.303853
vn 0.875031 0.092640 -0.475120
vn 0.812218 -0.034506 -0.582333
vn 0.578082 -0.028920 -0.815466
vn -0.495072 0.058822 0.866859
vn -0.177974 -0.040937 0.983183
vn 0.342317 -0.121189 0.931736
vn 0.928120 -0.174422 0.328894
vn 0.876426 -0.135405 -0.462107
vn 0.579695 -0.062359 -0.812444
vn -0.294616 -0.101616 0.950198
vn 0.192519 -0.568746 0.799665
vn 0.617962 -0.543253 0.568330
vn 0.896239 -0.418169 -0.147955
vn 0.707081 -0.190988 -0.680853
vn 0.581717 -0.070994 -0.810287
vn -0.498820 0.029040 0.866219
vn -0.326550 -0.292050 0.898928
vn 0.735444 -0.649395 -0.193412
vn 0.672314 -0.308585 -0.672881
vn 0.562152 -0.086065 -0.822543
vn -0.457089 -0.241908 0.855891
vn -0.323316 -0.827988 0.458151
vn 0.092931 -0.975853 0.197674
vn 0.529956 -0.412450 -0.740967
vn 0.549592 -0.120018 -0.826767
vn -0.526017 -0.030545 0.849925
vn 0.143388 -0.800340 -0.582148
vn 0.428712 -0.357643 -0.829637
vn 0.524767 -0.069846 -0.848375
vn -0.569469 -0.010905 0.821940
vn -0.671741 -0.306742 0.674294
vn -0.535765 -0.832439 0.141421
vn -0.326536 -0.773092 -0.543785
vn 0.507608 -0.114346 -0.853967
vn -0.581192 0.003711 0.813758
vn -0.857861 -0.235408 0.456790
vn -0.710701 -0.627703 -0.317639
vn 0.105136 -0.403259 -0.909026
vn 0.506236 -0.061311 -0.860213
vn -0.592533 0.035656 0.804757
vn -0.820233 -0.059440 0.568932
vn -0.941846 -0.173050 -0.288063
vn -0.337274 -0.187915 -0.922461
vn 0.148634 -0.229898 -0.961798
vn 0.488955 -0.080424 -0.868594
vn -0.508796 0.123932 0.851920
vn -0.589265 0.049396 0.806429
vn -0.582800 0.006640 0.812589
vn -0.535904 -0.029540 0.843762
vn -0.576732 0.090576 0.811897
vn -0.477064 0.008733 0.878825
vn -0.496132 0.029037 0.867762
vn -0.474380 0.066368 0.877815
vn -0.565191 0.120676 0.816086
vn -0.542247 0.122275 0.831274
vn -0.582780 0.097685 0.806737
vn -0.589309 0.042417 0.806793
vn -0.646823 0.080295 0.758401
vn -0.732197 -0.029712 0.680445
vn -0.783522 0.052960 0.619103
vn -0.728514 0.004276 0.685017
vn -0.899524 0.104902 0.424090
vn -0.987669 0.032902 0.153062
vn -0.980057 0.025045 -0.197131
vn -0.756384 -0.009041 -0.654066
vn -0.984972 0.066225 -0.159511
vn -0.377943 -0.033594 -0.925219
vn -0.039344 -0.076000 -0.996331
vn -0.454511 0.142583 -0.879255
vn 0.111195 -0.077532 -0.990770
vn 0.345901 -0.042787 -0.937295
vn 0.111691 0.034430 -0.993146
vn 0.445145 -0.040305 -0.894551
vn 0.480440 -0.050757 -0.875558
vn -0.769688 0.212825 0.601902
vn -0.897581 0.392095 -0.201518
vn -0.315492 0.284094 -0.905404
vn 0.243635 0.103372 -0.964342
vn 0.471927 -0.027282 -0.881215
vn -0.573273 0.103660 0.812781
vn -0.796207 0.594446 0.112648
vn -0.539497 0.701058 -0.466327
vn 0.535682 -0.031462 -0.843834
vn -0.572482 0.111319 0.812326
vn -0.563934 0.652833 0.505754
vn 0.314377 0.408757 -0.856787
vn 0.522867 -0.016159 -0.852261
vn 0.094094 0.966161 0.240167
vn 0.559701 0.022037 -0.828401
vn 0.683941 0.259871 -0.681683
vn 0.646591 0.053820 -0.760936
vn -0.134784 0.027727 0.990487
vn -0.517185 0.309275 0.798040
vn 0.636312 0.004473 -0.771419
vn -0.421457 0.134995 0.896745
vn 0.609064 -0.044208 -0.791888
vn 0.645480 -0.057537 -0.761607
vn 0.593589 -0.119480 -0.795850
vn 0.558512 -0.231389 -0.796570
vn 0.554093 -0.146510 -0.819461
vn 0.542676 -0.104637 -0.833399
vn 0.422870 -0.222177 -0.878532
vn 0.496682 -0.134766 -0.857406
vn 0.500903 -0.080657 -0.861737
vn -0.613306 -0.055158 0.787917
vn 0.441146 -0.137902 -0.886777
vn -0.614448 0.078322 0.785060
vn -0.693587 0.030340 0.719734
vn 0.405834 -0.050624 -0.912544
vn 0.426395 -0.080276 -0.900968
vn -0.654179 0.013931 0.756211
vn 0.524017 -0.025140 -0.851336
vn -0.652190 0.132230 0.746434
vn 0.528781 0.032371 -0.848141
vn 0.406826 0.212445 -0.888459
vn 0.479970 0.013287 -0.877184
vn -0.549727 0.282130 0.786259
vn -0.490294 0.475411 0.730477
vn -0.504714 0.200062 0.839785
vn -0.456755 0.106918 0.883144
vn -0.450357 0.028669 0.892388
vn -0.534839 0.249665 0.807227
vn 0.445089 0.506816 -0.738264
vn 0.515874 0.102992 -0.850451
vn 0.512232 0.685331 -0.517629
vn 0.780343 0.606330 0.153063
vn 0.431364 0.293404 0.853135
vn -0.391701 0.070326 0.917401
vn -0.417297 0.010910 0.908705
vn -0.376116 -0.088423 0.922344
vn -0.486021 -0.069003 0.871219
vn 0.208291 -0.845619 0.491470
vn -0.494694 -0.165784 0.853108
vn 0.465870 -0.747840 -0.472970
vn -0.598997 -0.313019 0.737036
vn -0.547230 -0.190623 0.814986
vn -0.721036 -0.227935 0.654333
vn -0.715431 -0.464043 -0.522325
vn 0.234694 -0.074683 -0.969196
vn -0.905756 -0.031396 0.422636
vn -0.874165 0.054893 0.482516
vn 0.330565 -0.025109 -0.943449
vn -0.587754 -0.288307 0.755926
vn 0.081521 0.392903 -0.915959
vn -0.775049 0.375418 0.508292
vn -0.649424 0.668813 0.361854
vn -0.141428 0.868484 -0.475115
vn -0.547460 0.259629 0.795538
vn 0.007062 0.985874 -0.167342
vn -0.560777 0.181680 0.807788
vn 0.284962 0.779833 -0.557366
vn 0.523719 0.299491 -0.797511
vn -0.543120 0.337818 0.768700
vn 0.471419 0.192369 -0.860673
vn -0.437406 0.607284 0.663236
vn -0.324133 0.884333 0.335996
vn -0.246744 0.589729 0.768985
vn -0.142510 0.903748 0.403646
vn 0.266684 -0.289790 -0.919185
vn 0.251468 -0.500181 -0.828603
vn -0.219407 0.598832 0.770234
vn 0.194858 0.936641 0.291092
vn 0.485102 0.631922 -0.604442
vn 0.281902 -0.487349 -0.826452
vn -0.060159 0.680391 0.730376
vn 0.272502 0.841611 0.466299
vn 0.548340 -0.121897 -0.827324
vn 0.292511 -0.481903 -0.825958
vn -0.190099 0.557602 0.808049
vn 0.108609 0.647397 0.754375
vn 0.979253 0.171175 -0.108459
vn 0.674745 -0.247145 -0.695441
vn 0.593700 -0.405328 -0.695147
vn 0.299702 -0.501300 -0.811713
vn -0.207924 0.545754 0.811739
vn 0.137091 0.493809 0.858696
vn 0.621381 0.352378 0.699796
vn 0.995948 -0.059316 0.067592
vn 0.700433 -0.434048 -0.566566
vn 0.305221 -0.528172 -0.792385
vn 0.021918 0.435396 0.899972
vn 0.478845 -0.082948 0.873972
vn 0.808544 -0.219845 0.545825
vn 0.840990 -0.511932 -0.175105
vn 0.477722 -0.580151 -0.659702
vn 0.308531 -0.534578 -0.786787
vn -0.209302 0.520596 0.827751
vn -0.007105 0.250004 0.968219
vn 0.695274 -0.717550 -0.041420
vn 0.457848 -0.672613 -0.581350
vn 0.287515 -0.552071 -0.782657
vn -0.148468 0.281685 0.947951
vn -0.091700 -0.434957 0.895770
vn 0.235861 -0.733400 0.637568
vn 0.311108 -0.783641 -0.537698
vn 0.277339 -0.582011 -0.764426
vn -0.234700 0.464051 0.854150
vn 0.028357 -0.995522 -0.090175
vn 0.183228 -0.774314 -0.605694
vn 0.242768 -0.548380 -0.800214
vn -0.285943 0.470025 0.835053
vn -0.401919 0.151202 0.903105
vn -0.389928 -0.584865 0.711259
vn -0.407478 -0.910488 0.070519
vn 0.228768 -0.587545 -0.776180
vn -0.301033 0.479268 0.824428
vn -0.651421 0.114902 0.749965
vn -0.714965 -0.634911 0.292768
vn -0.143717 -0.825561 -0.545705
vn 0.220720 -0.546212 -0.808044
vn -0.317316 0.502705 0.804114
vn -0.597012 0.319323 0.735941
vn -0.965406 -0.213056 0.150329
vn -0.586232 -0.610359 -0.532723
vn -0.134166 -0.709813 -0.691494
vn 0.203543 -0.564725 -0.799785
vn -0.311828 0.556618 0.770026
vn -0.295320 0.578445 0.760386
vn -0.304684 0.545247 0.780944
vn -0.185662 0.556412 0.809898
vn -0.245887 0.462601 0.851786
vn -0.206010 0.521292 0.828139
vn -0.303129 0.481275 0.822489
vn -0.269310 0.585493 0.764637
vn -0.182766 0.508180 0.841635
vn -0.231410 0.594714 0.769912
vn -0.314951 0.515001 0.797232
vn -0.314223 0.509244 0.801208
vn -0.387086 0.521214 0.760592
vn -0.482001 0.394897 0.782133
vn -0.482569 0.405690 0.776236
vn -0.556865 0.437616 0.705970
vn -0.731292 0.390393 0.559290
vn -0.891655 0.195844 0.408163
vn -0.991342 0.005878 0.131170
vn -0.916772 -0.281268 -0.283580
vn -0.982584 0.100446 0.156334
vn -0.639333 -0.477225 -0.602918
vn -0.710108 -0.309053 -0.632640
vn -0.336618 -0.580484 -0.741435
vn -0.192090 -0.592281 -0.782499
vn 0.043523 -0.555850 -0.830143
vn -0.202473 -0.498557 -0.842880
vn 0.150568 -0.540266 -0.827914
vn 0.190717 -0.542416 -0.818176
vn -0.673453 0.445564 0.589859
vn -0.631381 0.616994 0.469762
vn -0.954051 0.250203 -0.164881
vn -0.576818 -0.216821 -0.787572
vn -0.074612 -0.436730 -0.896493
vn 0.178789 -0.524762 -0.832262
vn -0.338908 0.522702 0.782256
vn -0.700565 0.397692 -0.592495
vn 0.251368 -0.514379 -0.819895
vn -0.303717 0.568554 0.764528
vn -0.437169 0.868002 0.235490
vn -0.001805 -0.127838 -0.991793
vn 0.234979 -0.504765 -0.830661
vn 0.076773 0.936753 -0.341467
vn 0.273427 -0.462988 -0.843137
vn 0.415386 -0.195912 -0.888298
vn 0.373762 -0.408755 -0.832599
vn 0.174066 0.551955 0.815504
vn -0.272481 0.724678 0.632926
vn 0.365463 -0.455171 -0.811946
vn -0.135908 0.619753 0.772939
vn 0.337679 -0.504651 -0.794545
vn 0.382729 -0.503399 -0.774666
vn 0.328558 -0.569225 -0.753679
vn 0.305041 -0.661485 -0.685118
vn 0.286435 -0.600905 -0.746236
vn 0.267333 -0.571705 -0.775685
vn 0.150624 -0.684346 -0.713430
vn 0.219026 -0.605692 -0.764961
vn 0.217570 -0.563306 -0.797088
vn -0.334120 0.418709 0.844421
vn 0.157462 -0.618614 -0.769755
vn -0.347865 0.530552 0.772984
vn -0.438660 0.463061 0.770164
vn 0.108628 -0.554932 -0.824773
vn 0.134322 -0.575761 -0.806509
vn -0.388713 0.464468 0.795721
vn 0.237288 -0.512028 -0.825543
vn -0.386041 0.595955 0.704138
vn 0.237423 -0.462046 -0.854485
vn 0.093524 -0.319241 -0.943047
vn 0.184012 -0.488909 -0.852706
vn -0.304250 0.698484 0.647729
vn -0.282495 0.828043 0.484294
vn -0.237962 0.652650 0.719320
vn -0.170321 0.593149 0.786871
vn -0.155734 0.529465 0.833915
vn -0.280938 0.680369 0.676884
vn 0.149584 0.005611 -0.988733
vn 0.218266 -0.402066 -0.889215
vn 0.265165 0.266010 -0.926783
vn 0.732266 0.524770 -0.434055
vn 0.644648 0.655327 0.393669
vn -0.095543 0.573144 0.813866
vn -0.117225 0.520213 0.845953
vn -0.065054 0.439463 0.895902
vn -0.186519 0.439057 0.878886
vn 0.423792 -0.479969 0.768134
vn -0.191750 0.348124 0.917628
vn 0.362786 -0.922791 -0.129783
vn -0.313052 0.172024 0.934027
vn -0.251626 0.312012 0.916151
vn -0.461776 0.212062 0.861274
vn -0.796914 -0.602344 0.045930
vn -0.068735 -0.589677 -0.804709
vn -0.725522 0.274498 0.631085
vn 0.025313 -0.543526 -0.839011
vn -0.301539 0.212255 0.929528
vn -0.239262 -0.151371 -0.959083
vn -0.667698 0.670751 0.322913
vn -0.575288 0.803460 0.153284
vn -0.357439 0.501908 -0.787608
vn -0.308508 0.686314 0.658631
vn -0.132596 0.748716 -0.649494
vn -0.299574 0.624793 0.721033
vn 0.029175 0.345781 -0.937862
vn 0.224408 -0.208333 -0.951965
vn -0.308590 0.735858 0.602731
vn 0.165007 -0.327532 -0.930320
vn -0.264821 0.900172 0.345774
vn -0.282738 0.954577 -0.094028
vn 0.000317 0.629014 -0.777394
vn 0.001611 0.223553 -0.974690
vn 0.000094 -0.048414 -0.998827
vn 0.049871 0.970314 -0.236651
vn 0.134278 0.199057 -0.970745
vn 0.184157 0.045459 -0.981845
vn 0.200976 -0.153535 -0.967489
vn 0.226130 -0.386985 -0.893928
vn 0.017369 -0.974379 -0.224240
vn 0.090712 0.970155 -0.224881
vn 0.285992 0.625143 -0.726227
vn 0.381855 0.053423 -0.922677
vn 0.376063 -0.147905 -0.914714
vn 0.314462 -0.497574 -0.808414
vn 0.120552 -0.967009 -0.224414
vn 0.136647 0.970313 -0.199548
vn 0.435911 0.624583 -0.647980
vn 0.489311 0.428662 -0.759489
vn 0.554538 0.053414 -0.830442
vn 0.547299 -0.147901 -0.823765
vn 0.119123 -0.965406 -0.231950
vn 0.171541 0.969946 -0.172563
vn 0.542143 0.625134 -0.561506
vn 0.705889 0.053403 -0.706306
vn 0.697490 -0.147906 -0.701164
vn 0.639892 -0.292995 -0.710417
vn 0.162095 -0.965409 -0.204230
vn 0.201907 0.969947 -0.135782
vn 0.650703 0.624584 -0.431834
vn 0.742708 0.428651 -0.514435
vn 0.830117 0.053413 -0.555024
vn 0.820871 -0.147903 -0.551629
vn 0.198806 -0.965405 -0.168727
vn -0.123742 0.991367 -0.043350
vn -0.123197 0.987171 -0.101571
vn -0.078812 0.991367 -0.104791
vn 0.087407 0.991366 -0.097739
vn -0.007317 0.991366 -0.130916
vn 0.018382 0.991366 -0.129831
vn -0.158801 0.987174 -0.016404
vn 0.066657 0.991367 -0.112911
vn -0.043942 0.987662 -0.150310
vn -0.018372 0.991366 0.129829
vn -0.118151 0.991367 0.056852
vn -0.126968 0.991367 0.032710
vn 0.118155 0.991367 -0.056849
vn 0.126970 0.991367 -0.032712
vn 0.130914 0.991367 -0.007306
vn 0.129823 0.991367 0.018370
vn 0.123742 0.991367 0.043351
vn 0.097742 0.991367 0.087399
vn 0.104791 0.991367 -0.078811
vn 0.056857 0.991367 0.118144
vn 0.032702 0.991366 0.126982
vn 0.007307 0.991366 0.130920
vn 0.043338 0.991367 -0.123748
vn -0.043338 0.991367 0.123748
vn -0.066666 0.991366 0.112909
vn -0.087399 0.991367 0.097742
vn -0.104793 0.991367 0.078804
vn 0.224516 0.969946 -0.093790
vn 0.720268 0.621635 -0.307871
vn 0.922446 0.053409 -0.382415
vn 0.912717 -0.147902 -0.380883
vn 0.862762 -0.291249 -0.413298
vn 0.227907 -0.965408 -0.126669
vn 0.238505 0.969946 -0.048167
vn 0.766493 0.621636 -0.161420
vn 0.979328 0.053407 -0.195101
vn 0.969486 -0.147900 -0.195507
vn 0.248245 -0.965408 -0.079759
vn 0.243318 0.969946 -0.000726
vn 0.783253 0.621641 -0.008806
vn 0.998572 0.053416 -0.000300
vn 0.988998 -0.147903 -0.002601
vn 0.866045 -0.499880 -0.009210
vn 0.259041 -0.965405 -0.029832
vn 0.238258 0.970154 0.045097
vn 0.769926 0.621637 0.144159
vn 0.979444 0.053411 0.194518
vn 0.970504 -0.147897 0.190390
vn 0.259889 -0.965404 0.021266
vn 0.193348 0.974252 0.115973
vn 0.726095 0.622819 0.291346
vn 0.922675 0.053402 0.381864
vn 0.914712 -0.147908 0.376066
vn 0.250722 -0.965408 0.071591
vn 0.219707 0.972500 0.077277
vn 0.465521 0.828626 0.310917
vn 0.655978 0.621659 0.428058
vn 0.830451 0.053420 0.554525
vn 0.823772 -0.147901 0.547289
vn 0.231962 -0.965406 0.119102
vn 0.134254 0.974252 0.181132
vn 0.377932 0.825180 0.419817
vn 0.562734 0.616847 0.550300
vn 0.706310 0.053414 0.705885
vn 0.701177 -0.147900 0.697478
vn 0.204270 -0.965404 0.162076
vn 0.173410 0.972500 0.155479
vn 0.321096 0.816435 0.479928
vn 0.442251 0.621662 0.646490
vn 0.555019 0.053412 0.830121
vn 0.551615 -0.147902 0.820881
vn 0.168719 -0.965407 0.198805
vn 0.090012 0.970313 0.224476
vn 0.188673 0.831224 0.522943
vn 0.309314 0.616844 0.723760
vn 0.382407 0.053405 0.922449
vn 0.380880 -0.147903 0.912719
vn 0.126744 -0.965400 0.227901
vn 0.048180 0.969946 0.238501
vn 0.165673 0.625132 0.762733
vn 0.195100 0.053413 0.979328
vn 0.195491 -0.147902 0.969489
vn 0.079770 -0.965408 0.248242
vn 0.000722 0.969947 0.243317
vn -0.002460 0.624581 0.780956
vn 0.015104 0.428650 0.903344
vn 0.000290 0.053398 0.998573
vn 0.002599 -0.147909 0.988998
vn 0.029820 -0.965408 0.259035
vn -0.046757 0.969946 0.238784
vn -0.144191 0.621635 0.769921
vn -0.194519 0.053411 0.979444
vn -0.190386 -0.147900 0.970504
vn -0.135676 -0.291244 0.946979
vn -0.021275 -0.965406 0.259882
vn -0.092446 0.969946 0.225073
vn -0.291305 0.622822 0.726109
vn -0.381874 0.053405 0.922670
vn -0.376078 -0.147910 0.914707
vn -0.071556 -0.965402 0.250756
vn -0.134585 0.969946 0.202709
vn -0.427834 0.621635 0.656146
vn -0.554529 0.053414 0.830448
vn -0.547293 -0.147902 0.823769
vn -0.476745 -0.501938 0.721645
vn -0.119127 -0.965408 0.231940
vn -0.171529 0.969947 0.172572
vn -0.547615 0.621639 0.560075
vn -0.705890 0.053413 0.706305
vn -0.697489 -0.147903 0.701166
vn -0.162056 -0.965403 0.204290
vn -0.112863 -0.991374 0.066636
vn 0.087370 -0.991373 0.097700
vn 0.043327 -0.991374 0.123698
vn 0.018370 -0.991373 0.129779
vn 0.104756 -0.991374 0.078769
vn -0.007299 -0.991373 0.130869
vn 0.118108 -0.991373 0.056825
vn -0.032683 -0.991373 0.126935
vn -0.056829 -0.991374 0.118101
vn 0.056823 -0.991374 -0.118107
vn 0.130863 -0.991374 0.007297
vn -0.078771 -0.991373 0.104761
vn 0.129773 -0.991374 -0.018370
vn 0.123692 -0.991374 -0.043339
vn -0.043327 -0.991374 -0.123698
vn -0.066637 -0.991373 -0.112864
vn 0.126921 -0.991374 0.032692
vn 0.112868 -0.991373 -0.066633
vn -0.087377 -0.991373 -0.097696
vn -0.126922 -0.991374 -0.032693
vn -0.097699 -0.991373 0.087370
vn 0.097697 -0.991373 -0.087375
vn -0.018381 -0.991372 -0.129780
vn 0.066646 -0.991373 0.112862
vn -0.123692 -0.991374 0.043340
vn -0.118111 -0.991373 -0.056821
vn -0.104753 -0.991373 -0.078775
vn 0.078777 -0.991373 -0.104754
vn 0.032683 -0.991373 -0.126934
vn -0.130077 -0.991283 0.020926
vn -0.201910 0.969947 0.135778
vn -0.646383 0.621636 0.442445
vn -0.830111 0.053421 0.555034
vn -0.820869 -0.147900 0.551634
vn -0.714971 -0.499886 0.488805
vn -0.198808 -0.965405 0.168725
vn -0.223159 0.970155 0.094868
vn -0.720277 0.621634 0.307852
vn -0.922446 0.053418 0.382414
vn -0.912719 -0.147905 0.380877
vn -0.227906 -0.965408 0.126674
vn -0.225198 0.974251 0.010988
vn -0.761813 0.626317 0.165434
vn -0.979327 0.053415 0.195105
vn -0.968556 -0.142562 0.203899
vn -0.244510 -0.968167 0.053548
vn -0.179591 0.983415 0.025320
vn -0.211178 0.967735 0.137453
vn -0.366529 0.929833 -0.032664
vn -0.517154 0.855889 -0.002347
vn -0.611415 0.791219 0.011982
vn -0.666597 0.745418 -0.001085
vn -0.744941 0.667112 0.004920
vn -0.860110 0.509904 0.014452
vn -0.811421 0.583080 -0.040160
vn -0.942440 0.333736 0.020686
vn -0.906984 0.420288 -0.027148
vn -0.989098 0.145297 0.023964
vn -0.968537 0.248233 -0.017781
vn -0.998526 -0.048474 0.024409
vn -0.998513 0.048557 -0.024759
vn -0.986881 -0.155114 -0.044792
vn -0.970411 -0.240454 0.022021
vn -0.903924 -0.426528 0.031563
vn -0.941403 -0.336135 -0.027831
vn -0.851902 -0.507985 0.127334
vn -0.860333 -0.509545 -0.013831
vn -0.729788 -0.683668 -0.002728
vn -0.600749 -0.799408 -0.006891
vn -0.439936 -0.897980 -0.009420
vn -0.268702 -0.963223 -0.000830
vn -0.155425 -0.982930 -0.098444
vn -0.145994 0.989282 -0.002591
vn -0.655565 0.747409 -0.107768
vn -0.794694 0.591997 -0.134166
vn -0.979443 0.053415 -0.194522
vn -0.970502 -0.147907 -0.190392
vn -0.242109 -0.969272 -0.043525
vn -0.155299 0.986274 -0.056079
vn -0.622392 0.746273 -0.236019
vn -0.922678 0.053427 -0.381851
vn -0.914713 -0.147898 -0.376066
vn -0.221578 -0.970853 -0.091363
vn -0.115440 0.988055 -0.102087
vn -0.564389 0.746275 -0.352902
vn -0.758786 0.430266 -0.488994
vn -0.830439 0.053396 -0.554545
vn -0.823763 -0.147913 -0.547299
vn -0.207532 -0.969135 -0.133074
vn -0.119947 0.989282 -0.083264
vn -0.484697 0.746277 -0.456223
vn -0.706302 0.053401 -0.705894
vn -0.701162 -0.147914 -0.697491
vn -0.710401 -0.292993 -0.639910
vn -0.170261 -0.970323 -0.171710
vn -0.093838 0.983825 -0.152589
vn -0.386374 0.746275 -0.542023
vn -0.513899 0.430275 -0.742140
vn -0.555013 0.053400 -0.830126
vn -0.551617 -0.147907 -0.820879
vn -0.178755 -0.965202 -0.190871
vn 0.063698 0.986186 -0.152905
vn -0.269154 0.745619 -0.609597
vn -0.382402 0.053407 -0.922451
vn -0.380874 -0.147897 -0.912722
vn -0.413307 -0.291244 -0.862760
vn -0.098001 -0.971614 -0.215320
vn -0.017417 0.975947 -0.217311
vn -0.195610 0.052995 -0.979249
vn -0.206008 -0.141859 -0.968213
vn -0.046558 -0.971354 -0.233033
vn 0.010974 0.971242 -0.237840
vn 0.059423 0.383095 -0.921796
vn 0.039981 -0.369154 -0.928508
vn 0.066870 -0.687048 -0.723529
vn 0.188841 -0.952363 -0.239465
vn 0.110947 0.893299 -0.435553
vn 0.097137 -0.544110 -0.833372
vn 0.110415 -0.941449 -0.318564
vn 0.247143 0.784410 -0.568877
vn 0.251991 -0.733145 -0.631663
vn 0.224869 -0.853601 -0.469893
vn 0.111513 0.938016 -0.328164
vn 0.153652 -0.791905 -0.590997
vn 0.082736 -0.886462 -0.455345
vn 0.097439 -0.988085 -0.119136
vn -0.014293 0.987953 -0.154091
vn 0.254907 0.897109 -0.360858
vn 0.359799 0.793738 -0.490434
vn 0.372006 -0.739022 -0.561657
vn 0.313389 -0.854095 -0.415102
vn 0.212587 -0.937792 -0.274503
vn 0.189175 -0.910532 -0.367620
vn 0.121106 -0.987368 -0.102170
vn 0.015650 0.988041 -0.153396
vn 0.155188 0.941799 -0.298213
vn 0.222175 0.863183 -0.453380
vn 0.455182 0.782815 -0.424277
vn 0.474424 -0.739025 -0.478293
vn 0.384904 -0.855687 -0.345902
vn 0.265075 -0.935583 -0.233281
vn 0.226424 0.938780 -0.259661
vn 0.138106 -0.987562 -0.075153
vn 0.045707 0.987952 -0.147854
vn 0.402751 0.884526 -0.235383
vn 0.521983 0.791970 -0.316730
vn 0.558621 -0.739021 -0.376549
vn 0.444997 -0.855682 -0.264170
vn 0.305493 -0.935583 -0.177082
vn 0.150113 -0.987562 -0.046768
vn 0.073680 0.987953 -0.136091
vn 0.272211 0.936804 -0.219770
vn 0.375776 0.865043 -0.332404
vn 0.581229 0.783543 -0.219622
vn 0.622956 -0.737895 -0.259685
vn 0.487977 -0.855688 -0.172268
vn 0.334176 -0.935581 -0.114086
vn 0.156355 -0.987562 -0.016563
vn 0.098813 0.987953 -0.119102
vn 0.311707 0.936997 -0.157717
vn 0.613717 0.782932 -0.101829
vn 0.660861 -0.738179 -0.135480
vn 0.512210 -0.855687 -0.073756
vn 0.350005 -0.935583 -0.046698
vn 0.156582 -0.987563 0.014217
vn 0.120164 0.987953 -0.097519
vn 0.339073 0.935720 -0.097254
vn 0.471413 0.867134 -0.160772
vn 0.621786 0.782935 0.019866
vn 0.673678 -0.739020 -0.002728
vn 0.516763 -0.855684 0.027587
vn 0.352392 -0.935582 0.022485
vn 0.150786 -0.987562 0.044543
vn 0.136860 0.987953 -0.072234
vn 0.351531 0.935720 -0.029239
vn 0.492432 0.868290 -0.059869
vn 0.606332 0.782204 0.143242
vn 0.661262 -0.739023 0.128754
vn 0.501443 -0.855689 0.127872
vn 0.341234 -0.935583 0.090798
vn 0.148325 0.987953 -0.044143
vn 0.139203 -0.987562 0.073096
vn 0.352406 0.934938 0.041253
vn 0.494653 0.868288 0.037346
vn 0.405715 0.898067 0.169918
vn 0.551316 0.791459 0.263900
vn 0.623448 -0.739019 0.255271
vn 0.466878 -0.855681 0.223238
vn 0.316967 -0.935580 0.155631
vn 0.122285 -0.987563 0.098824
vn 0.153499 0.988041 -0.014601
vn 0.328742 0.939735 0.093954
vn 0.481214 0.865581 0.138578
vn 0.473818 0.767668 0.431489
vn 0.561661 -0.739023 0.371998
vn 0.414348 -0.855687 0.310026
vn 0.280499 -0.935585 0.214478
vn 0.261604 0.952879 0.153573
vn 0.100637 -0.987562 0.120805
vn 0.292607 0.900143 0.322682
vn 0.478298 -0.739020 0.474427
vn 0.345905 -0.855686 0.384904
vn 0.233272 -0.935582 0.265084
vn 0.075148 -0.987562 0.138107
vn 0.147401 0.988041 0.045262
vn 0.267743 0.938817 0.216649
vn 0.384471 0.877516 0.286613
vn 0.282776 0.767690 0.575057
vn 0.376548 -0.739025 0.558618
vn 0.264170 -0.855685 0.444992
vn 0.177080 -0.935583 0.305496
vn 0.182915 0.952879 0.241999
vn 0.046742 -0.987562 0.150120
vn 0.138123 0.898775 0.416084
vn 0.260336 -0.739019 0.621350
vn 0.172282 -0.855688 0.487972
vn 0.114073 -0.935583 0.334174
vn 0.016502 -0.987561 0.156367
vn 0.118830 0.988042 0.098247
vn 0.160186 0.940887 0.298450
vn 0.241546 0.878367 0.412464
vn 0.103647 0.782333 0.614177
vn 0.134111 -0.739023 0.660196
vn 0.073770 -0.855683 0.512216
vn 0.046692 -0.935582 0.350009
vn 0.090101 0.938780 0.332526
vn -0.014226 -0.987562 0.156584
vn 0.097571 0.987952 0.120129
vn -0.028029 0.884528 0.465643
vn -0.026640 0.791970 0.609979
vn 0.002740 -0.739022 0.673675
vn -0.027579 -0.855688 0.516757
vn -0.022485 -0.935585 0.352385
vn -0.044520 -0.987562 0.150798
vn 0.072227 0.987952 0.136871
vn 0.031496 0.936804 0.348434
vn 0.063392 0.865401 0.497053
vn -0.142756 0.782814 0.605659
vn -0.130167 -0.737899 0.662240
vn -0.127857 -0.855685 0.501454
vn -0.090805 -0.935580 0.341238
vn -0.073102 -0.987561 0.139207
vn 0.044117 0.987953 0.148336
vn -0.042036 0.936998 0.346795
vn -0.204091 0.884526 0.419476
vn -0.258045 0.791972 0.553347
vn -0.254511 -0.738174 0.624758
vn -0.223228 -0.855688 0.466869
vn -0.155633 -0.935584 0.316957
vn -0.098883 -0.987561 0.122252
vn 0.014316 0.987953 0.154092
vn -0.104236 0.936801 0.333973
vn -0.129961 0.865409 0.483919
vn -0.361252 0.783543 0.505527
vn -0.373692 -0.737901 0.562012
vn -0.310028 -0.855683 0.414353
vn -0.214479 -0.935581 0.280511
vn -0.120774 -0.987563 0.100661
vn -0.015927 0.987952 0.153938
vn -0.171556 0.936997 0.304311
vn -0.453701 0.782936 0.425638
vn -0.474222 -0.738174 0.479804
vn -0.384904 -0.855687 0.345902
vn -0.265077 -0.935585 0.233270
vn -0.045704 0.987953 0.147852
vn -0.138138 -0.987562 0.075099
vn -0.227896 0.935719 0.269244
vn -0.302640 0.867134 0.395586
vn -0.528016 0.782938 0.328949
vn -0.558617 -0.739025 0.376550
vn -0.444989 -0.855688 0.264165
vn -0.305498 -0.935582 0.177077
vn -0.150121 -0.987562 0.046749
vn -0.073685 0.987953 0.136084
vn -0.276040 0.935722 0.219607
vn -0.376171 0.868292 0.323365
vn -0.583714 0.782210 0.217776
vn -0.620076 -0.740407 0.259429
vn -0.490100 -0.852431 0.182106
vn -0.328119 -0.936730 0.121963
vn -0.098807 0.987953 0.119108
vn -0.156353 -0.987562 0.016560
vn -0.315936 0.934937 0.161486
vn -0.432029 0.868290 0.243770
vn -0.431506 0.898866 0.076441
vn -0.603576 0.793047 0.082291
vn -0.330287 -0.942758 0.046017
vn -0.687509 -0.707070 0.165482
vn -0.155366 -0.987754 -0.014236
vn -0.119534 0.988041 0.097395
vn -0.325543 0.939733 0.104513
vn -0.477110 0.865578 0.152122
vn -0.484073 0.874604 0.027230
vn -0.291291 -0.956473 0.017578
vn -0.302337 0.951693 -0.053600
vn -0.774292 -0.629550 0.064342
vn -0.610990 -0.788031 0.075482
vn -0.470377 -0.880345 0.061136
vn -0.183638 -0.982876 -0.015258
vn -0.590054 -0.803631 -0.077544
vn -0.697076 -0.710251 -0.098121
vn -0.562227 0.824312 -0.066412
vn -0.524162 0.830091 -0.190273
vn -0.341120 0.931486 -0.126373
vn -0.666114 -0.706288 -0.239686
vn -0.559595 -0.803006 -0.205023
vn -0.440549 -0.889917 -0.118172
vn -0.119318 -0.988094 -0.097126
vn -0.140275 0.989958 0.017518
vn -0.511177 -0.803504 -0.305088
vn -0.097951 -0.988036 -0.119127
vn -0.481775 0.829238 -0.283298
vn -0.606547 -0.706293 -0.365036
vn -0.185802 0.964783 -0.186201
vn -0.412737 0.829385 -0.376522
vn -0.269563 0.934593 -0.232105
vn -0.523685 -0.706291 -0.476347
vn -0.438545 -0.803003 -0.403565
vn -0.363700 -0.889926 -0.275234
vn -0.073051 -0.988094 -0.135403
vn -0.045348 -0.987847 -0.148666
vn -0.268114 -0.893651 -0.359864
vn -0.126384 0.989957 -0.063347
vn -0.334991 0.829269 -0.447318
vn -0.420690 -0.706291 -0.569362
vn -0.352814 -0.804617 -0.477612
vn -0.147242 0.901023 -0.408016
vn -0.241105 0.828367 -0.505645
vn -0.299342 -0.703415 -0.644672
vn -0.255640 -0.803415 -0.537748
vn -0.015237 -0.988134 -0.152834
vn -0.057331 -0.880389 -0.470775
vn 0.015427 -0.988332 -0.151535
vn -0.151695 -0.896519 -0.416225
vn -0.097574 0.933483 -0.345091
vn -0.126079 0.832808 -0.539012
vn -0.132960 -0.830775 -0.540495
vn -0.054442 -0.722990 -0.688710
vn 0.010333 -0.802083 -0.597123
vn -0.095235 0.373640 -0.922672
vn 0.044372 -0.988328 -0.145734
vn -0.072197 0.988324 -0.134173
vn -0.093136 -0.432603 -0.896761
vn -0.014070 0.893362 -0.449118
vn 0.066968 0.800699 -0.595311
vn 0.011065 -0.993620 -0.112238
vn -0.007532 -0.945991 -0.324104
vn -0.044286 0.988040 -0.147701
vn 0.019747 0.944042 -0.329232
vn 0.099566 0.993607 0.053221
vn 0.071620 0.993606 0.087279
vn -0.112350 0.993607 0.011063
vn -0.137417 -0.988379 0.064983
vn -0.134321 0.988332 -0.071822
vn -0.053218 0.993607 -0.099564
vn -0.086811 -0.539553 -0.837464
vn -0.057332 0.543921 -0.837176
vn -0.103000 0.228203 -0.968150
vn -0.090043 0.063225 -0.993929
vn -0.078422 -0.159591 -0.984063
vn 0.132800 0.640836 -0.756104
vn 0.127087 0.468256 -0.874406
vn 0.011796 -0.992348 -0.122908
vn 0.120029 -0.040723 -0.991935
vn 0.058118 -0.240754 -0.968845
vn 0.321133 -0.288346 -0.902070
vn 0.247502 -0.605934 -0.756033
vn 0.212042 0.679961 -0.701919
vn 0.299183 0.464413 -0.833553
vn 0.315673 0.295240 -0.901767
vn 0.303457 0.144872 -0.941767
vn 0.290149 -0.053409 -0.955490
vn 0.490210 0.290928 -0.821617
vn 0.468495 0.147897 -0.870999
vn 0.470986 -0.053414 -0.880522
vn 0.489004 -0.293002 -0.821599
vn 0.454735 -0.458323 -0.763647
vn 0.400315 -0.610085 -0.683772
vn 0.342137 0.688084 -0.639908
vn 0.418400 0.505700 -0.754460
vn 0.594185 -0.462378 -0.658142
vn 0.524498 -0.606670 -0.597372
vn 0.460845 0.683651 -0.565899
vn 0.594981 0.468887 -0.652796
vn 0.647756 0.289324 -0.704772
vn 0.629413 0.147898 -0.762867
vn 0.633718 -0.053416 -0.771718
vn 0.767322 0.290930 -0.571469
vn 0.766139 0.147906 -0.625424
vn 0.772095 -0.053407 -0.633259
vn 0.766202 -0.292998 -0.571914
vn 0.711165 -0.462371 -0.529583
vn 0.630966 -0.606667 -0.483567
vn 0.560965 0.688089 -0.460275
vn 0.675278 0.505696 -0.536910
vn 0.799518 -0.465158 -0.379998
vn 0.713812 -0.607388 -0.348643
vn 0.642315 0.683659 -0.346469
vn 0.797327 0.472630 -0.375353
vn 0.868155 0.289332 -0.403230
vn 0.873432 0.147906 -0.463941
vn 0.880801 -0.053405 -0.470465
vn 0.947161 0.147901 -0.284626
vn 0.955659 -0.053404 -0.289594
vn 0.928646 -0.285259 -0.237158
vn 0.866847 -0.442226 -0.230243
vn 0.781816 -0.591961 -0.195821
vn 0.699345 0.682366 -0.212821
vn 0.858232 0.466760 -0.213478
vn 0.928196 0.292997 -0.229359
vn 0.794172 -0.604950 -0.057672
vn 0.727441 0.682353 -0.072281
vn 0.883393 0.466753 -0.041940
vn 0.955108 0.292993 -0.043870
vn 0.984489 0.147904 -0.094375
vn 0.993794 -0.053401 -0.097581
vn 0.955689 -0.290928 -0.044931
vn 0.899222 -0.430599 -0.077357
vn 0.993735 -0.053407 0.098176
vn 0.946191 -0.293002 0.137380
vn 0.879539 -0.458321 0.127880
vn 0.784913 -0.610088 0.108188
vn 0.727566 0.682352 0.071017
vn 0.874598 0.466759 0.131205
vn 0.945313 0.292999 0.143301
vn 0.983984 0.147893 0.099514
vn 0.698238 0.683466 0.212926
vn 0.832200 0.466755 0.299305
vn 0.899192 0.292993 0.324975
vn 0.945667 0.147909 0.289547
vn 0.955493 -0.053396 0.290142
vn 0.901215 -0.292989 0.319326
vn 0.835426 -0.462379 0.297103
vn 0.752618 -0.606664 0.255980
vn 0.880523 -0.053409 0.470985
vn 0.821596 -0.292998 0.489011
vn 0.761419 -0.462374 0.454369
vn 0.688216 -0.606670 0.397882
vn 0.643981 0.684744 0.341196
vn 0.757821 0.466748 0.455909
vn 0.818513 0.293001 0.494153
vn 0.871006 0.147904 0.468479
vn 0.108485 0.992400 0.058079
vn 0.654313 0.466755 0.594990
vn 0.706379 0.293000 0.644345
vn 0.762876 0.147908 0.629399
vn 0.771723 -0.053399 0.633713
vn 0.710405 -0.292990 0.639908
vn 0.658144 -0.462370 0.594188
vn 0.597382 -0.606664 0.524494
vn 0.575394 0.677400 0.458314
vn 0.571921 -0.292996 0.766198
vn 0.529568 -0.462372 0.711175
vn 0.483580 -0.606666 0.630957
vn 0.458617 0.682481 0.569113
vn 0.525655 0.466763 0.711209
vn 0.567107 0.292997 0.769768
vn 0.625416 0.147894 0.766147
vn 0.078033 0.992399 0.095154
vn 0.633252 -0.053421 0.772099
vn 0.376803 0.466763 0.800095
vn 0.406036 0.293002 0.865613
vn 0.463939 0.147899 0.873434
vn 0.470462 -0.053415 0.880802
vn 0.411456 -0.292994 0.863052
vn 0.380648 -0.462367 0.800827
vn 0.351199 -0.606660 0.713178
vn 0.356214 0.677396 0.643619
vn 0.235175 -0.293000 0.926738
vn 0.217106 -0.462371 0.859697
vn 0.205309 -0.606665 0.767988
vn 0.206886 0.679834 0.703580
vn 0.213108 0.463001 0.860357
vn 0.229360 0.293004 0.928193
vn 0.284622 0.147897 0.947162
vn 0.289580 -0.053426 0.955662
vn 0.048865 0.290920 0.955499
vn 0.094369 0.147906 0.984489
vn 0.097582 -0.053405 0.993794
vn 0.049861 -0.292996 0.954813
vn 0.045219 -0.462372 0.885533
vn 0.051537 -0.606667 0.793284
vn 0.071049 0.688090 0.722139
vn 0.071262 0.505697 0.859763
vn -0.128233 -0.465158 0.875891
vn -0.106669 -0.607391 0.787209
vn -0.068766 0.683660 0.726554
vn -0.130880 0.472636 0.871484
vn -0.147049 0.289331 0.945867
vn -0.099492 0.147905 0.983984
vn -0.098169 -0.053404 0.993736
vn -0.289575 0.147897 0.945660
vn -0.290167 -0.053425 0.955484
vn -0.318731 -0.285271 0.903898
vn -0.290146 -0.442215 0.848682
vn -0.271531 -0.591961 0.758850
vn -0.212926 0.683463 0.698241
vn -0.299308 0.466751 0.832200
vn -0.324967 0.292998 0.899193
vn -0.395432 -0.605682 0.690495
vn -0.341574 0.683661 0.644930
vn -0.455912 0.466763 0.757810
vn -0.494148 0.293000 0.818516
vn -0.468483 0.147902 0.871004
vn -0.470990 -0.053416 0.880520
vn -0.492470 -0.289719 0.820692
vn -0.435241 -0.430594 0.790667
vn -0.629412 0.147895 0.762868
vn -0.633718 -0.053421 0.771717
vn -0.640379 -0.285269 0.713117
vn -0.590722 -0.439139 0.676908
vn -0.543183 -0.594783 0.592610
vn -0.463255 0.682356 0.565495
vn -0.594992 0.466759 0.654309
vn -0.644337 0.293002 0.706385
vn -0.628298 -0.604950 0.489160
vn -0.564673 0.682359 0.464253
vn -0.711204 0.466753 0.525671
vn -0.769769 0.293002 0.567102
vn -0.766130 0.147910 0.625434
vn -0.772088 -0.053401 0.633268
vn -0.769666 -0.290925 0.568310
vn -0.704695 -0.430599 0.563905
vn -0.880803 -0.053406 0.470462
vn -0.863054 -0.292998 0.411448
vn -0.802356 -0.458318 0.382320
vn -0.712743 -0.610089 0.346106
vn -0.644392 0.682364 0.345164
vn -0.800098 0.466748 0.376815
vn -0.865618 0.292995 0.406029
vn -0.873434 0.147902 0.463937
vn -0.698845 0.683479 0.210884
vn -0.857029 0.466797 0.218180
vn -0.929021 0.287789 0.232589
vn -0.947162 0.147900 0.284622
vn -0.955660 -0.053401 0.289591
vn -0.926120 -0.291965 0.238870
vn -0.856610 -0.468525 0.216107
vn -0.771275 -0.599359 0.214252
vn -0.995121 -0.048534 0.085898
vn -0.966793 -0.243557 0.077403
vn -0.900266 -0.428990 0.074087
vn -0.731704 0.679210 0.057296
vn -0.857478 0.510139 0.067008
vn -0.938649 0.335678 0.079112
vn -0.984337 0.149646 0.093199
vn -0.122460 0.992400 0.012035
vn -0.874854 0.468387 -0.123469
vn -0.945928 0.292993 -0.139196
vn -0.326841 -0.944064 -0.043805
vn -0.985003 0.143685 -0.095515
vn -0.157924 -0.985122 0.067780
vn -0.994839 -0.054046 -0.085878
vn -0.254944 0.966887 0.011520
vn -0.948387 -0.288281 -0.132124
vn -0.431855 0.897733 -0.087046
vn -0.878082 -0.462146 -0.124067
vn -0.792418 -0.602247 -0.096811
vn -0.746161 0.662980 -0.060841
vn -0.901214 -0.292992 -0.319324
vn -0.835427 -0.462381 -0.297094
vn -0.755356 -0.602916 -0.256769
vn -0.728846 0.633633 -0.259407
vn -0.834579 0.459428 -0.303981
vn -0.899192 0.292995 -0.324973
vn -0.945669 0.147901 -0.289544
vn -0.955492 -0.053401 -0.290143
vn -0.821609 0.290921 -0.490229
vn -0.271174 -0.944131 -0.187301
vn -0.871001 0.147894 -0.468492
vn -0.209529 0.971315 -0.112454
vn -0.880523 -0.053408 -0.470985
vn -0.821592 -0.292999 -0.489018
vn -0.362735 0.896932 -0.252857
vn -0.761423 -0.462375 -0.454362
vn -0.690748 -0.602919 -0.399194
vn -0.663955 0.626758 -0.407846
vn -0.752638 0.506019 -0.421285
vn -0.658139 -0.462372 -0.594193
vn -0.599601 -0.602920 -0.526275
vn -0.576927 0.628705 -0.521427
vn -0.653322 0.468255 -0.594901
vn -0.704755 0.289329 -0.647773
vn -0.762869 0.147899 -0.629410
vn -0.771715 -0.053410 -0.633722
vn -0.571472 0.290925 -0.767322
vn -0.159944 -0.945021 -0.285226
vn -0.625413 0.147896 -0.766150
vn -0.633247 -0.053421 -0.772104
vn -0.571919 -0.293001 -0.766198
vn -0.246594 0.901650 -0.355272
vn -0.529570 -0.462374 -0.711172
vn -0.485416 -0.602923 -0.633131
vn -0.457357 0.626755 -0.630875
vn -0.534119 0.506022 -0.677243
vn -0.380000 -0.465157 -0.799518
vn -0.349894 -0.603814 -0.716228
vn -0.330861 0.625500 -0.706598
vn -0.374534 0.473281 -0.797326
vn -0.403239 0.289331 -0.868151
vn -0.463926 0.147887 -0.873443
vn -0.055809 0.993005 -0.104053
vn -0.470451 -0.053425 -0.880807
vn -0.090718 0.969705 -0.226811
vn -0.075838 -0.955112 -0.286375
vn -0.284625 0.147894 -0.947162
vn -0.289583 -0.053424 -0.955661
vn -0.070506 0.951051 -0.300884
vn -0.236648 -0.285242 -0.928781
vn -0.230268 -0.442223 -0.866842
vn -0.118145 0.768234 -0.629173
vn -0.201079 -0.592571 -0.780017
vn -0.192598 0.628292 -0.753761
vn -0.141980 -0.739618 -0.657880
vn -0.221612 0.467981 -0.855501
vn -0.233530 0.288301 -0.928626
vn -0.075526 -0.634300 -0.769389
vn -0.084495 0.690862 -0.718032
vn -0.058826 0.477997 -0.876389
vn -0.067464 -0.275271 -0.958997
vn -0.577970 0.623480 -0.526520
vn -0.714004 0.237571 -0.658603
vn -0.743668 0.048558 -0.666783
vn -0.734359 -0.147416 -0.662560
vn -0.600389 -0.546832 -0.583530
vn -0.142935 0.970315 -0.195087
vn -0.476444 0.622821 -0.620560
vn -0.590466 0.254038 -0.766038
vn -0.599435 0.048622 -0.798945
vn -0.586287 -0.153536 -0.795421
vn -0.516395 -0.385978 -0.764433
vn -0.155435 -0.974377 -0.162575
vn -0.106902 0.970155 -0.217652
vn -0.349894 0.625140 -0.697692
vn -0.432190 0.053421 -0.900199
vn -0.430128 -0.147899 -0.890571
vn -0.392083 -0.497578 -0.773749
vn -0.086728 -0.967021 -0.239475
vn -0.057384 0.970314 -0.234943
vn -0.191554 0.624577 -0.757107
vn -0.238971 0.428653 -0.871292
vn -0.248251 0.053413 -0.967222
vn -0.248111 -0.147906 -0.957374
vn -0.093243 -0.965403 -0.243523
vn -0.014021 0.969947 -0.242913
vn -0.056281 0.625135 -0.778484
vn -0.054792 0.053398 -0.997069
vn -0.056566 -0.147913 -0.987381
vn -0.101891 -0.292999 -0.950668
vn -0.043914 -0.965406 -0.257027
vn 0.033660 0.969947 -0.240979
vn 0.112759 0.624584 -0.772774
vn 0.112651 0.428655 -0.896418
vn 0.140778 0.053419 -0.988599
vn 0.137126 -0.147896 -0.979451
vn 0.007043 -0.965406 -0.260655
vn -0.118198 0.987177 0.107288
vn -0.114836 0.991373 0.063182
vn -0.157844 0.987174 0.023943
vn -0.063189 0.991374 -0.114829
vn -0.141237 0.987666 -0.067586
vn -0.102320 0.991373 -0.081912
vn -0.130586 0.991373 -0.011265
vn -0.060375 0.991374 0.116329
vn -0.011265 0.991373 0.130586
vn -0.039566 0.991373 -0.124955
vn -0.014433 0.991373 -0.130271
vn 0.011265 0.991374 -0.130580
vn 0.036527 0.991373 -0.125878
vn 0.060362 0.991375 -0.116331
vn 0.081919 0.991373 -0.102317
vn -0.036523 0.991373 0.125878
vn 0.114838 0.991373 -0.063185
vn 0.100305 0.991373 -0.084374
vn 0.125878 0.991373 0.036527
vn 0.116329 0.991374 0.060376
vn 0.102322 0.991374 0.081906
vn 0.084374 0.991373 0.100305
vn 0.063183 0.991373 0.114836
vn 0.039574 0.991374 0.124950
vn 0.014433 0.991373 0.130271
vn 0.130271 0.991373 -0.014433
vn -0.084374 0.991373 -0.100305
vn 0.080020 0.969948 -0.229779
vn 0.251489 0.621640 -0.741834
vn 0.330931 0.053424 -0.942141
vn 0.325589 -0.147894 -0.933873
vn 0.268088 -0.291253 -0.918314
vn 0.057691 -0.965397 -0.254325
vn 0.123308 0.969947 -0.209756
vn 0.391400 0.621636 -0.678510
vn 0.508382 0.053412 -0.859474
vn 0.501519 -0.147900 -0.852411
vn 0.106241 -0.965401 -0.238145
vn 0.161858 0.969947 -0.181671
vn 0.516245 0.621645 -0.589109
vn 0.666293 0.053399 -0.743776
vn 0.658186 -0.147908 -0.738183
vn 0.571184 -0.499878 -0.651053
vn 0.150662 -0.965402 -0.212837
vn 0.192610 0.970155 -0.147313
vn 0.621269 0.621634 -0.477070
vn 0.798591 0.053409 -0.599499
vn 0.789545 -0.147906 -0.595602
vn 0.189296 -0.965407 -0.179324
vn 0.215402 0.974252 -0.066594
vn 0.701574 0.622825 -0.346239
vn 0.900199 0.053422 -0.432189
vn 0.890568 -0.147903 -0.430132
vn 0.220655 -0.965407 -0.138929
vn 0.204214 0.972500 -0.111988
vn 0.542222 0.828636 -0.139131
vn 0.756592 0.621656 -0.202763
vn 0.967219 0.053427 -0.248260
vn 0.957375 -0.147898 -0.248112
vn 0.243518 -0.965408 -0.093198
vn 0.224490 0.974253 0.020878
vn 0.564859 0.825187 -0.001225
vn 0.785383 0.616844 -0.051732
vn 0.997067 0.053424 -0.054802
vn 0.987383 -0.147896 -0.056578
vn 0.257031 -0.965404 -0.043942
vn 0.231533 0.972497 -0.025347
vn 0.571694 0.816436 0.081231
vn 0.776588 0.621663 0.102204
vn 0.988599 0.053419 0.140779
vn 0.979448 -0.147899 0.137138
vn 0.260652 -0.965407 0.007063
vn 0.227227 0.970315 0.082810
vn 0.515339 0.831221 0.208560
vn 0.745397 0.616841 0.252768
vn 0.942142 0.053424 0.330931
vn 0.933875 -0.147898 0.325582
vn 0.254262 -0.965408 0.057784
vn 0.209757 0.969947 0.123308
vn 0.678542 0.625134 0.385732
vn 0.859473 0.053411 0.508383
vn 0.852412 -0.147902 0.501517
vn 0.238138 -0.965403 0.106244
vn 0.181673 0.969947 0.161856
vn 0.579891 0.624582 0.523091
vn 0.682750 0.428647 0.591705
vn 0.743780 0.053419 0.666287
vn 0.738188 -0.147901 0.658182
vn 0.212830 -0.965403 0.150667
vn 0.146608 0.969947 0.194188
vn 0.477076 0.621636 0.621263
vn 0.599497 0.053407 0.798593
vn 0.595591 -0.147909 0.789553
vn 0.614595 -0.291251 0.733107
vn 0.179338 -0.965404 0.189293
vn 0.105901 0.969947 0.219060
vn 0.346257 0.622817 0.701573
vn 0.432181 0.053411 0.900204
vn 0.430128 -0.147907 0.890569
vn 0.138941 -0.965406 0.220649
vn 0.061123 0.969947 0.235516
vn 0.203022 0.621639 0.756536
vn 0.248250 0.053413 0.967222
vn 0.248110 -0.147904 0.957375
vn 0.219133 -0.501951 0.836675
vn 0.093197 -0.965408 0.243518
vn 0.014007 0.969947 0.242912
vn 0.051530 0.621634 0.781611
vn 0.054795 0.053421 0.997068
vn 0.056577 -0.147900 0.987383
vn 0.043944 -0.965404 0.257030
vn 0.092572 -0.991374 0.092782
vn 0.000154 -0.991368 -0.131110
vn 0.128575 -0.991374 -0.025429
vn -0.121145 -0.991373 0.050028
vn -0.128574 -0.991374 0.025427
vn -0.131069 -0.991373 -0.000150
vn -0.128519 -0.991374 -0.025716
vn -0.121028 -0.991374 -0.050289
vn -0.108894 -0.991374 -0.072941
vn -0.109061 -0.991374 0.072692
vn -0.025432 -0.991367 -0.128623
vn 0.072944 -0.991374 -0.108891
vn 0.121039 -0.991373 0.050285
vn 0.128513 -0.991374 0.025717
vn 0.092782 -0.991374 -0.092572
vn 0.109061 -0.991373 -0.072703
vn 0.121148 -0.991373 -0.050019
vn 0.050284 -0.991373 -0.121040
vn 0.108893 -0.991374 0.072937
vn -0.025719 -0.991373 0.128519
vn 0.072694 -0.991373 0.109064
vn 0.050029 -0.991373 0.121147
vn 0.025429 -0.991374 0.128575
vn -0.000150 -0.991373 0.131068
vn 0.025724 -0.991368 -0.128561
vn -0.050290 -0.991374 0.121028
vn 0.131062 -0.991374 0.000149
vn -0.071232 -0.991283 0.110835
vn -0.072723 -0.991367 -0.109100
vn -0.050031 -0.991368 -0.121191
vn -0.033651 0.969948 0.240975
vn -0.101942 0.621639 0.776642
vn -0.140777 0.053419 0.988599
vn -0.137146 -0.147902 0.979447
vn -0.113227 -0.499871 0.858667
vn -0.007087 -0.965409 0.260645
vn -0.078314 0.970155 0.229490
vn -0.251501 0.621642 0.741828
vn -0.330947 0.053405 0.942137
vn -0.325598 -0.147910 0.933868
vn -0.057773 -0.965407 0.254268
vn -0.142107 0.974252 0.175039
vn -0.385312 0.626314 0.677691
vn -0.508383 0.053413 0.859473
vn -0.494638 -0.142562 0.857327
vn -0.123272 -0.968170 0.217831
vn -0.101036 0.983415 0.150619
vn -0.038539 0.967721 0.249060
vn -0.268947 0.929839 0.251132
vn -0.346926 0.855888 0.383534
vn -0.399178 0.791220 0.463280
vn -0.493573 0.667098 0.558003
vn -0.445735 0.745419 0.495652
vn -0.563335 0.509910 0.650112
vn -0.571496 0.583083 0.577414
vn -0.613646 0.333750 0.715577
vn -0.625595 0.420287 0.657259
vn -0.659710 0.248227 0.709342
vn -0.642347 0.145293 0.752516
vn -0.684909 0.048559 0.727009
vn -0.648310 -0.048472 0.759832
vn -0.631318 -0.240458 0.737304
vn -0.692068 -0.155109 0.704970
vn -0.649073 -0.336137 0.682433
vn -0.579845 -0.426522 0.694161
vn -0.473757 -0.507970 0.719389
vn -0.584535 -0.509538 0.631418
vn -0.489143 -0.683676 0.541595
vn -0.406118 -0.799410 0.442733
vn -0.300668 -0.897970 0.321324
vn -0.177033 -0.982934 0.049993
vn -0.179927 -0.963221 0.199580
vn -0.099911 0.989286 0.106447
vn -0.517828 0.747401 0.416227
vn -0.630362 0.591985 0.502192
vn -0.798589 0.053413 0.599502
vn -0.789544 -0.147904 0.595605
vn -0.194018 -0.969279 0.151178
vn -0.145387 0.986280 0.078199
vn -0.591184 0.746267 0.305920
vn -0.900203 0.053420 0.432182
vn -0.890574 -0.147905 0.430118
vn -0.215933 -0.970851 0.104027
vn -0.153046 0.988059 0.017807
vn -0.639497 0.746274 0.184714
vn -0.870588 0.430268 0.238635
vn -0.967223 0.053406 0.248249
vn -0.957375 -0.147913 0.248102
vn -0.237600 -0.969140 0.065681
vn -0.142109 0.989284 0.033507
vn -0.663249 0.746271 0.056402
vn -0.997067 0.053422 0.054796
vn -0.987382 -0.147900 0.056583
vn -0.950671 -0.292991 0.101889
vn -0.241516 -0.970321 0.012159
vn -0.176253 0.983825 -0.031981
vn -0.661508 0.746272 -0.074065
vn -0.895634 0.430282 -0.112680
vn -0.988599 0.053422 -0.140774
vn -0.979448 -0.147896 -0.137142
vn -0.261343 -0.965230 0.005538
vn -0.070802 0.986070 -0.150512
vn -0.633589 0.745617 -0.206446
vn -0.942137 0.053407 -0.330947
vn -0.933869 -0.147910 -0.325595
vn -0.918309 -0.291249 -0.268109
vn -0.225746 -0.971613 -0.070764
vn -0.173398 0.975943 -0.132168
vn -0.859750 0.052988 -0.507959
vn -0.858477 -0.141858 -0.492842
vn -0.204563 -0.971358 -0.120906
vn -0.169760 0.971243 -0.166938
vn -0.653135 0.381280 -0.654248
vn -0.658624 -0.377826 -0.650740
vn -0.492830 -0.688434 -0.532144
vn -0.052455 -0.952452 -0.300139
vn -0.255395 0.891582 -0.373972
vn -0.346478 0.796260 -0.495905
vn -0.489329 -0.543457 -0.682064
vn -0.163694 -0.941470 -0.294684
vn -0.249272 0.782815 -0.570144
vn -0.302170 -0.733150 -0.609248
vn -0.196645 -0.853004 -0.483440
vn -0.169949 0.938014 -0.302071
vn -0.338301 -0.790763 -0.510144
vn -0.268250 -0.880020 -0.391927
vn -0.023731 -0.988078 -0.152115
vn -0.124308 0.987960 -0.092099
vn -0.098527 0.897106 -0.430689
vn -0.125049 0.793736 -0.595269
vn -0.169935 -0.739035 -0.651881
vn -0.099924 -0.854093 -0.510431
vn -0.062472 -0.937788 -0.341543
vn -0.147469 -0.910531 -0.386247
vn 0.004721 -0.987360 -0.158422
vn -0.103824 0.988047 -0.113944
vn -0.118486 0.941792 -0.314626
vn -0.186416 0.864070 -0.467581
vn -0.012119 0.782817 -0.622134
vn -0.039496 -0.739025 -0.672519
vn -0.000666 -0.855672 -0.517519
vn 0.003266 -0.935574 -0.353116
vn -0.042239 0.938781 -0.341915
vn 0.036183 -0.987556 -0.153050
vn -0.079637 0.987960 -0.132638
vn 0.093533 0.884525 -0.457019
vn 0.112541 0.791973 -0.600094
vn 0.092464 -0.739025 -0.667303
vn 0.100294 -0.855676 -0.507700
vn 0.072105 -0.935579 -0.345676
vn 0.065337 -0.987556 -0.143056
vn -0.052220 0.987960 -0.145627
vn 0.018028 0.936798 -0.349407
vn 0.003292 0.865042 -0.501689
vn 0.224406 0.783543 -0.579398
vn 0.222423 -0.737902 -0.637204
vn 0.197415 -0.855680 -0.478372
vn 0.138162 -0.935582 -0.324958
vn 0.092299 -0.987551 -0.127375
vn -0.022852 0.987959 -0.153016
vn 0.090601 0.936996 -0.337388
vn 0.333796 0.782939 -0.524964
vn 0.340215 -0.738185 -0.582526
vn 0.286957 -0.855675 -0.430669
vn 0.198905 -0.935578 -0.291773
vn 0.115180 -0.987560 -0.107048
vn 0.007516 0.987961 -0.154518
vn 0.153890 0.935720 -0.317406
vn 0.194915 0.867136 -0.458349
vn 0.429802 0.782934 -0.449760
vn 0.447613 -0.739020 -0.503479
vn 0.365468 -0.855679 -0.366397
vn 0.252001 -0.935581 -0.247355
vn 0.133819 -0.987560 -0.082572
vn 0.037411 0.987959 -0.150122
vn 0.212866 0.935716 -0.281291
vn 0.284091 0.868287 -0.406658
vn 0.511353 0.782208 -0.355905
vn 0.537231 -0.739030 -0.406470
vn 0.429927 -0.855678 -0.288058
vn 0.295415 -0.935579 -0.193449
vn 0.065998 0.987959 -0.139933
vn 0.147340 -0.987561 -0.054909
vn 0.265936 0.934937 -0.234885
vn 0.357967 0.868289 -0.343416
vn 0.397357 0.898062 -0.188661
vn 0.564500 0.791456 -0.234385
vn 0.606211 -0.739025 -0.293853
vn 0.477858 -0.855679 -0.198656
vn 0.327479 -0.935578 -0.132106
vn 0.155232 -0.987560 -0.025086
vn 0.091496 0.988047 -0.124062
vn 0.289388 0.939733 -0.182087
vn 0.424389 0.865581 -0.265826
vn 0.637559 0.767670 -0.064819
vn 0.651881 -0.739035 -0.169936
vn 0.507429 -0.855681 -0.101613
vn 0.346959 -0.935578 -0.065674
vn 0.288980 0.952876 -0.092296
vn 0.157139 -0.987561 0.005624
vn 0.435582 0.900145 -0.002492
vn 0.672517 -0.739027 -0.039494
vn 0.517507 -0.855678 -0.000666
vn 0.353101 -0.935580 0.003276
vn 0.153010 -0.987560 0.036227
vn 0.132002 0.988048 -0.079604
vn 0.340044 0.938811 -0.054800
vn 0.470047 0.877518 -0.094962
vn 0.616950 0.767692 0.173268
vn 0.667303 -0.739025 0.092465
vn 0.507704 -0.855674 0.100295
vn 0.345687 -0.935576 0.072093
vn 0.302307 0.952874 0.025328
vn 0.142995 -0.987561 0.065390
vn 0.402012 0.898777 0.174890
vn 0.636438 -0.739029 0.220866
vn 0.478369 -0.855680 0.197419
vn 0.324966 -0.935580 0.138154
vn 0.127527 -0.987561 0.091977
vn 0.152416 0.988047 -0.023064
vn 0.329169 0.940883 0.079916
vn 0.468358 0.878368 0.095445
vn 0.526514 0.782332 0.332776
vn 0.581117 -0.739032 0.340786
vn 0.430668 -0.855675 0.286958
vn 0.291776 -0.935577 0.198903
vn 0.307757 0.938782 0.154837
vn 0.107059 -0.987560 0.115171
vn 0.154521 0.987961 0.007496
vn 0.328033 0.884526 0.331674
vn 0.436430 0.791970 0.426981
vn 0.503477 -0.739020 0.447617
vn 0.366404 -0.855677 0.365465
vn 0.247354 -0.935580 0.252003
vn 0.082575 -0.987560 0.133813
vn 0.150103 0.987960 0.037469
vn 0.280502 0.936799 0.209106
vn 0.412443 0.865401 0.284555
vn 0.355719 0.782816 0.510551
vn 0.406241 -0.737901 0.538954
vn 0.288068 -0.855676 0.429925
vn 0.193439 -0.935579 0.295419
vn 0.054910 -0.987561 0.147340
vn 0.139921 0.987959 0.066021
vn 0.230189 0.936996 0.262777
vn 0.176133 0.884526 0.431961
vn 0.239806 0.791964 0.561503
vn 0.295340 -0.738182 0.606516
vn 0.198651 -0.855680 0.477859
vn 0.132093 -0.935579 0.327481
vn 0.025115 -0.987560 0.155225
vn 0.124324 0.987960 0.092080
vn 0.179126 0.936801 0.300529
vn 0.273600 0.865408 0.419777
vn 0.135317 0.783544 0.606423
vn 0.169078 -0.737898 0.653391
vn 0.101610 -0.855674 0.507441
vn 0.065676 -0.935576 0.346963
vn -0.005648 -0.987560 0.157139
vn 0.103948 0.987960 0.114587
vn 0.112108 0.936995 0.330865
vn 0.014120 0.782937 0.621940
vn 0.040753 -0.738185 0.673366
vn 0.000661 -0.855680 0.517505
vn -0.003276 -0.935580 0.353099
vn 0.079643 0.987960 0.132635
vn -0.036226 -0.987560 0.153010
vn 0.048388 0.935716 0.349421
vn 0.092568 0.867133 0.489400
vn -0.107503 0.782934 0.612746
vn -0.092464 -0.739029 0.667298
vn -0.100315 -0.855678 0.507692
vn -0.072089 -0.935574 0.345693
vn -0.065376 -0.987560 0.143007
vn 0.052242 0.987960 0.145623
vn -0.020715 0.935718 0.352140
vn -0.010298 0.868290 0.495949
vn -0.227434 0.782213 0.580014
vn -0.220695 -0.740411 0.634890
vn -0.191519 -0.852422 0.486516
vn -0.128233 -0.936731 0.325716
vn 0.022816 0.987960 0.153017
vn -0.091998 -0.987560 0.127519
vn -0.090619 0.934934 0.343055
vn -0.106850 0.868290 0.484412
vn -0.231064 0.898868 0.372353
vn -0.341576 0.793048 0.504381
vn -0.186256 -0.942753 0.276634
vn -0.335645 -0.707073 0.622407
vn -0.114281 -0.987753 0.106224
vn -0.007117 0.988048 0.153982
vn -0.139454 0.939734 0.312175
vn -0.205185 0.865577 0.456811
vn -0.302807 0.874607 0.378643
vn -0.181349 -0.956477 0.228612
vn -0.241683 0.951692 0.189397
vn -0.468917 -0.629562 0.619490
vn -0.351606 -0.788045 0.505330
vn -0.268399 -0.880346 0.391093
vn -0.133983 -0.982870 0.126547
vn -0.451597 -0.803630 0.387608
vn -0.538331 -0.710256 0.453581
vn -0.424724 0.824312 0.374324
vn -0.491544 0.830092 0.263309
vn -0.321763 0.931494 0.169668
vn -0.623083 -0.706290 0.336037
vn -0.526185 -0.803005 0.279843
vn -0.382045 -0.889918 0.249174
vn -0.151983 -0.988092 0.024005
vn -0.080472 0.989962 0.116184
vn -0.568371 -0.803507 0.177004
vn -0.154101 -0.988033 -0.006571
vn -0.532523 0.829238 0.169657
vn -0.676667 -0.706296 0.208007
vn -0.262661 0.964786 0.014055
vn -0.555856 0.829388 0.056030
vn -0.352740 0.934598 0.045828
vn -0.704247 -0.706293 0.072014
vn -0.593220 -0.803006 0.057191
vn -0.447699 -0.889931 0.087115
vn -0.149602 -0.988092 -0.035954
vn -0.140988 -0.987846 -0.065449
vn -0.446932 -0.893649 -0.040541
vn -0.131451 0.989962 0.051930
vn -0.556686 0.829270 -0.049108
vn -0.704765 -0.706293 -0.066760
vn -0.591146 -0.804614 -0.056061
vn -0.402096 0.901026 -0.162698
vn -0.537457 0.828366 -0.157952
vn -0.679841 -0.703425 -0.207388
vn -0.571064 -0.803416 -0.168549
vn -0.124030 -0.988133 -0.090609
vn -0.393402 -0.878910 -0.269727
vn -0.102532 -0.988331 -0.112647
vn -0.411180 -0.896522 -0.164860
vn -0.322077 0.933483 -0.157722
vn -0.487547 0.833640 -0.259504
vn -0.491233 -0.830773 -0.261738
vn -0.549158 -0.723010 -0.419145
vn -0.437601 -0.802268 -0.406044
vn -0.750627 0.373644 -0.544930
vn -0.079237 -0.988333 -0.130072
vn -0.148093 0.988331 -0.035640
vn -0.731912 -0.430669 -0.528042
vn -0.342120 0.893068 -0.292204
vn -0.435551 0.802669 -0.407453
vn -0.076276 -0.993606 -0.083236
vn -0.317245 -0.898216 -0.304242
vn -0.244508 -0.946958 -0.208536
vn -0.139552 0.988047 -0.065488
vn -0.232000 0.944042 -0.234436
vn 0.105970 0.993620 -0.038584
vn 0.112658 0.993622 0.004916
vn -0.066675 0.993621 0.090948
vn -0.043336 -0.988379 0.145701
vn -0.143110 0.988336 0.052075
vn -0.109537 0.993621 -0.026798
vn -0.688586 -0.538976 -0.485134
vn -0.661653 0.543924 -0.516102
vn -0.789675 0.228219 -0.569500
vn -0.805552 0.048571 -0.590531
vn -0.798750 -0.137466 -0.585748
vn -0.492758 0.685122 -0.536467
vn -0.566414 0.472695 -0.675081
vn -0.668259 0.150238 -0.728600
vn -0.083702 -0.992335 -0.090914
vn -0.674799 -0.048633 -0.736398
vn -0.657443 -0.243624 -0.713033
vn -0.457391 -0.288341 -0.841221
vn -0.389364 -0.609744 -0.690369
vn -0.381008 0.683671 -0.622436
vn -0.420091 0.463000 -0.780483
vn -0.453544 0.295975 -0.840653
vn -0.504088 0.142565 -0.851804
vn -0.517838 -0.053406 -0.853810
vn -0.284608 0.290927 -0.913433
vn -0.335896 0.147908 -0.930213
vn -0.341314 -0.053414 -0.938430
vn -0.285409 -0.292996 -0.912521
vn -0.265140 -0.458309 -0.848324
vn -0.241962 -0.610093 -0.754481
vn -0.248138 0.688091 -0.681878
vn -0.282529 0.505702 -0.815134
vn -0.093486 -0.462369 -0.881746
vn -0.094752 -0.606668 -0.789289
vn -0.113814 0.683667 -0.720865
vn -0.088976 0.468894 -0.878762
vn -0.092443 0.289334 -0.952754
vn -0.147952 0.147898 -0.977874
vn -0.151667 -0.053416 -0.986987
vn 0.086622 0.290926 -0.952816
vn 0.045642 0.147912 -0.987947
vn 0.043794 -0.053400 -0.997612
vn 0.085541 -0.292990 -0.952281
vn 0.080336 -0.462371 -0.883040
vn 0.061054 -0.606668 -0.792608
vn 0.031683 0.688102 -0.724922
vn 0.050920 0.505707 -0.861201
vn 0.250689 -0.465151 -0.848993
vn 0.216813 -0.607393 -0.764242
vn 0.170707 0.683673 -0.709543
vn 0.252676 0.472642 -0.844254
vn 0.279186 0.289338 -0.915608
vn 0.237523 0.147893 -0.960057
vn 0.237575 -0.053421 -0.969899
vn 0.420244 0.147907 -0.895276
vn 0.422224 -0.053404 -0.904917
vn 0.443232 -0.285259 -0.849807
vn 0.407123 -0.442221 -0.799182
vn 0.376008 -0.591976 -0.712869
vn 0.308315 0.682367 -0.662810
vn 0.413855 0.466762 -0.781573
vn 0.448739 0.292999 -0.844266
vn 0.487145 -0.604959 -0.629853
vn 0.431682 0.682378 -0.589925
vn 0.558387 0.466762 -0.685811
vn 0.604823 0.292999 -0.740500
vn 0.586844 0.147894 -0.796079
vn 0.590658 -0.053415 -0.805152
vn 0.604428 -0.290928 -0.741639
vn 0.542578 -0.430606 -0.721240
vn 0.736386 -0.053403 -0.674451
vn 0.733851 -0.292989 -0.612879
vn 0.682278 -0.458316 -0.569599
vn 0.604466 -0.610087 -0.512265
vn 0.538493 0.682368 -0.494368
vn 0.681451 0.466761 -0.563700
vn 0.737677 0.293002 -0.608262
vn 0.730862 0.147908 -0.666306
vn 0.624589 0.683480 -0.377814
vn 0.778338 0.466754 -0.419918
vn 0.842163 0.293002 -0.452672
vn 0.846812 0.147903 -0.510915
vn 0.853812 -0.053413 -0.517834
vn 0.839312 -0.292997 -0.457939
vn 0.778852 -0.462373 -0.423794
vn 0.692941 -0.606672 -0.389593
vn 0.938431 -0.053413 -0.341312
vn 0.912520 -0.292997 -0.285412
vn 0.846567 -0.462368 -0.263703
vn 0.755633 -0.606673 -0.246913
vn 0.683907 0.684741 -0.251795
vn 0.845301 0.466759 -0.260003
vn 0.914292 0.292999 -0.279681
vn 0.930213 0.147905 -0.335898
vn 0.115552 0.992413 -0.041996
vn 0.879782 0.466763 -0.090089
vn 0.951286 0.293006 -0.095933
vn 0.977872 0.147895 -0.147962
vn 0.986986 -0.053413 -0.151674
vn 0.950668 -0.293000 -0.101891
vn 0.881744 -0.462372 -0.093482
vn 0.789284 -0.606673 -0.094758
vn 0.725322 0.677411 -0.122563
vn 0.952282 -0.292989 0.085537
vn 0.883038 -0.462374 0.080333
vn 0.792608 -0.606668 0.061054
vn 0.729879 0.682499 0.038358
vn 0.880451 0.466767 0.083270
vn 0.951724 0.292999 0.091507
vn 0.987948 0.147902 0.045646
vn 0.122818 0.992414 0.005407
vn 0.997612 -0.053407 0.043784
vn 0.847292 0.466758 0.253444
vn 0.915584 0.293010 0.275410
vn 0.960058 0.147899 0.237517
vn 0.969899 -0.053421 0.237576
vn 0.917296 -0.292998 0.269666
vn 0.850401 -0.462370 0.251061
vn 0.765465 -0.606668 0.214518
vn 0.717013 0.677413 0.164330
vn 0.847062 -0.292987 0.443447
vn 0.785084 -0.462371 0.412136
vn 0.708900 -0.606675 0.359732
vn 0.661992 0.679850 0.315548
vn 0.782903 0.463004 0.415560
vn 0.844260 0.292994 0.448754
vn 0.895279 0.147907 0.420238
vn 0.904917 -0.053405 0.422224
vn 0.744116 0.290922 0.601378
vn 0.796082 0.147895 0.586839
vn 0.805151 -0.053414 0.590660
vn 0.744270 -0.292998 0.600179
vn 0.689596 -0.462376 0.557374
vn 0.625109 -0.606670 0.491111
vn 0.585147 0.688107 0.429083
vn 0.687775 0.505698 0.520803
vn 0.566640 -0.465156 0.680110
vn 0.514992 -0.607393 0.604861
vn 0.495116 0.683669 0.536151
vn 0.561593 0.472640 0.679135
vn 0.606183 0.289328 0.740832
vn 0.666299 0.147894 0.730871
vn 0.674451 -0.053415 0.736385
vn 0.510909 0.147900 0.846816
vn 0.517834 -0.053407 0.853812
vn 0.460333 -0.285261 0.840666
vn 0.438294 -0.442224 0.782519
vn 0.383832 -0.591970 0.708692
vn 0.377815 0.683481 0.624588
vn 0.419911 0.466763 0.778336
vn 0.452668 0.293001 0.842165
vn 0.250240 -0.605685 0.755331
vn 0.252248 0.683663 0.684818
vn 0.259994 0.466762 0.845303
vn 0.279671 0.293006 0.914293
vn 0.335880 0.147895 0.930221
vn 0.341295 -0.053427 0.938436
vn 0.282407 -0.289732 0.914495
vn 0.298248 -0.430600 0.851840
vn 0.147972 0.147904 0.977870
vn 0.151676 -0.053416 0.986986
vn 0.103590 -0.285258 0.952836
vn 0.109770 -0.439139 0.891688
vn 0.078719 -0.594795 0.800014
vn 0.111882 0.682370 0.722395
vn 0.090094 0.466761 0.879783
vn 0.095931 0.292997 0.951289
vn -0.055118 -0.604958 0.794347
vn -0.031188 0.682377 0.730335
vn -0.083274 0.466760 0.880455
vn -0.091491 0.292999 0.951725
vn -0.045661 0.147897 0.987948
vn -0.043796 -0.053422 0.997611
vn -0.090528 -0.290930 0.952452
vn -0.050440 -0.430597 0.901134
vn -0.237583 -0.053420 0.969897
vn -0.269671 -0.292997 0.917295
vn -0.250854 -0.458315 0.852655
vn -0.217994 -0.610090 0.761754
vn -0.173085 0.682365 0.710225
vn -0.253444 0.466760 0.847291
vn -0.275418 0.292995 0.915587
vn -0.237524 0.147897 0.960057
vn -0.309421 0.683480 0.661146
vn -0.409561 0.466801 0.783809
vn -0.446898 0.287791 0.847029
vn -0.420248 0.147898 0.895275
vn -0.422227 -0.053412 0.904915
vn -0.440289 -0.291966 0.849059
vn -0.410827 -0.468523 0.782117
vn -0.355248 -0.599370 0.717325
vn -0.600250 -0.048538 0.798339
vn -0.587667 -0.243545 0.771579
vn -0.545730 -0.429001 0.719817
vn -0.445690 0.679232 0.583100
vn -0.522448 0.510127 0.683242
vn -0.567619 0.335658 0.751760
vn -0.587618 0.149639 0.795181
vn -0.072783 0.992414 0.099081
vn -0.675864 0.468395 0.569046
vn -0.735024 0.292995 0.611468
vn -0.250747 -0.944065 0.214166
vn -0.728573 0.143681 0.669729
vn -0.054975 -0.985124 0.162811
vn -0.727961 -0.054038 0.683486
vn -0.161663 0.966890 0.197454
vn -0.731400 -0.288281 0.618020
vn -0.353048 0.897738 0.263482
vn -0.678466 -0.462153 0.571050
vn -0.600977 -0.602253 0.525469
vn -0.543340 0.662979 0.515015
vn -0.839310 -0.292998 0.457942
vn -0.778856 -0.462370 0.423789
vn -0.695361 -0.602925 0.391094
vn -0.679638 0.633633 0.369597
vn -0.783413 0.459426 0.418559
vn -0.842165 0.293001 0.452669
vn -0.846814 0.147900 0.510913
vn -0.853817 -0.053420 0.517826
vn -0.913437 0.290923 0.284600
vn -0.320467 -0.944130 0.076931
vn -0.930222 0.147896 0.335879
vn -0.223572 0.971320 0.080951
vn -0.938435 -0.053416 0.341302
vn -0.912524 -0.293001 0.285395
vn -0.430378 0.896940 0.101353
vn -0.846567 -0.462372 0.263698
vn -0.758299 -0.602925 0.247919
vn -0.746868 0.626755 0.222187
vn -0.816058 0.506031 0.279252
vn -0.881744 -0.462373 0.093479
vn -0.792093 -0.602929 0.095218
vn -0.773349 0.628710 0.081579
vn -0.879054 0.468261 0.089418
vn -0.952756 0.289330 0.092438
vn -0.977871 0.147903 0.147966
vn -0.986987 -0.053410 0.151674
vn -0.952816 0.290928 -0.086614
vn -0.319163 -0.945018 -0.071243
vn -0.987949 0.147895 -0.045650
vn -0.997611 -0.053421 -0.043795
vn -0.952280 -0.292995 -0.085538
vn -0.429136 0.901654 -0.053497
vn -0.883040 -0.462371 -0.080329
vn -0.795452 -0.602925 -0.061136
vn -0.775042 0.626758 -0.080523
vn -0.860803 0.506034 -0.054297
vn -0.848993 -0.465151 -0.250690
vn -0.766867 -0.603821 -0.217521
vn -0.746998 0.625501 -0.225262
vn -0.843710 0.473281 -0.253294
vn -0.915605 0.289335 -0.279200
vn -0.960055 0.147898 -0.237529
vn -0.114603 0.993018 -0.027950
vn -0.969897 -0.053417 -0.237583
vn -0.229429 0.969706 -0.083857
vn -0.263870 -0.955110 -0.134673
vn -0.895275 0.147896 -0.420248
vn -0.904915 -0.053412 -0.422227
vn -0.271119 0.951052 -0.148308
vn -0.849559 -0.285247 -0.443715
vn -0.799171 -0.442233 -0.407131
vn -0.554231 0.765609 -0.326605
vn -0.715040 -0.592583 -0.370895
vn -0.689836 0.628297 -0.359679
vn -0.584641 -0.739630 -0.333382
vn -0.784952 0.467984 -0.406006
vn -0.847367 0.288298 -0.445930
vn -0.624357 -0.636835 -0.452349
vn -0.592607 0.689634 -0.416199
vn -0.691857 0.477990 -0.541164
vn -0.765888 -0.284286 -0.576713
vn -0.025971 0.998151 -0.054964
vn -0.251168 0.880567 -0.401892
vn -0.351625 0.774571 -0.525738
vn -0.427178 0.636151 -0.642520
vn -0.511603 0.255391 -0.820389
vn 0.357879 0.825148 0.437096
vn 0.092780 0.987774 -0.125280
vn -0.102070 0.876053 -0.471289
vn -0.183048 0.759791 -0.623868
vn -0.257731 0.615439 -0.744855
vn -0.308039 0.405745 -0.860513
vn -0.475494 -0.485640 -0.733525
vn 0.396052 0.816172 0.420720
vn 0.227298 0.957153 -0.179425
vn -0.004769 0.720133 -0.693820
vn -0.090559 0.579485 -0.809936
vn -0.247850 0.266622 -0.931388
vn -0.386866 -0.480891 -0.786815
vn 0.443583 0.797340 0.409247
vn 0.380545 0.898196 -0.220065
vn 0.301566 0.849752 -0.432412
vn 0.172738 0.651097 -0.739077
vn 0.085277 0.511405 -0.855098
vn -0.390204 -0.474219 -0.789213
vn 0.482388 0.776964 0.404510
vn 0.501043 0.834014 -0.231034
vn 0.344460 0.558430 -0.754654
vn 0.255458 0.419885 -0.870883
vn 0.143777 0.329811 -0.933034
vn -0.344303 -0.494888 -0.797835
vn 0.521292 0.749534 0.407986
vn 0.639112 0.736998 -0.219934
vn 0.602926 0.666944 -0.437797
vn 0.503804 0.445672 -0.739972
vn 0.413462 0.308418 -0.856695
vn -0.300654 -0.521327 -0.798640
vn 0.358629 0.760839 0.540841
vn 0.319469 0.772888 0.548256
vn 0.309102 0.741616 0.595366
vn 0.271696 0.736579 0.619381
vn 0.294702 0.696094 0.654678
vn 0.273886 0.673456 0.686617
vn 0.336652 0.621684 0.707230
vn 0.320352 0.639656 0.698724
vn 0.490153 0.705476 0.511912
vn 0.426599 0.747261 0.509523
vn 0.403337 0.755354 0.516488
vn 0.355833 0.605370 0.711976
vn 0.470947 0.721793 0.507172
vn 0.380253 0.759951 0.527145
vn 0.506469 0.687494 0.520425
vn 0.519222 0.668611 0.532323
vn 0.527829 0.649580 0.547214
vn 0.532128 0.630982 0.564537
vn 0.449457 0.735913 0.506380
vn 0.526949 0.598376 0.603548
vn 0.504538 0.575646 0.643486
vn 0.487797 0.569198 0.661867
vn 0.377365 0.591224 0.712776
vn 0.400240 0.579887 0.709605
vn 0.468162 0.566340 0.678294
vn 0.446514 0.567231 0.692008
vn 0.423520 0.571824 0.702601
vn 0.555708 0.718242 0.418709
vn 0.741755 0.642691 -0.191697
vn 0.644640 0.317167 -0.695589
vn 0.553197 0.181303 -0.813082
vn 0.439923 0.109585 -0.891324
vn -0.260751 -0.552842 -0.791438
vn 0.584276 0.684322 0.436264
vn 0.834593 0.533789 -0.136103
vn 0.761559 0.177859 -0.623213
vn 0.669304 0.043421 -0.741719
vn -0.226496 -0.587629 -0.776783
vn 0.605910 0.649107 0.459929
vn 0.905336 0.420352 -0.060593
vn 0.850071 0.033063 -0.525629
vn 0.757326 -0.099947 -0.645343
vn 0.506153 -0.330268 -0.796701
vn -0.198915 -0.624735 -0.755075
vn 0.618900 0.615165 0.488401
vn 0.951260 0.306728 0.031960
vn 0.906769 -0.111625 -0.406584
vn 0.813868 -0.243281 -0.527669
vn -0.179182 -0.662817 -0.727026
vn 0.609774 0.565367 0.555460
vn 0.970229 0.198322 0.139013
vn 0.929476 -0.250647 -0.270647
vn 0.836763 -0.381075 -0.393203
vn -0.168030 -0.700104 -0.693989
vn 0.616470 0.592848 0.518165
vn 0.847297 0.322296 0.422153
vn 0.962528 0.096164 0.253560
vn 0.917322 -0.378654 -0.123052
vn 0.825137 -0.508011 -0.247132
vn -0.165909 -0.735392 -0.657018
vn 0.585069 0.517213 0.624648
vn 0.813801 0.239333 0.529573
vn 0.928739 0.002393 0.370726
vn 0.870763 -0.490753 0.030546
vn 0.779432 -0.619236 -0.095039
vn -0.172762 -0.767109 -0.617817
vn 0.607269 0.534948 0.587414
vn 0.785421 0.188991 0.589403
vn 0.866680 -0.065492 0.494547
vn 0.791608 -0.582601 0.184210
vn 0.701393 -0.710477 0.057196
vn -0.188590 -0.794379 -0.577404
vn 0.562854 0.482452 0.671145
vn 0.697806 0.167300 0.696475
vn 0.783239 -0.125719 0.608877
vn 0.682886 -0.650687 0.332075
vn 0.594048 -0.778203 0.203734
vn -0.212790 -0.815920 -0.537583
vn 0.533278 0.471901 0.702086
vn 0.682092 -0.148723 0.715983
vn 0.548785 -0.692391 0.468433
vn 0.461482 -0.819840 0.338963
vn -0.243936 -0.830859 -0.500169
vn 0.495685 0.468459 0.731329
vn 0.549278 -0.162129 0.819761
vn 0.527713 -0.384254 0.757541
vn 0.394425 -0.706129 0.588056
vn 0.308823 -0.833773 0.457658
vn -0.281324 -0.838729 -0.466251
vn 0.454613 0.471975 0.755359
vn 0.426419 -0.155494 0.891060
vn 0.225780 -0.691348 0.686339
vn 0.141916 -0.819468 0.555276
vn 0.118746 -0.898101 0.423456
vn -0.323418 -0.839219 -0.437164
vn 0.411697 0.482272 0.773252
vn 0.288619 -0.121716 0.949676
vn 0.049307 -0.648621 0.759512
vn -0.032779 -0.777479 0.628055
vn -0.368544 -0.832277 -0.414114
vn 0.368374 0.499038 0.784386
vn 0.148860 -0.070108 0.986370
vn -0.128182 -0.579598 0.804758
vn -0.208631 -0.709408 0.673211
vn -0.335830 -0.870711 0.359278
vn -0.414999 -0.818149 -0.398005
vn 0.326552 0.521518 0.788278
vn 0.013784 0.001600 0.999904
vn -0.299917 -0.486927 0.820336
vn -0.378818 -0.617884 0.688996
vn -0.460759 -0.797561 -0.389355
vn -0.364946 -0.598916 -0.712821
vn -0.433629 -0.569319 -0.698457
vn -0.499849 -0.695419 -0.516278
vn -0.513402 -0.678706 -0.525144
vn -0.482198 -0.712728 -0.509416
vn -0.393238 -0.757791 -0.520689
vn -0.439666 -0.741230 -0.507220
vn -0.416585 -0.751149 -0.512086
vn -0.530819 -0.638890 -0.556822
vn -0.532506 -0.621036 -0.575110
vn -0.529593 -0.604752 -0.594817
vn -0.387132 -0.585978 -0.711870
vn -0.522270 -0.590722 -0.615046
vn -0.461863 -0.728214 -0.506347
vn -0.510715 -0.579505 -0.635094
vn -0.477010 -0.567104 -0.671458
vn -0.495380 -0.571544 -0.654168
vn -0.297207 -0.722407 -0.624336
vn -0.410251 -0.575976 -0.707069
vn -0.316123 -0.747635 -0.584045
vn -0.370683 -0.760815 -0.532686
vn -0.344586 -0.614432 -0.709742
vn -0.302201 -0.669376 -0.678683
vn -0.294334 -0.706157 -0.643980
vn -0.304538 -0.736406 -0.604121
vn -0.326951 -0.631728 -0.702868
vn -0.349844 -0.760041 -0.547673
vn -0.295963 -0.688260 -0.662348
vn -0.331421 -0.755615 -0.564983
vn -0.312676 -0.650278 -0.692367
vn 0.287640 0.548955 0.784801
vn -0.111904 0.089259 0.989702
vn -0.459255 -0.374173 0.805655
vn -0.536807 -0.506423 0.674814
vn -0.619178 -0.695656 0.364254
vn -0.504595 -0.770955 -0.388602
vn 0.254912 0.579503 0.774077
vn -0.223284 0.189477 0.956160
vn -0.600086 -0.245662 0.761280
vn -0.676542 -0.379302 0.631206
vn -0.544370 -0.739624 -0.395748
vn 0.223636 0.644625 0.731058
vn -0.308839 0.298549 0.903043
vn -0.717007 -0.106333 0.688908
vn -0.786532 -0.244071 0.567271
vn -0.586444 -0.687201 -0.428763
vn 0.279676 0.546216 0.789575
vn 0.270632 0.639975 0.719159
vn 0.071706 0.647705 0.758510
vn -0.172513 0.522501 0.835004
vn -0.072737 0.576142 0.814107
vn -0.242224 0.501695 0.830439
vn -0.337620 0.445059 0.829419
vn -0.444552 0.422496 0.789855
vn -0.495095 0.333081 0.802458
vn -0.634485 0.210775 0.743641
vn -0.586821 0.304146 0.750424
vn -0.706111 0.182193 0.684261
vn -0.750543 0.082339 0.655672
vn -0.838986 -0.047664 0.542062
vn -0.816834 0.053815 0.574358
vn -0.896628 -0.174468 0.406962
vn -0.899577 -0.067660 0.431490
vn -0.931049 -0.201567 0.304168
vn -0.915544 -0.306305 0.260687
vn -0.870667 -0.432191 0.234840
vn -0.930934 -0.328265 0.160012
vn -0.891177 -0.453443 -0.013881
vn -0.834009 -0.528193 -0.159502
vn -0.742721 -0.592783 -0.311404
vn -0.575408 -0.584255 -0.572321
vn -0.624761 -0.643361 -0.442448
vn 0.290558 0.664583 0.688408
vn -0.271984 0.582260 0.766158
vn -0.461983 0.498259 0.733696
vn -0.862234 0.183128 0.472246
vn -0.937228 0.045295 0.345762
vn -0.621129 -0.615734 -0.484841
vn 0.261623 0.702319 0.662043
vn -0.292722 0.676690 0.675577
vn -0.884935 0.322142 0.336324
vn -0.960123 0.183066 0.211309
vn -0.622601 -0.581277 -0.523913
vn 0.278312 0.737536 0.615291
vn -0.288163 0.763361 0.578138
vn -0.631795 0.653514 0.416840
vn -0.872774 0.450163 0.188730
vn -0.948491 0.310013 0.065243
vn -0.625764 -0.549206 -0.553889
vn 0.282039 0.724187 0.629291
vn -0.260563 0.839896 0.476111
vn -0.826223 0.562245 0.035148
vn -0.902783 0.421238 -0.086840
vn -0.949501 0.281366 -0.138854
vn -0.609766 -0.521445 -0.596892
vn 0.275615 0.772195 0.572496
vn -0.211005 0.903349 0.373413
vn -0.523039 0.840881 0.139102
vn -0.747066 0.654100 -0.118518
vn -0.824756 0.512471 -0.239065
vn -0.621629 -0.503711 -0.599878
vn 0.409502 0.773924 0.483063
vn -0.139258 0.952763 0.269906
vn -0.638341 0.722191 -0.266385
vn -0.717398 0.580204 -0.385622
vn -0.785439 0.447246 -0.427851
vn -0.566593 -0.490080 -0.662415
vn 0.311662 0.814747 0.488932
vn -0.504792 0.763557 -0.402699
vn -0.590563 0.624972 -0.510534
vn -0.530431 -0.476915 -0.700853
vn 0.325514 0.826772 0.458791
vn -0.142304 0.940825 -0.307569
vn -0.464719 0.434031 -0.771786
vn -0.500236 0.075524 -0.862589
vn -0.330386 -0.460295 -0.823998
vn 0.297523 0.923213 0.243224
vn 0.227101 0.970168 0.084850
vn -0.381579 0.244642 -0.891374
vn -0.419915 -0.393805 -0.817673
vn 0.329623 0.943854 0.022084
vn -0.332063 -0.022189 -0.942996
vn -0.340794 -0.223109 -0.913281
vn 0.361398 0.871344 0.331891
vn -0.422661 -0.089616 -0.901846
vn -0.445250 -0.246640 -0.860768
vn -0.375505 -0.573170 -0.728335
vn 0.342325 0.775775 0.530082
vn 0.451075 0.867818 0.208382
vn 0.446630 0.894607 0.014134
vn -0.208957 -0.078481 -0.974771
vn -0.250951 -0.264216 -0.931243
vn -0.317055 -0.424401 -0.848151
vn -0.359755 -0.336908 -0.870097
vn -0.349363 -0.585314 -0.731678
vn 0.367795 0.775261 0.513515
vn 0.410340 0.851489 0.326477
vn 0.377876 0.912715 0.155437
vn 0.545803 0.837864 -0.009130
vn -0.092982 -0.140724 -0.985673
vn -0.166547 -0.316893 -0.933724
vn -0.257229 -0.453688 -0.853229
vn 0.482490 0.820626 0.306229
vn -0.325283 -0.605627 -0.726228
vn 0.394944 0.770934 0.499680
vn 0.615102 0.765760 0.187781
vn 0.645058 0.763898 0.018961
vn 0.014728 -0.216555 -0.976159
vn -0.086280 -0.377778 -0.921867
vn -0.202774 -0.495603 -0.844548
vn -0.304817 -0.626640 -0.717223
vn 0.422119 0.762282 0.490654
vn 0.534493 0.789528 0.301601
vn 0.548499 0.824864 0.136925
vn 0.726832 0.685941 0.034660
vn 0.112039 -0.302815 -0.946441
vn -0.016413 -0.446193 -0.894786
vn -0.155536 -0.542469 -0.825552
vn -0.288386 -0.649069 -0.703948
vn 0.449595 0.749448 0.485996
vn 0.590433 0.743442 0.314140
vn 0.797379 0.597930 0.081652
vn 0.189617 -0.395395 -0.898726
vn 0.040362 -0.519449 -0.853548
vn -0.117332 -0.592604 -0.796903
vn -0.276658 -0.672025 -0.686908
vn 0.475220 0.733407 0.486086
vn 0.635096 0.697591 0.331692
vn 0.692559 0.698491 0.180197
vn 0.849401 0.507496 0.144791
vn 0.249340 -0.494611 -0.832580
vn 0.081910 -0.594748 -0.799729
vn -0.089567 -0.643990 -0.759773
vn -0.270168 -0.694738 -0.666594
vn 0.498387 0.714703 0.490724
vn 0.670761 0.647017 0.362557
vn 0.748057 0.624227 0.225281
vn 0.882228 0.415412 0.221602
vn 0.288018 -0.592254 -0.752516
vn 0.106548 -0.669216 -0.735390
vn -0.073398 -0.694705 -0.715540
vn 0.518670 0.693412 0.500162
vn -0.269188 -0.715566 -0.644596
vn 0.697413 0.594128 0.400782
vn 0.786093 0.552007 0.278111
vn 0.774168 0.473672 0.419879
vn 0.885435 0.332077 0.325161
vn 0.303771 -0.686147 -0.661004
vn 0.113401 -0.739968 -0.663014
vn -0.069381 -0.742802 -0.665906
vn -0.273612 -0.734914 -0.620514
vn 0.533698 0.671981 0.513427
vn 0.699441 0.558225 0.446281
vn 0.811535 0.475015 0.340253
vn 0.873664 0.191884 0.447092
vn 0.296025 -0.772685 -0.561540
vn 0.102178 -0.804297 -0.585376
vn -0.077701 -0.786431 -0.612772
vn 0.671467 0.522969 0.525010
vn -0.283324 -0.750976 -0.596458
vn 0.738150 0.361906 0.569350
vn 0.265065 -0.848537 -0.457959
vn 0.073335 -0.859728 -0.505459
vn -0.098021 -0.823888 -0.558212
vn -0.298155 -0.763922 -0.572300
vn 0.551035 0.627399 0.550209
vn 0.694158 0.466661 0.548062
vn 0.791435 0.373322 0.484005
vn 0.768757 0.085805 0.633759
vn 0.212075 -0.910788 -0.354245
vn 0.027928 -0.904134 -0.426336
vn -0.129565 -0.853740 -0.504322
vn 0.639102 0.457455 0.618290
vn -0.317226 -0.772752 -0.549748
vn 0.644268 0.292076 0.706831
vn 0.139072 -0.957049 -0.254394
vn -0.032255 -0.935802 -0.351047
vn -0.171109 -0.874843 -0.453179
vn -0.339648 -0.777216 -0.529693
vn 0.547142 0.588066 0.595663
vn 0.636316 0.407578 0.654967
vn 0.720160 0.280795 0.634448
vn 0.640920 0.067039 0.764675
vn 0.048878 -0.985543 -0.162224
vn -0.104921 -0.953509 -0.282512
vn -0.221089 -0.886404 -0.406704
vn 0.590044 0.381086 0.711774
vn -0.365436 -0.777322 -0.512081
vn 0.537440 0.571681 0.619951
vn 0.519056 0.246191 0.818517
vn 0.535372 0.077000 0.841099
vn -0.055013 -0.995173 -0.081269
vn -0.187239 -0.956592 -0.223322
vn -0.277576 -0.887965 -0.366702
vn -0.392469 -0.772942 -0.498526
vn 0.523014 0.559541 0.642938
vn 0.546557 0.368075 0.752194
vn 0.598565 0.209810 0.773110
vn 0.433676 0.074424 0.897990
vn -0.168989 -0.985537 -0.012626
vn -0.276073 -0.944933 -0.175742
vn -0.338336 -0.879503 -0.334669
vn -0.420704 -0.764217 -0.488856
vn 0.503771 0.551010 0.665285
vn 0.485050 0.369658 0.792515
vn 0.355870 0.281006 0.891287
vn 0.322404 0.119741 0.938998
vn -0.286162 -0.957509 0.035876
vn -0.368026 -0.918960 -0.141668
vn -0.401172 -0.861246 -0.311954
vn -0.448212 -0.751604 -0.483939
vn 0.481531 0.546835 0.684908
vn 0.428617 0.379236 0.820041
vn 0.433378 0.220123 0.873916
vn 0.215510 0.149933 0.964923
vn -0.408217 -0.910365 0.067781
vn -0.459554 -0.879682 -0.122351
vn -0.463536 -0.833989 -0.299328
vn -0.474136 -0.735692 -0.483687
vn 0.456256 0.546949 0.701910
vn 0.361840 0.401588 0.841308
vn 0.108874 0.209164 0.971801
vn -0.522295 -0.849183 0.078080
vn -0.547136 -0.828607 -0.118548
vn -0.523040 -0.798773 -0.297307
vn 0.429111 0.551615 0.715252
vn -0.498688 -0.716183 -0.488254
vn 0.301512 0.426967 0.852520
vn 0.258047 0.287397 0.922396
vn 0.011219 0.281210 0.959581
vn -0.631086 -0.772784 0.067343
vn -0.627382 -0.767711 -0.130428
vn -0.577502 -0.756880 -0.305982
vn -0.518809 -0.695400 -0.497248
vn 0.401780 0.560329 0.724296
vn 0.243101 0.463997 0.851827
vn 0.170636 0.342047 0.924060
vn -0.076669 0.363490 0.928438
vn -0.726239 -0.686516 0.035682
vn -0.693988 -0.704432 -0.148849
vn -0.617265 -0.716624 -0.324705
vn 0.374401 0.573126 0.728938
vn -0.535192 -0.673018 -0.510505
vn 0.188085 0.506754 0.841323
vn 0.094666 0.401367 0.911012
vn 0.045560 0.546107 0.836476
vn -0.139067 0.471458 0.870855
vn -0.649864 -0.664223 -0.369439
vn -0.803215 -0.594230 0.041677
vn -0.546121 -0.649965 -0.528486
vn 0.349016 0.589505 0.728472
vn 0.160927 0.552292 0.817971
vn 0.022042 0.467760 0.883581
vn -0.026465 0.566592 0.823574
vn -0.633829 -0.652401 -0.415493
vn 0.126255 0.677649 0.724467
vn -0.880532 -0.466917 0.081560
vn -0.807077 -0.581746 -0.100987
vn -0.734310 -0.633334 -0.244289
vn -0.567843 -0.645953 -0.510195
vn -0.853217 -0.478553 -0.207386
vn -0.910665 -0.400469 -0.101556
vn -0.147134 0.602748 0.784249
vn -0.159287 0.698521 0.697636
vn 0.058545 0.718382 0.693181
vn -0.936065 -0.292734 -0.195164
vn -0.875180 -0.383522 -0.294909
vn -0.780371 -0.506590 -0.366590
vn -0.547214 -0.589053 -0.594621
vn 0.302951 0.650239 0.696714
vn -0.872509 -0.309662 -0.377939
vn -0.537525 -0.572439 -0.619177
vn -0.159151 0.766936 0.621676
vn -0.933369 -0.199792 -0.298169
vn 0.178925 0.784655 0.593551
vn -0.136567 0.836096 0.531313
vn 0.079793 0.798818 0.596257
vn -0.906129 -0.117335 -0.406402
vn -0.848748 -0.236378 -0.473025
vn -0.775151 -0.390137 -0.496925
vn -0.522931 -0.560502 -0.642168
vn -0.504961 -0.550613 -0.664710
vn -0.728987 -0.330008 -0.599727
vn 0.284522 0.710131 0.644019
vn -0.098525 0.888387 0.448399
vn -0.855379 -0.048526 -0.515725
vn -0.805930 -0.182687 -0.563118
vn 0.101688 0.906669 0.409404
vn -0.042784 0.930843 0.362905
vn -0.781612 0.008996 -0.623701
vn -0.747257 -0.137507 -0.650153
vn -0.481790 -0.547813 -0.683944
vn -0.593825 -0.236733 -0.768980
vn -0.455815 -0.548997 -0.700596
vn -0.654629 -0.290415 -0.697940
vn 0.179825 0.881488 0.436626
vn 0.038322 0.956793 0.288234
vn -0.657991 -0.154144 -0.737080
vn -0.603128 0.027880 -0.797157
vn -0.548329 -0.093586 -0.831009
vn -0.266789 0.935865 -0.230176
vn -0.429586 -0.553408 -0.713579
vn 0.302300 0.761389 0.573499
vn -0.592878 0.378795 -0.710640
vn 0.195967 0.931983 0.304965
vn 0.123149 0.980239 0.154807
vn -0.446976 -0.581654 -0.679626
vn -0.525890 -0.274880 -0.804910
vn -0.521077 -0.395159 -0.756524
vn 0.320267 0.771191 0.550176
vn 0.287428 0.876439 0.386315
vn 0.516621 0.625311 0.584884
vn 0.506157 0.600068 0.619454
vn 0.325427 0.657171 0.679870
vn -0.501894 -0.709454 -0.494750
vn 0.274038 0.715313 0.642830
vn 0.333197 0.739130 0.585377
vn -0.617872 0.261034 -0.741684
vn -0.132502 0.986213 -0.099133
vn -0.350811 0.872336 -0.340532
vn -0.431157 0.771292 -0.468202
vn -0.504848 0.640622 -0.578560
vn 0.074201 0.997013 -0.021430
vn -0.024432 0.964147 -0.264243
vn -0.223785 0.831269 -0.508835
vn -0.449769 -0.572889 -0.685205
vn -0.309287 0.705642 -0.637504
vn -0.384795 0.553959 -0.738283
vn -0.189961 0.476240 -0.858551
vn -0.323118 0.148877 -0.934575
vn 0.198135 0.976443 -0.085455
vn 0.131937 0.928463 -0.347201
vn 0.056689 0.864935 -0.498671
vn -0.045179 0.795819 -0.603847
vn -0.137577 0.673274 -0.726481
vn 0.221762 0.803703 -0.552162
vn 0.125692 0.744730 -0.655423
vn 0.040271 0.617047 -0.785895
vn -0.022738 0.412852 -0.910514
vn -0.098527 0.259243 -0.960773
vn -0.177170 0.098460 -0.979243
vn 0.332268 0.934985 -0.124101
vn 0.276780 0.897788 -0.342593
vn 0.054695 0.177736 -0.982557
vn -0.040627 0.036209 -0.998518
vn 0.456406 0.876688 -0.152027
vn 0.445696 0.797098 -0.407418
vn 0.395233 0.715364 -0.576233
vn 0.299387 0.663928 -0.685249
vn 0.215720 0.535744 -0.816360
vn 0.544664 0.617052 -0.567969
vn 0.463943 0.561408 -0.685257
vn 0.382017 0.432456 -0.816728
vn 0.300056 0.226544 -0.926631
vn 0.199566 0.081880 -0.976457
vn 0.090025 -0.048652 -0.994750
vn 0.580599 0.800896 -0.146526
vn 0.570782 0.735407 -0.365218
vn 0.327377 -0.031368 -0.944373
vn 0.208667 -0.149615 -0.966475
vn 0.688595 0.713132 -0.131451
vn 0.718343 0.592901 -0.363938
vn 0.690255 0.490702 -0.531752
vn 0.613036 0.441129 -0.655432
vn 0.532769 0.311200 -0.786963
vn 0.740945 0.307707 -0.596922
vn 0.662203 0.176609 -0.728215
vn 0.562651 -0.017463 -0.826510
vn 0.448527 -0.127482 -0.884631
vn 0.328395 -0.253042 -0.910015
vn 0.785109 0.612814 -0.089792
vn 0.826684 0.468523 -0.311577
vn 0.806315 0.363814 -0.466364
vn 0.384689 -0.364429 -0.848060
vn 0.860727 0.508331 -0.027348
vn 0.911435 0.341000 -0.230229
vn 0.897709 0.225932 -0.378251
vn 0.842757 0.166237 -0.511983
vn 0.765329 0.033853 -0.642749
vn 0.654309 -0.164137 -0.738199
vn 0.537151 -0.233371 -0.810559
vn 0.838188 -0.111589 -0.533844
vn 0.713471 -0.300951 -0.632762
vn 0.585725 -0.404348 -0.702445
vn 0.436644 -0.491038 -0.753806
vn 0.914217 0.401839 0.052276
vn 0.968630 0.212394 -0.129018
vn 0.959304 0.086885 -0.268676
vn 0.914545 0.022210 -0.403873
vn 0.943215 0.297248 0.148283
vn 0.996083 0.087626 -0.011820
vn 0.988728 -0.047934 -0.141844
vn 0.953561 -0.118905 -0.276738
vn 0.877977 -0.254116 -0.405687
vn 0.743942 -0.435999 -0.506414
vn 0.610484 -0.532655 -0.586163
vn 0.466332 -0.598438 -0.651465
vn 0.883175 -0.388238 -0.263199
vn 0.741118 -0.561833 -0.367544
vn 0.607700 -0.649290 -0.457299
vn 0.465795 -0.703679 -0.536536
vn 0.946541 0.202950 0.250742
vn 0.992738 -0.028504 0.116869
vn 0.984847 -0.173404 -0.002640
vn 0.958304 -0.251588 -0.135490
vn 0.525330 0.620823 0.581900
vn 0.958724 -0.131536 0.252083
vn 0.947818 -0.284650 0.143583
vn 0.928577 -0.370858 0.014485
vn 0.853576 -0.508818 -0.111858
vn 0.705140 -0.673598 -0.221457
vn 0.574138 -0.752871 -0.321794
vn 0.437643 -0.797489 -0.415306
vn 0.930233 0.111231 0.349707
vn 0.637359 -0.767027 -0.073774
vn 0.511124 -0.839392 -0.184862
vn 0.382931 -0.876254 -0.292477
vn 0.876795 0.032655 0.479755
vn 0.895348 -0.217499 0.388648
vn 0.879056 -0.377431 0.291215
vn 0.865551 -0.472026 0.167372
vn 0.513887 0.593360 0.619551
vn 0.790314 -0.611225 0.042522
vn 0.805043 -0.283095 0.521309
vn 0.781210 -0.448167 0.434577
vn 0.771631 -0.551259 0.317330
vn 0.695841 -0.691497 0.194003
vn 0.540390 -0.838514 0.069808
vn 0.421042 -0.905565 -0.051730
vn 0.303811 -0.936942 -0.172737
vn 0.817515 -0.025810 0.575328
vn 0.417958 -0.885317 0.203776
vn 0.307369 -0.948828 0.072453
vn 0.203259 -0.977242 -0.060689
vn 0.717064 -0.068265 0.693656
vn 0.690212 -0.329897 0.644031
vn 0.658041 -0.494140 0.568162
vn 0.650426 -0.605515 0.458583
vn 0.573744 -0.746598 0.336763
vn 0.517704 -0.515284 0.682983
vn 0.506582 -0.632695 0.585723
vn 0.428767 -0.774362 0.465320
vn 0.274773 -0.905628 0.323012
vn 0.174485 -0.967518 0.182934
vn 0.085189 -0.995587 0.039353
vn 0.614800 -0.076143 0.784999
vn 0.590170 -0.300477 0.749275
vn 0.025930 -0.961714 0.272825
vn -0.048548 -0.991095 0.123991
vn 0.498668 -0.081991 0.862907
vn 0.413158 -0.330726 0.848481
vn 0.351016 -0.508634 0.786181
vn 0.345645 -0.631754 0.693841
vn 0.266421 -0.773758 0.574734
vn 0.173801 -0.602728 0.778788
vn 0.093043 -0.744769 0.660804
vn -0.046571 -0.861549 0.505534
vn -0.108888 -0.925672 0.362318
vn -0.189353 -0.959218 0.209873
vn 0.368544 -0.060645 0.927630
vn 0.256438 -0.304973 0.917187
vn 0.187644 -0.470985 0.861953
vn -0.323248 -0.917259 0.232694
vn 0.242100 -0.020546 0.970034
vn 0.098909 -0.249260 0.963372
vn 0.017352 -0.410547 0.911674
vn -0.002347 -0.546739 0.837300
vn -0.084825 -0.688550 0.720211
vn -0.223462 -0.802212 0.553643
vn -0.245955 -0.874363 0.418324
vn -0.176034 -0.465927 0.867136
vn -0.260268 -0.607240 0.750679
vn -0.384298 -0.718876 0.579252
vn -0.420776 -0.795115 0.436737
vn -0.477678 -0.836804 0.267550
vn 0.111082 0.037977 0.993085
vn -0.054967 -0.171952 0.983571
vn -0.148937 -0.326798 0.933285
vn -0.590992 -0.766515 0.251365
vn -0.010707 0.113487 0.993482
vn -0.199237 -0.076035 0.976997
vn -0.304813 -0.222955 0.925948
vn -0.340587 -0.363411 0.867141
vn -0.426560 -0.503968 0.751041
vn -0.547779 -0.614704 0.567518
vn -0.553792 -0.705119 0.442857
vn -0.577312 -0.382705 0.721282
vn -0.684480 -0.499286 0.531226
vn -0.713955 -0.588478 0.379424
vn -0.716413 -0.663441 0.215865
vn -0.121150 0.202190 0.971824
vn -0.328378 0.034817 0.943904
vn -0.444261 -0.103018 0.889955
vn -0.489684 -0.243127 0.837316
vn -0.215861 0.302854 0.928269
vn -0.434644 0.152874 0.887533
vn -0.563594 0.022548 0.825744
vn -0.617597 -0.109693 0.778808
vn -0.706748 -0.248106 0.662533
vn -0.800617 -0.370192 0.471137
vn -0.825098 -0.471659 0.311047
vn -0.809594 -0.558113 0.181843
vn -0.813302 -0.093399 0.574297
vn -0.874305 -0.217717 0.433809
vn -0.897705 -0.339566 0.280751
vn -0.302042 0.414198 0.858609
vn -0.473240 0.294191 0.830359
vn -0.608781 0.168651 0.775205
vn -0.718990 0.033806 0.694198
vn 0.316848 0.655744 0.685279
vn -0.575993 0.407801 0.708470
vn -0.713919 0.302290 0.631617
vn -0.680988 -0.598380 -0.422134
vn -0.792317 0.170026 0.585939
vn -0.516489 -0.709324 -0.479687
vn -0.879334 0.030540 0.475225
vn 0.196122 0.639356 0.743479
vn -0.955720 -0.092026 0.279520
vn -0.016106 0.666823 0.745042
vn -0.966938 -0.214599 0.137761
vn -0.944177 -0.328898 0.018887
vn -0.364834 0.491152 0.790990
vn -0.988299 0.043758 0.146116
vn -0.996113 -0.086321 0.017553
vn -0.973307 -0.210610 -0.091197
vn -0.436671 0.618966 0.652840
vn -0.613574 0.535787 0.580051
vn -0.744362 0.440182 0.502161
vn -0.830202 0.316883 0.458639
vn -0.922523 0.182616 0.340003
vn -0.742452 0.561335 0.365607
vn -0.688297 -0.492009 -0.533080
vn -0.834948 0.449601 0.317365
vn 0.189436 0.734326 0.651828
vn -0.927720 0.316737 0.197518
vn -0.985488 0.169593 0.007230
vn -0.020897 0.789281 0.613677
vn -0.993324 0.030310 -0.111307
vn -0.972791 -0.104991 -0.206529
vn -0.441013 0.724463 0.529775
vn -0.569892 0.653889 0.497647
vn -0.959774 0.133880 -0.246799
vn -0.944552 -0.010834 -0.328182
vn -0.410344 0.809903 0.419135
vn -0.567960 0.757312 0.322335
vn -0.704914 0.676974 0.211668
vn -0.805232 0.568834 0.167420
vn -0.898119 0.437320 0.046179
vn -0.638274 0.766467 0.071649
vn -0.632945 -0.420190 -0.650247
vn -0.742193 0.670030 0.014497
vn -0.834862 0.539721 -0.108198
vn -0.881719 0.374794 -0.286533
vn 0.039223 0.868194 0.494672
vn -0.896757 0.220403 -0.383730
vn -0.889678 0.068231 -0.451461
vn -0.352789 0.889567 0.290191
vn -0.484056 0.843414 0.233114
vn -0.806811 0.283748 -0.518212
vn -0.808641 0.128979 -0.573989
vn -0.276625 0.944615 0.176585
vn -0.410117 0.910253 0.056952
vn -0.537009 0.839823 -0.079492
vn -0.648271 0.749268 -0.135435
vn 0.329130 0.742086 0.583937
vn -0.740376 0.620013 -0.259667
vn 0.244722 0.817866 0.520776
vn -0.567820 -0.426307 -0.704161
vn -0.527071 0.803512 -0.276705
vn -0.618293 0.675098 -0.402439
vn 0.226089 0.860338 0.456839
vn -0.661058 0.499794 -0.559650
vn -0.698165 0.348677 -0.625292
vn -0.020689 0.981408 0.190815
vn -0.704330 0.183456 -0.685757
vn -0.178404 0.981111 0.074783
vn -0.671160 -0.005902 -0.741289
vn -0.307192 0.949482 -0.064168
vn -0.419257 0.883567 -0.208645
vn -0.617418 0.143680 -0.773403
vn -0.051248 0.996089 0.071976
vn -0.175841 0.971224 -0.160635
vn -0.542096 0.519650 -0.660376
vn 0.224666 0.654052 -0.722317
vn 0.181751 0.286221 -0.940768
vn 0.135531 0.105767 -0.985112
vn 0.099610 -0.087078 -0.991209
vn 0.033306 -0.492712 -0.869555
vn 0.265041 0.952648 -0.149046
vn 0.356989 0.625019 -0.694197
vn 0.340450 0.268524 -0.901104
vn 0.322585 0.065612 -0.944264
vn 0.288176 -0.134035 -0.948150
vn 0.257250 -0.370320 -0.892572
vn -0.142154 -0.943241 -0.300149
vn 0.303174 0.943630 -0.132845
vn 0.490184 0.596273 -0.635751
vn 0.498349 0.029410 -0.866477
vn 0.453001 -0.166762 -0.875774
vn 0.312388 -0.502541 -0.806143
vn -0.040263 -0.956749 -0.288113
vn 0.344711 0.933084 -0.102609
vn 0.626073 0.561088 -0.541492
vn 0.654452 0.365274 -0.662018
vn 0.654741 -0.010631 -0.755778
vn 0.608153 -0.206444 -0.766505
vn -0.040405 -0.954449 -0.295625
vn 0.375215 0.924140 -0.071959
vn 0.718683 0.535240 -0.443861
vn 0.786380 -0.048272 -0.615854
vn 0.738844 -0.243748 -0.628249
vn 0.656083 -0.373534 -0.655765
vn -0.002162 -0.964654 -0.263512
vn 0.400103 0.915905 -0.032184
vn 0.807840 0.505349 -0.303342
vn 0.870131 0.300107 -0.390906
vn 0.888179 -0.082012 -0.452120
vn 0.840052 -0.277220 -0.466328
vn 0.029184 -0.974154 -0.223992
vn 0.075659 0.996830 0.024613
vn 0.082744 0.996013 -0.033350
vn 0.127182 0.991390 -0.031160
vn 0.288025 0.957607 -0.005550
vn 0.200015 0.978567 -0.049005
vn 0.224874 0.973345 -0.045065
vn 0.037311 0.998197 0.047024
vn 0.269712 0.962669 -0.022899
vn 0.166095 0.983431 -0.072635
vn 0.156341 0.965572 0.207916
vn 0.068499 0.989860 0.124436
vn 0.062933 0.993036 0.099589
vn 0.312702 0.949075 0.038392
vn 0.318281 0.945878 0.063338
vn 0.318911 0.943614 0.088820
vn 0.314592 0.942334 0.114186
vn 0.305516 0.942102 0.138221
vn 0.274693 0.944744 0.178890
vn 0.302460 0.953042 0.015132
vn 0.230962 0.951166 0.204793
vn 0.206401 0.955497 0.210769
vn 0.181191 0.960365 0.211821
vn 0.248401 0.967979 -0.036245
vn 0.132817 0.970947 0.199053
vn 0.111499 0.976256 0.185719
vn 0.093253 0.981297 0.168403
vn 0.078653 0.985907 0.147652
vn 0.416821 0.908910 0.011970
vn 0.859331 0.481266 -0.173014
vn 0.956253 -0.110636 -0.270812
vn 0.907890 -0.305643 -0.286912
vn 0.835799 -0.433895 -0.336415
vn 0.052184 -0.982429 -0.179192
vn 0.424671 0.903441 0.058726
vn 0.885835 0.463440 -0.022808
vn 0.987968 -0.133000 -0.078933
vn 0.939735 -0.327867 -0.096962
vn 0.066044 -0.989247 -0.130492
vn 0.423366 0.899710 0.106226
vn 0.882884 0.451173 0.130223
vn 0.982111 -0.148224 0.116133
vn 0.934379 -0.343037 0.096239
vn 0.747878 -0.662171 0.047000
vn 0.070279 -0.994331 -0.079796
vn 0.412710 0.898248 0.151065
vn 0.850602 0.444926 0.280209
vn 0.938908 -0.155748 0.306912
vn 0.892027 -0.350577 0.285277
vn 0.064643 -0.997485 -0.029081
vn 0.360867 0.907140 0.216498
vn 0.789618 0.446284 0.421111
vn 0.860017 -0.155288 0.486062
vn 0.814293 -0.350213 0.462901
vn 0.049479 -0.998582 0.019642
vn 0.391137 0.902369 0.180949
vn 0.573112 0.698716 0.428180
vn 0.703907 0.451252 0.548531
vn 0.748468 -0.146849 0.646708
vn 0.704173 -0.341954 0.622260
vn 0.024964 -0.997587 0.064791
vn 0.295070 0.915203 0.274475
vn 0.473445 0.706575 0.525929
vn 0.596799 0.458127 0.658749
vn 0.608546 -0.130769 0.782669
vn 0.565900 -0.326109 0.757238
vn -0.007142 -0.994543 0.104080
vn 0.336024 0.907145 0.253330
vn 0.408869 0.705931 0.578349
vn 0.468316 0.481417 0.740890
vn 0.445651 -0.107624 0.888714
vn 0.404808 -0.303274 0.862644
vn -0.046582 -0.989539 0.136539
vn 0.245777 0.917710 0.312092
vn 0.277418 0.744465 0.607299
vn 0.328245 0.498885 0.802103
vn 0.266008 -0.078359 0.960781
vn 0.227042 -0.274352 0.934442
vn -0.090950 -0.982814 0.160639
vn 0.203321 0.924913 0.321244
vn 0.185162 0.533552 0.825250
vn 0.076554 -0.044080 0.996091
vn 0.039462 -0.240454 0.969858
vn -0.139277 -0.974578 0.175500
vn 0.156509 0.934159 0.320706
vn 0.019116 0.565704 0.824387
vn -0.016892 0.363438 0.931465
vn -0.115469 -0.006091 0.993292
vn -0.150711 -0.202864 0.967539
vn -0.189212 -0.965184 0.180608
vn 0.110811 0.943973 0.310863
vn -0.117983 0.591924 0.797312
vn -0.302641 0.034133 0.952493
vn -0.336200 -0.163041 0.927571
vn -0.307543 -0.312831 0.898640
vn -0.239060 -0.954972 0.175726
vn 0.068103 0.953939 0.292167
vn -0.255411 0.625171 0.737513
vn -0.477811 0.075053 0.875251
vn -0.509864 -0.122508 0.851487
vn -0.286827 -0.944347 0.161056
vn 0.029988 0.963687 0.265344
vn -0.379686 0.655507 0.652801
vn -0.634207 0.115099 0.764548
vn -0.665031 -0.082830 0.742208
vn -0.651556 -0.437248 0.619911
vn -0.330836 -0.933685 0.137042
vn -0.002254 0.972884 0.231282
vn -0.484123 0.685165 0.544219
vn -0.765833 0.152736 0.624637
vn -0.795711 -0.045517 0.603964
vn -0.369153 -0.923449 0.104729
vn -0.308880 -0.950686 -0.028089
vn -0.117906 -0.992706 0.025152
vn -0.164089 -0.985375 0.045947
vn -0.189095 -0.980727 0.049161
vn -0.098539 -0.995098 0.008359
vn -0.214187 -0.975641 0.047412
vn -0.082872 -0.996489 -0.011872
vn -0.238448 -0.970306 0.040612
vn -0.260787 -0.964956 0.029172
vn -0.120350 -0.973979 -0.192042
vn -0.064171 -0.996163 -0.059510
vn -0.280504 -0.959759 0.013457
vn -0.061957 -0.994446 -0.085074
vn -0.064754 -0.991772 -0.110433
vn -0.217158 -0.953543 -0.208801
vn -0.241226 -0.949493 -0.200680
vn -0.071200 -0.996855 -0.034803
vn -0.072326 -0.988236 -0.134752
vn -0.263327 -0.946221 -0.187949
vn -0.310005 -0.942068 -0.128079
vn -0.296749 -0.954938 -0.005853
vn -0.084492 -0.983977 -0.157007
vn -0.192107 -0.958202 -0.211999
vn -0.139958 -0.989434 0.037842
vn -0.316483 -0.947153 -0.052349
vn -0.298408 -0.942431 -0.150920
vn -0.282577 -0.943843 -0.171201
vn -0.100676 -0.979171 -0.176319
vn -0.142761 -0.968617 -0.203470
vn -0.319818 -0.944481 -0.075309
vn -0.027146 0.981122 0.191475
vn -0.565368 0.711844 0.416699
vn -0.867647 0.186497 0.460877
vn -0.896933 -0.012028 0.442002
vn -0.853606 -0.373817 0.362791
vn -0.400396 -0.914002 0.065453
vn -0.042647 0.987985 0.148552
vn -0.620301 0.734540 0.275095
vn -0.935712 0.215111 0.279589
vn -0.964755 0.016384 0.262639
vn -0.423376 -0.905716 0.020770
vn -0.033220 0.997284 0.065728
vn -0.641860 0.755761 0.129775
vn -0.967426 0.237468 0.087730
vn -0.995734 0.043152 0.081553
vn -0.430844 -0.900814 -0.053922
vn 0.011088 0.996260 0.085694
vn -0.036884 0.980676 0.192133
vn -0.173845 0.984769 0.002812
vn -0.338447 0.940933 0.009952
vn -0.444413 0.895784 0.008238
vn -0.505269 0.862838 -0.014647
vn -0.597328 0.801640 -0.023942
vn -0.740841 0.670471 -0.040289
vn -0.672500 0.735435 -0.082941
vn -0.855618 0.514366 -0.057842
vn -0.798435 0.594675 -0.094143
vn -0.937672 0.339262 -0.075314
vn -0.892605 0.438229 -0.105882
vn -0.984159 0.151641 -0.091852
vn -0.959286 0.249384 -0.132579
vn -0.984595 0.049063 -0.167826
vn -0.993406 -0.041613 -0.106829
vn -0.965683 -0.237467 -0.105194
vn -0.977280 -0.138097 -0.160789
vn -0.942809 -0.333147 -0.011127
vn -0.933491 -0.324757 -0.152074
vn -0.841319 -0.521892 -0.140749
vn -0.737460 -0.660741 -0.139907
vn -0.599615 -0.789254 -0.132438
vn -0.446601 -0.887943 -0.110018
vn -0.327780 -0.924257 -0.195727
vn 0.048460 0.996888 0.062184
vn -0.480702 0.868786 -0.118895
vn -0.642647 0.746275 -0.173432
vn -0.918370 0.260201 -0.298148
vn -0.948894 0.061307 -0.309584
vn -0.416443 -0.896715 -0.149924
vn 0.045567 0.998929 0.008044
vn -0.432447 0.868510 -0.242239
vn -0.839477 0.259752 -0.477291
vn -0.871166 0.060952 -0.487190
vn -0.390774 -0.899578 -0.195078
vn 0.090511 0.995352 -0.032904
vn -0.361247 0.863674 -0.351521
vn -0.594003 0.601625 -0.534049
vn -0.727923 0.251289 -0.637952
vn -0.761041 0.052672 -0.646562
vn -0.371496 -0.898287 -0.234673
vn 0.083794 0.996378 -0.014456
vn -0.270629 0.853714 -0.444896
vn -0.588017 0.235216 -0.773892
vn -0.622781 0.036832 -0.781529
vn -0.666938 -0.106559 -0.737454
vn -0.330577 -0.904674 -0.268856
vn 0.117090 0.989826 -0.080836
vn -0.164139 0.838977 -0.518821
vn -0.323725 0.567238 -0.757260
vn -0.425107 0.212103 -0.879941
vn -0.461667 0.014018 -0.886942
vn -0.335431 -0.896856 -0.288333
vn 0.271494 0.960355 -0.063325
vn -0.041670 0.818750 -0.572637
vn -0.245469 0.182828 -0.952008
vn -0.283908 -0.014910 -0.958736
vn -0.349337 -0.151498 -0.924669
vn -0.254999 -0.917900 -0.304030
vn 0.198224 0.970531 -0.137029
vn -0.056589 0.148217 -0.987335
vn -0.105567 -0.040877 -0.993572
vn -0.202635 -0.926949 -0.315761
vn 0.227398 0.961462 -0.154538
vn 0.239641 0.416436 -0.877014
vn 0.087829 -0.324550 -0.941782
vn 0.024290 -0.644589 -0.764143
vn 0.030900 -0.955255 -0.294164
vn 0.332026 0.875861 -0.350180
vn 0.361735 0.785327 -0.502403
vn 0.175386 -0.520015 -0.835957
vn -0.033608 -0.924190 -0.380452
vn 0.473198 0.746723 -0.467427
vn 0.183993 -0.730678 -0.657462
vn 0.117809 -0.852714 -0.508919
vn 0.330273 0.914054 -0.235426
vn 0.072690 -0.769656 -0.634307
vn -0.001174 -0.856304 -0.516471
vn -0.080245 -0.978817 -0.188358
vn 0.194999 0.978077 -0.073077
vn 0.466080 0.847172 -0.255086
vn 0.564653 0.732580 -0.380122
vn 0.290831 -0.764600 -0.575156
vn 0.193166 -0.873905 -0.446068
vn 0.061259 -0.943735 -0.324979
vn 0.055441 -0.906940 -0.417595
vn -0.059093 -0.983878 -0.168797
vn 0.224437 0.972042 -0.069016
vn 0.369748 0.907231 -0.200547
vn 0.440776 0.826373 -0.350463
vn 0.647029 0.698895 -0.304794
vn 0.379974 -0.790038 -0.481103
vn 0.253718 -0.893872 -0.369621
vn 0.107563 -0.954518 -0.278073
vn 0.433595 0.887740 -0.154640
vn -0.045909 -0.989094 -0.139949
vn 0.252924 0.965609 -0.060242
vn 0.591724 0.797857 -0.115270
vn 0.700238 0.688148 -0.190048
vn 0.449075 -0.812870 -0.370910
vn 0.301899 -0.910692 -0.281953
vn 0.139782 -0.965907 -0.217910
vn -0.037821 -0.993165 -0.110424
vn 0.278938 0.959245 -0.045200
vn 0.472763 0.874276 -0.110169
vn 0.573969 0.789883 -0.215972
vn 0.744004 0.662362 -0.087945
vn 0.497150 -0.831507 -0.247867
vn 0.332103 -0.924700 -0.186112
vn 0.159746 -0.975337 -0.152310
vn -0.035594 -0.996157 -0.080029
vn 0.301144 0.953234 -0.025623
vn 0.503406 0.862916 -0.044258
vn 0.760644 0.648365 0.032300
vn 0.518318 -0.846637 -0.120634
vn 0.343280 -0.935301 -0.085854
vn 0.166651 -0.982451 -0.083776
vn -0.039273 -0.998004 -0.049453
vn 0.318903 0.947784 -0.002431
vn 0.522157 0.852647 0.018588
vn 0.645782 0.762714 -0.035100
vn 0.753139 0.639654 0.153704
vn 0.513882 -0.857774 0.012186
vn 0.334923 -0.942126 0.015017
vn 0.160233 -0.986965 -0.014982
vn -0.048767 -0.998612 -0.019907
vn 0.332223 0.942873 0.024880
vn 0.525691 0.846180 0.087343
vn 0.653716 0.753743 0.067274
vn 0.722391 0.634842 0.274093
vn 0.485198 -0.862961 0.141002
vn 0.307356 -0.944910 0.112598
vn 0.140727 -0.988712 0.051422
vn 0.339835 0.938924 0.054162
vn -0.063525 -0.997957 0.006744
vn 0.517505 0.841121 0.157175
vn 0.643605 0.747624 0.163800
vn 0.546069 0.786845 0.287549
vn 0.655406 0.647874 0.388204
vn 0.432418 -0.862755 0.262047
vn 0.261694 -0.943523 0.203177
vn 0.108930 -0.987617 0.112905
vn -0.083488 -0.996036 0.030678
vn 0.341171 0.936267 0.083705
vn 0.488749 0.847485 0.207108
vn 0.617241 0.741757 0.262316
vn 0.554236 0.630410 0.543512
vn 0.357568 -0.857162 0.370701
vn 0.199584 -0.938054 0.283233
vn 0.066015 -0.983735 0.167058
vn 0.418360 0.870348 0.259747
vn -0.106824 -0.993043 0.049540
vn 0.417094 0.802684 0.426299
vn 0.263508 -0.846401 0.462784
vn 0.123530 -0.928677 0.349713
vn 0.013692 -0.977203 0.211866
vn -0.134517 -0.988822 0.064310
vn 0.327578 0.933988 0.142687
vn 0.413736 0.851668 0.321689
vn 0.506711 0.764213 0.399027
vn 0.350215 0.660402 0.664243
vn 0.153876 -0.830883 0.534748
vn 0.036420 -0.915768 0.400054
vn -0.046127 -0.968281 0.245570
vn 0.330744 0.880962 0.338399
vn -0.163032 -0.983936 0.072739
vn 0.254695 0.826901 0.501364
vn 0.032856 -0.811218 0.583820
vn -0.058416 -0.899838 0.432296
vn -0.111055 -0.957301 0.266912
vn -0.193673 -0.978148 0.075616
vn 0.293350 0.936606 0.191611
vn 0.299125 0.870523 0.390785
vn 0.351905 0.786400 0.507679
vn 0.173770 0.708395 0.684091
vn -0.094888 -0.788148 0.608127
vn -0.157343 -0.881475 0.445246
vn -0.178659 -0.944699 0.275000
vn 0.226203 0.880550 0.416490
vn -0.223344 -0.972048 0.072382
vn 0.269628 0.939557 0.211029
vn 0.083971 0.843438 0.530623
vn 0.049344 0.744220 0.666110
vn -0.224448 -0.762560 0.606734
vn -0.256567 -0.861397 0.438371
vn -0.246267 -0.930948 0.269606
vn -0.252382 -0.965563 0.063176
vn 0.242974 0.943645 0.224719
vn 0.166788 0.889439 0.425535
vn 0.165347 0.804550 0.570403
vn -0.064858 0.758834 0.648046
vn -0.352132 -0.734109 0.580592
vn -0.352220 -0.840368 0.411974
vn -0.311314 -0.916583 0.250916
vn -0.278704 -0.959151 0.048502
vn 0.214385 0.948561 0.232960
vn 0.095464 0.904490 0.415673
vn -0.081507 0.881482 0.465130
vn -0.168697 0.793980 0.584069
vn -0.468453 -0.707233 0.529502
vn -0.440679 -0.819203 0.367028
vn -0.371353 -0.902151 0.219590
vn -0.301636 -0.952988 0.028788
vn 0.184379 0.954279 0.235277
vn 0.036523 0.917539 0.395964
vn -0.021213 0.844143 0.535698
vn -0.264726 0.809249 0.524438
vn -0.576460 -0.679376 0.454029
vn -0.518531 -0.798710 0.305267
vn -0.424020 -0.888212 0.176882
vn -0.320210 -0.947334 0.004897
vn 0.155091 0.960329 0.231766
vn -0.025194 0.932973 0.359063
vn -0.344734 0.831883 0.434890
vn -0.663981 -0.654672 0.361294
vn -0.582751 -0.779701 0.229059
vn -0.467296 -0.875302 0.124423
vn 0.126598 0.966727 0.222288
vn -0.333694 -0.942424 -0.022033
vn -0.075855 0.945083 0.317905
vn -0.177720 0.885649 0.429001
vn -0.404857 0.852443 0.330805
vn -0.733251 -0.632523 0.249514
vn -0.630931 -0.762844 0.141403
vn -0.499545 -0.863906 0.064191
vn -0.341820 -0.938364 -0.051307
vn 0.101373 0.972890 0.207865
vn -0.116459 0.957646 0.263348
vn -0.239960 0.905754 0.349326
vn -0.445162 0.869401 0.214415
vn -0.778542 -0.614708 0.126515
vn -0.663823 -0.745840 0.055321
vn -0.514813 -0.857274 0.006984
vn 0.078686 0.979046 0.187820
vn -0.344156 -0.935284 -0.082467
vn -0.148087 0.968278 0.201269
vn -0.284261 0.921617 0.264233
vn -0.256782 0.961169 0.101079
vn -0.445324 0.891886 0.078899
vn -0.508512 -0.858290 -0.068941
vn -0.825902 -0.563083 0.028685
vn -0.339360 -0.933898 -0.112556
vn 0.061476 0.984477 0.164398
vn -0.149310 0.978224 0.144167
vn -0.317102 0.933356 0.168205
vn -0.306387 0.950868 0.044465
vn -0.469591 -0.877883 -0.093843
vn -0.104457 0.994486 -0.009290
vn -0.882683 -0.463965 -0.074886
vn -0.755630 -0.652375 -0.058569
vn -0.634737 -0.770030 -0.064519
vn -0.365766 -0.923389 -0.116481
vn -0.718969 -0.662873 -0.209005
vn -0.802565 -0.548888 -0.233691
vn -0.380296 0.922841 -0.061156
vn -0.326511 0.928078 -0.179058
vn -0.136920 0.986761 -0.086921
vn -0.753811 -0.542962 -0.370082
vn -0.673111 -0.660947 -0.331770
vn -0.584934 -0.774903 -0.239537
vn -0.293847 -0.936624 -0.190761
vn 0.051625 0.995220 0.082901
vn -0.613453 -0.665318 -0.425472
vn -0.270139 -0.939594 -0.210210
vn -0.273685 0.924166 -0.266484
vn -0.680024 -0.547609 -0.487536
vn 0.028166 0.991629 -0.126007
vn -0.194708 0.915891 -0.351045
vn -0.053405 0.981611 -0.183270
vn -0.585336 -0.557744 -0.588476
vn -0.530262 -0.673654 -0.514794
vn -0.490327 -0.781179 -0.386444
vn -0.244103 -0.943670 -0.223386
vn -0.215210 -0.948253 -0.233456
vn -0.387348 -0.799071 -0.459835
vn 0.075379 0.997145 0.004399
vn -0.110128 0.904296 -0.412457
vn -0.473362 -0.572997 -0.669032
vn -0.437789 -0.688126 -0.578639
vn 0.081427 0.934479 -0.346580
vn -0.011579 0.887968 -0.459759
vn -0.345197 -0.590155 -0.729765
vn -0.335387 -0.702959 -0.627188
vn -0.185488 -0.954319 -0.234244
vn -0.169337 -0.819499 -0.547491
vn -0.156043 -0.960707 -0.229550
vn -0.267463 -0.821967 -0.502826
vn 0.128072 0.952579 -0.276025
vn 0.099323 0.873043 -0.477421
vn -0.220931 -0.754180 -0.618387
vn -0.105069 -0.655907 -0.747493
vn -0.068915 -0.751766 -0.655819
vn 0.095594 0.438346 -0.893708
vn -0.128363 -0.966906 -0.220488
vn 0.136477 0.988843 -0.059689
vn -0.062300 -0.349627 -0.934815
vn 0.217998 0.901732 -0.373304
vn 0.241955 0.817157 -0.523175
vn -0.166117 -0.967329 -0.191518
vn -0.102813 -0.855710 -0.507139
vn -0.149262 -0.905688 -0.396801
vn 0.165611 0.983698 -0.070088
vn 0.242226 0.938435 -0.246305
vn 0.281212 0.948551 0.145502
vn 0.249710 0.952188 0.176020
vn 0.080383 0.993555 0.079921
vn -0.331984 -0.942734 -0.032230
vn 0.068358 0.997648 -0.005008
vn 0.151793 0.988147 -0.022894
vn -0.093757 -0.458507 -0.883731
vn 0.154443 0.592252 -0.790813
vn 0.065817 0.300323 -0.951564
vn 0.039473 0.125137 -0.991354
vn 0.003617 -0.057471 -0.998341
vn 0.291927 0.698090 -0.653796
vn 0.322317 0.488112 -0.811085
vn 0.246983 0.184955 -0.951205
vn -0.163726 -0.965629 -0.201879
vn 0.211420 -0.009218 -0.977352
vn 0.164677 -0.200408 -0.965773
vn 0.370932 -0.293802 -0.880960
vn 0.224905 -0.603491 -0.764995
vn 0.423275 0.667345 -0.612772
vn 0.486974 0.441044 -0.753881
vn 0.484958 0.276977 -0.829518
vn 0.436390 0.134688 -0.889620
vn 0.392694 -0.054725 -0.918039
vn 0.636711 0.234024 -0.734733
vn 0.594287 0.101411 -0.797834
vn 0.559224 -0.095398 -0.823509
vn 0.523277 -0.336747 -0.782804
vn 0.450794 -0.494915 -0.742862
vn 0.358597 -0.637075 -0.682307
vn 0.546005 0.641543 -0.538797
vn 0.599639 0.454544 -0.658652
vn 0.572421 -0.533040 -0.623058
vn 0.469192 -0.663702 -0.582546
vn 0.651342 0.609055 -0.452553
vn 0.751555 0.377184 -0.541199
vn 0.774964 0.194013 -0.601489
vn 0.737257 0.062782 -0.672689
vn 0.703857 -0.134423 -0.697507
vn 0.874808 0.163804 -0.455939
vn 0.852964 0.027329 -0.521254
vn 0.821050 -0.170267 -0.544873
vn 0.761510 -0.406963 -0.504464
vn 0.670046 -0.564035 -0.482600
vn 0.558433 -0.691720 -0.457905
vn 0.736295 0.587146 -0.336347
vn 0.822156 0.390297 -0.414401
vn 0.736616 -0.593211 -0.324803
vn 0.621891 -0.716934 -0.315052
vn 0.800269 0.559813 -0.214892
vn 0.914196 0.324024 -0.243421
vn 0.951400 0.132178 -0.278150
vn 0.937008 -0.003646 -0.349288
vn 0.906297 -0.201597 -0.371464
vn 0.986131 -0.028915 -0.163428
vn 0.956323 -0.227195 -0.183927
vn 0.878837 -0.451557 -0.154084
vn 0.787647 -0.593035 -0.167094
vn 0.671759 -0.724411 -0.154816
vn 0.838653 0.539302 -0.076249
vn 0.951909 0.296605 -0.076781
vn 0.988593 0.113563 -0.098931
vn 0.663860 -0.747648 -0.017679
vn 0.848242 0.525472 0.066066
vn 0.954743 0.281543 0.095917
vn 0.991372 0.097341 0.087783
vn 0.998445 -0.047504 0.029156
vn 0.969200 -0.246051 0.010489
vn 0.879806 -0.473742 0.038847
vn 0.802092 -0.597097 -0.011076
vn 0.944439 -0.257463 0.204324
vn 0.847157 -0.484496 0.218148
vn 0.751713 -0.632224 0.187674
vn 0.632919 -0.760498 0.145106
vn 0.830284 0.517076 0.207992
vn 0.924333 0.273206 0.266397
vn 0.958217 0.088376 0.272047
vn 0.973486 -0.058719 0.221081
vn 0.784056 0.515751 0.345336
vn 0.861853 0.271904 0.428110
vn 0.890405 0.087036 0.446771
vn 0.912207 -0.062115 0.404995
vn 0.882990 -0.260975 0.390154
vn 0.780425 -0.486077 0.393276
vn 0.686637 -0.637221 0.349971
vn 0.583502 -0.759293 0.288097
vn 0.787210 -0.256484 0.560818
vn 0.681528 -0.479999 0.552377
vn 0.594768 -0.631529 0.497416
vn 0.502915 -0.754643 0.421415
vn 0.715308 0.520406 0.466383
vn 0.769709 0.277697 0.574833
vn 0.790540 0.093360 0.605252
vn 0.816962 -0.057570 0.573811
vn 0.289067 0.945296 0.151182
vn 0.651429 0.290369 0.700946
vn 0.662465 0.107110 0.741395
vn 0.691423 -0.045246 0.721032
vn 0.660788 -0.244129 0.709761
vn 0.554274 -0.466476 0.689333
vn 0.476618 -0.618961 0.624277
vn 0.398513 -0.743794 0.536618
vn 0.632364 0.520156 0.574068
vn 0.403557 -0.446050 0.798863
vn 0.336734 -0.599968 0.725705
vn 0.274327 -0.727160 0.629272
vn 0.505708 0.542124 0.671089
vn 0.511565 0.309406 0.801604
vn 0.511090 0.127753 0.849980
vn 0.540398 -0.025637 0.841019
vn 0.254755 0.949256 0.184426
vn 0.508563 -0.224426 0.831262
vn 0.355474 0.334111 0.872931
vn 0.342237 0.154504 0.926824
vn 0.369698 0.000521 0.929152
vn 0.336418 -0.198088 0.920643
vn 0.235169 -0.419489 0.876769
vn 0.180486 -0.575306 0.797777
vn 0.135137 -0.705385 0.695823
vn 0.395660 0.553355 0.732974
vn 0.055572 -0.387814 0.920061
vn 0.013888 -0.545902 0.837734
vn -0.013753 -0.679300 0.733732
vn 0.243259 0.582231 0.775778
vn 0.187828 0.359778 0.913937
vn 0.162396 0.186313 0.968976
vn 0.185902 0.032227 0.982040
vn 0.150940 -0.166135 0.974483
vn -0.017114 0.218930 0.975590
vn -0.003965 0.068239 0.997661
vn -0.040711 -0.129802 0.990704
vn -0.128310 -0.352239 0.927073
vn -0.156658 -0.512907 0.844029
vn -0.166597 -0.649898 0.741538
vn 0.110295 0.616488 0.779601
vn 0.058064 0.430046 0.900938
vn -0.324771 -0.480239 0.814797
vn -0.319940 -0.618497 0.717705
vn -0.027198 0.639958 0.767929
vn -0.146486 0.437604 0.887155
vn -0.206851 0.257261 0.943944
vn -0.192589 0.107189 0.975408
vn -0.231221 -0.090503 0.968683
vn -0.372716 0.147577 0.916135
vn -0.413227 -0.049734 0.909269
vn -0.479109 -0.267718 0.835931
vn -0.474508 -0.423727 0.771555
vn -0.473832 -0.568666 0.672385
vn -0.163937 0.670367 0.723694
vn -0.306570 0.467970 0.828866
vn -0.373409 0.299293 0.878060
vn -0.588418 -0.553206 0.589684
vn -0.282366 0.699494 0.656488
vn -0.449586 0.503742 0.737643
vn -0.527869 0.337966 0.779188
vn -0.537418 0.187867 0.822124
vn -0.579758 -0.009054 0.814738
vn -0.638544 -0.232341 0.733675
vn -0.606155 -0.379843 0.698782
vn -0.680369 0.226478 0.696998
vn -0.724397 0.029963 0.688732
vn -0.768066 -0.192013 0.610905
vn -0.744743 -0.350343 0.567995
vn -0.717758 -0.507186 0.477059
vn -0.391020 0.727286 0.564055
vn -0.571875 0.537705 0.619542
vn -0.659891 0.374668 0.651281
vn -0.789493 -0.494001 0.364231
vn -0.476955 0.753548 0.452416
vn -0.668745 0.568539 0.479107
vn -0.764379 0.407971 0.499284
vn -0.796104 0.261943 0.545532
vn -0.841593 0.065813 0.536087
vn -0.876690 -0.163151 0.452545
vn -0.839763 -0.312532 0.443985
vn -0.926837 0.097144 0.362678
vn -0.948180 -0.137265 0.286554
vn -0.917216 -0.309422 0.250943
vn -0.854608 -0.473716 0.212694
vn -0.539495 0.776504 0.325556
vn -0.736467 0.595076 0.321714
vn -0.837321 0.436611 0.329035
vn -0.880142 0.292909 0.373569
vn -0.575345 0.796355 0.186538
vn -0.771846 0.615807 0.158227
vn -0.878143 0.454367 0.149719
vn -0.929250 0.318181 0.187762
vn -0.976855 0.122743 0.175179
vn -0.987575 -0.113516 0.108671
vn -0.951002 -0.298814 0.079408
vn -0.892868 -0.443789 0.076410
vn -0.988619 0.147302 -0.030576
vn -0.997473 -0.048606 -0.051825
vn -0.967957 -0.243115 -0.062881
vn -0.588765 0.807733 0.030388
vn -0.744883 0.667087 0.012043
vn -0.858945 0.512067 0.000588
vn -0.940947 0.338503 -0.005874
vn 0.070180 0.994351 0.079634
vn -0.745767 0.640876 -0.181963
vn -0.846674 0.484540 -0.219916
vn -0.494063 -0.855031 -0.157553
vn -0.918918 0.343837 -0.193301
vn -0.351662 -0.935596 -0.031544
vn -0.967723 0.151891 -0.201102
vn -0.063665 0.996031 0.062196
vn -0.961718 -0.083793 -0.260917
vn -0.236691 0.969673 -0.060916
vn -0.927740 -0.268418 -0.259328
vn -0.874745 -0.424218 -0.234222
vn -0.591015 0.801678 -0.089518
vn -0.893081 -0.086965 -0.441411
vn -0.864438 -0.267104 -0.425914
vn -0.818622 -0.422974 -0.388524
vn -0.554757 0.781089 -0.286609
vn -0.685514 0.634557 -0.356944
vn -0.777746 0.486009 -0.398630
vn -0.855332 0.351374 -0.380714
vn -0.903524 0.156512 -0.398934
vn -0.681789 0.478041 -0.553751
vn -0.421796 -0.857895 -0.293436
vn -0.760090 0.346829 -0.549521
vn -0.002972 0.998476 -0.055102
vn -0.807744 0.152020 -0.569596
vn -0.794187 -0.093043 -0.600509
vn -0.148670 0.964686 -0.217434
vn -0.772557 -0.272786 -0.573361
vn -0.737769 -0.427635 -0.522327
vn -0.474193 0.770004 -0.426890
vn -0.581991 0.670524 -0.460091
vn -0.654409 -0.285361 -0.700227
vn -0.633025 -0.438508 -0.637958
vn -0.374774 0.761057 -0.529468
vn -0.470708 0.623787 -0.623958
vn -0.548486 0.462223 -0.696788
vn -0.634550 0.334509 -0.696742
vn -0.681312 0.139666 -0.718545
vn -0.403373 0.443995 -0.800099
vn -0.301375 -0.875378 -0.378004
vn -0.483530 0.314887 -0.816728
vn -0.529108 0.119940 -0.840035
vn -0.516227 -0.126991 -0.846985
vn -0.021809 0.951960 -0.305446
vn -0.514523 -0.304335 -0.801652
vn -0.508402 -0.455213 -0.730964
vn -0.244949 0.741537 -0.624598
vn -0.337044 0.641583 -0.689038
vn -0.358331 -0.331937 -0.872592
vn -0.366201 -0.478432 -0.798123
vn -0.112537 0.719329 -0.685493
vn -0.172863 0.584537 -0.792738
vn -0.227228 0.414546 -0.881203
vn -0.312824 0.288736 -0.904861
vn 0.149792 0.988329 -0.027714
vn -0.356958 0.093618 -0.929417
vn 0.126782 0.979724 -0.155135
vn -0.221308 -0.902068 -0.370535
vn -0.129014 0.257045 -0.957749
vn -0.171476 0.061677 -0.983256
vn 0.152176 0.961750 -0.227771
vn -0.167930 -0.177232 -0.969736
vn -0.199691 -0.335647 -0.920578
vn 0.103477 0.810932 -0.575918
vn -0.211163 -0.493601 -0.843664
vn 0.028495 0.697060 -0.716446
vn -0.197351 -0.656393 -0.728149
vn -0.017714 0.552043 -0.833628
vn -0.054646 0.382997 -0.922132
vn -0.103417 -0.561978 -0.820662
vn 0.140003 0.733540 -0.665070
vn 0.145264 0.530375 -0.835225
vn -0.013658 -0.205859 -0.978486
vn 0.158015 0.966038 -0.204455
vn 0.230570 0.778099 -0.584294
vn 0.233776 0.648060 -0.724822
vn 0.244841 0.487963 -0.837822
vn 0.259551 0.078155 -0.962562
vn 0.052960 0.900689 0.431225
vn 0.288671 0.943080 -0.165135
vn 0.382526 0.761393 -0.523407
vn 0.418137 0.615718 -0.667872
vn 0.431923 0.449011 -0.782197
vn 0.449883 0.219703 -0.865642
vn 0.121417 -0.629533 -0.767428
vn 0.089853 0.889029 0.448948
vn 0.416121 0.903741 -0.100477
vn 0.585865 0.564874 -0.581102
vn 0.589011 0.402645 -0.700673
vn 0.522611 0.069867 -0.849704
vn 0.221245 -0.634595 -0.740500
vn 0.128395 0.868812 0.478205
vn 0.543108 0.839615 -0.009002
vn 0.631643 0.748306 -0.202644
vn 0.731576 0.490233 -0.473782
vn 0.733631 0.328946 -0.594626
vn 0.221571 -0.628638 -0.745466
vn 0.155870 0.848379 0.505922
vn 0.625695 0.775971 0.079845
vn 0.849054 0.398385 -0.346983
vn 0.850343 0.238157 -0.469253
vn 0.804346 0.136047 -0.578376
vn 0.256606 -0.649953 -0.715342
vn 0.176660 0.822649 0.540407
vn 0.700375 0.684845 0.201152
vn 0.819532 0.571787 0.037778
vn 0.933806 0.292828 -0.205570
vn 0.934695 0.133735 -0.329334
vn 0.283894 -0.675580 -0.680438
vn -0.202437 0.801540 0.562630
vn -0.162279 0.817597 0.552449
vn -0.147741 0.849777 0.506016
vn 0.018794 0.848929 0.528173
vn -0.059399 0.871499 0.486786
vn -0.028637 0.858677 0.511716
vn -0.104187 0.850302 0.515879
vn -0.183375 0.771466 0.609273
vn -0.172729 0.740976 0.648936
vn 0.038887 0.839868 0.541397
vn 0.055386 0.828380 0.557422
vn 0.067836 0.814980 0.575505
vn 0.075576 0.800156 0.595011
vn 0.078419 0.784494 0.615158
vn 0.076232 0.768544 0.635240
vn -0.180510 0.755821 0.629405
vn 0.057287 0.738408 0.671917
vn 0.069099 0.753001 0.654381
vn -0.025288 0.699823 0.713868
vn -0.050760 0.696985 0.715287
vn -0.076372 0.697266 0.712732
vn -0.101011 0.700644 0.706325
vn -0.123763 0.707031 0.696268
vn -0.143840 0.716111 0.683004
vn -0.160357 0.727595 0.667002
vn 0.021677 0.714264 0.699541
vn -0.003914 0.855297 0.518124
vn 0.188652 0.794649 0.577012
vn 0.738689 0.599470 0.308179
vn 0.982560 0.177629 -0.054997
vn 0.983415 0.019740 -0.180291
vn 0.950207 -0.067657 -0.304185
vn 0.302185 -0.704374 -0.642294
vn 0.191440 0.765336 0.614501
vn 0.748910 0.505129 0.428928
vn 0.993446 0.057223 0.098951
vn 0.994652 -0.099461 -0.027822
vn 0.310843 -0.735186 -0.602394
vn 0.184878 0.735767 0.651511
vn 0.729081 0.410137 0.547932
vn 0.966046 -0.063800 0.250370
vn 0.967955 -0.219370 0.122227
vn 0.868864 -0.478501 -0.126930
vn 0.309497 -0.766828 -0.562305
vn 0.169126 0.708528 0.685116
vn 0.679958 0.318144 0.660638
vn 0.901410 -0.180745 0.393435
vn 0.904369 -0.335260 0.264041
vn 0.298142 -0.798196 -0.523445
vn 0.108629 0.673255 0.731388
vn 0.602590 0.233863 0.763016
vn 0.802028 -0.289123 0.522646
vn 0.806329 -0.442725 0.392209
vn 0.277510 -0.827870 -0.487462
vn 0.143387 0.692663 0.706865
vn 0.334236 0.411042 0.848134
vn 0.502287 0.156880 0.850351
vn 0.671723 -0.384779 0.633036
vn 0.677610 -0.537636 0.501788
vn 0.248011 -0.854922 -0.455630
vn 0.035872 0.639705 0.767783
vn 0.223718 0.351135 0.909205
vn 0.383157 0.088338 0.919449
vn 0.515486 -0.464043 0.720374
vn 0.523148 -0.616351 0.588581
vn 0.210991 -0.878222 -0.429195
vn 0.079915 0.649830 0.755867
vn 0.154803 0.313575 0.936860
vn 0.243224 0.046137 0.968872
vn 0.339322 -0.523881 0.781287
vn 0.348881 -0.675844 0.649244
vn 0.167795 -0.896909 -0.409144
vn -0.017185 0.614816 0.788483
vn 0.015366 0.312948 0.949646
vn 0.096255 0.009289 0.995313
vn 0.150033 -0.561943 0.813456
vn 0.161487 -0.713829 0.681447
vn 0.120026 -0.910218 -0.396355
vn -0.061007 0.610417 0.789727
vn -0.052717 0.007234 0.998583
vn -0.045147 -0.576824 0.815620
vn -0.031787 -0.728837 0.683949
vn 0.069864 -0.917657 -0.391182
vn -0.108215 0.612510 0.783020
vn -0.220139 0.013496 0.975375
vn -0.221658 -0.216860 0.950705
vn -0.238696 -0.567911 0.787719
vn -0.223536 -0.720296 0.656662
vn 0.018852 -0.918974 -0.393867
vn -0.153127 0.620300 0.769272
vn -0.354886 0.032948 0.934329
vn -0.423195 -0.535576 0.730797
vn -0.406406 -0.688534 0.600628
vn -0.340183 -0.792460 0.506244
vn -0.030975 -0.914065 -0.404383
vn -0.194223 0.633505 0.748965
vn -0.487345 0.076239 0.869875
vn -0.591510 -0.481036 0.647085
vn -0.573359 -0.634774 0.517998
vn -0.077621 -0.903144 -0.422263
vn -0.229879 0.651653 0.722844
vn -0.603163 0.132511 0.786533
vn -0.737231 -0.406411 0.539741
vn -0.717975 -0.561081 0.411947
vn -0.606639 -0.784027 0.131499
vn -0.119414 -0.886527 -0.447002
vn -0.258579 0.673970 0.692027
vn -0.696674 0.203891 0.687804
vn -0.854714 -0.314560 0.412935
vn -0.834689 -0.470293 0.286566
vn -0.154417 -0.865185 -0.477085
vn 0.014433 -0.857127 -0.514904
vn 0.167962 -0.734958 -0.656983
vn 0.135486 -0.837214 -0.529827
vn -0.048676 -0.730763 -0.680894
vn -0.030508 -0.718758 -0.694590
vn -0.009227 -0.709063 -0.705085
vn 0.014574 -0.701984 -0.712044
vn 0.039666 -0.697826 -0.715168
vn 0.065326 -0.696767 -0.714316
vn -0.062965 -0.744550 -0.664591
vn 0.153671 -0.722336 -0.674252
vn 0.182740 -0.780532 -0.597810
vn 0.065296 -0.858150 -0.509231
vn 0.090404 -0.853997 -0.512364
vn 0.177736 -0.796355 -0.578125
vn 0.167965 -0.811391 -0.559850
vn 0.153607 -0.825204 -0.543547
vn 0.182756 -0.764623 -0.618023
vn 0.039641 -0.859182 -0.510132
vn -0.072810 -0.806724 -0.586425
vn -0.009250 -0.852019 -0.523430
vn -0.030623 -0.844070 -0.535357
vn -0.048747 -0.833613 -0.550194
vn -0.062998 -0.821005 -0.567435
vn 0.177752 -0.749268 -0.637967
vn -0.077775 -0.791314 -0.606443
vn 0.114187 -0.846895 -0.519356
vn -0.078669 -0.776885 -0.624708
vn 0.114193 -0.703930 -0.701030
vn 0.135542 -0.711891 -0.689086
vn -0.279347 0.699662 0.657601
vn -0.764643 0.286163 0.577436
vn -0.939462 -0.209003 0.271532
vn -0.919030 -0.365884 0.146671
vn -0.782798 -0.614968 -0.095086
vn -0.181678 -0.839501 -0.512085
vn -0.290308 0.727069 0.622167
vn -0.804508 0.376200 0.459608
vn -0.988215 -0.093796 0.120973
vn -0.967758 -0.251870 -0.002383
vn -0.199990 -0.810835 -0.550047
vn -0.272663 0.781683 0.560915
vn -0.811380 0.471267 0.345790
vn -0.999102 0.026616 -0.032971
vn -0.980356 -0.133680 -0.145020
vn -0.198626 -0.766522 -0.610731
vn -0.232282 0.775332 0.587286
vn -0.288650 0.697837 0.655519
vn -0.397108 0.788508 0.469639
vn -0.546499 0.727929 0.414075
vn -0.637906 0.678422 0.364445
vn -0.759217 0.599505 0.253343
vn -0.685920 0.656329 0.314239
vn -0.864876 0.482536 0.138380
vn -0.808599 0.568147 0.152895
vn -0.936900 0.349216 0.016354
vn -0.895774 0.442580 0.041379
vn -0.948600 0.308363 -0.071204
vn -0.972968 0.204278 -0.107720
vn -0.965464 0.159101 -0.206317
vn -0.971967 0.052939 -0.229081
vn -0.933960 -0.099245 -0.343321
vn -0.938658 0.010285 -0.344695
vn -0.888961 -0.146963 -0.433764
vn -0.861866 -0.258132 -0.436525
vn -0.829746 -0.386092 -0.403056
vn -0.804437 -0.300185 -0.512611
vn -0.671189 -0.457456 -0.583300
vn -0.538889 -0.559421 -0.629799
vn -0.377064 -0.652282 -0.657534
vn -0.075472 -0.694722 -0.715308
vn -0.209514 -0.726901 -0.654002
vn -0.193348 0.793566 0.576948
vn -0.650096 0.721867 0.237240
vn -0.770610 0.630778 0.090990
vn -0.907070 0.264563 -0.327461
vn -0.888712 0.103111 -0.446721
vn -0.173281 -0.708402 -0.684208
vn -0.189573 0.824743 0.532786
vn -0.587518 0.795772 0.146865
vn -0.807686 0.372952 -0.456673
vn -0.790677 0.210579 -0.574879
vn -0.141982 -0.682588 -0.716878
vn -0.140085 0.849984 0.507842
vn -0.503604 0.861000 0.071149
vn -0.643303 0.716725 -0.269196
vn -0.677379 0.468622 -0.567055
vn -0.661943 0.305499 -0.684472
vn -0.118587 -0.657269 -0.744268
vn -0.148842 0.840009 0.521758
vn -0.401858 0.915642 0.010442
vn -0.521138 0.547881 -0.654402
vn -0.507489 0.384221 -0.771251
vn -0.522378 0.236174 -0.819355
vn -0.073220 -0.638541 -0.766097
vn -0.107028 0.875204 0.471765
vn -0.286179 0.957609 -0.032970
vn -0.345823 0.845358 -0.407158
vn -0.344993 0.607704 -0.715315
vn -0.333215 0.443717 -0.831916
vn -0.077038 -0.621924 -0.779279
vn 0.048971 0.860392 0.507274
vn -0.156458 0.985927 -0.058891
vn -0.155679 0.645778 -0.747485
vn -0.145829 0.481693 -0.864122
vn -0.181521 0.342130 -0.921953
vn 0.007287 -0.620592 -0.784100
vn -0.017144 0.900419 0.434686
vn 0.039001 0.660330 -0.749962
vn 0.036617 0.501789 -0.864215
vn 0.061274 -0.615037 -0.786114
vn 0.015540 0.906255 0.422445
vn 0.247812 0.857454 -0.450957
vn 0.282323 0.263458 -0.922433
vn 0.272546 -0.106371 -0.956245
vn 0.289418 -0.621300 -0.728165
vn 0.161590 0.956792 0.241741
vn 0.231044 0.969919 0.076656
vn 0.398501 0.054820 -0.915528
vn 0.232055 -0.555949 -0.798168
vn 0.342930 0.932683 0.111805
vn 0.432664 -0.216318 -0.875219
vn 0.377998 -0.407180 -0.831458
vn 0.136123 0.924687 0.355561
vn 0.331454 -0.275119 -0.902467
vn 0.265134 -0.420841 -0.867523
vn 0.175210 -0.713104 -0.678810
vn -0.029723 0.870888 0.490582
vn 0.285166 0.897336 0.336851
vn 0.423041 0.884228 0.197931
vn 0.532855 -0.276426 -0.799784
vn 0.447419 -0.449986 -0.772870
vn 0.320822 -0.590860 -0.740241
vn 0.318679 -0.510116 -0.798890
vn 0.193814 -0.725178 -0.660722
vn -0.001134 0.867449 0.497525
vn 0.171236 0.904725 0.390066
vn 0.277982 0.929706 0.241605
vn 0.500515 0.825142 0.261963
vn 0.612525 -0.338179 -0.714456
vn 0.500531 -0.501080 -0.705966
vn 0.361897 -0.619869 -0.696270
vn 0.231392 0.871267 0.432842
vn 0.204090 -0.743825 -0.636452
vn 0.027131 0.860655 0.508464
vn 0.399582 0.795181 0.456094
vn 0.539405 0.759573 0.363444
vn 0.670140 -0.409249 -0.619216
vn 0.539506 -0.557363 -0.631094
vn 0.387801 -0.658487 -0.644984
vn 0.209028 -0.762382 -0.612438
vn 0.051064 0.850773 0.523047
vn 0.266491 0.840490 0.471761
vn 0.397392 0.841988 0.364878
vn 0.574355 0.687379 0.444552
vn 0.704862 -0.486535 -0.516191
vn 0.559472 -0.618051 -0.552271
vn 0.400729 -0.699984 -0.591134
vn 0.207901 -0.781441 -0.588326
vn 0.071659 0.837585 0.541587
vn 0.290119 0.798554 0.527393
vn 0.578055 0.611518 0.540276
vn 0.712278 -0.566630 -0.414234
vn 0.559685 -0.680773 -0.472547
vn 0.400150 -0.742811 -0.536761
vn 0.200829 -0.800330 -0.564925
vn 0.087336 0.822070 0.562648
vn 0.302423 0.757743 0.578244
vn 0.449473 0.728688 0.516709
vn 0.557103 0.536351 0.634007
vn 0.693345 -0.649725 -0.311656
vn 0.540122 -0.743144 -0.394975
vn 0.386086 -0.785303 -0.483980
vn 0.187974 -0.818276 -0.543222
vn 0.097553 0.804873 0.585373
vn 0.298432 0.714889 0.632354
vn 0.445938 0.665733 0.598281
vn 0.512971 0.462080 0.723424
vn 0.650225 -0.728690 -0.214987
vn 0.501574 -0.802742 -0.322535
vn 0.359110 -0.825852 -0.434752
vn 0.102015 0.786633 0.608935
vn 0.170340 -0.834192 -0.524507
vn 0.282641 0.671143 0.685333
vn 0.425088 0.606133 0.672237
vn 0.305907 0.557955 0.771432
vn 0.430576 0.401467 0.808349
vn 0.583598 -0.801953 -0.127609
vn 0.445463 -0.857324 -0.257989
vn 0.320180 -0.862883 -0.391048
vn 0.147342 -0.848471 -0.508319
vn 0.099988 0.767916 0.632699
vn 0.246978 0.645204 0.722990
vn 0.388270 0.543608 0.744135
vn 0.317003 0.288691 0.903419
vn 0.496062 -0.866677 -0.052857
vn 0.373984 -0.904759 -0.203829
vn 0.270919 -0.894939 -0.354524
vn 0.167033 0.626240 0.761527
vn 0.121441 -0.859383 -0.496701
vn 0.159944 0.478304 0.863506
vn 0.390965 -0.920383 0.006389
vn 0.289869 -0.943232 -0.162142
vn 0.213131 -0.920826 -0.326579
vn 0.092463 -0.867329 -0.489071
vn 0.079892 0.732037 0.676564
vn 0.158837 0.576042 0.801839
vn 0.258775 0.472849 0.842288
vn 0.097709 0.221299 0.970299
vn 0.272329 -0.961014 0.047838
vn 0.196335 -0.971258 -0.134572
vn 0.149043 -0.939545 -0.308287
vn 0.069849 0.580607 0.811182
vn 0.062105 -0.871624 -0.486225
vn -0.011950 0.436577 0.899587
vn 0.144754 -0.986994 0.069925
vn 0.097036 -0.987765 -0.122085
vn 0.081169 -0.950367 -0.300356
vn 0.031638 -0.872248 -0.488040
vn 0.039804 0.702816 0.710258
vn 0.034996 0.539139 0.841490
vn 0.090332 0.411817 0.906778
vn -0.086114 0.227880 0.969874
vn 0.013108 -0.997335 0.071777
vn -0.004259 -0.992116 -0.125254
vn 0.012061 -0.952893 -0.303067
vn -0.040919 0.524092 0.850678
vn 0.001334 -0.869116 -0.494606
vn 0.014245 0.691683 0.722060
vn -0.184136 0.412746 0.892040
vn -0.212019 0.251822 0.944263
vn -0.117540 -0.991636 0.053314
vn -0.103671 -0.984146 -0.143906
vn -0.055658 -0.947013 -0.316336
vn -0.026763 -0.862309 -0.505674
vn -0.014544 0.684082 0.729260
vn -0.101436 0.519039 0.848711
vn -0.101834 0.368872 0.923885
vn -0.323166 0.259594 0.910041
vn -0.243837 -0.969677 0.016432
vn -0.197349 -0.964164 -0.177314
vn -0.119310 -0.932942 -0.339682
vn -0.051621 -0.852235 -0.520606
vn -0.044462 0.680049 0.731817
vn -0.172400 0.527998 0.831562
vn -0.344055 0.459623 0.818763
vn -0.423156 0.310945 0.851030
vn -0.355587 -0.933822 -0.039170
vn -0.281687 -0.932939 -0.224225
vn -0.176450 -0.911248 -0.372146
vn -0.072517 -0.839185 -0.538989
vn -0.074913 0.679719 0.729637
vn -0.229707 0.542267 0.808196
vn -0.286342 0.397403 0.871825
vn -0.511537 0.344490 0.787183
vn -0.456401 -0.882647 -0.112397
vn -0.353472 -0.891668 -0.282817
vn -0.224918 -0.882749 -0.412512
vn -0.088541 -0.823857 -0.559839
vn -0.104315 0.683029 0.722903
vn -0.288019 0.567671 0.771229
vn -0.582302 0.402605 0.706281
vn -0.534465 -0.822008 -0.196597
vn -0.409931 -0.841929 -0.350873
vn -0.262828 -0.848531 -0.459257
vn -0.131412 0.689820 0.711955
vn -0.099533 -0.806213 -0.583193
vn -0.334307 0.594046 0.731675
vn -0.433081 0.471001 0.768504
vn -0.631525 0.469534 0.617020
vn -0.591885 -0.750669 -0.293545
vn -0.448906 -0.785633 -0.425752
vn -0.288757 -0.809947 -0.510496
vn -0.104454 -0.787644 -0.607212
vn -0.155977 0.700060 0.696841
vn -0.369272 0.629470 0.683671
vn -0.487394 0.523807 0.698623
vn -0.659234 0.542751 0.520415
vn -0.623752 -0.673708 -0.396297
vn -0.473421 -0.728198 -0.495580
vn -0.297603 -0.774777 -0.557811
vn -0.176142 0.712933 0.678749
vn -0.103367 -0.768458 -0.631496
vn -0.394191 0.668600 0.630546
vn -0.522758 0.578354 0.626283
vn -0.484312 0.704451 0.518835
vn -0.647031 0.636090 0.420406
vn -0.281408 -0.732891 -0.619420
vn -0.668716 -0.583030 -0.461406
vn -0.095103 -0.750010 -0.654554
vn -0.191250 0.728512 0.657794
vn -0.390307 0.708158 0.588365
vn -0.544684 0.636965 0.545523
vn -0.522381 0.721049 0.455199
vn -0.236117 -0.730429 -0.640876
vn -0.331001 0.811706 0.481219
vn -0.733088 -0.451218 -0.508906
vn -0.568894 -0.599712 -0.562765
vn -0.424219 -0.678309 -0.599946
vn -0.122519 -0.742526 -0.658517
vn -0.511588 -0.520731 -0.683459
vn -0.615498 -0.423549 -0.664657
vn -0.573392 0.747066 0.336324
vn -0.507464 0.823208 0.254576
vn -0.350395 0.844295 0.405449
vn -0.552186 -0.337265 -0.762458
vn -0.451936 -0.445607 -0.772780
vn -0.352354 -0.579475 -0.734885
vn -0.040526 -0.703435 -0.709603
vn -0.192734 0.780806 0.594302
vn -0.381246 -0.390040 -0.838165
vn -0.014351 -0.692142 -0.721619
vn -0.444302 0.874842 0.192995
vn -0.464744 -0.267032 -0.844220
vn -0.187273 0.890536 0.414577
vn -0.355298 0.924556 0.137690
vn -0.256092 0.903756 0.342989
vn -0.358020 -0.207842 -0.910288
vn -0.287530 -0.337201 -0.896450
vn -0.240655 -0.491726 -0.836834
vn 0.013264 -0.685013 -0.728410
vn 0.043502 -0.679607 -0.732286
vn -0.127717 -0.453090 -0.882268
vn -0.160194 0.828845 0.536053
vn -0.263128 0.959454 0.101058
vn -0.236096 -0.161962 -0.958137
vn -0.186763 -0.302344 -0.934723
vn -0.094069 0.971854 0.215986
vn -0.158198 0.984410 0.076875
vn -0.100717 -0.126583 -0.986830
vn -0.078310 -0.274991 -0.958252
vn 0.073580 -0.680490 -0.729054
vn 0.098515 -0.394350 -0.913665
vn 0.103176 -0.684683 -0.721502
vn -0.001248 -0.433291 -0.901253
vn -0.062402 0.953647 0.294387
vn -0.045548 0.995695 0.080729
vn 0.042779 -0.307796 -0.950490
vn 0.148341 -0.141003 -0.978832
vn 0.193601 -0.266166 -0.944285
vn 0.106025 0.866763 -0.487320
vn 0.130010 -0.691326 -0.710750
vn -0.090698 0.865154 0.493236
vn 0.142562 0.220203 -0.964980
vn 0.048646 0.976657 0.209224
vn 0.110860 0.992686 0.047791
vn 0.089919 -0.712372 -0.696018
vn 0.165809 -0.438165 -0.883470
vn 0.118467 -0.546108 -0.829296
vn -0.060458 0.870242 0.488901
vn 0.047048 0.939802 0.338466
vn 0.031321 0.736699 0.675495
vn -0.003793 0.718899 0.695104
vn -0.164138 0.784904 0.597482
vn -0.096368 -0.800734 -0.591218
vn -0.165663 0.833687 0.526804
vn -0.080630 0.846164 0.526788
vn 0.130952 0.098326 -0.986501
vn 0.113577 0.944163 -0.309283
vn 0.116950 0.781234 -0.613186
vn 0.137485 0.655516 -0.742561
vn 0.146320 0.504387 -0.850990
vn 0.203667 0.972902 -0.109456
vn 0.302239 0.890452 -0.340217
vn 0.318371 0.708528 -0.629784
vn 0.093092 -0.704937 -0.703134
vn 0.332670 0.558469 -0.759897
vn 0.330632 0.388630 -0.860029
vn 0.540157 0.290537 -0.789822
vn 0.456454 -0.047004 -0.888505
vn 0.332109 0.941291 -0.060615
vn 0.464496 0.840598 -0.278637
vn 0.510543 0.746872 -0.426060
vn 0.504647 0.656708 -0.560416
vn 0.510304 0.510806 -0.691858
vn 0.654513 0.678055 -0.334446
vn 0.652688 0.598276 -0.464827
vn 0.668022 0.445843 -0.595795
vn 0.684245 0.219942 -0.695294
vn 0.646047 0.058456 -0.761056
vn 0.582393 -0.103670 -0.806270
vn 0.446837 0.894475 0.015881
vn 0.557579 0.813211 -0.166713
vn 0.756600 -0.023949 -0.653439
vn 0.682249 -0.166901 -0.711815
vn 0.544733 0.833218 0.094942
vn 0.706803 0.703516 -0.074125
vn 0.779813 0.588740 -0.212784
vn 0.783226 0.515193 -0.348042
vn 0.800161 0.362154 -0.478107
vn 0.864198 0.495919 -0.085008
vn 0.883385 0.416746 -0.214368
vn 0.901673 0.262916 -0.343309
vn 0.894125 0.038069 -0.446197
vn 0.839690 -0.114867 -0.530778
vn 0.758631 -0.247687 -0.602603
vn 0.616677 0.761565 0.199319
vn 0.755355 0.653114 0.053681
vn 0.890182 -0.217764 -0.400193
vn 0.807135 -0.339432 -0.483031
vn 0.668905 0.679981 0.300321
vn 0.837303 0.515572 0.181959
vn 0.922318 0.381241 0.063131
vn 0.949287 0.306760 -0.068945
vn 0.968634 0.151987 -0.196591
vn 0.978408 0.189449 0.082630
vn 0.998485 0.033604 -0.043583
vn 0.972150 -0.177512 -0.153017
vn 0.918866 -0.298358 -0.258201
vn 0.836149 -0.427868 -0.343197
vn 0.692722 0.591275 0.412953
vn 0.858429 0.405647 0.313927
vn 0.939258 0.271568 0.209868
vn 0.816153 -0.523746 -0.244099
vn 0.686724 0.502491 0.525274
vn 0.842270 0.298234 0.449042
vn 0.921496 0.155437 0.355928
vn 0.969632 0.069289 0.234549
vn 0.990071 -0.087726 0.109834
vn 0.953227 -0.302209 -0.005363
vn 0.913500 -0.386038 -0.128425
vn 0.943718 -0.207253 0.257765
vn 0.901007 -0.414156 0.129079
vn 0.847345 -0.531017 0.005287
vn 0.768222 -0.628067 -0.123960
vn 0.652950 0.414971 0.633605
vn 0.792794 0.193426 0.577983
vn 0.867729 0.042175 0.495246
vn 0.923286 -0.049059 0.380967
vn 0.590887 0.332288 0.735144
vn 0.711896 0.095260 0.695795
vn 0.780021 -0.063867 0.622485
vn 0.841162 -0.161047 0.516246
vn 0.861210 -0.320428 0.394516
vn 0.814332 -0.520504 0.256784
vn 0.764736 -0.632872 0.121041
vn 0.701766 -0.712200 -0.017202
vn 0.745712 -0.422912 0.514839
vn 0.696960 -0.615683 0.367670
vn 0.655735 -0.721063 0.223784
vn 0.605722 -0.792036 0.076024
vn 0.507843 0.260716 0.821050
vn 0.602686 0.007515 0.797943
vn 0.661747 -0.158629 0.732754
vn 0.726412 -0.262382 0.635201
vn 0.038964 0.731885 0.680313
vn 0.469380 -0.066436 0.880493
vn 0.517430 -0.238455 0.821830
vn 0.583462 -0.349175 0.733245
vn 0.601676 -0.510732 0.614116
vn 0.553408 -0.696034 0.457467
vn 0.522474 -0.795493 0.306939
vn 0.487642 -0.859723 0.151926
vn 0.413999 0.190710 0.890076
vn 0.389176 -0.758471 0.522746
vn 0.370076 -0.853295 0.367331
vn 0.352053 -0.912673 0.207574
vn 0.274208 0.139417 0.951511
vn 0.317097 -0.123771 0.940282
vn 0.352643 -0.300285 0.886268
vn 0.417740 -0.418133 0.806634
vn 0.000605 0.712448 0.701725
vn 0.434604 -0.580572 0.688517
vn 0.151652 -0.162272 0.975023
vn 0.173698 -0.341730 0.923607
vn 0.235725 -0.466509 0.852527
vn 0.250954 -0.629691 0.735195
vn 0.210598 -0.800599 0.560972
vn 0.204387 -0.892250 0.402637
vn 0.204162 -0.948842 0.240866
vn 0.157508 0.100770 0.982363
vn 0.024507 -0.820801 0.570689
vn 0.031799 -0.910863 0.411482
vn 0.049658 -0.966844 0.250495
vn -0.001654 0.081914 0.996638
vn -0.021225 -0.184659 0.982573
vn -0.012503 -0.361218 0.932397
vn 0.044307 -0.492523 0.869171
vn 0.057771 -0.656220 0.752355
vn -0.193977 -0.360371 0.912418
vn -0.149083 -0.495135 0.855930
vn -0.137526 -0.659142 0.739336
vn -0.161930 -0.818296 0.551517
vn -0.141073 -0.908414 0.393552
vn -0.105498 -0.965987 0.236090
vn -0.138272 0.091463 0.986162
vn -0.160954 -0.135730 0.977584
vn -0.306937 -0.886317 0.346744
vn -0.257507 -0.946070 0.196576
vn -0.274722 0.100129 0.956296
vn -0.358096 -0.147412 0.921975
vn -0.381678 -0.334969 0.861462
vn -0.337090 -0.474283 0.813281
vn -0.327437 -0.638354 0.696627
vn -0.512394 -0.430722 0.742921
vn -0.504652 -0.594641 0.625883
vn -0.507899 -0.742051 0.437493
vn -0.458800 -0.834536 0.305046
vn -0.411563 -0.899161 0.148745
vn -0.407889 0.132539 0.903360
vn -0.511904 -0.110178 0.851948
vn -0.543449 -0.284723 0.789681
vn -0.514874 -0.855048 0.061623
vn -0.520115 0.178875 0.835155
vn -0.646248 -0.048156 0.761607
vn -0.688507 -0.217517 0.691841
vn -0.668341 -0.366153 0.647497
vn -0.662356 -0.529684 0.529829
vn -0.656538 -0.676317 0.333996
vn -0.586469 -0.774593 0.236770
vn -0.798894 -0.283060 0.530703
vn -0.794510 -0.445984 0.412132
vn -0.774844 -0.591433 0.223212
vn -0.709950 -0.695344 0.111662
vn -0.635654 -0.771047 -0.037816
vn -0.619311 0.239281 0.747796
vn -0.756700 0.029808 0.653082
vn -0.807704 -0.133114 0.574365
vn -0.693217 -0.706837 -0.140825
vn -0.693754 0.311867 0.649188
vn -0.839040 0.120696 0.530514
vn -0.896449 -0.034767 0.441780
vn -0.899043 -0.184619 0.397036
vn -0.896014 -0.346753 0.277347
vn -0.865726 -0.493737 0.082108
vn -0.794248 -0.607557 0.006691
vn -0.962981 -0.235818 0.130607
vn -0.919121 -0.389673 -0.058067
vn -0.844594 -0.508054 -0.168943
vn -0.741051 -0.614560 -0.270481
vn -0.742940 0.393025 0.541823
vn -0.890066 0.221026 0.398662
vn -0.951346 0.073769 0.299164
vn -0.964945 -0.074630 0.251616
vn -0.764090 0.481673 0.429135
vn -0.907789 0.323957 0.266404
vn -0.971566 0.182327 0.151050
vn -0.994066 0.042684 0.100057
vn -0.992831 -0.117412 -0.022383
vn -0.939550 -0.276781 -0.201588
vn -0.857382 -0.408807 -0.312685
vn -0.767213 -0.519421 -0.376278
vn -0.983200 0.014982 -0.181913
vn -0.943384 -0.135879 -0.302596
vn -0.868232 -0.286438 -0.405125
vn -0.759398 0.575606 0.303303
vn -0.874774 0.450332 0.178807
vn -0.947148 0.314644 0.062526
vn -0.984955 0.164903 -0.051674
vn -0.174111 0.784482 0.595208
vn -0.844369 0.535736 0.005299
vn -0.900318 0.415242 -0.130390
vn -0.256762 -0.679450 -0.687329
vn -0.940657 0.275536 -0.198101
vn -0.117135 -0.797770 -0.591474
vn -0.942014 0.115530 -0.315061
vn -0.301229 0.778822 0.550179
vn -0.873611 -0.044968 -0.484543
vn -0.445930 0.803443 0.394496
vn -0.798101 -0.193802 -0.570505
vn -0.714014 -0.329478 -0.617760
vn -0.744627 0.636550 0.200836
vn -0.783312 0.060646 -0.618664
vn -0.715790 -0.092843 -0.692116
vn -0.640200 -0.236261 -0.730975
vn -0.679332 0.732926 0.036430
vn -0.762131 0.634666 -0.127891
vn -0.811043 0.523731 -0.260606
vn -0.856830 0.393161 -0.333567
vn -0.855558 0.236593 -0.460483
vn -0.696583 0.614798 -0.369859
vn -0.168814 -0.597772 -0.783690
vn -0.742074 0.494519 -0.452523
vn -0.228055 0.853169 0.469141
vn -0.740058 0.339066 -0.580817
vn -0.665941 0.155812 -0.729551
vn -0.339610 0.896739 0.283767
vn -0.606787 -0.004632 -0.794851
vn -0.543838 -0.156121 -0.824540
vn -0.580895 0.811310 -0.065855
vn -0.657340 0.734193 -0.169899
vn -0.473521 0.069800 -0.878013
vn -0.425354 -0.088189 -0.900720
vn -0.469694 0.872974 -0.131546
vn -0.517941 0.800037 -0.302785
vn -0.545877 0.697359 -0.464444
vn -0.599109 0.581321 -0.550576
vn -0.596021 0.426912 -0.680078
vn -0.388367 0.757485 -0.524774
vn -0.037707 -0.550466 -0.834006
vn -0.433424 0.650248 -0.623956
vn -0.428952 0.496735 -0.754490
vn -0.358154 0.298617 -0.884620
vn -0.202965 0.950675 0.234568
vn -0.321120 0.127599 -0.938403
vn -0.289307 -0.035044 -0.956595
vn -0.327689 0.925607 -0.189399
vn -0.384806 0.867316 -0.315733
vn -0.154965 0.163507 -0.974295
vn -0.138113 0.000639 -0.990416
vn -0.186979 0.957452 -0.219826
vn -0.199855 0.898028 -0.391924
vn -0.201213 0.799966 -0.565304
vn -0.251367 0.698643 -0.669860
vn -0.082019 0.848717 0.522448
vn -0.245299 0.545853 -0.801170
vn -0.085650 0.909111 0.407654
vn 0.044751 -0.566586 -0.822787
vn -0.059983 0.724655 -0.686496
vn -0.052121 0.572396 -0.818319
vn -0.047560 0.937558 0.344563
vn 0.005163 0.368428 -0.929642
vn 0.005029 0.206749 -0.978381
vn -0.014320 0.999402 -0.031462
vn 0.020756 0.032641 -0.999252
vn -0.041858 0.973780 -0.223607
vn 0.057007 -0.163631 -0.984873
vn -0.037435 0.913183 -0.405827
vn -0.022219 0.818095 -0.574654
vn 0.137549 -0.022998 -0.990228
vn 0.050472 0.989393 -0.136217
vn 0.124895 0.916528 -0.379971
vn 0.161642 0.368915 -0.915300
vn 0.000695 0.699139 -0.714985
vn -0.030459 0.335102 -0.941689
vn -0.059008 0.151199 -0.986741
vn -0.068983 -0.044533 -0.996623
vn -0.056799 -0.458694 -0.886777
vn 0.102329 0.984478 -0.142587
vn 0.138639 0.688490 -0.711871
vn 0.133682 0.339134 -0.931191
vn 0.136030 0.137022 -0.981183
vn 0.128832 -0.065281 -0.989515
vn 0.140700 -0.305020 -0.941895
vn -0.064548 -0.945216 -0.320001
vn 0.143796 0.980529 -0.133734
vn 0.282792 0.677447 -0.679040
vn 0.326134 0.124149 -0.937136
vn 0.306873 -0.076165 -0.948698
vn 0.227859 -0.430373 -0.873418
vn 0.038570 -0.944368 -0.326620
vn 0.191073 0.975191 -0.111772
vn 0.436884 0.659410 -0.611809
vn 0.469437 0.473047 -0.745557
vn 0.503833 0.103755 -0.857547
vn 0.483021 -0.096312 -0.870296
vn 0.036886 -0.941904 -0.333849
vn 0.227455 0.969854 -0.087449
vn 0.548095 0.644359 -0.533285
vn 0.662290 0.081445 -0.744808
vn 0.640248 -0.118402 -0.758988
vn 0.572223 -0.257851 -0.778507
vn 0.081415 -0.947476 -0.309289
vn 0.260011 0.964147 -0.053052
vn 0.664290 0.623599 -0.412119
vn 0.737070 0.431845 -0.519845
vn 0.795443 0.058037 -0.603243
vn 0.772442 -0.141569 -0.619106
vn 0.120211 -0.953461 -0.276515
vn 0.053580 0.998065 -0.031542
vn 0.015540 0.998695 -0.048643
vn -0.016017 0.999872 -0.000640
vn -0.060310 0.998166 0.005173
vn -0.056871 0.996366 0.063409
vn -0.090424 0.991626 0.092206
vn -0.045078 0.985685 0.162459
vn -0.055300 0.988728 0.139139
vn 0.183068 0.982537 0.033281
vn 0.128291 0.991558 -0.018808
vn 0.104414 0.994141 -0.027942
vn -0.030367 0.982576 0.183365
vn 0.168336 0.985652 0.012377
vn 0.079105 0.996345 -0.032248
vn 0.193300 0.979506 0.056599
vn 0.198834 0.976633 0.081562
vn 0.199349 0.974060 0.107084
vn 0.194906 0.971850 0.132364
vn 0.149899 0.988688 -0.005210
vn 0.171746 0.968956 0.177841
vn 0.132982 0.968357 0.211188
vn 0.109502 0.968973 0.221588
vn -0.011879 0.979537 0.200911
vn 0.009720 0.976665 0.214548
vn 0.084463 0.970148 0.227328
vn 0.058827 0.971886 0.227984
vn 0.033548 0.974083 0.223690
vn 0.285168 0.958391 -0.012893
vn 0.741098 0.603519 -0.294174
vn 0.898177 0.034418 -0.438285
vn 0.874575 -0.164959 -0.455969
vn 0.812831 -0.300765 -0.498845
vn 0.151817 -0.959614 -0.236838
vn 0.301951 0.952805 0.031437
vn 0.796282 0.585516 -0.152008
vn 0.966530 0.011534 -0.256294
vn 0.942698 -0.187650 -0.275878
vn 0.174961 -0.965725 -0.191739
vn 0.309688 0.947622 0.078145
vn 0.822526 0.568724 -0.001660
vn 0.997886 -0.009757 -0.064245
vn 0.974201 -0.208755 -0.085749
vn 0.826879 -0.549745 -0.118542
vn 0.188854 -0.971566 -0.142805
vn 0.307549 0.943412 0.124048
vn 0.818826 0.553795 0.151113
vn 0.991038 -0.028636 0.130475
vn 0.967870 -0.227492 0.107118
vn 0.192832 -0.976899 -0.092106
vn 0.267556 0.943001 0.197894
vn 0.784491 0.542544 0.300366
vn 0.946245 -0.044399 0.320390
vn 0.923945 -0.243137 0.295315
vn 0.186993 -0.981476 -0.041695
vn 0.291214 0.943593 0.157566
vn 0.540605 0.761223 0.358170
vn 0.723160 0.531703 0.440832
vn 0.865236 -0.056392 0.498184
vn 0.844126 -0.255071 0.471583
vn 0.171136 -0.985223 0.006953
vn 0.212821 0.940000 0.266660
vn 0.459996 0.752090 0.471979
vn 0.637635 0.520187 0.568179
vn 0.751114 -0.064186 0.657045
vn 0.731472 -0.262839 0.629177
vn 0.146456 -0.987885 0.051332
vn 0.250078 0.938436 0.238326
vn 0.406550 0.740780 0.534754
vn 0.524009 0.522626 0.672514
vn 0.608269 -0.067481 0.790857
vn 0.590285 -0.266162 0.762051
vn 0.113388 -0.989439 0.090297
vn 0.171165 0.934403 0.312399
vn 0.278422 0.759346 0.588111
vn 0.396174 0.518244 0.757938
vn 0.442194 -0.066144 0.894477
vn 0.426059 -0.264884 0.865049
vn 0.073147 -0.989808 0.122184
vn 0.130447 0.935219 0.329163
vn 0.256217 0.531489 0.807387
vn 0.259273 -0.060222 0.963925
vn 0.245031 -0.259081 0.934257
vn 0.027701 -0.988957 0.145592
vn 0.083427 0.937718 0.337231
vn 0.089894 0.539631 0.837089
vn 0.101427 0.331418 0.938016
vn 0.066519 -0.049965 0.996533
vn 0.054207 -0.248958 0.966996
vn -0.021198 -0.986925 0.159779
vn 0.035922 0.941161 0.336044
vn -0.052091 0.546764 0.835665
vn -0.128643 -0.035741 0.991047
vn -0.139080 -0.234915 0.962014
vn -0.096076 -0.378224 0.920715
vn -0.072118 -0.983794 0.164163
vn -0.010484 0.945456 0.325580
vn -0.201246 0.561714 0.802482
vn -0.318702 -0.018088 0.947682
vn -0.327459 -0.217482 0.919496
vn -0.122691 -0.979693 0.158585
vn -0.053778 0.950408 0.306322
vn -0.341632 0.576342 0.742373
vn -0.496400 0.002267 0.868091
vn -0.503619 -0.197339 0.841086
vn -0.464421 -0.542689 0.699858
vn -0.171207 -0.974763 0.143270
vn -0.092453 0.955835 0.278984
vn -0.466908 0.593785 0.655298
vn -0.654859 0.024594 0.755351
vn -0.660824 -0.175242 0.729796
vn -0.215821 -0.969200 0.118632
vn 0.022824 -0.981253 -0.191365
vn -0.044364 -0.973086 -0.226133
vn -0.189454 -0.980800 -0.046243
vn -0.197206 -0.977997 -0.068054
vn -0.177216 -0.983881 -0.023919
vn -0.093553 -0.995150 0.030408
vn -0.140879 -0.989959 0.011590
vn -0.118193 -0.992717 0.023325
vn -0.197451 -0.972753 -0.121513
vn -0.190143 -0.970829 -0.146072
vn -0.178226 -0.969402 -0.168808
vn 0.002863 -0.978271 -0.207308
vn -0.162091 -0.968537 -0.188844
vn -0.160804 -0.986977 -0.004304
vn -0.142423 -0.968283 -0.205289
vn -0.095454 -0.969564 -0.225464
vn -0.119853 -0.968639 -0.217653
vn 0.040269 -0.998826 -0.026912
vn -0.019838 -0.975513 -0.219043
vn 0.004417 -0.999944 0.009597
vn -0.068069 -0.997149 0.032553
vn 0.039220 -0.984336 -0.171885
vn 0.061773 -0.993102 -0.099666
vn 0.052141 -0.997406 -0.049620
vn 0.024152 -0.999684 -0.006958
vn 0.051472 -0.987431 -0.149437
vn -0.042558 -0.998652 0.029706
vn 0.059505 -0.995463 -0.074242
vn -0.018128 -0.999595 0.021929
vn 0.059085 -0.990381 -0.125117
vn -0.125029 0.961546 0.244535
vn -0.572571 0.612126 0.545402
vn -0.788004 0.048017 0.613795
vn -0.793034 -0.152055 0.589895
vn -0.716010 -0.501642 0.485473
vn -0.254509 -0.963228 0.086125
vn -0.148734 0.967313 0.205389
vn -0.654562 0.630650 0.416929
vn -0.890741 0.071616 0.448833
vn -0.895158 -0.128677 0.426772
vn -0.286115 -0.957072 0.046384
vn -0.155707 0.980144 0.122771
vn -0.704536 0.652591 0.278844
vn -0.959095 0.094511 0.266841
vn -0.961462 -0.101622 0.255467
vn -0.307473 -0.951216 -0.025484
vn -0.134326 0.959739 0.246691
vn -0.108779 0.984900 0.134683
vn -0.302270 0.949447 0.084752
vn -0.552919 0.822649 0.132401
vn -0.455469 0.882396 0.118006
vn -0.611858 0.782007 0.118721
vn -0.694941 0.708579 0.122366
vn -0.769802 0.633985 0.073941
vn -0.819931 0.558801 0.124318
vn -0.913783 0.388439 0.118810
vn -0.875454 0.477064 0.077400
vn -0.948122 0.309175 0.073993
vn -0.973147 0.203969 0.106687
vn -0.995987 0.012181 0.088668
vn -0.992302 0.113557 0.049422
vn -0.981505 -0.179921 0.065388
vn -0.996147 -0.087278 0.008636
vn -0.962404 -0.271586 0.004444
vn -0.927660 -0.369802 0.051892
vn -0.875542 -0.463808 0.135310
vn -0.896718 -0.442444 -0.011803
vn -0.460281 -0.884487 -0.076315
vn -0.229347 -0.955834 -0.183798
vn -0.328247 -0.940609 -0.086656
vn -0.076683 0.991494 0.105165
vn -0.607410 0.794294 0.012243
vn -0.758407 0.651484 -0.019682
vn -0.983602 0.134683 -0.119945
vn -0.988454 -0.066142 -0.136326
vn -0.311209 -0.942464 -0.122105
vn -0.089474 0.994602 0.052538
vn -0.582498 0.804298 -0.117476
vn -0.938810 0.150429 -0.309850
vn -0.944529 -0.050508 -0.324520
vn -0.293898 -0.940384 -0.171179
vn -0.052562 0.998609 0.004228
vn -0.532063 0.812699 -0.237548
vn -0.756124 0.525273 -0.390338
vn -0.857797 0.162433 -0.487647
vn -0.864703 -0.038574 -0.500801
vn -0.282411 -0.935266 -0.213358
vn -0.055685 0.998179 0.023204
vn -0.459178 0.818340 -0.345652
vn -0.743670 0.170233 -0.646510
vn -0.752046 -0.030792 -0.658391
vn -0.767740 -0.180180 -0.614907
vn -0.247787 -0.934801 -0.254456
vn -0.034515 0.998259 -0.047828
vn -0.366657 0.821010 -0.437613
vn -0.528157 0.535974 -0.658621
vn -0.600837 0.173526 -0.780310
vn -0.610874 -0.027480 -0.791251
vn -0.256850 -0.927250 -0.272462
vn 0.120447 0.991015 -0.058163
vn -0.254258 0.819945 -0.512877
vn -0.434752 0.172180 -0.883937
vn -0.446644 -0.028748 -0.894250
vn -0.485755 -0.174160 -0.856569
vn -0.178690 -0.936128 -0.302875
vn 0.036970 0.992303 -0.118183
vn -0.252375 0.165897 -0.953302
vn -0.275600 -0.028009 -0.960864
vn -0.128579 -0.937289 -0.323969
vn 0.063668 0.987961 -0.140994
vn 0.019763 0.470444 -0.882208
vn -0.039432 -0.282531 -0.958447
vn -0.026100 -0.613163 -0.789525
vn 0.106563 -0.932613 -0.344785
vn 0.142031 0.923608 -0.356055
vn 0.155947 0.842480 -0.515662
vn 0.091357 -0.466358 -0.879866
vn 0.024211 -0.908659 -0.416837
vn 0.276088 0.819215 -0.502656
vn 0.160312 -0.678508 -0.716887
vn 0.138991 -0.812790 -0.565734
vn 0.155745 0.957973 -0.240899
vn 0.061290 -0.733582 -0.676832
vn 0.022167 -0.833104 -0.552672
vn 0.021038 -0.974721 -0.222433
vn 0.044888 0.997509 -0.054407
vn 0.293608 0.911719 -0.287338
vn 0.382753 0.815862 -0.433439
vn 0.283766 -0.699109 -0.656295
vn 0.226592 -0.824752 -0.518112
vn 0.129232 -0.915996 -0.379802
vn 0.101967 -0.877867 -0.467923
vn 0.045533 -0.977235 -0.207216
vn 0.074585 0.995652 -0.055802
vn 0.201381 0.955890 -0.213820
vn 0.254654 0.890169 -0.377824
vn 0.481101 0.792197 -0.375453
vn 0.390964 -0.714143 -0.580644
vn 0.302017 -0.837963 -0.454536
vn 0.184222 -0.921352 -0.342304
vn 0.274487 0.944445 -0.180776
vn 0.064005 -0.981265 -0.181719
vn 0.104668 0.993120 -0.052510
vn 0.447779 0.876994 -0.174287
vn 0.554979 0.785990 -0.272429
vn 0.481149 -0.729938 -0.485474
vn 0.366940 -0.850179 -0.377559
vn 0.227965 -0.929698 -0.289297
vn 0.077696 -0.984922 -0.154567
vn 0.133788 0.990097 -0.042529
vn 0.322440 0.935487 -0.144558
vn 0.413499 0.869352 -0.270641
vn 0.619454 0.763890 -0.180966
vn 0.552604 -0.744913 -0.373808
vn 0.415491 -0.862354 -0.289333
vn 0.260464 -0.937989 -0.228769
vn 0.085959 -0.988467 -0.124675
vn 0.159597 0.986796 -0.027594
vn 0.365672 0.926793 -0.085671
vn 0.659122 0.749102 -0.066361
vn 0.598101 -0.760382 -0.253169
vn 0.445792 -0.874033 -0.193227
vn 0.280447 -0.945931 -0.162986
vn 0.088083 -0.991663 -0.094051
vn 0.182371 0.983202 -0.007428
vn 0.396612 0.917569 -0.027668
vn 0.519605 0.847718 -0.106700
vn 0.674784 0.736047 0.053874
vn 0.619115 -0.775707 -0.122374
vn 0.456667 -0.884771 -0.092929
vn 0.287148 -0.953219 -0.094440
vn 0.084256 -0.994389 -0.063958
vn 0.200176 0.979632 0.015835
vn 0.413254 0.909780 0.039005
vn 0.546926 0.837144 -0.007865
vn 0.667085 0.723561 0.177363
vn 0.614977 -0.788494 0.009008
vn 0.447703 -0.894149 0.007708
vn 0.280320 -0.959558 -0.025854
vn 0.213637 0.975945 0.043493
vn 0.074538 -0.996612 -0.034773
vn 0.418512 0.901666 0.108841
vn 0.555244 0.826965 0.088502
vn 0.477066 0.848446 0.229232
vn 0.620510 0.723764 0.301882
vn 0.585249 -0.799156 0.137233
vn 0.419224 -0.901816 0.104781
vn 0.260197 -0.964718 0.040201
vn 0.059191 -0.998217 -0.007704
vn 0.220644 0.972680 0.072178
vn 0.398567 0.902496 0.163235
vn 0.548006 0.814686 0.189673
vn 0.552171 0.687755 0.471274
vn 0.531049 -0.807308 0.257374
vn 0.372388 -0.907450 0.194581
vn 0.227575 -0.968493 0.101144
vn 0.336406 0.913611 0.228354
vn 0.039189 -0.999115 0.015294
vn 0.374168 0.841864 0.388925
vn 0.454461 -0.812626 0.364834
vn 0.308914 -0.910873 0.273647
vn 0.183689 -0.970746 0.154632
vn 0.014628 -0.999297 0.034516
vn 0.218376 0.966886 0.132074
vn 0.345469 0.892757 0.289198
vn 0.461789 0.817358 0.344496
vn 0.370962 0.684990 0.627038
vn 0.358432 -0.814906 0.455472
vn 0.231307 -0.911920 0.338968
vn 0.130326 -0.971362 0.198672
vn 0.263550 0.909450 0.321624
vn -0.013044 -0.998742 0.048416
vn 0.226108 0.840594 0.492216
vn 0.246658 -0.814058 0.525803
vn 0.142530 -0.910572 0.388001
vn 0.069369 -0.970364 0.231478
vn -0.042345 -0.997498 0.056603
vn 0.193304 0.963210 0.186707
vn 0.243660 0.893145 0.378051
vn 0.327438 0.814217 0.479412
vn 0.196092 0.706750 0.679745
vn 0.123414 -0.810130 0.573113
vn 0.045957 -0.906873 0.418890
vn 0.003274 -0.967758 0.251862
vn 0.175868 0.891954 0.416521
vn -0.073150 -0.995577 0.058946
vn 0.173169 0.962213 0.210139
vn 0.062785 0.831797 0.551517
vn 0.066779 0.724948 0.685559
vn -0.006537 -0.803254 0.595601
vn -0.054666 -0.900973 0.430418
vn -0.065473 -0.963653 0.259011
vn -0.103544 -0.993085 0.055317
vn 0.149447 0.962055 0.228287
vn 0.118379 0.892037 0.436184
vn 0.154456 0.803833 0.574453
vn -0.049745 0.723610 0.688414
vn -0.139492 -0.792592 0.593582
vn -0.155452 -0.893073 0.422204
vn -0.134151 -0.958199 0.252703
vn -0.133088 -0.990051 0.045672
vn 0.121877 0.962665 0.241706
vn 0.045051 0.897021 0.439685
vn -0.115407 0.847640 0.517869
vn -0.167174 0.745341 0.645384
vn -0.265658 -0.781185 0.564956
vn -0.252559 -0.883521 0.394467
vn -0.200216 -0.951626 0.233068
vn -0.159432 -0.986730 0.030761
vn 0.093013 0.963911 0.249446
vn -0.017681 0.902067 0.431233
vn -0.038898 0.817353 0.574822
vn -0.273491 0.748402 0.604232
vn -0.388219 -0.766947 0.510958
vn -0.342272 -0.872643 0.348345
vn -0.261121 -0.944160 0.200943
vn -0.182697 -0.983110 0.010819
vn 0.062546 0.965858 0.251409
vn -0.086529 0.909555 0.406476
vn -0.370566 0.761855 0.531280
vn -0.493462 -0.752418 0.436305
vn -0.421122 -0.860865 0.285600
vn -0.314467 -0.936096 0.157590
vn 0.032451 0.968370 0.247400
vn -0.201383 -0.979425 -0.013093
vn -0.144927 0.915445 0.375442
vn -0.216200 0.839038 0.499272
vn -0.450626 0.776496 0.440444
vn -0.584020 -0.737304 0.339564
vn -0.486052 -0.848667 0.208607
vn -0.358199 -0.927772 0.104562
vn -0.215421 -0.975663 -0.040930
vn 0.003966 0.971320 0.237741
vn -0.195963 0.923587 0.329523
vn -0.293848 0.852256 0.432797
vn -0.513096 0.790739 0.333863
vn -0.652635 -0.722739 0.227412
vn -0.535867 -0.834140 0.130602
vn -0.384240 -0.921806 0.051310
vn -0.022045 0.974642 0.222679
vn -0.223355 -0.972209 -0.070155
vn -0.239366 0.931313 0.274517
vn -0.354453 0.863975 0.357645
vn -0.362275 0.911544 0.194536
vn -0.540586 0.816718 0.201837
vn -0.391580 -0.919817 -0.024511
vn -0.723333 -0.675717 0.142117
vn -0.224359 -0.969251 -0.101068
vn -0.044120 0.978299 0.202445
vn -0.252177 0.942556 0.219078
vn -0.405236 0.873573 0.269543
vn -0.419377 0.895841 0.146941
vn -0.763516 -0.645686 -0.011514
vn -0.808228 -0.586110 -0.056948
vn -0.725712 -0.686280 -0.048600
vn -0.657260 -0.752508 -0.041724
vn -0.578237 -0.812490 -0.074176
vn -0.494741 -0.866258 -0.069485
vn -0.355469 -0.932962 -0.056773
vn -0.238161 0.969271 0.061592
vn -0.810674 -0.582873 0.055383
vn -0.658413 -0.751621 0.039473
vn -0.525744 -0.850619 0.006407
vn -0.252196 -0.962565 -0.099328
vn -0.650212 -0.751468 -0.111891
vn -0.758013 -0.641735 -0.116582
vn -0.506549 0.860492 0.054420
vn -0.476001 0.876606 -0.070611
vn -0.282705 0.959157 -0.009839
vn -0.727338 -0.634510 -0.261490
vn -0.625864 -0.740780 -0.244009
vn -0.505976 -0.843805 -0.178834
vn -0.193505 -0.963310 -0.185985
vn -0.069609 0.989708 0.125031
vn -0.583932 -0.734012 -0.346769
vn -0.173782 -0.962362 -0.208946
vn -0.439686 0.882683 -0.165971
vn -0.675896 -0.625325 -0.390043
vn -0.129509 0.988607 -0.076709
vn -0.376782 0.888100 -0.263273
vn -0.217879 0.968641 -0.119429
vn -0.600353 -0.619061 -0.506300
vn -0.517751 -0.727923 -0.449512
vn -0.441262 -0.832154 -0.335869
vn -0.149971 -0.962300 -0.226908
vn -0.123405 -0.962422 -0.241901
vn -0.351666 -0.833129 -0.426881
vn -0.060939 0.997182 0.043751
vn -0.303815 0.890395 -0.338959
vn -0.503648 -0.615942 -0.605768
vn -0.437168 -0.727270 -0.529115
vn -0.109445 0.945758 -0.305881
vn -0.214060 0.889608 -0.403456
vn -0.387370 -0.612955 -0.688644
vn -0.344081 -0.726010 -0.595414
vn -0.093206 -0.964191 -0.248292
vn -0.152243 -0.819823 -0.552008
vn -0.063057 -0.966434 -0.249055
vn -0.239457 -0.837500 -0.491176
vn -0.053672 0.968353 -0.243747
vn -0.107165 0.891146 -0.440880
vn -0.224021 -0.760603 -0.609342
vn -0.147643 -0.643251 -0.751286
vn -0.082966 -0.735491 -0.672436
vn -0.126576 0.472034 -0.872446
vn -0.033628 -0.968852 -0.245346
vn -0.011499 0.999467 -0.030554
vn -0.181060 -0.328974 -0.926819
vn 0.023272 0.933579 -0.357616
vn 0.031160 0.857472 -0.513586
vn -0.065167 -0.975470 -0.210263
vn -0.075286 -0.847267 -0.525805
vn -0.093911 -0.906399 -0.411852
vn 0.015313 0.998826 -0.045953
vn 0.064727 0.969839 -0.234995
vn 0.171557 0.974597 0.143974
vn 0.145873 0.972834 0.179762
vn -0.041853 0.992274 0.116791
vn -0.201547 -0.979195 -0.023591
vn -0.069415 0.996954 0.035556
vn 0.009964 0.999946 0.002965
vn -0.187797 -0.442592 -0.876838
vn -0.071607 0.629856 -0.773404
vn -0.147274 0.332835 -0.931414
vn -0.156351 0.156843 -0.975169
vn -0.167811 -0.028742 -0.985400
vn 0.072560 0.750417 -0.656970
vn 0.102395 0.551336 -0.827976
vn 0.044952 0.244515 -0.968603
vn -0.065002 -0.973154 -0.220783
vn 0.031891 0.048071 -0.998335
vn 0.014346 -0.148091 -0.988870
vn 0.243172 -0.213421 -0.946213
vn 0.163649 -0.543857 -0.823066
vn 0.212086 0.737588 -0.641079
vn 0.279484 0.526658 -0.802820
vn 0.286179 0.366149 -0.885458
vn 0.247351 0.220113 -0.943593
vn 0.225353 0.027244 -0.973896
vn 0.456866 0.342680 -0.820880
vn 0.422206 0.207158 -0.882512
vn 0.410076 0.008148 -0.912015
vn 0.415036 -0.236898 -0.878422
vn 0.373032 -0.404819 -0.834847
vn 0.313301 -0.560305 -0.766746
vn 0.348443 0.727520 -0.591018
vn 0.404531 0.553478 -0.728023
vn 0.518197 -0.428511 -0.740169
vn 0.442572 -0.573631 -0.689259
vn 0.470987 0.708000 -0.526220
vn 0.584119 0.495347 -0.642990
vn 0.620934 0.319138 -0.715955
vn 0.589174 0.185897 -0.786331
vn 0.578912 -0.013312 -0.815281
vn 0.748423 0.299454 -0.591769
vn 0.733916 0.163119 -0.659363
vn 0.725339 -0.036280 -0.687435
vn 0.706639 -0.280074 -0.649785
vn 0.642719 -0.449119 -0.620648
vn 0.555698 -0.592058 -0.583666
vn 0.577580 0.695215 -0.427876
vn 0.673887 0.514881 -0.529881
vn 0.739857 -0.472854 -0.478561
vn 0.646567 -0.611905 -0.455547
vn 0.665384 0.673973 -0.320973
vn 0.803221 0.457721 -0.381218
vn 0.859236 0.274186 -0.431898
vn 0.850848 0.139718 -0.506494
vn 0.843766 -0.059909 -0.533357
vn 0.935474 0.116591 -0.333610
vn 0.929620 -0.083280 -0.358986
vn 0.889867 -0.317139 -0.327964
vn 0.817851 -0.469775 -0.332311
vn 0.724925 -0.616621 -0.307021
vn 0.730450 0.655313 -0.192376
vn 0.873584 0.431364 -0.225336
vn 0.930155 0.256113 -0.263091
vn 0.744975 -0.644536 -0.172003
vn 0.767202 0.639059 -0.054817
vn 0.909365 0.412105 -0.056791
vn 0.968556 0.235300 -0.080828
vn 0.984551 0.094624 -0.147328
vn 0.979605 -0.105457 -0.171036
vn 0.928437 -0.344275 -0.139568
vn 0.860463 -0.476032 -0.181654
vn 0.991801 -0.125651 0.023291
vn 0.930250 -0.364532 0.041863
vn 0.851792 -0.523470 0.020725
vn 0.745777 -0.666156 -0.007246
vn 0.776308 0.624262 0.087420
vn 0.911459 0.394789 0.115693
vn 0.970522 0.216618 0.105658
vn 0.996185 0.074668 0.045160
vn 0.756076 0.612566 0.230458
vn 0.879763 0.380132 0.285510
vn 0.935978 0.200782 0.289192
vn 0.969930 0.057475 0.236502
vn 0.965739 -0.143046 0.216530
vn 0.896852 -0.380470 0.225608
vn 0.818184 -0.542176 0.191364
vn 0.723125 -0.675958 0.142022
vn 0.902428 -0.156958 0.401232
vn 0.828212 -0.392946 0.399573
vn 0.754344 -0.553733 0.352626
vn 0.667898 -0.686540 0.287359
vn 0.710163 0.604038 0.361672
vn 0.815511 0.368661 0.446129
vn 0.866247 0.188414 0.462727
vn 0.906804 0.043731 0.419279
vn 0.180656 0.972335 0.148079
vn 0.721175 0.360820 0.591367
vn 0.764007 0.179978 0.619597
vn 0.809215 0.033929 0.586533
vn 0.804291 -0.166903 0.570315
vn 0.726953 -0.401524 0.557061
vn 0.660276 -0.561654 0.498578
vn 0.585379 -0.693891 0.419340
vn 0.648704 0.588981 0.481959
vn 0.596983 -0.405831 0.692035
vn 0.539598 -0.565633 0.623613
vn 0.478740 -0.697708 0.532927
vn 0.539716 0.589968 0.600537
vn 0.600367 0.356939 0.715649
vn 0.633191 0.175815 0.753762
vn 0.680927 0.028482 0.731797
vn 0.152671 0.970421 0.187016
vn 0.675091 -0.172472 0.717291
vn 0.457735 0.357131 0.814209
vn 0.478838 0.176050 0.860070
vn 0.526874 0.027579 0.849496
vn 0.519821 -0.173440 0.836484
vn 0.443282 -0.405727 0.799304
vn 0.396946 -0.565517 0.722928
vn 0.352077 -0.697852 0.623734
vn 0.442060 0.583669 0.681112
vn 0.271767 -0.401205 0.874744
vn 0.237788 -0.561283 0.792729
vn 0.210273 -0.694331 0.688252
vn 0.297347 0.589293 0.751211
vn 0.298243 0.357491 0.885015
vn 0.306859 0.180721 0.934440
vn 0.352963 0.031251 0.935115
vn 0.344418 -0.169786 0.923336
vn 0.128703 0.187191 0.973856
vn 0.165879 0.039366 0.985360
vn 0.155648 -0.161640 0.974498
vn 0.089017 -0.392445 0.915458
vn 0.068277 -0.553142 0.830285
vn 0.058766 -0.687268 0.724023
vn 0.163818 0.604121 0.779872
vn 0.159966 0.408865 0.898465
vn -0.105211 -0.543995 0.832466
vn -0.099191 -0.677403 0.728894
vn 0.024589 0.608062 0.793508
vn -0.042863 0.387544 0.920854
vn -0.067058 0.198931 0.977717
vn -0.027192 0.051611 0.998297
vn -0.039251 -0.149315 0.988010
vn -0.218786 0.067524 0.973434
vn -0.232786 -0.133292 0.963350
vn -0.280601 -0.356329 0.891231
vn -0.266515 -0.508255 0.818930
vn -0.264034 -0.648807 0.713677
vn -0.120730 0.619852 0.775376
vn -0.213409 0.396355 0.892950
vn -0.246863 0.218585 0.944076
vn -0.392623 -0.647577 0.653063
vn -0.252125 0.633638 0.731393
vn -0.373980 0.413876 0.829967
vn -0.420352 0.237534 0.875718
vn -0.401613 0.086473 0.911718
vn -0.417515 -0.114189 0.901467
vn -0.459094 -0.341248 0.820233
vn -0.413809 -0.481598 0.772545
vn -0.568598 0.107745 0.815529
vn -0.586348 -0.092742 0.804733
vn -0.612784 -0.316429 0.724133
vn -0.576303 -0.468567 0.669566
vn -0.545097 -0.617370 0.567207
vn -0.378330 0.648195 0.660840
vn -0.518929 0.433303 0.736859
vn -0.576896 0.258550 0.774818
vn -0.637013 -0.611439 0.469422
vn -0.485650 0.665011 0.567366
vn -0.642696 0.453876 0.617202
vn -0.710485 0.280798 0.645262
vn -0.713326 0.130524 0.688571
vn -0.732777 -0.069756 0.676884
vn -0.750948 -0.298976 0.588804
vn -0.696257 -0.441264 0.566138
vn -0.851199 -0.046121 0.522813
vn -0.853899 -0.278978 0.439349
vn -0.806788 -0.443912 0.389918
vn -0.730395 -0.596477 0.332773
vn -0.572494 0.682294 0.454671
vn -0.740513 0.474810 0.475602
vn -0.815997 0.303434 0.492014
vn -0.830267 0.153924 0.535690
vn -0.635041 0.700668 0.325248
vn -0.807112 0.494797 0.322095
vn -0.890350 0.320141 0.323707
vn -0.914891 0.177048 0.362808
vn -0.937055 -0.022776 0.348438
vn -0.927419 -0.256199 0.272500
vn -0.871924 -0.433489 0.227675
vn -0.796178 -0.568553 0.206999
vn -0.988753 0.005556 0.149455
vn -0.974651 -0.188952 0.119803
vn -0.921525 -0.376865 0.093613
vn -0.677657 0.714341 0.174638
vn -0.814033 0.553410 0.176315
vn -0.906205 0.384126 0.176749
vn -0.963765 0.200868 0.175524
vn -0.051967 0.991616 0.118312
vn -0.846148 0.532717 -0.015688
vn -0.930101 0.364697 -0.043689
vn -0.388027 -0.912123 -0.132165
vn -0.976661 0.214433 -0.012354
vn -0.221552 -0.974961 -0.019106
vn -0.999608 0.017775 -0.021629
vn -0.185824 0.974657 0.124549
vn -0.972556 -0.212886 -0.093883
vn -0.372937 0.927300 0.032148
vn -0.914155 -0.390743 -0.107894
vn -0.834624 -0.539929 -0.108991
vn -0.700557 0.711334 0.056781
vn -0.937632 -0.201236 -0.283462
vn -0.882542 -0.375801 -0.282654
vn -0.810076 -0.524518 -0.262026
vn -0.697797 0.701584 -0.144427
vn -0.817977 0.539896 -0.198560
vn -0.895200 0.380921 -0.231336
vn -0.949345 0.236152 -0.207306
vn -0.973172 0.036986 -0.227088
vn -0.828447 0.391025 -0.400968
vn -0.347419 -0.900848 -0.260333
vn -0.886219 0.249911 -0.390077
vn -0.148045 0.988980 -0.001181
vn -0.909855 0.050921 -0.411790
vn -0.868991 -0.188753 -0.457414
vn -0.314560 0.939254 -0.137307
vn -0.818693 -0.364249 -0.443919
vn -0.754668 -0.513899 -0.407902
vn -0.642965 0.705982 -0.296960
vn -0.740481 0.593111 -0.316079
vn -0.724631 -0.356328 -0.589864
vn -0.671872 -0.506528 -0.540387
vn -0.563281 0.714160 -0.415560
vn -0.655111 0.567269 -0.499034
vn -0.722085 0.398336 -0.565617
vn -0.788624 0.259684 -0.557348
vn -0.811714 0.060851 -0.580877
vn -0.596756 0.403859 -0.693383
vn -0.242875 -0.898630 -0.365344
vn -0.660341 0.265148 -0.702600
vn -0.682528 0.066419 -0.727836
vn -0.637766 -0.175872 -0.749882
vn -0.205025 0.947192 -0.246562
vn -0.603955 -0.352347 -0.714905
vn -0.564868 -0.502693 -0.654388
vn -0.451226 0.715983 -0.532694
vn -0.538962 0.605747 -0.585313
vn -0.460761 -0.355415 -0.813252
vn -0.435191 -0.503533 -0.746367
vn -0.330113 0.714590 -0.616755
vn -0.389868 0.575590 -0.718818
vn -0.435681 0.402090 -0.805299
vn -0.506276 0.266058 -0.820303
vn 0.007079 0.999974 -0.001385
vn -0.527258 0.067395 -0.847028
vn -0.037087 0.991699 -0.123117
vn -0.159911 -0.913816 -0.373321
vn -0.332381 0.262385 -0.905912
vn -0.351851 0.063728 -0.933884
vn -0.022857 0.979548 -0.199906
vn -0.313598 -0.172500 -0.933756
vn -0.314290 -0.335127 -0.888207
vn -0.112371 0.833009 -0.541728
vn -0.290247 -0.495173 -0.818877
vn -0.195234 0.713532 -0.672872
vn -0.234013 -0.657451 -0.716237
vn -0.241629 0.566701 -0.787696
vn -0.270580 0.396635 -0.877192
vn -0.171865 -0.548079 -0.818579
vn -0.082287 0.764112 -0.639813
vn -0.080160 0.568563 -0.818725
vn -0.160984 -0.178564 -0.970669
f 103//103 2//2 6//6
f 104//104 3//3 106//106
f 140//140 103//103 7//7
f 3//3 140//140 105//105
f 2//2 108//108 6//6
f 106//106 105//105 109//109
f 108//108 107//107 5//5
f 105//105 7//7 141//141
f 105//105 141//141 11//11
f 6//6 9//9 10//10
f 10//10 9//9 110//110
f 109//109 11//11 16//16
f 109//109 16//16 17//17
f 141//141 10//10 142//142
f 141//141 142//142 15//15
f 142//142 14//14 21//21
f 111//111 17//17 112//112
f 15//15 142//142 22//22
f 17//17 15//15 23//23
f 14//14 143//143 20//20
f 23//23 22//22 28//28
f 20//20 144//144 25//25
f 21//21 20//20 26//26
f 112//112 23//23 29//29
f 22//22 21//21 27//27
f 67//67 135//135 144//144
f 113//113 29//29 34//34
f 29//29 28//28 33//33
f 29//29 33//33 34//34
f 26//26 25//25 145//145
f 26//26 145//145 32//32
f 34//34 33//33 39//39
f 32//32 146//146 36//36
f 147//147 32//32 37//37
f 115//115 34//34 114//114
f 67//67 136//136 146//146
f 33//33 26//26 147//147
f 33//33 147//147 149//149
f 116//116 114//114 118//118
f 149//149 38//38 42//42
f 37//37 36//36 148//148
f 37//37 148//148 151//151
f 114//114 39//39 149//149
f 114//114 149//149 43//43
f 37//37 151//151 150//150
f 118//118 43//43 117//117
f 42//42 37//37 47//47
f 42//42 47//47 48//48
f 150//150 151//151 120//120
f 119//119 117//117 121//121
f 48//48 47//47 52//52
f 117//117 42//42 53//53
f 47//47 46//46 152//152
f 47//47 152//152 51//51
f 121//121 53//53 59//59
f 121//121 59//59 125//125
f 153//153 51//51 57//57
f 53//53 52//52 153//153
f 59//59 153//153 58//58
f 51//51 126//126 56//56
f 58//58 57//57 80//80
f 154//154 58//58 84//84
f 155//155 126//126 74//74
f 125//125 59//59 154//154
f 125//125 154//154 124//124
f 57//57 56//56 155//155
f 57//57 155//155 78//78
f 81//81 76//76 90//90
f 88//88 87//87 156//156
f 83//83 81//81 92//92
f 87//87 83//83 93//93
f 156//156 93//93 94//94
f 93//93 92//92 97//97
f 94//94 93//93 158//158
f 91//91 90//90 128//128
f 92//92 91//91 159//159
f 131//131 94//94 130//130
f 131//131 130//130 139//139
f 97//97 159//159 160//160
f 158//158 97//97 161//161
f 130//130 161//161 101//101
f 160//160 128//128 162//162
f 160//160 162//162 100//100
f 165//165 163//163 140//140
f 137//137 164//164 134//134
f 101//101 161//161 165//165
f 138//138 165//165 140//140
f 132//132 137//137 134//134
f 100//100 164//164 132//132
f 167//167 132//132 134//134
f 166//166 138//138 140//140
f 133//133 167//167 2//2
f 168//168 166//166 3//3
f 139//139 168//168 3//3
f 169//169 133//133 2//2
f 170//170 169//169 2//2
f 129//129 139//139 3//3
f 161//161 100//100 170//170
f 163//163 170//170 103//103
f 273//273 172//172 176//176
f 274//274 173//173 276//276
f 310//310 273//273 177//177
f 173//173 310//310 275//275
f 172//172 278//278 176//176
f 276//276 275//275 279//279
f 278//278 277//277 175//175
f 275//275 177//177 311//311
f 275//275 311//311 181//181
f 176//176 179//179 180//180
f 180//180 179//179 280//280
f 279//279 181//181 186//186
f 279//279 186//186 187//187
f 311//311 180//180 312//312
f 311//311 312//312 185//185
f 312//312 184//184 191//191
f 281//281 187//187 282//282
f 185//185 312//312 192//192
f 187//187 185//185 193//193
f 184//184 313//313 190//190
f 193//193 192//192 198//198
f 190//190 314//314 195//195
f 191//191 190//190 196//196
f 282//282 193//193 199//199
f 192//192 191//191 197//197
f 232//232 305//305 314//314
f 283//283 199//199 204//204
f 199//199 198//198 203//203
f 199//199 203//203 204//204
f 196//196 195//195 315//315
f 196//196 315//315 202//202
f 204//204 203//203 209//209
f 202//202 316//316 206//206
f 317//317 202//202 207//207
f 285//285 204//204 284//284
f 232//232 306//306 316//316
f 203//203 196//196 317//317
f 203//203 317//317 319//319
f 286//286 284//284 288//288
f 319//319 208//208 212//212
f 207//207 206//206 318//318
f 207//207 318//318 321//321
f 284//284 209//209 319//319
f 284//284 319//319 213//213
f 207//207 321//321 320//320
f 288//288 213//213 287//287
f 212//212 207//207 217//217
f 212//212 217//217 218//218
f 320//320 321//321 290//290
f 289//289 287//287 291//291
f 218//218 217//217 222//222
f 287//287 212//212 223//223
f 217//217 216//216 322//322
f 217//217 322//322 221//221
f 291//291 223//223 229//229
f 291//291 229//229 295//295
f 323//323 221//221 227//227
f 223//223 222//222 323//323
f 229//229 323//323 228//228
f 221//221 296//296 226//226
f 228//228 227//227 250//250
f 324//324 228//228 254//254
f 325//325 296//296 244//244
f 295//295 229//229 324//324
f 295//295 324//324 294//294
f 227//227 226//226 325//325
f 227//227 325//325 248//248
f 251//251 246//246 326//326
f 258//258 257//257 327//327
f 253//253 251//251 261//261
f 326//326 328//328 298//298
f 257//257 253//253 262//262
f 327//327 262//262 263//263
f 262//262 261//261 267//267
f 263//263 262//262 329//329
f 261//261 260//260 330//330
f 267//267 330//330 266//266
f 301//301 263//263 300//300
f 301//301 300//300 309//309
f 267//267 266//266 331//331
f 329//329 267//267 332//332
f 300//300 332//332 271//271
f 331//331 330//330 333//333
f 331//331 333//333 270//270
f 336//336 334//334 310//310
f 307//307 335//335 304//304
f 271//271 332//332 336//336
f 308//308 336//336 310//310
f 302//302 307//307 304//304
f 270//270 335//335 302//302
f 338//338 302//302 304//304
f 337//337 308//308 310//310
f 303//303 338//338 172//172
f 339//339 337//337 173//173
f 309//309 339//339 173//173
f 340//340 303//303 172//172
f 341//341 340//340 172//172
f 299//299 309//309 173//173
f 332//332 270//270 341//341
f 334//334 341//341 273//273
f 446//446 344//344 348//348
f 447//447 345//345 449//449
f 482//482 446//446 349//349
f 345//345 482//482 448//448
f 344//344 343//343 483//483
f 344//344 483//483 348//348
f 449//449 448//448 451//451
f 448//448 349//349 484//484
f 448//448 484//484 354//354
f 348//348 352//352 353//353
f 353//353 352//352 452//452
f 451//451 354//354 359//359
f 451//451 359//359 360//360
f 484//484 353//353 485//485
f 484//484 485//485 358//358
f 485//485 357//357 364//364
f 453//453 360//360 454//454
f 358//358 485//485 365//365
f 360//360 358//358 366//366
f 357//357 486//486 363//363
f 366//366 365//365 371//371
f 363//363 487//487 368//368
f 364//364 363//363 369//369
f 454//454 366//366 372//372
f 365//365 364//364 370//370
f 406//406 475//475 487//487
f 455//455 372//372 377//377
f 372//372 371//371 376//376
f 372//372 376//376 377//377
f 369//369 368//368 488//488
f 369//369 488//488 375//375
f 377//377 376//376 382//382
f 375//375 489//489 379//379
f 490//490 375//375 380//380
f 457//457 377//377 456//456
f 406//406 476//476 489//489
f 376//376 369//369 490//490
f 376//376 490//490 492//492
f 458//458 456//456 460//460
f 492//492 381//381 385//385
f 380//380 379//379 491//491
f 380//380 491//491 494//494
f 456//456 382//382 492//492
f 456//456 492//492 386//386
f 380//380 494//494 493//493
f 460//460 386//386 459//459
f 385//385 380//380 390//390
f 385//385 390//390 391//391
f 493//493 494//494 462//462
f 461//461 459//459 463//463
f 391//391 390//390 395//395
f 459//459 385//385 396//396
f 390//390 389//389 495//495
f 390//390 495//495 394//394
f 463//463 396//396 402//402
f 463//463 402//402 467//467
f 496//496 394//394 400//400
f 396//396 395//395 496//496
f 402//402 496//496 401//401
f 394//394 468//468 399//399
f 401//401 400//400 423//423
f 497//497 401//401 426//426
f 498//498 468//468 417//417
f 467//467 402//402 497//497
f 467//467 497//497 466//466
f 400//400 399//399 498//498
f 400//400 498//498 421//421
f 424//424 418//418 499//499
f 432//432 430//430 500//500
f 427//427 424//424 434//434
f 499//499 501//501 470//470
f 430//430 427//427 435//435
f 500//500 435//435 436//436
f 435//435 434//434 440//440
f 436//436 435//435 502//502
f 434//434 433//433 503//503
f 440//440 503//503 439//439
f 473//473 436//436 472//472
f 473//473 472//472 480//480
f 440//440 439//439 504//504
f 502//502 440//440 505//505
f 472//472 505//505 444//444
f 504//504 503//503 506//506
f 504//504 506//506 479//479
f 509//509 507//507 482//482
f 508//508 477//477 342//342
f 444//444 505//505 509//509
f 478//478 509//509 482//482
f 479//479 508//508 483//483
f 510//510 478//478 482//482
f 474//474 479//479 343//343
f 511//511 510//510 345//345
f 480//480 511//511 345//345
f 481//481 474//474 344//344
f 512//512 481//481 344//344
f 471//471 480//480 345//345
f 505//505 443//443 512//512
f 507//507 512//512 446//446
f 618//618 514//514 519//519
f 619//619 515//515 621//621
f 653//653 618//618 520//520
f 515//515 653//653 620//620
f 514//514 518//518 519//519
f 621//621 620//620 622//622
f 620//620 520//520 654//654
f 620//620 654//654 524//524
f 519//519 518//518 655//655
f 519//519 655//655 523//523
f 622//622 524//524 529//529
f 622//622 529//529 530//530
f 654//654 523//523 656//656
f 654//654 656//656 528//528
f 656//656 527//527 534//534
f 624//624 530//530 625//625
f 528//528 656//656 535//535
f 530//530 528//528 536//536
f 527//527 657//657 533//533
f 536//536 535//535 541//541
f 533//533 658//658 538//538
f 534//534 533//533 539//539
f 625//625 536//536 542//542
f 535//535 534//534 540//540
f 584//584 648//648 658//658
f 626//626 542//542 547//547
f 542//542 541//541 546//546
f 542//542 546//546 547//547
f 539//539 538//538 659//659
f 539//539 659//659 545//545
f 547//547 546//546 552//552
f 545//545 660//660 549//549
f 661//661 545//545 550//550
f 628//628 547//547 627//627
f 584//584 649//649 660//660
f 546//546 539//539 661//661
f 546//546 661//661 663//663
f 629//629 627//627 631//631
f 663//663 551//551 555//555
f 550//550 549//549 662//662
f 550//550 662//662 665//665
f 627//627 552//552 663//663
f 627//627 663//663 556//556
f 550//550 665//665 664//664
f 631//631 556//556 630//630
f 555//555 550//550 560//560
f 555//555 560//560 561//561
f 664//664 665//665 633//633
f 632//632 630//630 634//634
f 561//561 560//560 565//565
f 630//630 555//555 566//566
f 560//560 559//559 666//666
f 560//560 666//666 564//564
f 634//634 566//566 572//572
f 634//634 572//572 638//638
f 667//667 564//564 570//570
f 566//566 565//565 667//667
f 572//572 667//667 571//571
f 564//564 639//639 569//569
f 571//571 570//570 596//596
f 668//668 571//571 599//599
f 669//669 639//639 589//589
f 638//638 572//572 668//668
f 638//638 668//668 637//637
f 570//570 569//569 669//669
f 570//570 669//669 593//593
f 595//595 591//591 670//670
f 604//604 602//602 671//671
f 598//598 595//595 606//606
f 670//670 672//672 641//641
f 602//602 598//598 607//607
f 671//671 607//607 608//608
f 607//607 606//606 612//612
f 608//608 607//607 673//673
f 606//606 605//605 674//674
f 612//612 674//674 611//611
f 644//644 608//608 643//643
f 644//644 643//643 652//652
f 612//612 611//611 675//675
f 673//673 612//612 676//676
f 643//643 676//676 616//616
f 675//675 674//674 677//677
f 675//675 677//677 615//615
f 680//680 678//678 653//653
f 650//650 679//679 647//647
f 616//616 676//676 680//680
f 651//651 680//680 653//653
f 645//645 650//650 647//647
f 615//615 679//679 645//645
f 682//682 645//645 647//647
f 681//681 651//651 653//653
f 646//646 682//682 514//514
f 683//683 681//681 515//515
f 652//652 683//683 515//515
f 684//684 646//646 514//514
f 685//685 684//684 514//514
f 642//642 652//652 515//515
f 676//676 615//615 685//685
f 678//678 685//685 618//618
f 788//788 687//687 691//691
f 789//789 688//688 791//791
f 825//825 788//788 692//692
f 688//688 825//825 790//790
f 687//687 793//793 691//691
f 791//791 790//790 794//794
f 793//793 792//792 690//690
f 790//790 692//692 826//826
f 790//790 826//826 696//696
f 691//691 694//694 695//695
f 695//695 694//694 795//795
f 794//794 696//696 701//701
f 794//794 701//701 702//702
f 826//826 695//695 827//827
f 826//826 827//827 700//700
f 827//827 699//699 706//706
f 796//796 702//702 797//797
f 700//700 827//827 707//707
f 702//702 700//700 708//708
f 699//699 828//828 705//705
f 708//708 707//707 713//713
f 705//705 829//829 710//710
f 706//706 705//705 711//711
f 797//797 708//708 714//714
f 707//707 706//706 712//712
f 752//752 820//820 829//829
f 798//798 714//714 719//719
f 714//714 713//713 718//718
f 714//714 718//718 719//719
f 711//711 710//710 830//830
f 711//711 830//830 717//717
f 719//719 718//718 724//724
f 717//717 831//831 721//721
f 832//832 717//717 722//722
f 800//800 719//719 799//799
f 752//752 821//821 831//831
f 718//718 711//711 832//832
f 718//718 832//832 834//834
f 801//801 799//799 803//803
f 834//834 723//723 727//727
f 722//722 721//721 833//833
f 722//722 833//833 836//836
f 799//799 724//724 834//834
f 799//799 834//834 728//728
f 722//722 836//836 835//835
f 803//803 728//728 802//802
f 727//727 722//722 732//732
f 727//727 732//732 733//733
f 835//835 836//836 805//805
f 804//804 802//802 806//806
f 733//733 732//732 737//737
f 802//802 727//727 738//738
f 732//732 731//731 837//837
f 732//732 837//837 736//736
f 806//806 738//738 744//744
f 806//806 744//744 810//810
f 838//838 736//736 742//742
f 738//738 737//737 838//838
f 744//744 838//838 743//743
f 736//736 811//811 741//741
f 743//743 742//742 765//765
f 839//839 743//743 768//768
f 840//840 811//811 759//759
f 810//810 744//744 839//839
f 810//810 839//839 809//809
f 742//742 741//741 840//840
f 742//742 840//840 763//763
f 766//766 761//761 841//841
f 773//773 772//772 842//842
f 769//769 766//766 776//776
f 841//841 843//843 813//813
f 772//772 769//769 777//777
f 842//842 777//777 778//778
f 777//777 776//776 782//782
f 778//778 777//777 844//844
f 776//776 775//775 845//845
f 782//782 845//845 781//781
f 816//816 778//778 815//815
f 816//816 815//815 824//824
f 782//782 781//781 846//846
f 844//844 782//782 847//847
f 815//815 847//847 786//786
f 846//846 845//845 848//848
f 846//846 848//848 785//785
f 851//851 849//849 825//825
f 822//822 850//850 819//819
f 786//786 847//847 851//851
f 823//823 851//851 825//825
f 817//817 822//822 819//819
f 785//785 850//850 817//817
f 853//853 817//817 819//819
f 852//852 823//823 825//825
f 818//818 853//853 687//687
f 854//854 852//852 688//688
f 824//824 854//854 688//688
f 855//855 818//818 687//687
f 856//856 855//855 687//687
f 814//814 824//824 688//688
f 847//847 785//785 856//856
f 849//849 856//856 788//788
f 959//959 858//858 862//862
f 960//960 859//859 962//962
f 996//996 959//959 863//863
f 859//859 996//996 961//961
f 858//858 964//964 862//862
f 962//962 961//961 965//965
f 964//964 963//963 861//861
f 961//961 863//863 997//997
f 961//961 997//997 867//867
f 862//862 865//865 866//866
f 866//866 865//865 966//966
f 965//965 867//867 872//872
f 965//965 872//872 873//873
f 997//997 866//866 998//998
f 997//997 998//998 871//871
f 998//998 870//870 877//877
f 967//967 873//873 968//968
f 871//871 998//998 878//878
f 873//873 871//871 879//879
f 870//870 999//999 876//876
f 879//879 878//878 884//884
f 876//876 1000//1000 881//881
f 877//877 876//876 882//882
f 968//968 879//879 885//885
f 878//878 877//877 883//883
f 922//922 991//991 1000//1000
f 969//969 885//885 890//890
f 885//885 884//884 889//889
f 885//885 889//889 890//890
f 882//882 881//881 1001//1001
f 882//882 1001//1001 888//888
f 890//890 889//889 895//895
f 888//888 1002//1002 892//892
f 1003//1003 888//888 893//893
f 971//971 890//890 970//970
f 922//922 992//992 1002//1002
f 889//889 882//882 1003//1003
f 889//889 1003//1003 1005//1005
f 972//972 970//970 974//974
f 1005//1005 894//894 898//898
f 893//893 892//892 1004//1004
f 893//893 1004//1004 1007//1007
f 970//970 895//895 1005//1005
f 970//970 1005//1005 899//899
f 893//893 1007//1007 1006//1006
f 974//974 899//899 973//973
f 898//898 893//893 903//903
f 898//898 903//903 904//904
f 1006//1006 1007//1007 976//976
f 975//975 973//973 977//977
f 904//904 903//903 908//908
f 973//973 898//898 909//909
f 903//903 902//902 1008//1008
f 903//903 1008//1008 907//907
f 977//977 909//909 915//915
f 977//977 915//915 981//981
f 1009//1009 907//907 913//913
f 909//909 908//908 1009//1009
f 915//915 1009//1009 914//914
f 907//907 982//982 912//912
f 914//914 913//913 936//936
f 1010//1010 914//914 940//940
f 1011//1011 982//982 930//930
f 981//981 915//915 1010//1010
f 981//981 1010//1010 980//980
f 913//913 912//912 1011//1011
f 913//913 1011//1011 934//934
f 937//937 931//931 946//946
f 944//944 943//943 1012//1012
f 939//939 937//937 948//948
f 943//943 939//939 949//949
f 1012//1012 949//949 950//950
f 949//949 948//948 953//953
f 950//950 949//949 1014//1014
f 947//947 946//946 984//984
f 948//948 947//947 1015//1015
f 987//987 950//950 986//986
f 987//987 986//986 995//995
f 953//953 1015//1015 1016//1016
f 1014//1014 953//953 1017//1017
f 986//986 1017//1017 957//957
f 1016//1016 984//984 1018//1018
f 1016//1016 1018//1018 956//956
f 1021//1021 1019//1019 996//996
f 993//993 1020//1020 990//990
f 957//957 1017//1017 1021//1021
f 994//994 1021//1021 996//996
f 988//988 993//993 990//990
f 956//956 1020//1020 988//988
f 1023//1023 988//988 990//990
f 1022//1022 994//994 996//996
f 989//989 1023//1023 858//858
f 1024//1024 1022//1022 859//859
f 995//995 1024//1024 859//859
f 1025//1025 989//989 858//858
f 1026//1026 1025//1025 858//858
f 985//985 995//995 859//859
f 1017//1017 956//956 1026//1026
f 1019//1019 1026//1026 959//959
f 105//105 106//106 3//3
f 106//106 8//8 104//104
f 6//6 7//7 103//103
f 134//134 1//1 69//69
f 134//134 69//69 5//5
f 104//104 8//8 4//4
f 5//5 107//107 134//134
f 107//107 108//108 134//134
f 7//7 105//105 140//140
f 134//134 108//108 2//2
f 11//11 109//109 105//105
f 109//109 12//12 106//106
f 6//6 141//141 7//7
f 10//10 141//141 6//6
f 106//106 12//12 8//8
f 5//5 110//110 108//108
f 110//110 9//9 108//108
f 108//108 9//9 6//6
f 110//110 5//5 13//13
f 109//109 18//18 12//12
f 13//13 143//143 110//110
f 141//141 16//16 11//11
f 15//15 16//16 141//141
f 143//143 14//14 110//110
f 110//110 14//14 10//10
f 14//14 142//142 10//10
f 17//17 111//111 109//109
f 111//111 18//18 109//109
f 20//20 21//21 14//14
f 23//23 112//112 17//17
f 112//112 24//24 111//111
f 21//21 22//22 142//142
f 143//143 13//13 66//66
f 143//143 66//66 19//19
f 111//111 24//24 18//18
f 19//19 144//144 143//143
f 15//15 17//17 16//16
f 22//22 23//23 15//15
f 144//144 20//20 143//143
f 27//27 28//28 22//22
f 135//135 145//145 144//144
f 145//145 25//25 144//144
f 28//28 29//29 23//23
f 25//25 26//26 20//20
f 26//26 27//27 21//21
f 29//29 113//113 112//112
f 113//113 30//30 112//112
f 144//144 19//19 67//67
f 112//112 30//30 24//24
f 34//34 115//115 113//113
f 115//115 35//35 113//113
f 145//145 135//135 70//70
f 145//145 70//70 31//31
f 113//113 35//35 30//30
f 27//27 33//33 28//28
f 26//26 33//33 27//27
f 31//31 146//146 145//145
f 146//146 32//32 145//145
f 136//136 148//148 146//146
f 148//148 36//36 146//146
f 149//149 39//39 33//33
f 36//36 37//37 32//32
f 39//39 114//114 34//34
f 32//32 147//147 26//26
f 37//37 38//38 147//147
f 114//114 40//40 115//115
f 146//146 31//31 67//67
f 115//115 40//40 35//35
f 38//38 149//149 147//147
f 114//114 116//116 40//40
f 43//43 118//118 114//114
f 118//118 44//44 116//116
f 148//148 136//136 65//65
f 148//148 65//65 41//41
f 116//116 44//44 40//40
f 37//37 42//42 38//38
f 41//41 151//151 148//148
f 42//42 43//43 149//149
f 120//120 46//46 150//150
f 42//42 117//117 43//43
f 150//150 47//47 37//37
f 46//46 47//47 150//150
f 117//117 49//49 118//118
f 151//151 41//41 45//45
f 118//118 49//49 44//44
f 45//45 120//120 151//151
f 53//53 121//121 117//117
f 51//51 52//52 47//47
f 117//117 119//119 49//49
f 121//121 54//54 119//119
f 120//120 45//45 71//71
f 120//120 71//71 50//50
f 119//119 54//54 49//49
f 50//50 126//126 120//120
f 48//48 53//53 42//42
f 52//52 53//53 48//48
f 126//126 152//152 120//120
f 120//120 152//152 46//46
f 51//51 153//153 52//52
f 56//56 57//57 51//51
f 125//125 60//60 121//121
f 126//126 50//50 55//55
f 121//121 60//60 54//54
f 57//57 58//58 153//153
f 153//153 59//59 53//53
f 126//126 51//51 152//152
f 124//124 89//89 125//125
f 79//79 80//80 57//57
f 126//126 55//55 61//61
f 126//126 61//61 72//72
f 125//125 89//89 60//60
f 80//80 82//82 58//58
f 72//72 122//122 126//126
f 122//122 73//73 126//126
f 82//82 84//84 58//58
f 73//73 123//123 126//126
f 123//123 74//74 126//126
f 58//58 154//154 59//59
f 84//84 85//85 154//154
f 126//126 155//155 56//56
f 74//74 75//75 155//155
f 85//85 86//86 154//154
f 75//75 77//77 155//155
f 77//77 78//78 155//155
f 86//86 124//124 154//154
f 78//78 79//79 57//57
f 90//90 92//92 81//81
f 91//91 92//92 90//90
f 94//94 131//131 156//156
f 131//131 95//95 156//156
f 157//157 76//76 62//62
f 156//156 95//95 88//88
f 92//92 93//93 83//83
f 62//62 128//128 157//157
f 157//157 90//90 76//76
f 128//128 90//90 157//157
f 93//93 156//156 87//87
f 128//128 62//62 64//64
f 128//128 64//64 96//96
f 127//127 98//98 95//95
f 97//97 158//158 93//93
f 96//96 162//162 128//128
f 128//128 159//159 91//91
f 128//128 160//160 159//159
f 158//158 130//130 94//94
f 159//159 97//97 92//92
f 131//131 127//127 95//95
f 131//131 98//98 127//127
f 101//101 139//139 130//130
f 139//139 129//129 131//131
f 129//129 102//102 131//131
f 160//160 161//161 97//97
f 100//100 161//161 160//160
f 162//162 96//96 68//68
f 162//162 68//68 99//99
f 131//131 102//102 98//98
f 99//99 164//164 162//162
f 161//161 130//130 158//158
f 164//164 100//100 162//162
f 164//164 99//99 63//63
f 164//164 63//63 1//1
f 129//129 4//4 102//102
f 163//163 165//165 161//161
f 103//103 140//140 163//163
f 1//1 134//134 164//164
f 165//165 138//138 101//101
f 137//137 132//132 164//164
f 132//132 167//167 100//100
f 134//134 2//2 167//167
f 138//138 166//166 101//101
f 140//140 3//3 166//166
f 167//167 133//133 100//100
f 168//168 139//139 101//101
f 166//166 168//168 101//101
f 169//169 170//170 100//100
f 133//133 169//169 100//100
f 2//2 103//103 170//170
f 3//3 104//104 129//129
f 104//104 4//4 129//129
f 170//170 163//163 161//161
f 275//275 276//276 173//173
f 276//276 178//178 274//274
f 176//176 177//177 273//273
f 304//304 171//171 233//233
f 304//304 233//233 175//175
f 274//274 178//178 174//174
f 175//175 277//277 304//304
f 277//277 278//278 304//304
f 177//177 275//275 310//310
f 304//304 278//278 172//172
f 181//181 279//279 275//275
f 279//279 182//182 276//276
f 176//176 311//311 177//177
f 180//180 311//311 176//176
f 276//276 182//182 178//178
f 175//175 280//280 278//278
f 280//280 179//179 278//278
f 278//278 179//179 176//176
f 280//280 175//175 183//183
f 279//279 188//188 182//182
f 183//183 313//313 280//280
f 311//311 186//186 181//181
f 185//185 186//186 311//311
f 313//313 184//184 280//280
f 280//280 184//184 180//180
f 184//184 312//312 180//180
f 187//187 281//281 279//279
f 281//281 188//188 279//279
f 190//190 191//191 184//184
f 193//193 282//282 187//187
f 282//282 194//194 281//281
f 191//191 192//192 312//312
f 313//313 183//183 237//237
f 313//313 237//237 189//189
f 281//281 194//194 188//188
f 189//189 314//314 313//313
f 185//185 187//187 186//186
f 192//192 193//193 185//185
f 314//314 190//190 313//313
f 197//197 198//198 192//192
f 305//305 315//315 314//314
f 315//315 195//195 314//314
f 198//198 199//199 193//193
f 195//195 196//196 190//190
f 196//196 197//197 191//191
f 199//199 283//283 282//282
f 283//283 200//200 282//282
f 314//314 189//189 232//232
f 282//282 200//200 194//194
f 204//204 285//285 283//283
f 285//285 205//205 283//283
f 315//315 305//305 231//231
f 315//315 231//231 201//201
f 283//283 205//205 200//200
f 197//197 203//203 198//198
f 196//196 203//203 197//197
f 201//201 316//316 315//315
f 316//316 202//202 315//315
f 306//306 318//318 316//316
f 318//318 206//206 316//316
f 319//319 209//209 203//203
f 206//206 207//207 202//202
f 209//209 284//284 204//204
f 202//202 317//317 196//196
f 207//207 208//208 317//317
f 284//284 210//210 285//285
f 316//316 201//201 232//232
f 285//285 210//210 205//205
f 208//208 319//319 317//317
f 284//284 286//286 210//210
f 213//213 288//288 284//284
f 288//288 214//214 286//286
f 318//318 306//306 236//236
f 318//318 236//236 211//211
f 286//286 214//214 210//210
f 207//207 212//212 208//208
f 211//211 321//321 318//318
f 212//212 213//213 319//319
f 290//290 216//216 320//320
f 212//212 287//287 213//213
f 320//320 217//217 207//207
f 216//216 217//217 320//320
f 287//287 219//219 288//288
f 321//321 211//211 215//215
f 288//288 219//219 214//214
f 215//215 290//290 321//321
f 223//223 291//291 287//287
f 221//221 222//222 217//217
f 287//287 289//289 219//219
f 291//291 224//224 289//289
f 290//290 215//215 239//239
f 290//290 239//239 220//220
f 289//289 224//224 219//219
f 220//220 296//296 290//290
f 218//218 223//223 212//212
f 222//222 223//223 218//218
f 296//296 322//322 290//290
f 290//290 322//322 216//216
f 221//221 323//323 222//222
f 226//226 227//227 221//221
f 295//295 230//230 291//291
f 296//296 220//220 225//225
f 291//291 230//230 224//224
f 227//227 228//228 323//323
f 323//323 229//229 223//223
f 296//296 221//221 322//322
f 294//294 259//259 295//295
f 249//249 250//250 227//227
f 296//296 225//225 241//241
f 296//296 241//241 242//242
f 295//295 259//259 230//230
f 250//250 252//252 228//228
f 242//242 292//292 296//296
f 292//292 243//243 296//296
f 252//252 254//254 228//228
f 243//243 293//293 296//296
f 293//293 244//244 296//296
f 228//228 324//324 229//229
f 254//254 255//255 324//324
f 296//296 325//325 226//226
f 244//244 245//245 325//325
f 255//255 256//256 324//324
f 245//245 247//247 325//325
f 247//247 248//248 325//325
f 256//256 294//294 324//324
f 248//248 249//249 227//227
f 298//298 260//260 326//326
f 260//260 261//261 326//326
f 326//326 261//261 251//251
f 263//263 301//301 327//327
f 301//301 264//264 327//327
f 328//328 246//246 235//235
f 327//327 264//264 258//258
f 261//261 262//262 253//253
f 235//235 298//298 328//328
f 328//328 326//326 246//246
f 262//262 327//327 257//257
f 298//298 235//235 234//234
f 298//298 234//234 265//265
f 297//297 268//268 264//264
f 267//267 329//329 262//262
f 265//265 333//333 298//298
f 333//333 330//330 298//298
f 298//298 330//330 260//260
f 329//329 300//300 263//263
f 331//331 266//266 330//330
f 330//330 267//267 261//261
f 301//301 297//297 264//264
f 301//301 268//268 297//297
f 271//271 309//309 300//300
f 309//309 299//299 301//301
f 299//299 272//272 301//301
f 331//331 332//332 267//267
f 270//270 332//332 331//331
f 333//333 265//265 240//240
f 333//333 240//240 269//269
f 301//301 272//272 268//268
f 269//269 335//335 333//333
f 332//332 300//300 329//329
f 335//335 270//270 333//333
f 335//335 269//269 238//238
f 335//335 238//238 171//171
f 299//299 174//174 272//272
f 334//334 336//336 332//332
f 273//273 310//310 334//334
f 171//171 304//304 335//335
f 336//336 308//308 271//271
f 307//307 302//302 335//335
f 302//302 338//338 270//270
f 304//304 172//172 338//338
f 308//308 337//337 271//271
f 310//310 173//173 337//337
f 338//338 303//303 270//270
f 339//339 309//309 271//271
f 337//337 339//339 271//271
f 340//340 341//341 270//270
f 303//303 340//340 270//270
f 172//172 273//273 341//341
f 173//173 274//274 299//299
f 274//274 174//174 299//299
f 341//341 334//334 332//332
f 448//448 449//449 345//345
f 449//449 350//350 447//447
f 348//348 349//349 446//446
f 483//483 342//342 410//410
f 483//483 410//410 347//347
f 447//447 350//350 346//346
f 347//347 450//450 483//483
f 349//349 448//448 482//482
f 450//450 348//348 483//483
f 354//354 451//451 448//448
f 451//451 355//355 449//449
f 348//348 484//484 349//349
f 353//353 484//484 348//348
f 450//450 347//347 409//409
f 450//450 409//409 351//351
f 449//449 355//355 350//350
f 351//351 452//452 450//450
f 452//452 352//352 450//450
f 450//450 352//352 348//348
f 452//452 351//351 356//356
f 451//451 361//361 355//355
f 356//356 486//486 452//452
f 484//484 359//359 354//354
f 358//358 359//359 484//484
f 486//486 357//357 452//452
f 452//452 357//357 353//353
f 357//357 485//485 353//353
f 360//360 453//453 451//451
f 453//453 361//361 451//451
f 363//363 364//364 357//357
f 366//366 454//454 360//360
f 454//454 367//367 453//453
f 364//364 365//365 485//485
f 486//486 356//356 408//408
f 486//486 408//408 362//362
f 453//453 367//367 361//361
f 362//362 487//487 486//486
f 358//358 360//360 359//359
f 365//365 366//366 358//358
f 487//487 363//363 486//486
f 370//370 371//371 365//365
f 475//475 488//488 487//487
f 488//488 368//368 487//487
f 371//371 372//372 366//366
f 368//368 369//369 363//363
f 369//369 370//370 364//364
f 372//372 455//455 454//454
f 455//455 373//373 454//454
f 487//487 362//362 406//406
f 454//454 373//373 367//367
f 377//377 457//457 455//455
f 457//457 378//378 455//455
f 488//488 475//475 405//405
f 488//488 405//405 374//374
f 455//455 378//378 373//373
f 370//370 376//376 371//371
f 369//369 376//376 370//370
f 374//374 489//489 488//488
f 489//489 375//375 488//488
f 476//476 491//491 489//489
f 491//491 379//379 489//489
f 492//492 382//382 376//376
f 379//379 380//380 375//375
f 382//382 456//456 377//377
f 375//375 490//490 369//369
f 380//380 381//381 490//490
f 456//456 383//383 457//457
f 489//489 374//374 406//406
f 457//457 383//383 378//378
f 381//381 492//492 490//490
f 456//456 458//458 383//383
f 386//386 460//460 456//456
f 460//460 387//387 458//458
f 491//491 476//476 404//404
f 491//491 404//404 384//384
f 458//458 387//387 383//383
f 380//380 385//385 381//381
f 384//384 494//494 491//491
f 385//385 386//386 492//492
f 462//462 389//389 493//493
f 385//385 459//459 386//386
f 493//493 390//390 380//380
f 389//389 390//390 493//493
f 459//459 392//392 460//460
f 494//494 384//384 388//388
f 460//460 392//392 387//387
f 388//388 462//462 494//494
f 396//396 463//463 459//459
f 394//394 395//395 390//390
f 459//459 461//461 392//392
f 463//463 397//397 461//461
f 462//462 388//388 407//407
f 462//462 407//407 393//393
f 461//461 397//397 392//392
f 393//393 468//468 462//462
f 391//391 396//396 385//385
f 395//395 396//396 391//391
f 468//468 495//495 462//462
f 462//462 495//495 389//389
f 394//394 496//496 395//395
f 399//399 400//400 394//394
f 467//467 403//403 463//463
f 468//468 393//393 398//398
f 463//463 403//403 397//397
f 400//400 401//401 496//496
f 496//496 402//402 396//396
f 468//468 394//394 495//495
f 466//466 431//431 467//467
f 422//422 423//423 400//400
f 468//468 398//398 411//411
f 468//468 411//411 415//415
f 467//467 431//431 403//403
f 423//423 425//425 401//401
f 415//415 464//464 468//468
f 464//464 416//416 468//468
f 425//425 426//426 401//401
f 416//416 465//465 468//468
f 465//465 417//417 468//468
f 401//401 497//497 402//402
f 426//426 428//428 497//497
f 468//468 498//498 399//399
f 417//417 419//419 498//498
f 428//428 429//429 497//497
f 419//419 420//420 498//498
f 420//420 421//421 498//498
f 429//429 466//466 497//497
f 421//421 422//422 400//400
f 470//470 433//433 499//499
f 433//433 434//434 499//499
f 499//499 434//434 424//424
f 436//436 473//473 500//500
f 473//473 437//437 500//500
f 501//501 418//418 412//412
f 500//500 437//437 432//432
f 434//434 435//435 427//427
f 412//412 470//470 501//501
f 501//501 499//499 418//418
f 435//435 500//500 430//430
f 470//470 412//412 413//413
f 470//470 413//413 438//438
f 469//469 441//441 437//437
f 440//440 502//502 435//435
f 438//438 506//506 470//470
f 506//506 503//503 470//470
f 470//470 503//503 433//433
f 502//502 472//472 436//436
f 504//504 439//439 503//503
f 503//503 440//440 434//434
f 473//473 469//469 437//437
f 473//473 441//441 469//469
f 479//479 443//443 504//504
f 444//444 480//480 472//472
f 480//480 471//471 473//473
f 471//471 445//445 473//473
f 504//504 505//505 440//440
f 443//443 505//505 504//504
f 506//506 438//438 414//414
f 506//506 414//414 442//442
f 473//473 445//445 441//441
f 442//442 477//477 506//506
f 505//505 472//472 502//502
f 477//477 479//479 506//506
f 477//477 442//442 342//342
f 471//471 346//346 445//445
f 507//507 509//509 505//505
f 446//446 482//482 507//507
f 342//342 483//483 508//508
f 509//509 478//478 444//444
f 508//508 479//479 477//477
f 483//483 343//343 479//479
f 478//478 510//510 444//444
f 482//482 345//345 510//510
f 479//479 474//474 443//443
f 343//343 344//344 474//474
f 511//511 480//480 444//444
f 510//510 511//511 444//444
f 474//474 481//481 443//443
f 481//481 512//512 443//443
f 344//344 446//446 512//512
f 345//345 447//447 471//471
f 447//447 346//346 471//471
f 512//512 507//507 505//505
f 620//620 621//621 515//515
f 621//621 521//521 619//619
f 519//519 520//520 618//618
f 647//647 513//513 576//576
f 647//647 576//576 517//517
f 619//619 521//521 516//516
f 517//517 655//655 647//647
f 655//655 518//518 647//647
f 520//520 620//620 653//653
f 647//647 518//518 514//514
f 524//524 622//622 620//620
f 622//622 525//525 621//621
f 519//519 654//654 520//520
f 523//523 654//654 519//519
f 655//655 517//517 582//582
f 655//655 582//582 522//522
f 621//621 525//525 521//521
f 522//522 623//623 655//655
f 623//623 523//523 655//655
f 623//623 522//522 574//574
f 623//623 574//574 526//526
f 622//622 531//531 525//525
f 526//526 657//657 623//623
f 654//654 529//529 524//524
f 528//528 529//529 654//654
f 657//657 527//527 623//623
f 623//623 527//527 523//523
f 527//527 656//656 523//523
f 530//530 624//624 622//622
f 624//624 531//531 622//622
f 533//533 534//534 527//527
f 536//536 625//625 530//530
f 625//625 537//537 624//624
f 534//534 535//535 656//656
f 657//657 526//526 575//575
f 657//657 575//575 532//532
f 624//624 537//537 531//531
f 532//532 658//658 657//657
f 528//528 530//530 529//529
f 535//535 536//536 528//528
f 658//658 533//533 657//657
f 540//540 541//541 535//535
f 648//648 659//659 658//658
f 659//659 538//538 658//658
f 541//541 542//542 536//536
f 538//538 539//539 533//533
f 539//539 540//540 534//534
f 542//542 626//626 625//625
f 626//626 543//543 625//625
f 658//658 532//532 584//584
f 625//625 543//543 537//537
f 547//547 628//628 626//626
f 628//628 548//548 626//626
f 659//659 648//648 585//585
f 659//659 585//585 544//544
f 626//626 548//548 543//543
f 540//540 546//546 541//541
f 539//539 546//546 540//540
f 544//544 660//660 659//659
f 660//660 545//545 659//659
f 649//649 662//662 660//660
f 662//662 549//549 660//660
f 663//663 552//552 546//546
f 549//549 550//550 545//545
f 552//552 627//627 547//547
f 545//545 661//661 539//539
f 550//550 551//551 661//661
f 627//627 553//553 628//628
f 660//660 544//544 584//584
f 628//628 553//553 548//548
f 551//551 663//663 661//661
f 627//627 629//629 553//553
f 556//556 631//631 627//627
f 631//631 557//557 629//629
f 662//662 649//649 583//583
f 662//662 583//583 554//554
f 629//629 557//557 553//553
f 550//550 555//555 551//551
f 554//554 665//665 662//662
f 555//555 556//556 663//663
f 633//633 559//559 664//664
f 555//555 630//630 556//556
f 664//664 560//560 550//550
f 559//559 560//560 664//664
f 630//630 562//562 631//631
f 665//665 554//554 558//558
f 631//631 562//562 557//557
f 558//558 633//633 665//665
f 566//566 634//634 630//630
f 564//564 565//565 560//560
f 630//630 632//632 562//562
f 634//634 567//567 632//632
f 633//633 558//558 586//586
f 633//633 586//586 563//563
f 632//632 567//567 562//562
f 563//563 639//639 633//633
f 561//561 566//566 555//555
f 565//565 566//566 561//561
f 639//639 666//666 633//633
f 633//633 666//666 559//559
f 564//564 667//667 565//565
f 569//569 570//570 564//564
f 638//638 573//573 634//634
f 639//639 563//563 568//568
f 634//634 573//573 567//567
f 570//570 571//571 667//667
f 667//667 572//572 566//566
f 639//639 564//564 666//666
f 637//637 603//603 638//638
f 594//594 596//596 570//570
f 639//639 568//568 581//581
f 639//639 581//581 587//587
f 638//638 603//603 573//573
f 596//596 597//597 571//571
f 587//587 635//635 639//639
f 635//635 588//588 639//639
f 597//597 599//599 571//571
f 588//588 636//636 639//639
f 636//636 589//589 639//639
f 571//571 668//668 572//572
f 599//599 600//600 668//668
f 639//639 669//669 569//569
f 589//589 590//590 669//669
f 600//600 601//601 668//668
f 590//590 592//592 669//669
f 592//592 593//593 669//669
f 601//601 637//637 668//668
f 593//593 594//594 570//570
f 641//641 605//605 670//670
f 605//605 606//606 670//670
f 670//670 606//606 595//595
f 608//608 644//644 671//671
f 644//644 609//609 671//671
f 672//672 591//591 580//580
f 671//671 609//609 604//604
f 606//606 607//607 598//598
f 580//580 641//641 672//672
f 672//672 670//670 591//591
f 607//607 671//671 602//602
f 641//641 580//580 579//579
f 641//641 579//579 610//610
f 640//640 613//613 609//609
f 612//612 673//673 607//607
f 610//610 677//677 641//641
f 677//677 674//674 641//641
f 641//641 674//674 605//605
f 673//673 643//643 608//608
f 675//675 611//611 674//674
f 674//674 612//612 606//606
f 644//644 640//640 609//609
f 644//644 613//613 640//640
f 616//616 652//652 643//643
f 652//652 642//642 644//644
f 642//642 617//617 644//644
f 675//675 676//676 612//612
f 615//615 676//676 675//675
f 677//677 610//610 578//578
f 677//677 578//578 614//614
f 644//644 617//617 613//613
f 614//614 679//679 677//677
f 676//676 643//643 673//673
f 679//679 615//615 677//677
f 679//679 614//614 577//577
f 679//679 577//577 513//513
f 642//642 516//516 617//617
f 678//678 680//680 676//676
f 618//618 653//653 678//678
f 513//513 647//647 679//679
f 680//680 651//651 616//616
f 650//650 645//645 679//679
f 645//645 682//682 615//615
f 647//647 514//514 682//682
f 651//651 681//681 616//616
f 653//653 515//515 681//681
f 682//682 646//646 615//615
f 683//683 652//652 616//616
f 681//681 683//683 616//616
f 684//684 685//685 615//615
f 646//646 684//684 615//615
f 514//514 618//618 685//685
f 515//515 619//619 642//642
f 619//619 516//516 642//642
f 685//685 678//678 676//676
f 790//790 791//791 688//688
f 791//791 693//693 789//789
f 691//691 692//692 788//788
f 819//819 686//686 746//746
f 819//819 746//746 690//690
f 789//789 693//693 689//689
f 690//690 792//792 819//819
f 792//792 793//793 819//819
f 692//692 790//790 825//825
f 819//819 793//793 687//687
f 696//696 794//794 790//790
f 794//794 697//697 791//791
f 691//691 826//826 692//692
f 695//695 826//826 691//691
f 791//791 697//697 693//693
f 690//690 795//795 793//793
f 795//795 694//694 793//793
f 793//793 694//694 691//691
f 795//795 690//690 698//698
f 794//794 703//703 697//697
f 698//698 828//828 795//795
f 826//826 701//701 696//696
f 700//700 701//701 826//826
f 828//828 699//699 795//795
f 795//795 699//699 695//695
f 699//699 827//827 695//695
f 702//702 796//796 794//794
f 796//796 703//703 794//794
f 705//705 706//706 699//699
f 708//708 797//797 702//702
f 797//797 709//709 796//796
f 706//706 707//707 827//827
f 828//828 698//698 753//753
f 828//828 753//753 704//704
f 796//796 709//709 703//703
f 704//704 829//829 828//828
f 700//700 702//702 701//701
f 707//707 708//708 700//700
f 829//829 705//705 828//828
f 712//712 713//713 707//707
f 820//820 830//830 829//829
f 830//830 710//710 829//829
f 713//713 714//714 708//708
f 710//710 711//711 705//705
f 711//711 712//712 706//706
f 714//714 798//798 797//797
f 798//798 715//715 797//797
f 829//829 704//704 752//752
f 797//797 715//715 709//709
f 719//719 800//800 798//798
f 800//800 720//720 798//798
f 830//830 820//820 751//751
f 830//830 751//751 716//716
f 798//798 720//720 715//715
f 712//712 718//718 713//713
f 711//711 718//718 712//712
f 716//716 831//831 830//830
f 831//831 717//717 830//830
f 821//821 833//833 831//831
f 833//833 721//721 831//831
f 834//834 724//724 718//718
f 721//721 722//722 717//717
f 724//724 799//799 719//719
f 717//717 832//832 711//711
f 722//722 723//723 832//832
f 799//799 725//725 800//800
f 831//831 716//716 752//752
f 800//800 725//725 720//720
f 723//723 834//834 832//832
f 799//799 801//801 725//725
f 728//728 803//803 799//799
f 803//803 729//729 801//801
f 833//833 821//821 749//749
f 833//833 749//749 726//726
f 801//801 729//729 725//725
f 722//722 727//727 723//723
f 726//726 836//836 833//833
f 727//727 728//728 834//834
f 805//805 731//731 835//835
f 727//727 802//802 728//728
f 835//835 732//732 722//722
f 731//731 732//732 835//835
f 802//802 734//734 803//803
f 836//836 726//726 730//730
f 803//803 734//734 729//729
f 730//730 805//805 836//836
f 738//738 806//806 802//802
f 736//736 737//737 732//732
f 802//802 804//804 734//734
f 806//806 739//739 804//804
f 805//805 730//730 748//748
f 805//805 748//748 735//735
f 804//804 739//739 734//734
f 735//735 811//811 805//805
f 733//733 738//738 727//727
f 737//737 738//738 733//733
f 811//811 837//837 805//805
f 805//805 837//837 731//731
f 736//736 838//838 737//737
f 741//741 742//742 736//736
f 810//810 745//745 806//806
f 811//811 735//735 740//740
f 806//806 745//745 739//739
f 742//742 743//743 838//838
f 838//838 744//744 738//738
f 811//811 736//736 837//837
f 809//809 774//774 810//810
f 764//764 765//765 742//742
f 811//811 740//740 747//747
f 811//811 747//747 757//757
f 810//810 774//774 745//745
f 765//765 767//767 743//743
f 757//757 807//807 811//811
f 807//807 758//758 811//811
f 767//767 768//768 743//743
f 758//758 808//808 811//811
f 808//808 759//759 811//811
f 743//743 839//839 744//744
f 768//768 770//770 839//839
f 811//811 840//840 741//741
f 759//759 760//760 840//840
f 770//770 771//771 839//839
f 760//760 762//762 840//840
f 762//762 763//763 840//840
f 771//771 809//809 839//839
f 763//763 764//764 742//742
f 813//813 775//775 841//841
f 775//775 776//776 841//841
f 841//841 776//776 766//766
f 778//778 816//816 842//842
f 816//816 779//779 842//842
f 843//843 761//761 750//750
f 842//842 779//779 773//773
f 776//776 777//777 769//769
f 750//750 813//813 843//843
f 843//843 841//841 761//761
f 777//777 842//842 772//772
f 813//813 750//750 756//756
f 813//813 756//756 780//780
f 812//812 783//783 779//779
f 782//782 844//844 777//777
f 780//780 848//848 813//813
f 848//848 845//845 813//813
f 813//813 845//845 775//775
f 844//844 815//815 778//778
f 846//846 781//781 845//845
f 845//845 782//782 776//776
f 816//816 812//812 779//779
f 816//816 783//783 812//812
f 786//786 824//824 815//815
f 824//824 814//814 816//816
f 814//814 787//787 816//816
f 846//846 847//847 782//782
f 785//785 847//847 846//846
f 848//848 780//780 754//754
f 848//848 754//754 784//784
f 816//816 787//787 783//783
f 784//784 850//850 848//848
f 847//847 815//815 844//844
f 850//850 785//785 848//848
f 850//850 784//784 755//755
f 850//850 755//755 686//686
f 814//814 689//689 787//787
f 849//849 851//851 847//847
f 788//788 825//825 849//849
f 686//686 819//819 850//850
f 851//851 823//823 786//786
f 822//822 817//817 850//850
f 817//817 853//853 785//785
f 819//819 687//687 853//853
f 823//823 852//852 786//786
f 825//825 688//688 852//852
f 853//853 818//818 785//785
f 854//854 824//824 786//786
f 852//852 854//854 786//786
f 855//855 856//856 785//785
f 818//818 855//855 785//785
f 687//687 788//788 856//856
f 688//688 789//789 814//814
f 789//789 689//689 814//814
f 856//856 849//849 847//847
f 961//961 962//962 859//859
f 962//962 864//864 960//960
f 862//862 863//863 959//959
f 990//990 857//857 926//926
f 990//990 926//926 861//861
f 960//960 864//864 860//860
f 861//861 963//963 990//990
f 963//963 964//964 990//990
f 863//863 961//961 996//996
f 990//990 964//964 858//858
f 867//867 965//965 961//961
f 965//965 868//868 962//962
f 862//862 997//997 863//863
f 866//866 997//997 862//862
f 962//962 868//868 864//864
f 861//861 966//966 964//964
f 966//966 865//865 964//964
f 964//964 865//865 862//862
f 966//966 861//861 869//869
f 965//965 874//874 868//868
f 869//869 999//999 966//966
f 997//997 872//872 867//867
f 871//871 872//872 997//997
f 999//999 870//870 966//966
f 966//966 870//870 866//866
f 870//870 998//998 866//866
f 873//873 967//967 965//965
f 967//967 874//874 965//965
f 876//876 877//877 870//870
f 879//879 968//968 873//873
f 968//968 880//880 967//967
f 877//877 878//878 998//998
f 999//999 869//869 920//920
f 999//999 920//920 875//875
f 967//967 880//880 874//874
f 875//875 1000//1000 999//999
f 871//871 873//873 872//872
f 878//878 879//879 871//871
f 1000//1000 876//876 999//999
f 883//883 884//884 878//878
f 991//991 1001//1001 1000//1000
f 1001//1001 881//881 1000//1000
f 884//884 885//885 879//879
f 881//881 882//882 876//876
f 882//882 883//883 877//877
f 885//885 969//969 968//968
f 969//969 886//886 968//968
f 1000//1000 875//875 922//922
f 968//968 886//886 880//880
f 890//890 971//971 969//969
f 971//971 891//891 969//969
f 1001//1001 991//991 925//925
f 1001//1001 925//925 887//887
f 969//969 891//891 886//886
f 883//883 889//889 884//884
f 882//882 889//889 883//883
f 887//887 1002//1002 1001//1001
f 1002//1002 888//888 1001//1001
f 992//992 1004//1004 1002//1002
f 1004//1004 892//892 1002//1002
f 1005//1005 895//895 889//889
f 892//892 893//893 888//888
f 895//895 970//970 890//890
f 888//888 1003//1003 882//882
f 893//893 894//894 1003//1003
f 970//970 896//896 971//971
f 1002//1002 887//887 922//922
f 971//971 896//896 891//891
f 894//894 1005//1005 1003//1003
f 970//970 972//972 896//896
f 899//899 974//974 970//970
f 974//974 900//900 972//972
f 1004//1004 992//992 921//921
f 1004//1004 921//921 897//897
f 972//972 900//900 896//896
f 893//893 898//898 894//894
f 897//897 1007//1007 1004//1004
f 898//898 899//899 1005//1005
f 976//976 902//902 1006//1006
f 898//898 973//973 899//899
f 1006//1006 903//903 893//893
f 902//902 903//903 1006//1006
f 973//973 905//905 974//974
f 1007//1007 897//897 901//901
f 974//974 905//905 900//900
f 901//901 976//976 1007//1007
f 909//909 977//977 973//973
f 907//907 908//908 903//903
f 973//973 975//975 905//905
f 977//977 910//910 975//975
f 976//976 901//901 923//923
f 976//976 923//923 906//906
f 975//975 910//910 905//905
f 906//906 982//982 976//976
f 904//904 909//909 898//898
f 908//908 909//909 904//904
f 982//982 1008//1008 976//976
f 976//976 1008//1008 902//902
f 907//907 1009//1009 908//908
f 912//912 913//913 907//907
f 981//981 916//916 977//977
f 982//982 906//906 911//911
f 977//977 916//916 910//910
f 913//913 914//914 1009//1009
f 1009//1009 915//915 909//909
f 982//982 907//907 1008//1008
f 980//980 945//945 981//981
f 935//935 936//936 913//913
f 982//982 911//911 927//927
f 982//982 927//927 928//928
f 981//981 945//945 916//916
f 936//936 938//938 914//914
f 928//928 978//978 982//982
f 978//978 929//929 982//982
f 938//938 940//940 914//914
f 929//929 979//979 982//982
f 979//979 930//930 982//982
f 914//914 1010//1010 915//915
f 940//940 941//941 1010//1010
f 982//982 1011//1011 912//912
f 930//930 932//932 1011//1011
f 941//941 942//942 1010//1010
f 932//932 933//933 1011//1011
f 933//933 934//934 1011//1011
f 942//942 980//980 1010//1010
f 934//934 935//935 913//913
f 946//946 948//948 937//937
f 947//947 948//948 946//946
f 950//950 987//987 1012//1012
f 987//987 951//951 1012//1012
f 1013//1013 931//931 919//919
f 1012//1012 951//951 944//944
f 948//948 949//949 939//939
f 919//919 984//984 1013//1013
f 1013//1013 946//946 931//931
f 984//984 946//946 1013//1013
f 949//949 1012//1012 943//943
f 984//984 919//919 917//917
f 984//984 917//917 952//952
f 983//983 954//954 951//951
f 953//953 1014//1014 949//949
f 952//952 1018//1018 984//984
f 984//984 1015//1015 947//947
f 984//984 1016//1016 1015//1015
f 1014//1014 986//986 950//950
f 1015//1015 953//953 948//948
f 987//987 983//983 951//951
f 987//987 954//954 983//983
f 957//957 995//995 986//986
f 995//995 985//985 987//987
f 985//985 958//958 987//987
f 1016//1016 1017//1017 953//953
f 956//956 1017//1017 1016//1016
f 1018//1018 952//952 918//918
f 1018//1018 918//918 955//955
f 987//987 958//958 954//954
f 955//955 1020//1020 1018//1018
f 1017//1017 986//986 1014//1014
f 1020//1020 956//956 1018//1018
f 1020//1020 955//955 924//924
f 1020//1020 924//924 857//857
f 985//985 860//860 958//958
f 1019//1019 1021//1021 1017//1017
f 959//959 996//996 1019//1019
f 857//857 990//990 1020//1020
f 1021//1021 994//994 957//957
f 993//993 988//988 1020//1020
f 988//988 1023//1023 956//956
f 990//990 858//858 1023//1023
f 994//994 1022//1022 957//957
f 996//996 859//859 1022//1022
f 1023//1023 989//989 956//956
f 1024//1024 995//995 957//957
f 1022//1022 1024//1024 957//957
f 1025//1025 1026//1026 956//956
f 989//989 1025//1025 956//956
f 858//858 959//959 1026//1026
f 859//859 960//960 985//985
f 960//960 860//860 985//985
f 1026//1026 1019//1019 1017//1017
f 1283//1283 1027//1027 1532//1532
f 1517//1517 1295//1295 1289//1289
f 1029//1029 1028//1028 1031//1031
f 1534//1534 1031//1031 1032//1032
f 1286//1286 1517//1517 1533//1533
f 1035//1035 1516//1516 1533//1533
f 1535//1535 1534//1534 1033//1033
f 1519//1519 1282//1282 1518//1518
f 1519//1519 1518//1518 1030//1030
f 1284//1284 1029//1029 1535//1535
f 1284//1284 1535//1535 1034//1034
f 1514//1514 1519//1519 1287//1287
f 1515//1515 1514//1514 1287//1287
f 1034//1034 1033//1033 1536//1536
f 1515//1515 1287//1287 1307//1307
f 1537//1537 1034//1034 1040//1040
f 1538//1538 1515//1515 1290//1290
f 1285//1285 1288//1288 1537//1537
f 1539//1539 1538//1538 1037//1037
f 1294//1294 1285//1285 1291//1291
f 1532//1532 1531//1531 1539//1539
f 1295//1295 1294//1294 1292//1292
f 1031//1031 1532//1532 1540//1540
f 1032//1032 1031//1031 1541//1541
f 1542//1542 1541//1541 1038//1038
f 1033//1033 1032//1032 1542//1542
f 1536//1536 1542//1542 1039//1039
f 1293//1293 1030//1030 1297//1297
f 1293//1293 1297//1297 1036//1036
f 1303//1303 1292//1292 1301//1301
f 1540//1540 1539//1539 1543//1543
f 1289//1289 1303//1303 1302//1302
f 1304//1304 1289//1289 1302//1302
f 1038//1038 1540//1540 1544//1544
f 1545//1545 1544//1544 1045//1045
f 1039//1039 1038//1038 1545//1545
f 1546//1546 1545//1545 1046//1046
f 1306//1306 1036//1036 1305//1305
f 1306//1306 1305//1305 1042//1042
f 1536//1536 1039//1039 1546//1546
f 1307//1307 1293//1293 1306//1306
f 1307//1307 1306//1306 1298//1298
f 1040//1040 1536//1536 1547//1547
f 1290//1290 1307//1307 1299//1299
f 1549//1549 1290//1290 1299//1299
f 1291//1291 1537//1537 1548//1548
f 1537//1537 1040//1040 1548//1548
f 1550//1550 1549//1549 1043//1043
f 1292//1292 1291//1291 1300//1300
f 1539//1539 1037//1037 1550//1550
f 1543//1543 1550//1550 1044//1044
f 1299//1299 1298//1298 1323//1323
f 1547//1547 1546//1546 1551//1551
f 1553//1553 1299//1299 1308//1308
f 1300//1300 1548//1548 1552//1552
f 1548//1548 1547//1547 1552//1552
f 1554//1554 1553//1553 1049//1049
f 1301//1301 1300//1300 1309//1309
f 1044//1044 1043//1043 1554//1554
f 1302//1302 1301//1301 1310//1310
f 1543//1543 1044//1044 1555//1555
f 1313//1313 1302//1302 1311//1311
f 1045//1045 1543//1543 1556//1556
f 1557//1557 1556//1556 1050//1050
f 1046//1046 1045//1045 1557//1557
f 1052//1052 1557//1557 1051//1051
f 1312//1312 1042//1042 1314//1314
f 1312//1312 1314//1314 1048//1048
f 1546//1546 1046//1046 1052//1052
f 1555//1555 1554//1554 1558//1558
f 1320//1320 1311//1311 1319//1319
f 1050//1050 1555//1555 1559//1559
f 1560//1560 1559//1559 1057//1057
f 1051//1051 1050//1050 1560//1560
f 1561//1561 1560//1560 1058//1058
f 1322//1322 1048//1048 1321//1321
f 1322//1322 1321//1321 1054//1054
f 1052//1052 1051//1051 1561//1561
f 1323//1323 1312//1312 1322//1322
f 1551//1551 1052//1052 1562//1562
f 1308//1308 1323//1323 1316//1316
f 1564//1564 1308//1308 1316//1316
f 1309//1309 1552//1552 1563//1563
f 1552//1552 1551//1551 1563//1563
f 1565//1565 1564//1564 1055//1055
f 1310//1310 1309//1309 1317//1317
f 1554//1554 1049//1049 1565//1565
f 1558//1558 1565//1565 1056//1056
f 1311//1311 1310//1310 1318//1318
f 1562//1562 1561//1561 1566//1566
f 1568//1568 1316//1316 1324//1324
f 1317//1317 1563//1563 1567//1567
f 1563//1563 1562//1562 1567//1567
f 1569//1569 1568//1568 1088//1088
f 1318//1318 1317//1317 1325//1325
f 1056//1056 1055//1055 1569//1569
f 1319//1319 1318//1318 1326//1326
f 1558//1558 1056//1056 1570//1570
f 1328//1328 1319//1319 1327//1327
f 1057//1057 1558//1558 1571//1571
f 1572//1572 1571//1571 1089//1089
f 1058//1058 1057//1057 1572//1572
f 1091//1091 1572//1572 1090//1090
f 1330//1330 1054//1054 1329//1329
f 1330//1330 1329//1329 1087//1087
f 1561//1561 1058//1058 1091//1091
f 1315//1315 1322//1322 1330//1330
f 1316//1316 1315//1315 1338//1338
f 1335//1335 1327//1327 1334//1334
f 1089//1089 1570//1570 1573//1573
f 1574//1574 1573//1573 1095//1095
f 1090//1090 1089//1089 1574//1574
f 1575//1575 1574//1574 1096//1096
f 1337//1337 1087//1087 1336//1336
f 1337//1337 1336//1336 1093//1093
f 1091//1091 1090//1090 1575//1575
f 1338//1338 1330//1330 1337//1337
f 1566//1566 1091//1091 1576//1576
f 1324//1324 1338//1338 1331//1331
f 1578//1578 1324//1324 1331//1331
f 1325//1325 1567//1567 1577//1577
f 1567//1567 1566//1566 1577//1577
f 1579//1579 1578//1578 1094//1094
f 1326//1326 1325//1325 1332//1332
f 1569//1569 1088//1088 1579//1579
f 1327//1327 1326//1326 1333//1333
f 1570//1570 1569//1569 1580//1580
f 1332//1332 1577//1577 1581//1581
f 1583//1583 1582//1582 1099//1099
f 1333//1333 1332//1332 1340//1340
f 1579//1579 1094//1094 1583//1583
f 1334//1334 1333//1333 1341//1341
f 1580//1580 1579//1579 1584//1584
f 1343//1343 1334//1334 1342//1342
f 1095//1095 1580//1580 1585//1585
f 1586//1586 1585//1585 1100//1100
f 1096//1096 1095//1095 1586//1586
f 1587//1587 1586//1586 1101//1101
f 1345//1345 1093//1093 1344//1344
f 1345//1345 1344//1344 1098//1098
f 1575//1575 1096//1096 1587//1587
f 1346//1346 1337//1337 1345//1345
f 1577//1577 1576//1576 1588//1588
f 1576//1576 1575//1575 1588//1588
f 1581//1581 1588//1588 1102//1102
f 1331//1331 1346//1346 1339//1339
f 1582//1582 1331//1331 1339//1339
f 1101//1101 1100//1100 1589//1589
f 1590//1590 1589//1589 1107//1107
f 1353//1353 1098//1098 1351//1351
f 1353//1353 1351//1351 1104//1104
f 1587//1587 1101//1101 1590//1590
f 1354//1354 1345//1345 1353//1353
f 1102//1102 1587//1587 1591//1591
f 1339//1339 1354//1354 1347//1347
f 1593//1593 1339//1339 1347//1347
f 1340//1340 1581//1581 1592//1592
f 1581//1581 1102//1102 1592//1592
f 1594//1594 1593//1593 1105//1105
f 1341//1341 1340//1340 1348//1348
f 1583//1583 1099//1099 1594//1594
f 1342//1342 1341//1341 1349//1349
f 1584//1584 1583//1583 1595//1595
f 1352//1352 1342//1342 1350//1350
f 1100//1100 1584//1584 1596//1596
f 1589//1589 1596//1596 1106//1106
f 1598//1598 1597//1597 1110//1110
f 1349//1349 1348//1348 1357//1357
f 1594//1594 1105//1105 1598//1598
f 1350//1350 1349//1349 1358//1358
f 1595//1595 1594//1594 1599//1599
f 1360//1360 1350//1350 1359//1359
f 1106//1106 1595//1595 1600//1600
f 1601//1601 1600//1600 1111//1111
f 1107//1107 1106//1106 1601//1601
f 1602//1602 1601//1601 1112//1112
f 1362//1362 1104//1104 1361//1361
f 1362//1362 1361//1361 1109//1109
f 1590//1590 1107//1107 1602//1602
f 1363//1363 1353//1353 1362//1362
f 1363//1363 1362//1362 1355//1355
f 1591//1591 1590//1590 1603//1603
f 1347//1347 1363//1363 1356//1356
f 1597//1597 1347//1347 1356//1356
f 1348//1348 1592//1592 1604//1604
f 1592//1592 1591//1591 1604//1604
f 1112//1112 1111//1111 1605//1605
f 1606//1606 1605//1605 1118//1118
f 1602//1602 1112//1112 1606//1606
f 1355//1355 1368//1368 1377//1377
f 1356//1356 1355//1355 1377//1377
f 1603//1603 1602//1602 1607//1607
f 1609//1609 1356//1356 1364//1364
f 1357//1357 1604//1604 1608//1608
f 1604//1604 1603//1603 1608//1608
f 1610//1610 1609//1609 1116//1116
f 1358//1358 1357//1357 1365//1365
f 1598//1598 1110//1110 1610//1610
f 1359//1359 1358//1358 1366//1366
f 1599//1599 1598//1598 1611//1611
f 1369//1369 1359//1359 1367//1367
f 1111//1111 1599//1599 1612//1612
f 1605//1605 1612//1612 1117//1117
f 1109//1109 1520//1520 1613//1613
f 1114//1114 1368//1368 1613//1613
f 1366//1366 1365//1365 1371//1371
f 1610//1610 1116//1116 1614//1614
f 1367//1367 1366//1366 1372//1372
f 1611//1611 1610//1610 1615//1615
f 1374//1374 1367//1367 1373//1373
f 1117//1117 1611//1611 1616//1616
f 1617//1617 1616//1616 1123//1123
f 1118//1118 1117//1117 1617//1617
f 1618//1618 1617//1617 1124//1124
f 1376//1376 1114//1114 1375//1375
f 1376//1376 1375//1375 1120//1120
f 1606//1606 1118//1118 1618//1618
f 1377//1377 1376//1376 1370//1370
f 1607//1607 1606//1606 1619//1619
f 1364//1364 1115//1115 1377//1377
f 1364//1364 1377//1377 1121//1121
f 1365//1365 1608//1608 1620//1620
f 1608//1608 1607//1607 1620//1620
f 1614//1614 1621//1621 1122//1122
f 1618//1618 1124//1124 1622//1622
f 1370//1370 1382//1382 1391//1391
f 1121//1121 1370//1370 1391//1391
f 1619//1619 1618//1618 1623//1623
f 1364//1364 1121//1121 1127//1127
f 1625//1625 1364//1364 1378//1378
f 1371//1371 1620//1620 1624//1624
f 1620//1620 1619//1619 1624//1624
f 1626//1626 1625//1625 1128//1128
f 1372//1372 1371//1371 1379//1379
f 1614//1614 1122//1122 1626//1626
f 1373//1373 1372//1372 1380//1380
f 1615//1615 1614//1614 1627//1627
f 1383//1383 1373//1373 1381//1381
f 1123//1123 1615//1615 1628//1628
f 1630//1630 1628//1628 1129//1129
f 1120//1120 1521//1521 1629//1629
f 1126//1126 1382//1382 1629//1629
f 1124//1124 1123//1123 1630//1630
f 1622//1622 1630//1630 1130//1130
f 1626//1626 1128//1128 1631//1631
f 1381//1381 1380//1380 1386//1386
f 1627//1627 1626//1626 1632//1632
f 1388//1388 1381//1381 1387//1387
f 1129//1129 1627//1627 1633//1633
f 1634//1634 1633//1633 1135//1135
f 1130//1130 1129//1129 1634//1634
f 1635//1635 1634//1634 1136//1136
f 1390//1390 1126//1126 1389//1389
f 1390//1390 1389//1389 1132//1132
f 1622//1622 1130//1130 1635//1635
f 1391//1391 1390//1390 1384//1384
f 1623//1623 1622//1622 1636//1636
f 1378//1378 1127//1127 1391//1391
f 1378//1378 1391//1391 1133//1133
f 1379//1379 1624//1624 1637//1637
f 1624//1624 1623//1623 1637//1637
f 1631//1631 1638//1638 1134//1134
f 1380//1380 1379//1379 1385//1385
f 1635//1635 1136//1136 1639//1639
f 1133//1133 1384//1384 1407//1407
f 1636//1636 1635//1635 1640//1640
f 1378//1378 1133//1133 1392//1392
f 1642//1642 1378//1378 1392//1392
f 1385//1385 1637//1637 1641//1641
f 1637//1637 1636//1636 1641//1641
f 1643//1643 1642//1642 1139//1139
f 1386//1386 1385//1385 1393//1393
f 1631//1631 1134//1134 1643//1643
f 1387//1387 1386//1386 1394//1394
f 1632//1632 1631//1631 1644//1644
f 1397//1397 1387//1387 1395//1395
f 1135//1135 1632//1632 1645//1645
f 1646//1646 1645//1645 1140//1140
f 1136//1136 1135//1135 1646//1646
f 1639//1639 1646//1646 1141//1141
f 1396//1396 1132//1132 1398//1398
f 1396//1396 1398//1398 1138//1138
f 1395//1395 1394//1394 1402//1402
f 1644//1644 1643//1643 1647//1647
f 1404//1404 1395//1395 1403//1403
f 1140//1140 1644//1644 1648//1648
f 1649//1649 1648//1648 1146//1146
f 1141//1141 1140//1140 1649//1649
f 1650//1650 1649//1649 1147//1147
f 1406//1406 1138//1138 1405//1405
f 1406//1406 1405//1405 1143//1143
f 1639//1639 1141//1141 1650//1650
f 1407//1407 1396//1396 1406//1406
f 1640//1640 1639//1639 1651//1651
f 1392//1392 1407//1407 1400//1400
f 1653//1653 1392//1392 1400//1400
f 1393//1393 1641//1641 1652//1652
f 1641//1641 1640//1640 1652//1652
f 1654//1654 1653//1653 1144//1144
f 1394//1394 1393//1393 1401//1401
f 1643//1643 1139//1139 1654//1654
f 1647//1647 1654//1654 1145//1145
f 1651//1651 1650//1650 1655//1655
f 1657//1657 1400//1400 1408//1408
f 1401//1401 1652//1652 1656//1656
f 1652//1652 1651//1651 1656//1656
f 1658//1658 1657//1657 1150//1150
f 1402//1402 1401//1401 1409//1409
f 1145//1145 1144//1144 1658//1658
f 1403//1403 1402//1402 1410//1410
f 1647//1647 1145//1145 1659//1659
f 1412//1412 1403//1403 1411//1411
f 1146//1146 1647//1647 1660//1660
f 1661//1661 1660//1660 1151//1151
f 1147//1147 1146//1146 1661//1661
f 1153//1153 1661//1661 1152//1152
f 1414//1414 1143//1143 1413//1413
f 1414//1414 1413//1413 1149//1149
f 1650//1650 1147//1147 1153//1153
f 1399//1399 1406//1406 1414//1414
f 1400//1400 1399//1399 1423//1423
f 1420//1420 1411//1411 1419//1419
f 1151//1151 1659//1659 1662//1662
f 1663//1663 1662//1662 1157//1157
f 1152//1152 1151//1151 1663//1663
f 1664//1664 1663//1663 1158//1158
f 1422//1422 1149//1149 1421//1421
f 1422//1422 1421//1421 1155//1155
f 1153//1153 1152//1152 1664//1664
f 1423//1423 1414//1414 1422//1422
f 1655//1655 1153//1153 1665//1665
f 1408//1408 1423//1423 1416//1416
f 1667//1667 1408//1408 1416//1416
f 1409//1409 1656//1656 1666//1666
f 1656//1656 1655//1655 1666//1666
f 1668//1668 1667//1667 1156//1156
f 1410//1410 1409//1409 1417//1417
f 1658//1658 1150//1150 1668//1668
f 1411//1411 1410//1410 1418//1418
f 1659//1659 1658//1658 1669//1669
f 1671//1671 1416//1416 1424//1424
f 1417//1417 1666//1666 1670//1670
f 1672//1672 1671//1671 1161//1161
f 1418//1418 1417//1417 1425//1425
f 1668//1668 1156//1156 1672//1672
f 1419//1419 1418//1418 1426//1426
f 1669//1669 1668//1668 1673//1673
f 1428//1428 1419//1419 1427//1427
f 1157//1157 1669//1669 1674//1674
f 1675//1675 1674//1674 1162//1162
f 1158//1158 1157//1157 1675//1675
f 1676//1676 1675//1675 1163//1163
f 1430//1430 1155//1155 1429//1429
f 1430//1430 1429//1429 1160//1160
f 1664//1664 1158//1158 1676//1676
f 1415//1415 1422//1422 1430//1430
f 1416//1416 1415//1415 1438//1438
f 1666//1666 1665//1665 1677//1677
f 1665//1665 1664//1664 1677//1677
f 1670//1670 1677//1677 1164//1164
f 1162//1162 1673//1673 1678//1678
f 1679//1679 1678//1678 1168//1168
f 1163//1163 1162//1162 1679//1679
f 1680//1680 1679//1679 1169//1169
f 1437//1437 1160//1160 1435//1435
f 1437//1437 1435//1435 1166//1166
f 1676//1676 1163//1163 1680//1680
f 1438//1438 1430//1430 1437//1437
f 1164//1164 1676//1676 1681//1681
f 1424//1424 1438//1438 1431//1431
f 1683//1683 1424//1424 1431//1431
f 1425//1425 1670//1670 1682//1682
f 1670//1670 1164//1164 1682//1682
f 1684//1684 1683//1683 1167//1167
f 1426//1426 1425//1425 1432//1432
f 1672//1672 1161//1161 1684//1684
f 1427//1427 1426//1426 1433//1433
f 1673//1673 1672//1672 1685//1685
f 1436//1436 1427//1427 1434//1434
f 1432//1432 1682//1682 1686//1686
f 1688//1688 1687//1687 1202//1202
f 1433//1433 1432//1432 1440//1440
f 1684//1684 1167//1167 1688//1688
f 1434//1434 1433//1433 1441//1441
f 1685//1685 1684//1684 1689//1689
f 1443//1443 1434//1434 1442//1442
f 1168//1168 1685//1685 1690//1690
f 1691//1691 1690//1690 1203//1203
f 1169//1169 1168//1168 1691//1691
f 1692//1692 1691//1691 1204//1204
f 1445//1445 1166//1166 1444//1444
f 1445//1445 1444//1444 1201//1201
f 1680//1680 1169//1169 1692//1692
f 1446//1446 1437//1437 1445//1445
f 1682//1682 1681//1681 1693//1693
f 1681//1681 1680//1680 1693//1693
f 1686//1686 1693//1693 1205//1205
f 1431//1431 1446//1446 1439//1439
f 1687//1687 1431//1431 1439//1439
f 1204//1204 1203//1203 1694//1694
f 1695//1695 1694//1694 1210//1210
f 1453//1453 1201//1201 1451//1451
f 1453//1453 1451//1451 1207//1207
f 1692//1692 1204//1204 1695//1695
f 1454//1454 1445//1445 1453//1453
f 1205//1205 1692//1692 1696//1696
f 1439//1439 1454//1454 1447//1447
f 1698//1698 1439//1439 1447//1447
f 1440//1440 1686//1686 1697//1697
f 1686//1686 1205//1205 1697//1697
f 1699//1699 1698//1698 1208//1208
f 1441//1441 1440//1440 1448//1448
f 1688//1688 1202//1202 1699//1699
f 1442//1442 1441//1441 1449//1449
f 1689//1689 1688//1688 1700//1700
f 1452//1452 1442//1442 1450//1450
f 1203//1203 1689//1689 1701//1701
f 1694//1694 1701//1701 1209//1209
f 1703//1703 1702//1702 1213//1213
f 1449//1449 1448//1448 1467//1467
f 1699//1699 1208//1208 1703//1703
f 1450//1450 1449//1449 1468//1468
f 1700//1700 1699//1699 1704//1704
f 1459//1459 1450//1450 1457//1457
f 1209//1209 1700//1700 1705//1705
f 1706//1706 1705//1705 1214//1214
f 1210//1210 1209//1209 1706//1706
f 1707//1707 1706//1706 1215//1215
f 1461//1461 1207//1207 1460//1460
f 1461//1461 1460//1460 1212//1212
f 1695//1695 1210//1210 1707//1707
f 1462//1462 1453//1453 1461//1461
f 1462//1462 1461//1461 1455//1455
f 1696//1696 1695//1695 1708//1708
f 1447//1447 1462//1462 1456//1456
f 1702//1702 1447//1447 1456//1456
f 1448//1448 1697//1697 1709//1709
f 1697//1697 1696//1696 1709//1709
f 1215//1215 1214//1214 1710//1710
f 1711//1711 1710//1710 1230//1230
f 1707//1707 1215//1215 1711//1711
f 1712//1712 1711//1711 1233//1233
f 1455//1455 1465//1465 1219//1219
f 1456//1456 1455//1455 1463//1463
f 1708//1708 1707//1707 1712//1712
f 1466//1466 1712//1712 1234//1234
f 1713//1713 1456//1456 1221//1221
f 1458//1458 1709//1709 1466//1466
f 1709//1709 1708//1708 1466//1466
f 1714//1714 1713//1713 1223//1223
f 1467//1467 1458//1458 1466//1466
f 1467//1467 1466//1466 1238//1238
f 1703//1703 1213//1213 1714//1714
f 1715//1715 1714//1714 1224//1224
f 1468//1468 1467//1467 1239//1239
f 1704//1704 1703//1703 1715//1715
f 1716//1716 1715//1715 1226//1226
f 1457//1457 1468//1468 1240//1240
f 1469//1469 1457//1457 1464//1464
f 1214//1214 1704//1704 1716//1716
f 1710//1710 1716//1716 1228//1228
f 1212//1212 1522//1522 1717//1717
f 1218//1218 1465//1465 1717//1717
f 1239//1239 1238//1238 1471//1471
f 1227//1227 1225//1225 1718//1718
f 1240//1240 1239//1239 1470//1470
f 1229//1229 1227//1227 1719//1719
f 1241//1241 1240//1240 1720//1720
f 1231//1231 1229//1229 1721//1721
f 1723//1723 1721//1721 1246//1246
f 1248//1248 1523//1523 1722//1722
f 1232//1232 1231//1231 1723//1723
f 1725//1725 1723//1723 1247//1247
f 1219//1219 1217//1217 1724//1724
f 1235//1235 1232//1232 1725//1725
f 1220//1220 1219//1219 1726//1726
f 1237//1237 1235//1235 1727//1727
f 1222//1222 1220//1220 1472//1472
f 1238//1238 1237//1237 1728//1728
f 1225//1225 1222//1222 1729//1729
f 1718//1718 1729//1729 1245//1245
f 1725//1725 1247//1247 1730//1730
f 1727//1727 1725//1725 1731//1731
f 1244//1244 1472//1472 1473//1473
f 1471//1471 1728//1728 1732//1732
f 1728//1728 1727//1727 1732//1732
f 1245//1245 1244//1244 1733//1733
f 1470//1470 1471//1471 1475//1475
f 1718//1718 1245//1245 1734//1734
f 1477//1477 1470//1470 1476//1476
f 1719//1719 1718//1718 1735//1735
f 1246//1246 1719//1719 1736//1736
f 1737//1737 1736//1736 1251//1251
f 1247//1247 1246//1246 1737//1737
f 1730//1730 1737//1737 1252//1252
f 1724//1724 1243//1243 1479//1479
f 1724//1724 1479//1479 1249//1249
f 1477//1477 1476//1476 1480//1480
f 1735//1735 1734//1734 1738//1738
f 1253//1253 1720//1720 1739//1739
f 1720//1720 1477//1477 1739//1739
f 1251//1251 1735//1735 1740//1740
f 1742//1742 1740//1740 1257//1257
f 1249//1249 1524//1524 1741//1741
f 1252//1252 1251//1251 1742//1742
f 1743//1743 1742//1742 1258//1258
f 1474//1474 1724//1724 1741//1741
f 1724//1724 1249//1249 1741//1741
f 1730//1730 1252//1252 1743//1743
f 1473//1473 1726//1726 1744//1744
f 1726//1726 1474//1474 1744//1744
f 1731//1731 1730//1730 1745//1745
f 1250//1250 1473//1473 1482//1482
f 1475//1475 1732//1732 1746//1746
f 1732//1732 1731//1731 1746//1746
f 1733//1733 1250//1250 1747//1747
f 1476//1476 1475//1475 1483//1483
f 1734//1734 1733//1733 1748//1748
f 1738//1738 1748//1748 1256//1256
f 1745//1745 1743//1743 1749//1749
f 1255//1255 1482//1482 1485//1485
f 1483//1483 1746//1746 1750//1750
f 1746//1746 1745//1745 1750//1750
f 1747//1747 1255//1255 1751//1751
f 1480//1480 1483//1483 1487//1487
f 1256//1256 1747//1747 1752//1752
f 1489//1489 1480//1480 1488//1488
f 1738//1738 1256//1256 1753//1753
f 1257//1257 1738//1738 1754//1754
f 1755//1755 1754//1754 1262//1262
f 1258//1258 1257//1257 1755//1755
f 1264//1264 1755//1755 1263//1263
f 1744//1744 1741//1741 1484//1484
f 1741//1741 1254//1254 1484//1484
f 1743//1743 1258//1258 1264//1264
f 1753//1753 1752//1752 1756//1756
f 1265//1265 1739//1739 1757//1757
f 1739//1739 1489//1489 1492//1492
f 1262//1262 1753//1753 1758//1758
f 1759//1759 1758//1758 1269//1269
f 1263//1263 1262//1262 1759//1759
f 1760//1760 1759//1759 1270//1270
f 1484//1484 1260//1260 1493//1493
f 1484//1484 1493//1493 1266//1266
f 1264//1264 1263//1263 1760//1760
f 1485//1485 1744//1744 1761//1761
f 1744//1744 1486//1486 1761//1761
f 1749//1749 1264//1264 1762//1762
f 1261//1261 1485//1485 1494//1494
f 1487//1487 1750//1750 1763//1763
f 1750//1750 1749//1749 1763//1763
f 1751//1751 1261//1261 1764//1764
f 1488//1488 1487//1487 1495//1495
f 1752//1752 1751//1751 1765//1765
f 1756//1756 1765//1765 1268//1268
f 1489//1489 1488//1488 1496//1496
f 1762//1762 1760//1760 1766//1766
f 1267//1267 1494//1494 1498//1498
f 1495//1495 1763//1763 1767//1767
f 1763//1763 1762//1762 1767//1767
f 1764//1764 1267//1267 1768//1768
f 1496//1496 1495//1495 1499//1499
f 1268//1268 1764//1764 1769//1769
f 1492//1492 1496//1496 1500//1500
f 1756//1756 1268//1268 1770//1770
f 1269//1269 1756//1756 1771//1771
f 1773//1773 1771//1771 1274//1274
f 1266//1266 1525//1525 1772//1772
f 1272//1272 1774//1774 1772//1772
f 1270//1270 1269//1269 1773//1773
f 1276//1276 1773//1773 1275//1275
f 1761//1761 1484//1484 1774//1774
f 1484//1484 1266//1266 1774//1774
f 1760//1760 1270//1270 1276//1276
f 1498//1498 1761//1761 1497//1497
f 1277//1277 1757//1757 1775//1775
f 1274//1274 1770//1770 1776//1776
f 1777//1777 1776//1776 1279//1279
f 1275//1275 1274//1274 1777//1777
f 1779//1779 1777//1777 1280//1280
f 1497//1497 1774//1774 1778//1778
f 1778//1778 1774//1774 1278//1278
f 1276//1276 1275//1275 1779//1779
f 1766//1766 1276//1276 1780//1780
f 1273//1273 1498//1498 1506//1506
f 1499//1499 1767//1767 1782//1782
f 1767//1767 1766//1766 1782//1782
f 1768//1768 1273//1273 1783//1783
f 1500//1500 1499//1499 1784//1784
f 1769//1769 1768//1768 1785//1785
f 1504//1504 1500//1500 1507//1507
f 1770//1770 1769//1769 1786//1786
f 1781//1781 1506//1506 1515//1515
f 1788//1788 1781//1781 1515//1515
f 1784//1784 1782//1782 1787//1787
f 1787//1787 1526//1526 1288//1288
f 1508//1508 1787//1787 1285//1285
f 1527//1527 1788//1788 1027//1027
f 1784//1784 1508//1508 1285//1285
f 1785//1785 1783//1783 1527//1527
f 1789//1789 1527//1527 1027//1027
f 1510//1510 1789//1789 1283//1283
f 1502//1502 1507//1507 1509//1509
f 1517//1517 1502//1502 1295//1295
f 1786//1786 1785//1785 1510//1510
f 1528//1528 1510//1510 1283//1283
f 1775//1775 1504//1504 1517//1517
f 1511//1511 1775//1775 1517//1517
f 1279//1279 1786//1786 1528//1528
f 1529//1529 1528//1528 1028//1028
f 1280//1280 1279//1279 1529//1529
f 1530//1530 1529//1529 1029//1029
f 1778//1778 1278//1278 1512//1512
f 1778//1778 1512//1512 1282//1282
f 1514//1514 1778//1778 1519//1519
f 1779//1779 1280//1280 1530//1530
f 1790//1790 1530//1530 1029//1029
f 1513//1513 1790//1790 1284//1284
f 1506//1506 1497//1497 1514//1514
f 1497//1497 1505//1505 1514//1514
f 1782//1782 1780//1780 1513//1513
f 1780//1780 1779//1779 1513//1513
f 1526//1526 1513//1513 1288//1288
f 1795//1795 2051//2051 2056//2056
f 2300//2300 2283//2283 2055//2055
f 2052//2052 1795//1795 2056//2056
f 2301//2301 2300//2300 1797//1797
f 2050//2050 1791//1791 2301//2301
f 2285//2285 2277//2277 2063//2063
f 2302//2302 2050//2050 1798//1798
f 2286//2286 2285//2285 2057//2057
f 1793//1793 1792//1792 2302//2302
f 2304//2304 2302//2302 1799//1799
f 2053//2053 2286//2286 2303//2303
f 1802//1802 2284//2284 2303//2303
f 1794//1794 1793//1793 2304//2304
f 2305//2305 2304//2304 1800//1800
f 2288//2288 2049//2049 2287//2287
f 2288//2288 2287//2287 1796//1796
f 2051//2051 1794//1794 2305//2305
f 2051//2051 2305//2305 1801//1801
f 2282//2282 2288//2288 2054//2054
f 2283//2283 2282//2282 2054//2054
f 1801//1801 1800//1800 2306//2306
f 2055//2055 2054//2054 2075//2075
f 2307//2307 1801//1801 1807//1807
f 2308//2308 2055//2055 2058//2058
f 2052//2052 2056//2056 2307//2307
f 2309//2309 2308//2308 1804//1804
f 2062//2062 2052//2052 2059//2059
f 2301//2301 1797//1797 2309//2309
f 2063//2063 2062//2062 2060//2060
f 1798//1798 2301//2301 2310//2310
f 1799//1799 1798//1798 2311//2311
f 2312//2312 2311//2311 1805//1805
f 1800//1800 1799//1799 2312//2312
f 2306//2306 2312//2312 1806//1806
f 2061//2061 1796//1796 2065//2065
f 2061//2061 2065//2065 1803//1803
f 2071//2071 2060//2060 2069//2069
f 2310//2310 2309//2309 2313//2313
f 2057//2057 2071//2071 2070//2070
f 2072//2072 2057//2057 2070//2070
f 1805//1805 2310//2310 2314//2314
f 2315//2315 2314//2314 1812//1812
f 1806//1806 1805//1805 2315//2315
f 2316//2316 2315//2315 1813//1813
f 2074//2074 1803//1803 2073//2073
f 2074//2074 2073//2073 1809//1809
f 2306//2306 1806//1806 2316//2316
f 2075//2075 2061//2061 2074//2074
f 2075//2075 2074//2074 2066//2066
f 1807//1807 2306//2306 2317//2317
f 2058//2058 2075//2075 2067//2067
f 2319//2319 2058//2058 2067//2067
f 2059//2059 2307//2307 2318//2318
f 2307//2307 1807//1807 2318//2318
f 2320//2320 2319//2319 1810//1810
f 2060//2060 2059//2059 2068//2068
f 2309//2309 1804//1804 2320//2320
f 2313//2313 2320//2320 1811//1811
f 2067//2067 2066//2066 2091//2091
f 2317//2317 2316//2316 2321//2321
f 2323//2323 2067//2067 2076//2076
f 2068//2068 2318//2318 2322//2322
f 2318//2318 2317//2317 2322//2322
f 2324//2324 2323//2323 1816//1816
f 2069//2069 2068//2068 2077//2077
f 1811//1811 1810//1810 2324//2324
f 2070//2070 2069//2069 2078//2078
f 2313//2313 1811//1811 2325//2325
f 2081//2081 2070//2070 2079//2079
f 1812//1812 2313//2313 2326//2326
f 2327//2327 2326//2326 1817//1817
f 1813//1813 1812//1812 2327//2327
f 1819//1819 2327//2327 1818//1818
f 2080//2080 1809//1809 2082//2082
f 2080//2080 2082//2082 1815//1815
f 2316//2316 1813//1813 1819//1819
f 2325//2325 2324//2324 2328//2328
f 2088//2088 2079//2079 2087//2087
f 1817//1817 2325//2325 2329//2329
f 2330//2330 2329//2329 1824//1824
f 1818//1818 1817//1817 2330//2330
f 2331//2331 2330//2330 1825//1825
f 2090//2090 1815//1815 2089//2089
f 2090//2090 2089//2089 1821//1821
f 1819//1819 1818//1818 2331//2331
f 2091//2091 2080//2080 2090//2090
f 2321//2321 1819//1819 2332//2332
f 2076//2076 2091//2091 2084//2084
f 2334//2334 2076//2076 2084//2084
f 2077//2077 2322//2322 2333//2333
f 2322//2322 2321//2321 2333//2333
f 2335//2335 2334//2334 1822//1822
f 2078//2078 2077//2077 2085//2085
f 2324//2324 1816//1816 2335//2335
f 2328//2328 2335//2335 1823//1823
f 2079//2079 2078//2078 2086//2086
f 2332//2332 2331//2331 2336//2336
f 2338//2338 2084//2084 2092//2092
f 2085//2085 2333//2333 2337//2337
f 2333//2333 2332//2332 2337//2337
f 2339//2339 2338//2338 1855//1855
f 2086//2086 2085//2085 2093//2093
f 1823//1823 1822//1822 2339//2339
f 2087//2087 2086//2086 2094//2094
f 2328//2328 1823//1823 2340//2340
f 2096//2096 2087//2087 2095//2095
f 1824//1824 2328//2328 2341//2341
f 2342//2342 2341//2341 1856//1856
f 1825//1825 1824//1824 2342//2342
f 1858//1858 2342//2342 1857//1857
f 2098//2098 1821//1821 2097//2097
f 2098//2098 2097//2097 1854//1854
f 2331//2331 1825//1825 1858//1858
f 2083//2083 2090//2090 2098//2098
f 2084//2084 2083//2083 2106//2106
f 2103//2103 2095//2095 2102//2102
f 1856//1856 2340//2340 2343//2343
f 2344//2344 2343//2343 1862//1862
f 1857//1857 1856//1856 2344//2344
f 2345//2345 2344//2344 1863//1863
f 2105//2105 1854//1854 2104//2104
f 2105//2105 2104//2104 1860//1860
f 1858//1858 1857//1857 2345//2345
f 2106//2106 2098//2098 2105//2105
f 2336//2336 1858//1858 2346//2346
f 2092//2092 2106//2106 2099//2099
f 2348//2348 2092//2092 2099//2099
f 2093//2093 2337//2337 2347//2347
f 2337//2337 2336//2336 2347//2347
f 2349//2349 2348//2348 1861//1861
f 2094//2094 2093//2093 2100//2100
f 2339//2339 1855//1855 2349//2349
f 2095//2095 2094//2094 2101//2101
f 2340//2340 2339//2339 2350//2350
f 2100//2100 2347//2347 2351//2351
f 2353//2353 2352//2352 1866//1866
f 2101//2101 2100//2100 2108//2108
f 2349//2349 1861//1861 2353//2353
f 2102//2102 2101//2101 2109//2109
f 2350//2350 2349//2349 2354//2354
f 2111//2111 2102//2102 2110//2110
f 1862//1862 2350//2350 2355//2355
f 2356//2356 2355//2355 1867//1867
f 1863//1863 1862//1862 2356//2356
f 2357//2357 2356//2356 1868//1868
f 2113//2113 1860//1860 2112//2112
f 2113//2113 2112//2112 1865//1865
f 2345//2345 1863//1863 2357//2357
f 2114//2114 2105//2105 2113//2113
f 2347//2347 2346//2346 2358//2358
f 2346//2346 2345//2345 2358//2358
f 2351//2351 2358//2358 1869//1869
f 2099//2099 2114//2114 2107//2107
f 2352//2352 2099//2099 2107//2107
f 1868//1868 1867//1867 2359//2359
f 2360//2360 2359//2359 1874//1874
f 2121//2121 1865//1865 2119//2119
f 2121//2121 2119//2119 1871//1871
f 2357//2357 1868//1868 2360//2360
f 2122//2122 2113//2113 2121//2121
f 1869//1869 2357//2357 2361//2361
f 2107//2107 2122//2122 2115//2115
f 2363//2363 2107//2107 2115//2115
f 2108//2108 2351//2351 2362//2362
f 2351//2351 1869//1869 2362//2362
f 2364//2364 2363//2363 1872//1872
f 2109//2109 2108//2108 2116//2116
f 2353//2353 1866//1866 2364//2364
f 2110//2110 2109//2109 2117//2117
f 2354//2354 2353//2353 2365//2365
f 2120//2120 2110//2110 2118//2118
f 1867//1867 2354//2354 2366//2366
f 2359//2359 2366//2366 1873//1873
f 2368//2368 2367//2367 1877//1877
f 2117//2117 2116//2116 2125//2125
f 2364//2364 1872//1872 2368//2368
f 2118//2118 2117//2117 2126//2126
f 2365//2365 2364//2364 2369//2369
f 2128//2128 2118//2118 2127//2127
f 1873//1873 2365//2365 2370//2370
f 2371//2371 2370//2370 1878//1878
f 1874//1874 1873//1873 2371//2371
f 2372//2372 2371//2371 1879//1879
f 2130//2130 1871//1871 2129//2129
f 2130//2130 2129//2129 1876//1876
f 2360//2360 1874//1874 2372//2372
f 2131//2131 2121//2121 2130//2130
f 2131//2131 2130//2130 2123//2123
f 2361//2361 2360//2360 2373//2373
f 2115//2115 2131//2131 2124//2124
f 2367//2367 2115//2115 2124//2124
f 2116//2116 2362//2362 2374//2374
f 2362//2362 2361//2361 2374//2374
f 1879//1879 1878//1878 2375//2375
f 2376//2376 2375//2375 1885//1885
f 2372//2372 1879//1879 2376//2376
f 2123//2123 2136//2136 2145//2145
f 2124//2124 2123//2123 2145//2145
f 2373//2373 2372//2372 2377//2377
f 2379//2379 2124//2124 2132//2132
f 2125//2125 2374//2374 2378//2378
f 2374//2374 2373//2373 2378//2378
f 2380//2380 2379//2379 1883//1883
f 2126//2126 2125//2125 2133//2133
f 2368//2368 1877//1877 2380//2380
f 2127//2127 2126//2126 2134//2134
f 2369//2369 2368//2368 2381//2381
f 2137//2137 2127//2127 2135//2135
f 1878//1878 2369//2369 2382//2382
f 2375//2375 2382//2382 1884//1884
f 1876//1876 2289//2289 2383//2383
f 1881//1881 2136//2136 2383//2383
f 2134//2134 2133//2133 2139//2139
f 2380//2380 1883//1883 2384//2384
f 2135//2135 2134//2134 2140//2140
f 2381//2381 2380//2380 2385//2385
f 2142//2142 2135//2135 2141//2141
f 1884//1884 2381//2381 2386//2386
f 2387//2387 2386//2386 1890//1890
f 1885//1885 1884//1884 2387//2387
f 2388//2388 2387//2387 1891//1891
f 2144//2144 1881//1881 2143//2143
f 2144//2144 2143//2143 1887//1887
f 2376//2376 1885//1885 2388//2388
f 2145//2145 2144//2144 2138//2138
f 2377//2377 2376//2376 2389//2389
f 2132//2132 1882//1882 2145//2145
f 2132//2132 2145//2145 1888//1888
f 2133//2133 2378//2378 2390//2390
f 2378//2378 2377//2377 2390//2390
f 2384//2384 2391//2391 1889//1889
f 2388//2388 1891//1891 2392//2392
f 2138//2138 2150//2150 2159//2159
f 1888//1888 2138//2138 2159//2159
f 2389//2389 2388//2388 2393//2393
f 2132//2132 1888//1888 1894//1894
f 2395//2395 2132//2132 2146//2146
f 2139//2139 2390//2390 2394//2394
f 2390//2390 2389//2389 2394//2394
f 2396//2396 2395//2395 1895//1895
f 2140//2140 2139//2139 2147//2147
f 2384//2384 1889//1889 2396//2396
f 2141//2141 2140//2140 2148//2148
f 2385//2385 2384//2384 2397//2397
f 2151//2151 2141//2141 2149//2149
f 1890//1890 2385//2385 2398//2398
f 2400//2400 2398//2398 1896//1896
f 1887//1887 2290//2290 2399//2399
f 1893//1893 2150//2150 2399//2399
f 1891//1891 1890//1890 2400//2400
f 2392//2392 2400//2400 1897//1897
f 2396//2396 1895//1895 2401//2401
f 2149//2149 2148//2148 2154//2154
f 2397//2397 2396//2396 2402//2402
f 2156//2156 2149//2149 2155//2155
f 1896//1896 2397//2397 2403//2403
f 2404//2404 2403//2403 1902//1902
f 1897//1897 1896//1896 2404//2404
f 2405//2405 2404//2404 1903//1903
f 2158//2158 1893//1893 2157//2157
f 2158//2158 2157//2157 1899//1899
f 2392//2392 1897//1897 2405//2405
f 2159//2159 2158//2158 2152//2152
f 2393//2393 2392//2392 2406//2406
f 2146//2146 1894//1894 2159//2159
f 2146//2146 2159//2159 1900//1900
f 2147//2147 2394//2394 2407//2407
f 2394//2394 2393//2393 2407//2407
f 2401//2401 2408//2408 1901//1901
f 2148//2148 2147//2147 2153//2153
f 2405//2405 1903//1903 2409//2409
f 1900//1900 2152//2152 2175//2175
f 2406//2406 2405//2405 2410//2410
f 2146//2146 1900//1900 2160//2160
f 2412//2412 2146//2146 2160//2160
f 2153//2153 2407//2407 2411//2411
f 2407//2407 2406//2406 2411//2411
f 2413//2413 2412//2412 1906//1906
f 2154//2154 2153//2153 2161//2161
f 2401//2401 1901//1901 2413//2413
f 2155//2155 2154//2154 2162//2162
f 2402//2402 2401//2401 2414//2414
f 2165//2165 2155//2155 2163//2163
f 1902//1902 2402//2402 2415//2415
f 2416//2416 2415//2415 1907//1907
f 1903//1903 1902//1902 2416//2416
f 2409//2409 2416//2416 1908//1908
f 2164//2164 1899//1899 2166//2166
f 2164//2164 2166//2166 1905//1905
f 2163//2163 2162//2162 2170//2170
f 2414//2414 2413//2413 2417//2417
f 2172//2172 2163//2163 2171//2171
f 1907//1907 2414//2414 2418//2418
f 2419//2419 2418//2418 1913//1913
f 1908//1908 1907//1907 2419//2419
f 2420//2420 2419//2419 1914//1914
f 2174//2174 1905//1905 2173//2173
f 2174//2174 2173//2173 1910//1910
f 2409//2409 1908//1908 2420//2420
f 2175//2175 2164//2164 2174//2174
f 2410//2410 2409//2409 2421//2421
f 2160//2160 2175//2175 2168//2168
f 2423//2423 2160//2160 2168//2168
f 2161//2161 2411//2411 2422//2422
f 2411//2411 2410//2410 2422//2422
f 2424//2424 2423//2423 1911//1911
f 2162//2162 2161//2161 2169//2169
f 2413//2413 1906//1906 2424//2424
f 2417//2417 2424//2424 1912//1912
f 2421//2421 2420//2420 2425//2425
f 2427//2427 2168//2168 2176//2176
f 2169//2169 2422//2422 2426//2426
f 2422//2422 2421//2421 2426//2426
f 2428//2428 2427//2427 1917//1917
f 2170//2170 2169//2169 2177//2177
f 1912//1912 1911//1911 2428//2428
f 2171//2171 2170//2170 2178//2178
f 2417//2417 1912//1912 2429//2429
f 2180//2180 2171//2171 2179//2179
f 1913//1913 2417//2417 2430//2430
f 2431//2431 2430//2430 1918//1918
f 1914//1914 1913//1913 2431//2431
f 1920//1920 2431//2431 1919//1919
f 2182//2182 1910//1910 2181//2181
f 2182//2182 2181//2181 1916//1916
f 2420//2420 1914//1914 1920//1920
f 2167//2167 2174//2174 2182//2182
f 2168//2168 2167//2167 2191//2191
f 2188//2188 2179//2179 2187//2187
f 1918//1918 2429//2429 2432//2432
f 2433//2433 2432//2432 1924//1924
f 1919//1919 1918//1918 2433//2433
f 2434//2434 2433//2433 1925//1925
f 2190//2190 1916//1916 2189//2189
f 2190//2190 2189//2189 1922//1922
f 1920//1920 1919//1919 2434//2434
f 2191//2191 2182//2182 2190//2190
f 2425//2425 1920//1920 2435//2435
f 2176//2176 2191//2191 2184//2184
f 2437//2437 2176//2176 2184//2184
f 2177//2177 2426//2426 2436//2436
f 2426//2426 2425//2425 2436//2436
f 2438//2438 2437//2437 1923//1923
f 2178//2178 2177//2177 2185//2185
f 2428//2428 1917//1917 2438//2438
f 2179//2179 2178//2178 2186//2186
f 2429//2429 2428//2428 2439//2439
f 2441//2441 2184//2184 2192//2192
f 2185//2185 2436//2436 2440//2440
f 2442//2442 2441//2441 1928//1928
f 2186//2186 2185//2185 2193//2193
f 2438//2438 1923//1923 2442//2442
f 2187//2187 2186//2186 2194//2194
f 2439//2439 2438//2438 2443//2443
f 2196//2196 2187//2187 2195//2195
f 1924//1924 2439//2439 2444//2444
f 2445//2445 2444//2444 1929//1929
f 1925//1925 1924//1924 2445//2445
f 2446//2446 2445//2445 1930//1930
f 2198//2198 1922//1922 2197//2197
f 2198//2198 2197//2197 1927//1927
f 2434//2434 1925//1925 2446//2446
f 2183//2183 2190//2190 2198//2198
f 2184//2184 2183//2183 2206//2206
f 2436//2436 2435//2435 2447//2447
f 2435//2435 2434//2434 2447//2447
f 2440//2440 2447//2447 1931//1931
f 1929//1929 2443//2443 2448//2448
f 2449//2449 2448//2448 1935//1935
f 1930//1930 1929//1929 2449//2449
f 2450//2450 2449//2449 1936//1936
f 2205//2205 1927//1927 2203//2203
f 2205//2205 2203//2203 1933//1933
f 2446//2446 1930//1930 2450//2450
f 2206//2206 2198//2198 2205//2205
f 1931//1931 2446//2446 2451//2451
f 2192//2192 2206//2206 2199//2199
f 2453//2453 2192//2192 2199//2199
f 2193//2193 2440//2440 2452//2452
f 2440//2440 1931//1931 2452//2452
f 2454//2454 2453//2453 1934//1934
f 2194//2194 2193//2193 2200//2200
f 2442//2442 1928//1928 2454//2454
f 2195//2195 2194//2194 2201//2201
f 2443//2443 2442//2442 2455//2455
f 2204//2204 2195//2195 2202//2202
f 2200//2200 2452//2452 2456//2456
f 2458//2458 2457//2457 1969//1969
f 2201//2201 2200//2200 2208//2208
f 2454//2454 1934//1934 2458//2458
f 2202//2202 2201//2201 2209//2209
f 2455//2455 2454//2454 2459//2459
f 2211//2211 2202//2202 2210//2210
f 1935//1935 2455//2455 2460//2460
f 2461//2461 2460//2460 1970//1970
f 1936//1936 1935//1935 2461//2461
f 2462//2462 2461//2461 1971//1971
f 2213//2213 1933//1933 2212//2212
f 2213//2213 2212//2212 1968//1968
f 2450//2450 1936//1936 2462//2462
f 2214//2214 2205//2205 2213//2213
f 2452//2452 2451//2451 2463//2463
f 2451//2451 2450//2450 2463//2463
f 2456//2456 2463//2463 1972//1972
f 2199//2199 2214//2214 2207//2207
f 2457//2457 2199//2199 2207//2207
f 1971//1971 1970//1970 2464//2464
f 2465//2465 2464//2464 1977//1977
f 2221//2221 1968//1968 2219//2219
f 2221//2221 2219//2219 1974//1974
f 2462//2462 1971//1971 2465//2465
f 2222//2222 2213//2213 2221//2221
f 1972//1972 2462//2462 2466//2466
f 2207//2207 2222//2222 2215//2215
f 2468//2468 2207//2207 2215//2215
f 2208//2208 2456//2456 2467//2467
f 2456//2456 1972//1972 2467//2467
f 2469//2469 2468//2468 1975//1975
f 2209//2209 2208//2208 2216//2216
f 2458//2458 1969//1969 2469//2469
f 2210//2210 2209//2209 2217//2217
f 2459//2459 2458//2458 2470//2470
f 2220//2220 2210//2210 2218//2218
f 1970//1970 2459//2459 2471//2471
f 2464//2464 2471//2471 1976//1976
f 2473//2473 2472//2472 1980//1980
f 2217//2217 2216//2216 2235//2235
f 2469//2469 1975//1975 2473//2473
f 2218//2218 2217//2217 2236//2236
f 2470//2470 2469//2469 2474//2474
f 2227//2227 2218//2218 2225//2225
f 1976//1976 2470//2470 2475//2475
f 2476//2476 2475//2475 1981//1981
f 1977//1977 1976//1976 2476//2476
f 2477//2477 2476//2476 1982//1982
f 2229//2229 1974//1974 2228//2228
f 2229//2229 2228//2228 1979//1979
f 2465//2465 1977//1977 2477//2477
f 2230//2230 2221//2221 2229//2229
f 2230//2230 2229//2229 2223//2223
f 2466//2466 2465//2465 2478//2478
f 2215//2215 2230//2230 2224//2224
f 2472//2472 2215//2215 2224//2224
f 2216//2216 2467//2467 2479//2479
f 2467//2467 2466//2466 2479//2479
f 1982//1982 1981//1981 2480//2480
f 2481//2481 2480//2480 1998//1998
f 2477//2477 1982//1982 2481//2481
f 2482//2482 2481//2481 1999//1999
f 2223//2223 2233//2233 1986//1986
f 2224//2224 2223//2223 2231//2231
f 2478//2478 2477//2477 2482//2482
f 2234//2234 2482//2482 2002//2002
f 2483//2483 2224//2224 1988//1988
f 2226//2226 2479//2479 2234//2234
f 2479//2479 2478//2478 2234//2234
f 2484//2484 2483//2483 1989//1989
f 2235//2235 2226//2226 2234//2234
f 2235//2235 2234//2234 2005//2005
f 2473//2473 1980//1980 2484//2484
f 2485//2485 2484//2484 1991//1991
f 2236//2236 2235//2235 2006//2006
f 2474//2474 2473//2473 2485//2485
f 2486//2486 2485//2485 1993//1993
f 2225//2225 2236//2236 2007//2007
f 2237//2237 2225//2225 2232//2232
f 1981//1981 2474//2474 2486//2486
f 2480//2480 2486//2486 1996//1996
f 1979//1979 2291//2291 2487//2487
f 1985//1985 2233//2233 2487//2487
f 2006//2006 2005//2005 2239//2239
f 1994//1994 1992//1992 2488//2488
f 2007//2007 2006//2006 2238//2238
f 1995//1995 1994//1994 2489//2489
f 2009//2009 2007//2007 2490//2490
f 1997//1997 1995//1995 2491//2491
f 2493//2493 2491//2491 2013//2013
f 2015//2015 2292//2292 2492//2492
f 2000//2000 1997//1997 2493//2493
f 2495//2495 2493//2493 2014//2014
f 1986//1986 1984//1984 2494//2494
f 2001//2001 2000//2000 2495//2495
f 1987//1987 1986//1986 2496//2496
f 2004//2004 2001//2001 2497//2497
f 1990//1990 1987//1987 2240//2240
f 2005//2005 2004//2004 2498//2498
f 1992//1992 1990//1990 2499//2499
f 2488//2488 2499//2499 2012//2012
f 2495//2495 2014//2014 2500//2500
f 2497//2497 2495//2495 2501//2501
f 2011//2011 2240//2240 2241//2241
f 2239//2239 2498//2498 2502//2502
f 2498//2498 2497//2497 2502//2502
f 2012//2012 2011//2011 2503//2503
f 2238//2238 2239//2239 2243//2243
f 2488//2488 2012//2012 2504//2504
f 2245//2245 2238//2238 2244//2244
f 2489//2489 2488//2488 2505//2505
f 2013//2013 2489//2489 2506//2506
f 2507//2507 2506//2506 2018//2018
f 2014//2014 2013//2013 2507//2507
f 2500//2500 2507//2507 2019//2019
f 2494//2494 2010//2010 2247//2247
f 2494//2494 2247//2247 2016//2016
f 2245//2245 2244//2244 2248//2248
f 2505//2505 2504//2504 2508//2508
f 2020//2020 2490//2490 2509//2509
f 2490//2490 2245//2245 2509//2509
f 2018//2018 2505//2505 2510//2510
f 2512//2512 2510//2510 2024//2024
f 2016//2016 2293//2293 2511//2511
f 2019//2019 2018//2018 2512//2512
f 2513//2513 2512//2512 2025//2025
f 2242//2242 2494//2494 2511//2511
f 2494//2494 2016//2016 2511//2511
f 2500//2500 2019//2019 2513//2513
f 2241//2241 2496//2496 2514//2514
f 2496//2496 2242//2242 2514//2514
f 2501//2501 2500//2500 2515//2515
f 2017//2017 2241//2241 2250//2250
f 2243//2243 2502//2502 2516//2516
f 2502//2502 2501//2501 2516//2516
f 2503//2503 2017//2017 2517//2517
f 2244//2244 2243//2243 2251//2251
f 2504//2504 2503//2503 2518//2518
f 2508//2508 2518//2518 2023//2023
f 2515//2515 2513//2513 2519//2519
f 2022//2022 2250//2250 2253//2253
f 2251//2251 2516//2516 2520//2520
f 2516//2516 2515//2515 2520//2520
f 2517//2517 2022//2022 2521//2521
f 2248//2248 2251//2251 2255//2255
f 2023//2023 2517//2517 2522//2522
f 2257//2257 2248//2248 2256//2256
f 2508//2508 2023//2023 2523//2523
f 2024//2024 2508//2508 2524//2524
f 2525//2525 2524//2524 2029//2029
f 2025//2025 2024//2024 2525//2525
f 2031//2031 2525//2525 2030//2030
f 2514//2514 2511//2511 2252//2252
f 2511//2511 2021//2021 2252//2252
f 2513//2513 2025//2025 2031//2031
f 2523//2523 2522//2522 2526//2526
f 2032//2032 2509//2509 2527//2527
f 2509//2509 2257//2257 2260//2260
f 2029//2029 2523//2523 2528//2528
f 2529//2529 2528//2528 2036//2036
f 2030//2030 2029//2029 2529//2529
f 2530//2530 2529//2529 2037//2037
f 2252//2252 2027//2027 2261//2261
f 2252//2252 2261//2261 2033//2033
f 2031//2031 2030//2030 2530//2530
f 2253//2253 2514//2514 2531//2531
f 2514//2514 2254//2254 2531//2531
f 2519//2519 2031//2031 2532//2532
f 2028//2028 2253//2253 2262//2262
f 2255//2255 2520//2520 2533//2533
f 2520//2520 2519//2519 2533//2533
f 2521//2521 2028//2028 2534//2534
f 2256//2256 2255//2255 2263//2263
f 2522//2522 2521//2521 2535//2535
f 2526//2526 2535//2535 2035//2035
f 2257//2257 2256//2256 2264//2264
f 2532//2532 2530//2530 2536//2536
f 2034//2034 2262//2262 2266//2266
f 2263//2263 2533//2533 2537//2537
f 2533//2533 2532//2532 2537//2537
f 2534//2534 2034//2034 2538//2538
f 2264//2264 2263//2263 2267//2267
f 2035//2035 2534//2534 2539//2539
f 2260//2260 2264//2264 2268//2268
f 2526//2526 2035//2035 2540//2540
f 2036//2036 2526//2526 2541//2541
f 2543//2543 2541//2541 2041//2041
f 2033//2033 2294//2294 2542//2542
f 2039//2039 2544//2544 2542//2542
f 2037//2037 2036//2036 2543//2543
f 2043//2043 2543//2543 2042//2042
f 2531//2531 2252//2252 2544//2544
f 2252//2252 2033//2033 2544//2544
f 2530//2530 2037//2037 2043//2043
f 2266//2266 2531//2531 2265//2265
f 2044//2044 2527//2527 2545//2545
f 2041//2041 2540//2540 2546//2546
f 2547//2547 2546//2546 2046//2046
f 2042//2042 2041//2041 2547//2547
f 2549//2549 2547//2547 2047//2047
f 2265//2265 2544//2544 2548//2548
f 2548//2548 2544//2544 2045//2045
f 2043//2043 2042//2042 2549//2549
f 2536//2536 2043//2043 2550//2550
f 2040//2040 2266//2266 2274//2274
f 2267//2267 2537//2537 2552//2552
f 2537//2537 2536//2536 2552//2552
f 2538//2538 2040//2040 2553//2553
f 2268//2268 2267//2267 2554//2554
f 2539//2539 2538//2538 2555//2555
f 2272//2272 2268//2268 2275//2275
f 2540//2540 2539//2539 2556//2556
f 2551//2551 2274//2274 2283//2283
f 2558//2558 2551//2551 2283//2283
f 2554//2554 2552//2552 2557//2557
f 2557//2557 2295//2295 1795//1795
f 2276//2276 2557//2557 2052//2052
f 2296//2296 2558//2558 1791//1791
f 2554//2554 2276//2276 2052//2052
f 2555//2555 2553//2553 2296//2296
f 2559//2559 2296//2296 1791//1791
f 2278//2278 2559//2559 2050//2050
f 2270//2270 2275//2275 2277//2277
f 2286//2286 2270//2270 2285//2285
f 2556//2556 2555//2555 2278//2278
f 2297//2297 2278//2278 2050//2050
f 2545//2545 2272//2272 2286//2286
f 2279//2279 2545//2545 2286//2286
f 2046//2046 2556//2556 2297//2297
f 2298//2298 2297//2297 1792//1792
f 2047//2047 2046//2046 2298//2298
f 2299//2299 2298//2298 1793//1793
f 2548//2548 2045//2045 2280//2280
f 2548//2548 2280//2280 2049//2049
f 2282//2282 2548//2548 2288//2288
f 2549//2549 2047//2047 2299//2299
f 2560//2560 2299//2299 1794//1794
f 2281//2281 2560//2560 2051//2051
f 2274//2274 2265//2265 2282//2282
f 2265//2265 2273//2273 2282//2282
f 2552//2552 2550//2550 2281//2281
f 2550//2550 2549//2549 2281//2281
f 2295//2295 2281//2281 1795//1795
f 2565//2565 2821//2821 2826//2826
f 3070//3070 3053//3053 2825//2825
f 2822//2822 2565//2565 2826//2826
f 3071//3071 3070//3070 2567//2567
f 2820//2820 2561//2561 3071//3071
f 3055//3055 3047//3047 2833//2833
f 3072//3072 2820//2820 2568//2568
f 3056//3056 3055//3055 2827//2827
f 2563//2563 2562//2562 3072//3072
f 3074//3074 3072//3072 2569//2569
f 2823//2823 3056//3056 3073//3073
f 2572//2572 3054//3054 3073//3073
f 2564//2564 2563//2563 3074//3074
f 3075//3075 3074//3074 2570//2570
f 3058//3058 2819//2819 3057//3057
f 3058//3058 3057//3057 2566//2566
f 2821//2821 2564//2564 3075//3075
f 2821//2821 3075//3075 2571//2571
f 3052//3052 3058//3058 2824//2824
f 3053//3053 3052//3052 2824//2824
f 2571//2571 2570//2570 3076//3076
f 2825//2825 2824//2824 2845//2845
f 3077//3077 2571//2571 2577//2577
f 3078//3078 2825//2825 2828//2828
f 2822//2822 2826//2826 3077//3077
f 3079//3079 3078//3078 2574//2574
f 2832//2832 2822//2822 2829//2829
f 3071//3071 2567//2567 3079//3079
f 2833//2833 2832//2832 2830//2830
f 2568//2568 3071//3071 3080//3080
f 2569//2569 2568//2568 3081//3081
f 3082//3082 3081//3081 2575//2575
f 2570//2570 2569//2569 3082//3082
f 3076//3076 3082//3082 2576//2576
f 2831//2831 2566//2566 2835//2835
f 2831//2831 2835//2835 2573//2573
f 2841//2841 2830//2830 2839//2839
f 3080//3080 3079//3079 3083//3083
f 2827//2827 2841//2841 2840//2840
f 2842//2842 2827//2827 2840//2840
f 2575//2575 3080//3080 3084//3084
f 3085//3085 3084//3084 2582//2582
f 2576//2576 2575//2575 3085//3085
f 3086//3086 3085//3085 2583//2583
f 2844//2844 2573//2573 2843//2843
f 2844//2844 2843//2843 2579//2579
f 3076//3076 2576//2576 3086//3086
f 2845//2845 2831//2831 2844//2844
f 2845//2845 2844//2844 2836//2836
f 2577//2577 3076//3076 3087//3087
f 2828//2828 2845//2845 2837//2837
f 3089//3089 2828//2828 2837//2837
f 2829//2829 3077//3077 3088//3088
f 3077//3077 2577//2577 3088//3088
f 3090//3090 3089//3089 2580//2580
f 2830//2830 2829//2829 2838//2838
f 3079//3079 2574//2574 3090//3090
f 3083//3083 3090//3090 2581//2581
f 2837//2837 2836//2836 2861//2861
f 3087//3087 3086//3086 3091//3091
f 3093//3093 2837//2837 2846//2846
f 2838//2838 3088//3088 3092//3092
f 3088//3088 3087//3087 3092//3092
f 3094//3094 3093//3093 2586//2586
f 2839//2839 2838//2838 2847//2847
f 2581//2581 2580//2580 3094//3094
f 2840//2840 2839//2839 2848//2848
f 3083//3083 2581//2581 3095//3095
f 2851//2851 2840//2840 2849//2849
f 2582//2582 3083//3083 3096//3096
f 3097//3097 3096//3096 2587//2587
f 2583//2583 2582//2582 3097//3097
f 2589//2589 3097//3097 2588//2588
f 2850//2850 2579//2579 2852//2852
f 2850//2850 2852//2852 2585//2585
f 3086//3086 2583//2583 2589//2589
f 3095//3095 3094//3094 3098//3098
f 2858//2858 2849//2849 2857//2857
f 2587//2587 3095//3095 3099//3099
f 3100//3100 3099//3099 2594//2594
f 2588//2588 2587//2587 3100//3100
f 3101//3101 3100//3100 2595//2595
f 2860//2860 2585//2585 2859//2859
f 2860//2860 2859//2859 2591//2591
f 2589//2589 2588//2588 3101//3101
f 2861//2861 2850//2850 2860//2860
f 3091//3091 2589//2589 3102//3102
f 2846//2846 2861//2861 2854//2854
f 3104//3104 2846//2846 2854//2854
f 2847//2847 3092//3092 3103//3103
f 3092//3092 3091//3091 3103//3103
f 3105//3105 3104//3104 2592//2592
f 2848//2848 2847//2847 2855//2855
f 3094//3094 2586//2586 3105//3105
f 3098//3098 3105//3105 2593//2593
f 2849//2849 2848//2848 2856//2856
f 3102//3102 3101//3101 3106//3106
f 3108//3108 2854//2854 2862//2862
f 2855//2855 3103//3103 3107//3107
f 3103//3103 3102//3102 3107//3107
f 3109//3109 3108//3108 2625//2625
f 2856//2856 2855//2855 2863//2863
f 2593//2593 2592//2592 3109//3109
f 2857//2857 2856//2856 2864//2864
f 3098//3098 2593//2593 3110//3110
f 2866//2866 2857//2857 2865//2865
f 2594//2594 3098//3098 3111//3111
f 3112//3112 3111//3111 2626//2626
f 2595//2595 2594//2594 3112//3112
f 2628//2628 3112//3112 2627//2627
f 2868//2868 2591//2591 2867//2867
f 2868//2868 2867//2867 2624//2624
f 3101//3101 2595//2595 2628//2628
f 2853//2853 2860//2860 2868//2868
f 2854//2854 2853//2853 2876//2876
f 2873//2873 2865//2865 2872//2872
f 2626//2626 3110//3110 3113//3113
f 3114//3114 3113//3113 2632//2632
f 2627//2627 2626//2626 3114//3114
f 3115//3115 3114//3114 2633//2633
f 2875//2875 2624//2624 2874//2874
f 2875//2875 2874//2874 2630//2630
f 2628//2628 2627//2627 3115//3115
f 2876//2876 2868//2868 2875//2875
f 3106//3106 2628//2628 3116//3116
f 2862//2862 2876//2876 2869//2869
f 3118//3118 2862//2862 2869//2869
f 2863//2863 3107//3107 3117//3117
f 3107//3107 3106//3106 3117//3117
f 3119//3119 3118//3118 2631//2631
f 2864//2864 2863//2863 2870//2870
f 3109//3109 2625//2625 3119//3119
f 2865//2865 2864//2864 2871//2871
f 3110//3110 3109//3109 3120//3120
f 2870//2870 3117//3117 3121//3121
f 3123//3123 3122//3122 2636//2636
f 2871//2871 2870//2870 2878//2878
f 3119//3119 2631//2631 3123//3123
f 2872//2872 2871//2871 2879//2879
f 3120//3120 3119//3119 3124//3124
f 2881//2881 2872//2872 2880//2880
f 2632//2632 3120//3120 3125//3125
f 3126//3126 3125//3125 2637//2637
f 2633//2633 2632//2632 3126//3126
f 3127//3127 3126//3126 2638//2638
f 2883//2883 2630//2630 2882//2882
f 2883//2883 2882//2882 2635//2635
f 3115//3115 2633//2633 3127//3127
f 2884//2884 2875//2875 2883//2883
f 3117//3117 3116//3116 3128//3128
f 3116//3116 3115//3115 3128//3128
f 3121//3121 3128//3128 2639//2639
f 2869//2869 2884//2884 2877//2877
f 3122//3122 2869//2869 2877//2877
f 2638//2638 2637//2637 3129//3129
f 3130//3130 3129//3129 2644//2644
f 2891//2891 2635//2635 2889//2889
f 2891//2891 2889//2889 2641//2641
f 3127//3127 2638//2638 3130//3130
f 2892//2892 2883//2883 2891//2891
f 2639//2639 3127//3127 3131//3131
f 2877//2877 2892//2892 2885//2885
f 3133//3133 2877//2877 2885//2885
f 2878//2878 3121//3121 3132//3132
f 3121//3121 2639//2639 3132//3132
f 3134//3134 3133//3133 2642//2642
f 2879//2879 2878//2878 2886//2886
f 3123//3123 2636//2636 3134//3134
f 2880//2880 2879//2879 2887//2887
f 3124//3124 3123//3123 3135//3135
f 2890//2890 2880//2880 2888//2888
f 2637//2637 3124//3124 3136//3136
f 3129//3129 3136//3136 2643//2643
f 3138//3138 3137//3137 2647//2647
f 2887//2887 2886//2886 2895//2895
f 3134//3134 2642//2642 3138//3138
f 2888//2888 2887//2887 2896//2896
f 3135//3135 3134//3134 3139//3139
f 2898//2898 2888//2888 2897//2897
f 2643//2643 3135//3135 3140//3140
f 3141//3141 3140//3140 2648//2648
f 2644//2644 2643//2643 3141//3141
f 3142//3142 3141//3141 2649//2649
f 2900//2900 2641//2641 2899//2899
f 2900//2900 2899//2899 2646//2646
f 3130//3130 2644//2644 3142//3142
f 2901//2901 2891//2891 2900//2900
f 2901//2901 2900//2900 2893//2893
f 3131//3131 3130//3130 3143//3143
f 2885//2885 2901//2901 2894//2894
f 3137//3137 2885//2885 2894//2894
f 2886//2886 3132//3132 3144//3144
f 3132//3132 3131//3131 3144//3144
f 2649//2649 2648//2648 3145//3145
f 3146//3146 3145//3145 2655//2655
f 3142//3142 2649//2649 3146//3146
f 2893//2893 2906//2906 2915//2915
f 2894//2894 2893//2893 2915//2915
f 3143//3143 3142//3142 3147//3147
f 3149//3149 2894//2894 2902//2902
f 2895//2895 3144//3144 3148//3148
f 3144//3144 3143//3143 3148//3148
f 3150//3150 3149//3149 2653//2653
f 2896//2896 2895//2895 2903//2903
f 3138//3138 2647//2647 3150//3150
f 2897//2897 2896//2896 2904//2904
f 3139//3139 3138//3138 3151//3151
f 2907//2907 2897//2897 2905//2905
f 2648//2648 3139//3139 3152//3152
f 3145//3145 3152//3152 2654//2654
f 2646//2646 3059//3059 3153//3153
f 2651//2651 2906//2906 3153//3153
f 2904//2904 2903//2903 2909//2909
f 3150//3150 2653//2653 3154//3154
f 2905//2905 2904//2904 2910//2910
f 3151//3151 3150//3150 3155//3155
f 2912//2912 2905//2905 2911//2911
f 2654//2654 3151//3151 3156//3156
f 3157//3157 3156//3156 2660//2660
f 2655//2655 2654//2654 3157//3157
f 3158//3158 3157//3157 2661//2661
f 2914//2914 2651//2651 2913//2913
f 2914//2914 2913//2913 2657//2657
f 3146//3146 2655//2655 3158//3158
f 2915//2915 2914//2914 2908//2908
f 3147//3147 3146//3146 3159//3159
f 2902//2902 2652//2652 2915//2915
f 2902//2902 2915//2915 2658//2658
f 2903//2903 3148//3148 3160//3160
f 3148//3148 3147//3147 3160//3160
f 3154//3154 3161//3161 2659//2659
f 3158//3158 2661//2661 3162//3162
f 2908//2908 2920//2920 2929//2929
f 2658//2658 2908//2908 2929//2929
f 3159//3159 3158//3158 3163//3163
f 2902//2902 2658//2658 2664//2664
f 3165//3165 2902//2902 2916//2916
f 2909//2909 3160//3160 3164//3164
f 3160//3160 3159//3159 3164//3164
f 3166//3166 3165//3165 2665//2665
f 2910//2910 2909//2909 2917//2917
f 3154//3154 2659//2659 3166//3166
f 2911//2911 2910//2910 2918//2918
f 3155//3155 3154//3154 3167//3167
f 2921//2921 2911//2911 2919//2919
f 2660//2660 3155//3155 3168//3168
f 3170//3170 3168//3168 2666//2666
f 2657//2657 3060//3060 3169//3169
f 2663//2663 2920//2920 3169//3169
f 2661//2661 2660//2660 3170//3170
f 3162//3162 3170//3170 2667//2667
f 3166//3166 2665//2665 3171//3171
f 2919//2919 2918//2918 2924//2924
f 3167//3167 3166//3166 3172//3172
f 2926//2926 2919//2919 2925//2925
f 2666//2666 3167//3167 3173//3173
f 3174//3174 3173//3173 2672//2672
f 2667//2667 2666//2666 3174//3174
f 3175//3175 3174//3174 2673//2673
f 2928//2928 2663//2663 2927//2927
f 2928//2928 2927//2927 2669//2669
f 3162//3162 2667//2667 3175//3175
f 2929//2929 2928//2928 2922//2922
f 3163//3163 3162//3162 3176//3176
f 2916//2916 2664//2664 2929//2929
f 2916//2916 2929//2929 2670//2670
f 2917//2917 3164//3164 3177//3177
f 3164//3164 3163//3163 3177//3177
f 3171//3171 3178//3178 2671//2671
f 2918//2918 2917//2917 2923//2923
f 3175//3175 2673//2673 3179//3179
f 2670//2670 2922//2922 2945//2945
f 3176//3176 3175//3175 3180//3180
f 2916//2916 2670//2670 2930//2930
f 3182//3182 2916//2916 2930//2930
f 2923//2923 3177//3177 3181//3181
f 3177//3177 3176//3176 3181//3181
f 3183//3183 3182//3182 2676//2676
f 2924//2924 2923//2923 2931//2931
f 3171//3171 2671//2671 3183//3183
f 2925//2925 2924//2924 2932//2932
f 3172//3172 3171//3171 3184//3184
f 2935//2935 2925//2925 2933//2933
f 2672//2672 3172//3172 3185//3185
f 3186//3186 3185//3185 2677//2677
f 2673//2673 2672//2672 3186//3186
f 3179//3179 3186//3186 2678//2678
f 2934//2934 2669//2669 2936//2936
f 2934//2934 2936//2936 2675//2675
f 2933//2933 2932//2932 2940//2940
f 3184//3184 3183//3183 3187//3187
f 2942//2942 2933//2933 2941//2941
f 2677//2677 3184//3184 3188//3188
f 3189//3189 3188//3188 2683//2683
f 2678//2678 2677//2677 3189//3189
f 3190//3190 3189//3189 2684//2684
f 2944//2944 2675//2675 2943//2943
f 2944//2944 2943//2943 2680//2680
f 3179//3179 2678//2678 3190//3190
f 2945//2945 2934//2934 2944//2944
f 3180//3180 3179//3179 3191//3191
f 2930//2930 2945//2945 2938//2938
f 3193//3193 2930//2930 2938//2938
f 2931//2931 3181//3181 3192//3192
f 3181//3181 3180//3180 3192//3192
f 3194//3194 3193//3193 2681//2681
f 2932//2932 2931//2931 2939//2939
f 3183//3183 2676//2676 3194//3194
f 3187//3187 3194//3194 2682//2682
f 3191//3191 3190//3190 3195//3195
f 3197//3197 2938//2938 2946//2946
f 2939//2939 3192//3192 3196//3196
f 3192//3192 3191//3191 3196//3196
f 3198//3198 3197//3197 2687//2687
f 2940//2940 2939//2939 2947//2947
f 2682//2682 2681//2681 3198//3198
f 2941//2941 2940//2940 2948//2948
f 3187//3187 2682//2682 3199//3199
f 2950//2950 2941//2941 2949//2949
f 2683//2683 3187//3187 3200//3200
f 3201//3201 3200//3200 2688//2688
f 2684//2684 2683//2683 3201//3201
f 2690//2690 3201//3201 2689//2689
f 2952//2952 2680//2680 2951//2951
f 2952//2952 2951//2951 2686//2686
f 3190//3190 2684//2684 2690//2690
f 2937//2937 2944//2944 2952//2952
f 2938//2938 2937//2937 2961//2961
f 2958//2958 2949//2949 2957//2957
f 2688//2688 3199//3199 3202//3202
f 3203//3203 3202//3202 2694//2694
f 2689//2689 2688//2688 3203//3203
f 3204//3204 3203//3203 2695//2695
f 2960//2960 2686//2686 2959//2959
f 2960//2960 2959//2959 2692//2692
f 2690//2690 2689//2689 3204//3204
f 2961//2961 2952//2952 2960//2960
f 3195//3195 2690//2690 3205//3205
f 2946//2946 2961//2961 2954//2954
f 3207//3207 2946//2946 2954//2954
f 2947//2947 3196//3196 3206//3206
f 3196//3196 3195//3195 3206//3206
f 3208//3208 3207//3207 2693//2693
f 2948//2948 2947//2947 2955//2955
f 3198//3198 2687//2687 3208//3208
f 2949//2949 2948//2948 2956//2956
f 3199//3199 3198//3198 3209//3209
f 3211//3211 2954//2954 2962//2962
f 2955//2955 3206//3206 3210//3210
f 3212//3212 3211//3211 2698//2698
f 2956//2956 2955//2955 2963//2963
f 3208//3208 2693//2693 3212//3212
f 2957//2957 2956//2956 2964//2964
f 3209//3209 3208//3208 3213//3213
f 2966//2966 2957//2957 2965//2965
f 2694//2694 3209//3209 3214//3214
f 3215//3215 3214//3214 2699//2699
f 2695//2695 2694//2694 3215//3215
f 3216//3216 3215//3215 2700//2700
f 2968//2968 2692//2692 2967//2967
f 2968//2968 2967//2967 2697//2697
f 3204//3204 2695//2695 3216//3216
f 2953//2953 2960//2960 2968//2968
f 2954//2954 2953//2953 2976//2976
f 3206//3206 3205//3205 3217//3217
f 3205//3205 3204//3204 3217//3217
f 3210//3210 3217//3217 2701//2701
f 2699//2699 3213//3213 3218//3218
f 3219//3219 3218//3218 2705//2705
f 2700//2700 2699//2699 3219//3219
f 3220//3220 3219//3219 2706//2706
f 2975//2975 2697//2697 2973//2973
f 2975//2975 2973//2973 2703//2703
f 3216//3216 2700//2700 3220//3220
f 2976//2976 2968//2968 2975//2975
f 2701//2701 3216//3216 3221//3221
f 2962//2962 2976//2976 2969//2969
f 3223//3223 2962//2962 2969//2969
f 2963//2963 3210//3210 3222//3222
f 3210//3210 2701//2701 3222//3222
f 3224//3224 3223//3223 2704//2704
f 2964//2964 2963//2963 2970//2970
f 3212//3212 2698//2698 3224//3224
f 2965//2965 2964//2964 2971//2971
f 3213//3213 3212//3212 3225//3225
f 2974//2974 2965//2965 2972//2972
f 2970//2970 3222//3222 3226//3226
f 3228//3228 3227//3227 2739//2739
f 2971//2971 2970//2970 2978//2978
f 3224//3224 2704//2704 3228//3228
f 2972//2972 2971//2971 2979//2979
f 3225//3225 3224//3224 3229//3229
f 2981//2981 2972//2972 2980//2980
f 2705//2705 3225//3225 3230//3230
f 3231//3231 3230//3230 2740//2740
f 2706//2706 2705//2705 3231//3231
f 3232//3232 3231//3231 2741//2741
f 2983//2983 2703//2703 2982//2982
f 2983//2983 2982//2982 2738//2738
f 3220//3220 2706//2706 3232//3232
f 2984//2984 2975//2975 2983//2983
f 3222//3222 3221//3221 3233//3233
f 3221//3221 3220//3220 3233//3233
f 3226//3226 3233//3233 2742//2742
f 2969//2969 2984//2984 2977//2977
f 3227//3227 2969//2969 2977//2977
f 2741//2741 2740//2740 3234//3234
f 3235//3235 3234//3234 2747//2747
f 2991//2991 2738//2738 2989//2989
f 2991//2991 2989//2989 2744//2744
f 3232//3232 2741//2741 3235//3235
f 2992//2992 2983//2983 2991//2991
f 2742//2742 3232//3232 3236//3236
f 2977//2977 2992//2992 2985//2985
f 3238//3238 2977//2977 2985//2985
f 2978//2978 3226//3226 3237//3237
f 3226//3226 2742//2742 3237//3237
f 3239//3239 3238//3238 2745//2745
f 2979//2979 2978//2978 2986//2986
f 3228//3228 2739//2739 3239//3239
f 2980//2980 2979//2979 2987//2987
f 3229//3229 3228//3228 3240//3240
f 2990//2990 2980//2980 2988//2988
f 2740//2740 3229//3229 3241//3241
f 3234//3234 3241//3241 2746//2746
f 3243//3243 3242//3242 2750//2750
f 2987//2987 2986//2986 3005//3005
f 3239//3239 2745//2745 3243//3243
f 2988//2988 2987//2987 3006//3006
f 3240//3240 3239//3239 3244//3244
f 2997//2997 2988//2988 2995//2995
f 2746//2746 3240//3240 3245//3245
f 3246//3246 3245//3245 2751//2751
f 2747//2747 2746//2746 3246//3246
f 3247//3247 3246//3246 2752//2752
f 2999//2999 2744//2744 2998//2998
f 2999//2999 2998//2998 2749//2749
f 3235//3235 2747//2747 3247//3247
f 3000//3000 2991//2991 2999//2999
f 3000//3000 2999//2999 2993//2993
f 3236//3236 3235//3235 3248//3248
f 2985//2985 3000//3000 2994//2994
f 3242//3242 2985//2985 2994//2994
f 2986//2986 3237//3237 3249//3249
f 3237//3237 3236//3236 3249//3249
f 2752//2752 2751//2751 3250//3250
f 3251//3251 3250//3250 2767//2767
f 3247//3247 2752//2752 3251//3251
f 3252//3252 3251//3251 2769//2769
f 2993//2993 3003//3003 2756//2756
f 2994//2994 2993//2993 3001//3001
f 3248//3248 3247//3247 3252//3252
f 3004//3004 3252//3252 2772//2772
f 3253//3253 2994//2994 2757//2757
f 2996//2996 3249//3249 3004//3004
f 3249//3249 3248//3248 3004//3004
f 3254//3254 3253//3253 2760//2760
f 3005//3005 2996//2996 3004//3004
f 3005//3005 3004//3004 2775//2775
f 3243//3243 2750//2750 3254//3254
f 3255//3255 3254//3254 2762//2762
f 3006//3006 3005//3005 2776//2776
f 3244//3244 3243//3243 3255//3255
f 3256//3256 3255//3255 2763//2763
f 2995//2995 3006//3006 2777//2777
f 3007//3007 2995//2995 3002//3002
f 2751//2751 3244//3244 3256//3256
f 3250//3250 3256//3256 2766//2766
f 2749//2749 3061//3061 3257//3257
f 2754//2754 3003//3003 3257//3257
f 2776//2776 2775//2775 3009//3009
f 2764//2764 2761//2761 3258//3258
f 2777//2777 2776//2776 3008//3008
f 2765//2765 2764//2764 3259//3259
f 2779//2779 2777//2777 3260//3260
f 2768//2768 2765//2765 3261//3261
f 3263//3263 3261//3261 2783//2783
f 2785//2785 3062//3062 3262//3262
f 2770//2770 2768//2768 3263//3263
f 3265//3265 3263//3263 2784//2784
f 2756//2756 2755//2755 3264//3264
f 2771//2771 2770//2770 3265//3265
f 2758//2758 2756//2756 3266//3266
f 2774//2774 2771//2771 3267//3267
f 2759//2759 2758//2758 3010//3010
f 2775//2775 2774//2774 3268//3268
f 2761//2761 2759//2759 3269//3269
f 3258//3258 3269//3269 2782//2782
f 3265//3265 2784//2784 3270//3270
f 3267//3267 3265//3265 3271//3271
f 2781//2781 3010//3010 3011//3011
f 3009//3009 3268//3268 3272//3272
f 3268//3268 3267//3267 3272//3272
f 2782//2782 2781//2781 3273//3273
f 3008//3008 3009//3009 3013//3013
f 3258//3258 2782//2782 3274//3274
f 3015//3015 3008//3008 3014//3014
f 3259//3259 3258//3258 3275//3275
f 2783//2783 3259//3259 3276//3276
f 3277//3277 3276//3276 2788//2788
f 2784//2784 2783//2783 3277//3277
f 3270//3270 3277//3277 2789//2789
f 3264//3264 2780//2780 3017//3017
f 3264//3264 3017//3017 2786//2786
f 3015//3015 3014//3014 3018//3018
f 3275//3275 3274//3274 3278//3278
f 2790//2790 3260//3260 3279//3279
f 3260//3260 3015//3015 3279//3279
f 2788//2788 3275//3275 3280//3280
f 3282//3282 3280//3280 2794//2794
f 2786//2786 3063//3063 3281//3281
f 2789//2789 2788//2788 3282//3282
f 3283//3283 3282//3282 2795//2795
f 3012//3012 3264//3264 3281//3281
f 3264//3264 2786//2786 3281//3281
f 3270//3270 2789//2789 3283//3283
f 3011//3011 3266//3266 3284//3284
f 3266//3266 3012//3012 3284//3284
f 3271//3271 3270//3270 3285//3285
f 2787//2787 3011//3011 3020//3020
f 3013//3013 3272//3272 3286//3286
f 3272//3272 3271//3271 3286//3286
f 3273//3273 2787//2787 3287//3287
f 3014//3014 3013//3013 3021//3021
f 3274//3274 3273//3273 3288//3288
f 3278//3278 3288//3288 2793//2793
f 3285//3285 3283//3283 3289//3289
f 2792//2792 3020//3020 3023//3023
f 3021//3021 3286//3286 3290//3290
f 3286//3286 3285//3285 3290//3290
f 3287//3287 2792//2792 3291//3291
f 3018//3018 3021//3021 3025//3025
f 2793//2793 3287//3287 3292//3292
f 3027//3027 3018//3018 3026//3026
f 3278//3278 2793//2793 3293//3293
f 2794//2794 3278//3278 3294//3294
f 3295//3295 3294//3294 2799//2799
f 2795//2795 2794//2794 3295//3295
f 2801//2801 3295//3295 2800//2800
f 3284//3284 3281//3281 3022//3022
f 3281//3281 2791//2791 3022//3022
f 3283//3283 2795//2795 2801//2801
f 3293//3293 3292//3292 3296//3296
f 2802//2802 3279//3279 3297//3297
f 3279//3279 3027//3027 3030//3030
f 2799//2799 3293//3293 3298//3298
f 3299//3299 3298//3298 2806//2806
f 2800//2800 2799//2799 3299//3299
f 3300//3300 3299//3299 2807//2807
f 3022//3022 2797//2797 3031//3031
f 3022//3022 3031//3031 2803//2803
f 2801//2801 2800//2800 3300//3300
f 3023//3023 3284//3284 3301//3301
f 3284//3284 3024//3024 3301//3301
f 3289//3289 2801//2801 3302//3302
f 2798//2798 3023//3023 3032//3032
f 3025//3025 3290//3290 3303//3303
f 3290//3290 3289//3289 3303//3303
f 3291//3291 2798//2798 3304//3304
f 3026//3026 3025//3025 3033//3033
f 3292//3292 3291//3291 3305//3305
f 3296//3296 3305//3305 2805//2805
f 3027//3027 3026//3026 3034//3034
f 3302//3302 3300//3300 3306//3306
f 2804//2804 3032//3032 3036//3036
f 3033//3033 3303//3303 3307//3307
f 3303//3303 3302//3302 3307//3307
f 3304//3304 2804//2804 3308//3308
f 3034//3034 3033//3033 3037//3037
f 2805//2805 3304//3304 3309//3309
f 3030//3030 3034//3034 3038//3038
f 3296//3296 2805//2805 3310//3310
f 2806//2806 3296//3296 3311//3311
f 3313//3313 3311//3311 2811//2811
f 2803//2803 3064//3064 3312//3312
f 2809//2809 3314//3314 3312//3312
f 2807//2807 2806//2806 3313//3313
f 2813//2813 3313//3313 2812//2812
f 3301//3301 3022//3022 3314//3314
f 3022//3022 2803//2803 3314//3314
f 3300//3300 2807//2807 2813//2813
f 3036//3036 3301//3301 3035//3035
f 2814//2814 3297//3297 3315//3315
f 2811//2811 3310//3310 3316//3316
f 3317//3317 3316//3316 2816//2816
f 2812//2812 2811//2811 3317//3317
f 3319//3319 3317//3317 2817//2817
f 3035//3035 3314//3314 3318//3318
f 3318//3318 3314//3314 2815//2815
f 2813//2813 2812//2812 3319//3319
f 3306//3306 2813//2813 3320//3320
f 2810//2810 3036//3036 3044//3044
f 3037//3037 3307//3307 3322//3322
f 3307//3307 3306//3306 3322//3322
f 3308//3308 2810//2810 3323//3323
f 3038//3038 3037//3037 3324//3324
f 3309//3309 3308//3308 3325//3325
f 3042//3042 3038//3038 3045//3045
f 3310//3310 3309//3309 3326//3326
f 3321//3321 3044//3044 3053//3053
f 3328//3328 3321//3321 3053//3053
f 3324//3324 3322//3322 3327//3327
f 3327//3327 3065//3065 2565//2565
f 3046//3046 3327//3327 2822//2822
f 3066//3066 3328//3328 2561//2561
f 3324//3324 3046//3046 2822//2822
f 3325//3325 3323//3323 3066//3066
f 3329//3329 3066//3066 2561//2561
f 3048//3048 3329//3329 2820//2820
f 3040//3040 3045//3045 3047//3047
f 3056//3056 3040//3040 3055//3055
f 3326//3326 3325//3325 3048//3048
f 3067//3067 3048//3048 2820//2820
f 3315//3315 3042//3042 3056//3056
f 3049//3049 3315//3315 3056//3056
f 2816//2816 3326//3326 3067//3067
f 3068//3068 3067//3067 2562//2562
f 2817//2817 2816//2816 3068//3068
f 3069//3069 3068//3068 2563//2563
f 3318//3318 2815//2815 3050//3050
f 3318//3318 3050//3050 2819//2819
f 3052//3052 3318//3318 3058//3058
f 3319//3319 2817//2817 3069//3069
f 3330//3330 3069//3069 2564//2564
f 3051//3051 3330//3330 2821//2821
f 3044//3044 3035//3035 3052//3052
f 3035//3035 3043//3043 3052//3052
f 3322//3322 3320//3320 3051//3051
f 3320//3320 3319//3319 3051//3051
f 3065//3065 3051//3051 2565//2565
f 3335//3335 3591//3591 3596//3596
f 3840//3840 3823//3823 3595//3595
f 3592//3592 3335//3335 3596//3596
f 3841//3841 3840//3840 3337//3337
f 3590//3590 3331//3331 3841//3841
f 3825//3825 3817//3817 3603//3603
f 3842//3842 3590//3590 3338//3338
f 3826//3826 3825//3825 3597//3597
f 3333//3333 3332//3332 3842//3842
f 3844//3844 3842//3842 3339//3339
f 3593//3593 3826//3826 3843//3843
f 3342//3342 3824//3824 3843//3843
f 3334//3334 3333//3333 3844//3844
f 3845//3845 3844//3844 3340//3340
f 3828//3828 3589//3589 3827//3827
f 3828//3828 3827//3827 3336//3336
f 3591//3591 3334//3334 3845//3845
f 3591//3591 3845//3845 3341//3341
f 3822//3822 3828//3828 3594//3594
f 3823//3823 3822//3822 3594//3594
f 3341//3341 3340//3340 3846//3846
f 3595//3595 3594//3594 3615//3615
f 3847//3847 3341//3341 3347//3347
f 3848//3848 3595//3595 3598//3598
f 3592//3592 3596//3596 3847//3847
f 3849//3849 3848//3848 3344//3344
f 3602//3602 3592//3592 3599//3599
f 3841//3841 3337//3337 3849//3849
f 3603//3603 3602//3602 3600//3600
f 3338//3338 3841//3841 3850//3850
f 3339//3339 3338//3338 3851//3851
f 3852//3852 3851//3851 3345//3345
f 3340//3340 3339//3339 3852//3852
f 3846//3846 3852//3852 3346//3346
f 3601//3601 3336//3336 3605//3605
f 3601//3601 3605//3605 3343//3343
f 3611//3611 3600//3600 3609//3609
f 3850//3850 3849//3849 3853//3853
f 3597//3597 3611//3611 3610//3610
f 3612//3612 3597//3597 3610//3610
f 3345//3345 3850//3850 3854//3854
f 3855//3855 3854//3854 3352//3352
f 3346//3346 3345//3345 3855//3855
f 3856//3856 3855//3855 3353//3353
f 3614//3614 3343//3343 3613//3613
f 3614//3614 3613//3613 3349//3349
f 3846//3846 3346//3346 3856//3856
f 3615//3615 3601//3601 3614//3614
f 3615//3615 3614//3614 3606//3606
f 3347//3347 3846//3846 3857//3857
f 3598//3598 3615//3615 3607//3607
f 3859//3859 3598//3598 3607//3607
f 3599//3599 3847//3847 3858//3858
f 3847//3847 3347//3347 3858//3858
f 3860//3860 3859//3859 3350//3350
f 3600//3600 3599//3599 3608//3608
f 3849//3849 3344//3344 3860//3860
f 3853//3853 3860//3860 3351//3351
f 3607//3607 3606//3606 3631//3631
f 3857//3857 3856//3856 3861//3861
f 3863//3863 3607//3607 3616//3616
f 3608//3608 3858//3858 3862//3862
f 3858//3858 3857//3857 3862//3862
f 3864//3864 3863//3863 3356//3356
f 3609//3609 3608//3608 3617//3617
f 3351//3351 3350//3350 3864//3864
f 3610//3610 3609//3609 3618//3618
f 3853//3853 3351//3351 3865//3865
f 3621//3621 3610//3610 3619//3619
f 3352//3352 3853//3853 3866//3866
f 3867//3867 3866//3866 3357//3357
f 3353//3353 3352//3352 3867//3867
f 3359//3359 3867//3867 3358//3358
f 3620//3620 3349//3349 3622//3622
f 3620//3620 3622//3622 3355//3355
f 3856//3856 3353//3353 3359//3359
f 3865//3865 3864//3864 3868//3868
f 3628//3628 3619//3619 3627//3627
f 3357//3357 3865//3865 3869//3869
f 3870//3870 3869//3869 3364//3364
f 3358//3358 3357//3357 3870//3870
f 3871//3871 3870//3870 3365//3365
f 3630//3630 3355//3355 3629//3629
f 3630//3630 3629//3629 3361//3361
f 3359//3359 3358//3358 3871//3871
f 3631//3631 3620//3620 3630//3630
f 3861//3861 3359//3359 3872//3872
f 3616//3616 3631//3631 3624//3624
f 3874//3874 3616//3616 3624//3624
f 3617//3617 3862//3862 3873//3873
f 3862//3862 3861//3861 3873//3873
f 3875//3875 3874//3874 3362//3362
f 3618//3618 3617//3617 3625//3625
f 3864//3864 3356//3356 3875//3875
f 3868//3868 3875//3875 3363//3363
f 3619//3619 3618//3618 3626//3626
f 3872//3872 3871//3871 3876//3876
f 3878//3878 3624//3624 3632//3632
f 3625//3625 3873//3873 3877//3877
f 3873//3873 3872//3872 3877//3877
f 3879//3879 3878//3878 3395//3395
f 3626//3626 3625//3625 3633//3633
f 3363//3363 3362//3362 3879//3879
f 3627//3627 3626//3626 3634//3634
f 3868//3868 3363//3363 3880//3880
f 3636//3636 3627//3627 3635//3635
f 3364//3364 3868//3868 3881//3881
f 3882//3882 3881//3881 3396//3396
f 3365//3365 3364//3364 3882//3882
f 3398//3398 3882//3882 3397//3397
f 3638//3638 3361//3361 3637//3637
f 3638//3638 3637//3637 3394//3394
f 3871//3871 3365//3365 3398//3398
f 3623//3623 3630//3630 3638//3638
f 3624//3624 3623//3623 3646//3646
f 3643//3643 3635//3635 3642//3642
f 3396//3396 3880//3880 3883//3883
f 3884//3884 3883//3883 3402//3402
f 3397//3397 3396//3396 3884//3884
f 3885//3885 3884//3884 3403//3403
f 3645//3645 3394//3394 3644//3644
f 3645//3645 3644//3644 3400//3400
f 3398//3398 3397//3397 3885//3885
f 3646//3646 3638//3638 3645//3645
f 3876//3876 3398//3398 3886//3886
f 3632//3632 3646//3646 3639//3639
f 3888//3888 3632//3632 3639//3639
f 3633//3633 3877//3877 3887//3887
f 3877//3877 3876//3876 3887//3887
f 3889//3889 3888//3888 3401//3401
f 3634//3634 3633//3633 3640//3640
f 3879//3879 3395//3395 3889//3889
f 3635//3635 3634//3634 3641//3641
f 3880//3880 3879//3879 3890//3890
f 3640//3640 3887//3887 3891//3891
f 3893//3893 3892//3892 3406//3406
f 3641//3641 3640//3640 3648//3648
f 3889//3889 3401//3401 3893//3893
f 3642//3642 3641//3641 3649//3649
f 3890//3890 3889//3889 3894//3894
f 3651//3651 3642//3642 3650//3650
f 3402//3402 3890//3890 3895//3895
f 3896//3896 3895//3895 3407//3407
f 3403//3403 3402//3402 3896//3896
f 3897//3897 3896//3896 3408//3408
f 3653//3653 3400//3400 3652//3652
f 3653//3653 3652//3652 3405//3405
f 3885//3885 3403//3403 3897//3897
f 3654//3654 3645//3645 3653//3653
f 3887//3887 3886//3886 3898//3898
f 3886//3886 3885//3885 3898//3898
f 3891//3891 3898//3898 3409//3409
f 3639//3639 3654//3654 3647//3647
f 3892//3892 3639//3639 3647//3647
f 3408//3408 3407//3407 3899//3899
f 3900//3900 3899//3899 3414//3414
f 3661//3661 3405//3405 3659//3659
f 3661//3661 3659//3659 3411//3411
f 3897//3897 3408//3408 3900//3900
f 3662//3662 3653//3653 3661//3661
f 3409//3409 3897//3897 3901//3901
f 3647//3647 3662//3662 3655//3655
f 3903//3903 3647//3647 3655//3655
f 3648//3648 3891//3891 3902//3902
f 3891//3891 3409//3409 3902//3902
f 3904//3904 3903//3903 3412//3412
f 3649//3649 3648//3648 3656//3656
f 3893//3893 3406//3406 3904//3904
f 3650//3650 3649//3649 3657//3657
f 3894//3894 3893//3893 3905//3905
f 3660//3660 3650//3650 3658//3658
f 3407//3407 3894//3894 3906//3906
f 3899//3899 3906//3906 3413//3413
f 3908//3908 3907//3907 3417//3417
f 3657//3657 3656//3656 3665//3665
f 3904//3904 3412//3412 3908//3908
f 3658//3658 3657//3657 3666//3666
f 3905//3905 3904//3904 3909//3909
f 3668//3668 3658//3658 3667//3667
f 3413//3413 3905//3905 3910//3910
f 3911//3911 3910//3910 3418//3418
f 3414//3414 3413//3413 3911//3911
f 3912//3912 3911//3911 3419//3419
f 3670//3670 3411//3411 3669//3669
f 3670//3670 3669//3669 3416//3416
f 3900//3900 3414//3414 3912//3912
f 3671//3671 3661//3661 3670//3670
f 3671//3671 3670//3670 3663//3663
f 3901//3901 3900//3900 3913//3913
f 3655//3655 3671//3671 3664//3664
f 3907//3907 3655//3655 3664//3664
f 3656//3656 3902//3902 3914//3914
f 3902//3902 3901//3901 3914//3914
f 3419//3419 3418//3418 3915//3915
f 3916//3916 3915//3915 3425//3425
f 3912//3912 3419//3419 3916//3916
f 3663//3663 3676//3676 3685//3685
f 3664//3664 3663//3663 3685//3685
f 3913//3913 3912//3912 3917//3917
f 3919//3919 3664//3664 3672//3672
f 3665//3665 3914//3914 3918//3918
f 3914//3914 3913//3913 3918//3918
f 3920//3920 3919//3919 3423//3423
f 3666//3666 3665//3665 3673//3673
f 3908//3908 3417//3417 3920//3920
f 3667//3667 3666//3666 3674//3674
f 3909//3909 3908//3908 3921//3921
f 3677//3677 3667//3667 3675//3675
f 3418//3418 3909//3909 3922//3922
f 3915//3915 3922//3922 3424//3424
f 3416//3416 3829//3829 3923//3923
f 3421//3421 3676//3676 3923//3923
f 3674//3674 3673//3673 3679//3679
f 3920//3920 3423//3423 3924//3924
f 3675//3675 3674//3674 3680//3680
f 3921//3921 3920//3920 3925//3925
f 3682//3682 3675//3675 3681//3681
f 3424//3424 3921//3921 3926//3926
f 3927//3927 3926//3926 3430//3430
f 3425//3425 3424//3424 3927//3927
f 3928//3928 3927//3927 3431//3431
f 3684//3684 3421//3421 3683//3683
f 3684//3684 3683//3683 3427//3427
f 3916//3916 3425//3425 3928//3928
f 3685//3685 3684//3684 3678//3678
f 3917//3917 3916//3916 3929//3929
f 3672//3672 3422//3422 3685//3685
f 3672//3672 3685//3685 3428//3428
f 3673//3673 3918//3918 3930//3930
f 3918//3918 3917//3917 3930//3930
f 3924//3924 3931//3931 3429//3429
f 3928//3928 3431//3431 3932//3932
f 3678//3678 3690//3690 3699//3699
f 3428//3428 3678//3678 3699//3699
f 3929//3929 3928//3928 3933//3933
f 3672//3672 3428//3428 3434//3434
f 3935//3935 3672//3672 3686//3686
f 3679//3679 3930//3930 3934//3934
f 3930//3930 3929//3929 3934//3934
f 3936//3936 3935//3935 3435//3435
f 3680//3680 3679//3679 3687//3687
f 3924//3924 3429//3429 3936//3936
f 3681//3681 3680//3680 3688//3688
f 3925//3925 3924//3924 3937//3937
f 3691//3691 3681//3681 3689//3689
f 3430//3430 3925//3925 3938//3938
f 3940//3940 3938//3938 3436//3436
f 3427//3427 3830//3830 3939//3939
f 3433//3433 3690//3690 3939//3939
f 3431//3431 3430//3430 3940//3940
f 3932//3932 3940//3940 3437//3437
f 3936//3936 3435//3435 3941//3941
f 3689//3689 3688//3688 3694//3694
f 3937//3937 3936//3936 3942//3942
f 3696//3696 3689//3689 3695//3695
f 3436//3436 3937//3937 3943//3943
f 3944//3944 3943//3943 3442//3442
f 3437//3437 3436//3436 3944//3944
f 3945//3945 3944//3944 3443//3443
f 3698//3698 3433//3433 3697//3697
f 3698//3698 3697//3697 3439//3439
f 3932//3932 3437//3437 3945//3945
f 3699//3699 3698//3698 3692//3692
f 3933//3933 3932//3932 3946//3946
f 3686//3686 3434//3434 3699//3699
f 3686//3686 3699//3699 3440//3440
f 3687//3687 3934//3934 3947//3947
f 3934//3934 3933//3933 3947//3947
f 3941//3941 3948//3948 3441//3441
f 3688//3688 3687//3687 3693//3693
f 3945//3945 3443//3443 3949//3949
f 3440//3440 3692//3692 3715//3715
f 3946//3946 3945//3945 3950//3950
f 3686//3686 3440//3440 3700//3700
f 3952//3952 3686//3686 3700//3700
f 3693//3693 3947//3947 3951//3951
f 3947//3947 3946//3946 3951//3951
f 3953//3953 3952//3952 3446//3446
f 3694//3694 3693//3693 3701//3701
f 3941//3941 3441//3441 3953//3953
f 3695//3695 3694//3694 3702//3702
f 3942//3942 3941//3941 3954//3954
f 3705//3705 3695//3695 3703//3703
f 3442//3442 3942//3942 3955//3955
f 3956//3956 3955//3955 3447//3447
f 3443//3443 3442//3442 3956//3956
f 3949//3949 3956//3956 3448//3448
f 3704//3704 3439//3439 3706//3706
f 3704//3704 3706//3706 3445//3445
f 3703//3703 3702//3702 3710//3710
f 3954//3954 3953//3953 3957//3957
f 3712//3712 3703//3703 3711//3711
f 3447//3447 3954//3954 3958//3958
f 3959//3959 3958//3958 3453//3453
f 3448//3448 3447//3447 3959//3959
f 3960//3960 3959//3959 3454//3454
f 3714//3714 3445//3445 3713//3713
f 3714//3714 3713//3713 3450//3450
f 3949//3949 3448//3448 3960//3960
f 3715//3715 3704//3704 3714//3714
f 3950//3950 3949//3949 3961//3961
f 3700//3700 3715//3715 3708//3708
f 3963//3963 3700//3700 3708//3708
f 3701//3701 3951//3951 3962//3962
f 3951//3951 3950//3950 3962//3962
f 3964//3964 3963//3963 3451//3451
f 3702//3702 3701//3701 3709//3709
f 3953//3953 3446//3446 3964//3964
f 3957//3957 3964//3964 3452//3452
f 3961//3961 3960//3960 3965//3965
f 3967//3967 3708//3708 3716//3716
f 3709//3709 3962//3962 3966//3966
f 3962//3962 3961//3961 3966//3966
f 3968//3968 3967//3967 3457//3457
f 3710//3710 3709//3709 3717//3717
f 3452//3452 3451//3451 3968//3968
f 3711//3711 3710//3710 3718//3718
f 3957//3957 3452//3452 3969//3969
f 3720//3720 3711//3711 3719//3719
f 3453//3453 3957//3957 3970//3970
f 3971//3971 3970//3970 3458//3458
f 3454//3454 3453//3453 3971//3971
f 3460//3460 3971//3971 3459//3459
f 3722//3722 3450//3450 3721//3721
f 3722//3722 3721//3721 3456//3456
f 3960//3960 3454//3454 3460//3460
f 3707//3707 3714//3714 3722//3722
f 3708//3708 3707//3707 3731//3731
f 3728//3728 3719//3719 3727//3727
f 3458//3458 3969//3969 3972//3972
f 3973//3973 3972//3972 3464//3464
f 3459//3459 3458//3458 3973//3973
f 3974//3974 3973//3973 3465//3465
f 3730//3730 3456//3456 3729//3729
f 3730//3730 3729//3729 3462//3462
f 3460//3460 3459//3459 3974//3974
f 3731//3731 3722//3722 3730//3730
f 3965//3965 3460//3460 3975//3975
f 3716//3716 3731//3731 3724//3724
f 3977//3977 3716//3716 3724//3724
f 3717//3717 3966//3966 3976//3976
f 3966//3966 3965//3965 3976//3976
f 3978//3978 3977//3977 3463//3463
f 3718//3718 3717//3717 3725//3725
f 3968//3968 3457//3457 3978//3978
f 3719//3719 3718//3718 3726//3726
f 3969//3969 3968//3968 3979//3979
f 3981//3981 3724//3724 3732//3732
f 3725//3725 3976//3976 3980//3980
f 3982//3982 3981//3981 3468//3468
f 3726//3726 3725//3725 3733//3733
f 3978//3978 3463//3463 3982//3982
f 3727//3727 3726//3726 3734//3734
f 3979//3979 3978//3978 3983//3983
f 3736//3736 3727//3727 3735//3735
f 3464//3464 3979//3979 3984//3984
f 3985//3985 3984//3984 3469//3469
f 3465//3465 3464//3464 3985//3985
f 3986//3986 3985//3985 3470//3470
f 3738//3738 3462//3462 3737//3737
f 3738//3738 3737//3737 3467//3467
f 3974//3974 3465//3465 3986//3986
f 3723//3723 3730//3730 3738//3738
f 3724//3724 3723//3723 3746//3746
f 3976//3976 3975//3975 3987//3987
f 3975//3975 3974//3974 3987//3987
f 3980//3980 3987//3987 3471//3471
f 3469//3469 3983//3983 3988//3988
f 3989//3989 3988//3988 3475//3475
f 3470//3470 3469//3469 3989//3989
f 3990//3990 3989//3989 3476//3476
f 3745//3745 3467//3467 3743//3743
f 3745//3745 3743//3743 3473//3473
f 3986//3986 3470//3470 3990//3990
f 3746//3746 3738//3738 3745//3745
f 3471//3471 3986//3986 3991//3991
f 3732//3732 3746//3746 3739//3739
f 3993//3993 3732//3732 3739//3739
f 3733//3733 3980//3980 3992//3992
f 3980//3980 3471//3471 3992//3992
f 3994//3994 3993//3993 3474//3474
f 3734//3734 3733//3733 3740//3740
f 3982//3982 3468//3468 3994//3994
f 3735//3735 3734//3734 3741//3741
f 3983//3983 3982//3982 3995//3995
f 3744//3744 3735//3735 3742//3742
f 3740//3740 3992//3992 3996//3996
f 3998//3998 3997//3997 3509//3509
f 3741//3741 3740//3740 3748//3748
f 3994//3994 3474//3474 3998//3998
f 3742//3742 3741//3741 3749//3749
f 3995//3995 3994//3994 3999//3999
f 3751//3751 3742//3742 3750//3750
f 3475//3475 3995//3995 4000//4000
f 4001//4001 4000//4000 3510//3510
f 3476//3476 3475//3475 4001//4001
f 4002//4002 4001//4001 3511//3511
f 3753//3753 3473//3473 3752//3752
f 3753//3753 3752//3752 3508//3508
f 3990//3990 3476//3476 4002//4002
f 3754//3754 3745//3745 3753//3753
f 3992//3992 3991//3991 4003//4003
f 3991//3991 3990//3990 4003//4003
f 3996//3996 4003//4003 3512//3512
f 3739//3739 3754//3754 3747//3747
f 3997//3997 3739//3739 3747//3747
f 3511//3511 3510//3510 4004//4004
f 4005//4005 4004//4004 3517//3517
f 3761//3761 3508//3508 3759//3759
f 3761//3761 3759//3759 3514//3514
f 4002//4002 3511//3511 4005//4005
f 3762//3762 3753//3753 3761//3761
f 3512//3512 4002//4002 4006//4006
f 3747//3747 3762//3762 3755//3755
f 4008//4008 3747//3747 3755//3755
f 3748//3748 3996//3996 4007//4007
f 3996//3996 3512//3512 4007//4007
f 4009//4009 4008//4008 3515//3515
f 3749//3749 3748//3748 3756//3756
f 3998//3998 3509//3509 4009//4009
f 3750//3750 3749//3749 3757//3757
f 3999//3999 3998//3998 4010//4010
f 3760//3760 3750//3750 3758//3758
f 3510//3510 3999//3999 4011//4011
f 4004//4004 4011//4011 3516//3516
f 4013//4013 4012//4012 3520//3520
f 3757//3757 3756//3756 3775//3775
f 4009//4009 3515//3515 4013//4013
f 3758//3758 3757//3757 3776//3776
f 4010//4010 4009//4009 4014//4014
f 3767//3767 3758//3758 3765//3765
f 3516//3516 4010//4010 4015//4015
f 4016//4016 4015//4015 3521//3521
f 3517//3517 3516//3516 4016//4016
f 4017//4017 4016//4016 3522//3522
f 3769//3769 3514//3514 3768//3768
f 3769//3769 3768//3768 3519//3519
f 4005//4005 3517//3517 4017//4017
f 3770//3770 3761//3761 3769//3769
f 3770//3770 3769//3769 3763//3763
f 4006//4006 4005//4005 4018//4018
f 3755//3755 3770//3770 3764//3764
f 4012//4012 3755//3755 3764//3764
f 3756//3756 4007//4007 4019//4019
f 4007//4007 4006//4006 4019//4019
f 3522//3522 3521//3521 4020//4020
f 4021//4021 4020//4020 3537//3537
f 4017//4017 3522//3522 4021//4021
f 4022//4022 4021//4021 3540//3540
f 3763//3763 3773//3773 3526//3526
f 3764//3764 3763//3763 3771//3771
f 4018//4018 4017//4017 4022//4022
f 3774//3774 4022//4022 3541//3541
f 4023//4023 3764//3764 3528//3528
f 3766//3766 4019//4019 3774//3774
f 4019//4019 4018//4018 3774//3774
f 4024//4024 4023//4023 3530//3530
f 3775//3775 3766//3766 3774//3774
f 3775//3775 3774//3774 3545//3545
f 4013//4013 3520//3520 4024//4024
f 4025//4025 4024//4024 3531//3531
f 3776//3776 3775//3775 3546//3546
f 4014//4014 4013//4013 4025//4025
f 4026//4026 4025//4025 3533//3533
f 3765//3765 3776//3776 3547//3547
f 3777//3777 3765//3765 3772//3772
f 3521//3521 4014//4014 4026//4026
f 4020//4020 4026//4026 3535//3535
f 3519//3519 3831//3831 4027//4027
f 3525//3525 3773//3773 4027//4027
f 3546//3546 3545//3545 3779//3779
f 3534//3534 3532//3532 4028//4028
f 3547//3547 3546//3546 3778//3778
f 3536//3536 3534//3534 4029//4029
f 3548//3548 3547//3547 4030//4030
f 3538//3538 3536//3536 4031//4031
f 4033//4033 4031//4031 3553//3553
f 3555//3555 3832//3832 4032//4032
f 3539//3539 3538//3538 4033//4033
f 4035//4035 4033//4033 3554//3554
f 3526//3526 3524//3524 4034//4034
f 3542//3542 3539//3539 4035//4035
f 3527//3527 3526//3526 4036//4036
f 3544//3544 3542//3542 4037//4037
f 3529//3529 3527//3527 3780//3780
f 3545//3545 3544//3544 4038//4038
f 3532//3532 3529//3529 4039//4039
f 4028//4028 4039//4039 3552//3552
f 4035//4035 3554//3554 4040//4040
f 4037//4037 4035//4035 4041//4041
f 3551//3551 3780//3780 3781//3781
f 3779//3779 4038//4038 4042//4042
f 4038//4038 4037//4037 4042//4042
f 3552//3552 3551//3551 4043//4043
f 3778//3778 3779//3779 3783//3783
f 4028//4028 3552//3552 4044//4044
f 3785//3785 3778//3778 3784//3784
f 4029//4029 4028//4028 4045//4045
f 3553//3553 4029//4029 4046//4046
f 4047//4047 4046//4046 3558//3558
f 3554//3554 3553//3553 4047//4047
f 4040//4040 4047//4047 3559//3559
f 4034//4034 3550//3550 3787//3787
f 4034//4034 3787//3787 3556//3556
f 3785//3785 3784//3784 3788//3788
f 4045//4045 4044//4044 4048//4048
f 3560//3560 4030//4030 4049//4049
f 4030//4030 3785//3785 4049//4049
f 3558//3558 4045//4045 4050//4050
f 4052//4052 4050//4050 3564//3564
f 3556//3556 3833//3833 4051//4051
f 3559//3559 3558//3558 4052//4052
f 4053//4053 4052//4052 3565//3565
f 3782//3782 4034//4034 4051//4051
f 4034//4034 3556//3556 4051//4051
f 4040//4040 3559//3559 4053//4053
f 3781//3781 4036//4036 4054//4054
f 4036//4036 3782//3782 4054//4054
f 4041//4041 4040//4040 4055//4055
f 3557//3557 3781//3781 3790//3790
f 3783//3783 4042//4042 4056//4056
f 4042//4042 4041//4041 4056//4056
f 4043//4043 3557//3557 4057//4057
f 3784//3784 3783//3783 3791//3791
f 4044//4044 4043//4043 4058//4058
f 4048//4048 4058//4058 3563//3563
f 4055//4055 4053//4053 4059//4059
f 3562//3562 3790//3790 3793//3793
f 3791//3791 4056//4056 4060//4060
f 4056//4056 4055//4055 4060//4060
f 4057//4057 3562//3562 4061//4061
f 3788//3788 3791//3791 3795//3795
f 3563//3563 4057//4057 4062//4062
f 3797//3797 3788//3788 3796//3796
f 4048//4048 3563//3563 4063//4063
f 3564//3564 4048//4048 4064//4064
f 4065//4065 4064//4064 3569//3569
f 3565//3565 3564//3564 4065//4065
f 3571//3571 4065//4065 3570//3570
f 4054//4054 4051//4051 3792//3792
f 4051//4051 3561//3561 3792//3792
f 4053//4053 3565//3565 3571//3571
f 4063//4063 4062//4062 4066//4066
f 3572//3572 4049//4049 4067//4067
f 4049//4049 3797//3797 3800//3800
f 3569//3569 4063//4063 4068//4068
f 4069//4069 4068//4068 3576//3576
f 3570//3570 3569//3569 4069//4069
f 4070//4070 4069//4069 3577//3577
f 3792//3792 3567//3567 3801//3801
f 3792//3792 3801//3801 3573//3573
f 3571//3571 3570//3570 4070//4070
f 3793//3793 4054//4054 4071//4071
f 4054//4054 3794//3794 4071//4071
f 4059//4059 3571//3571 4072//4072
f 3568//3568 3793//3793 3802//3802
f 3795//3795 4060//4060 4073//4073
f 4060//4060 4059//4059 4073//4073
f 4061//4061 3568//3568 4074//4074
f 3796//3796 3795//3795 3803//3803
f 4062//4062 4061//4061 4075//4075
f 4066//4066 4075//4075 3575//3575
f 3797//3797 3796//3796 3804//3804
f 4072//4072 4070//4070 4076//4076
f 3574//3574 3802//3802 3806//3806
f 3803//3803 4073//4073 4077//4077
f 4073//4073 4072//4072 4077//4077
f 4074//4074 3574//3574 4078//4078
f 3804//3804 3803//3803 3807//3807
f 3575//3575 4074//4074 4079//4079
f 3800//3800 3804//3804 3808//3808
f 4066//4066 3575//3575 4080//4080
f 3576//3576 4066//4066 4081//4081
f 4083//4083 4081//4081 3581//3581
f 3573//3573 3834//3834 4082//4082
f 3579//3579 4084//4084 4082//4082
f 3577//3577 3576//3576 4083//4083
f 3583//3583 4083//4083 3582//3582
f 4071//4071 3792//3792 4084//4084
f 3792//3792 3573//3573 4084//4084
f 4070//4070 3577//3577 3583//3583
f 3806//3806 4071//4071 3805//3805
f 3584//3584 4067//4067 4085//4085
f 3581//3581 4080//4080 4086//4086
f 4087//4087 4086//4086 3586//3586
f 3582//3582 3581//3581 4087//4087
f 4089//4089 4087//4087 3587//3587
f 3805//3805 4084//4084 4088//4088
f 4088//4088 4084//4084 3585//3585
f 3583//3583 3582//3582 4089//4089
f 4076//4076 3583//3583 4090//4090
f 3580//3580 3806//3806 3814//3814
f 3807//3807 4077//4077 4092//4092
f 4077//4077 4076//4076 4092//4092
f 4078//4078 3580//3580 4093//4093
f 3808//3808 3807//3807 4094//4094
f 4079//4079 4078//4078 4095//4095
f 3812//3812 3808//3808 3815//3815
f 4080//4080 4079//4079 4096//4096
f 4091//4091 3814//3814 3823//3823
f 4098//4098 4091//4091 3823//3823
f 4094//4094 4092//4092 4097//4097
f 4097//4097 3835//3835 3335//3335
f 3816//3816 4097//4097 3592//3592
f 3836//3836 4098//4098 3331//3331
f 4094//4094 3816//3816 3592//3592
f 4095//4095 4093//4093 3836//3836
f 4099//4099 3836//3836 3331//3331
f 3818//3818 4099//4099 3590//3590
f 3810//3810 3815//3815 3817//3817
f 3826//3826 3810//3810 3825//3825
f 4096//4096 4095//4095 3818//3818
f 3837//3837 3818//3818 3590//3590
f 4085//4085 3812//3812 3826//3826
f 3819//3819 4085//4085 3826//3826
f 3586//3586 4096//4096 3837//3837
f 3838//3838 3837//3837 3332//3332
f 3587//3587 3586//3586 3838//3838
f 3839//3839 3838//3838 3333//3333
f 4088//4088 3585//3585 3820//3820
f 4088//4088 3820//3820 3589//3589
f 3822//3822 4088//4088 3828//3828
f 4089//4089 3587//3587 3839//3839
f 4100//4100 3839//3839 3334//3334
f 3821//3821 4100//4100 3591//3591
f 3814//3814 3805//3805 3822//3822
f 3805//3805 3813//3813 3822//3822
f 4092//4092 4090//4090 3821//3821
f 4090//4090 4089//4089 3821//3821
f 3835//3835 3821//3821 3335//3335
f 4105//4105 4361//4361 4366//4366
f 4610//4610 4593//4593 4365//4365
f 4362//4362 4105//4105 4366//4366
f 4611//4611 4610//4610 4107//4107
f 4360//4360 4101//4101 4611//4611
f 4595//4595 4587//4587 4373//4373
f 4612//4612 4360//4360 4108//4108
f 4596//4596 4595//4595 4367//4367
f 4103//4103 4102//4102 4612//4612
f 4614//4614 4612//4612 4109//4109
f 4363//4363 4596//4596 4613//4613
f 4112//4112 4594//4594 4613//4613
f 4104//4104 4103//4103 4614//4614
f 4615//4615 4614//4614 4110//4110
f 4598//4598 4359//4359 4597//4597
f 4598//4598 4597//4597 4106//4106
f 4361//4361 4104//4104 4615//4615
f 4361//4361 4615//4615 4111//4111
f 4592//4592 4598//4598 4364//4364
f 4593//4593 4592//4592 4364//4364
f 4111//4111 4110//4110 4616//4616
f 4365//4365 4364//4364 4385//4385
f 4617//4617 4111//4111 4117//4117
f 4618//4618 4365//4365 4368//4368
f 4362//4362 4366//4366 4617//4617
f 4619//4619 4618//4618 4114//4114
f 4372//4372 4362//4362 4369//4369
f 4611//4611 4107//4107 4619//4619
f 4373//4373 4372//4372 4370//4370
f 4108//4108 4611//4611 4620//4620
f 4109//4109 4108//4108 4621//4621
f 4622//4622 4621//4621 4115//4115
f 4110//4110 4109//4109 4622//4622
f 4616//4616 4622//4622 4116//4116
f 4371//4371 4106//4106 4375//4375
f 4371//4371 4375//4375 4113//4113
f 4381//4381 4370//4370 4379//4379
f 4620//4620 4619//4619 4623//4623
f 4367//4367 4381//4381 4380//4380
f 4382//4382 4367//4367 4380//4380
f 4115//4115 4620//4620 4624//4624
f 4625//4625 4624//4624 4122//4122
f 4116//4116 4115//4115 4625//4625
f 4626//4626 4625//4625 4123//4123
f 4384//4384 4113//4113 4383//4383
f 4384//4384 4383//4383 4119//4119
f 4616//4616 4116//4116 4626//4626
f 4385//4385 4371//4371 4384//4384
f 4385//4385 4384//4384 4376//4376
f 4117//4117 4616//4616 4627//4627
f 4368//4368 4385//4385 4377//4377
f 4629//4629 4368//4368 4377//4377
f 4369//4369 4617//4617 4628//4628
f 4617//4617 4117//4117 4628//4628
f 4630//4630 4629//4629 4120//4120
f 4370//4370 4369//4369 4378//4378
f 4619//4619 4114//4114 4630//4630
f 4623//4623 4630//4630 4121//4121
f 4377//4377 4376//4376 4401//4401
f 4627//4627 4626//4626 4631//4631
f 4633//4633 4377//4377 4386//4386
f 4378//4378 4628//4628 4632//4632
f 4628//4628 4627//4627 4632//4632
f 4634//4634 4633//4633 4126//4126
f 4379//4379 4378//4378 4387//4387
f 4121//4121 4120//4120 4634//4634
f 4380//4380 4379//4379 4388//4388
f 4623//4623 4121//4121 4635//4635
f 4391//4391 4380//4380 4389//4389
f 4122//4122 4623//4623 4636//4636
f 4637//4637 4636//4636 4127//4127
f 4123//4123 4122//4122 4637//4637
f 4129//4129 4637//4637 4128//4128
f 4390//4390 4119//4119 4392//4392
f 4390//4390 4392//4392 4125//4125
f 4626//4626 4123//4123 4129//4129
f 4635//4635 4634//4634 4638//4638
f 4398//4398 4389//4389 4397//4397
f 4127//4127 4635//4635 4639//4639
f 4640//4640 4639//4639 4134//4134
f 4128//4128 4127//4127 4640//4640
f 4641//4641 4640//4640 4135//4135
f 4400//4400 4125//4125 4399//4399
f 4400//4400 4399//4399 4131//4131
f 4129//4129 4128//4128 4641//4641
f 4401//4401 4390//4390 4400//4400
f 4631//4631 4129//4129 4642//4642
f 4386//4386 4401//4401 4394//4394
f 4644//4644 4386//4386 4394//4394
f 4387//4387 4632//4632 4643//4643
f 4632//4632 4631//4631 4643//4643
f 4645//4645 4644//4644 4132//4132
f 4388//4388 4387//4387 4395//4395
f 4634//4634 4126//4126 4645//4645
f 4638//4638 4645//4645 4133//4133
f 4389//4389 4388//4388 4396//4396
f 4642//4642 4641//4641 4646//4646
f 4648//4648 4394//4394 4402//4402
f 4395//4395 4643//4643 4647//4647
f 4643//4643 4642//4642 4647//4647
f 4649//4649 4648//4648 4165//4165
f 4396//4396 4395//4395 4403//4403
f 4133//4133 4132//4132 4649//4649
f 4397//4397 4396//4396 4404//4404
f 4638//4638 4133//4133 4650//4650
f 4406//4406 4397//4397 4405//4405
f 4134//4134 4638//4638 4651//4651
f 4652//4652 4651//4651 4166//4166
f 4135//4135 4134//4134 4652//4652
f 4168//4168 4652//4652 4167//4167
f 4408//4408 4131//4131 4407//4407
f 4408//4408 4407//4407 4164//4164
f 4641//4641 4135//4135 4168//4168
f 4393//4393 4400//4400 4408//4408
f 4394//4394 4393//4393 4416//4416
f 4413//4413 4405//4405 4412//4412
f 4166//4166 4650//4650 4653//4653
f 4654//4654 4653//4653 4172//4172
f 4167//4167 4166//4166 4654//4654
f 4655//4655 4654//4654 4173//4173
f 4415//4415 4164//4164 4414//4414
f 4415//4415 4414//4414 4170//4170
f 4168//4168 4167//4167 4655//4655
f 4416//4416 4408//4408 4415//4415
f 4646//4646 4168//4168 4656//4656
f 4402//4402 4416//4416 4409//4409
f 4658//4658 4402//4402 4409//4409
f 4403//4403 4647//4647 4657//4657
f 4647//4647 4646//4646 4657//4657
f 4659//4659 4658//4658 4171//4171
f 4404//4404 4403//4403 4410//4410
f 4649//4649 4165//4165 4659//4659
f 4405//4405 4404//4404 4411//4411
f 4650//4650 4649//4649 4660//4660
f 4410//4410 4657//4657 4661//4661
f 4663//4663 4662//4662 4176//4176
f 4411//4411 4410//4410 4418//4418
f 4659//4659 4171//4171 4663//4663
f 4412//4412 4411//4411 4419//4419
f 4660//4660 4659//4659 4664//4664
f 4421//4421 4412//4412 4420//4420
f 4172//4172 4660//4660 4665//4665
f 4666//4666 4665//4665 4177//4177
f 4173//4173 4172//4172 4666//4666
f 4667//4667 4666//4666 4178//4178
f 4423//4423 4170//4170 4422//4422
f 4423//4423 4422//4422 4175//4175
f 4655//4655 4173//4173 4667//4667
f 4424//4424 4415//4415 4423//4423
f 4657//4657 4656//4656 4668//4668
f 4656//4656 4655//4655 4668//4668
f 4661//4661 4668//4668 4179//4179
f 4409//4409 4424//4424 4417//4417
f 4662//4662 4409//4409 4417//4417
f 4178//4178 4177//4177 4669//4669
f 4670//4670 4669//4669 4184//4184
f 4431//4431 4175//4175 4429//4429
f 4431//4431 4429//4429 4181//4181
f 4667//4667 4178//4178 4670//4670
f 4432//4432 4423//4423 4431//4431
f 4179//4179 4667//4667 4671//4671
f 4417//4417 4432//4432 4425//4425
f 4673//4673 4417//4417 4425//4425
f 4418//4418 4661//4661 4672//4672
f 4661//4661 4179//4179 4672//4672
f 4674//4674 4673//4673 4182//4182
f 4419//4419 4418//4418 4426//4426
f 4663//4663 4176//4176 4674//4674
f 4420//4420 4419//4419 4427//4427
f 4664//4664 4663//4663 4675//4675
f 4430//4430 4420//4420 4428//4428
f 4177//4177 4664//4664 4676//4676
f 4669//4669 4676//4676 4183//4183
f 4678//4678 4677//4677 4187//4187
f 4427//4427 4426//4426 4435//4435
f 4674//4674 4182//4182 4678//4678
f 4428//4428 4427//4427 4436//4436
f 4675//4675 4674//4674 4679//4679
f 4438//4438 4428//4428 4437//4437
f 4183//4183 4675//4675 4680//4680
f 4681//4681 4680//4680 4188//4188
f 4184//4184 4183//4183 4681//4681
f 4682//4682 4681//4681 4189//4189
f 4440//4440 4181//4181 4439//4439
f 4440//4440 4439//4439 4186//4186
f 4670//4670 4184//4184 4682//4682
f 4441//4441 4431//4431 4440//4440
f 4441//4441 4440//4440 4433//4433
f 4671//4671 4670//4670 4683//4683
f 4425//4425 4441//4441 4434//4434
f 4677//4677 4425//4425 4434//4434
f 4426//4426 4672//4672 4684//4684
f 4672//4672 4671//4671 4684//4684
f 4189//4189 4188//4188 4685//4685
f 4686//4686 4685//4685 4195//4195
f 4682//4682 4189//4189 4686//4686
f 4433//4433 4446//4446 4455//4455
f 4434//4434 4433//4433 4455//4455
f 4683//4683 4682//4682 4687//4687
f 4689//4689 4434//4434 4442//4442
f 4435//4435 4684//4684 4688//4688
f 4684//4684 4683//4683 4688//4688
f 4690//4690 4689//4689 4193//4193
f 4436//4436 4435//4435 4443//4443
f 4678//4678 4187//4187 4690//4690
f 4437//4437 4436//4436 4444//4444
f 4679//4679 4678//4678 4691//4691
f 4447//4447 4437//4437 4445//4445
f 4188//4188 4679//4679 4692//4692
f 4685//4685 4692//4692 4194//4194
f 4186//4186 4599//4599 4693//4693
f 4191//4191 4446//4446 4693//4693
f 4444//4444 4443//4443 4449//4449
f 4690//4690 4193//4193 4694//4694
f 4445//4445 4444//4444 4450//4450
f 4691//4691 4690//4690 4695//4695
f 4452//4452 4445//4445 4451//4451
f 4194//4194 4691//4691 4696//4696
f 4697//4697 4696//4696 4200//4200
f 4195//4195 4194//4194 4697//4697
f 4698//4698 4697//4697 4201//4201
f 4454//4454 4191//4191 4453//4453
f 4454//4454 4453//4453 4197//4197
f 4686//4686 4195//4195 4698//4698
f 4455//4455 4454//4454 4448//4448
f 4687//4687 4686//4686 4699//4699
f 4442//4442 4192//4192 4455//4455
f 4442//4442 4455//4455 4198//4198
f 4443//4443 4688//4688 4700//4700
f 4688//4688 4687//4687 4700//4700
f 4694//4694 4701//4701 4199//4199
f 4698//4698 4201//4201 4702//4702
f 4448//4448 4460//4460 4469//4469
f 4198//4198 4448//4448 4469//4469
f 4699//4699 4698//4698 4703//4703
f 4442//4442 4198//4198 4204//4204
f 4705//4705 4442//4442 4456//4456
f 4449//4449 4700//4700 4704//4704
f 4700//4700 4699//4699 4704//4704
f 4706//4706 4705//4705 4205//4205
f 4450//4450 4449//4449 4457//4457
f 4694//4694 4199//4199 4706//4706
f 4451//4451 4450//4450 4458//4458
f 4695//4695 4694//4694 4707//4707
f 4461//4461 4451//4451 4459//4459
f 4200//4200 4695//4695 4708//4708
f 4710//4710 4708//4708 4206//4206
f 4197//4197 4600//4600 4709//4709
f 4203//4203 4460//4460 4709//4709
f 4201//4201 4200//4200 4710//4710
f 4702//4702 4710//4710 4207//4207
f 4706//4706 4205//4205 4711//4711
f 4459//4459 4458//4458 4464//4464
f 4707//4707 4706//4706 4712//4712
f 4466//4466 4459//4459 4465//4465
f 4206//4206 4707//4707 4713//4713
f 4714//4714 4713//4713 4212//4212
f 4207//4207 4206//4206 4714//4714
f 4715//4715 4714//4714 4213//4213
f 4468//4468 4203//4203 4467//4467
f 4468//4468 4467//4467 4209//4209
f 4702//4702 4207//4207 4715//4715
f 4469//4469 4468//4468 4462//4462
f 4703//4703 4702//4702 4716//4716
f 4456//4456 4204//4204 4469//4469
f 4456//4456 4469//4469 4210//4210
f 4457//4457 4704//4704 4717//4717
f 4704//4704 4703//4703 4717//4717
f 4711//4711 4718//4718 4211//4211
f 4458//4458 4457//4457 4463//4463
f 4715//4715 4213//4213 4719//4719
f 4210//4210 4462//4462 4485//4485
f 4716//4716 4715//4715 4720//4720
f 4456//4456 4210//4210 4470//4470
f 4722//4722 4456//4456 4470//4470
f 4463//4463 4717//4717 4721//4721
f 4717//4717 4716//4716 4721//4721
f 4723//4723 4722//4722 4216//4216
f 4464//4464 4463//4463 4471//4471
f 4711//4711 4211//4211 4723//4723
f 4465//4465 4464//4464 4472//4472
f 4712//4712 4711//4711 4724//4724
f 4475//4475 4465//4465 4473//4473
f 4212//4212 4712//4712 4725//4725
f 4726//4726 4725//4725 4217//4217
f 4213//4213 4212//4212 4726//4726
f 4719//4719 4726//4726 4218//4218
f 4474//4474 4209//4209 4476//4476
f 4474//4474 4476//4476 4215//4215
f 4473//4473 4472//4472 4480//4480
f 4724//4724 4723//4723 4727//4727
f 4482//4482 4473//4473 4481//4481
f 4217//4217 4724//4724 4728//4728
f 4729//4729 4728//4728 4223//4223
f 4218//4218 4217//4217 4729//4729
f 4730//4730 4729//4729 4224//4224
f 4484//4484 4215//4215 4483//4483
f 4484//4484 4483//4483 4220//4220
f 4719//4719 4218//4218 4730//4730
f 4485//4485 4474//4474 4484//4484
f 4720//4720 4719//4719 4731//4731
f 4470//4470 4485//4485 4478//4478
f 4733//4733 4470//4470 4478//4478
f 4471//4471 4721//4721 4732//4732
f 4721//4721 4720//4720 4732//4732
f 4734//4734 4733//4733 4221//4221
f 4472//4472 4471//4471 4479//4479
f 4723//4723 4216//4216 4734//4734
f 4727//4727 4734//4734 4222//4222
f 4731//4731 4730//4730 4735//4735
f 4737//4737 4478//4478 4486//4486
f 4479//4479 4732//4732 4736//4736
f 4732//4732 4731//4731 4736//4736
f 4738//4738 4737//4737 4227//4227
f 4480//4480 4479//4479 4487//4487
f 4222//4222 4221//4221 4738//4738
f 4481//4481 4480//4480 4488//4488
f 4727//4727 4222//4222 4739//4739
f 4490//4490 4481//4481 4489//4489
f 4223//4223 4727//4727 4740//4740
f 4741//4741 4740//4740 4228//4228
f 4224//4224 4223//4223 4741//4741
f 4230//4230 4741//4741 4229//4229
f 4492//4492 4220//4220 4491//4491
f 4492//4492 4491//4491 4226//4226
f 4730//4730 4224//4224 4230//4230
f 4477//4477 4484//4484 4492//4492
f 4478//4478 4477//4477 4501//4501
f 4498//4498 4489//4489 4497//4497
f 4228//4228 4739//4739 4742//4742
f 4743//4743 4742//4742 4234//4234
f 4229//4229 4228//4228 4743//4743
f 4744//4744 4743//4743 4235//4235
f 4500//4500 4226//4226 4499//4499
f 4500//4500 4499//4499 4232//4232
f 4230//4230 4229//4229 4744//4744
f 4501//4501 4492//4492 4500//4500
f 4735//4735 4230//4230 4745//4745
f 4486//4486 4501//4501 4494//4494
f 4747//4747 4486//4486 4494//4494
f 4487//4487 4736//4736 4746//4746
f 4736//4736 4735//4735 4746//4746
f 4748//4748 4747//4747 4233//4233
f 4488//4488 4487//4487 4495//4495
f 4738//4738 4227//4227 4748//4748
f 4489//4489 4488//4488 4496//4496
f 4739//4739 4738//4738 4749//4749
f 4751//4751 4494//4494 4502//4502
f 4495//4495 4746//4746 4750//4750
f 4752//4752 4751//4751 4238//4238
f 4496//4496 4495//4495 4503//4503
f 4748//4748 4233//4233 4752//4752
f 4497//4497 4496//4496 4504//4504
f 4749//4749 4748//4748 4753//4753
f 4506//4506 4497//4497 4505//4505
f 4234//4234 4749//4749 4754//4754
f 4755//4755 4754//4754 4239//4239
f 4235//4235 4234//4234 4755//4755
f 4756//4756 4755//4755 4240//4240
f 4508//4508 4232//4232 4507//4507
f 4508//4508 4507//4507 4237//4237
f 4744//4744 4235//4235 4756//4756
f 4493//4493 4500//4500 4508//4508
f 4494//4494 4493//4493 4516//4516
f 4746//4746 4745//4745 4757//4757
f 4745//4745 4744//4744 4757//4757
f 4750//4750 4757//4757 4241//4241
f 4239//4239 4753//4753 4758//4758
f 4759//4759 4758//4758 4245//4245
f 4240//4240 4239//4239 4759//4759
f 4760//4760 4759//4759 4246//4246
f 4515//4515 4237//4237 4513//4513
f 4515//4515 4513//4513 4243//4243
f 4756//4756 4240//4240 4760//4760
f 4516//4516 4508//4508 4515//4515
f 4241//4241 4756//4756 4761//4761
f 4502//4502 4516//4516 4509//4509
f 4763//4763 4502//4502 4509//4509
f 4503//4503 4750//4750 4762//4762
f 4750//4750 4241//4241 4762//4762
f 4764//4764 4763//4763 4244//4244
f 4504//4504 4503//4503 4510//4510
f 4752//4752 4238//4238 4764//4764
f 4505//4505 4504//4504 4511//4511
f 4753//4753 4752//4752 4765//4765
f 4514//4514 4505//4505 4512//4512
f 4510//4510 4762//4762 4766//4766
f 4768//4768 4767//4767 4279//4279
f 4511//4511 4510//4510 4518//4518
f 4764//4764 4244//4244 4768//4768
f 4512//4512 4511//4511 4519//4519
f 4765//4765 4764//4764 4769//4769
f 4521//4521 4512//4512 4520//4520
f 4245//4245 4765//4765 4770//4770
f 4771//4771 4770//4770 4280//4280
f 4246//4246 4245//4245 4771//4771
f 4772//4772 4771//4771 4281//4281
f 4523//4523 4243//4243 4522//4522
f 4523//4523 4522//4522 4278//4278
f 4760//4760 4246//4246 4772//4772
f 4524//4524 4515//4515 4523//4523
f 4762//4762 4761//4761 4773//4773
f 4761//4761 4760//4760 4773//4773
f 4766//4766 4773//4773 4282//4282
f 4509//4509 4524//4524 4517//4517
f 4767//4767 4509//4509 4517//4517
f 4281//4281 4280//4280 4774//4774
f 4775//4775 4774//4774 4287//4287
f 4531//4531 4278//4278 4529//4529
f 4531//4531 4529//4529 4284//4284
f 4772//4772 4281//4281 4775//4775
f 4532//4532 4523//4523 4531//4531
f 4282//4282 4772//4772 4776//4776
f 4517//4517 4532//4532 4525//4525
f 4778//4778 4517//4517 4525//4525
f 4518//4518 4766//4766 4777//4777
f 4766//4766 4282//4282 4777//4777
f 4779//4779 4778//4778 4285//4285
f 4519//4519 4518//4518 4526//4526
f 4768//4768 4279//4279 4779//4779
f 4520//4520 4519//4519 4527//4527
f 4769//4769 4768//4768 4780//4780
f 4530//4530 4520//4520 4528//4528
f 4280//4280 4769//4769 4781//4781
f 4774//4774 4781//4781 4286//4286
f 4783//4783 4782//4782 4290//4290
f 4527//4527 4526//4526 4545//4545
f 4779//4779 4285//4285 4783//4783
f 4528//4528 4527//4527 4546//4546
f 4780//4780 4779//4779 4784//4784
f 4537//4537 4528//4528 4535//4535
f 4286//4286 4780//4780 4785//4785
f 4786//4786 4785//4785 4291//4291
f 4287//4287 4286//4286 4786//4786
f 4787//4787 4786//4786 4292//4292
f 4539//4539 4284//4284 4538//4538
f 4539//4539 4538//4538 4289//4289
f 4775//4775 4287//4287 4787//4787
f 4540//4540 4531//4531 4539//4539
f 4540//4540 4539//4539 4533//4533
f 4776//4776 4775//4775 4788//4788
f 4525//4525 4540//4540 4534//4534
f 4782//4782 4525//4525 4534//4534
f 4526//4526 4777//4777 4789//4789
f 4777//4777 4776//4776 4789//4789
f 4292//4292 4291//4291 4790//4790
f 4791//4791 4790//4790 4308//4308
f 4787//4787 4292//4292 4791//4791
f 4792//4792 4791//4791 4309//4309
f 4533//4533 4543//4543 4296//4296
f 4534//4534 4533//4533 4541//4541
f 4788//4788 4787//4787 4792//4792
f 4544//4544 4792//4792 4312//4312
f 4793//4793 4534//4534 4298//4298
f 4536//4536 4789//4789 4544//4544
f 4789//4789 4788//4788 4544//4544
f 4794//4794 4793//4793 4299//4299
f 4545//4545 4536//4536 4544//4544
f 4545//4545 4544//4544 4315//4315
f 4783//4783 4290//4290 4794//4794
f 4795//4795 4794//4794 4301//4301
f 4546//4546 4545//4545 4316//4316
f 4784//4784 4783//4783 4795//4795
f 4796//4796 4795//4795 4303//4303
f 4535//4535 4546//4546 4317//4317
f 4547//4547 4535//4535 4542//4542
f 4291//4291 4784//4784 4796//4796
f 4790//4790 4796//4796 4306//4306
f 4289//4289 4601//4601 4797//4797
f 4295//4295 4543//4543 4797//4797
f 4316//4316 4315//4315 4549//4549
f 4304//4304 4302//4302 4798//4798
f 4317//4317 4316//4316 4548//4548
f 4305//4305 4304//4304 4799//4799
f 4319//4319 4317//4317 4800//4800
f 4307//4307 4305//4305 4801//4801
f 4803//4803 4801//4801 4323//4323
f 4325//4325 4602//4602 4802//4802
f 4310//4310 4307//4307 4803//4803
f 4805//4805 4803//4803 4324//4324
f 4296//4296 4294//4294 4804//4804
f 4311//4311 4310//4310 4805//4805
f 4297//4297 4296//4296 4806//4806
f 4314//4314 4311//4311 4807//4807
f 4300//4300 4297//4297 4550//4550
f 4315//4315 4314//4314 4808//4808
f 4302//4302 4300//4300 4809//4809
f 4798//4798 4809//4809 4322//4322
f 4805//4805 4324//4324 4810//4810
f 4807//4807 4805//4805 4811//4811
f 4321//4321 4550//4550 4551//4551
f 4549//4549 4808//4808 4812//4812
f 4808//4808 4807//4807 4812//4812
f 4322//4322 4321//4321 4813//4813
f 4548//4548 4549//4549 4553//4553
f 4798//4798 4322//4322 4814//4814
f 4555//4555 4548//4548 4554//4554
f 4799//4799 4798//4798 4815//4815
f 4323//4323 4799//4799 4816//4816
f 4817//4817 4816//4816 4328//4328
f 4324//4324 4323//4323 4817//4817
f 4810//4810 4817//4817 4329//4329
f 4804//4804 4320//4320 4557//4557
f 4804//4804 4557//4557 4326//4326
f 4555//4555 4554//4554 4558//4558
f 4815//4815 4814//4814 4818//4818
f 4330//4330 4800//4800 4819//4819
f 4800//4800 4555//4555 4819//4819
f 4328//4328 4815//4815 4820//4820
f 4822//4822 4820//4820 4334//4334
f 4326//4326 4603//4603 4821//4821
f 4329//4329 4328//4328 4822//4822
f 4823//4823 4822//4822 4335//4335
f 4552//4552 4804//4804 4821//4821
f 4804//4804 4326//4326 4821//4821
f 4810//4810 4329//4329 4823//4823
f 4551//4551 4806//4806 4824//4824
f 4806//4806 4552//4552 4824//4824
f 4811//4811 4810//4810 4825//4825
f 4327//4327 4551//4551 4560//4560
f 4553//4553 4812//4812 4826//4826
f 4812//4812 4811//4811 4826//4826
f 4813//4813 4327//4327 4827//4827
f 4554//4554 4553//4553 4561//4561
f 4814//4814 4813//4813 4828//4828
f 4818//4818 4828//4828 4333//4333
f 4825//4825 4823//4823 4829//4829
f 4332//4332 4560//4560 4563//4563
f 4561//4561 4826//4826 4830//4830
f 4826//4826 4825//4825 4830//4830
f 4827//4827 4332//4332 4831//4831
f 4558//4558 4561//4561 4565//4565
f 4333//4333 4827//4827 4832//4832
f 4567//4567 4558//4558 4566//4566
f 4818//4818 4333//4333 4833//4833
f 4334//4334 4818//4818 4834//4834
f 4835//4835 4834//4834 4339//4339
f 4335//4335 4334//4334 4835//4835
f 4341//4341 4835//4835 4340//4340
f 4824//4824 4821//4821 4562//4562
f 4821//4821 4331//4331 4562//4562
f 4823//4823 4335//4335 4341//4341
f 4833//4833 4832//4832 4836//4836
f 4342//4342 4819//4819 4837//4837
f 4819//4819 4567//4567 4570//4570
f 4339//4339 4833//4833 4838//4838
f 4839//4839 4838//4838 4346//4346
f 4340//4340 4339//4339 4839//4839
f 4840//4840 4839//4839 4347//4347
f 4562//4562 4337//4337 4571//4571
f 4562//4562 4571//4571 4343//4343
f 4341//4341 4340//4340 4840//4840
f 4563//4563 4824//4824 4841//4841
f 4824//4824 4564//4564 4841//4841
f 4829//4829 4341//4341 4842//4842
f 4338//4338 4563//4563 4572//4572
f 4565//4565 4830//4830 4843//4843
f 4830//4830 4829//4829 4843//4843
f 4831//4831 4338//4338 4844//4844
f 4566//4566 4565//4565 4573//4573
f 4832//4832 4831//4831 4845//4845
f 4836//4836 4845//4845 4345//4345
f 4567//4567 4566//4566 4574//4574
f 4842//4842 4840//4840 4846//4846
f 4344//4344 4572//4572 4576//4576
f 4573//4573 4843//4843 4847//4847
f 4843//4843 4842//4842 4847//4847
f 4844//4844 4344//4344 4848//4848
f 4574//4574 4573//4573 4577//4577
f 4345//4345 4844//4844 4849//4849
f 4570//4570 4574//4574 4578//4578
f 4836//4836 4345//4345 4850//4850
f 4346//4346 4836//4836 4851//4851
f 4853//4853 4851//4851 4351//4351
f 4343//4343 4604//4604 4852//4852
f 4349//4349 4854//4854 4852//4852
f 4347//4347 4346//4346 4853//4853
f 4353//4353 4853//4853 4352//4352
f 4841//4841 4562//4562 4854//4854
f 4562//4562 4343//4343 4854//4854
f 4840//4840 4347//4347 4353//4353
f 4576//4576 4841//4841 4575//4575
f 4354//4354 4837//4837 4855//4855
f 4351//4351 4850//4850 4856//4856
f 4857//4857 4856//4856 4356//4356
f 4352//4352 4351//4351 4857//4857
f 4859//4859 4857//4857 4357//4357
f 4575//4575 4854//4854 4858//4858
f 4858//4858 4854//4854 4355//4355
f 4353//4353 4352//4352 4859//4859
f 4846//4846 4353//4353 4860//4860
f 4350//4350 4576//4576 4584//4584
f 4577//4577 4847//4847 4862//4862
f 4847//4847 4846//4846 4862//4862
f 4848//4848 4350//4350 4863//4863
f 4578//4578 4577//4577 4864//4864
f 4849//4849 4848//4848 4865//4865
f 4582//4582 4578//4578 4585//4585
f 4850//4850 4849//4849 4866//4866
f 4861//4861 4584//4584 4593//4593
f 4868//4868 4861//4861 4593//4593
f 4864//4864 4862//4862 4867//4867
f 4867//4867 4605//4605 4105//4105
f 4586//4586 4867//4867 4362//4362
f 4606//4606 4868//4868 4101//4101
f 4864//4864 4586//4586 4362//4362
f 4865//4865 4863//4863 4606//4606
f 4869//4869 4606//4606 4101//4101
f 4588//4588 4869//4869 4360//4360
f 4580//4580 4585//4585 4587//4587
f 4596//4596 4580//4580 4595//4595
f 4866//4866 4865//4865 4588//4588
f 4607//4607 4588//4588 4360//4360
f 4855//4855 4582//4582 4596//4596
f 4589//4589 4855//4855 4596//4596
f 4356//4356 4866//4866 4607//4607
f 4608//4608 4607//4607 4102//4102
f 4357//4357 4356//4356 4608//4608
f 4609//4609 4608//4608 4103//4103
f 4858//4858 4355//4355 4590//4590
f 4858//4858 4590//4590 4359//4359
f 4592//4592 4858//4858 4598//4598
f 4859//4859 4357//4357 4609//4609
f 4870//4870 4609//4609 4104//4104
f 4591//4591 4870//4870 4361//4361
f 4584//4584 4575//4575 4592//4592
f 4575//4575 4583//4583 4592//4592
f 4862//4862 4860//4860 4591//4591
f 4860//4860 4859//4859 4591//4591
f 4605//4605 4591//4591 4105//4105
f 4875//4875 5129//5129 5134//5134
f 5384//5384 5367//5367 5133//5133
f 5130//5130 4875//4875 5134//5134
f 5385//5385 5384//5384 4877//4877
f 5128//5128 4871//4871 5385//5385
f 5369//5369 5361//5361 5141//5141
f 5386//5386 5128//5128 4878//4878
f 5370//5370 5369//5369 5135//5135
f 4873//4873 4872//4872 5386//5386
f 5388//5388 5386//5386 4879//4879
f 5131//5131 5370//5370 5387//5387
f 4882//4882 5368//5368 5387//5387
f 4874//4874 4873//4873 5388//5388
f 5389//5389 5388//5388 4880//4880
f 5372//5372 5127//5127 5371//5371
f 5372//5372 5371//5371 4876//4876
f 5129//5129 4874//4874 5389//5389
f 5129//5129 5389//5389 4881//4881
f 5366//5366 5372//5372 5132//5132
f 5367//5367 5366//5366 5132//5132
f 4881//4881 4880//4880 5390//5390
f 5133//5133 5132//5132 5153//5153
f 5391//5391 4881//4881 4887//4887
f 5392//5392 5133//5133 5136//5136
f 5130//5130 5134//5134 5391//5391
f 5393//5393 5392//5392 4884//4884
f 5140//5140 5130//5130 5137//5137
f 5385//5385 4877//4877 5393//5393
f 5141//5141 5140//5140 5138//5138
f 4878//4878 5385//5385 5394//5394
f 4879//4879 4878//4878 5395//5395
f 5396//5396 5395//5395 4885//4885
f 4880//4880 4879//4879 5396//5396
f 5390//5390 5396//5396 4886//4886
f 5139//5139 4876//4876 5143//5143
f 5139//5139 5143//5143 4883//4883
f 5149//5149 5138//5138 5147//5147
f 5394//5394 5393//5393 5397//5397
f 5135//5135 5149//5149 5148//5148
f 5150//5150 5135//5135 5148//5148
f 4885//4885 5394//5394 5398//5398
f 5399//5399 5398//5398 4892//4892
f 4886//4886 4885//4885 5399//5399
f 5400//5400 5399//5399 4893//4893
f 5152//5152 4883//4883 5151//5151
f 5152//5152 5151//5151 4889//4889
f 5390//5390 4886//4886 5400//5400
f 5153//5153 5139//5139 5152//5152
f 5153//5153 5152//5152 5144//5144
f 4887//4887 5390//5390 5401//5401
f 5136//5136 5153//5153 5145//5145
f 5403//5403 5136//5136 5145//5145
f 5137//5137 5391//5391 5402//5402
f 5391//5391 4887//4887 5402//5402
f 5404//5404 5403//5403 4890//4890
f 5138//5138 5137//5137 5146//5146
f 5393//5393 4884//4884 5404//5404
f 5397//5397 5404//5404 4891//4891
f 5145//5145 5144//5144 5169//5169
f 5401//5401 5400//5400 5405//5405
f 5407//5407 5145//5145 5154//5154
f 5146//5146 5402//5402 5406//5406
f 5402//5402 5401//5401 5406//5406
f 5408//5408 5407//5407 4896//4896
f 5147//5147 5146//5146 5155//5155
f 4891//4891 4890//4890 5408//5408
f 5148//5148 5147//5147 5156//5156
f 5397//5397 4891//4891 5409//5409
f 5159//5159 5148//5148 5157//5157
f 4892//4892 5397//5397 5410//5410
f 5411//5411 5410//5410 4897//4897
f 4893//4893 4892//4892 5411//5411
f 4899//4899 5411//5411 4898//4898
f 5158//5158 4889//4889 5160//5160
f 5158//5158 5160//5160 4895//4895
f 5400//5400 4893//4893 4899//4899
f 5409//5409 5408//5408 5412//5412
f 5166//5166 5157//5157 5165//5165
f 4897//4897 5409//5409 5413//5413
f 5414//5414 5413//5413 4904//4904
f 4898//4898 4897//4897 5414//5414
f 5415//5415 5414//5414 4905//4905
f 5168//5168 4895//4895 5167//5167
f 5168//5168 5167//5167 4901//4901
f 4899//4899 4898//4898 5415//5415
f 5169//5169 5158//5158 5168//5168
f 5405//5405 4899//4899 5416//5416
f 5154//5154 5169//5169 5162//5162
f 5418//5418 5154//5154 5162//5162
f 5155//5155 5406//5406 5417//5417
f 5406//5406 5405//5405 5417//5417
f 5419//5419 5418//5418 4902//4902
f 5156//5156 5155//5155 5163//5163
f 5408//5408 4896//4896 5419//5419
f 5412//5412 5419//5419 4903//4903
f 5157//5157 5156//5156 5164//5164
f 5416//5416 5415//5415 5420//5420
f 5422//5422 5162//5162 5170//5170
f 5163//5163 5417//5417 5421//5421
f 5417//5417 5416//5416 5421//5421
f 5423//5423 5422//5422 4935//4935
f 5164//5164 5163//5163 5171//5171
f 4903//4903 4902//4902 5423//5423
f 5165//5165 5164//5164 5172//5172
f 5412//5412 4903//4903 5424//5424
f 5174//5174 5165//5165 5173//5173
f 4904//4904 5412//5412 5425//5425
f 5426//5426 5425//5425 4936//4936
f 4905//4905 4904//4904 5426//5426
f 4938//4938 5426//5426 4937//4937
f 5176//5176 4901//4901 5175//5175
f 5176//5176 5175//5175 4934//4934
f 5415//5415 4905//4905 4938//4938
f 5161//5161 5168//5168 5176//5176
f 5162//5162 5161//5161 5184//5184
f 5181//5181 5173//5173 5180//5180
f 4936//4936 5424//5424 5427//5427
f 5428//5428 5427//5427 4942//4942
f 4937//4937 4936//4936 5428//5428
f 5429//5429 5428//5428 4943//4943
f 5183//5183 4934//4934 5182//5182
f 5183//5183 5182//5182 4940//4940
f 4938//4938 4937//4937 5429//5429
f 5184//5184 5176//5176 5183//5183
f 5420//5420 4938//4938 5430//5430
f 5170//5170 5184//5184 5177//5177
f 5432//5432 5170//5170 5177//5177
f 5171//5171 5421//5421 5431//5431
f 5421//5421 5420//5420 5431//5431
f 5433//5433 5432//5432 4941//4941
f 5172//5172 5171//5171 5178//5178
f 5423//5423 4935//4935 5433//5433
f 5173//5173 5172//5172 5179//5179
f 5424//5424 5423//5423 5434//5434
f 5178//5178 5431//5431 5435//5435
f 5437//5437 5436//5436 4946//4946
f 5179//5179 5178//5178 5186//5186
f 5433//5433 4941//4941 5437//5437
f 5180//5180 5179//5179 5187//5187
f 5434//5434 5433//5433 5438//5438
f 5189//5189 5180//5180 5188//5188
f 4942//4942 5434//5434 5439//5439
f 5440//5440 5439//5439 4947//4947
f 4943//4943 4942//4942 5440//5440
f 5441//5441 5440//5440 4948//4948
f 5191//5191 4940//4940 5190//5190
f 5191//5191 5190//5190 4945//4945
f 5429//5429 4943//4943 5441//5441
f 5192//5192 5183//5183 5191//5191
f 5431//5431 5430//5430 5442//5442
f 5430//5430 5429//5429 5442//5442
f 5435//5435 5442//5442 4949//4949
f 5177//5177 5192//5192 5185//5185
f 5436//5436 5177//5177 5185//5185
f 4948//4948 4947//4947 5443//5443
f 5444//5444 5443//5443 4954//4954
f 5199//5199 4945//4945 5197//5197
f 5199//5199 5197//5197 4951//4951
f 5441//5441 4948//4948 5444//5444
f 5200//5200 5191//5191 5199//5199
f 4949//4949 5441//5441 5445//5445
f 5185//5185 5200//5200 5193//5193
f 5447//5447 5185//5185 5193//5193
f 5186//5186 5435//5435 5446//5446
f 5435//5435 4949//4949 5446//5446
f 5448//5448 5447//5447 4952//4952
f 5187//5187 5186//5186 5194//5194
f 5437//5437 4946//4946 5448//5448
f 5188//5188 5187//5187 5195//5195
f 5438//5438 5437//5437 5449//5449
f 5198//5198 5188//5188 5196//5196
f 4947//4947 5438//5438 5450//5450
f 5443//5443 5450//5450 4953//4953
f 5452//5452 5451//5451 4957//4957
f 5195//5195 5194//5194 5203//5203
f 5448//5448 4952//4952 5452//5452
f 5196//5196 5195//5195 5204//5204
f 5449//5449 5448//5448 5453//5453
f 5206//5206 5196//5196 5205//5205
f 4953//4953 5449//5449 5454//5454
f 5455//5455 5454//5454 4958//4958
f 4954//4954 4953//4953 5455//5455
f 5456//5456 5455//5455 4959//4959
f 5208//5208 4951//4951 5207//5207
f 5208//5208 5207//5207 4956//4956
f 5444//5444 4954//4954 5456//5456
f 5209//5209 5199//5199 5208//5208
f 5209//5209 5208//5208 5201//5201
f 5445//5445 5444//5444 5457//5457
f 5193//5193 5209//5209 5202//5202
f 5451//5451 5193//5193 5202//5202
f 5194//5194 5446//5446 5458//5458
f 5446//5446 5445//5445 5458//5458
f 4959//4959 4958//4958 5459//5459
f 5460//5460 5459//5459 4965//4965
f 5456//5456 4959//4959 5460//5460
f 5201//5201 5214//5214 5223//5223
f 5202//5202 5201//5201 5223//5223
f 5457//5457 5456//5456 5461//5461
f 5463//5463 5202//5202 5210//5210
f 5203//5203 5458//5458 5462//5462
f 5458//5458 5457//5457 5462//5462
f 5464//5464 5463//5463 4963//4963
f 5204//5204 5203//5203 5211//5211
f 5452//5452 4957//4957 5464//5464
f 5205//5205 5204//5204 5212//5212
f 5453//5453 5452//5452 5465//5465
f 5215//5215 5205//5205 5213//5213
f 4958//4958 5453//5453 5466//5466
f 5459//5459 5466//5466 4964//4964
f 4956//4956 5373//5373 5467//5467
f 4961//4961 5214//5214 5467//5467
f 5212//5212 5211//5211 5217//5217
f 5464//5464 4963//4963 5468//5468
f 5213//5213 5212//5212 5218//5218
f 5465//5465 5464//5464 5469//5469
f 5220//5220 5213//5213 5219//5219
f 4964//4964 5465//5465 5470//5470
f 5471//5471 5470//5470 4970//4970
f 4965//4965 4964//4964 5471//5471
f 5472//5472 5471//5471 4971//4971
f 5222//5222 4961//4961 5221//5221
f 5222//5222 5221//5221 4967//4967
f 5460//5460 4965//4965 5472//5472
f 5223//5223 5222//5222 5216//5216
f 5461//5461 5460//5460 5473//5473
f 5210//5210 4962//4962 5223//5223
f 5210//5210 5223//5223 4968//4968
f 5211//5211 5462//5462 5474//5474
f 5462//5462 5461//5461 5474//5474
f 5468//5468 5475//5475 4969//4969
f 5472//5472 4971//4971 5476//5476
f 5216//5216 5228//5228 5237//5237
f 4968//4968 5216//5216 5237//5237
f 5473//5473 5472//5472 5477//5477
f 5210//5210 4968//4968 4974//4974
f 5479//5479 5210//5210 5224//5224
f 5217//5217 5474//5474 5478//5478
f 5474//5474 5473//5473 5478//5478
f 5480//5480 5479//5479 4975//4975
f 5218//5218 5217//5217 5225//5225
f 5468//5468 4969//4969 5480//5480
f 5219//5219 5218//5218 5226//5226
f 5469//5469 5468//5468 5481//5481
f 5229//5229 5219//5219 5227//5227
f 4970//4970 5469//5469 5482//5482
f 5484//5484 5482//5482 4976//4976
f 4967//4967 5374//5374 5483//5483
f 4973//4973 5228//5228 5483//5483
f 4971//4971 4970//4970 5484//5484
f 5476//5476 5484//5484 4977//4977
f 5480//5480 4975//4975 5485//5485
f 5227//5227 5226//5226 5232//5232
f 5481//5481 5480//5480 5486//5486
f 5234//5234 5227//5227 5233//5233
f 4976//4976 5481//5481 5487//5487
f 5488//5488 5487//5487 4982//4982
f 4977//4977 4976//4976 5488//5488
f 5489//5489 5488//5488 4983//4983
f 5236//5236 4973//4973 5235//5235
f 5236//5236 5235//5235 4979//4979
f 5476//5476 4977//4977 5489//5489
f 5237//5237 5236//5236 5230//5230
f 5477//5477 5476//5476 5490//5490
f 5224//5224 4974//4974 5237//5237
f 5224//5224 5237//5237 4980//4980
f 5225//5225 5478//5478 5491//5491
f 5478//5478 5477//5477 5491//5491
f 5485//5485 5492//5492 4981//4981
f 5226//5226 5225//5225 5231//5231
f 5489//5489 4983//4983 5493//5493
f 4980//4980 5230//5230 5253//5253
f 5490//5490 5489//5489 5494//5494
f 5224//5224 4980//4980 5238//5238
f 5496//5496 5224//5224 5238//5238
f 5231//5231 5491//5491 5495//5495
f 5491//5491 5490//5490 5495//5495
f 5497//5497 5496//5496 4986//4986
f 5232//5232 5231//5231 5239//5239
f 5485//5485 4981//4981 5497//5497
f 5233//5233 5232//5232 5240//5240
f 5486//5486 5485//5485 5498//5498
f 5243//5243 5233//5233 5241//5241
f 4982//4982 5486//5486 5499//5499
f 5500//5500 5499//5499 4987//4987
f 4983//4983 4982//4982 5500//5500
f 5493//5493 5500//5500 4988//4988
f 5242//5242 4979//4979 5244//5244
f 5242//5242 5244//5244 4985//4985
f 5241//5241 5240//5240 5248//5248
f 5498//5498 5497//5497 5501//5501
f 5250//5250 5241//5241 5249//5249
f 4987//4987 5498//5498 5502//5502
f 5503//5503 5502//5502 4993//4993
f 4988//4988 4987//4987 5503//5503
f 5504//5504 5503//5503 4994//4994
f 5252//5252 4985//4985 5251//5251
f 5252//5252 5251//5251 4990//4990
f 5493//5493 4988//4988 5504//5504
f 5253//5253 5242//5242 5252//5252
f 5494//5494 5493//5493 5505//5505
f 5238//5238 5253//5253 5246//5246
f 5507//5507 5238//5238 5246//5246
f 5239//5239 5495//5495 5506//5506
f 5495//5495 5494//5494 5506//5506
f 5508//5508 5507//5507 4991//4991
f 5240//5240 5239//5239 5247//5247
f 5497//5497 4986//4986 5508//5508
f 5501//5501 5508//5508 4992//4992
f 5505//5505 5504//5504 5509//5509
f 5511//5511 5246//5246 5254//5254
f 5247//5247 5506//5506 5510//5510
f 5506//5506 5505//5505 5510//5510
f 5512//5512 5511//5511 4997//4997
f 5248//5248 5247//5247 5255//5255
f 4992//4992 4991//4991 5512//5512
f 5249//5249 5248//5248 5256//5256
f 5501//5501 4992//4992 5513//5513
f 5258//5258 5249//5249 5257//5257
f 4993//4993 5501//5501 5514//5514
f 5515//5515 5514//5514 4998//4998
f 4994//4994 4993//4993 5515//5515
f 5000//5000 5515//5515 4999//4999
f 5260//5260 4990//4990 5259//5259
f 5260//5260 5259//5259 4996//4996
f 5504//5504 4994//4994 5000//5000
f 5245//5245 5252//5252 5260//5260
f 5246//5246 5245//5245 5269//5269
f 5266//5266 5257//5257 5265//5265
f 4998//4998 5513//5513 5516//5516
f 5517//5517 5516//5516 5004//5004
f 4999//4999 4998//4998 5517//5517
f 5518//5518 5517//5517 5005//5005
f 5268//5268 4996//4996 5267//5267
f 5268//5268 5267//5267 5002//5002
f 5000//5000 4999//4999 5518//5518
f 5269//5269 5260//5260 5268//5268
f 5509//5509 5000//5000 5519//5519
f 5254//5254 5269//5269 5262//5262
f 5521//5521 5254//5254 5262//5262
f 5255//5255 5510//5510 5520//5520
f 5510//5510 5509//5509 5520//5520
f 5522//5522 5521//5521 5003//5003
f 5256//5256 5255//5255 5263//5263
f 5512//5512 4997//4997 5522//5522
f 5257//5257 5256//5256 5264//5264
f 5513//5513 5512//5512 5523//5523
f 5525//5525 5262//5262 5270//5270
f 5263//5263 5520//5520 5524//5524
f 5526//5526 5525//5525 5008//5008
f 5264//5264 5263//5263 5271//5271
f 5522//5522 5003//5003 5526//5526
f 5265//5265 5264//5264 5272//5272
f 5523//5523 5522//5522 5527//5527
f 5274//5274 5265//5265 5273//5273
f 5004//5004 5523//5523 5528//5528
f 5529//5529 5528//5528 5009//5009
f 5005//5005 5004//5004 5529//5529
f 5530//5530 5529//5529 5010//5010
f 5276//5276 5002//5002 5275//5275
f 5276//5276 5275//5275 5007//5007
f 5518//5518 5005//5005 5530//5530
f 5261//5261 5268//5268 5276//5276
f 5262//5262 5261//5261 5284//5284
f 5520//5520 5519//5519 5531//5531
f 5519//5519 5518//5518 5531//5531
f 5524//5524 5531//5531 5011//5011
f 5009//5009 5527//5527 5532//5532
f 5533//5533 5532//5532 5015//5015
f 5010//5010 5009//5009 5533//5533
f 5534//5534 5533//5533 5016//5016
f 5283//5283 5007//5007 5281//5281
f 5283//5283 5281//5281 5013//5013
f 5530//5530 5010//5010 5534//5534
f 5284//5284 5276//5276 5283//5283
f 5011//5011 5530//5530 5535//5535
f 5270//5270 5284//5284 5277//5277
f 5537//5537 5270//5270 5277//5277
f 5271//5271 5524//5524 5536//5536
f 5524//5524 5011//5011 5536//5536
f 5538//5538 5537//5537 5014//5014
f 5272//5272 5271//5271 5278//5278
f 5526//5526 5008//5008 5538//5538
f 5273//5273 5272//5272 5279//5279
f 5527//5527 5526//5526 5539//5539
f 5282//5282 5273//5273 5280//5280
f 5278//5278 5536//5536 5540//5540
f 5542//5542 5541//5541 5049//5049
f 5279//5279 5278//5278 5286//5286
f 5538//5538 5014//5014 5542//5542
f 5280//5280 5279//5279 5287//5287
f 5539//5539 5538//5538 5543//5543
f 5289//5289 5280//5280 5288//5288
f 5015//5015 5539//5539 5544//5544
f 5545//5545 5544//5544 5050//5050
f 5016//5016 5015//5015 5545//5545
f 5546//5546 5545//5545 5051//5051
f 5291//5291 5013//5013 5290//5290
f 5291//5291 5290//5290 5048//5048
f 5534//5534 5016//5016 5546//5546
f 5292//5292 5283//5283 5291//5291
f 5536//5536 5535//5535 5547//5547
f 5535//5535 5534//5534 5547//5547
f 5540//5540 5547//5547 5052//5052
f 5277//5277 5292//5292 5285//5285
f 5541//5541 5277//5277 5285//5285
f 5051//5051 5050//5050 5548//5548
f 5549//5549 5548//5548 5057//5057
f 5299//5299 5048//5048 5297//5297
f 5299//5299 5297//5297 5054//5054
f 5546//5546 5051//5051 5549//5549
f 5300//5300 5291//5291 5299//5299
f 5052//5052 5546//5546 5550//5550
f 5285//5285 5300//5300 5293//5293
f 5552//5552 5285//5285 5293//5293
f 5286//5286 5540//5540 5551//5551
f 5540//5540 5052//5052 5551//5551
f 5553//5553 5552//5552 5055//5055
f 5287//5287 5286//5286 5294//5294
f 5542//5542 5049//5049 5553//5553
f 5288//5288 5287//5287 5295//5295
f 5543//5543 5542//5542 5554//5554
f 5298//5298 5288//5288 5296//5296
f 5050//5050 5543//5543 5555//5555
f 5548//5548 5555//5555 5056//5056
f 5557//5557 5556//5556 5060//5060
f 5295//5295 5294//5294 5319//5319
f 5553//5553 5055//5055 5557//5557
f 5296//5296 5295//5295 5320//5320
f 5554//5554 5553//5553 5558//5558
f 5305//5305 5296//5296 5303//5303
f 5056//5056 5554//5554 5559//5559
f 5560//5560 5559//5559 5061//5061
f 5057//5057 5056//5056 5560//5560
f 5561//5561 5560//5560 5062//5062
f 5307//5307 5054//5054 5306//5306
f 5307//5307 5306//5306 5059//5059
f 5549//5549 5057//5057 5561//5561
f 5308//5308 5299//5299 5307//5307
f 5308//5308 5307//5307 5301//5301
f 5550//5550 5549//5549 5562//5562
f 5293//5293 5308//5308 5302//5302
f 5556//5556 5293//5293 5302//5302
f 5294//5294 5551//5551 5563//5563
f 5551//5551 5550//5550 5563//5563
f 5062//5062 5061//5061 5564//5564
f 5565//5565 5564//5564 5077//5077
f 5561//5561 5062//5062 5565//5565
f 5566//5566 5565//5565 5079//5079
f 5301//5301 5317//5317 5066//5066
f 5302//5302 5301//5301 5309//5309
f 5562//5562 5561//5561 5566//5566
f 5318//5318 5566//5566 5082//5082
f 5567//5567 5302//5302 5067//5067
f 5304//5304 5563//5563 5318//5318
f 5563//5563 5562//5562 5318//5318
f 5568//5568 5567//5567 5070//5070
f 5319//5319 5304//5304 5318//5318
f 5319//5319 5318//5318 5310//5310
f 5557//5557 5060//5060 5568//5568
f 5569//5569 5568//5568 5072//5072
f 5320//5320 5319//5319 5313//5313
f 5558//5558 5557//5557 5569//5569
f 5570//5570 5569//5569 5073//5073
f 5303//5303 5320//5320 5315//5315
f 5321//5321 5303//5303 5316//5316
f 5061//5061 5558//5558 5570//5570
f 5564//5564 5570//5570 5076//5076
f 5059//5059 5375//5375 5571//5571
f 5064//5064 5317//5317 5571//5571
f 5314//5314 5312//5312 5322//5322
f 5074//5074 5071//5071 5572//5572
f 5085//5085 5314//5314 5329//5329
f 5075//5075 5074//5074 5573//5573
f 5087//5087 5085//5085 5574//5574
f 5078//5078 5075//5075 5575//5575
f 5577//5577 5575//5575 5091//5091
f 5093//5093 5376//5376 5576//5576
f 5080//5080 5078//5078 5577//5577
f 5579//5579 5577//5577 5092//5092
f 5066//5066 5065//5065 5578//5578
f 5081//5081 5080//5080 5579//5579
f 5068//5068 5066//5066 5580//5580
f 5084//5084 5081//5081 5581//5581
f 5069//5069 5068//5068 5324//5324
f 5312//5312 5311//5311 5582//5582
f 5311//5311 5084//5084 5582//5582
f 5071//5071 5069//5069 5583//5583
f 5572//5572 5583//5583 5090//5090
f 5579//5579 5092//5092 5584//5584
f 5581//5581 5579//5579 5585//5585
f 5089//5089 5324//5324 5325//5325
f 5323//5323 5582//5582 5586//5586
f 5582//5582 5581//5581 5586//5586
f 5090//5090 5089//5089 5587//5587
f 5322//5322 5323//5323 5327//5327
f 5572//5572 5090//5090 5588//5588
f 5329//5329 5322//5322 5328//5328
f 5573//5573 5572//5572 5589//5589
f 5091//5091 5573//5573 5590//5590
f 5591//5591 5590//5590 5096//5096
f 5092//5092 5091//5091 5591//5591
f 5584//5584 5591//5591 5097//5097
f 5578//5578 5088//5088 5331//5331
f 5578//5578 5331//5331 5094//5094
f 5329//5329 5328//5328 5332//5332
f 5589//5589 5588//5588 5592//5592
f 5098//5098 5574//5574 5593//5593
f 5574//5574 5329//5329 5593//5593
f 5096//5096 5589//5589 5594//5594
f 5596//5596 5594//5594 5102//5102
f 5094//5094 5377//5377 5595//5595
f 5097//5097 5096//5096 5596//5596
f 5597//5597 5596//5596 5103//5103
f 5326//5326 5578//5578 5595//5595
f 5578//5578 5094//5094 5595//5595
f 5584//5584 5097//5097 5597//5597
f 5325//5325 5580//5580 5598//5598
f 5580//5580 5326//5326 5598//5598
f 5585//5585 5584//5584 5599//5599
f 5095//5095 5325//5325 5334//5334
f 5327//5327 5586//5586 5600//5600
f 5586//5586 5585//5585 5600//5600
f 5587//5587 5095//5095 5601//5601
f 5328//5328 5327//5327 5335//5335
f 5588//5588 5587//5587 5602//5602
f 5592//5592 5602//5602 5101//5101
f 5599//5599 5597//5597 5603//5603
f 5100//5100 5334//5334 5337//5337
f 5335//5335 5600//5600 5604//5604
f 5600//5600 5599//5599 5604//5604
f 5601//5601 5100//5100 5605//5605
f 5332//5332 5335//5335 5339//5339
f 5101//5101 5601//5601 5606//5606
f 5341//5341 5332//5332 5340//5340
f 5592//5592 5101//5101 5607//5607
f 5102//5102 5592//5592 5608//5608
f 5609//5609 5608//5608 5107//5107
f 5103//5103 5102//5102 5609//5609
f 5109//5109 5609//5609 5108//5108
f 5598//5598 5595//5595 5336//5336
f 5595//5595 5099//5099 5336//5336
f 5597//5597 5103//5103 5109//5109
f 5607//5607 5606//5606 5610//5610
f 5110//5110 5593//5593 5611//5611
f 5593//5593 5341//5341 5344//5344
f 5107//5107 5607//5607 5612//5612
f 5613//5613 5612//5612 5114//5114
f 5108//5108 5107//5107 5613//5613
f 5614//5614 5613//5613 5115//5115
f 5336//5336 5105//5105 5345//5345
f 5336//5336 5345//5345 5111//5111
f 5109//5109 5108//5108 5614//5614
f 5337//5337 5598//5598 5615//5615
f 5598//5598 5338//5338 5615//5615
f 5603//5603 5109//5109 5616//5616
f 5106//5106 5337//5337 5346//5346
f 5339//5339 5604//5604 5617//5617
f 5604//5604 5603//5603 5617//5617
f 5605//5605 5106//5106 5618//5618
f 5340//5340 5339//5339 5347//5347
f 5606//5606 5605//5605 5619//5619
f 5610//5610 5619//5619 5113//5113
f 5341//5341 5340//5340 5348//5348
f 5616//5616 5614//5614 5620//5620
f 5112//5112 5346//5346 5350//5350
f 5347//5347 5617//5617 5621//5621
f 5617//5617 5616//5616 5621//5621
f 5618//5618 5112//5112 5622//5622
f 5348//5348 5347//5347 5351//5351
f 5113//5113 5618//5618 5623//5623
f 5344//5344 5348//5348 5352//5352
f 5610//5610 5113//5113 5624//5624
f 5114//5114 5610//5610 5625//5625
f 5627//5627 5625//5625 5119//5119
f 5111//5111 5378//5378 5626//5626
f 5117//5117 5628//5628 5626//5626
f 5115//5115 5114//5114 5627//5627
f 5121//5121 5627//5627 5120//5120
f 5615//5615 5336//5336 5628//5628
f 5336//5336 5111//5111 5628//5628
f 5614//5614 5115//5115 5121//5121
f 5350//5350 5615//5615 5349//5349
f 5122//5122 5611//5611 5629//5629
f 5119//5119 5624//5624 5630//5630
f 5631//5631 5630//5630 5124//5124
f 5120//5120 5119//5119 5631//5631
f 5633//5633 5631//5631 5125//5125
f 5349//5349 5628//5628 5632//5632
f 5632//5632 5628//5628 5123//5123
f 5121//5121 5120//5120 5633//5633
f 5620//5620 5121//5121 5634//5634
f 5118//5118 5350//5350 5358//5358
f 5351//5351 5621//5621 5636//5636
f 5621//5621 5620//5620 5636//5636
f 5622//5622 5118//5118 5637//5637
f 5352//5352 5351//5351 5638//5638
f 5623//5623 5622//5622 5639//5639
f 5356//5356 5352//5352 5359//5359
f 5624//5624 5623//5623 5640//5640
f 5635//5635 5358//5358 5367//5367
f 5642//5642 5635//5635 5367//5367
f 5638//5638 5636//5636 5641//5641
f 5641//5641 5379//5379 4875//4875
f 5360//5360 5641//5641 5130//5130
f 5380//5380 5642//5642 4871//4871
f 5638//5638 5360//5360 5130//5130
f 5639//5639 5637//5637 5380//5380
f 5643//5643 5380//5380 4871//4871
f 5362//5362 5643//5643 5128//5128
f 5354//5354 5359//5359 5361//5361
f 5370//5370 5354//5354 5369//5369
f 5640//5640 5639//5639 5362//5362
f 5381//5381 5362//5362 5128//5128
f 5629//5629 5356//5356 5370//5370
f 5363//5363 5629//5629 5370//5370
f 5124//5124 5640//5640 5381//5381
f 5382//5382 5381//5381 4872//4872
f 5125//5125 5124//5124 5382//5382
f 5383//5383 5382//5382 4873//4873
f 5632//5632 5123//5123 5364//5364
f 5632//5632 5364//5364 5127//5127
f 5366//5366 5632//5632 5372//5372
f 5633//5633 5125//5125 5383//5383
f 5644//5644 5383//5383 4874//4874
f 5365//5365 5644//5644 5129//5129
f 5358//5358 5349//5349 5366//5366
f 5349//5349 5357//5357 5366//5366
f 5636//5636 5634//5634 5365//5365
f 5634//5634 5633//5633 5365//5365
f 5379//5379 5365//5365 4875//4875
f 1034//1034 1288//1288 1284//1284
f 1515//1515 1531//1531 1027//1027
f 1531//1531 1532//1532 1027//1027
f 1285//1285 1294//1294 1509//1509
f 1294//1294 1295//1295 1509//1509
f 1283//1283 1031//1031 1028//1028
f 1532//1532 1031//1031 1283//1283
f 1289//1289 1035//1035 1517//1517
f 1031//1031 1534//1534 1029//1029
f 1518//1518 1282//1282 1065//1065
f 1518//1518 1065//1065 1030//1030
f 1533//1533 1516//1516 1286//1286
f 1533//1533 1517//1517 1035//1035
f 1534//1534 1535//1535 1029//1029
f 1032//1032 1033//1033 1534//1534
f 1030//1030 1293//1293 1519//1519
f 1293//1293 1287//1287 1519//1519
f 1033//1033 1034//1034 1535//1535
f 1293//1293 1307//1307 1287//1287
f 1307//1307 1290//1290 1515//1515
f 1034//1034 1537//1537 1288//1288
f 1536//1536 1040//1040 1034//1034
f 1515//1515 1538//1538 1531//1531
f 1290//1290 1037//1037 1538//1538
f 1537//1537 1291//1291 1285//1285
f 1538//1538 1539//1539 1531//1531
f 1291//1291 1292//1292 1294//1294
f 1539//1539 1540//1540 1532//1532
f 1292//1292 1289//1289 1295//1295
f 1540//1540 1541//1541 1031//1031
f 1289//1289 1296//1296 1035//1035
f 1289//1289 1041//1041 1296//1296
f 1541//1541 1542//1542 1032//1032
f 1540//1540 1038//1038 1541//1541
f 1297//1297 1030//1030 1082//1082
f 1297//1297 1082//1082 1036//1036
f 1296//1296 1041//1041 1199//1199
f 1296//1296 1199//1199 1035//1035
f 1542//1542 1536//1536 1033//1033
f 1038//1038 1039//1039 1542//1542
f 1036//1036 1306//1306 1293//1293
f 1292//1292 1303//1303 1289//1289
f 1301//1301 1302//1302 1303//1303
f 1543//1543 1544//1544 1540//1540
f 1289//1289 1304//1304 1041//1041
f 1302//1302 1047//1047 1304//1304
f 1544//1544 1545//1545 1038//1038
f 1543//1543 1045//1045 1544//1544
f 1305//1305 1036//1036 1067//1067
f 1305//1305 1067//1067 1042//1042
f 1304//1304 1047//1047 1180//1180
f 1304//1304 1180//1180 1041//1041
f 1545//1545 1546//1546 1039//1039
f 1045//1045 1046//1046 1545//1545
f 1042//1042 1312//1312 1306//1306
f 1312//1312 1298//1298 1306//1306
f 1546//1546 1547//1547 1536//1536
f 1298//1298 1299//1299 1307//1307
f 1547//1547 1548//1548 1040//1040
f 1290//1290 1549//1549 1037//1037
f 1299//1299 1043//1043 1549//1549
f 1548//1548 1300//1300 1291//1291
f 1549//1549 1550//1550 1037//1037
f 1300//1300 1301//1301 1292//1292
f 1550//1550 1543//1543 1539//1539
f 1043//1043 1044//1044 1550//1550
f 1312//1312 1323//1323 1298//1298
f 1323//1323 1308//1308 1299//1299
f 1551//1551 1552//1552 1547//1547
f 1299//1299 1553//1553 1043//1043
f 1308//1308 1049//1049 1553//1553
f 1552//1552 1309//1309 1300//1300
f 1553//1553 1554//1554 1043//1043
f 1309//1309 1310//1310 1301//1301
f 1554//1554 1555//1555 1044//1044
f 1310//1310 1311//1311 1302//1302
f 1555//1555 1556//1556 1543//1543
f 1302//1302 1313//1313 1047//1047
f 1311//1311 1053//1053 1313//1313
f 1556//1556 1557//1557 1045//1045
f 1555//1555 1050//1050 1556//1556
f 1314//1314 1042//1042 1063//1063
f 1314//1314 1063//1063 1048//1048
f 1313//1313 1053//1053 1198//1198
f 1313//1313 1198//1198 1047//1047
f 1557//1557 1052//1052 1046//1046
f 1050//1050 1051//1051 1557//1557
f 1048//1048 1322//1322 1312//1312
f 1052//1052 1551//1551 1546//1546
f 1558//1558 1559//1559 1555//1555
f 1311//1311 1320//1320 1053//1053
f 1319//1319 1059//1059 1320//1320
f 1559//1559 1560//1560 1050//1050
f 1558//1558 1057//1057 1559//1559
f 1321//1321 1048//1048 1078//1078
f 1321//1321 1078//1078 1054//1054
f 1320//1320 1059//1059 1192//1192
f 1320//1320 1192//1192 1053//1053
f 1560//1560 1561//1561 1051//1051
f 1057//1057 1058//1058 1560//1560
f 1054//1054 1330//1330 1322//1322
f 1561//1561 1562//1562 1052//1052
f 1322//1322 1315//1315 1323//1323
f 1315//1315 1316//1316 1323//1323
f 1562//1562 1563//1563 1551//1551
f 1308//1308 1564//1564 1049//1049
f 1316//1316 1055//1055 1564//1564
f 1563//1563 1317//1317 1309//1309
f 1564//1564 1565//1565 1049//1049
f 1317//1317 1318//1318 1310//1310
f 1565//1565 1558//1558 1554//1554
f 1055//1055 1056//1056 1565//1565
f 1318//1318 1319//1319 1311//1311
f 1566//1566 1567//1567 1562//1562
f 1316//1316 1568//1568 1055//1055
f 1324//1324 1088//1088 1568//1568
f 1567//1567 1325//1325 1317//1317
f 1568//1568 1569//1569 1055//1055
f 1325//1325 1326//1326 1318//1318
f 1569//1569 1570//1570 1056//1056
f 1326//1326 1327//1327 1319//1319
f 1570//1570 1571//1571 1558//1558
f 1319//1319 1328//1328 1059//1059
f 1327//1327 1092//1092 1328//1328
f 1571//1571 1572//1572 1057//1057
f 1570//1570 1089//1089 1571//1571
f 1329//1329 1054//1054 1072//1072
f 1329//1329 1072//1072 1087//1087
f 1328//1328 1092//1092 1188//1188
f 1328//1328 1188//1188 1059//1059
f 1572//1572 1091//1091 1058//1058
f 1089//1089 1090//1090 1572//1572
f 1087//1087 1337//1337 1330//1330
f 1091//1091 1566//1566 1561//1561
f 1330//1330 1338//1338 1315//1315
f 1338//1338 1324//1324 1316//1316
f 1327//1327 1335//1335 1092//1092
f 1334//1334 1097//1097 1335//1335
f 1573//1573 1574//1574 1089//1089
f 1580//1580 1095//1095 1573//1573
f 1336//1336 1087//1087 1073//1073
f 1336//1336 1073//1073 1093//1093
f 1335//1335 1097//1097 1184//1184
f 1335//1335 1184//1184 1092//1092
f 1574//1574 1575//1575 1090//1090
f 1095//1095 1096//1096 1574//1574
f 1093//1093 1345//1345 1337//1337
f 1575//1575 1576//1576 1091//1091
f 1337//1337 1346//1346 1338//1338
f 1346//1346 1331//1331 1338//1338
f 1576//1576 1577//1577 1566//1566
f 1324//1324 1578//1578 1088//1088
f 1331//1331 1094//1094 1578//1578
f 1577//1577 1332//1332 1325//1325
f 1578//1578 1579//1579 1088//1088
f 1332//1332 1333//1333 1326//1326
f 1579//1579 1580//1580 1569//1569
f 1333//1333 1334//1334 1327//1327
f 1580//1580 1573//1573 1570//1570
f 1581//1581 1340//1340 1332//1332
f 1582//1582 1583//1583 1094//1094
f 1340//1340 1341//1341 1333//1333
f 1583//1583 1584//1584 1579//1579
f 1341//1341 1342//1342 1334//1334
f 1584//1584 1585//1585 1580//1580
f 1334//1334 1343//1343 1097//1097
f 1342//1342 1103//1103 1343//1343
f 1585//1585 1586//1586 1095//1095
f 1584//1584 1100//1100 1585//1585
f 1344//1344 1093//1093 1074//1074
f 1344//1344 1074//1074 1098//1098
f 1343//1343 1103//1103 1183//1183
f 1343//1343 1183//1183 1097//1097
f 1586//1586 1587//1587 1096//1096
f 1100//1100 1101//1101 1586//1586
f 1098//1098 1353//1353 1345//1345
f 1587//1587 1588//1588 1575//1575
f 1345//1345 1354//1354 1346//1346
f 1354//1354 1339//1339 1346//1346
f 1588//1588 1581//1581 1577//1577
f 1587//1587 1102//1102 1588//1588
f 1331//1331 1582//1582 1094//1094
f 1339//1339 1099//1099 1582//1582
f 1351//1351 1098//1098 1075//1075
f 1351//1351 1075//1075 1104//1104
f 1352//1352 1108//1108 1181//1181
f 1352//1352 1181//1181 1103//1103
f 1589//1589 1590//1590 1101//1101
f 1106//1106 1107//1107 1589//1589
f 1104//1104 1362//1362 1353//1353
f 1590//1590 1591//1591 1587//1587
f 1353//1353 1363//1363 1354//1354
f 1363//1363 1347//1347 1354//1354
f 1591//1591 1592//1592 1102//1102
f 1339//1339 1593//1593 1099//1099
f 1347//1347 1105//1105 1593//1593
f 1592//1592 1348//1348 1340//1340
f 1593//1593 1594//1594 1099//1099
f 1348//1348 1349//1349 1341//1341
f 1594//1594 1595//1595 1583//1583
f 1349//1349 1350//1350 1342//1342
f 1595//1595 1596//1596 1584//1584
f 1342//1342 1352//1352 1103//1103
f 1350//1350 1108//1108 1352//1352
f 1596//1596 1589//1589 1100//1100
f 1595//1595 1106//1106 1596//1596
f 1597//1597 1598//1598 1105//1105
f 1357//1357 1358//1358 1349//1349
f 1598//1598 1599//1599 1594//1594
f 1358//1358 1359//1359 1350//1350
f 1599//1599 1600//1600 1595//1595
f 1350//1350 1360//1360 1108//1108
f 1359//1359 1113//1113 1360//1360
f 1600//1600 1601//1601 1106//1106
f 1599//1599 1111//1111 1600//1600
f 1361//1361 1104//1104 1076//1076
f 1361//1361 1076//1076 1109//1109
f 1360//1360 1113//1113 1187//1187
f 1360//1360 1187//1187 1108//1108
f 1601//1601 1602//1602 1107//1107
f 1111//1111 1112//1112 1601//1601
f 1109//1109 1368//1368 1362//1362
f 1368//1368 1355//1355 1362//1362
f 1602//1602 1603//1603 1590//1590
f 1355//1355 1356//1356 1363//1363
f 1603//1603 1604//1604 1591//1591
f 1347//1347 1597//1597 1105//1105
f 1356//1356 1110//1110 1597//1597
f 1604//1604 1357//1357 1348//1348
f 1605//1605 1606//1606 1112//1112
f 1117//1117 1118//1118 1605//1605
f 1114//1114 1376//1376 1368//1368
f 1376//1376 1377//1377 1368//1368
f 1606//1606 1607//1607 1602//1602
f 1377//1377 1115//1115 1356//1356
f 1607//1607 1608//1608 1603//1603
f 1356//1356 1609//1609 1110//1110
f 1115//1115 1364//1364 1356//1356
f 1364//1364 1116//1116 1609//1609
f 1608//1608 1365//1365 1357//1357
f 1609//1609 1610//1610 1110//1110
f 1365//1365 1366//1366 1358//1358
f 1610//1610 1611//1611 1598//1598
f 1366//1366 1367//1367 1359//1359
f 1611//1611 1612//1612 1599//1599
f 1359//1359 1369//1369 1113//1113
f 1367//1367 1119//1119 1369//1369
f 1612//1612 1605//1605 1111//1111
f 1611//1611 1117//1117 1612//1612
f 1613//1613 1368//1368 1109//1109
f 1613//1613 1520//1520 1114//1114
f 1369//1369 1119//1119 1177//1177
f 1369//1369 1177//1177 1113//1113
f 1371//1371 1372//1372 1366//1366
f 1614//1614 1615//1615 1610//1610
f 1372//1372 1373//1373 1367//1367
f 1615//1615 1616//1616 1611//1611
f 1367//1367 1374//1374 1119//1119
f 1373//1373 1125//1125 1374//1374
f 1616//1616 1617//1617 1117//1117
f 1615//1615 1123//1123 1616//1616
f 1375//1375 1114//1114 1077//1077
f 1375//1375 1077//1077 1120//1120
f 1374//1374 1125//1125 1175//1175
f 1374//1374 1175//1175 1119//1119
f 1617//1617 1618//1618 1118//1118
f 1123//1123 1124//1124 1617//1617
f 1120//1120 1382//1382 1376//1376
f 1382//1382 1370//1370 1376//1376
f 1618//1618 1619//1619 1606//1606
f 1370//1370 1121//1121 1377//1377
f 1619//1619 1620//1620 1607//1607
f 1364//1364 1621//1621 1116//1116
f 1364//1364 1122//1122 1621//1621
f 1620//1620 1371//1371 1365//1365
f 1621//1621 1614//1614 1116//1116
f 1126//1126 1390//1390 1382//1382
f 1390//1390 1391//1391 1382//1382
f 1622//1622 1623//1623 1618//1618
f 1391//1391 1127//1127 1121//1121
f 1623//1623 1624//1624 1619//1619
f 1364//1364 1625//1625 1122//1122
f 1127//1127 1378//1378 1364//1364
f 1378//1378 1128//1128 1625//1625
f 1624//1624 1379//1379 1371//1371
f 1625//1625 1626//1626 1122//1122
f 1379//1379 1380//1380 1372//1372
f 1626//1626 1627//1627 1614//1614
f 1380//1380 1381//1381 1373//1373
f 1627//1627 1628//1628 1615//1615
f 1373//1373 1383//1383 1125//1125
f 1381//1381 1131//1131 1383//1383
f 1628//1628 1630//1630 1123//1123
f 1627//1627 1129//1129 1628//1628
f 1629//1629 1382//1382 1120//1120
f 1629//1629 1521//1521 1126//1126
f 1383//1383 1131//1131 1172//1172
f 1383//1383 1172//1172 1125//1125
f 1630//1630 1622//1622 1124//1124
f 1129//1129 1130//1130 1630//1630
f 1631//1631 1632//1632 1626//1626
f 1386//1386 1387//1387 1381//1381
f 1632//1632 1633//1633 1627//1627
f 1381//1381 1388//1388 1131//1131
f 1387//1387 1137//1137 1388//1388
f 1633//1633 1634//1634 1129//1129
f 1632//1632 1135//1135 1633//1633
f 1389//1389 1126//1126 1079//1079
f 1389//1389 1079//1079 1132//1132
f 1388//1388 1137//1137 1194//1194
f 1388//1388 1194//1194 1131//1131
f 1634//1634 1635//1635 1130//1130
f 1135//1135 1136//1136 1634//1634
f 1132//1132 1396//1396 1390//1390
f 1396//1396 1384//1384 1390//1390
f 1635//1635 1636//1636 1622//1622
f 1384//1384 1133//1133 1391//1391
f 1636//1636 1637//1637 1623//1623
f 1378//1378 1638//1638 1128//1128
f 1378//1378 1134//1134 1638//1638
f 1637//1637 1385//1385 1379//1379
f 1638//1638 1631//1631 1128//1128
f 1385//1385 1386//1386 1380//1380
f 1639//1639 1640//1640 1635//1635
f 1396//1396 1407//1407 1384//1384
f 1407//1407 1392//1392 1133//1133
f 1640//1640 1641//1641 1636//1636
f 1378//1378 1642//1642 1134//1134
f 1392//1392 1139//1139 1642//1642
f 1641//1641 1393//1393 1385//1385
f 1642//1642 1643//1643 1134//1134
f 1393//1393 1394//1394 1386//1386
f 1643//1643 1644//1644 1631//1631
f 1394//1394 1395//1395 1387//1387
f 1644//1644 1645//1645 1632//1632
f 1387//1387 1397//1397 1137//1137
f 1395//1395 1142//1142 1397//1397
f 1645//1645 1646//1646 1135//1135
f 1644//1644 1140//1140 1645//1645
f 1398//1398 1132//1132 1080//1080
f 1398//1398 1080//1080 1138//1138
f 1397//1397 1142//1142 1173//1173
f 1397//1397 1173//1173 1137//1137
f 1646//1646 1639//1639 1136//1136
f 1140//1140 1141//1141 1646//1646
f 1138//1138 1406//1406 1396//1396
f 1402//1402 1403//1403 1395//1395
f 1647//1647 1648//1648 1644//1644
f 1395//1395 1404//1404 1142//1142
f 1403//1403 1148//1148 1404//1404
f 1648//1648 1649//1649 1140//1140
f 1647//1647 1146//1146 1648//1648
f 1405//1405 1138//1138 1081//1081
f 1405//1405 1081//1081 1143//1143
f 1404//1404 1148//1148 1174//1174
f 1404//1404 1174//1174 1142//1142
f 1649//1649 1650//1650 1141//1141
f 1146//1146 1147//1147 1649//1649
f 1143//1143 1414//1414 1406//1406
f 1650//1650 1651//1651 1639//1639
f 1406//1406 1399//1399 1407//1407
f 1399//1399 1400//1400 1407//1407
f 1651//1651 1652//1652 1640//1640
f 1392//1392 1653//1653 1139//1139
f 1400//1400 1144//1144 1653//1653
f 1652//1652 1401//1401 1393//1393
f 1653//1653 1654//1654 1139//1139
f 1401//1401 1402//1402 1394//1394
f 1654//1654 1647//1647 1643//1643
f 1144//1144 1145//1145 1654//1654
f 1655//1655 1656//1656 1651//1651
f 1400//1400 1657//1657 1144//1144
f 1408//1408 1150//1150 1657//1657
f 1656//1656 1409//1409 1401//1401
f 1657//1657 1658//1658 1144//1144
f 1409//1409 1410//1410 1402//1402
f 1658//1658 1659//1659 1145//1145
f 1410//1410 1411//1411 1403//1403
f 1659//1659 1660//1660 1647//1647
f 1403//1403 1412//1412 1148//1148
f 1411//1411 1154//1154 1412//1412
f 1660//1660 1661//1661 1146//1146
f 1659//1659 1151//1151 1660//1660
f 1413//1413 1143//1143 1069//1069
f 1413//1413 1069//1069 1149//1149
f 1412//1412 1154//1154 1176//1176
f 1412//1412 1176//1176 1148//1148
f 1661//1661 1153//1153 1147//1147
f 1151//1151 1152//1152 1661//1661
f 1149//1149 1422//1422 1414//1414
f 1153//1153 1655//1655 1650//1650
f 1414//1414 1423//1423 1399//1399
f 1423//1423 1408//1408 1400//1400
f 1411//1411 1420//1420 1154//1154
f 1419//1419 1159//1159 1420//1420
f 1662//1662 1663//1663 1151//1151
f 1669//1669 1157//1157 1662//1662
f 1421//1421 1149//1149 1083//1083
f 1421//1421 1083//1083 1155//1155
f 1420//1420 1159//1159 1178//1178
f 1420//1420 1178//1178 1154//1154
f 1663//1663 1664//1664 1152//1152
f 1157//1157 1158//1158 1663//1663
f 1155//1155 1430//1430 1422//1422
f 1664//1664 1665//1665 1153//1153
f 1422//1422 1415//1415 1423//1423
f 1415//1415 1416//1416 1423//1423
f 1665//1665 1666//1666 1655//1655
f 1408//1408 1667//1667 1150//1150
f 1416//1416 1156//1156 1667//1667
f 1666//1666 1417//1417 1409//1409
f 1667//1667 1668//1668 1150//1150
f 1417//1417 1418//1418 1410//1410
f 1668//1668 1669//1669 1658//1658
f 1418//1418 1419//1419 1411//1411
f 1669//1669 1662//1662 1659//1659
f 1416//1416 1671//1671 1156//1156
f 1424//1424 1161//1161 1671//1671
f 1670//1670 1425//1425 1417//1417
f 1671//1671 1672//1672 1156//1156
f 1425//1425 1426//1426 1418//1418
f 1672//1672 1673//1673 1668//1668
f 1426//1426 1427//1427 1419//1419
f 1673//1673 1674//1674 1669//1669
f 1419//1419 1428//1428 1159//1159
f 1427//1427 1165//1165 1428//1428
f 1674//1674 1675//1675 1157//1157
f 1673//1673 1162//1162 1674//1674
f 1429//1429 1155//1155 1084//1084
f 1429//1429 1084//1084 1160//1160
f 1428//1428 1165//1165 1179//1179
f 1428//1428 1179//1179 1159//1159
f 1675//1675 1676//1676 1158//1158
f 1162//1162 1163//1163 1675//1675
f 1160//1160 1437//1437 1430//1430
f 1676//1676 1677//1677 1664//1664
f 1430//1430 1438//1438 1415//1415
f 1438//1438 1424//1424 1416//1416
f 1677//1677 1670//1670 1666//1666
f 1676//1676 1164//1164 1677//1677
f 1678//1678 1679//1679 1162//1162
f 1685//1685 1168//1168 1678//1678
f 1435//1435 1160//1160 1085//1085
f 1435//1435 1085//1085 1166//1166
f 1436//1436 1170//1170 1182//1182
f 1436//1436 1182//1182 1165//1165
f 1679//1679 1680//1680 1163//1163
f 1168//1168 1169//1169 1679//1679
f 1166//1166 1445//1445 1437//1437
f 1680//1680 1681//1681 1676//1676
f 1437//1437 1446//1446 1438//1438
f 1446//1446 1431//1431 1438//1438
f 1681//1681 1682//1682 1164//1164
f 1424//1424 1683//1683 1161//1161
f 1431//1431 1167//1167 1683//1683
f 1682//1682 1432//1432 1425//1425
f 1683//1683 1684//1684 1161//1161
f 1432//1432 1433//1433 1426//1426
f 1684//1684 1685//1685 1672//1672
f 1433//1433 1434//1434 1427//1427
f 1685//1685 1678//1678 1673//1673
f 1427//1427 1436//1436 1165//1165
f 1434//1434 1170//1170 1436//1436
f 1686//1686 1440//1440 1432//1432
f 1687//1687 1688//1688 1167//1167
f 1440//1440 1441//1441 1433//1433
f 1688//1688 1689//1689 1684//1684
f 1441//1441 1442//1442 1434//1434
f 1689//1689 1690//1690 1685//1685
f 1434//1434 1443//1443 1170//1170
f 1442//1442 1206//1206 1443//1443
f 1690//1690 1691//1691 1168//1168
f 1689//1689 1203//1203 1690//1690
f 1444//1444 1166//1166 1086//1086
f 1444//1444 1086//1086 1201//1201
f 1443//1443 1206//1206 1191//1191
f 1443//1443 1191//1191 1170//1170
f 1691//1691 1692//1692 1169//1169
f 1203//1203 1204//1204 1691//1691
f 1201//1201 1453//1453 1445//1445
f 1692//1692 1693//1693 1680//1680
f 1445//1445 1454//1454 1446//1446
f 1454//1454 1439//1439 1446//1446
f 1693//1693 1686//1686 1682//1682
f 1692//1692 1205//1205 1693//1693
f 1431//1431 1687//1687 1167//1167
f 1439//1439 1202//1202 1687//1687
f 1451//1451 1201//1201 1070//1070
f 1451//1451 1070//1070 1207//1207
f 1452//1452 1211//1211 1171//1171
f 1452//1452 1171//1171 1206//1206
f 1694//1694 1695//1695 1204//1204
f 1209//1209 1210//1210 1694//1694
f 1207//1207 1461//1461 1453//1453
f 1695//1695 1696//1696 1692//1692
f 1453//1453 1462//1462 1454//1454
f 1462//1462 1447//1447 1454//1454
f 1696//1696 1697//1697 1205//1205
f 1439//1439 1698//1698 1202//1202
f 1447//1447 1208//1208 1698//1698
f 1697//1697 1448//1448 1440//1440
f 1698//1698 1699//1699 1202//1202
f 1448//1448 1449//1449 1441//1441
f 1699//1699 1700//1700 1688//1688
f 1449//1449 1450//1450 1442//1442
f 1700//1700 1701//1701 1689//1689
f 1442//1442 1452//1452 1206//1206
f 1450//1450 1211//1211 1452//1452
f 1701//1701 1694//1694 1203//1203
f 1700//1700 1209//1209 1701//1701
f 1702//1702 1703//1703 1208//1208
f 1458//1458 1467//1467 1448//1448
f 1467//1467 1468//1468 1449//1449
f 1703//1703 1704//1704 1699//1699
f 1468//1468 1457//1457 1450//1450
f 1704//1704 1705//1705 1700//1700
f 1450//1450 1459//1459 1211//1211
f 1457//1457 1216//1216 1459//1459
f 1705//1705 1706//1706 1209//1209
f 1704//1704 1214//1214 1705//1705
f 1460//1460 1207//1207 1071//1071
f 1460//1460 1071//1071 1212//1212
f 1459//1459 1216//1216 1195//1195
f 1459//1459 1195//1195 1211//1211
f 1706//1706 1707//1707 1210//1210
f 1214//1214 1215//1215 1706//1706
f 1212//1212 1465//1465 1461//1461
f 1465//1465 1455//1455 1461//1461
f 1707//1707 1708//1708 1695//1695
f 1455//1455 1456//1456 1462//1462
f 1708//1708 1709//1709 1696//1696
f 1447//1447 1702//1702 1208//1208
f 1456//1456 1213//1213 1702//1702
f 1709//1709 1458//1458 1448//1448
f 1710//1710 1711//1711 1215//1215
f 1230//1230 1233//1233 1711//1711
f 1218//1218 1219//1219 1465//1465
f 1711//1711 1712//1712 1707//1707
f 1233//1233 1234//1234 1712//1712
f 1219//1219 1463//1463 1455//1455
f 1463//1463 1221//1221 1456//1456
f 1712//1712 1466//1466 1708//1708
f 1234//1234 1236//1236 1466//1466
f 1456//1456 1713//1713 1213//1213
f 1221//1221 1223//1223 1713//1713
f 1236//1236 1238//1238 1466//1466
f 1713//1713 1714//1714 1213//1213
f 1223//1223 1224//1224 1714//1714
f 1238//1238 1239//1239 1467//1467
f 1714//1714 1715//1715 1703//1703
f 1224//1224 1226//1226 1715//1715
f 1239//1239 1240//1240 1468//1468
f 1715//1715 1716//1716 1704//1704
f 1226//1226 1228//1228 1716//1716
f 1457//1457 1469//1469 1216//1216
f 1240//1240 1464//1464 1457//1457
f 1464//1464 1242//1242 1469//1469
f 1716//1716 1710//1710 1214//1214
f 1228//1228 1230//1230 1710//1710
f 1717//1717 1465//1465 1212//1212
f 1717//1717 1522//1522 1218//1218
f 1469//1469 1242//1242 1200//1200
f 1469//1469 1200//1200 1216//1216
f 1471//1471 1470//1470 1239//1239
f 1718//1718 1719//1719 1227//1227
f 1477//1477 1720//1720 1240//1240
f 1470//1470 1477//1477 1240//1240
f 1719//1719 1721//1721 1229//1229
f 1720//1720 1722//1722 1241//1241
f 1720//1720 1248//1248 1722//1722
f 1721//1721 1723//1723 1231//1231
f 1719//1719 1246//1246 1721//1721
f 1724//1724 1217//1217 1066//1066
f 1724//1724 1066//1066 1243//1243
f 1722//1722 1523//1523 1241//1241
f 1723//1723 1725//1725 1232//1232
f 1246//1246 1247//1247 1723//1723
f 1724//1724 1726//1726 1219//1219
f 1725//1725 1727//1727 1235//1235
f 1726//1726 1472//1472 1220//1220
f 1727//1727 1728//1728 1237//1237
f 1244//1244 1729//1729 1222//1222
f 1472//1472 1244//1244 1222//1222
f 1728//1728 1471//1471 1238//1238
f 1729//1729 1718//1718 1225//1225
f 1244//1244 1245//1245 1729//1729
f 1730//1730 1731//1731 1725//1725
f 1726//1726 1473//1473 1472//1472
f 1731//1731 1732//1732 1727//1727
f 1250//1250 1733//1733 1244//1244
f 1473//1473 1250//1250 1244//1244
f 1732//1732 1475//1475 1471//1471
f 1733//1733 1734//1734 1245//1245
f 1475//1475 1476//1476 1470//1470
f 1734//1734 1735//1735 1718//1718
f 1735//1735 1736//1736 1719//1719
f 1720//1720 1478//1478 1248//1248
f 1720//1720 1253//1253 1478//1478
f 1736//1736 1737//1737 1246//1246
f 1735//1735 1251//1251 1736//1736
f 1479//1479 1243//1243 1060//1060
f 1479//1479 1060//1060 1249//1249
f 1478//1478 1253//1253 1190//1190
f 1478//1478 1190//1190 1248//1248
f 1737//1737 1730//1730 1247//1247
f 1251//1251 1252//1252 1737//1737
f 1724//1724 1474//1474 1726//1726
f 1489//1489 1739//1739 1477//1477
f 1480//1480 1489//1489 1477//1477
f 1738//1738 1740//1740 1735//1735
f 1739//1739 1481//1481 1253//1253
f 1739//1739 1259//1259 1481//1481
f 1740//1740 1742//1742 1251//1251
f 1738//1738 1257//1257 1740//1740
f 1741//1741 1524//1524 1254//1254
f 1481//1481 1259//1259 1196//1196
f 1481//1481 1196//1196 1253//1253
f 1742//1742 1743//1743 1252//1252
f 1257//1257 1258//1258 1742//1742
f 1741//1741 1744//1744 1474//1474
f 1743//1743 1745//1745 1730//1730
f 1744//1744 1482//1482 1473//1473
f 1745//1745 1746//1746 1731//1731
f 1255//1255 1747//1747 1250//1250
f 1482//1482 1255//1255 1250//1250
f 1746//1746 1483//1483 1475//1475
f 1747//1747 1748//1748 1733//1733
f 1483//1483 1480//1480 1476//1476
f 1748//1748 1738//1738 1734//1734
f 1747//1747 1256//1256 1748//1748
f 1744//1744 1485//1485 1482//1482
f 1749//1749 1750//1750 1745//1745
f 1261//1261 1751//1751 1255//1255
f 1485//1485 1261//1261 1255//1255
f 1750//1750 1487//1487 1483//1483
f 1751//1751 1752//1752 1747//1747
f 1487//1487 1488//1488 1480//1480
f 1752//1752 1753//1753 1256//1256
f 1753//1753 1754//1754 1738//1738
f 1739//1739 1490//1490 1259//1259
f 1739//1739 1265//1265 1490//1490
f 1754//1754 1755//1755 1257//1257
f 1753//1753 1262//1262 1754//1754
f 1484//1484 1254//1254 1061//1061
f 1484//1484 1061//1061 1260//1260
f 1490//1490 1265//1265 1197//1197
f 1490//1490 1197//1197 1259//1259
f 1755//1755 1264//1264 1258//1258
f 1262//1262 1263//1263 1755//1755
f 1484//1484 1486//1486 1744//1744
f 1264//1264 1749//1749 1743//1743
f 1756//1756 1758//1758 1753//1753
f 1757//1757 1491//1491 1265//1265
f 1492//1492 1757//1757 1739//1739
f 1757//1757 1271//1271 1491//1491
f 1758//1758 1759//1759 1262//1262
f 1756//1756 1269//1269 1758//1758
f 1493//1493 1260//1260 1062//1062
f 1493//1493 1062//1062 1266//1266
f 1491//1491 1271//1271 1189//1189
f 1491//1491 1189//1189 1265//1265
f 1759//1759 1760//1760 1263//1263
f 1269//1269 1270//1270 1759//1759
f 1484//1484 1761//1761 1486//1486
f 1760//1760 1762//1762 1264//1264
f 1761//1761 1494//1494 1485//1485
f 1762//1762 1763//1763 1749//1749
f 1267//1267 1764//1764 1261//1261
f 1494//1494 1267//1267 1261//1261
f 1763//1763 1495//1495 1487//1487
f 1764//1764 1765//1765 1751//1751
f 1495//1495 1496//1496 1488//1488
f 1765//1765 1756//1756 1752//1752
f 1764//1764 1268//1268 1765//1765
f 1496//1496 1492//1492 1489//1489
f 1766//1766 1767//1767 1762//1762
f 1273//1273 1768//1768 1267//1267
f 1498//1498 1273//1273 1267//1267
f 1767//1767 1499//1499 1495//1495
f 1768//1768 1769//1769 1764//1764
f 1499//1499 1500//1500 1496//1496
f 1769//1769 1770//1770 1268//1268
f 1504//1504 1757//1757 1492//1492
f 1500//1500 1504//1504 1492//1492
f 1770//1770 1771//1771 1756//1756
f 1757//1757 1501//1501 1271//1271
f 1757//1757 1277//1277 1501//1501
f 1771//1771 1773//1773 1269//1269
f 1770//1770 1274//1274 1771//1771
f 1772//1772 1774//1774 1266//1266
f 1772//1772 1525//1525 1272//1272
f 1501//1501 1277//1277 1186//1186
f 1501//1501 1186//1186 1271//1271
f 1773//1773 1276//1276 1270//1270
f 1274//1274 1275//1275 1773//1773
f 1774//1774 1497//1497 1761//1761
f 1276//1276 1766//1766 1760//1760
f 1761//1761 1498//1498 1494//1494
f 1775//1775 1503//1503 1277//1277
f 1504//1504 1775//1775 1757//1757
f 1775//1775 1281//1281 1503//1503
f 1776//1776 1777//1777 1274//1274
f 1786//1786 1279//1279 1776//1776
f 1774//1774 1272//1272 1068//1068
f 1774//1774 1068//1068 1278//1278
f 1503//1503 1281//1281 1185//1185
f 1503//1503 1185//1185 1277//1277
f 1777//1777 1779//1779 1275//1275
f 1279//1279 1280//1280 1777//1777
f 1778//1778 1505//1505 1497//1497
f 1779//1779 1780//1780 1276//1276
f 1497//1497 1506//1506 1498//1498
f 1780//1780 1782//1782 1766//1766
f 1781//1781 1783//1783 1273//1273
f 1506//1506 1781//1781 1273//1273
f 1781//1781 1788//1788 1783//1783
f 1782//1782 1784//1784 1499//1499
f 1783//1783 1785//1785 1768//1768
f 1784//1784 1507//1507 1500//1500
f 1785//1785 1786//1786 1769//1769
f 1507//1507 1502//1502 1504//1504
f 1786//1786 1776//1776 1770//1770
f 1515//1515 1027//1027 1788//1788
f 1787//1787 1508//1508 1784//1784
f 1526//1526 1787//1787 1782//1782
f 1288//1288 1285//1285 1787//1787
f 1788//1788 1527//1527 1783//1783
f 1784//1784 1509//1509 1507//1507
f 1285//1285 1509//1509 1784//1784
f 1789//1789 1510//1510 1785//1785
f 1527//1527 1789//1789 1785//1785
f 1027//1027 1283//1283 1789//1789
f 1502//1502 1517//1517 1504//1504
f 1509//1509 1295//1295 1502//1502
f 1510//1510 1528//1528 1786//1786
f 1283//1283 1028//1028 1528//1528
f 1775//1775 1511//1511 1281//1281
f 1517//1517 1286//1286 1511//1511
f 1528//1528 1529//1529 1279//1279
f 1028//1028 1029//1029 1529//1529
f 1512//1512 1278//1278 1064//1064
f 1512//1512 1064//1064 1282//1282
f 1511//1511 1286//1286 1193//1193
f 1511//1511 1193//1193 1281//1281
f 1529//1529 1530//1530 1280//1280
f 1778//1778 1514//1514 1505//1505
f 1282//1282 1519//1519 1778//1778
f 1790//1790 1513//1513 1779//1779
f 1530//1530 1790//1790 1779//1779
f 1029//1029 1284//1284 1790//1790
f 1514//1514 1515//1515 1506//1506
f 1513//1513 1526//1526 1782//1782
f 1284//1284 1288//1288 1513//1513
f 1801//1801 2056//2056 2051//2051
f 2283//2283 2300//2300 1791//1791
f 2055//2055 1797//1797 2300//2300
f 2300//2300 2301//2301 1791//1791
f 2052//2052 2062//2062 2277//2277
f 2062//2062 2063//2063 2277//2277
f 2063//2063 2057//2057 2285//2285
f 2050//2050 2302//2302 1792//1792
f 2301//2301 1798//1798 2050//2050
f 2057//2057 1802//1802 2286//2286
f 2302//2302 2304//2304 1793//1793
f 1798//1798 1799//1799 2302//2302
f 2287//2287 2049//2049 1853//1853
f 2287//2287 1853//1853 1796//1796
f 2303//2303 2284//2284 2053//2053
f 2303//2303 2286//2286 1802//1802
f 2304//2304 2305//2305 1794//1794
f 1799//1799 1800//1800 2304//2304
f 1796//1796 2061//2061 2288//2288
f 2061//2061 2054//2054 2288//2288
f 1800//1800 1801//1801 2305//2305
f 2054//2054 2055//2055 2283//2283
f 2061//2061 2075//2075 2054//2054
f 2075//2075 2058//2058 2055//2055
f 1801//1801 2307//2307 2056//2056
f 2306//2306 1807//1807 1801//1801
f 2055//2055 2308//2308 1797//1797
f 2058//2058 1804//1804 2308//2308
f 2307//2307 2059//2059 2052//2052
f 2308//2308 2309//2309 1797//1797
f 2059//2059 2060//2060 2062//2062
f 2309//2309 2310//2310 2301//2301
f 2060//2060 2057//2057 2063//2063
f 2310//2310 2311//2311 1798//1798
f 2057//2057 2064//2064 1802//1802
f 2057//2057 1808//1808 2064//2064
f 2311//2311 2312//2312 1799//1799
f 2310//2310 1805//1805 2311//2311
f 2065//2065 1796//1796 1830//1830
f 2065//2065 1830//1830 1803//1803
f 2064//2064 1808//1808 1966//1966
f 2064//2064 1966//1966 1802//1802
f 2312//2312 2306//2306 1800//1800
f 1805//1805 1806//1806 2312//2312
f 1803//1803 2074//2074 2061//2061
f 2060//2060 2071//2071 2057//2057
f 2069//2069 2070//2070 2071//2071
f 2313//2313 2314//2314 2310//2310
f 2057//2057 2072//2072 1808//1808
f 2070//2070 1814//1814 2072//2072
f 2314//2314 2315//2315 1805//1805
f 2313//2313 1812//1812 2314//2314
f 2073//2073 1803//1803 1836//1836
f 2073//2073 1836//1836 1809//1809
f 2072//2072 1814//1814 1967//1967
f 2072//2072 1967//1967 1808//1808
f 2315//2315 2316//2316 1806//1806
f 1812//1812 1813//1813 2315//2315
f 1809//1809 2080//2080 2074//2074
f 2080//2080 2066//2066 2074//2074
f 2316//2316 2317//2317 2306//2306
f 2066//2066 2067//2067 2075//2075
f 2317//2317 2318//2318 1807//1807
f 2058//2058 2319//2319 1804//1804
f 2067//2067 1810//1810 2319//2319
f 2318//2318 2068//2068 2059//2059
f 2319//2319 2320//2320 1804//1804
f 2068//2068 2069//2069 2060//2060
f 2320//2320 2313//2313 2309//2309
f 1810//1810 1811//1811 2320//2320
f 2080//2080 2091//2091 2066//2066
f 2091//2091 2076//2076 2067//2067
f 2321//2321 2322//2322 2317//2317
f 2067//2067 2323//2323 1810//1810
f 2076//2076 1816//1816 2323//2323
f 2322//2322 2077//2077 2068//2068
f 2323//2323 2324//2324 1810//1810
f 2077//2077 2078//2078 2069//2069
f 2324//2324 2325//2325 1811//1811
f 2078//2078 2079//2079 2070//2070
f 2325//2325 2326//2326 2313//2313
f 2070//2070 2081//2081 1814//1814
f 2079//2079 1820//1820 2081//2081
f 2326//2326 2327//2327 1812//1812
f 2325//2325 1817//1817 2326//2326
f 2082//2082 1809//1809 1837//1837
f 2082//2082 1837//1837 1815//1815
f 2081//2081 1820//1820 1948//1948
f 2081//2081 1948//1948 1814//1814
f 2327//2327 1819//1819 1813//1813
f 1817//1817 1818//1818 2327//2327
f 1815//1815 2090//2090 2080//2080
f 1819//1819 2321//2321 2316//2316
f 2328//2328 2329//2329 2325//2325
f 2079//2079 2088//2088 1820//1820
f 2087//2087 1826//1826 2088//2088
f 2329//2329 2330//2330 1817//1817
f 2328//2328 1824//1824 2329//2329
f 2089//2089 1815//1815 1838//1838
f 2089//2089 1838//1838 1821//1821
f 2088//2088 1826//1826 1939//1939
f 2088//2088 1939//1939 1820//1820
f 2330//2330 2331//2331 1818//1818
f 1824//1824 1825//1825 2330//2330
f 1821//1821 2098//2098 2090//2090
f 2331//2331 2332//2332 1819//1819
f 2090//2090 2083//2083 2091//2091
f 2083//2083 2084//2084 2091//2091
f 2332//2332 2333//2333 2321//2321
f 2076//2076 2334//2334 1816//1816
f 2084//2084 1822//1822 2334//2334
f 2333//2333 2085//2085 2077//2077
f 2334//2334 2335//2335 1816//1816
f 2085//2085 2086//2086 2078//2078
f 2335//2335 2328//2328 2324//2324
f 1822//1822 1823//1823 2335//2335
f 2086//2086 2087//2087 2079//2079
f 2336//2336 2337//2337 2332//2332
f 2084//2084 2338//2338 1822//1822
f 2092//2092 1855//1855 2338//2338
f 2337//2337 2093//2093 2085//2085
f 2338//2338 2339//2339 1822//1822
f 2093//2093 2094//2094 2086//2086
f 2339//2339 2340//2340 1823//1823
f 2094//2094 2095//2095 2087//2087
f 2340//2340 2341//2341 2328//2328
f 2087//2087 2096//2096 1826//1826
f 2095//2095 1859//1859 2096//2096
f 2341//2341 2342//2342 1824//1824
f 2340//2340 1856//1856 2341//2341
f 2097//2097 1821//1821 1839//1839
f 2097//2097 1839//1839 1854//1854
f 2096//2096 1859//1859 1962//1962
f 2096//2096 1962//1962 1826//1826
f 2342//2342 1858//1858 1825//1825
f 1856//1856 1857//1857 2342//2342
f 1854//1854 2105//2105 2098//2098
f 1858//1858 2336//2336 2331//2331
f 2098//2098 2106//2106 2083//2083
f 2106//2106 2092//2092 2084//2084
f 2095//2095 2103//2103 1859//1859
f 2102//2102 1864//1864 2103//2103
f 2343//2343 2344//2344 1856//1856
f 2350//2350 1862//1862 2343//2343
f 2104//2104 1854//1854 1840//1840
f 2104//2104 1840//1840 1860//1860
f 2103//2103 1864//1864 1955//1955
f 2103//2103 1955//1955 1859//1859
f 2344//2344 2345//2345 1857//1857
f 1862//1862 1863//1863 2344//2344
f 1860//1860 2113//2113 2105//2105
f 2345//2345 2346//2346 1858//1858
f 2105//2105 2114//2114 2106//2106
f 2114//2114 2099//2099 2106//2106
f 2346//2346 2347//2347 2336//2336
f 2092//2092 2348//2348 1855//1855
f 2099//2099 1861//1861 2348//2348
f 2347//2347 2100//2100 2093//2093
f 2348//2348 2349//2349 1855//1855
f 2100//2100 2101//2101 2094//2094
f 2349//2349 2350//2350 2339//2339
f 2101//2101 2102//2102 2095//2095
f 2350//2350 2343//2343 2340//2340
f 2351//2351 2108//2108 2100//2100
f 2352//2352 2353//2353 1861//1861
f 2108//2108 2109//2109 2101//2101
f 2353//2353 2354//2354 2349//2349
f 2109//2109 2110//2110 2102//2102
f 2354//2354 2355//2355 2350//2350
f 2102//2102 2111//2111 1864//1864
f 2110//2110 1870//1870 2111//2111
f 2355//2355 2356//2356 1862//1862
f 2354//2354 1867//1867 2355//2355
f 2112//2112 1860//1860 1841//1841
f 2112//2112 1841//1841 1865//1865
f 2111//2111 1870//1870 1949//1949
f 2111//2111 1949//1949 1864//1864
f 2356//2356 2357//2357 1863//1863
f 1867//1867 1868//1868 2356//2356
f 1865//1865 2121//2121 2113//2113
f 2357//2357 2358//2358 2345//2345
f 2113//2113 2122//2122 2114//2114
f 2122//2122 2107//2107 2114//2114
f 2358//2358 2351//2351 2347//2347
f 2357//2357 1869//1869 2358//2358
f 2099//2099 2352//2352 1861//1861
f 2107//2107 1866//1866 2352//2352
f 2119//2119 1865//1865 1844//1844
f 2119//2119 1844//1844 1871//1871
f 2120//2120 1875//1875 1952//1952
f 2120//2120 1952//1952 1870//1870
f 2359//2359 2360//2360 1868//1868
f 1873//1873 1874//1874 2359//2359
f 1871//1871 2130//2130 2121//2121
f 2360//2360 2361//2361 2357//2357
f 2121//2121 2131//2131 2122//2122
f 2131//2131 2115//2115 2122//2122
f 2361//2361 2362//2362 1869//1869
f 2107//2107 2363//2363 1866//1866
f 2115//2115 1872//1872 2363//2363
f 2362//2362 2116//2116 2108//2108
f 2363//2363 2364//2364 1866//1866
f 2116//2116 2117//2117 2109//2109
f 2364//2364 2365//2365 2353//2353
f 2117//2117 2118//2118 2110//2110
f 2365//2365 2366//2366 2354//2354
f 2110//2110 2120//2120 1870//1870
f 2118//2118 1875//1875 2120//2120
f 2366//2366 2359//2359 1867//1867
f 2365//2365 1873//1873 2366//2366
f 2367//2367 2368//2368 1872//1872
f 2125//2125 2126//2126 2117//2117
f 2368//2368 2369//2369 2364//2364
f 2126//2126 2127//2127 2118//2118
f 2369//2369 2370//2370 2365//2365
f 2118//2118 2128//2128 1875//1875
f 2127//2127 1880//1880 2128//2128
f 2370//2370 2371//2371 1873//1873
f 2369//2369 1878//1878 2370//2370
f 2129//2129 1871//1871 1843//1843
f 2129//2129 1843//1843 1876//1876
f 2128//2128 1880//1880 1953//1953
f 2128//2128 1953//1953 1875//1875
f 2371//2371 2372//2372 1874//1874
f 1878//1878 1879//1879 2371//2371
f 1876//1876 2136//2136 2130//2130
f 2136//2136 2123//2123 2130//2130
f 2372//2372 2373//2373 2360//2360
f 2123//2123 2124//2124 2131//2131
f 2373//2373 2374//2374 2361//2361
f 2115//2115 2367//2367 1872//1872
f 2124//2124 1877//1877 2367//2367
f 2374//2374 2125//2125 2116//2116
f 2375//2375 2376//2376 1879//1879
f 1884//1884 1885//1885 2375//2375
f 1881//1881 2144//2144 2136//2136
f 2144//2144 2145//2145 2136//2136
f 2376//2376 2377//2377 2372//2372
f 2145//2145 1882//1882 2124//2124
f 2377//2377 2378//2378 2373//2373
f 2124//2124 2379//2379 1877//1877
f 1882//1882 2132//2132 2124//2124
f 2132//2132 1883//1883 2379//2379
f 2378//2378 2133//2133 2125//2125
f 2379//2379 2380//2380 1877//1877
f 2133//2133 2134//2134 2126//2126
f 2380//2380 2381//2381 2368//2368
f 2134//2134 2135//2135 2127//2127
f 2381//2381 2382//2382 2369//2369
f 2127//2127 2137//2137 1880//1880
f 2135//2135 1886//1886 2137//2137
f 2382//2382 2375//2375 1878//1878
f 2381//2381 1884//1884 2382//2382
f 2383//2383 2136//2136 1876//1876
f 2383//2383 2289//2289 1881//1881
f 2137//2137 1886//1886 1954//1954
f 2137//2137 1954//1954 1880//1880
f 2139//2139 2140//2140 2134//2134
f 2384//2384 2385//2385 2380//2380
f 2140//2140 2141//2141 2135//2135
f 2385//2385 2386//2386 2381//2381
f 2135//2135 2142//2142 1886//1886
f 2141//2141 1892//1892 2142//2142
f 2386//2386 2387//2387 1884//1884
f 2385//2385 1890//1890 2386//2386
f 2143//2143 1881//1881 1852//1852
f 2143//2143 1852//1852 1887//1887
f 2142//2142 1892//1892 1940//1940
f 2142//2142 1940//1940 1886//1886
f 2387//2387 2388//2388 1885//1885
f 1890//1890 1891//1891 2387//2387
f 1887//1887 2150//2150 2144//2144
f 2150//2150 2138//2138 2144//2144
f 2388//2388 2389//2389 2376//2376
f 2138//2138 1888//1888 2145//2145
f 2389//2389 2390//2390 2377//2377
f 2132//2132 2391//2391 1883//1883
f 2132//2132 1889//1889 2391//2391
f 2390//2390 2139//2139 2133//2133
f 2391//2391 2384//2384 1883//1883
f 1893//1893 2158//2158 2150//2150
f 2158//2158 2159//2159 2150//2150
f 2392//2392 2393//2393 2388//2388
f 2159//2159 1894//1894 1888//1888
f 2393//2393 2394//2394 2389//2389
f 2132//2132 2395//2395 1889//1889
f 1894//1894 2146//2146 2132//2132
f 2146//2146 1895//1895 2395//2395
f 2394//2394 2147//2147 2139//2139
f 2395//2395 2396//2396 1889//1889
f 2147//2147 2148//2148 2140//2140
f 2396//2396 2397//2397 2384//2384
f 2148//2148 2149//2149 2141//2141
f 2397//2397 2398//2398 2385//2385
f 2141//2141 2151//2151 1892//1892
f 2149//2149 1898//1898 2151//2151
f 2398//2398 2400//2400 1890//1890
f 2397//2397 1896//1896 2398//2398
f 2399//2399 2150//2150 1887//1887
f 2399//2399 2290//2290 1893//1893
f 2151//2151 1898//1898 1964//1964
f 2151//2151 1964//1964 1892//1892
f 2400//2400 2392//2392 1891//1891
f 1896//1896 1897//1897 2400//2400
f 2401//2401 2402//2402 2396//2396
f 2154//2154 2155//2155 2149//2149
f 2402//2402 2403//2403 2397//2397
f 2149//2149 2156//2156 1898//1898
f 2155//2155 1904//1904 2156//2156
f 2403//2403 2404//2404 1896//1896
f 2402//2402 1902//1902 2403//2403
f 2157//2157 1893//1893 1845//1845
f 2157//2157 1845//1845 1899//1899
f 2156//2156 1904//1904 1951//1951
f 2156//2156 1951//1951 1898//1898
f 2404//2404 2405//2405 1897//1897
f 1902//1902 1903//1903 2404//2404
f 1899//1899 2164//2164 2158//2158
f 2164//2164 2152//2152 2158//2158
f 2405//2405 2406//2406 2392//2392
f 2152//2152 1900//1900 2159//2159
f 2406//2406 2407//2407 2393//2393
f 2146//2146 2408//2408 1895//1895
f 2146//2146 1901//1901 2408//2408
f 2407//2407 2153//2153 2147//2147
f 2408//2408 2401//2401 1895//1895
f 2153//2153 2154//2154 2148//2148
f 2409//2409 2410//2410 2405//2405
f 2164//2164 2175//2175 2152//2152
f 2175//2175 2160//2160 1900//1900
f 2410//2410 2411//2411 2406//2406
f 2146//2146 2412//2412 1901//1901
f 2160//2160 1906//1906 2412//2412
f 2411//2411 2161//2161 2153//2153
f 2412//2412 2413//2413 1901//1901
f 2161//2161 2162//2162 2154//2154
f 2413//2413 2414//2414 2401//2401
f 2162//2162 2163//2163 2155//2155
f 2414//2414 2415//2415 2402//2402
f 2155//2155 2165//2165 1904//1904
f 2163//2163 1909//1909 2165//2165
f 2415//2415 2416//2416 1902//1902
f 2414//2414 1907//1907 2415//2415
f 2166//2166 1899//1899 1846//1846
f 2166//2166 1846//1846 1905//1905
f 2165//2165 1909//1909 1950//1950
f 2165//2165 1950//1950 1904//1904
f 2416//2416 2409//2409 1903//1903
f 1907//1907 1908//1908 2416//2416
f 1905//1905 2174//2174 2164//2164
f 2170//2170 2171//2171 2163//2163
f 2417//2417 2418//2418 2414//2414
f 2163//2163 2172//2172 1909//1909
f 2171//2171 1915//1915 2172//2172
f 2418//2418 2419//2419 1907//1907
f 2417//2417 1913//1913 2418//2418
f 2173//2173 1905//1905 1847//1847
f 2173//2173 1847//1847 1910//1910
f 2172//2172 1915//1915 1956//1956
f 2172//2172 1956//1956 1909//1909
f 2419//2419 2420//2420 1908//1908
f 1913//1913 1914//1914 2419//2419
f 1910//1910 2182//2182 2174//2174
f 2420//2420 2421//2421 2409//2409
f 2174//2174 2167//2167 2175//2175
f 2167//2167 2168//2168 2175//2175
f 2421//2421 2422//2422 2410//2410
f 2160//2160 2423//2423 1906//1906
f 2168//2168 1911//1911 2423//2423
f 2422//2422 2169//2169 2161//2161
f 2423//2423 2424//2424 1906//1906
f 2169//2169 2170//2170 2162//2162
f 2424//2424 2417//2417 2413//2413
f 1911//1911 1912//1912 2424//2424
f 2425//2425 2426//2426 2421//2421
f 2168//2168 2427//2427 1911//1911
f 2176//2176 1917//1917 2427//2427
f 2426//2426 2177//2177 2169//2169
f 2427//2427 2428//2428 1911//1911
f 2177//2177 2178//2178 2170//2170
f 2428//2428 2429//2429 1912//1912
f 2178//2178 2179//2179 2171//2171
f 2429//2429 2430//2430 2417//2417
f 2171//2171 2180//2180 1915//1915
f 2179//2179 1921//1921 2180//2180
f 2430//2430 2431//2431 1913//1913
f 2429//2429 1918//1918 2430//2430
f 2181//2181 1910//1910 1848//1848
f 2181//2181 1848//1848 1916//1916
f 2180//2180 1921//1921 1938//1938
f 2180//2180 1938//1938 1915//1915
f 2431//2431 1920//1920 1914//1914
f 1918//1918 1919//1919 2431//2431
f 1916//1916 2190//2190 2182//2182
f 1920//1920 2425//2425 2420//2420
f 2182//2182 2191//2191 2167//2167
f 2191//2191 2176//2176 2168//2168
f 2179//2179 2188//2188 1921//1921
f 2187//2187 1926//1926 2188//2188
f 2432//2432 2433//2433 1918//1918
f 2439//2439 1924//1924 2432//2432
f 2189//2189 1916//1916 1849//1849
f 2189//2189 1849//1849 1922//1922
f 2188//2188 1926//1926 1958//1958
f 2188//2188 1958//1958 1921//1921
f 2433//2433 2434//2434 1919//1919
f 1924//1924 1925//1925 2433//2433
f 1922//1922 2198//2198 2190//2190
f 2434//2434 2435//2435 1920//1920
f 2190//2190 2183//2183 2191//2191
f 2183//2183 2184//2184 2191//2191
f 2435//2435 2436//2436 2425//2425
f 2176//2176 2437//2437 1917//1917
f 2184//2184 1923//1923 2437//2437
f 2436//2436 2185//2185 2177//2177
f 2437//2437 2438//2438 1917//1917
f 2185//2185 2186//2186 2178//2178
f 2438//2438 2439//2439 2428//2428
f 2186//2186 2187//2187 2179//2179
f 2439//2439 2432//2432 2429//2429
f 2184//2184 2441//2441 1923//1923
f 2192//2192 1928//1928 2441//2441
f 2440//2440 2193//2193 2185//2185
f 2441//2441 2442//2442 1923//1923
f 2193//2193 2194//2194 2186//2186
f 2442//2442 2443//2443 2438//2438
f 2194//2194 2195//2195 2187//2187
f 2443//2443 2444//2444 2439//2439
f 2187//2187 2196//2196 1926//1926
f 2195//2195 1932//1932 2196//2196
f 2444//2444 2445//2445 1924//1924
f 2443//2443 1929//1929 2444//2444
f 2197//2197 1922//1922 1850//1850
f 2197//2197 1850//1850 1927//1927
f 2196//2196 1932//1932 1959//1959
f 2196//2196 1959//1959 1926//1926
f 2445//2445 2446//2446 1925//1925
f 1929//1929 1930//1930 2445//2445
f 1927//1927 2205//2205 2198//2198
f 2446//2446 2447//2447 2434//2434
f 2198//2198 2206//2206 2183//2183
f 2206//2206 2192//2192 2184//2184
f 2447//2447 2440//2440 2436//2436
f 2446//2446 1931//1931 2447//2447
f 2448//2448 2449//2449 1929//1929
f 2455//2455 1935//1935 2448//2448
f 2203//2203 1927//1927 1851//1851
f 2203//2203 1851//1851 1933//1933
f 2204//2204 1937//1937 1960//1960
f 2204//2204 1960//1960 1932//1932
f 2449//2449 2450//2450 1930//1930
f 1935//1935 1936//1936 2449//2449
f 1933//1933 2213//2213 2205//2205
f 2450//2450 2451//2451 2446//2446
f 2205//2205 2214//2214 2206//2206
f 2214//2214 2199//2199 2206//2206
f 2451//2451 2452//2452 1931//1931
f 2192//2192 2453//2453 1928//1928
f 2199//2199 1934//1934 2453//2453
f 2452//2452 2200//2200 2193//2193
f 2453//2453 2454//2454 1928//1928
f 2200//2200 2201//2201 2194//2194
f 2454//2454 2455//2455 2442//2442
f 2201//2201 2202//2202 2195//2195
f 2455//2455 2448//2448 2443//2443
f 2195//2195 2204//2204 1932//1932
f 2202//2202 1937//1937 2204//2204
f 2456//2456 2208//2208 2200//2200
f 2457//2457 2458//2458 1934//1934
f 2208//2208 2209//2209 2201//2201
f 2458//2458 2459//2459 2454//2454
f 2209//2209 2210//2210 2202//2202
f 2459//2459 2460//2460 2455//2455
f 2202//2202 2211//2211 1937//1937
f 2210//2210 1973//1973 2211//2211
f 2460//2460 2461//2461 1935//1935
f 2459//2459 1970//1970 2460//2460
f 2212//2212 1933//1933 1835//1835
f 2212//2212 1835//1835 1968//1968
f 2211//2211 1973//1973 1961//1961
f 2211//2211 1961//1961 1937//1937
f 2461//2461 2462//2462 1936//1936
f 1970//1970 1971//1971 2461//2461
f 1968//1968 2221//2221 2213//2213
f 2462//2462 2463//2463 2450//2450
f 2213//2213 2222//2222 2214//2214
f 2222//2222 2207//2207 2214//2214
f 2463//2463 2456//2456 2452//2452
f 2462//2462 1972//1972 2463//2463
f 2199//2199 2457//2457 1934//1934
f 2207//2207 1969//1969 2457//2457
f 2219//2219 1968//1968 1842//1842
f 2219//2219 1842//1842 1974//1974
f 2220//2220 1978//1978 1957//1957
f 2220//2220 1957//1957 1973//1973
f 2464//2464 2465//2465 1971//1971
f 1976//1976 1977//1977 2464//2464
f 1974//1974 2229//2229 2221//2221
f 2465//2465 2466//2466 2462//2462
f 2221//2221 2230//2230 2222//2222
f 2230//2230 2215//2215 2222//2222
f 2466//2466 2467//2467 1972//1972
f 2207//2207 2468//2468 1969//1969
f 2215//2215 1975//1975 2468//2468
f 2467//2467 2216//2216 2208//2208
f 2468//2468 2469//2469 1969//1969
f 2216//2216 2217//2217 2209//2209
f 2469//2469 2470//2470 2458//2458
f 2217//2217 2218//2218 2210//2210
f 2470//2470 2471//2471 2459//2459
f 2210//2210 2220//2220 1973//1973
f 2218//2218 1978//1978 2220//2220
f 2471//2471 2464//2464 1970//1970
f 2470//2470 1976//1976 2471//2471
f 2472//2472 2473//2473 1975//1975
f 2226//2226 2235//2235 2216//2216
f 2235//2235 2236//2236 2217//2217
f 2473//2473 2474//2474 2469//2469
f 2236//2236 2225//2225 2218//2218
f 2474//2474 2475//2475 2470//2470
f 2218//2218 2227//2227 1978//1978
f 2225//2225 1983//1983 2227//2227
f 2475//2475 2476//2476 1976//1976
f 2474//2474 1981//1981 2475//2475
f 2228//2228 1974//1974 1834//1834
f 2228//2228 1834//1834 1979//1979
f 2227//2227 1983//1983 1963//1963
f 2227//2227 1963//1963 1978//1978
f 2476//2476 2477//2477 1977//1977
f 1981//1981 1982//1982 2476//2476
f 1979//1979 2233//2233 2229//2229
f 2233//2233 2223//2223 2229//2229
f 2477//2477 2478//2478 2465//2465
f 2223//2223 2224//2224 2230//2230
f 2478//2478 2479//2479 2466//2466
f 2215//2215 2472//2472 1975//1975
f 2224//2224 1980//1980 2472//2472
f 2479//2479 2226//2226 2216//2216
f 2480//2480 2481//2481 1982//1982
f 1998//1998 1999//1999 2481//2481
f 1985//1985 1986//1986 2233//2233
f 2481//2481 2482//2482 2477//2477
f 1999//1999 2002//2002 2482//2482
f 1986//1986 2231//2231 2223//2223
f 2231//2231 1988//1988 2224//2224
f 2482//2482 2234//2234 2478//2478
f 2002//2002 2003//2003 2234//2234
f 2224//2224 2483//2483 1980//1980
f 1988//1988 1989//1989 2483//2483
f 2003//2003 2005//2005 2234//2234
f 2483//2483 2484//2484 1980//1980
f 1989//1989 1991//1991 2484//2484
f 2005//2005 2006//2006 2235//2235
f 2484//2484 2485//2485 2473//2473
f 1991//1991 1993//1993 2485//2485
f 2006//2006 2007//2007 2236//2236
f 2485//2485 2486//2486 2474//2474
f 1993//1993 1996//1996 2486//2486
f 2225//2225 2237//2237 1983//1983
f 2007//2007 2232//2232 2225//2225
f 2232//2232 2008//2008 2237//2237
f 2486//2486 2480//2480 1981//1981
f 1996//1996 1998//1998 2480//2480
f 2487//2487 2233//2233 1979//1979
f 2487//2487 2291//2291 1985//1985
f 2237//2237 2008//2008 1965//1965
f 2237//2237 1965//1965 1983//1983
f 2239//2239 2238//2238 2006//2006
f 2488//2488 2489//2489 1994//1994
f 2245//2245 2490//2490 2007//2007
f 2238//2238 2245//2245 2007//2007
f 2489//2489 2491//2491 1995//1995
f 2490//2490 2492//2492 2009//2009
f 2490//2490 2015//2015 2492//2492
f 2491//2491 2493//2493 1997//1997
f 2489//2489 2013//2013 2491//2491
f 2494//2494 1984//1984 1827//1827
f 2494//2494 1827//1827 2010//2010
f 2492//2492 2292//2292 2009//2009
f 2493//2493 2495//2495 2000//2000
f 2013//2013 2014//2014 2493//2493
f 2494//2494 2496//2496 1986//1986
f 2495//2495 2497//2497 2001//2001
f 2496//2496 2240//2240 1987//1987
f 2497//2497 2498//2498 2004//2004
f 2011//2011 2499//2499 1990//1990
f 2240//2240 2011//2011 1990//1990
f 2498//2498 2239//2239 2005//2005
f 2499//2499 2488//2488 1992//1992
f 2011//2011 2012//2012 2499//2499
f 2500//2500 2501//2501 2495//2495
f 2496//2496 2241//2241 2240//2240
f 2501//2501 2502//2502 2497//2497
f 2017//2017 2503//2503 2011//2011
f 2241//2241 2017//2017 2011//2011
f 2502//2502 2243//2243 2239//2239
f 2503//2503 2504//2504 2012//2012
f 2243//2243 2244//2244 2238//2238
f 2504//2504 2505//2505 2488//2488
f 2505//2505 2506//2506 2489//2489
f 2490//2490 2246//2246 2015//2015
f 2490//2490 2020//2020 2246//2246
f 2506//2506 2507//2507 2013//2013
f 2505//2505 2018//2018 2506//2506
f 2247//2247 2010//2010 1828//1828
f 2247//2247 1828//1828 2016//2016
f 2246//2246 2020//2020 1947//1947
f 2246//2246 1947//1947 2015//2015
f 2507//2507 2500//2500 2014//2014
f 2018//2018 2019//2019 2507//2507
f 2494//2494 2242//2242 2496//2496
f 2257//2257 2509//2509 2245//2245
f 2248//2248 2257//2257 2245//2245
f 2508//2508 2510//2510 2505//2505
f 2509//2509 2249//2249 2020//2020
f 2509//2509 2026//2026 2249//2249
f 2510//2510 2512//2512 2018//2018
f 2508//2508 2024//2024 2510//2510
f 2511//2511 2293//2293 2021//2021
f 2249//2249 2026//2026 1941//1941
f 2249//2249 1941//1941 2020//2020
f 2512//2512 2513//2513 2019//2019
f 2024//2024 2025//2025 2512//2512
f 2511//2511 2514//2514 2242//2242
f 2513//2513 2515//2515 2500//2500
f 2514//2514 2250//2250 2241//2241
f 2515//2515 2516//2516 2501//2501
f 2022//2022 2517//2517 2017//2017
f 2250//2250 2022//2022 2017//2017
f 2516//2516 2251//2251 2243//2243
f 2517//2517 2518//2518 2503//2503
f 2251//2251 2248//2248 2244//2244
f 2518//2518 2508//2508 2504//2504
f 2517//2517 2023//2023 2518//2518
f 2514//2514 2253//2253 2250//2250
f 2519//2519 2520//2520 2515//2515
f 2028//2028 2521//2521 2022//2022
f 2253//2253 2028//2028 2022//2022
f 2520//2520 2255//2255 2251//2251
f 2521//2521 2522//2522 2517//2517
f 2255//2255 2256//2256 2248//2248
f 2522//2522 2523//2523 2023//2023
f 2523//2523 2524//2524 2508//2508
f 2509//2509 2258//2258 2026//2026
f 2509//2509 2032//2032 2258//2258
f 2524//2524 2525//2525 2024//2024
f 2523//2523 2029//2029 2524//2524
f 2252//2252 2021//2021 1829//1829
f 2252//2252 1829//1829 2027//2027
f 2258//2258 2032//2032 1942//1942
f 2258//2258 1942//1942 2026//2026
f 2525//2525 2031//2031 2025//2025
f 2029//2029 2030//2030 2525//2525
f 2252//2252 2254//2254 2514//2514
f 2031//2031 2519//2519 2513//2513
f 2526//2526 2528//2528 2523//2523
f 2527//2527 2259//2259 2032//2032
f 2260//2260 2527//2527 2509//2509
f 2527//2527 2038//2038 2259//2259
f 2528//2528 2529//2529 2029//2029
f 2526//2526 2036//2036 2528//2528
f 2261//2261 2027//2027 1833//1833
f 2261//2261 1833//1833 2033//2033
f 2259//2259 2038//2038 1943//1943
f 2259//2259 1943//1943 2032//2032
f 2529//2529 2530//2530 2030//2030
f 2036//2036 2037//2037 2529//2529
f 2252//2252 2531//2531 2254//2254
f 2530//2530 2532//2532 2031//2031
f 2531//2531 2262//2262 2253//2253
f 2532//2532 2533//2533 2519//2519
f 2034//2034 2534//2534 2028//2028
f 2262//2262 2034//2034 2028//2028
f 2533//2533 2263//2263 2255//2255
f 2534//2534 2535//2535 2521//2521
f 2263//2263 2264//2264 2256//2256
f 2535//2535 2526//2526 2522//2522
f 2534//2534 2035//2035 2535//2535
f 2264//2264 2260//2260 2257//2257
f 2536//2536 2537//2537 2532//2532
f 2040//2040 2538//2538 2034//2034
f 2266//2266 2040//2040 2034//2034
f 2537//2537 2267//2267 2263//2263
f 2538//2538 2539//2539 2534//2534
f 2267//2267 2268//2268 2264//2264
f 2539//2539 2540//2540 2035//2035
f 2272//2272 2527//2527 2260//2260
f 2268//2268 2272//2272 2260//2260
f 2540//2540 2541//2541 2526//2526
f 2527//2527 2269//2269 2038//2038
f 2527//2527 2044//2044 2269//2269
f 2541//2541 2543//2543 2036//2036
f 2540//2540 2041//2041 2541//2541
f 2542//2542 2544//2544 2033//2033
f 2542//2542 2294//2294 2039//2039
f 2269//2269 2044//2044 1944//1944
f 2269//2269 1944//1944 2038//2038
f 2543//2543 2043//2043 2037//2037
f 2041//2041 2042//2042 2543//2543
f 2544//2544 2265//2265 2531//2531
f 2043//2043 2536//2536 2530//2530
f 2531//2531 2266//2266 2262//2262
f 2545//2545 2271//2271 2044//2044
f 2272//2272 2545//2545 2527//2527
f 2545//2545 2048//2048 2271//2271
f 2546//2546 2547//2547 2041//2041
f 2556//2556 2046//2046 2546//2546
f 2544//2544 2039//2039 1831//1831
f 2544//2544 1831//1831 2045//2045
f 2271//2271 2048//2048 1945//1945
f 2271//2271 1945//1945 2044//2044
f 2547//2547 2549//2549 2042//2042
f 2046//2046 2047//2047 2547//2547
f 2548//2548 2273//2273 2265//2265
f 2549//2549 2550//2550 2043//2043
f 2265//2265 2274//2274 2266//2266
f 2550//2550 2552//2552 2536//2536
f 2551//2551 2553//2553 2040//2040
f 2274//2274 2551//2551 2040//2040
f 2551//2551 2558//2558 2553//2553
f 2552//2552 2554//2554 2267//2267
f 2553//2553 2555//2555 2538//2538
f 2554//2554 2275//2275 2268//2268
f 2555//2555 2556//2556 2539//2539
f 2275//2275 2270//2270 2272//2272
f 2556//2556 2546//2546 2540//2540
f 2283//2283 1791//1791 2558//2558
f 2557//2557 2276//2276 2554//2554
f 2295//2295 2557//2557 2552//2552
f 1795//1795 2052//2052 2557//2557
f 2558//2558 2296//2296 2553//2553
f 2554//2554 2277//2277 2275//2275
f 2052//2052 2277//2277 2554//2554
f 2559//2559 2278//2278 2555//2555
f 2296//2296 2559//2559 2555//2555
f 1791//1791 2050//2050 2559//2559
f 2270//2270 2286//2286 2272//2272
f 2277//2277 2285//2285 2270//2270
f 2278//2278 2297//2297 2556//2556
f 2050//2050 1792//1792 2297//2297
f 2545//2545 2279//2279 2048//2048
f 2286//2286 2053//2053 2279//2279
f 2297//2297 2298//2298 2046//2046
f 1792//1792 1793//1793 2298//2298
f 2280//2280 2045//2045 1832//1832
f 2280//2280 1832//1832 2049//2049
f 2279//2279 2053//2053 1946//1946
f 2279//2279 1946//1946 2048//2048
f 2298//2298 2299//2299 2047//2047
f 1793//1793 1794//1794 2299//2299
f 2548//2548 2282//2282 2273//2273
f 2049//2049 2288//2288 2548//2548
f 2560//2560 2281//2281 2549//2549
f 2299//2299 2560//2560 2549//2549
f 1794//1794 2051//2051 2560//2560
f 2282//2282 2283//2283 2274//2274
f 2281//2281 2295//2295 2552//2552
f 2051//2051 1795//1795 2281//2281
f 2571//2571 2826//2826 2821//2821
f 3053//3053 3070//3070 2561//2561
f 2825//2825 2567//2567 3070//3070
f 3070//3070 3071//3071 2561//2561
f 2822//2822 2832//2832 3047//3047
f 2832//2832 2833//2833 3047//3047
f 2833//2833 2827//2827 3055//3055
f 2820//2820 3072//3072 2562//2562
f 3071//3071 2568//2568 2820//2820
f 2827//2827 2572//2572 3056//3056
f 3072//3072 3074//3074 2563//2563
f 2568//2568 2569//2569 3072//3072
f 3057//3057 2819//2819 2610//2610
f 3057//3057 2610//2610 2566//2566
f 3073//3073 3054//3054 2823//2823
f 3073//3073 3056//3056 2572//2572
f 3074//3074 3075//3075 2564//2564
f 2569//2569 2570//2570 3074//3074
f 2566//2566 2831//2831 3058//3058
f 2831//2831 2824//2824 3058//3058
f 2570//2570 2571//2571 3075//3075
f 2824//2824 2825//2825 3053//3053
f 2831//2831 2845//2845 2824//2824
f 2845//2845 2828//2828 2825//2825
f 2571//2571 3077//3077 2826//2826
f 3076//3076 2577//2577 2571//2571
f 2825//2825 3078//3078 2567//2567
f 2828//2828 2574//2574 3078//3078
f 3077//3077 2829//2829 2822//2822
f 3078//3078 3079//3079 2567//2567
f 2829//2829 2830//2830 2832//2832
f 3079//3079 3080//3080 3071//3071
f 2830//2830 2827//2827 2833//2833
f 3080//3080 3081//3081 2568//2568
f 2827//2827 2834//2834 2572//2572
f 2827//2827 2578//2578 2834//2834
f 3081//3081 3082//3082 2569//2569
f 3080//3080 2575//2575 3081//3081
f 2835//2835 2566//2566 2607//2607
f 2835//2835 2607//2607 2573//2573
f 2834//2834 2578//2578 2709//2709
f 2834//2834 2709//2709 2572//2572
f 3082//3082 3076//3076 2570//2570
f 2575//2575 2576//2576 3082//3082
f 2573//2573 2844//2844 2831//2831
f 2830//2830 2841//2841 2827//2827
f 2839//2839 2840//2840 2841//2841
f 3083//3083 3084//3084 3080//3080
f 2827//2827 2842//2842 2578//2578
f 2840//2840 2584//2584 2842//2842
f 3084//3084 3085//3085 2575//2575
f 3083//3083 2582//2582 3084//3084
f 2843//2843 2573//2573 2606//2606
f 2843//2843 2606//2606 2579//2579
f 2842//2842 2584//2584 2726//2726
f 2842//2842 2726//2726 2578//2578
f 3085//3085 3086//3086 2576//2576
f 2582//2582 2583//2583 3085//3085
f 2579//2579 2850//2850 2844//2844
f 2850//2850 2836//2836 2844//2844
f 3086//3086 3087//3087 3076//3076
f 2836//2836 2837//2837 2845//2845
f 3087//3087 3088//3088 2577//2577
f 2828//2828 3089//3089 2574//2574
f 2837//2837 2580//2580 3089//3089
f 3088//3088 2838//2838 2829//2829
f 3089//3089 3090//3090 2574//2574
f 2838//2838 2839//2839 2830//2830
f 3090//3090 3083//3083 3079//3079
f 2580//2580 2581//2581 3090//3090
f 2850//2850 2861//2861 2836//2836
f 2861//2861 2846//2846 2837//2837
f 3091//3091 3092//3092 3087//3087
f 2837//2837 3093//3093 2580//2580
f 2846//2846 2586//2586 3093//3093
f 3092//3092 2847//2847 2838//2838
f 3093//3093 3094//3094 2580//2580
f 2847//2847 2848//2848 2839//2839
f 3094//3094 3095//3095 2581//2581
f 2848//2848 2849//2849 2840//2840
f 3095//3095 3096//3096 3083//3083
f 2840//2840 2851//2851 2584//2584
f 2849//2849 2590//2590 2851//2851
f 3096//3096 3097//3097 2582//2582
f 3095//3095 2587//2587 3096//3096
f 2852//2852 2579//2579 2615//2615
f 2852//2852 2615//2615 2585//2585
f 2851//2851 2590//2590 2719//2719
f 2851//2851 2719//2719 2584//2584
f 3097//3097 2589//2589 2583//2583
f 2587//2587 2588//2588 3097//3097
f 2585//2585 2860//2860 2850//2850
f 2589//2589 3091//3091 3086//3086
f 3098//3098 3099//3099 3095//3095
f 2849//2849 2858//2858 2590//2590
f 2857//2857 2596//2596 2858//2858
f 3099//3099 3100//3100 2587//2587
f 3098//3098 2594//2594 3099//3099
f 2859//2859 2585//2585 2609//2609
f 2859//2859 2609//2609 2591//2591
f 2858//2858 2596//2596 2708//2708
f 2858//2858 2708//2708 2590//2590
f 3100//3100 3101//3101 2588//2588
f 2594//2594 2595//2595 3100//3100
f 2591//2591 2868//2868 2860//2860
f 3101//3101 3102//3102 2589//2589
f 2860//2860 2853//2853 2861//2861
f 2853//2853 2854//2854 2861//2861
f 3102//3102 3103//3103 3091//3091
f 2846//2846 3104//3104 2586//2586
f 2854//2854 2592//2592 3104//3104
f 3103//3103 2855//2855 2847//2847
f 3104//3104 3105//3105 2586//2586
f 2855//2855 2856//2856 2848//2848
f 3105//3105 3098//3098 3094//3094
f 2592//2592 2593//2593 3105//3105
f 2856//2856 2857//2857 2849//2849
f 3106//3106 3107//3107 3102//3102
f 2854//2854 3108//3108 2592//2592
f 2862//2862 2625//2625 3108//3108
f 3107//3107 2863//2863 2855//2855
f 3108//3108 3109//3109 2592//2592
f 2863//2863 2864//2864 2856//2856
f 3109//3109 3110//3110 2593//2593
f 2864//2864 2865//2865 2857//2857
f 3110//3110 3111//3111 3098//3098
f 2857//2857 2866//2866 2596//2596
f 2865//2865 2629//2629 2866//2866
f 3111//3111 3112//3112 2594//2594
f 3110//3110 2626//2626 3111//3111
f 2867//2867 2591//2591 2605//2605
f 2867//2867 2605//2605 2624//2624
f 2866//2866 2629//2629 2729//2729
f 2866//2866 2729//2729 2596//2596
f 3112//3112 2628//2628 2595//2595
f 2626//2626 2627//2627 3112//3112
f 2624//2624 2875//2875 2868//2868
f 2628//2628 3106//3106 3101//3101
f 2868//2868 2876//2876 2853//2853
f 2876//2876 2862//2862 2854//2854
f 2865//2865 2873//2873 2629//2629
f 2872//2872 2634//2634 2873//2873
f 3113//3113 3114//3114 2626//2626
f 3120//3120 2632//2632 3113//3113
f 2874//2874 2624//2624 2611//2611
f 2874//2874 2611//2611 2630//2630
f 2873//2873 2634//2634 2733//2733
f 2873//2873 2733//2733 2629//2629
f 3114//3114 3115//3115 2627//2627
f 2632//2632 2633//2633 3114//3114
f 2630//2630 2883//2883 2875//2875
f 3115//3115 3116//3116 2628//2628
f 2875//2875 2884//2884 2876//2876
f 2884//2884 2869//2869 2876//2876
f 3116//3116 3117//3117 3106//3106
f 2862//2862 3118//3118 2625//2625
f 2869//2869 2631//2631 3118//3118
f 3117//3117 2870//2870 2863//2863
f 3118//3118 3119//3119 2625//2625
f 2870//2870 2871//2871 2864//2864
f 3119//3119 3120//3120 3109//3109
f 2871//2871 2872//2872 2865//2865
f 3120//3120 3113//3113 3110//3110
f 3121//3121 2878//2878 2870//2870
f 3122//3122 3123//3123 2631//2631
f 2878//2878 2879//2879 2871//2871
f 3123//3123 3124//3124 3119//3119
f 2879//2879 2880//2880 2872//2872
f 3124//3124 3125//3125 3120//3120
f 2872//2872 2881//2881 2634//2634
f 2880//2880 2640//2640 2881//2881
f 3125//3125 3126//3126 2632//2632
f 3124//3124 2637//2637 3125//3125
f 2882//2882 2630//2630 2612//2612
f 2882//2882 2612//2612 2635//2635
f 2881//2881 2640//2640 2737//2737
f 2881//2881 2737//2737 2634//2634
f 3126//3126 3127//3127 2633//2633
f 2637//2637 2638//2638 3126//3126
f 2635//2635 2891//2891 2883//2883
f 3127//3127 3128//3128 3115//3115
f 2883//2883 2892//2892 2884//2884
f 2892//2892 2877//2877 2884//2884
f 3128//3128 3121//3121 3117//3117
f 3127//3127 2639//2639 3128//3128
f 2869//2869 3122//3122 2631//2631
f 2877//2877 2636//2636 3122//3122
f 2889//2889 2635//2635 2613//2613
f 2889//2889 2613//2613 2641//2641
f 2890//2890 2645//2645 2730//2730
f 2890//2890 2730//2730 2640//2640
f 3129//3129 3130//3130 2638//2638
f 2643//2643 2644//2644 3129//3129
f 2641//2641 2900//2900 2891//2891
f 3130//3130 3131//3131 3127//3127
f 2891//2891 2901//2901 2892//2892
f 2901//2901 2885//2885 2892//2892
f 3131//3131 3132//3132 2639//2639
f 2877//2877 3133//3133 2636//2636
f 2885//2885 2642//2642 3133//3133
f 3132//3132 2886//2886 2878//2878
f 3133//3133 3134//3134 2636//2636
f 2886//2886 2887//2887 2879//2879
f 3134//3134 3135//3135 3123//3123
f 2887//2887 2888//2888 2880//2880
f 3135//3135 3136//3136 3124//3124
f 2880//2880 2890//2890 2640//2640
f 2888//2888 2645//2645 2890//2890
f 3136//3136 3129//3129 2637//2637
f 3135//3135 2643//2643 3136//3136
f 3137//3137 3138//3138 2642//2642
f 2895//2895 2896//2896 2887//2887
f 3138//3138 3139//3139 3134//3134
f 2896//2896 2897//2897 2888//2888
f 3139//3139 3140//3140 3135//3135
f 2888//2888 2898//2898 2645//2645
f 2897//2897 2650//2650 2898//2898
f 3140//3140 3141//3141 2643//2643
f 3139//3139 2648//2648 3140//3140
f 2899//2899 2641//2641 2614//2614
f 2899//2899 2614//2614 2646//2646
f 2898//2898 2650//2650 2735//2735
f 2898//2898 2735//2735 2645//2645
f 3141//3141 3142//3142 2644//2644
f 2648//2648 2649//2649 3141//3141
f 2646//2646 2906//2906 2900//2900
f 2906//2906 2893//2893 2900//2900
f 3142//3142 3143//3143 3130//3130
f 2893//2893 2894//2894 2901//2901
f 3143//3143 3144//3144 3131//3131
f 2885//2885 3137//3137 2642//2642
f 2894//2894 2647//2647 3137//3137
f 3144//3144 2895//2895 2886//2886
f 3145//3145 3146//3146 2649//2649
f 2654//2654 2655//2655 3145//3145
f 2651//2651 2914//2914 2906//2906
f 2914//2914 2915//2915 2906//2906
f 3146//3146 3147//3147 3142//3142
f 2915//2915 2652//2652 2894//2894
f 3147//3147 3148//3148 3143//3143
f 2894//2894 3149//3149 2647//2647
f 2652//2652 2902//2902 2894//2894
f 2902//2902 2653//2653 3149//3149
f 3148//3148 2903//2903 2895//2895
f 3149//3149 3150//3150 2647//2647
f 2903//2903 2904//2904 2896//2896
f 3150//3150 3151//3151 3138//3138
f 2904//2904 2905//2905 2897//2897
f 3151//3151 3152//3152 3139//3139
f 2897//2897 2907//2907 2650//2650
f 2905//2905 2656//2656 2907//2907
f 3152//3152 3145//3145 2648//2648
f 3151//3151 2654//2654 3152//3152
f 3153//3153 2906//2906 2646//2646
f 3153//3153 3059//3059 2651//2651
f 2907//2907 2656//2656 2731//2731
f 2907//2907 2731//2731 2650//2650
f 2909//2909 2910//2910 2904//2904
f 3154//3154 3155//3155 3150//3150
f 2910//2910 2911//2911 2905//2905
f 3155//3155 3156//3156 3151//3151
f 2905//2905 2912//2912 2656//2656
f 2911//2911 2662//2662 2912//2912
f 3156//3156 3157//3157 2654//2654
f 3155//3155 2660//2660 3156//3156
f 2913//2913 2651//2651 2616//2616
f 2913//2913 2616//2616 2657//2657
f 2912//2912 2662//2662 2725//2725
f 2912//2912 2725//2725 2656//2656
f 3157//3157 3158//3158 2655//2655
f 2660//2660 2661//2661 3157//3157
f 2657//2657 2920//2920 2914//2914
f 2920//2920 2908//2908 2914//2914
f 3158//3158 3159//3159 3146//3146
f 2908//2908 2658//2658 2915//2915
f 3159//3159 3160//3160 3147//3147
f 2902//2902 3161//3161 2653//2653
f 2902//2902 2659//2659 3161//3161
f 3160//3160 2909//2909 2903//2903
f 3161//3161 3154//3154 2653//2653
f 2663//2663 2928//2928 2920//2920
f 2928//2928 2929//2929 2920//2920
f 3162//3162 3163//3163 3158//3158
f 2929//2929 2664//2664 2658//2658
f 3163//3163 3164//3164 3159//3159
f 2902//2902 3165//3165 2659//2659
f 2664//2664 2916//2916 2902//2902
f 2916//2916 2665//2665 3165//3165
f 3164//3164 2917//2917 2909//2909
f 3165//3165 3166//3166 2659//2659
f 2917//2917 2918//2918 2910//2910
f 3166//3166 3167//3167 3154//3154
f 2918//2918 2919//2919 2911//2911
f 3167//3167 3168//3168 3155//3155
f 2911//2911 2921//2921 2662//2662
f 2919//2919 2668//2668 2921//2921
f 3168//3168 3170//3170 2660//2660
f 3167//3167 2666//2666 3168//3168
f 3169//3169 2920//2920 2657//2657
f 3169//3169 3060//3060 2663//2663
f 2921//2921 2668//2668 2732//2732
f 2921//2921 2732//2732 2662//2662
f 3170//3170 3162//3162 2661//2661
f 2666//2666 2667//2667 3170//3170
f 3171//3171 3172//3172 3166//3166
f 2924//2924 2925//2925 2919//2919
f 3172//3172 3173//3173 3167//3167
f 2919//2919 2926//2926 2668//2668
f 2925//2925 2674//2674 2926//2926
f 3173//3173 3174//3174 2666//2666
f 3172//3172 2672//2672 3173//3173
f 2927//2927 2663//2663 2617//2617
f 2927//2927 2617//2617 2669//2669
f 2926//2926 2674//2674 2727//2727
f 2926//2926 2727//2727 2668//2668
f 3174//3174 3175//3175 2667//2667
f 2672//2672 2673//2673 3174//3174
f 2669//2669 2934//2934 2928//2928
f 2934//2934 2922//2922 2928//2928
f 3175//3175 3176//3176 3162//3162
f 2922//2922 2670//2670 2929//2929
f 3176//3176 3177//3177 3163//3163
f 2916//2916 3178//3178 2665//2665
f 2916//2916 2671//2671 3178//3178
f 3177//3177 2923//2923 2917//2917
f 3178//3178 3171//3171 2665//2665
f 2923//2923 2924//2924 2918//2918
f 3179//3179 3180//3180 3175//3175
f 2934//2934 2945//2945 2922//2922
f 2945//2945 2930//2930 2670//2670
f 3180//3180 3181//3181 3176//3176
f 2916//2916 3182//3182 2671//2671
f 2930//2930 2676//2676 3182//3182
f 3181//3181 2931//2931 2923//2923
f 3182//3182 3183//3183 2671//2671
f 2931//2931 2932//2932 2924//2924
f 3183//3183 3184//3184 3171//3171
f 2932//2932 2933//2933 2925//2925
f 3184//3184 3185//3185 3172//3172
f 2925//2925 2935//2935 2674//2674
f 2933//2933 2679//2679 2935//2935
f 3185//3185 3186//3186 2672//2672
f 3184//3184 2677//2677 3185//3185
f 2936//2936 2669//2669 2618//2618
f 2936//2936 2618//2618 2675//2675
f 2935//2935 2679//2679 2736//2736
f 2935//2935 2736//2736 2674//2674
f 3186//3186 3179//3179 2673//2673
f 2677//2677 2678//2678 3186//3186
f 2675//2675 2944//2944 2934//2934
f 2940//2940 2941//2941 2933//2933
f 3187//3187 3188//3188 3184//3184
f 2933//2933 2942//2942 2679//2679
f 2941//2941 2685//2685 2942//2942
f 3188//3188 3189//3189 2677//2677
f 3187//3187 2683//2683 3188//3188
f 2943//2943 2675//2675 2621//2621
f 2943//2943 2621//2621 2680//2680
f 2942//2942 2685//2685 2734//2734
f 2942//2942 2734//2734 2679//2679
f 3189//3189 3190//3190 2678//2678
f 2683//2683 2684//2684 3189//3189
f 2680//2680 2952//2952 2944//2944
f 3190//3190 3191//3191 3179//3179
f 2944//2944 2937//2937 2945//2945
f 2937//2937 2938//2938 2945//2945
f 3191//3191 3192//3192 3180//3180
f 2930//2930 3193//3193 2676//2676
f 2938//2938 2681//2681 3193//3193
f 3192//3192 2939//2939 2931//2931
f 3193//3193 3194//3194 2676//2676
f 2939//2939 2940//2940 2932//2932
f 3194//3194 3187//3187 3183//3183
f 2681//2681 2682//2682 3194//3194
f 3195//3195 3196//3196 3191//3191
f 2938//2938 3197//3197 2681//2681
f 2946//2946 2687//2687 3197//3197
f 3196//3196 2947//2947 2939//2939
f 3197//3197 3198//3198 2681//2681
f 2947//2947 2948//2948 2940//2940
f 3198//3198 3199//3199 2682//2682
f 2948//2948 2949//2949 2941//2941
f 3199//3199 3200//3200 3187//3187
f 2941//2941 2950//2950 2685//2685
f 2949//2949 2691//2691 2950//2950
f 3200//3200 3201//3201 2683//2683
f 3199//3199 2688//2688 3200//3200
f 2951//2951 2680//2680 2622//2622
f 2951//2951 2622//2622 2686//2686
f 2950//2950 2691//2691 2728//2728
f 2950//2950 2728//2728 2685//2685
f 3201//3201 2690//2690 2684//2684
f 2688//2688 2689//2689 3201//3201
f 2686//2686 2960//2960 2952//2952
f 2690//2690 3195//3195 3190//3190
f 2952//2952 2961//2961 2937//2937
f 2961//2961 2946//2946 2938//2938
f 2949//2949 2958//2958 2691//2691
f 2957//2957 2696//2696 2958//2958
f 3202//3202 3203//3203 2688//2688
f 3209//3209 2694//2694 3202//3202
f 2959//2959 2686//2686 2623//2623
f 2959//2959 2623//2623 2692//2692
f 2958//2958 2696//2696 2713//2713
f 2958//2958 2713//2713 2691//2691
f 3203//3203 3204//3204 2689//2689
f 2694//2694 2695//2695 3203//3203
f 2692//2692 2968//2968 2960//2960
f 3204//3204 3205//3205 2690//2690
f 2960//2960 2953//2953 2961//2961
f 2953//2953 2954//2954 2961//2961
f 3205//3205 3206//3206 3195//3195
f 2946//2946 3207//3207 2687//2687
f 2954//2954 2693//2693 3207//3207
f 3206//3206 2955//2955 2947//2947
f 3207//3207 3208//3208 2687//2687
f 2955//2955 2956//2956 2948//2948
f 3208//3208 3209//3209 3198//3198
f 2956//2956 2957//2957 2949//2949
f 3209//3209 3202//3202 3199//3199
f 2954//2954 3211//3211 2693//2693
f 2962//2962 2698//2698 3211//3211
f 3210//3210 2963//2963 2955//2955
f 3211//3211 3212//3212 2693//2693
f 2963//2963 2964//2964 2956//2956
f 3212//3212 3213//3213 3208//3208
f 2964//2964 2965//2965 2957//2957
f 3213//3213 3214//3214 3209//3209
f 2957//2957 2966//2966 2696//2696
f 2965//2965 2702//2702 2966//2966
f 3214//3214 3215//3215 2694//2694
f 3213//3213 2699//2699 3214//3214
f 2967//2967 2692//2692 2620//2620
f 2967//2967 2620//2620 2697//2697
f 2966//2966 2702//2702 2715//2715
f 2966//2966 2715//2715 2696//2696
f 3215//3215 3216//3216 2695//2695
f 2699//2699 2700//2700 3215//3215
f 2697//2697 2975//2975 2968//2968
f 3216//3216 3217//3217 3204//3204
f 2968//2968 2976//2976 2953//2953
f 2976//2976 2962//2962 2954//2954
f 3217//3217 3210//3210 3206//3206
f 3216//3216 2701//2701 3217//3217
f 3218//3218 3219//3219 2699//2699
f 3225//3225 2705//2705 3218//3218
f 2973//2973 2697//2697 2619//2619
f 2973//2973 2619//2619 2703//2703
f 2974//2974 2707//2707 2714//2714
f 2974//2974 2714//2714 2702//2702
f 3219//3219 3220//3220 2700//2700
f 2705//2705 2706//2706 3219//3219
f 2703//2703 2983//2983 2975//2975
f 3220//3220 3221//3221 3216//3216
f 2975//2975 2984//2984 2976//2976
f 2984//2984 2969//2969 2976//2976
f 3221//3221 3222//3222 2701//2701
f 2962//2962 3223//3223 2698//2698
f 2969//2969 2704//2704 3223//3223
f 3222//3222 2970//2970 2963//2963
f 3223//3223 3224//3224 2698//2698
f 2970//2970 2971//2971 2964//2964
f 3224//3224 3225//3225 3212//3212
f 2971//2971 2972//2972 2965//2965
f 3225//3225 3218//3218 3213//3213
f 2965//2965 2974//2974 2702//2702
f 2972//2972 2707//2707 2974//2974
f 3226//3226 2978//2978 2970//2970
f 3227//3227 3228//3228 2704//2704
f 2978//2978 2979//2979 2971//2971
f 3228//3228 3229//3229 3224//3224
f 2979//2979 2980//2980 2972//2972
f 3229//3229 3230//3230 3225//3225
f 2972//2972 2981//2981 2707//2707
f 2980//2980 2743//2743 2981//2981
f 3230//3230 3231//3231 2705//2705
f 3229//3229 2740//2740 3230//3230
f 2982//2982 2703//2703 2608//2608
f 2982//2982 2608//2608 2738//2738
f 2981//2981 2743//2743 2721//2721
f 2981//2981 2721//2721 2707//2707
f 3231//3231 3232//3232 2706//2706
f 2740//2740 2741//2741 3231//3231
f 2738//2738 2991//2991 2983//2983
f 3232//3232 3233//3233 3220//3220
f 2983//2983 2992//2992 2984//2984
f 2992//2992 2977//2977 2984//2984
f 3233//3233 3226//3226 3222//3222
f 3232//3232 2742//2742 3233//3233
f 2969//2969 3227//3227 2704//2704
f 2977//2977 2739//2739 3227//3227
f 2989//2989 2738//2738 2603//2603
f 2989//2989 2603//2603 2744//2744
f 2990//2990 2748//2748 2712//2712
f 2990//2990 2712//2712 2743//2743
f 3234//3234 3235//3235 2741//2741
f 2746//2746 2747//2747 3234//3234
f 2744//2744 2999//2999 2991//2991
f 3235//3235 3236//3236 3232//3232
f 2991//2991 3000//3000 2992//2992
f 3000//3000 2985//2985 2992//2992
f 3236//3236 3237//3237 2742//2742
f 2977//2977 3238//3238 2739//2739
f 2985//2985 2745//2745 3238//3238
f 3237//3237 2986//2986 2978//2978
f 3238//3238 3239//3239 2739//2739
f 2986//2986 2987//2987 2979//2979
f 3239//3239 3240//3240 3228//3228
f 2987//2987 2988//2988 2980//2980
f 3240//3240 3241//3241 3229//3229
f 2980//2980 2990//2990 2743//2743
f 2988//2988 2748//2748 2990//2990
f 3241//3241 3234//3234 2740//2740
f 3240//3240 2746//2746 3241//3241
f 3242//3242 3243//3243 2745//2745
f 2996//2996 3005//3005 2986//2986
f 3005//3005 3006//3006 2987//2987
f 3243//3243 3244//3244 3239//3239
f 3006//3006 2995//2995 2988//2988
f 3244//3244 3245//3245 3240//3240
f 2988//2988 2997//2997 2748//2748
f 2995//2995 2753//2753 2997//2997
f 3245//3245 3246//3246 2746//2746
f 3244//3244 2751//2751 3245//3245
f 2998//2998 2744//2744 2604//2604
f 2998//2998 2604//2604 2749//2749
f 2997//2997 2753//2753 2710//2710
f 2997//2997 2710//2710 2748//2748
f 3246//3246 3247//3247 2747//2747
f 2751//2751 2752//2752 3246//3246
f 2749//2749 3003//3003 2999//2999
f 3003//3003 2993//2993 2999//2999
f 3247//3247 3248//3248 3235//3235
f 2993//2993 2994//2994 3000//3000
f 3248//3248 3249//3249 3236//3236
f 2985//2985 3242//3242 2745//2745
f 2994//2994 2750//2750 3242//3242
f 3249//3249 2996//2996 2986//2986
f 3250//3250 3251//3251 2752//2752
f 2767//2767 2769//2769 3251//3251
f 2754//2754 2756//2756 3003//3003
f 3251//3251 3252//3252 3247//3247
f 2769//2769 2772//2772 3252//3252
f 2756//2756 3001//3001 2993//2993
f 3001//3001 2757//2757 2994//2994
f 3252//3252 3004//3004 3248//3248
f 2772//2772 2773//2773 3004//3004
f 2994//2994 3253//3253 2750//2750
f 2757//2757 2760//2760 3253//3253
f 2773//2773 2775//2775 3004//3004
f 3253//3253 3254//3254 2750//2750
f 2760//2760 2762//2762 3254//3254
f 2775//2775 2776//2776 3005//3005
f 3254//3254 3255//3255 3243//3243
f 2762//2762 2763//2763 3255//3255
f 2776//2776 2777//2777 3006//3006
f 3255//3255 3256//3256 3244//3244
f 2763//2763 2766//2766 3256//3256
f 2995//2995 3007//3007 2753//2753
f 2777//2777 3002//3002 2995//2995
f 3002//3002 2778//2778 3007//3007
f 3256//3256 3250//3250 2751//2751
f 2766//2766 2767//2767 3250//3250
f 3257//3257 3003//3003 2749//2749
f 3257//3257 3061//3061 2754//2754
f 3007//3007 2778//2778 2711//2711
f 3007//3007 2711//2711 2753//2753
f 3009//3009 3008//3008 2776//2776
f 3258//3258 3259//3259 2764//2764
f 3015//3015 3260//3260 2777//2777
f 3008//3008 3015//3015 2777//2777
f 3259//3259 3261//3261 2765//2765
f 3260//3260 3262//3262 2779//2779
f 3260//3260 2785//2785 3262//3262
f 3261//3261 3263//3263 2768//2768
f 3259//3259 2783//2783 3261//3261
f 3264//3264 2755//2755 2602//2602
f 3264//3264 2602//2602 2780//2780
f 3262//3262 3062//3062 2779//2779
f 3263//3263 3265//3265 2770//2770
f 2783//2783 2784//2784 3263//3263
f 3264//3264 3266//3266 2756//2756
f 3265//3265 3267//3267 2771//2771
f 3266//3266 3010//3010 2758//2758
f 3267//3267 3268//3268 2774//2774
f 2781//2781 3269//3269 2759//2759
f 3010//3010 2781//2781 2759//2759
f 3268//3268 3009//3009 2775//2775
f 3269//3269 3258//3258 2761//2761
f 2781//2781 2782//2782 3269//3269
f 3270//3270 3271//3271 3265//3265
f 3266//3266 3011//3011 3010//3010
f 3271//3271 3272//3272 3267//3267
f 2787//2787 3273//3273 2781//2781
f 3011//3011 2787//2787 2781//2781
f 3272//3272 3013//3013 3009//3009
f 3273//3273 3274//3274 2782//2782
f 3013//3013 3014//3014 3008//3008
f 3274//3274 3275//3275 3258//3258
f 3275//3275 3276//3276 3259//3259
f 3260//3260 3016//3016 2785//2785
f 3260//3260 2790//2790 3016//3016
f 3276//3276 3277//3277 2783//2783
f 3275//3275 2788//2788 3276//3276
f 3017//3017 2780//2780 2601//2601
f 3017//3017 2601//2601 2786//2786
f 3016//3016 2790//2790 2716//2716
f 3016//3016 2716//2716 2785//2785
f 3277//3277 3270//3270 2784//2784
f 2788//2788 2789//2789 3277//3277
f 3264//3264 3012//3012 3266//3266
f 3027//3027 3279//3279 3015//3015
f 3018//3018 3027//3027 3015//3015
f 3278//3278 3280//3280 3275//3275
f 3279//3279 3019//3019 2790//2790
f 3279//3279 2796//2796 3019//3019
f 3280//3280 3282//3282 2788//2788
f 3278//3278 2794//2794 3280//3280
f 3281//3281 3063//3063 2791//2791
f 3019//3019 2796//2796 2717//2717
f 3019//3019 2717//2717 2790//2790
f 3282//3282 3283//3283 2789//2789
f 2794//2794 2795//2795 3282//3282
f 3281//3281 3284//3284 3012//3012
f 3283//3283 3285//3285 3270//3270
f 3284//3284 3020//3020 3011//3011
f 3285//3285 3286//3286 3271//3271
f 2792//2792 3287//3287 2787//2787
f 3020//3020 2792//2792 2787//2787
f 3286//3286 3021//3021 3013//3013
f 3287//3287 3288//3288 3273//3273
f 3021//3021 3018//3018 3014//3014
f 3288//3288 3278//3278 3274//3274
f 3287//3287 2793//2793 3288//3288
f 3284//3284 3023//3023 3020//3020
f 3289//3289 3290//3290 3285//3285
f 2798//2798 3291//3291 2792//2792
f 3023//3023 2798//2798 2792//2792
f 3290//3290 3025//3025 3021//3021
f 3291//3291 3292//3292 3287//3287
f 3025//3025 3026//3026 3018//3018
f 3292//3292 3293//3293 2793//2793
f 3293//3293 3294//3294 3278//3278
f 3279//3279 3028//3028 2796//2796
f 3279//3279 2802//2802 3028//3028
f 3294//3294 3295//3295 2794//2794
f 3293//3293 2799//2799 3294//3294
f 3022//3022 2791//2791 2600//2600
f 3022//3022 2600//2600 2797//2797
f 3028//3028 2802//2802 2718//2718
f 3028//3028 2718//2718 2796//2796
f 3295//3295 2801//2801 2795//2795
f 2799//2799 2800//2800 3295//3295
f 3022//3022 3024//3024 3284//3284
f 2801//2801 3289//3289 3283//3283
f 3296//3296 3298//3298 3293//3293
f 3297//3297 3029//3029 2802//2802
f 3030//3030 3297//3297 3279//3279
f 3297//3297 2808//2808 3029//3029
f 3298//3298 3299//3299 2799//2799
f 3296//3296 2806//2806 3298//3298
f 3031//3031 2797//2797 2599//2599
f 3031//3031 2599//2599 2803//2803
f 3029//3029 2808//2808 2720//2720
f 3029//3029 2720//2720 2802//2802
f 3299//3299 3300//3300 2800//2800
f 2806//2806 2807//2807 3299//3299
f 3022//3022 3301//3301 3024//3024
f 3300//3300 3302//3302 2801//2801
f 3301//3301 3032//3032 3023//3023
f 3302//3302 3303//3303 3289//3289
f 2804//2804 3304//3304 2798//2798
f 3032//3032 2804//2804 2798//2798
f 3303//3303 3033//3033 3025//3025
f 3304//3304 3305//3305 3291//3291
f 3033//3033 3034//3034 3026//3026
f 3305//3305 3296//3296 3292//3292
f 3304//3304 2805//2805 3305//3305
f 3034//3034 3030//3030 3027//3027
f 3306//3306 3307//3307 3302//3302
f 2810//2810 3308//3308 2804//2804
f 3036//3036 2810//2810 2804//2804
f 3307//3307 3037//3037 3033//3033
f 3308//3308 3309//3309 3304//3304
f 3037//3037 3038//3038 3034//3034
f 3309//3309 3310//3310 2805//2805
f 3042//3042 3297//3297 3030//3030
f 3038//3038 3042//3042 3030//3030
f 3310//3310 3311//3311 3296//3296
f 3297//3297 3039//3039 2808//2808
f 3297//3297 2814//2814 3039//3039
f 3311//3311 3313//3313 2806//2806
f 3310//3310 2811//2811 3311//3311
f 3312//3312 3314//3314 2803//2803
f 3312//3312 3064//3064 2809//2809
f 3039//3039 2814//2814 2722//2722
f 3039//3039 2722//2722 2808//2808
f 3313//3313 2813//2813 2807//2807
f 2811//2811 2812//2812 3313//3313
f 3314//3314 3035//3035 3301//3301
f 2813//2813 3306//3306 3300//3300
f 3301//3301 3036//3036 3032//3032
f 3315//3315 3041//3041 2814//2814
f 3042//3042 3315//3315 3297//3297
f 3315//3315 2818//2818 3041//3041
f 3316//3316 3317//3317 2811//2811
f 3326//3326 2816//2816 3316//3316
f 3314//3314 2809//2809 2598//2598
f 3314//3314 2598//2598 2815//2815
f 3041//3041 2818//2818 2724//2724
f 3041//3041 2724//2724 2814//2814
f 3317//3317 3319//3319 2812//2812
f 2816//2816 2817//2817 3317//3317
f 3318//3318 3043//3043 3035//3035
f 3319//3319 3320//3320 2813//2813
f 3035//3035 3044//3044 3036//3036
f 3320//3320 3322//3322 3306//3306
f 3321//3321 3323//3323 2810//2810
f 3044//3044 3321//3321 2810//2810
f 3321//3321 3328//3328 3323//3323
f 3322//3322 3324//3324 3037//3037
f 3323//3323 3325//3325 3308//3308
f 3324//3324 3045//3045 3038//3038
f 3325//3325 3326//3326 3309//3309
f 3045//3045 3040//3040 3042//3042
f 3326//3326 3316//3316 3310//3310
f 3053//3053 2561//2561 3328//3328
f 3327//3327 3046//3046 3324//3324
f 3065//3065 3327//3327 3322//3322
f 2565//2565 2822//2822 3327//3327
f 3328//3328 3066//3066 3323//3323
f 3324//3324 3047//3047 3045//3045
f 2822//2822 3047//3047 3324//3324
f 3329//3329 3048//3048 3325//3325
f 3066//3066 3329//3329 3325//3325
f 2561//2561 2820//2820 3329//3329
f 3040//3040 3056//3056 3042//3042
f 3047//3047 3055//3055 3040//3040
f 3048//3048 3067//3067 3326//3326
f 2820//2820 2562//2562 3067//3067
f 3315//3315 3049//3049 2818//2818
f 3056//3056 2823//2823 3049//3049
f 3067//3067 3068//3068 2816//2816
f 2562//2562 2563//2563 3068//3068
f 3050//3050 2815//2815 2597//2597
f 3050//3050 2597//2597 2819//2819
f 3049//3049 2823//2823 2723//2723
f 3049//3049 2723//2723 2818//2818
f 3068//3068 3069//3069 2817//2817
f 2563//2563 2564//2564 3069//3069
f 3318//3318 3052//3052 3043//3043
f 2819//2819 3058//3058 3318//3318
f 3330//3330 3051//3051 3319//3319
f 3069//3069 3330//3330 3319//3319
f 2564//2564 2821//2821 3330//3330
f 3052//3052 3053//3053 3044//3044
f 3051//3051 3065//3065 3322//3322
f 2821//2821 2565//2565 3051//3051
f 3341//3341 3596//3596 3591//3591
f 3823//3823 3840//3840 3331//3331
f 3595//3595 3337//3337 3840//3840
f 3840//3840 3841//3841 3331//3331
f 3592//3592 3602//3602 3817//3817
f 3602//3602 3603//3603 3817//3817
f 3603//3603 3597//3597 3825//3825
f 3590//3590 3842//3842 3332//3332
f 3841//3841 3338//3338 3590//3590
f 3597//3597 3342//3342 3826//3826
f 3842//3842 3844//3844 3333//3333
f 3338//3338 3339//3339 3842//3842
f 3827//3827 3589//3589 3372//3372
f 3827//3827 3372//3372 3336//3336
f 3843//3843 3824//3824 3593//3593
f 3843//3843 3826//3826 3342//3342
f 3844//3844 3845//3845 3334//3334
f 3339//3339 3340//3340 3844//3844
f 3336//3336 3601//3601 3828//3828
f 3601//3601 3594//3594 3828//3828
f 3340//3340 3341//3341 3845//3845
f 3594//3594 3595//3595 3823//3823
f 3601//3601 3615//3615 3594//3594
f 3615//3615 3598//3598 3595//3595
f 3341//3341 3847//3847 3596//3596
f 3846//3846 3347//3347 3341//3341
f 3595//3595 3848//3848 3337//3337
f 3598//3598 3344//3344 3848//3848
f 3847//3847 3599//3599 3592//3592
f 3848//3848 3849//3849 3337//3337
f 3599//3599 3600//3600 3602//3602
f 3849//3849 3850//3850 3841//3841
f 3600//3600 3597//3597 3603//3603
f 3850//3850 3851//3851 3338//3338
f 3597//3597 3604//3604 3342//3342
f 3597//3597 3348//3348 3604//3604
f 3851//3851 3852//3852 3339//3339
f 3850//3850 3345//3345 3851//3851
f 3605//3605 3336//3336 3389//3389
f 3605//3605 3389//3389 3343//3343
f 3604//3604 3348//3348 3506//3506
f 3604//3604 3506//3506 3342//3342
f 3852//3852 3846//3846 3340//3340
f 3345//3345 3346//3346 3852//3852
f 3343//3343 3614//3614 3601//3601
f 3600//3600 3611//3611 3597//3597
f 3609//3609 3610//3610 3611//3611
f 3853//3853 3854//3854 3850//3850
f 3597//3597 3612//3612 3348//3348
f 3610//3610 3354//3354 3612//3612
f 3854//3854 3855//3855 3345//3345
f 3853//3853 3352//3352 3854//3854
f 3613//3613 3343//3343 3374//3374
f 3613//3613 3374//3374 3349//3349
f 3612//3612 3354//3354 3487//3487
f 3612//3612 3487//3487 3348//3348
f 3855//3855 3856//3856 3346//3346
f 3352//3352 3353//3353 3855//3855
f 3349//3349 3620//3620 3614//3614
f 3620//3620 3606//3606 3614//3614
f 3856//3856 3857//3857 3846//3846
f 3606//3606 3607//3607 3615//3615
f 3857//3857 3858//3858 3347//3347
f 3598//3598 3859//3859 3344//3344
f 3607//3607 3350//3350 3859//3859
f 3858//3858 3608//3608 3599//3599
f 3859//3859 3860//3860 3344//3344
f 3608//3608 3609//3609 3600//3600
f 3860//3860 3853//3853 3849//3849
f 3350//3350 3351//3351 3860//3860
f 3620//3620 3631//3631 3606//3606
f 3631//3631 3616//3616 3607//3607
f 3861//3861 3862//3862 3857//3857
f 3607//3607 3863//3863 3350//3350
f 3616//3616 3356//3356 3863//3863
f 3862//3862 3617//3617 3608//3608
f 3863//3863 3864//3864 3350//3350
f 3617//3617 3618//3618 3609//3609
f 3864//3864 3865//3865 3351//3351
f 3618//3618 3619//3619 3610//3610
f 3865//3865 3866//3866 3853//3853
f 3610//3610 3621//3621 3354//3354
f 3619//3619 3360//3360 3621//3621
f 3866//3866 3867//3867 3352//3352
f 3865//3865 3357//3357 3866//3866
f 3622//3622 3349//3349 3370//3370
f 3622//3622 3370//3370 3355//3355
f 3621//3621 3360//3360 3505//3505
f 3621//3621 3505//3505 3354//3354
f 3867//3867 3359//3359 3353//3353
f 3357//3357 3358//3358 3867//3867
f 3355//3355 3630//3630 3620//3620
f 3359//3359 3861//3861 3856//3856
f 3868//3868 3869//3869 3865//3865
f 3619//3619 3628//3628 3360//3360
f 3627//3627 3366//3366 3628//3628
f 3869//3869 3870//3870 3357//3357
f 3868//3868 3364//3364 3869//3869
f 3629//3629 3355//3355 3385//3385
f 3629//3629 3385//3385 3361//3361
f 3628//3628 3366//3366 3499//3499
f 3628//3628 3499//3499 3360//3360
f 3870//3870 3871//3871 3358//3358
f 3364//3364 3365//3365 3870//3870
f 3361//3361 3638//3638 3630//3630
f 3871//3871 3872//3872 3359//3359
f 3630//3630 3623//3623 3631//3631
f 3623//3623 3624//3624 3631//3631
f 3872//3872 3873//3873 3861//3861
f 3616//3616 3874//3874 3356//3356
f 3624//3624 3362//3362 3874//3874
f 3873//3873 3625//3625 3617//3617
f 3874//3874 3875//3875 3356//3356
f 3625//3625 3626//3626 3618//3618
f 3875//3875 3868//3868 3864//3864
f 3362//3362 3363//3363 3875//3875
f 3626//3626 3627//3627 3619//3619
f 3876//3876 3877//3877 3872//3872
f 3624//3624 3878//3878 3362//3362
f 3632//3632 3395//3395 3878//3878
f 3877//3877 3633//3633 3625//3625
f 3878//3878 3879//3879 3362//3362
f 3633//3633 3634//3634 3626//3626
f 3879//3879 3880//3880 3363//3363
f 3634//3634 3635//3635 3627//3627
f 3880//3880 3881//3881 3868//3868
f 3627//3627 3636//3636 3366//3366
f 3635//3635 3399//3399 3636//3636
f 3881//3881 3882//3882 3364//3364
f 3880//3880 3396//3396 3881//3881
f 3637//3637 3361//3361 3379//3379
f 3637//3637 3379//3379 3394//3394
f 3636//3636 3399//3399 3495//3495
f 3636//3636 3495//3495 3366//3366
f 3882//3882 3398//3398 3365//3365
f 3396//3396 3397//3397 3882//3882
f 3394//3394 3645//3645 3638//3638
f 3398//3398 3876//3876 3871//3871
f 3638//3638 3646//3646 3623//3623
f 3646//3646 3632//3632 3624//3624
f 3635//3635 3643//3643 3399//3399
f 3642//3642 3404//3404 3643//3643
f 3883//3883 3884//3884 3396//3396
f 3890//3890 3402//3402 3883//3883
f 3644//3644 3394//3394 3380//3380
f 3644//3644 3380//3380 3400//3400
f 3643//3643 3404//3404 3491//3491
f 3643//3643 3491//3491 3399//3399
f 3884//3884 3885//3885 3397//3397
f 3402//3402 3403//3403 3884//3884
f 3400//3400 3653//3653 3645//3645
f 3885//3885 3886//3886 3398//3398
f 3645//3645 3654//3654 3646//3646
f 3654//3654 3639//3639 3646//3646
f 3886//3886 3887//3887 3876//3876
f 3632//3632 3888//3888 3395//3395
f 3639//3639 3401//3401 3888//3888
f 3887//3887 3640//3640 3633//3633
f 3888//3888 3889//3889 3395//3395
f 3640//3640 3641//3641 3634//3634
f 3889//3889 3890//3890 3879//3879
f 3641//3641 3642//3642 3635//3635
f 3890//3890 3883//3883 3880//3880
f 3891//3891 3648//3648 3640//3640
f 3892//3892 3893//3893 3401//3401
f 3648//3648 3649//3649 3641//3641
f 3893//3893 3894//3894 3889//3889
f 3649//3649 3650//3650 3642//3642
f 3894//3894 3895//3895 3890//3890
f 3642//3642 3651//3651 3404//3404
f 3650//3650 3410//3410 3651//3651
f 3895//3895 3896//3896 3402//3402
f 3894//3894 3407//3407 3895//3895
f 3652//3652 3400//3400 3381//3381
f 3652//3652 3381//3381 3405//3405
f 3651//3651 3410//3410 3490//3490
f 3651//3651 3490//3490 3404//3404
f 3896//3896 3897//3897 3403//3403
f 3407//3407 3408//3408 3896//3896
f 3405//3405 3661//3661 3653//3653
f 3897//3897 3898//3898 3885//3885
f 3653//3653 3662//3662 3654//3654
f 3662//3662 3647//3647 3654//3654
f 3898//3898 3891//3891 3887//3887
f 3897//3897 3409//3409 3898//3898
f 3639//3639 3892//3892 3401//3401
f 3647//3647 3406//3406 3892//3892
f 3659//3659 3405//3405 3382//3382
f 3659//3659 3382//3382 3411//3411
f 3660//3660 3415//3415 3488//3488
f 3660//3660 3488//3488 3410//3410
f 3899//3899 3900//3900 3408//3408
f 3413//3413 3414//3414 3899//3899
f 3411//3411 3670//3670 3661//3661
f 3900//3900 3901//3901 3897//3897
f 3661//3661 3671//3671 3662//3662
f 3671//3671 3655//3655 3662//3662
f 3901//3901 3902//3902 3409//3409
f 3647//3647 3903//3903 3406//3406
f 3655//3655 3412//3412 3903//3903
f 3902//3902 3656//3656 3648//3648
f 3903//3903 3904//3904 3406//3406
f 3656//3656 3657//3657 3649//3649
f 3904//3904 3905//3905 3893//3893
f 3657//3657 3658//3658 3650//3650
f 3905//3905 3906//3906 3894//3894
f 3650//3650 3660//3660 3410//3410
f 3658//3658 3415//3415 3660//3660
f 3906//3906 3899//3899 3407//3407
f 3905//3905 3413//3413 3906//3906
f 3907//3907 3908//3908 3412//3412
f 3665//3665 3666//3666 3657//3657
f 3908//3908 3909//3909 3904//3904
f 3666//3666 3667//3667 3658//3658
f 3909//3909 3910//3910 3905//3905
f 3658//3658 3668//3668 3415//3415
f 3667//3667 3420//3420 3668//3668
f 3910//3910 3911//3911 3413//3413
f 3909//3909 3418//3418 3910//3910
f 3669//3669 3411//3411 3383//3383
f 3669//3669 3383//3383 3416//3416
f 3668//3668 3420//3420 3494//3494
f 3668//3668 3494//3494 3415//3415
f 3911//3911 3912//3912 3414//3414
f 3418//3418 3419//3419 3911//3911
f 3416//3416 3676//3676 3670//3670
f 3676//3676 3663//3663 3670//3670
f 3912//3912 3913//3913 3900//3900
f 3663//3663 3664//3664 3671//3671
f 3913//3913 3914//3914 3901//3901
f 3655//3655 3907//3907 3412//3412
f 3664//3664 3417//3417 3907//3907
f 3914//3914 3665//3665 3656//3656
f 3915//3915 3916//3916 3419//3419
f 3424//3424 3425//3425 3915//3915
f 3421//3421 3684//3684 3676//3676
f 3684//3684 3685//3685 3676//3676
f 3916//3916 3917//3917 3912//3912
f 3685//3685 3422//3422 3664//3664
f 3917//3917 3918//3918 3913//3913
f 3664//3664 3919//3919 3417//3417
f 3422//3422 3672//3672 3664//3664
f 3672//3672 3423//3423 3919//3919
f 3918//3918 3673//3673 3665//3665
f 3919//3919 3920//3920 3417//3417
f 3673//3673 3674//3674 3666//3666
f 3920//3920 3921//3921 3908//3908
f 3674//3674 3675//3675 3667//3667
f 3921//3921 3922//3922 3909//3909
f 3667//3667 3677//3677 3420//3420
f 3675//3675 3426//3426 3677//3677
f 3922//3922 3915//3915 3418//3418
f 3921//3921 3424//3424 3922//3922
f 3923//3923 3676//3676 3416//3416
f 3923//3923 3829//3829 3421//3421
f 3677//3677 3426//3426 3484//3484
f 3677//3677 3484//3484 3420//3420
f 3679//3679 3680//3680 3674//3674
f 3924//3924 3925//3925 3920//3920
f 3680//3680 3681//3681 3675//3675
f 3925//3925 3926//3926 3921//3921
f 3675//3675 3682//3682 3426//3426
f 3681//3681 3432//3432 3682//3682
f 3926//3926 3927//3927 3424//3424
f 3925//3925 3430//3430 3926//3926
f 3683//3683 3421//3421 3384//3384
f 3683//3683 3384//3384 3427//3427
f 3682//3682 3432//3432 3482//3482
f 3682//3682 3482//3482 3426//3426
f 3927//3927 3928//3928 3425//3425
f 3430//3430 3431//3431 3927//3927
f 3427//3427 3690//3690 3684//3684
f 3690//3690 3678//3678 3684//3684
f 3928//3928 3929//3929 3916//3916
f 3678//3678 3428//3428 3685//3685
f 3929//3929 3930//3930 3917//3917
f 3672//3672 3931//3931 3423//3423
f 3672//3672 3429//3429 3931//3931
f 3930//3930 3679//3679 3673//3673
f 3931//3931 3924//3924 3423//3423
f 3433//3433 3698//3698 3690//3690
f 3698//3698 3699//3699 3690//3690
f 3932//3932 3933//3933 3928//3928
f 3699//3699 3434//3434 3428//3428
f 3933//3933 3934//3934 3929//3929
f 3672//3672 3935//3935 3429//3429
f 3434//3434 3686//3686 3672//3672
f 3686//3686 3435//3435 3935//3935
f 3934//3934 3687//3687 3679//3679
f 3935//3935 3936//3936 3429//3429
f 3687//3687 3688//3688 3680//3680
f 3936//3936 3937//3937 3924//3924
f 3688//3688 3689//3689 3681//3681
f 3937//3937 3938//3938 3925//3925
f 3681//3681 3691//3691 3432//3432
f 3689//3689 3438//3438 3691//3691
f 3938//3938 3940//3940 3430//3430
f 3937//3937 3436//3436 3938//3938
f 3939//3939 3690//3690 3427//3427
f 3939//3939 3830//3830 3433//3433
f 3691//3691 3438//3438 3479//3479
f 3691//3691 3479//3479 3432//3432
f 3940//3940 3932//3932 3431//3431
f 3436//3436 3437//3437 3940//3940
f 3941//3941 3942//3942 3936//3936
f 3694//3694 3695//3695 3689//3689
f 3942//3942 3943//3943 3937//3937
f 3689//3689 3696//3696 3438//3438
f 3695//3695 3444//3444 3696//3696
f 3943//3943 3944//3944 3436//3436
f 3942//3942 3442//3442 3943//3943
f 3697//3697 3433//3433 3386//3386
f 3697//3697 3386//3386 3439//3439
f 3696//3696 3444//3444 3501//3501
f 3696//3696 3501//3501 3438//3438
f 3944//3944 3945//3945 3437//3437
f 3442//3442 3443//3443 3944//3944
f 3439//3439 3704//3704 3698//3698
f 3704//3704 3692//3692 3698//3698
f 3945//3945 3946//3946 3932//3932
f 3692//3692 3440//3440 3699//3699
f 3946//3946 3947//3947 3933//3933
f 3686//3686 3948//3948 3435//3435
f 3686//3686 3441//3441 3948//3948
f 3947//3947 3693//3693 3687//3687
f 3948//3948 3941//3941 3435//3435
f 3693//3693 3694//3694 3688//3688
f 3949//3949 3950//3950 3945//3945
f 3704//3704 3715//3715 3692//3692
f 3715//3715 3700//3700 3440//3440
f 3950//3950 3951//3951 3946//3946
f 3686//3686 3952//3952 3441//3441
f 3700//3700 3446//3446 3952//3952
f 3951//3951 3701//3701 3693//3693
f 3952//3952 3953//3953 3441//3441
f 3701//3701 3702//3702 3694//3694
f 3953//3953 3954//3954 3941//3941
f 3702//3702 3703//3703 3695//3695
f 3954//3954 3955//3955 3942//3942
f 3695//3695 3705//3705 3444//3444
f 3703//3703 3449//3449 3705//3705
f 3955//3955 3956//3956 3442//3442
f 3954//3954 3447//3447 3955//3955
f 3706//3706 3439//3439 3387//3387
f 3706//3706 3387//3387 3445//3445
f 3705//3705 3449//3449 3480//3480
f 3705//3705 3480//3480 3444//3444
f 3956//3956 3949//3949 3443//3443
f 3447//3447 3448//3448 3956//3956
f 3445//3445 3714//3714 3704//3704
f 3710//3710 3711//3711 3703//3703
f 3957//3957 3958//3958 3954//3954
f 3703//3703 3712//3712 3449//3449
f 3711//3711 3455//3455 3712//3712
f 3958//3958 3959//3959 3447//3447
f 3957//3957 3453//3453 3958//3958
f 3713//3713 3445//3445 3388//3388
f 3713//3713 3388//3388 3450//3450
f 3712//3712 3455//3455 3481//3481
f 3712//3712 3481//3481 3449//3449
f 3959//3959 3960//3960 3448//3448
f 3453//3453 3454//3454 3959//3959
f 3450//3450 3722//3722 3714//3714
f 3960//3960 3961//3961 3949//3949
f 3714//3714 3707//3707 3715//3715
f 3707//3707 3708//3708 3715//3715
f 3961//3961 3962//3962 3950//3950
f 3700//3700 3963//3963 3446//3446
f 3708//3708 3451//3451 3963//3963
f 3962//3962 3709//3709 3701//3701
f 3963//3963 3964//3964 3446//3446
f 3709//3709 3710//3710 3702//3702
f 3964//3964 3957//3957 3953//3953
f 3451//3451 3452//3452 3964//3964
f 3965//3965 3966//3966 3961//3961
f 3708//3708 3967//3967 3451//3451
f 3716//3716 3457//3457 3967//3967
f 3966//3966 3717//3717 3709//3709
f 3967//3967 3968//3968 3451//3451
f 3717//3717 3718//3718 3710//3710
f 3968//3968 3969//3969 3452//3452
f 3718//3718 3719//3719 3711//3711
f 3969//3969 3970//3970 3957//3957
f 3711//3711 3720//3720 3455//3455
f 3719//3719 3461//3461 3720//3720
f 3970//3970 3971//3971 3453//3453
f 3969//3969 3458//3458 3970//3970
f 3721//3721 3450//3450 3376//3376
f 3721//3721 3376//3376 3456//3456
f 3720//3720 3461//3461 3483//3483
f 3720//3720 3483//3483 3455//3455
f 3971//3971 3460//3460 3454//3454
f 3458//3458 3459//3459 3971//3971
f 3456//3456 3730//3730 3722//3722
f 3460//3460 3965//3965 3960//3960
f 3722//3722 3731//3731 3707//3707
f 3731//3731 3716//3716 3708//3708
f 3719//3719 3728//3728 3461//3461
f 3727//3727 3466//3466 3728//3728
f 3972//3972 3973//3973 3458//3458
f 3979//3979 3464//3464 3972//3972
f 3729//3729 3456//3456 3390//3390
f 3729//3729 3390//3390 3462//3462
f 3728//3728 3466//3466 3485//3485
f 3728//3728 3485//3485 3461//3461
f 3973//3973 3974//3974 3459//3459
f 3464//3464 3465//3465 3973//3973
f 3462//3462 3738//3738 3730//3730
f 3974//3974 3975//3975 3460//3460
f 3730//3730 3723//3723 3731//3731
f 3723//3723 3724//3724 3731//3731
f 3975//3975 3976//3976 3965//3965
f 3716//3716 3977//3977 3457//3457
f 3724//3724 3463//3463 3977//3977
f 3976//3976 3725//3725 3717//3717
f 3977//3977 3978//3978 3457//3457
f 3725//3725 3726//3726 3718//3718
f 3978//3978 3979//3979 3968//3968
f 3726//3726 3727//3727 3719//3719
f 3979//3979 3972//3972 3969//3969
f 3724//3724 3981//3981 3463//3463
f 3732//3732 3468//3468 3981//3981
f 3980//3980 3733//3733 3725//3725
f 3981//3981 3982//3982 3463//3463
f 3733//3733 3734//3734 3726//3726
f 3982//3982 3983//3983 3978//3978
f 3734//3734 3735//3735 3727//3727
f 3983//3983 3984//3984 3979//3979
f 3727//3727 3736//3736 3466//3466
f 3735//3735 3472//3472 3736//3736
f 3984//3984 3985//3985 3464//3464
f 3983//3983 3469//3469 3984//3984
f 3737//3737 3462//3462 3391//3391
f 3737//3737 3391//3391 3467//3467
f 3736//3736 3472//3472 3486//3486
f 3736//3736 3486//3486 3466//3466
f 3985//3985 3986//3986 3465//3465
f 3469//3469 3470//3470 3985//3985
f 3467//3467 3745//3745 3738//3738
f 3986//3986 3987//3987 3974//3974
f 3738//3738 3746//3746 3723//3723
f 3746//3746 3732//3732 3724//3724
f 3987//3987 3980//3980 3976//3976
f 3986//3986 3471//3471 3987//3987
f 3988//3988 3989//3989 3469//3469
f 3995//3995 3475//3475 3988//3988
f 3743//3743 3467//3467 3392//3392
f 3743//3743 3392//3392 3473//3473
f 3744//3744 3477//3477 3489//3489
f 3744//3744 3489//3489 3472//3472
f 3989//3989 3990//3990 3470//3470
f 3475//3475 3476//3476 3989//3989
f 3473//3473 3753//3753 3745//3745
f 3990//3990 3991//3991 3986//3986
f 3745//3745 3754//3754 3746//3746
f 3754//3754 3739//3739 3746//3746
f 3991//3991 3992//3992 3471//3471
f 3732//3732 3993//3993 3468//3468
f 3739//3739 3474//3474 3993//3993
f 3992//3992 3740//3740 3733//3733
f 3993//3993 3994//3994 3468//3468
f 3740//3740 3741//3741 3734//3734
f 3994//3994 3995//3995 3982//3982
f 3741//3741 3742//3742 3735//3735
f 3995//3995 3988//3988 3983//3983
f 3735//3735 3744//3744 3472//3472
f 3742//3742 3477//3477 3744//3744
f 3996//3996 3748//3748 3740//3740
f 3997//3997 3998//3998 3474//3474
f 3748//3748 3749//3749 3741//3741
f 3998//3998 3999//3999 3994//3994
f 3749//3749 3750//3750 3742//3742
f 3999//3999 4000//4000 3995//3995
f 3742//3742 3751//3751 3477//3477
f 3750//3750 3513//3513 3751//3751
f 4000//4000 4001//4001 3475//3475
f 3999//3999 3510//3510 4000//4000
f 3752//3752 3473//3473 3393//3393
f 3752//3752 3393//3393 3508//3508
f 3751//3751 3513//3513 3498//3498
f 3751//3751 3498//3498 3477//3477
f 4001//4001 4002//4002 3476//3476
f 3510//3510 3511//3511 4001//4001
f 3508//3508 3761//3761 3753//3753
f 4002//4002 4003//4003 3990//3990
f 3753//3753 3762//3762 3754//3754
f 3762//3762 3747//3747 3754//3754
f 4003//4003 3996//3996 3992//3992
f 4002//4002 3512//3512 4003//4003
f 3739//3739 3997//3997 3474//3474
f 3747//3747 3509//3509 3997//3997
f 3759//3759 3508//3508 3377//3377
f 3759//3759 3377//3377 3514//3514
f 3760//3760 3518//3518 3478//3478
f 3760//3760 3478//3478 3513//3513
f 4004//4004 4005//4005 3511//3511
f 3516//3516 3517//3517 4004//4004
f 3514//3514 3769//3769 3761//3761
f 4005//4005 4006//4006 4002//4002
f 3761//3761 3770//3770 3762//3762
f 3770//3770 3755//3755 3762//3762
f 4006//4006 4007//4007 3512//3512
f 3747//3747 4008//4008 3509//3509
f 3755//3755 3515//3515 4008//4008
f 4007//4007 3756//3756 3748//3748
f 4008//4008 4009//4009 3509//3509
f 3756//3756 3757//3757 3749//3749
f 4009//4009 4010//4010 3998//3998
f 3757//3757 3758//3758 3750//3750
f 4010//4010 4011//4011 3999//3999
f 3750//3750 3760//3760 3513//3513
f 3758//3758 3518//3518 3760//3760
f 4011//4011 4004//4004 3510//3510
f 4010//4010 3516//3516 4011//4011
f 4012//4012 4013//4013 3515//3515
f 3766//3766 3775//3775 3756//3756
f 3775//3775 3776//3776 3757//3757
f 4013//4013 4014//4014 4009//4009
f 3776//3776 3765//3765 3758//3758
f 4014//4014 4015//4015 4010//4010
f 3758//3758 3767//3767 3518//3518
f 3765//3765 3523//3523 3767//3767
f 4015//4015 4016//4016 3516//3516
f 4014//4014 3521//3521 4015//4015
f 3768//3768 3514//3514 3378//3378
f 3768//3768 3378//3378 3519//3519
f 3767//3767 3523//3523 3502//3502
f 3767//3767 3502//3502 3518//3518
f 4016//4016 4017//4017 3517//3517
f 3521//3521 3522//3522 4016//4016
f 3519//3519 3773//3773 3769//3769
f 3773//3773 3763//3763 3769//3769
f 4017//4017 4018//4018 4005//4005
f 3763//3763 3764//3764 3770//3770
f 4018//4018 4019//4019 4006//4006
f 3755//3755 4012//4012 3515//3515
f 3764//3764 3520//3520 4012//4012
f 4019//4019 3766//3766 3756//3756
f 4020//4020 4021//4021 3522//3522
f 3537//3537 3540//3540 4021//4021
f 3525//3525 3526//3526 3773//3773
f 4021//4021 4022//4022 4017//4017
f 3540//3540 3541//3541 4022//4022
f 3526//3526 3771//3771 3763//3763
f 3771//3771 3528//3528 3764//3764
f 4022//4022 3774//3774 4018//4018
f 3541//3541 3543//3543 3774//3774
f 3764//3764 4023//4023 3520//3520
f 3528//3528 3530//3530 4023//4023
f 3543//3543 3545//3545 3774//3774
f 4023//4023 4024//4024 3520//3520
f 3530//3530 3531//3531 4024//4024
f 3545//3545 3546//3546 3775//3775
f 4024//4024 4025//4025 4013//4013
f 3531//3531 3533//3533 4025//4025
f 3546//3546 3547//3547 3776//3776
f 4025//4025 4026//4026 4014//4014
f 3533//3533 3535//3535 4026//4026
f 3765//3765 3777//3777 3523//3523
f 3547//3547 3772//3772 3765//3765
f 3772//3772 3549//3549 3777//3777
f 4026//4026 4020//4020 3521//3521
f 3535//3535 3537//3537 4020//4020
f 4027//4027 3773//3773 3519//3519
f 4027//4027 3831//3831 3525//3525
f 3777//3777 3549//3549 3507//3507
f 3777//3777 3507//3507 3523//3523
f 3779//3779 3778//3778 3546//3546
f 4028//4028 4029//4029 3534//3534
f 3785//3785 4030//4030 3547//3547
f 3778//3778 3785//3785 3547//3547
f 4029//4029 4031//4031 3536//3536
f 4030//4030 4032//4032 3548//3548
f 4030//4030 3555//3555 4032//4032
f 4031//4031 4033//4033 3538//3538
f 4029//4029 3553//3553 4031//4031
f 4034//4034 3524//3524 3373//3373
f 4034//4034 3373//3373 3550//3550
f 4032//4032 3832//3832 3548//3548
f 4033//4033 4035//4035 3539//3539
f 3553//3553 3554//3554 4033//4033
f 4034//4034 4036//4036 3526//3526
f 4035//4035 4037//4037 3542//3542
f 4036//4036 3780//3780 3527//3527
f 4037//4037 4038//4038 3544//3544
f 3551//3551 4039//4039 3529//3529
f 3780//3780 3551//3551 3529//3529
f 4038//4038 3779//3779 3545//3545
f 4039//4039 4028//4028 3532//3532
f 3551//3551 3552//3552 4039//4039
f 4040//4040 4041//4041 4035//4035
f 4036//4036 3781//3781 3780//3780
f 4041//4041 4042//4042 4037//4037
f 3557//3557 4043//4043 3551//3551
f 3781//3781 3557//3557 3551//3551
f 4042//4042 3783//3783 3779//3779
f 4043//4043 4044//4044 3552//3552
f 3783//3783 3784//3784 3778//3778
f 4044//4044 4045//4045 4028//4028
f 4045//4045 4046//4046 4029//4029
f 4030//4030 3786//3786 3555//3555
f 4030//4030 3560//3560 3786//3786
f 4046//4046 4047//4047 3553//3553
f 4045//4045 3558//3558 4046//4046
f 3787//3787 3550//3550 3367//3367
f 3787//3787 3367//3367 3556//3556
f 3786//3786 3560//3560 3497//3497
f 3786//3786 3497//3497 3555//3555
f 4047//4047 4040//4040 3554//3554
f 3558//3558 3559//3559 4047//4047
f 4034//4034 3782//3782 4036//4036
f 3797//3797 4049//4049 3785//3785
f 3788//3788 3797//3797 3785//3785
f 4048//4048 4050//4050 4045//4045
f 4049//4049 3789//3789 3560//3560
f 4049//4049 3566//3566 3789//3789
f 4050//4050 4052//4052 3558//3558
f 4048//4048 3564//3564 4050//4050
f 4051//4051 3833//3833 3561//3561
f 3789//3789 3566//3566 3503//3503
f 3789//3789 3503//3503 3560//3560
f 4052//4052 4053//4053 3559//3559
f 3564//3564 3565//3565 4052//4052
f 4051//4051 4054//4054 3782//3782
f 4053//4053 4055//4055 4040//4040
f 4054//4054 3790//3790 3781//3781
f 4055//4055 4056//4056 4041//4041
f 3562//3562 4057//4057 3557//3557
f 3790//3790 3562//3562 3557//3557
f 4056//4056 3791//3791 3783//3783
f 4057//4057 4058//4058 4043//4043
f 3791//3791 3788//3788 3784//3784
f 4058//4058 4048//4048 4044//4044
f 4057//4057 3563//3563 4058//4058
f 4054//4054 3793//3793 3790//3790
f 4059//4059 4060//4060 4055//4055
f 3568//3568 4061//4061 3562//3562
f 3793//3793 3568//3568 3562//3562
f 4060//4060 3795//3795 3791//3791
f 4061//4061 4062//4062 4057//4057
f 3795//3795 3796//3796 3788//3788
f 4062//4062 4063//4063 3563//3563
f 4063//4063 4064//4064 4048//4048
f 4049//4049 3798//3798 3566//3566
f 4049//4049 3572//3572 3798//3798
f 4064//4064 4065//4065 3564//3564
f 4063//4063 3569//3569 4064//4064
f 3792//3792 3561//3561 3368//3368
f 3792//3792 3368//3368 3567//3567
f 3798//3798 3572//3572 3504//3504
f 3798//3798 3504//3504 3566//3566
f 4065//4065 3571//3571 3565//3565
f 3569//3569 3570//3570 4065//4065
f 3792//3792 3794//3794 4054//4054
f 3571//3571 4059//4059 4053//4053
f 4066//4066 4068//4068 4063//4063
f 4067//4067 3799//3799 3572//3572
f 3800//3800 4067//4067 4049//4049
f 4067//4067 3578//3578 3799//3799
f 4068//4068 4069//4069 3569//3569
f 4066//4066 3576//3576 4068//4068
f 3801//3801 3567//3567 3369//3369
f 3801//3801 3369//3369 3573//3573
f 3799//3799 3578//3578 3496//3496
f 3799//3799 3496//3496 3572//3572
f 4069//4069 4070//4070 3570//3570
f 3576//3576 3577//3577 4069//4069
f 3792//3792 4071//4071 3794//3794
f 4070//4070 4072//4072 3571//3571
f 4071//4071 3802//3802 3793//3793
f 4072//4072 4073//4073 4059//4059
f 3574//3574 4074//4074 3568//3568
f 3802//3802 3574//3574 3568//3568
f 4073//4073 3803//3803 3795//3795
f 4074//4074 4075//4075 4061//4061
f 3803//3803 3804//3804 3796//3796
f 4075//4075 4066//4066 4062//4062
f 4074//4074 3575//3575 4075//4075
f 3804//3804 3800//3800 3797//3797
f 4076//4076 4077//4077 4072//4072
f 3580//3580 4078//4078 3574//3574
f 3806//3806 3580//3580 3574//3574
f 4077//4077 3807//3807 3803//3803
f 4078//4078 4079//4079 4074//4074
f 3807//3807 3808//3808 3804//3804
f 4079//4079 4080//4080 3575//3575
f 3812//3812 4067//4067 3800//3800
f 3808//3808 3812//3812 3800//3800
f 4080//4080 4081//4081 4066//4066
f 4067//4067 3809//3809 3578//3578
f 4067//4067 3584//3584 3809//3809
f 4081//4081 4083//4083 3576//3576
f 4080//4080 3581//3581 4081//4081
f 4082//4082 4084//4084 3573//3573
f 4082//4082 3834//3834 3579//3579
f 3809//3809 3584//3584 3493//3493
f 3809//3809 3493//3493 3578//3578
f 4083//4083 3583//3583 3577//3577
f 3581//3581 3582//3582 4083//4083
f 4084//4084 3805//3805 4071//4071
f 3583//3583 4076//4076 4070//4070
f 4071//4071 3806//3806 3802//3802
f 4085//4085 3811//3811 3584//3584
f 3812//3812 4085//4085 4067//4067
f 4085//4085 3588//3588 3811//3811
f 4086//4086 4087//4087 3581//3581
f 4096//4096 3586//3586 4086//4086
f 4084//4084 3579//3579 3375//3375
f 4084//4084 3375//3375 3585//3585
f 3811//3811 3588//3588 3492//3492
f 3811//3811 3492//3492 3584//3584
f 4087//4087 4089//4089 3582//3582
f 3586//3586 3587//3587 4087//4087
f 4088//4088 3813//3813 3805//3805
f 4089//4089 4090//4090 3583//3583
f 3805//3805 3814//3814 3806//3806
f 4090//4090 4092//4092 4076//4076
f 4091//4091 4093//4093 3580//3580
f 3814//3814 4091//4091 3580//3580
f 4091//4091 4098//4098 4093//4093
f 4092//4092 4094//4094 3807//3807
f 4093//4093 4095//4095 4078//4078
f 4094//4094 3815//3815 3808//3808
f 4095//4095 4096//4096 4079//4079
f 3815//3815 3810//3810 3812//3812
f 4096//4096 4086//4086 4080//4080
f 3823//3823 3331//3331 4098//4098
f 4097//4097 3816//3816 4094//4094
f 3835//3835 4097//4097 4092//4092
f 3335//3335 3592//3592 4097//4097
f 4098//4098 3836//3836 4093//4093
f 4094//4094 3817//3817 3815//3815
f 3592//3592 3817//3817 4094//4094
f 4099//4099 3818//3818 4095//4095
f 3836//3836 4099//4099 4095//4095
f 3331//3331 3590//3590 4099//4099
f 3810//3810 3826//3826 3812//3812
f 3817//3817 3825//3825 3810//3810
f 3818//3818 3837//3837 4096//4096
f 3590//3590 3332//3332 3837//3837
f 4085//4085 3819//3819 3588//3588
f 3826//3826 3593//3593 3819//3819
f 3837//3837 3838//3838 3586//3586
f 3332//3332 3333//3333 3838//3838
f 3820//3820 3585//3585 3371//3371
f 3820//3820 3371//3371 3589//3589
f 3819//3819 3593//3593 3500//3500
f 3819//3819 3500//3500 3588//3588
f 3838//3838 3839//3839 3587//3587
f 3333//3333 3334//3334 3839//3839
f 4088//4088 3822//3822 3813//3813
f 3589//3589 3828//3828 4088//4088
f 4100//4100 3821//3821 4089//4089
f 3839//3839 4100//4100 4089//4089
f 3334//3334 3591//3591 4100//4100
f 3822//3822 3823//3823 3814//3814
f 3821//3821 3835//3835 4092//4092
f 3591//3591 3335//3335 3821//3821
f 4111//4111 4366//4366 4361//4361
f 4593//4593 4610//4610 4101//4101
f 4365//4365 4107//4107 4610//4610
f 4610//4610 4611//4611 4101//4101
f 4362//4362 4372//4372 4587//4587
f 4372//4372 4373//4373 4587//4587
f 4373//4373 4367//4367 4595//4595
f 4360//4360 4612//4612 4102//4102
f 4611//4611 4108//4108 4360//4360
f 4367//4367 4112//4112 4596//4596
f 4612//4612 4614//4614 4103//4103
f 4108//4108 4109//4109 4612//4612
f 4597//4597 4359//4359 4163//4163
f 4597//4597 4163//4163 4106//4106
f 4613//4613 4594//4594 4363//4363
f 4613//4613 4596//4596 4112//4112
f 4614//4614 4615//4615 4104//4104
f 4109//4109 4110//4110 4614//4614
f 4106//4106 4371//4371 4598//4598
f 4371//4371 4364//4364 4598//4598
f 4110//4110 4111//4111 4615//4615
f 4364//4364 4365//4365 4593//4593
f 4371//4371 4385//4385 4364//4364
f 4385//4385 4368//4368 4365//4365
f 4111//4111 4617//4617 4366//4366
f 4616//4616 4117//4117 4111//4111
f 4365//4365 4618//4618 4107//4107
f 4368//4368 4114//4114 4618//4618
f 4617//4617 4369//4369 4362//4362
f 4618//4618 4619//4619 4107//4107
f 4369//4369 4370//4370 4372//4372
f 4619//4619 4620//4620 4611//4611
f 4370//4370 4367//4367 4373//4373
f 4620//4620 4621//4621 4108//4108
f 4367//4367 4374//4374 4112//4112
f 4367//4367 4118//4118 4374//4374
f 4621//4621 4622//4622 4109//4109
f 4620//4620 4115//4115 4621//4621
f 4375//4375 4106//4106 4140//4140
f 4375//4375 4140//4140 4113//4113
f 4374//4374 4118//4118 4276//4276
f 4374//4374 4276//4276 4112//4112
f 4622//4622 4616//4616 4110//4110
f 4115//4115 4116//4116 4622//4622
f 4113//4113 4384//4384 4371//4371
f 4370//4370 4381//4381 4367//4367
f 4379//4379 4380//4380 4381//4381
f 4623//4623 4624//4624 4620//4620
f 4367//4367 4382//4382 4118//4118
f 4380//4380 4124//4124 4382//4382
f 4624//4624 4625//4625 4115//4115
f 4623//4623 4122//4122 4624//4624
f 4383//4383 4113//4113 4146//4146
f 4383//4383 4146//4146 4119//4119
f 4382//4382 4124//4124 4277//4277
f 4382//4382 4277//4277 4118//4118
f 4625//4625 4626//4626 4116//4116
f 4122//4122 4123//4123 4625//4625
f 4119//4119 4390//4390 4384//4384
f 4390//4390 4376//4376 4384//4384
f 4626//4626 4627//4627 4616//4616
f 4376//4376 4377//4377 4385//4385
f 4627//4627 4628//4628 4117//4117
f 4368//4368 4629//4629 4114//4114
f 4377//4377 4120//4120 4629//4629
f 4628//4628 4378//4378 4369//4369
f 4629//4629 4630//4630 4114//4114
f 4378//4378 4379//4379 4370//4370
f 4630//4630 4623//4623 4619//4619
f 4120//4120 4121//4121 4630//4630
f 4390//4390 4401//4401 4376//4376
f 4401//4401 4386//4386 4377//4377
f 4631//4631 4632//4632 4627//4627
f 4377//4377 4633//4633 4120//4120
f 4386//4386 4126//4126 4633//4633
f 4632//4632 4387//4387 4378//4378
f 4633//4633 4634//4634 4120//4120
f 4387//4387 4388//4388 4379//4379
f 4634//4634 4635//4635 4121//4121
f 4388//4388 4389//4389 4380//4380
f 4635//4635 4636//4636 4623//4623
f 4380//4380 4391//4391 4124//4124
f 4389//4389 4130//4130 4391//4391
f 4636//4636 4637//4637 4122//4122
f 4635//4635 4127//4127 4636//4636
f 4392//4392 4119//4119 4147//4147
f 4392//4392 4147//4147 4125//4125
f 4391//4391 4130//4130 4258//4258
f 4391//4391 4258//4258 4124//4124
f 4637//4637 4129//4129 4123//4123
f 4127//4127 4128//4128 4637//4637
f 4125//4125 4400//4400 4390//4390
f 4129//4129 4631//4631 4626//4626
f 4638//4638 4639//4639 4635//4635
f 4389//4389 4398//4398 4130//4130
f 4397//4397 4136//4136 4398//4398
f 4639//4639 4640//4640 4127//4127
f 4638//4638 4134//4134 4639//4639
f 4399//4399 4125//4125 4148//4148
f 4399//4399 4148//4148 4131//4131
f 4398//4398 4136//4136 4249//4249
f 4398//4398 4249//4249 4130//4130
f 4640//4640 4641//4641 4128//4128
f 4134//4134 4135//4135 4640//4640
f 4131//4131 4408//4408 4400//4400
f 4641//4641 4642//4642 4129//4129
f 4400//4400 4393//4393 4401//4401
f 4393//4393 4394//4394 4401//4401
f 4642//4642 4643//4643 4631//4631
f 4386//4386 4644//4644 4126//4126
f 4394//4394 4132//4132 4644//4644
f 4643//4643 4395//4395 4387//4387
f 4644//4644 4645//4645 4126//4126
f 4395//4395 4396//4396 4388//4388
f 4645//4645 4638//4638 4634//4634
f 4132//4132 4133//4133 4645//4645
f 4396//4396 4397//4397 4389//4389
f 4646//4646 4647//4647 4642//4642
f 4394//4394 4648//4648 4132//4132
f 4402//4402 4165//4165 4648//4648
f 4647//4647 4403//4403 4395//4395
f 4648//4648 4649//4649 4132//4132
f 4403//4403 4404//4404 4396//4396
f 4649//4649 4650//4650 4133//4133
f 4404//4404 4405//4405 4397//4397
f 4650//4650 4651//4651 4638//4638
f 4397//4397 4406//4406 4136//4136
f 4405//4405 4169//4169 4406//4406
f 4651//4651 4652//4652 4134//4134
f 4650//4650 4166//4166 4651//4651
f 4407//4407 4131//4131 4149//4149
f 4407//4407 4149//4149 4164//4164
f 4406//4406 4169//4169 4272//4272
f 4406//4406 4272//4272 4136//4136
f 4652//4652 4168//4168 4135//4135
f 4166//4166 4167//4167 4652//4652
f 4164//4164 4415//4415 4408//4408
f 4168//4168 4646//4646 4641//4641
f 4408//4408 4416//4416 4393//4393
f 4416//4416 4402//4402 4394//4394
f 4405//4405 4413//4413 4169//4169
f 4412//4412 4174//4174 4413//4413
f 4653//4653 4654//4654 4166//4166
f 4660//4660 4172//4172 4653//4653
f 4414//4414 4164//4164 4150//4150
f 4414//4414 4150//4150 4170//4170
f 4413//4413 4174//4174 4265//4265
f 4413//4413 4265//4265 4169//4169
f 4654//4654 4655//4655 4167//4167
f 4172//4172 4173//4173 4654//4654
f 4170//4170 4423//4423 4415//4415
f 4655//4655 4656//4656 4168//4168
f 4415//4415 4424//4424 4416//4416
f 4424//4424 4409//4409 4416//4416
f 4656//4656 4657//4657 4646//4646
f 4402//4402 4658//4658 4165//4165
f 4409//4409 4171//4171 4658//4658
f 4657//4657 4410//4410 4403//4403
f 4658//4658 4659//4659 4165//4165
f 4410//4410 4411//4411 4404//4404
f 4659//4659 4660//4660 4649//4649
f 4411//4411 4412//4412 4405//4405
f 4660//4660 4653//4653 4650//4650
f 4661//4661 4418//4418 4410//4410
f 4662//4662 4663//4663 4171//4171
f 4418//4418 4419//4419 4411//4411
f 4663//4663 4664//4664 4659//4659
f 4419//4419 4420//4420 4412//4412
f 4664//4664 4665//4665 4660//4660
f 4412//4412 4421//4421 4174//4174
f 4420//4420 4180//4180 4421//4421
f 4665//4665 4666//4666 4172//4172
f 4664//4664 4177//4177 4665//4665
f 4422//4422 4170//4170 4151//4151
f 4422//4422 4151//4151 4175//4175
f 4421//4421 4180//4180 4259//4259
f 4421//4421 4259//4259 4174//4174
f 4666//4666 4667//4667 4173//4173
f 4177//4177 4178//4178 4666//4666
f 4175//4175 4431//4431 4423//4423
f 4667//4667 4668//4668 4655//4655
f 4423//4423 4432//4432 4424//4424
f 4432//4432 4417//4417 4424//4424
f 4668//4668 4661//4661 4657//4657
f 4667//4667 4179//4179 4668//4668
f 4409//4409 4662//4662 4171//4171
f 4417//4417 4176//4176 4662//4662
f 4429//4429 4175//4175 4154//4154
f 4429//4429 4154//4154 4181//4181
f 4430//4430 4185//4185 4262//4262
f 4430//4430 4262//4262 4180//4180
f 4669//4669 4670//4670 4178//4178
f 4183//4183 4184//4184 4669//4669
f 4181//4181 4440//4440 4431//4431
f 4670//4670 4671//4671 4667//4667
f 4431//4431 4441//4441 4432//4432
f 4441//4441 4425//4425 4432//4432
f 4671//4671 4672//4672 4179//4179
f 4417//4417 4673//4673 4176//4176
f 4425//4425 4182//4182 4673//4673
f 4672//4672 4426//4426 4418//4418
f 4673//4673 4674//4674 4176//4176
f 4426//4426 4427//4427 4419//4419
f 4674//4674 4675//4675 4663//4663
f 4427//4427 4428//4428 4420//4420
f 4675//4675 4676//4676 4664//4664
f 4420//4420 4430//4430 4180//4180
f 4428//4428 4185//4185 4430//4430
f 4676//4676 4669//4669 4177//4177
f 4675//4675 4183//4183 4676//4676
f 4677//4677 4678//4678 4182//4182
f 4435//4435 4436//4436 4427//4427
f 4678//4678 4679//4679 4674//4674
f 4436//4436 4437//4437 4428//4428
f 4679//4679 4680//4680 4675//4675
f 4428//4428 4438//4438 4185//4185
f 4437//4437 4190//4190 4438//4438
f 4680//4680 4681//4681 4183//4183
f 4679//4679 4188//4188 4680//4680
f 4439//4439 4181//4181 4153//4153
f 4439//4439 4153//4153 4186//4186
f 4438//4438 4190//4190 4263//4263
f 4438//4438 4263//4263 4185//4185
f 4681//4681 4682//4682 4184//4184
f 4188//4188 4189//4189 4681//4681
f 4186//4186 4446//4446 4440//4440
f 4446//4446 4433//4433 4440//4440
f 4682//4682 4683//4683 4670//4670
f 4433//4433 4434//4434 4441//4441
f 4683//4683 4684//4684 4671//4671
f 4425//4425 4677//4677 4182//4182
f 4434//4434 4187//4187 4677//4677
f 4684//4684 4435//4435 4426//4426
f 4685//4685 4686//4686 4189//4189
f 4194//4194 4195//4195 4685//4685
f 4191//4191 4454//4454 4446//4446
f 4454//4454 4455//4455 4446//4446
f 4686//4686 4687//4687 4682//4682
f 4455//4455 4192//4192 4434//4434
f 4687//4687 4688//4688 4683//4683
f 4434//4434 4689//4689 4187//4187
f 4192//4192 4442//4442 4434//4434
f 4442//4442 4193//4193 4689//4689
f 4688//4688 4443//4443 4435//4435
f 4689//4689 4690//4690 4187//4187
f 4443//4443 4444//4444 4436//4436
f 4690//4690 4691//4691 4678//4678
f 4444//4444 4445//4445 4437//4437
f 4691//4691 4692//4692 4679//4679
f 4437//4437 4447//4447 4190//4190
f 4445//4445 4196//4196 4447//4447
f 4692//4692 4685//4685 4188//4188
f 4691//4691 4194//4194 4692//4692
f 4693//4693 4446//4446 4186//4186
f 4693//4693 4599//4599 4191//4191
f 4447//4447 4196//4196 4264//4264
f 4447//4447 4264//4264 4190//4190
f 4449//4449 4450//4450 4444//4444
f 4694//4694 4695//4695 4690//4690
f 4450//4450 4451//4451 4445//4445
f 4695//4695 4696//4696 4691//4691
f 4445//4445 4452//4452 4196//4196
f 4451//4451 4202//4202 4452//4452
f 4696//4696 4697//4697 4194//4194
f 4695//4695 4200//4200 4696//4696
f 4453//4453 4191//4191 4162//4162
f 4453//4453 4162//4162 4197//4197
f 4452//4452 4202//4202 4250//4250
f 4452//4452 4250//4250 4196//4196
f 4697//4697 4698//4698 4195//4195
f 4200//4200 4201//4201 4697//4697
f 4197//4197 4460//4460 4454//4454
f 4460//4460 4448//4448 4454//4454
f 4698//4698 4699//4699 4686//4686
f 4448//4448 4198//4198 4455//4455
f 4699//4699 4700//4700 4687//4687
f 4442//4442 4701//4701 4193//4193
f 4442//4442 4199//4199 4701//4701
f 4700//4700 4449//4449 4443//4443
f 4701//4701 4694//4694 4193//4193
f 4203//4203 4468//4468 4460//4460
f 4468//4468 4469//4469 4460//4460
f 4702//4702 4703//4703 4698//4698
f 4469//4469 4204//4204 4198//4198
f 4703//4703 4704//4704 4699//4699
f 4442//4442 4705//4705 4199//4199
f 4204//4204 4456//4456 4442//4442
f 4456//4456 4205//4205 4705//4705
f 4704//4704 4457//4457 4449//4449
f 4705//4705 4706//4706 4199//4199
f 4457//4457 4458//4458 4450//4450
f 4706//4706 4707//4707 4694//4694
f 4458//4458 4459//4459 4451//4451
f 4707//4707 4708//4708 4695//4695
f 4451//4451 4461//4461 4202//4202
f 4459//4459 4208//4208 4461//4461
f 4708//4708 4710//4710 4200//4200
f 4707//4707 4206//4206 4708//4708
f 4709//4709 4460//4460 4197//4197
f 4709//4709 4600//4600 4203//4203
f 4461//4461 4208//4208 4274//4274
f 4461//4461 4274//4274 4202//4202
f 4710//4710 4702//4702 4201//4201
f 4206//4206 4207//4207 4710//4710
f 4711//4711 4712//4712 4706//4706
f 4464//4464 4465//4465 4459//4459
f 4712//4712 4713//4713 4707//4707
f 4459//4459 4466//4466 4208//4208
f 4465//4465 4214//4214 4466//4466
f 4713//4713 4714//4714 4206//4206
f 4712//4712 4212//4212 4713//4713
f 4467//4467 4203//4203 4155//4155
f 4467//4467 4155//4155 4209//4209
f 4466//4466 4214//4214 4261//4261
f 4466//4466 4261//4261 4208//4208
f 4714//4714 4715//4715 4207//4207
f 4212//4212 4213//4213 4714//4714
f 4209//4209 4474//4474 4468//4468
f 4474//4474 4462//4462 4468//4468
f 4715//4715 4716//4716 4702//4702
f 4462//4462 4210//4210 4469//4469
f 4716//4716 4717//4717 4703//4703
f 4456//4456 4718//4718 4205//4205
f 4456//4456 4211//4211 4718//4718
f 4717//4717 4463//4463 4457//4457
f 4718//4718 4711//4711 4205//4205
f 4463//4463 4464//4464 4458//4458
f 4719//4719 4720//4720 4715//4715
f 4474//4474 4485//4485 4462//4462
f 4485//4485 4470//4470 4210//4210
f 4720//4720 4721//4721 4716//4716
f 4456//4456 4722//4722 4211//4211
f 4470//4470 4216//4216 4722//4722
f 4721//4721 4471//4471 4463//4463
f 4722//4722 4723//4723 4211//4211
f 4471//4471 4472//4472 4464//4464
f 4723//4723 4724//4724 4711//4711
f 4472//4472 4473//4473 4465//4465
f 4724//4724 4725//4725 4712//4712
f 4465//4465 4475//4475 4214//4214
f 4473//4473 4219//4219 4475//4475
f 4725//4725 4726//4726 4212//4212
f 4724//4724 4217//4217 4725//4725
f 4476//4476 4209//4209 4156//4156
f 4476//4476 4156//4156 4215//4215
f 4475//4475 4219//4219 4260//4260
f 4475//4475 4260//4260 4214//4214
f 4726//4726 4719//4719 4213//4213
f 4217//4217 4218//4218 4726//4726
f 4215//4215 4484//4484 4474//4474
f 4480//4480 4481//4481 4473//4473
f 4727//4727 4728//4728 4724//4724
f 4473//4473 4482//4482 4219//4219
f 4481//4481 4225//4225 4482//4482
f 4728//4728 4729//4729 4217//4217
f 4727//4727 4223//4223 4728//4728
f 4483//4483 4215//4215 4157//4157
f 4483//4483 4157//4157 4220//4220
f 4482//4482 4225//4225 4266//4266
f 4482//4482 4266//4266 4219//4219
f 4729//4729 4730//4730 4218//4218
f 4223//4223 4224//4224 4729//4729
f 4220//4220 4492//4492 4484//4484
f 4730//4730 4731//4731 4719//4719
f 4484//4484 4477//4477 4485//4485
f 4477//4477 4478//4478 4485//4485
f 4731//4731 4732//4732 4720//4720
f 4470//4470 4733//4733 4216//4216
f 4478//4478 4221//4221 4733//4733
f 4732//4732 4479//4479 4471//4471
f 4733//4733 4734//4734 4216//4216
f 4479//4479 4480//4480 4472//4472
f 4734//4734 4727//4727 4723//4723
f 4221//4221 4222//4222 4734//4734
f 4735//4735 4736//4736 4731//4731
f 4478//4478 4737//4737 4221//4221
f 4486//4486 4227//4227 4737//4737
f 4736//4736 4487//4487 4479//4479
f 4737//4737 4738//4738 4221//4221
f 4487//4487 4488//4488 4480//4480
f 4738//4738 4739//4739 4222//4222
f 4488//4488 4489//4489 4481//4481
f 4739//4739 4740//4740 4727//4727
f 4481//4481 4490//4490 4225//4225
f 4489//4489 4231//4231 4490//4490
f 4740//4740 4741//4741 4223//4223
f 4739//4739 4228//4228 4740//4740
f 4491//4491 4220//4220 4158//4158
f 4491//4491 4158//4158 4226//4226
f 4490//4490 4231//4231 4248//4248
f 4490//4490 4248//4248 4225//4225
f 4741//4741 4230//4230 4224//4224
f 4228//4228 4229//4229 4741//4741
f 4226//4226 4500//4500 4492//4492
f 4230//4230 4735//4735 4730//4730
f 4492//4492 4501//4501 4477//4477
f 4501//4501 4486//4486 4478//4478
f 4489//4489 4498//4498 4231//4231
f 4497//4497 4236//4236 4498//4498
f 4742//4742 4743//4743 4228//4228
f 4749//4749 4234//4234 4742//4742
f 4499//4499 4226//4226 4159//4159
f 4499//4499 4159//4159 4232//4232
f 4498//4498 4236//4236 4268//4268
f 4498//4498 4268//4268 4231//4231
f 4743//4743 4744//4744 4229//4229
f 4234//4234 4235//4235 4743//4743
f 4232//4232 4508//4508 4500//4500
f 4744//4744 4745//4745 4230//4230
f 4500//4500 4493//4493 4501//4501
f 4493//4493 4494//4494 4501//4501
f 4745//4745 4746//4746 4735//4735
f 4486//4486 4747//4747 4227//4227
f 4494//4494 4233//4233 4747//4747
f 4746//4746 4495//4495 4487//4487
f 4747//4747 4748//4748 4227//4227
f 4495//4495 4496//4496 4488//4488
f 4748//4748 4749//4749 4738//4738
f 4496//4496 4497//4497 4489//4489
f 4749//4749 4742//4742 4739//4739
f 4494//4494 4751//4751 4233//4233
f 4502//4502 4238//4238 4751//4751
f 4750//4750 4503//4503 4495//4495
f 4751//4751 4752//4752 4233//4233
f 4503//4503 4504//4504 4496//4496
f 4752//4752 4753//4753 4748//4748
f 4504//4504 4505//4505 4497//4497
f 4753//4753 4754//4754 4749//4749
f 4497//4497 4506//4506 4236//4236
f 4505//4505 4242//4242 4506//4506
f 4754//4754 4755//4755 4234//4234
f 4753//4753 4239//4239 4754//4754
f 4507//4507 4232//4232 4160//4160
f 4507//4507 4160//4160 4237//4237
f 4506//4506 4242//4242 4269//4269
f 4506//4506 4269//4269 4236//4236
f 4755//4755 4756//4756 4235//4235
f 4239//4239 4240//4240 4755//4755
f 4237//4237 4515//4515 4508//4508
f 4756//4756 4757//4757 4744//4744
f 4508//4508 4516//4516 4493//4493
f 4516//4516 4502//4502 4494//4494
f 4757//4757 4750//4750 4746//4746
f 4756//4756 4241//4241 4757//4757
f 4758//4758 4759//4759 4239//4239
f 4765//4765 4245//4245 4758//4758
f 4513//4513 4237//4237 4161//4161
f 4513//4513 4161//4161 4243//4243
f 4514//4514 4247//4247 4270//4270
f 4514//4514 4270//4270 4242//4242
f 4759//4759 4760//4760 4240//4240
f 4245//4245 4246//4246 4759//4759
f 4243//4243 4523//4523 4515//4515
f 4760//4760 4761//4761 4756//4756
f 4515//4515 4524//4524 4516//4516
f 4524//4524 4509//4509 4516//4516
f 4761//4761 4762//4762 4241//4241
f 4502//4502 4763//4763 4238//4238
f 4509//4509 4244//4244 4763//4763
f 4762//4762 4510//4510 4503//4503
f 4763//4763 4764//4764 4238//4238
f 4510//4510 4511//4511 4504//4504
f 4764//4764 4765//4765 4752//4752
f 4511//4511 4512//4512 4505//4505
f 4765//4765 4758//4758 4753//4753
f 4505//4505 4514//4514 4242//4242
f 4512//4512 4247//4247 4514//4514
f 4766//4766 4518//4518 4510//4510
f 4767//4767 4768//4768 4244//4244
f 4518//4518 4519//4519 4511//4511
f 4768//4768 4769//4769 4764//4764
f 4519//4519 4520//4520 4512//4512
f 4769//4769 4770//4770 4765//4765
f 4512//4512 4521//4521 4247//4247
f 4520//4520 4283//4283 4521//4521
f 4770//4770 4771//4771 4245//4245
f 4769//4769 4280//4280 4770//4770
f 4522//4522 4243//4243 4145//4145
f 4522//4522 4145//4145 4278//4278
f 4521//4521 4283//4283 4271//4271
f 4521//4521 4271//4271 4247//4247
f 4771//4771 4772//4772 4246//4246
f 4280//4280 4281//4281 4771//4771
f 4278//4278 4531//4531 4523//4523
f 4772//4772 4773//4773 4760//4760
f 4523//4523 4532//4532 4524//4524
f 4532//4532 4517//4517 4524//4524
f 4773//4773 4766//4766 4762//4762
f 4772//4772 4282//4282 4773//4773
f 4509//4509 4767//4767 4244//4244
f 4517//4517 4279//4279 4767//4767
f 4529//4529 4278//4278 4152//4152
f 4529//4529 4152//4152 4284//4284
f 4530//4530 4288//4288 4267//4267
f 4530//4530 4267//4267 4283//4283
f 4774//4774 4775//4775 4281//4281
f 4286//4286 4287//4287 4774//4774
f 4284//4284 4539//4539 4531//4531
f 4775//4775 4776//4776 4772//4772
f 4531//4531 4540//4540 4532//4532
f 4540//4540 4525//4525 4532//4532
f 4776//4776 4777//4777 4282//4282
f 4517//4517 4778//4778 4279//4279
f 4525//4525 4285//4285 4778//4778
f 4777//4777 4526//4526 4518//4518
f 4778//4778 4779//4779 4279//4279
f 4526//4526 4527//4527 4519//4519
f 4779//4779 4780//4780 4768//4768
f 4527//4527 4528//4528 4520//4520
f 4780//4780 4781//4781 4769//4769
f 4520//4520 4530//4530 4283//4283
f 4528//4528 4288//4288 4530//4530
f 4781//4781 4774//4774 4280//4280
f 4780//4780 4286//4286 4781//4781
f 4782//4782 4783//4783 4285//4285
f 4536//4536 4545//4545 4526//4526
f 4545//4545 4546//4546 4527//4527
f 4783//4783 4784//4784 4779//4779
f 4546//4546 4535//4535 4528//4528
f 4784//4784 4785//4785 4780//4780
f 4528//4528 4537//4537 4288//4288
f 4535//4535 4293//4293 4537//4537
f 4785//4785 4786//4786 4286//4286
f 4784//4784 4291//4291 4785//4785
f 4538//4538 4284//4284 4144//4144
f 4538//4538 4144//4144 4289//4289
f 4537//4537 4293//4293 4273//4273
f 4537//4537 4273//4273 4288//4288
f 4786//4786 4787//4787 4287//4287
f 4291//4291 4292//4292 4786//4786
f 4289//4289 4543//4543 4539//4539
f 4543//4543 4533//4533 4539//4539
f 4787//4787 4788//4788 4775//4775
f 4533//4533 4534//4534 4540//4540
f 4788//4788 4789//4789 4776//4776
f 4525//4525 4782//4782 4285//4285
f 4534//4534 4290//4290 4782//4782
f 4789//4789 4536//4536 4526//4526
f 4790//4790 4791//4791 4292//4292
f 4308//4308 4309//4309 4791//4791
f 4295//4295 4296//4296 4543//4543
f 4791//4791 4792//4792 4787//4787
f 4309//4309 4312//4312 4792//4792
f 4296//4296 4541//4541 4533//4533
f 4541//4541 4298//4298 4534//4534
f 4792//4792 4544//4544 4788//4788
f 4312//4312 4313//4313 4544//4544
f 4534//4534 4793//4793 4290//4290
f 4298//4298 4299//4299 4793//4793
f 4313//4313 4315//4315 4544//4544
f 4793//4793 4794//4794 4290//4290
f 4299//4299 4301//4301 4794//4794
f 4315//4315 4316//4316 4545//4545
f 4794//4794 4795//4795 4783//4783
f 4301//4301 4303//4303 4795//4795
f 4316//4316 4317//4317 4546//4546
f 4795//4795 4796//4796 4784//4784
f 4303//4303 4306//4306 4796//4796
f 4535//4535 4547//4547 4293//4293
f 4317//4317 4542//4542 4535//4535
f 4542//4542 4318//4318 4547//4547
f 4796//4796 4790//4790 4291//4291
f 4306//4306 4308//4308 4790//4790
f 4797//4797 4543//4543 4289//4289
f 4797//4797 4601//4601 4295//4295
f 4547//4547 4318//4318 4275//4275
f 4547//4547 4275//4275 4293//4293
f 4549//4549 4548//4548 4316//4316
f 4798//4798 4799//4799 4304//4304
f 4555//4555 4800//4800 4317//4317
f 4548//4548 4555//4555 4317//4317
f 4799//4799 4801//4801 4305//4305
f 4800//4800 4802//4802 4319//4319
f 4800//4800 4325//4325 4802//4802
f 4801//4801 4803//4803 4307//4307
f 4799//4799 4323//4323 4801//4801
f 4804//4804 4294//4294 4137//4137
f 4804//4804 4137//4137 4320//4320
f 4802//4802 4602//4602 4319//4319
f 4803//4803 4805//4805 4310//4310
f 4323//4323 4324//4324 4803//4803
f 4804//4804 4806//4806 4296//4296
f 4805//4805 4807//4807 4311//4311
f 4806//4806 4550//4550 4297//4297
f 4807//4807 4808//4808 4314//4314
f 4321//4321 4809//4809 4300//4300
f 4550//4550 4321//4321 4300//4300
f 4808//4808 4549//4549 4315//4315
f 4809//4809 4798//4798 4302//4302
f 4321//4321 4322//4322 4809//4809
f 4810//4810 4811//4811 4805//4805
f 4806//4806 4551//4551 4550//4550
f 4811//4811 4812//4812 4807//4807
f 4327//4327 4813//4813 4321//4321
f 4551//4551 4327//4327 4321//4321
f 4812//4812 4553//4553 4549//4549
f 4813//4813 4814//4814 4322//4322
f 4553//4553 4554//4554 4548//4548
f 4814//4814 4815//4815 4798//4798
f 4815//4815 4816//4816 4799//4799
f 4800//4800 4556//4556 4325//4325
f 4800//4800 4330//4330 4556//4556
f 4816//4816 4817//4817 4323//4323
f 4815//4815 4328//4328 4816//4816
f 4557//4557 4320//4320 4138//4138
f 4557//4557 4138//4138 4326//4326
f 4556//4556 4330//4330 4257//4257
f 4556//4556 4257//4257 4325//4325
f 4817//4817 4810//4810 4324//4324
f 4328//4328 4329//4329 4817//4817
f 4804//4804 4552//4552 4806//4806
f 4567//4567 4819//4819 4555//4555
f 4558//4558 4567//4567 4555//4555
f 4818//4818 4820//4820 4815//4815
f 4819//4819 4559//4559 4330//4330
f 4819//4819 4336//4336 4559//4559
f 4820//4820 4822//4822 4328//4328
f 4818//4818 4334//4334 4820//4820
f 4821//4821 4603//4603 4331//4331
f 4559//4559 4336//4336 4251//4251
f 4559//4559 4251//4251 4330//4330
f 4822//4822 4823//4823 4329//4329
f 4334//4334 4335//4335 4822//4822
f 4821//4821 4824//4824 4552//4552
f 4823//4823 4825//4825 4810//4810
f 4824//4824 4560//4560 4551//4551
f 4825//4825 4826//4826 4811//4811
f 4332//4332 4827//4827 4327//4327
f 4560//4560 4332//4332 4327//4327
f 4826//4826 4561//4561 4553//4553
f 4827//4827 4828//4828 4813//4813
f 4561//4561 4558//4558 4554//4554
f 4828//4828 4818//4818 4814//4814
f 4827//4827 4333//4333 4828//4828
f 4824//4824 4563//4563 4560//4560
f 4829//4829 4830//4830 4825//4825
f 4338//4338 4831//4831 4332//4332
f 4563//4563 4338//4338 4332//4332
f 4830//4830 4565//4565 4561//4561
f 4831//4831 4832//4832 4827//4827
f 4565//4565 4566//4566 4558//4558
f 4832//4832 4833//4833 4333//4333
f 4833//4833 4834//4834 4818//4818
f 4819//4819 4568//4568 4336//4336
f 4819//4819 4342//4342 4568//4568
f 4834//4834 4835//4835 4334//4334
f 4833//4833 4339//4339 4834//4834
f 4562//4562 4331//4331 4139//4139
f 4562//4562 4139//4139 4337//4337
f 4568//4568 4342//4342 4252//4252
f 4568//4568 4252//4252 4336//4336
f 4835//4835 4341//4341 4335//4335
f 4339//4339 4340//4340 4835//4835
f 4562//4562 4564//4564 4824//4824
f 4341//4341 4829//4829 4823//4823
f 4836//4836 4838//4838 4833//4833
f 4837//4837 4569//4569 4342//4342
f 4570//4570 4837//4837 4819//4819
f 4837//4837 4348//4348 4569//4569
f 4838//4838 4839//4839 4339//4339
f 4836//4836 4346//4346 4838//4838
f 4571//4571 4337//4337 4143//4143
f 4571//4571 4143//4143 4343//4343
f 4569//4569 4348//4348 4253//4253
f 4569//4569 4253//4253 4342//4342
f 4839//4839 4840//4840 4340//4340
f 4346//4346 4347//4347 4839//4839
f 4562//4562 4841//4841 4564//4564
f 4840//4840 4842//4842 4341//4341
f 4841//4841 4572//4572 4563//4563
f 4842//4842 4843//4843 4829//4829
f 4344//4344 4844//4844 4338//4338
f 4572//4572 4344//4344 4338//4338
f 4843//4843 4573//4573 4565//4565
f 4844//4844 4845//4845 4831//4831
f 4573//4573 4574//4574 4566//4566
f 4845//4845 4836//4836 4832//4832
f 4844//4844 4345//4345 4845//4845
f 4574//4574 4570//4570 4567//4567
f 4846//4846 4847//4847 4842//4842
f 4350//4350 4848//4848 4344//4344
f 4576//4576 4350//4350 4344//4344
f 4847//4847 4577//4577 4573//4573
f 4848//4848 4849//4849 4844//4844
f 4577//4577 4578//4578 4574//4574
f 4849//4849 4850//4850 4345//4345
f 4582//4582 4837//4837 4570//4570
f 4578//4578 4582//4582 4570//4570
f 4850//4850 4851//4851 4836//4836
f 4837//4837 4579//4579 4348//4348
f 4837//4837 4354//4354 4579//4579
f 4851//4851 4853//4853 4346//4346
f 4850//4850 4351//4351 4851//4851
f 4852//4852 4854//4854 4343//4343
f 4852//4852 4604//4604 4349//4349
f 4579//4579 4354//4354 4254//4254
f 4579//4579 4254//4254 4348//4348
f 4853//4853 4353//4353 4347//4347
f 4351//4351 4352//4352 4853//4853
f 4854//4854 4575//4575 4841//4841
f 4353//4353 4846//4846 4840//4840
f 4841//4841 4576//4576 4572//4572
f 4855//4855 4581//4581 4354//4354
f 4582//4582 4855//4855 4837//4837
f 4855//4855 4358//4358 4581//4581
f 4856//4856 4857//4857 4351//4351
f 4866//4866 4356//4356 4856//4856
f 4854//4854 4349//4349 4141//4141
f 4854//4854 4141//4141 4355//4355
f 4581//4581 4358//4358 4255//4255
f 4581//4581 4255//4255 4354//4354
f 4857//4857 4859//4859 4352//4352
f 4356//4356 4357//4357 4857//4857
f 4858//4858 4583//4583 4575//4575
f 4859//4859 4860//4860 4353//4353
f 4575//4575 4584//4584 4576//4576
f 4860//4860 4862//4862 4846//4846
f 4861//4861 4863//4863 4350//4350
f 4584//4584 4861//4861 4350//4350
f 4861//4861 4868//4868 4863//4863
f 4862//4862 4864//4864 4577//4577
f 4863//4863 4865//4865 4848//4848
f 4864//4864 4585//4585 4578//4578
f 4865//4865 4866//4866 4849//4849
f 4585//4585 4580//4580 4582//4582
f 4866//4866 4856//4856 4850//4850
f 4593//4593 4101//4101 4868//4868
f 4867//4867 4586//4586 4864//4864
f 4605//4605 4867//4867 4862//4862
f 4105//4105 4362//4362 4867//4867
f 4868//4868 4606//4606 4863//4863
f 4864//4864 4587//4587 4585//4585
f 4362//4362 4587//4587 4864//4864
f 4869//4869 4588//4588 4865//4865
f 4606//4606 4869//4869 4865//4865
f 4101//4101 4360//4360 4869//4869
f 4580//4580 4596//4596 4582//4582
f 4587//4587 4595//4595 4580//4580
f 4588//4588 4607//4607 4866//4866
f 4360//4360 4102//4102 4607//4607
f 4855//4855 4589//4589 4358//4358
f 4596//4596 4363//4363 4589//4589
f 4607//4607 4608//4608 4356//4356
f 4102//4102 4103//4103 4608//4608
f 4590//4590 4355//4355 4142//4142
f 4590//4590 4142//4142 4359//4359
f 4589//4589 4363//4363 4256//4256
f 4589//4589 4256//4256 4358//4358
f 4608//4608 4609//4609 4357//4357
f 4103//4103 4104//4104 4609//4609
f 4858//4858 4592//4592 4583//4583
f 4359//4359 4598//4598 4858//4858
f 4870//4870 4591//4591 4859//4859
f 4609//4609 4870//4870 4859//4859
f 4104//4104 4361//4361 4870//4870
f 4592//4592 4593//4593 4584//4584
f 4591//4591 4605//4605 4862//4862
f 4361//4361 4105//4105 4591//4591
f 4881//4881 5134//5134 5129//5129
f 5367//5367 5384//5384 4871//4871
f 5133//5133 4877//4877 5384//5384
f 5384//5384 5385//5385 4871//4871
f 5130//5130 5140//5140 5361//5361
f 5140//5140 5141//5141 5361//5361
f 5141//5141 5135//5135 5369//5369
f 5128//5128 5386//5386 4872//4872
f 5385//5385 4878//4878 5128//5128
f 5135//5135 4882//4882 5370//5370
f 5386//5386 5388//5388 4873//4873
f 4878//4878 4879//4879 5386//5386
f 5371//5371 5127//5127 4920//4920
f 5371//5371 4920//4920 4876//4876
f 5387//5387 5368//5368 5131//5131
f 5387//5387 5370//5370 4882//4882
f 5388//5388 5389//5389 4874//4874
f 4879//4879 4880//4880 5388//5388
f 4876//4876 5139//5139 5372//5372
f 5139//5139 5132//5132 5372//5372
f 4880//4880 4881//4881 5389//5389
f 5132//5132 5133//5133 5367//5367
f 5139//5139 5153//5153 5132//5132
f 5153//5153 5136//5136 5133//5133
f 4881//4881 5391//5391 5134//5134
f 5390//5390 4887//4887 4881//4881
f 5133//5133 5392//5392 4877//4877
f 5136//5136 4884//4884 5392//5392
f 5391//5391 5137//5137 5130//5130
f 5392//5392 5393//5393 4877//4877
f 5137//5137 5138//5138 5140//5140
f 5393//5393 5394//5394 5385//5385
f 5138//5138 5135//5135 5141//5141
f 5394//5394 5395//5395 4878//4878
f 5135//5135 5142//5142 4882//4882
f 5135//5135 4888//4888 5142//5142
f 5395//5395 5396//5396 4879//4879
f 5394//5394 4885//4885 5395//5395
f 5143//5143 4876//4876 4917//4917
f 5143//5143 4917//4917 4883//4883
f 5142//5142 4888//4888 5019//5019
f 5142//5142 5019//5019 4882//4882
f 5396//5396 5390//5390 4880//4880
f 4885//4885 4886//4886 5396//5396
f 4883//4883 5152//5152 5139//5139
f 5138//5138 5149//5149 5135//5135
f 5147//5147 5148//5148 5149//5149
f 5397//5397 5398//5398 5394//5394
f 5135//5135 5150//5150 4888//4888
f 5148//5148 4894//4894 5150//5150
f 5398//5398 5399//5399 4885//4885
f 5397//5397 4892//4892 5398//5398
f 5151//5151 4883//4883 4916//4916
f 5151//5151 4916//4916 4889//4889
f 5150//5150 4894//4894 5036//5036
f 5150//5150 5036//5036 4888//4888
f 5399//5399 5400//5400 4886//4886
f 4892//4892 4893//4893 5399//5399
f 4889//4889 5158//5158 5152//5152
f 5158//5158 5144//5144 5152//5152
f 5400//5400 5401//5401 5390//5390
f 5144//5144 5145//5145 5153//5153
f 5401//5401 5402//5402 4887//4887
f 5136//5136 5403//5403 4884//4884
f 5145//5145 4890//4890 5403//5403
f 5402//5402 5146//5146 5137//5137
f 5403//5403 5404//5404 4884//4884
f 5146//5146 5147//5147 5138//5138
f 5404//5404 5397//5397 5393//5393
f 4890//4890 4891//4891 5404//5404
f 5158//5158 5169//5169 5144//5144
f 5169//5169 5154//5154 5145//5145
f 5405//5405 5406//5406 5401//5401
f 5145//5145 5407//5407 4890//4890
f 5154//5154 4896//4896 5407//5407
f 5406//5406 5155//5155 5146//5146
f 5407//5407 5408//5408 4890//4890
f 5155//5155 5156//5156 5147//5147
f 5408//5408 5409//5409 4891//4891
f 5156//5156 5157//5157 5148//5148
f 5409//5409 5410//5410 5397//5397
f 5148//5148 5159//5159 4894//4894
f 5157//5157 4900//4900 5159//5159
f 5410//5410 5411//5411 4892//4892
f 5409//5409 4897//4897 5410//5410
f 5160//5160 4889//4889 4925//4925
f 5160//5160 4925//4925 4895//4895
f 5159//5159 4900//4900 5029//5029
f 5159//5159 5029//5029 4894//4894
f 5411//5411 4899//4899 4893//4893
f 4897//4897 4898//4898 5411//5411
f 4895//4895 5168//5168 5158//5158
f 4899//4899 5405//5405 5400//5400
f 5412//5412 5413//5413 5409//5409
f 5157//5157 5166//5166 4900//4900
f 5165//5165 4906//4906 5166//5166
f 5413//5413 5414//5414 4897//4897
f 5412//5412 4904//4904 5413//5413
f 5167//5167 4895//4895 4919//4919
f 5167//5167 4919//4919 4901//4901
f 5166//5166 4906//4906 5018//5018
f 5166//5166 5018//5018 4900//4900
f 5414//5414 5415//5415 4898//4898
f 4904//4904 4905//4905 5414//5414
f 4901//4901 5176//5176 5168//5168
f 5415//5415 5416//5416 4899//4899
f 5168//5168 5161//5161 5169//5169
f 5161//5161 5162//5162 5169//5169
f 5416//5416 5417//5417 5405//5405
f 5154//5154 5418//5418 4896//4896
f 5162//5162 4902//4902 5418//5418
f 5417//5417 5163//5163 5155//5155
f 5418//5418 5419//5419 4896//4896
f 5163//5163 5164//5164 5156//5156
f 5419//5419 5412//5412 5408//5408
f 4902//4902 4903//4903 5419//5419
f 5164//5164 5165//5165 5157//5157
f 5420//5420 5421//5421 5416//5416
f 5162//5162 5422//5422 4902//4902
f 5170//5170 4935//4935 5422//5422
f 5421//5421 5171//5171 5163//5163
f 5422//5422 5423//5423 4902//4902
f 5171//5171 5172//5172 5164//5164
f 5423//5423 5424//5424 4903//4903
f 5172//5172 5173//5173 5165//5165
f 5424//5424 5425//5425 5412//5412
f 5165//5165 5174//5174 4906//4906
f 5173//5173 4939//4939 5174//5174
f 5425//5425 5426//5426 4904//4904
f 5424//5424 4936//4936 5425//5425
f 5175//5175 4901//4901 4915//4915
f 5175//5175 4915//4915 4934//4934
f 5174//5174 4939//4939 5039//5039
f 5174//5174 5039//5039 4906//4906
f 5426//5426 4938//4938 4905//4905
f 4936//4936 4937//4937 5426//5426
f 4934//4934 5183//5183 5176//5176
f 4938//4938 5420//5420 5415//5415
f 5176//5176 5184//5184 5161//5161
f 5184//5184 5170//5170 5162//5162
f 5173//5173 5181//5181 4939//4939
f 5180//5180 4944//4944 5181//5181
f 5427//5427 5428//5428 4936//4936
f 5434//5434 4942//4942 5427//5427
f 5182//5182 4934//4934 4921//4921
f 5182//5182 4921//4921 4940//4940
f 5181//5181 4944//4944 5043//5043
f 5181//5181 5043//5043 4939//4939
f 5428//5428 5429//5429 4937//4937
f 4942//4942 4943//4943 5428//5428
f 4940//4940 5191//5191 5183//5183
f 5429//5429 5430//5430 4938//4938
f 5183//5183 5192//5192 5184//5184
f 5192//5192 5177//5177 5184//5184
f 5430//5430 5431//5431 5420//5420
f 5170//5170 5432//5432 4935//4935
f 5177//5177 4941//4941 5432//5432
f 5431//5431 5178//5178 5171//5171
f 5432//5432 5433//5433 4935//4935
f 5178//5178 5179//5179 5172//5172
f 5433//5433 5434//5434 5423//5423
f 5179//5179 5180//5180 5173//5173
f 5434//5434 5427//5427 5424//5424
f 5435//5435 5186//5186 5178//5178
f 5436//5436 5437//5437 4941//4941
f 5186//5186 5187//5187 5179//5179
f 5437//5437 5438//5438 5433//5433
f 5187//5187 5188//5188 5180//5180
f 5438//5438 5439//5439 5434//5434
f 5180//5180 5189//5189 4944//4944
f 5188//5188 4950//4950 5189//5189
f 5439//5439 5440//5440 4942//4942
f 5438//5438 4947//4947 5439//5439
f 5190//5190 4940//4940 4922//4922
f 5190//5190 4922//4922 4945//4945
f 5189//5189 4950//4950 5047//5047
f 5189//5189 5047//5047 4944//4944
f 5440//5440 5441//5441 4943//4943
f 4947//4947 4948//4948 5440//5440
f 4945//4945 5199//5199 5191//5191
f 5441//5441 5442//5442 5429//5429
f 5191//5191 5200//5200 5192//5192
f 5200//5200 5185//5185 5192//5192
f 5442//5442 5435//5435 5431//5431
f 5441//5441 4949//4949 5442//5442
f 5177//5177 5436//5436 4941//4941
f 5185//5185 4946//4946 5436//5436
f 5197//5197 4945//4945 4923//4923
f 5197//5197 4923//4923 4951//4951
f 5198//5198 4955//4955 5040//5040
f 5198//5198 5040//5040 4950//4950
f 5443//5443 5444//5444 4948//4948
f 4953//4953 4954//4954 5443//5443
f 4951//4951 5208//5208 5199//5199
f 5444//5444 5445//5445 5441//5441
f 5199//5199 5209//5209 5200//5200
f 5209//5209 5193//5193 5200//5200
f 5445//5445 5446//5446 4949//4949
f 5185//5185 5447//5447 4946//4946
f 5193//5193 4952//4952 5447//5447
f 5446//5446 5194//5194 5186//5186
f 5447//5447 5448//5448 4946//4946
f 5194//5194 5195//5195 5187//5187
f 5448//5448 5449//5449 5437//5437
f 5195//5195 5196//5196 5188//5188
f 5449//5449 5450//5450 5438//5438
f 5188//5188 5198//5198 4950//4950
f 5196//5196 4955//4955 5198//5198
f 5450//5450 5443//5443 4947//4947
f 5449//5449 4953//4953 5450//5450
f 5451//5451 5452//5452 4952//4952
f 5203//5203 5204//5204 5195//5195
f 5452//5452 5453//5453 5448//5448
f 5204//5204 5205//5205 5196//5196
f 5453//5453 5454//5454 5449//5449
f 5196//5196 5206//5206 4955//4955
f 5205//5205 4960//4960 5206//5206
f 5454//5454 5455//5455 4953//4953
f 5453//5453 4958//4958 5454//5454
f 5207//5207 4951//4951 4924//4924
f 5207//5207 4924//4924 4956//4956
f 5206//5206 4960//4960 5045//5045
f 5206//5206 5045//5045 4955//4955
f 5455//5455 5456//5456 4954//4954
f 4958//4958 4959//4959 5455//5455
f 4956//4956 5214//5214 5208//5208
f 5214//5214 5201//5201 5208//5208
f 5456//5456 5457//5457 5444//5444
f 5201//5201 5202//5202 5209//5209
f 5457//5457 5458//5458 5445//5445
f 5193//5193 5451//5451 4952//4952
f 5202//5202 4957//4957 5451//5451
f 5458//5458 5203//5203 5194//5194
f 5459//5459 5460//5460 4959//4959
f 4964//4964 4965//4965 5459//5459
f 4961//4961 5222//5222 5214//5214
f 5222//5222 5223//5223 5214//5214
f 5460//5460 5461//5461 5456//5456
f 5223//5223 4962//4962 5202//5202
f 5461//5461 5462//5462 5457//5457
f 5202//5202 5463//5463 4957//4957
f 4962//4962 5210//5210 5202//5202
f 5210//5210 4963//4963 5463//5463
f 5462//5462 5211//5211 5203//5203
f 5463//5463 5464//5464 4957//4957
f 5211//5211 5212//5212 5204//5204
f 5464//5464 5465//5465 5452//5452
f 5212//5212 5213//5213 5205//5205
f 5465//5465 5466//5466 5453//5453
f 5205//5205 5215//5215 4960//4960
f 5213//5213 4966//4966 5215//5215
f 5466//5466 5459//5459 4958//4958
f 5465//5465 4964//4964 5466//5466
f 5467//5467 5214//5214 4956//4956
f 5467//5467 5373//5373 4961//4961
f 5215//5215 4966//4966 5041//5041
f 5215//5215 5041//5041 4960//4960
f 5217//5217 5218//5218 5212//5212
f 5468//5468 5469//5469 5464//5464
f 5218//5218 5219//5219 5213//5213
f 5469//5469 5470//5470 5465//5465
f 5213//5213 5220//5220 4966//4966
f 5219//5219 4972//4972 5220//5220
f 5470//5470 5471//5471 4964//4964
f 5469//5469 4970//4970 5470//5470
f 5221//5221 4961//4961 4926//4926
f 5221//5221 4926//4926 4967//4967
f 5220//5220 4972//4972 5035//5035
f 5220//5220 5035//5035 4966//4966
f 5471//5471 5472//5472 4965//4965
f 4970//4970 4971//4971 5471//5471
f 4967//4967 5228//5228 5222//5222
f 5228//5228 5216//5216 5222//5222
f 5472//5472 5473//5473 5460//5460
f 5216//5216 4968//4968 5223//5223
f 5473//5473 5474//5474 5461//5461
f 5210//5210 5475//5475 4963//4963
f 5210//5210 4969//4969 5475//5475
f 5474//5474 5217//5217 5211//5211
f 5475//5475 5468//5468 4963//4963
f 4973//4973 5236//5236 5228//5228
f 5236//5236 5237//5237 5228//5228
f 5476//5476 5477//5477 5472//5472
f 5237//5237 4974//4974 4968//4968
f 5477//5477 5478//5478 5473//5473
f 5210//5210 5479//5479 4969//4969
f 4974//4974 5224//5224 5210//5210
f 5224//5224 4975//4975 5479//5479
f 5478//5478 5225//5225 5217//5217
f 5479//5479 5480//5480 4969//4969
f 5225//5225 5226//5226 5218//5218
f 5480//5480 5481//5481 5468//5468
f 5226//5226 5227//5227 5219//5219
f 5481//5481 5482//5482 5469//5469
f 5219//5219 5229//5229 4972//4972
f 5227//5227 4978//4978 5229//5229
f 5482//5482 5484//5484 4970//4970
f 5481//5481 4976//4976 5482//5482
f 5483//5483 5228//5228 4967//4967
f 5483//5483 5374//5374 4973//4973
f 5229//5229 4978//4978 5042//5042
f 5229//5229 5042//5042 4972//4972
f 5484//5484 5476//5476 4971//4971
f 4976//4976 4977//4977 5484//5484
f 5485//5485 5486//5486 5480//5480
f 5232//5232 5233//5233 5227//5227
f 5486//5486 5487//5487 5481//5481
f 5227//5227 5234//5234 4978//4978
f 5233//5233 4984//4984 5234//5234
f 5487//5487 5488//5488 4976//4976
f 5486//5486 4982//4982 5487//5487
f 5235//5235 4973//4973 4927//4927
f 5235//5235 4927//4927 4979//4979
f 5234//5234 4984//4984 5037//5037
f 5234//5234 5037//5037 4978//4978
f 5488//5488 5489//5489 4977//4977
f 4982//4982 4983//4983 5488//5488
f 4979//4979 5242//5242 5236//5236
f 5242//5242 5230//5230 5236//5236
f 5489//5489 5490//5490 5476//5476
f 5230//5230 4980//4980 5237//5237
f 5490//5490 5491//5491 5477//5477
f 5224//5224 5492//5492 4975//4975
f 5224//5224 4981//4981 5492//5492
f 5491//5491 5231//5231 5225//5225
f 5492//5492 5485//5485 4975//4975
f 5231//5231 5232//5232 5226//5226
f 5493//5493 5494//5494 5489//5489
f 5242//5242 5253//5253 5230//5230
f 5253//5253 5238//5238 4980//4980
f 5494//5494 5495//5495 5490//5490
f 5224//5224 5496//5496 4981//4981
f 5238//5238 4986//4986 5496//5496
f 5495//5495 5239//5239 5231//5231
f 5496//5496 5497//5497 4981//4981
f 5239//5239 5240//5240 5232//5232
f 5497//5497 5498//5498 5485//5485
f 5240//5240 5241//5241 5233//5233
f 5498//5498 5499//5499 5486//5486
f 5233//5233 5243//5243 4984//4984
f 5241//5241 4989//4989 5243//5243
f 5499//5499 5500//5500 4982//4982
f 5498//5498 4987//4987 5499//5499
f 5244//5244 4979//4979 4928//4928
f 5244//5244 4928//4928 4985//4985
f 5243//5243 4989//4989 5046//5046
f 5243//5243 5046//5046 4984//4984
f 5500//5500 5493//5493 4983//4983
f 4987//4987 4988//4988 5500//5500
f 4985//4985 5252//5252 5242//5242
f 5248//5248 5249//5249 5241//5241
f 5501//5501 5502//5502 5498//5498
f 5241//5241 5250//5250 4989//4989
f 5249//5249 4995//4995 5250//5250
f 5502//5502 5503//5503 4987//4987
f 5501//5501 4993//4993 5502//5502
f 5251//5251 4985//4985 4931//4931
f 5251//5251 4931//4931 4990//4990
f 5250//5250 4995//4995 5044//5044
f 5250//5250 5044//5044 4989//4989
f 5503//5503 5504//5504 4988//4988
f 4993//4993 4994//4994 5503//5503
f 4990//4990 5260//5260 5252//5252
f 5504//5504 5505//5505 5493//5493
f 5252//5252 5245//5245 5253//5253
f 5245//5245 5246//5246 5253//5253
f 5505//5505 5506//5506 5494//5494
f 5238//5238 5507//5507 4986//4986
f 5246//5246 4991//4991 5507//5507
f 5506//5506 5247//5247 5239//5239
f 5507//5507 5508//5508 4986//4986
f 5247//5247 5248//5248 5240//5240
f 5508//5508 5501//5501 5497//5497
f 4991//4991 4992//4992 5508//5508
f 5509//5509 5510//5510 5505//5505
f 5246//5246 5511//5511 4991//4991
f 5254//5254 4997//4997 5511//5511
f 5510//5510 5255//5255 5247//5247
f 5511//5511 5512//5512 4991//4991
f 5255//5255 5256//5256 5248//5248
f 5512//5512 5513//5513 4992//4992
f 5256//5256 5257//5257 5249//5249
f 5513//5513 5514//5514 5501//5501
f 5249//5249 5258//5258 4995//4995
f 5257//5257 5001//5001 5258//5258
f 5514//5514 5515//5515 4993//4993
f 5513//5513 4998//4998 5514//5514
f 5259//5259 4990//4990 4932//4932
f 5259//5259 4932//4932 4996//4996
f 5258//5258 5001//5001 5038//5038
f 5258//5258 5038//5038 4995//4995
f 5515//5515 5000//5000 4994//4994
f 4998//4998 4999//4999 5515//5515
f 4996//4996 5268//5268 5260//5260
f 5000//5000 5509//5509 5504//5504
f 5260//5260 5269//5269 5245//5245
f 5269//5269 5254//5254 5246//5246
f 5257//5257 5266//5266 5001//5001
f 5265//5265 5006//5006 5266//5266
f 5516//5516 5517//5517 4998//4998
f 5523//5523 5004//5004 5516//5516
f 5267//5267 4996//4996 4933//4933
f 5267//5267 4933//4933 5002//5002
f 5266//5266 5006//5006 5023//5023
f 5266//5266 5023//5023 5001//5001
f 5517//5517 5518//5518 4999//4999
f 5004//5004 5005//5005 5517//5517
f 5002//5002 5276//5276 5268//5268
f 5518//5518 5519//5519 5000//5000
f 5268//5268 5261//5261 5269//5269
f 5261//5261 5262//5262 5269//5269
f 5519//5519 5520//5520 5509//5509
f 5254//5254 5521//5521 4997//4997
f 5262//5262 5003//5003 5521//5521
f 5520//5520 5263//5263 5255//5255
f 5521//5521 5522//5522 4997//4997
f 5263//5263 5264//5264 5256//5256
f 5522//5522 5523//5523 5512//5512
f 5264//5264 5265//5265 5257//5257
f 5523//5523 5516//5516 5513//5513
f 5262//5262 5525//5525 5003//5003
f 5270//5270 5008//5008 5525//5525
f 5524//5524 5271//5271 5263//5263
f 5525//5525 5526//5526 5003//5003
f 5271//5271 5272//5272 5264//5264
f 5526//5526 5527//5527 5522//5522
f 5272//5272 5273//5273 5265//5265
f 5527//5527 5528//5528 5523//5523
f 5265//5265 5274//5274 5006//5006
f 5273//5273 5012//5012 5274//5274
f 5528//5528 5529//5529 5004//5004
f 5527//5527 5009//5009 5528//5528
f 5275//5275 5002//5002 4930//4930
f 5275//5275 4930//4930 5007//5007
f 5274//5274 5012//5012 5025//5025
f 5274//5274 5025//5025 5006//5006
f 5529//5529 5530//5530 5005//5005
f 5009//5009 5010//5010 5529//5529
f 5007//5007 5283//5283 5276//5276
f 5530//5530 5531//5531 5518//5518
f 5276//5276 5284//5284 5261//5261
f 5284//5284 5270//5270 5262//5262
f 5531//5531 5524//5524 5520//5520
f 5530//5530 5011//5011 5531//5531
f 5532//5532 5533//5533 5009//5009
f 5539//5539 5015//5015 5532//5532
f 5281//5281 5007//5007 4929//4929
f 5281//5281 4929//4929 5013//5013
f 5282//5282 5017//5017 5024//5024
f 5282//5282 5024//5024 5012//5012
f 5533//5533 5534//5534 5010//5010
f 5015//5015 5016//5016 5533//5533
f 5013//5013 5291//5291 5283//5283
f 5534//5534 5535//5535 5530//5530
f 5283//5283 5292//5292 5284//5284
f 5292//5292 5277//5277 5284//5284
f 5535//5535 5536//5536 5011//5011
f 5270//5270 5537//5537 5008//5008
f 5277//5277 5014//5014 5537//5537
f 5536//5536 5278//5278 5271//5271
f 5537//5537 5538//5538 5008//5008
f 5278//5278 5279//5279 5272//5272
f 5538//5538 5539//5539 5526//5526
f 5279//5279 5280//5280 5273//5273
f 5539//5539 5532//5532 5527//5527
f 5273//5273 5282//5282 5012//5012
f 5280//5280 5017//5017 5282//5282
f 5540//5540 5286//5286 5278//5278
f 5541//5541 5542//5542 5014//5014
f 5286//5286 5287//5287 5279//5279
f 5542//5542 5543//5543 5538//5538
f 5287//5287 5288//5288 5280//5280
f 5543//5543 5544//5544 5539//5539
f 5280//5280 5289//5289 5017//5017
f 5288//5288 5053//5053 5289//5289
f 5544//5544 5545//5545 5015//5015
f 5543//5543 5050//5050 5544//5544
f 5290//5290 5013//5013 4918//4918
f 5290//5290 4918//4918 5048//5048
f 5289//5289 5053//5053 5031//5031
f 5289//5289 5031//5031 5017//5017
f 5545//5545 5546//5546 5016//5016
f 5050//5050 5051//5051 5545//5545
f 5048//5048 5299//5299 5291//5291
f 5546//5546 5547//5547 5534//5534
f 5291//5291 5300//5300 5292//5292
f 5300//5300 5285//5285 5292//5292
f 5547//5547 5540//5540 5536//5536
f 5546//5546 5052//5052 5547//5547
f 5277//5277 5541//5541 5014//5014
f 5285//5285 5049//5049 5541//5541
f 5297//5297 5048//5048 4913//4913
f 5297//5297 4913//4913 5054//5054
f 5298//5298 5058//5058 5022//5022
f 5298//5298 5022//5022 5053//5053
f 5548//5548 5549//5549 5051//5051
f 5056//5056 5057//5057 5548//5548
f 5054//5054 5307//5307 5299//5299
f 5549//5549 5550//5550 5546//5546
f 5299//5299 5308//5308 5300//5300
f 5308//5308 5293//5293 5300//5300
f 5550//5550 5551//5551 5052//5052
f 5285//5285 5552//5552 5049//5049
f 5293//5293 5055//5055 5552//5552
f 5551//5551 5294//5294 5286//5286
f 5552//5552 5553//5553 5049//5049
f 5294//5294 5295//5295 5287//5287
f 5553//5553 5554//5554 5542//5542
f 5295//5295 5296//5296 5288//5288
f 5554//5554 5555//5555 5543//5543
f 5288//5288 5298//5298 5053//5053
f 5296//5296 5058//5058 5298//5298
f 5555//5555 5548//5548 5050//5050
f 5554//5554 5056//5056 5555//5555
f 5556//5556 5557//5557 5055//5055
f 5304//5304 5319//5319 5294//5294
f 5319//5319 5320//5320 5295//5295
f 5557//5557 5558//5558 5553//5553
f 5320//5320 5303//5303 5296//5296
f 5558//5558 5559//5559 5554//5554
f 5296//5296 5305//5305 5058//5058
f 5303//5303 5063//5063 5305//5305
f 5559//5559 5560//5560 5056//5056
f 5558//5558 5061//5061 5559//5559
f 5306//5306 5054//5054 4914//4914
f 5306//5306 4914//4914 5059//5059
f 5305//5305 5063//5063 5020//5020
f 5305//5305 5020//5020 5058//5058
f 5560//5560 5561//5561 5057//5057
f 5061//5061 5062//5062 5560//5560
f 5059//5059 5317//5317 5307//5307
f 5317//5317 5301//5301 5307//5307
f 5561//5561 5562//5562 5549//5549
f 5301//5301 5302//5302 5308//5308
f 5562//5562 5563//5563 5550//5550
f 5293//5293 5556//5556 5055//5055
f 5302//5302 5060//5060 5556//5556
f 5563//5563 5304//5304 5294//5294
f 5564//5564 5565//5565 5062//5062
f 5077//5077 5079//5079 5565//5565
f 5064//5064 5066//5066 5317//5317
f 5565//5565 5566//5566 5561//5561
f 5079//5079 5082//5082 5566//5566
f 5066//5066 5309//5309 5301//5301
f 5309//5309 5067//5067 5302//5302
f 5566//5566 5318//5318 5562//5562
f 5082//5082 5083//5083 5318//5318
f 5302//5302 5567//5567 5060//5060
f 5067//5067 5070//5070 5567//5567
f 5083//5083 5310//5310 5318//5318
f 5567//5567 5568//5568 5060//5060
f 5070//5070 5072//5072 5568//5568
f 5310//5310 5313//5313 5319//5319
f 5568//5568 5569//5569 5557//5557
f 5072//5072 5073//5073 5569//5569
f 5313//5313 5315//5315 5320//5320
f 5569//5569 5570//5570 5558//5558
f 5073//5073 5076//5076 5570//5570
f 5303//5303 5321//5321 5063//5063
f 5315//5315 5316//5316 5303//5303
f 5316//5316 5086//5086 5321//5321
f 5570//5570 5564//5564 5061//5061
f 5076//5076 5077//5077 5564//5564
f 5571//5571 5317//5317 5059//5059
f 5571//5571 5375//5375 5064//5064
f 5321//5321 5086//5086 5021//5021
f 5321//5321 5021//5021 5063//5063
f 5323//5323 5322//5322 5312//5312
f 5572//5572 5573//5573 5074//5074
f 5329//5329 5574//5574 5085//5085
f 5322//5322 5329//5329 5314//5314
f 5573//5573 5575//5575 5075//5075
f 5574//5574 5576//5576 5087//5087
f 5574//5574 5093//5093 5576//5576
f 5575//5575 5577//5577 5078//5078
f 5573//5573 5091//5091 5575//5575
f 5578//5578 5065//5065 4912//4912
f 5578//5578 4912//4912 5088//5088
f 5576//5576 5376//5376 5087//5087
f 5577//5577 5579//5579 5080//5080
f 5091//5091 5092//5092 5577//5577
f 5578//5578 5580//5580 5066//5066
f 5579//5579 5581//5581 5081//5081
f 5580//5580 5324//5324 5068//5068
f 5581//5581 5582//5582 5084//5084
f 5089//5089 5583//5583 5069//5069
f 5324//5324 5089//5089 5069//5069
f 5582//5582 5323//5323 5312//5312
f 5583//5583 5572//5572 5071//5071
f 5089//5089 5090//5090 5583//5583
f 5584//5584 5585//5585 5579//5579
f 5580//5580 5325//5325 5324//5324
f 5585//5585 5586//5586 5581//5581
f 5095//5095 5587//5587 5089//5089
f 5325//5325 5095//5095 5089//5089
f 5586//5586 5327//5327 5323//5323
f 5587//5587 5588//5588 5090//5090
f 5327//5327 5328//5328 5322//5322
f 5588//5588 5589//5589 5572//5572
f 5589//5589 5590//5590 5573//5573
f 5574//5574 5330//5330 5093//5093
f 5574//5574 5098//5098 5330//5330
f 5590//5590 5591//5591 5091//5091
f 5589//5589 5096//5096 5590//5590
f 5331//5331 5088//5088 4911//4911
f 5331//5331 4911//4911 5094//5094
f 5330//5330 5098//5098 5026//5026
f 5330//5330 5026//5026 5093//5093
f 5591//5591 5584//5584 5092//5092
f 5096//5096 5097//5097 5591//5591
f 5578//5578 5326//5326 5580//5580
f 5341//5341 5593//5593 5329//5329
f 5332//5332 5341//5341 5329//5329
f 5592//5592 5594//5594 5589//5589
f 5593//5593 5333//5333 5098//5098
f 5593//5593 5104//5104 5333//5333
f 5594//5594 5596//5596 5096//5096
f 5592//5592 5102//5102 5594//5594
f 5595//5595 5377//5377 5099//5099
f 5333//5333 5104//5104 5027//5027
f 5333//5333 5027//5027 5098//5098
f 5596//5596 5597//5597 5097//5097
f 5102//5102 5103//5103 5596//5596
f 5595//5595 5598//5598 5326//5326
f 5597//5597 5599//5599 5584//5584
f 5598//5598 5334//5334 5325//5325
f 5599//5599 5600//5600 5585//5585
f 5100//5100 5601//5601 5095//5095
f 5334//5334 5100//5100 5095//5095
f 5600//5600 5335//5335 5327//5327
f 5601//5601 5602//5602 5587//5587
f 5335//5335 5332//5332 5328//5328
f 5602//5602 5592//5592 5588//5588
f 5601//5601 5101//5101 5602//5602
f 5598//5598 5337//5337 5334//5334
f 5603//5603 5604//5604 5599//5599
f 5106//5106 5605//5605 5100//5100
f 5337//5337 5106//5106 5100//5100
f 5604//5604 5339//5339 5335//5335
f 5605//5605 5606//5606 5601//5601
f 5339//5339 5340//5340 5332//5332
f 5606//5606 5607//5607 5101//5101
f 5607//5607 5608//5608 5592//5592
f 5593//5593 5342//5342 5104//5104
f 5593//5593 5110//5110 5342//5342
f 5608//5608 5609//5609 5102//5102
f 5607//5607 5107//5107 5608//5608
f 5336//5336 5099//5099 4910//4910
f 5336//5336 4910//4910 5105//5105
f 5342//5342 5110//5110 5028//5028
f 5342//5342 5028//5028 5104//5104
f 5609//5609 5109//5109 5103//5103
f 5107//5107 5108//5108 5609//5609
f 5336//5336 5338//5338 5598//5598
f 5109//5109 5603//5603 5597//5597
f 5610//5610 5612//5612 5607//5607
f 5611//5611 5343//5343 5110//5110
f 5344//5344 5611//5611 5593//5593
f 5611//5611 5116//5116 5343//5343
f 5612//5612 5613//5613 5107//5107
f 5610//5610 5114//5114 5612//5612
f 5345//5345 5105//5105 4909//4909
f 5345//5345 4909//4909 5111//5111
f 5343//5343 5116//5116 5030//5030
f 5343//5343 5030//5030 5110//5110
f 5613//5613 5614//5614 5108//5108
f 5114//5114 5115//5115 5613//5613
f 5336//5336 5615//5615 5338//5338
f 5614//5614 5616//5616 5109//5109
f 5615//5615 5346//5346 5337//5337
f 5616//5616 5617//5617 5603//5603
f 5112//5112 5618//5618 5106//5106
f 5346//5346 5112//5112 5106//5106
f 5617//5617 5347//5347 5339//5339
f 5618//5618 5619//5619 5605//5605
f 5347//5347 5348//5348 5340//5340
f 5619//5619 5610//5610 5606//5606
f 5618//5618 5113//5113 5619//5619
f 5348//5348 5344//5344 5341//5341
f 5620//5620 5621//5621 5616//5616
f 5118//5118 5622//5622 5112//5112
f 5350//5350 5118//5118 5112//5112
f 5621//5621 5351//5351 5347//5347
f 5622//5622 5623//5623 5618//5618
f 5351//5351 5352//5352 5348//5348
f 5623//5623 5624//5624 5113//5113
f 5356//5356 5611//5611 5344//5344
f 5352//5352 5356//5356 5344//5344
f 5624//5624 5625//5625 5610//5610
f 5611//5611 5353//5353 5116//5116
f 5611//5611 5122//5122 5353//5353
f 5625//5625 5627//5627 5114//5114
f 5624//5624 5119//5119 5625//5625
f 5626//5626 5628//5628 5111//5111
f 5626//5626 5378//5378 5117//5117
f 5353//5353 5122//5122 5032//5032
f 5353//5353 5032//5032 5116//5116
f 5627//5627 5121//5121 5115//5115
f 5119//5119 5120//5120 5627//5627
f 5628//5628 5349//5349 5615//5615
f 5121//5121 5620//5620 5614//5614
f 5615//5615 5350//5350 5346//5346
f 5629//5629 5355//5355 5122//5122
f 5356//5356 5629//5629 5611//5611
f 5629//5629 5126//5126 5355//5355
f 5630//5630 5631//5631 5119//5119
f 5640//5640 5124//5124 5630//5630
f 5628//5628 5117//5117 4908//4908
f 5628//5628 4908//4908 5123//5123
f 5355//5355 5126//5126 5034//5034
f 5355//5355 5034//5034 5122//5122
f 5631//5631 5633//5633 5120//5120
f 5124//5124 5125//5125 5631//5631
f 5632//5632 5357//5357 5349//5349
f 5633//5633 5634//5634 5121//5121
f 5349//5349 5358//5358 5350//5350
f 5634//5634 5636//5636 5620//5620
f 5635//5635 5637//5637 5118//5118
f 5358//5358 5635//5635 5118//5118
f 5635//5635 5642//5642 5637//5637
f 5636//5636 5638//5638 5351//5351
f 5637//5637 5639//5639 5622//5622
f 5638//5638 5359//5359 5352//5352
f 5639//5639 5640//5640 5623//5623
f 5359//5359 5354//5354 5356//5356
f 5640//5640 5630//5630 5624//5624
f 5367//5367 4871//4871 5642//5642
f 5641//5641 5360//5360 5638//5638
f 5379//5379 5641//5641 5636//5636
f 4875//4875 5130//5130 5641//5641
f 5642//5642 5380//5380 5637//5637
f 5638//5638 5361//5361 5359//5359
f 5130//5130 5361//5361 5638//5638
f 5643//5643 5362//5362 5639//5639
f 5380//5380 5643//5643 5639//5639
f 4871//4871 5128//5128 5643//5643
f 5354//5354 5370//5370 5356//5356
f 5361//5361 5369//5369 5354//5354
f 5362//5362 5381//5381 5640//5640
f 5128//5128 4872//4872 5381//5381
f 5629//5629 5363//5363 5126//5126
f 5370//5370 5131//5131 5363//5363
f 5381//5381 5382//5382 5124//5124
f 4872//4872 4873//4873 5382//5382
f 5364//5364 5123//5123 4907//4907
f 5364//5364 4907//4907 5127//5127
f 5363//5363 5131//5131 5033//5033
f 5363//5363 5033//5033 5126//5126
f 5382//5382 5383//5383 5125//5125
f 4873//4873 4874//4874 5383//5383
f 5632//5632 5366//5366 5357//5357
f 5127//5127 5372//5372 5632//5632
f 5644//5644 5365//5365 5633//5633
f 5383//5383 5644//5644 5633//5633
f 4874//4874 5129//5129 5644//5644
f 5366//5366 5367//5367 5358//5358
f 5365//5365 5379//5379 5636//5636
f 5129//5129 4875//4875 5365//5365
