# https://github.com/mikedh/trimesh
v -2.23702159 5.76402198 -0.04341252
v -2.08128362 5.77955547 -0.01149044
v -2.18982388 5.82813522 -0.01727886
v -2.09599560 5.84815545 -0.12794172
v -2.16944840 5.80645554 -0.18846995
v -2.23693763 5.75526344 -0.15640243
v -1.63972267 5.15234988 -0.06832397
v -1.74131225 5.17071783 0.04590459
v -1.68202973 5.09348707 0.09648728
v -1.66864598 5.15085181 -0.16897392
v -1.78081897 5.14629060 -0.20087283
v -1.85334830 5.08118014 -0.17545609
v -1.87775009 5.03340293 -0.07490827
v -1.84087176 5.03374846 0.02439496
v -3.15573751 3.87880982 0.01116659
v -3.11381176 3.93415669 -0.06906642
v -3.18023570 3.96210072 0.08356409
v -3.13603026 4.03639273 0.10710505
v -3.12695960 4.03693056 -0.04175370
v -3.01776243 3.89620942 0.16158156
v -3.03108094 3.82282291 0.08666167
v -2.98353053 4.06799316 0.10480696
v -2.98286148 4.08313452 -0.00156427
v -3.00993432 3.99713257 0.17031540
v -2.57233576 3.94117305 -0.08999339
v -2.29808616 3.73189725 0.18726004
v -2.59730647 3.73277070 0.00552020
v -2.27476534 3.86384444 0.20140979
v -2.24439000 4.00714400 0.09932600
v -2.51860073 4.01035836 0.02664838
v -2.26729592 3.97314745 -0.10477035
v -2.30407200 3.76033400 -0.15188900
v -2.56080584 3.81991092 -0.09793330
v -2.31061142 3.61727160 0.00398498
v -1.68498686 1.21926458 -0.19000561
v -1.83579602 1.14174128 -0.26267738
v -1.85973476 1.21064343 -0.33770874
v -1.96006428 1.22685725 -0.25996811
v -1.85972030 1.17838339 -0.13680329
v -1.94211957 1.27128632 -0.14656821
v -1.92442853 1.35601601 -0.25925977
v -1.56477639 1.68472070 -0.17321812
v -1.86451470 1.33109854 -0.33968046
v -1.66947048 1.42024660 -0.08002341
v -1.41531911 1.46453252 -0.28645149
v -1.15783092 1.63096139 -0.16518053
v -1.35843955 1.83040720 -0.05663796
v -1.46712674 1.59273938 -0.11378412
v -1.44353600 1.93941500 -0.27855400
v -1.57896105 1.70373305 -0.28666628
v -1.35729907 1.82510788 -0.41206519
v -1.27001532 1.72848240 -0.43173344
v -1.16707400 1.63332300 -0.35460100
v -0.88883459 0.67005547 -0.35696831
v -1.02977773 0.59840782 -0.27904373
v -0.93981043 0.50853893 -0.28905394
v -0.93199538 0.55543122 -0.21176528
v -0.98028525 0.59581177 -0.20800529
v -0.84458102 0.65279768 -0.24656074
v -0.98492158 0.57232950 -0.33822776
v -0.56076678 1.32531085 -0.41151007
v -0.67788566 1.09267611 -0.36397815
v -0.55987251 1.32795234 -0.24669432
v -0.70691570 1.38853793 -0.19447583
v -0.79548681 1.13266644 -0.22487604
v -0.76142030 1.40434825 -0.37950279
v -0.81109953 1.13093182 -0.35178255
v 1.70440790 1.15045137 -0.21738714
v 1.77244420 1.20633313 -0.18799595
v 1.81448500 1.21736316 -0.26752702
v 1.75729082 1.20657838 -0.33273354
v 1.67901380 1.17140084 -0.30551859
v 1.74622659 1.34040198 -0.21388478
v 1.59102599 1.46358781 -0.13562242
v 1.61868106 1.36428384 -0.33654116
v 1.12773752 1.59451501 -0.12396709
v 1.31882200 1.46988900 -0.19395800
v 1.35438843 1.51616086 -0.11332859
v 1.16021988 1.61782496 -0.35510885
v 1.34610738 1.49073164 -0.29071882
v 1.28988807 1.72098258 -0.34004835
v 1.31697002 1.76336652 -0.25805321
v 1.29946433 1.76792666 -0.14667478
v 1.23511700 1.71342000 -0.07252600
v 1.04477711 5.95742196 -2.33985133
v 1.11456596 5.86437809 -2.29408427
v 1.06223914 6.03903779 -2.22988140
v 1.07478499 5.98322142 -2.16803992
v 1.01890439 6.00305597 -2.28302574
v 1.03446487 5.85050356 -2.30994195
v 1.14395021 5.92265261 -2.25698181
v 0.88584347 5.74965160 -2.09727044
v 0.94341167 5.63496518 -1.92599347
v 1.12767111 5.93869330 -2.19751154
v 0.66705861 4.74842571 -1.95817990
v 0.45630800 4.88456700 -1.92442300
v 0.41048700 5.10751400 -1.75541700
v 0.54194300 5.21317400 -1.58433500
v 0.73873300 5.15286300 -1.48248600
v 0.96199712 4.97380594 -1.62116761
v 0.89120800 4.77670400 -1.84888300
v 0.18582362 5.85213125 -2.73902152
v 0.30383522 5.82495322 -2.66434849
v 0.27195254 5.96724985 -2.63449743
v 0.04859383 5.95253948 -2.62017521
v 0.15071620 6.02653273 -2.53596139
v 0.05252442 5.94172240 -2.45142116
v 0.06824059 5.80655123 -2.67729256
v 0.29319844 5.95623765 -2.44674596
v 0.16128658 5.94031407 -2.38395244
v 0.33002741 5.82470074 -2.51103354
v -0.19687754 5.15566262 -2.16704893
v -0.25787265 4.74993717 -2.11601076
v -0.15030172 5.24518391 -2.05928376
v -0.03526588 5.24845073 -1.98839745
v 0.09283300 5.20419835 -2.00027558
v 0.14797909 5.10311127 -2.10020436
v -0.03338049 4.95294479 -2.25312135
v -0.39358229 4.81801949 -1.96502601
v -0.14823700 5.02120700 -1.72534600
v 0.08577700 4.98693600 -1.74920700
v 0.15637800 4.82778100 -1.91169000
v 0.06569753 4.76379467 -2.07536268
v -0.10067000 4.63555000 -2.14327100
v 0.07610375 4.24479705 -2.29795077
v 0.32091046 4.71740383 -2.75367378
v 0.44233449 4.74010773 -2.71577549
v 0.39162777 4.82384987 -2.76741151
v 0.46863678 4.82202286 -2.68433236
v 0.28623476 4.82472544 -2.73894170
v 0.31618875 4.88369213 -2.67629367
v 0.41636103 4.88396407 -2.62109512
v 0.03173335 4.37819377 -2.20680780
v 0.15804290 4.43010636 -2.09850096
v 0.27280977 4.39304317 -2.12933391
v 0.30564099 4.29567259 -2.17577061
v 0.15566296 4.14570846 -2.25444667
v -0.03695450 4.20002031 -2.26318150
v -0.02177300 4.41781500 -2.12382100
v 0.37162166 4.35241300 -2.05216318
v 0.26199566 4.18418212 -2.21490237
v -0.74284756 5.73397629 -2.27945080
v -0.65214737 5.73732794 -2.26723985
v -0.76635530 5.84367158 -2.16006777
v -0.62655046 5.81686760 -2.19948836
v -0.77894009 5.75436253 -2.06391991
v -0.64753348 5.80791376 -2.07781457
v -0.81033106 5.69712788 -2.18678899
v -0.55408330 5.43773450 -1.84064857
v -0.31810367 5.03957588 -1.60788594
v -0.40841931 5.09917959 -1.76054864
v -0.52157388 4.86049074 -1.80341538
v -0.61813201 4.99537702 -1.77726901
v -0.58918650 5.12129938 -1.62281526
v -0.64341111 4.94390829 -1.60402567
v -0.68698500 4.83455800 -1.74162200
v -0.57714700 5.04164900 -1.48684100
v -0.40366370 4.91976038 -1.76920211
v -0.52918528 4.87696395 -3.01562945
v -0.43364327 4.87704189 -2.97598634
v -0.49835298 4.98945066 -2.93508295
v -0.62502143 4.90677662 -2.93965502
v -0.61828369 4.95739894 -2.85942832
v -0.53984071 4.92914831 -2.76104745
v -0.39595207 4.87806011 -2.84631313
v -0.57509568 4.76564053 -2.93468479
v -0.44996602 4.93317240 -2.78415090
v -0.59487900 4.26027700 -2.36121900
v -0.56359366 4.45193700 -2.51926065
v -0.48183412 4.27002411 -2.48533272
v -0.58734200 4.37000600 -2.26937300
v -0.46203900 4.46631500 -2.20141100
v -0.51384357 4.57178190 -2.43484899
v -0.29830567 4.44108456 -2.25236279
v -0.24812789 4.37913036 -2.37861460
v -0.26001348 4.25982607 -2.43463020
v -0.37336659 4.25160141 -2.50065235
v 0.54653513 6.09937270 -1.53152280
v 0.46536499 6.18217572 -1.53797919
v 0.49843801 6.27344488 -1.43257267
v 0.60205235 6.20719607 -1.46258179
v 0.55677927 6.25908642 -1.37615991
v 0.48359967 5.93549489 -1.23426759
v 0.59704465 6.14195351 -1.34625042
v 0.39348471 6.19349496 -1.32561722
v 0.48175305 5.42526926 -1.46573673
v 0.58364186 5.81652173 -1.33530902
v 0.36000016 6.13781834 -1.46515386
v 0.20145866 5.45517622 -1.39528483
v 0.31174604 5.37079075 -1.50441960
v 0.20194900 5.51068600 -1.24212300
v 0.31638907 5.51849906 -1.10933523
v 0.56169831 5.50054848 -1.12302541
v 0.60324000 5.37585900 -1.34517200
v 1.32647537 6.87997459 -1.01306373
v 1.40086706 6.81883970 -1.00094378
v 1.33879550 6.93970519 -0.88053001
v 1.43993213 6.84499855 -0.85924998
v 1.34180022 6.81470790 -0.79737315
v 1.41468607 6.76943616 -0.92792391
v 1.00876599 6.30307317 -0.92904917
v 1.26888638 6.85525746 -0.81619728
v 1.22496940 6.86151477 -0.93627797
v 0.75699050 5.85232151 -0.84028935
v 0.84523299 5.87111571 -0.74607907
v 0.94069688 5.81280214 -0.78228434
v 0.91738991 5.79305797 -0.93700932
v 0.80923026 5.81396945 -0.95494495
v 0.63091362 5.56747844 -1.00242939
v 0.54929436 5.63005954 -0.79183108
v 0.73743400 5.57346200 -0.64683400
v 0.85928600 5.51156200 -0.70178400
v 0.88144803 5.48914854 -0.84489989
v 0.81525200 5.47552100 -0.98265700
v 0.59580102 7.01693559 -0.98303192
v 0.68952132 6.97811884 -1.01421625
v 0.72229985 7.01680540 -0.94822248
v 0.60595781 7.03453950 -0.87713161
v 0.63693793 6.95936655 -0.83227420
v 0.71120265 6.96507432 -0.84251920
v 0.73775645 6.86965632 -0.94028810
v 0.21108914 6.01598204 -0.96380177
v 0.18882660 5.94490477 -0.81315178
v 0.29880228 5.90853849 -0.80516192
v 0.35085758 5.90187673 -0.86791736
v 0.32463365 5.92113115 -0.98270133
v 0.10202141 5.65633891 -1.04370739
v -0.01304175 5.71083972 -0.83556765
v 0.13504369 5.68948551 -0.69481935
v 0.31073018 5.63140642 -0.75493098
v 0.30410000 5.59132700 -0.95925700
v -0.01774866 6.26090669 -1.63656229
v -0.18469083 6.27899365 -1.60972372
v -0.10554924 6.38881385 -1.66250918
v -0.09776593 6.47773952 -1.56020874
v -0.00616476 6.43721589 -1.59469953
v -0.02075854 6.38883839 -1.46951418
v -0.18069984 6.35940012 -1.47920935
v -0.13743510 5.43698668 -1.49010089
v -0.28830213 5.47237565 -1.38827072
v -0.06285500 5.61769700 -1.09263100
v 0.07516000 5.58275000 -1.18910300
v -0.23119200 5.60458600 -1.11941300
v 0.05650803 5.51923562 -1.43741526
v -0.52443120 6.29662886 -1.54253472
v -0.67304512 6.15964343 -1.59684697
v -0.84758240 6.21881220 -1.54046435
v -0.71625861 6.39731480 -1.57062137
v -0.71284600 6.49351600 -1.41031800
v -0.55768194 6.46746946 -1.44008006
v -0.73140543 6.48153229 -1.23792163
v -0.60668600 6.47907600 -1.28109100
v -0.85624800 6.30908397 -1.20227251
v -0.69154291 6.29615258 -1.12628105
v -0.53951601 6.38179816 -1.20842910
v -0.90738327 6.32554378 -1.38140960
v -0.45750470 6.27764027 -1.36164223
v -0.74505087 5.52885734 -1.38578825
v -0.41865061 5.63764804 -1.04455447
v -0.80934661 5.50606702 -1.20193831
v -0.74593693 5.57958775 -1.03437875
v -0.59249268 5.62970567 -0.98245204
v -0.35566862 5.61124342 -1.22934644
v -0.40697654 5.52549811 -1.38643664
v -0.57087464 5.46527066 -1.45148498
v -0.99758640 5.90552029 -1.98170944
v -1.01211837 5.95106050 -1.86866502
v -0.93187833 5.90581431 -1.89656825
v -1.04602722 5.89935090 -1.94460140
v -1.06068786 5.46435122 -1.54538947
v -0.94317396 5.46059857 -1.49589114
v -0.94893750 5.83456159 -1.95308682
v -0.95146300 5.19816300 -1.74564600
v -1.11070112 4.85312883 -1.54265505
v -0.91881300 4.81027000 -1.64363300
v -0.90306000 5.14734000 -1.15943300
v -1.13410900 5.07677900 -1.17706200
v -0.71650814 5.13120075 -1.29840673
v -0.66721490 5.08081987 -1.41121681
v -0.73040600 4.96102700 -1.55833400
v 1.54646849 5.79095258 -1.73382730
v 1.57519618 5.90771977 -1.71528800
v 1.65421741 5.82550842 -1.64653447
v 1.63597953 5.87961282 -1.56492570
v 1.53249950 5.92877459 -1.60594359
v 1.45824180 5.87192895 -1.67328403
v 1.03705951 5.23434086 -1.19655331
v 0.97253731 5.22291971 -1.29502072
v 1.12981870 5.19355818 -1.17011011
v 1.19202399 5.13165995 -1.21855584
v 1.12994667 5.05328045 -1.39932307
v 1.04122203 5.08245661 -1.42940449
v 0.98505886 5.16070721 -1.38845569
v 0.83883299 5.13204131 -1.33726877
v 1.15084757 4.97218928 -1.26078240
v 0.99237187 4.94503364 -1.42960814
v 1.24339558 4.41465779 -2.33981512
v 1.19787252 4.57568665 -2.59255044
v 1.24933716 4.69835988 -2.65507676
v 1.33807694 4.66257568 -2.58288512
v 1.18788883 4.77291503 -2.60900403
v 1.28706755 4.79902583 -2.60016606
v 1.31967623 4.80913716 -2.54004814
v 1.34187215 4.69162881 -2.45644583
v 1.11431001 4.61398521 -2.30830974
v 0.91552270 4.40388848 -2.03043870
v 0.88865330 4.32312228 -2.05063639
v 0.93346217 4.23238759 -2.08013688
v 1.00604257 4.45538843 -1.95710379
v 1.15702058 4.32462289 -1.97331137
v 1.13025397 4.23947136 -2.01921278
v 1.04214264 4.20855355 -2.07185745
v 0.88974906 4.10000875 -2.04390869
v 0.78723423 4.36473539 -1.96486706
v 1.10536298 4.38436277 -1.88199884
v 1.16975090 4.19857319 -1.96178340
v 1.60017977 4.93169522 -2.02948810
v 1.48847247 4.95356768 -2.14531824
v 1.61685502 5.06669927 -2.13885622
v 1.46005577 5.09168753 -2.14829808
v 1.54872032 5.17768648 -2.01656779
v 1.64784736 5.11513600 -2.04545468
v 1.61620701 5.06771009 -1.93587163
v 1.41408588 5.09803771 -2.00327882
v 1.13249495 4.74779699 -1.71561944
v 1.20836099 4.77074316 -1.59673062
v 1.31956345 4.64278208 -1.60877423
v 1.29608059 4.56747603 -1.67049007
v 1.15822723 4.54198613 -1.75508797
v 1.25000942 4.69133022 -1.83413665
v 1.16428289 4.42685089 -1.78324744
v 0.99314300 4.64855200 -1.69683600
v 1.04270732 4.74950250 -1.59936205
v 1.14558800 4.77632200 -1.46585800
v 1.26095928 4.69944751 -1.52758025
v 1.36070560 4.52183344 -1.64786960
v 2.26912443 5.60221979 -1.61761899
v 2.31974420 5.57636357 -1.52948097
v 2.25370146 5.67818942 -1.59279338
v 2.24514255 5.69346416 -1.53351753
v 2.28542601 5.66695365 -1.48242358
v 1.89046115 5.24582543 -1.43304100
v 1.59271423 5.12973402 -1.24494300
v 1.41668151 4.95654799 -0.97933700
v 1.55964506 4.77196186 -1.00730079
v 1.67838792 4.88816492 -1.20481339
v 1.45862758 4.70792534 -1.28547724
v 1.31592526 4.83158597 -1.27114524
v 1.33225833 4.97899640 -1.07722364
v 1.51036168 4.86979766 -0.95180891
v 1.55874500 4.66443300 -1.15900900
v -1.56290132 5.46401417 -1.94890412
v -1.46876833 5.42666613 -2.04159497
v -1.54629790 5.64902906 -1.90949194
v -1.49191152 5.71874354 -2.00398769
v -1.45182879 5.70156784 -1.90451745
v -1.44030536 5.68881071 -2.01370691
v -1.39843875 4.93568757 -1.70013731
v -1.45255146 4.87518844 -1.78039443
v -1.19748408 4.90629226 -1.72720353
v -1.21377324 4.99363762 -1.87966746
v -1.26513894 4.92429091 -1.96136293
v -1.39008840 4.87066244 -1.94873578
v -1.47557254 4.81007633 -1.66295529
v -1.29400594 4.92479110 -1.65801039
v -1.08938100 4.80320400 -1.88836600
v -1.22236800 4.73408100 -2.04297600
v -1.40617232 4.76445300 -1.99425510
v -0.92026584 4.04945695 -2.94806201
v -0.83212251 4.10218563 -2.92535732
v -0.88193707 4.19650286 -2.93678593
v -1.00814914 4.03594917 -2.92520189
v -1.03963731 4.16284209 -2.86509358
v -0.97187802 4.20386681 -2.78373561
v -0.96443998 3.99246431 -2.25478414
v -1.04914056 4.04518191 -2.80834822
v -0.78750351 4.17630819 -2.83233561
v -0.68266581 3.78541203 -2.36991688
v -0.85532322 4.22536008 -2.80276429
v -0.87282865 3.74401235 -2.33047412
v -0.99106200 3.85423500 -2.28745800
v -0.85077900 4.10607500 -2.25652900
v -0.62114088 4.11333483 -2.32051442
v -0.55592200 3.94226600 -2.37084600
v -1.56016585 6.66668420 -0.97233242
v -1.56871465 6.69968686 -0.85824173
v -1.61657104 6.63093826 -0.83017988
v -1.63203493 6.56806690 -0.89547289
v -1.36230359 6.32741828 -0.99395965
v -1.63868833 6.61940044 -0.94972053
v -1.42081950 6.47327481 -0.79071927
v -1.42447779 6.57332482 -0.89366782
v -1.33700526 5.90532325 -0.91184734
v -1.23365871 5.49783095 -0.67559295
v -1.26820982 5.91612381 -0.75175679
v -1.12986508 5.88826429 -0.77467946
v -1.04569263 5.79069974 -0.85636542
v -1.09436540 5.78824278 -0.95649198
v -1.18555978 5.76222693 -0.98503864
v -1.20836815 5.25519261 -1.00318352
v -1.27848000 5.27966900 -0.80532300
v -1.04892000 5.41506000 -0.56215500
v -0.87612700 5.47627900 -0.64737800
v -0.81037300 5.48296300 -0.85933200
v -0.95791013 5.35384676 -1.09434754
v -2.36748235 4.69359594 -2.01860124
v -2.35356779 4.80146318 -2.04804327
v -2.48521588 4.69856044 -1.92492619
v -2.53229782 4.89436087 -1.96417708
v -2.55522156 4.79406154 -1.84417576
v -2.54885182 4.88733707 -1.81447973
v -2.47312266 4.95484481 -1.87021691
v -2.32258338 4.90096992 -1.93967525
v -2.40334316 4.90439248 -1.79045765
v -1.93044921 4.32944557 -1.81514118
v -1.92272102 4.42376943 -1.74959712
v -1.87472175 4.53055529 -1.79105158
v -1.85414305 4.57249720 -1.88965287
v -1.84683308 4.53744510 -1.99154577
v -1.84697211 4.31986657 -2.02823831
v -1.87122066 4.24175259 -1.91752738
v -1.89664864 4.35180698 -1.70412205
v -1.77123400 4.54032600 -1.73343400
v -1.72592769 4.56826953 -1.98308820
v -1.80170901 4.41829408 -2.06599425
v -2.59351152 5.59352860 -1.00565562
v -2.52942843 5.59920242 -1.01712914
v -2.60505217 5.57495406 -1.04605972
v -2.52562447 5.62141814 -1.07106191
v -2.58033964 5.60630836 -1.09782020
v -1.68818178 4.80443799 -1.50201782
v -1.81216962 4.69031824 -1.45640680
v -1.88291400 4.59259500 -1.36876400
v -2.07006444 4.92812177 -1.23416232
v -1.86125950 4.63465345 -1.17395172
v -1.56978032 4.91589449 -1.27585366
v -1.56773415 4.89196276 -1.44102628
v -0.06597532 3.36371881 -3.60852983
v 0.05419861 3.33869869 -3.58930813
v 0.08662764 3.43566479 -3.62277857
v -0.01623959 3.49489936 -3.63216358
v -0.08749404 3.43468091 -3.47928507
v -0.00826305 3.33446985 -3.63797887
v -0.15153656 3.29810047 -2.79694127
v -0.11131776 3.56266993 -2.89209368
v 0.01996794 3.60444057 -2.86740127
v 0.12884763 3.51988305 -2.95760224
v 0.16346189 3.38490422 -2.78482156
v 0.09154145 3.25268495 -2.76669403
v -0.04483413 3.21933880 -2.74539468
v -0.30436119 3.44725397 -2.43292077
v -0.24273900 3.67258500 -2.43311000
v 0.00444000 3.76782400 -2.44412300
v 0.20033600 3.60351600 -2.44023500
v 0.27644900 3.35156900 -2.41295300
v 0.11290000 3.12721100 -2.37992500
v -0.21477597 3.13347905 -2.37792896
v -1.49249493 4.65921033 -2.83276747
v -1.51139013 4.76390878 -2.76921152
v -1.45136125 4.79413597 -2.71406009
v -1.54861897 4.71117505 -2.73707374
v -1.38820131 4.73626714 -2.83600531
v -1.40314032 4.61963013 -2.81208705
v -1.27978325 4.25967943 -2.25628078
v -1.27001068 4.30816552 -2.46374919
v -1.19871300 4.09287300 -2.32059300
v -1.25482106 4.41498086 -2.16760860
v -1.13541117 4.49601339 -2.11687185
v -0.92424400 4.51020800 -2.15407800
v -1.14757819 4.56987747 -2.36326644
v -0.96980574 4.41688525 -2.31959761
v -0.88442104 4.25435474 -2.26549338
v -1.07542250 4.08926617 -2.29530713
v 0.94479162 3.07210082 -2.96436447
v 0.94370509 3.09663412 -3.10024587
v 1.02856017 3.12919989 -3.02275954
v 1.04126175 3.19393943 -3.08290258
v 0.91425096 3.20975710 -3.12874527
v 0.99546910 3.24832719 -3.04209434
v 0.83793536 3.14410634 -3.03586386
v 0.89067015 3.26517887 -2.98991526
v 0.45558536 3.02580129 -2.34716672
v 0.64193522 3.06417380 -2.59294899
v 0.48766477 3.21249788 -2.36517456
v 0.56608242 3.27806215 -2.34786501
v 0.67579722 3.26979029 -2.30253398
v 0.73056963 3.19071354 -2.27607149
v 0.69517031 3.00776161 -2.26877006
v 0.79009724 3.07741887 -2.49235700
v -1.08935955 3.15249082 -3.10013785
v -1.03177106 3.24911160 -3.15887997
v -1.08116383 3.31610911 -3.08875655
v -1.10593417 3.29189250 -2.97834424
v -1.00388899 3.29765582 -3.09570909
v -1.15041574 3.23238353 -3.05537267
v -0.85041816 3.06201841 -2.71479118
v -1.09766209 3.13961022 -2.95618137
v -0.98446666 3.18451152 -3.11152721
v -0.95251972 3.09948525 -2.49259955
v -0.91670573 3.05388369 -2.24670099
v -0.88468707 3.33379816 -2.26696066
v -0.94163500 3.23580900 -2.47624200
v -0.84730778 3.27644426 -2.50760281
v -0.62975800 3.30827400 -2.33619500
v -0.79334486 3.22866761 -2.59926697
v -0.57965952 3.06948073 -2.33552855
v -0.76045914 3.10433238 -2.58292132
v -0.75412300 2.98202600 -2.28865800
v 1.76025891 1.84059707 -1.93224433
v 1.77874096 1.89566469 -1.87450813
v 1.76524252 1.89307654 -1.99538639
v 1.76708876 1.94981028 -1.94261953
v 1.16576277 2.00563547 -1.75821304
v 1.12592547 2.32552747 -1.47350870
v 1.46498773 2.02182842 -1.61494152
v 0.98125195 1.95734619 -1.31903953
v 0.85750609 1.94352779 -1.47676543
v 0.81598800 2.12628000 -1.71719800
v 0.92044179 2.22791752 -1.70519213
v 1.03152440 2.31431301 -1.60183301
v 1.17989800 2.21787200 -1.26769600
v 1.10498000 2.04525100 -1.18280100
v 0.14434342 2.32457636 -3.19158827
v -0.00869716 2.21659866 -3.14994506
v -0.19628922 2.22638660 -3.14990909
v -0.10189922 2.20736979 -3.43164067
v -0.09195500 2.35189900 -3.53415300
v 0.07692745 2.35245530 -3.47725049
v -0.24434300 2.32081600 -3.46289300
v -0.26427736 2.47949652 -3.43234245
v -0.13918600 2.51457200 -3.52413200
v 0.00264572 2.54884219 -3.47422004
v -0.15348383 2.66046778 -3.28051477
v -0.27640583 2.61521820 -2.97647685
v -0.31100051 2.37688284 -3.18211874
v 0.14837216 2.50998064 -3.24833358
v 0.00091262 2.41103700 -2.69982917
v 0.03531317 2.67816375 -3.17661769
v -0.37136800 2.59365500 -2.26683100
v -0.25444145 2.51388750 -2.77992122
v -0.15523197 2.40911404 -2.72368982
v -0.22116800 2.41244600 -2.20408000
v -0.36875849 2.80191081 -2.30450529
v -0.21269600 2.94840800 -2.34007000
v -0.14286600 2.74721325 -2.84931080
v 0.01063991 2.92008925 -2.35365300
v 0.20580600 2.79230500 -2.29468300
v 0.11757244 2.67336504 -2.70434370
v 0.20492700 2.55370000 -2.22840000
v 0.11797898 2.51792341 -2.66667512
v 0.01548300 2.42104900 -2.20416400
v 1.16787825 2.50965814 -2.92565615
v 1.07588428 2.41109363 -2.95768079
v 0.95698865 2.39886737 -3.01305041
v 1.08117257 2.43963558 -3.16975470
v 1.18753899 2.56839860 -3.12800414
v 1.03604989 2.52936274 -3.24364579
v 0.99289342 2.63821223 -3.22737792
v 0.86247281 2.62293059 -3.10808280
v 0.94189383 2.72160139 -3.05975197
v 0.86812257 2.48555620 -3.06663522
v 1.15283485 2.64241828 -2.94165968
v 0.87190824 2.48012265 -2.50394549
v 1.10112814 2.72412783 -3.09185225
v 0.51102399 2.56158394 -2.27384674
v 0.56572670 2.45299881 -2.20118156
v 0.47671100 2.69657500 -2.26950100
v 0.72337259 2.64702220 -2.65164226
v 0.62002100 2.79455200 -2.23045400
v 0.79657350 2.72360131 -2.64861288
v 0.73855996 2.76670234 -2.18427441
v 0.80531126 2.66694053 -2.13994179
v 0.75818337 2.40758485 -2.03638657
v 0.95473568 2.55929744 -2.49105734
v 0.51085432 4.08116199 -2.81579437
v 0.52982644 4.16591938 -2.77771374
v 0.62783303 4.12571013 -2.75727482
v 0.58205963 4.18321298 -2.71857825
v 0.45643317 4.12726685 -2.76400852
v 0.31412304 3.73695558 -2.30901957
v 0.26153345 3.95025249 -2.19616564
v 0.61791383 3.95013306 -2.44630514
v 0.23456989 3.83242777 -2.27421021
v 0.43172573 4.00755081 -2.13434881
v 0.61888059 3.96580006 -2.13149525
v 0.67047380 3.81429178 -2.23490832
v 0.47001689 3.72803661 -2.30386014
v -1.63412013 3.67677324 -2.73715771
v -1.71019605 3.65024903 -2.65214278
v -1.75610309 3.71361311 -2.64381964
v -1.73641354 3.78818017 -2.61759638
v -1.63340496 3.80367110 -2.72184799
v -1.23621672 3.54457983 -2.33558405
v -1.44516700 3.49780000 -2.22974000
v -1.30771600 3.86597700 -2.28678400
v -1.50327771 3.78560096 -2.19610760
v -1.20689300 3.77770400 -2.32916500
v -1.54096200 3.62483500 -2.16910600
v -1.94708259 4.89033588 -2.49026969
v -1.82647230 4.93919855 -2.57486926
v -1.92578647 4.97622584 -2.40531471
v -1.85495449 5.02830202 -2.48892529
v -1.77859576 4.97393966 -2.50836631
v -1.83589602 4.86493136 -2.54884906
v -1.62691296 4.46993167 -2.27157056
v -1.49185239 4.73867752 -2.17210434
v -1.51982300 4.46546100 -2.33999800
v -1.67685615 4.59911209 -2.11099434
v -1.56700958 4.70840015 -2.10335746
v -1.43715968 4.68630271 -2.24865121
v -1.90621822 4.06658784 -2.91413627
v -1.90968001 4.14769751 -2.87930113
v -1.97256657 4.01674125 -2.88289114
v -2.00806748 4.07436052 -2.80154217
v -1.84924883 4.00758072 -2.83899179
v -1.96986159 4.14015371 -2.80867560
v -1.95454898 4.01546433 -2.75395292
v -1.67151403 4.01679089 -2.23194483
v -1.59531507 3.93229930 -2.32650783
v -1.60491445 4.19425116 -2.29235823
v -1.73536347 4.09386273 -2.44566725
v -1.51328356 4.15063019 -2.37607358
v -1.47705721 3.96842017 -2.38286418
v -1.68627062 4.09284392 -2.71541657
v 2.34027693 4.81631376 -2.54029241
v 2.31846552 4.82543860 -2.71388921
v 2.37038321 4.92176946 -2.61648071
v 2.22444469 4.93821838 -2.71686749
v 2.24313475 4.98125755 -2.63886372
v 2.19803593 4.83303773 -2.71441767
v 2.31377217 4.77060442 -2.61532822
v 2.28170876 4.96773915 -2.55905576
v 2.30291674 4.88072810 -2.50451234
v 1.66360872 4.36454394 -2.34440186
v 1.72800483 4.29037159 -2.32268827
v 1.62578934 4.45908881 -2.28655617
v 1.69553946 4.52329846 -2.24429976
v 1.69680957 4.50405115 -2.05689249
v 1.91408849 4.62293187 -2.28106113
v 1.83510300 4.37924200 -2.14104200
v 1.97069700 4.51801100 -2.30908000
v 1.81518050 4.31814964 -2.23448936
v 1.73520260 4.09211254 -2.99196213
v 1.87002346 4.07451833 -2.92797205
v 1.81257976 3.99870379 -2.83170676
v 1.79542859 4.14950115 -2.90149516
v 1.60989992 3.99140126 -2.84094050
v 1.52607868 4.06151631 -2.75467570
v 1.79169696 3.99693807 -2.96848332
v 1.63069718 4.04010069 -2.44292483
v 1.43316403 4.08119060 -2.28628581
v 1.47416062 3.73067026 -2.31870191
v 1.58464879 3.87987839 -2.51267677
v 1.39710248 3.86534705 -2.43430084
v 1.33846757 3.93764307 -2.40435535
v 1.34863466 4.03583229 -2.31816009
v 2.58454723 3.89788686 -2.28037310
v 2.51320220 3.87064582 -2.37675425
v 2.53373168 3.97335558 -2.36989248
v 2.57488810 3.96098993 -2.28067491
v 2.39621087 3.98231524 -2.39956342
v 2.49818687 4.01745825 -2.25782873
v 2.12062113 3.76135419 -2.09250005
v 2.02743817 4.02215166 -2.21098220
v 1.79388600 4.01971600 -2.24616300
v 1.83737520 3.84938155 -2.28094507
v 1.88039900 4.10089700 -2.08175300
v 1.96131600 4.00610300 -1.91295300
v 2.09458100 3.96400600 -2.06074300
v 2.00046800 3.80456800 -1.83265700
v 2.12444532 3.85795686 -2.03043779
v 1.92402673 3.55223963 -1.77724931
v 1.94630058 3.63757524 -2.17015325
v 2.03926700 3.78077600 -2.28943900
v 1.50897402 3.67132126 -2.91634360
v 1.45047195 3.67861682 -3.02708940
v 1.39020718 3.73599749 -3.03050498
v 1.30202376 3.78697477 -2.94129169
v 1.44400699 3.82969145 -2.93637460
v 1.50251658 3.77380680 -2.85346334
v 1.20353145 3.65482978 -2.41534974
v 1.42184996 3.61132979 -2.90747884
v 0.86935406 3.42034633 -2.46738920
v 1.00265473 3.36955748 -2.37781514
v 0.78225562 3.54886683 -2.50664953
v 0.80237823 3.71816199 -2.43300048
v 0.91415168 3.80377111 -2.35419592
v 1.08360000 3.78689200 -2.24195900
v 1.14300250 3.76864081 -2.45502372
v 1.17876200 3.62527000 -2.21889900
v 1.12313689 3.44416462 -2.28941754
v 1.20730198 3.06795623 -3.14468200
v 1.29897186 3.03609591 -3.12292370
v 1.35820583 3.07411615 -3.05936051
v 1.33769575 3.13469380 -3.13666658
v 1.22526303 3.17791447 -3.12615204
v 1.27061555 2.95422033 -2.71964331
v 1.31576788 3.17802308 -3.06969539
v 0.88524655 2.99226984 -2.30894695
v 0.95863267 2.87607507 -2.28519106
v 0.92167200 3.15262700 -2.32046700
v 1.01346257 3.10065034 -2.54261381
v 1.07256600 3.21287900 -2.30333400
v 1.10347073 3.15176429 -2.54566665
v 1.19039213 3.15000732 -2.35262806
v 1.23197633 3.06371582 -2.23391333
v 1.18667196 2.92641538 -2.23887418
v 1.92289832 3.23905650 -2.79186431
v 1.92440427 3.33909284 -2.73366291
v 1.85542426 3.30125036 -2.92957542
v 1.75769680 3.38007159 -2.97689996
v 1.87073373 3.44368057 -2.82891787
v 1.61663763 3.30922455 -2.87673548
v 1.62151900 3.42161100 -2.85133500
v 1.74141417 3.47937057 -2.83018056
v 1.71669199 3.21169049 -2.87385458
v 1.81139273 3.17390684 -2.79025059
v 1.48652575 3.11038966 -2.33714791
v 1.34369900 3.27773700 -2.49230200
v 1.39571398 3.39091621 -2.48018492
v 1.45701358 3.48360682 -2.36508689
v 1.59008020 3.42775488 -2.28440105
v 1.65670149 3.32907822 -2.24078277
v 1.63944662 3.20612581 -2.24644186
v -1.58378687 3.03560886 -2.68200911
v -1.52442977 3.11128800 -2.75399673
v -1.64107073 3.09952522 -2.63801518
v -1.53654379 3.21618711 -2.69927440
v -1.61926293 3.18427612 -2.61639321
v -1.46134353 3.16953614 -2.71177135
v -1.40359700 2.96145358 -2.44013074
v -1.45966500 3.03917100 -2.33924300
v -1.04227088 3.00971578 -2.26935018
v -1.22329700 2.85327000 -2.24012600
v -1.36634310 2.89490789 -2.19144133
v -1.40309925 3.10868603 -2.13580552
v -1.32576248 3.22302692 -2.19118882
v -1.18030815 3.24082254 -2.25310115
v -1.21711795 2.48864401 -2.53809416
v -1.18866374 2.45829776 -2.63675706
v -1.09321970 2.47559672 -2.69490061
v -1.26928990 2.57348907 -2.61318610
v -1.22895442 2.66495848 -2.60688222
v -1.08224783 2.64596065 -2.73390497
v -1.16581053 2.68241774 -2.68322859
v -1.07563392 2.55720663 -2.74528366
v -0.71675471 2.61019485 -2.35996205
v -1.05377990 2.46233784 -2.32233551
v -0.70301035 2.44666189 -2.27121917
v -0.84949300 2.35897500 -2.14828200
v -1.00206944 2.45661315 -2.08948718
v -1.06064105 2.65957675 -2.10241144
v -0.98530505 2.81122640 -2.17508151
v -0.86649627 2.84603957 -2.26070162
v -0.73718307 2.77691602 -2.33715998
v -2.16865149 3.28750921 -2.33205995
v -2.24098705 3.24927444 -2.28982716
v -2.30889880 3.29578783 -2.19042856
v -2.29612383 3.36443162 -2.18928910
v -2.21684121 3.39514588 -2.12395347
v -2.22517071 3.38094349 -2.32512721
v -2.22267506 3.21756203 -2.19280309
v -2.18551245 3.43298331 -2.27108559
v -1.71077763 3.27067760 -2.19587652
v -1.71067841 3.38687334 -2.19182632
v -1.71511170 3.17363509 -2.09998124
v -1.80306710 3.16810773 -1.96282337
v -1.86900879 3.26559503 -1.91147643
v -1.86971603 3.37472073 -1.91391934
v -1.83659233 3.45349424 -1.98306026
v -1.76838786 3.48741904 -2.09955364
v -2.44669139 3.88263899 -2.13579337
v -2.47227452 3.78372548 -2.08412982
v -2.50837345 3.74491400 -1.97856161
v -2.60461936 3.82768379 -2.02871487
v -2.56685335 3.94803533 -2.08754757
v -2.60011897 3.90331265 -1.86580234
v -2.61603647 3.97119500 -1.94105385
v -2.52255914 3.79588003 -1.87793696
v -2.44684574 3.98844519 -1.87266333
v -2.51703139 4.03864500 -2.00144773
v -2.43166441 3.98822120 -2.09597913
v -1.96019042 3.79970241 -2.08939565
v -2.00914228 3.68281477 -2.02097416
v -2.07796237 3.65556917 -1.87469660
v -2.09438982 3.72266548 -1.79147000
v -2.09331446 3.83563508 -1.72455962
v -2.07344535 3.93897909 -1.77290971
v -2.01432695 4.00364125 -1.89494604
v -1.97120610 3.93902541 -2.02353397
v -2.80406362 3.44895313 -1.98162219
v -2.93274172 3.46702121 -1.83121240
v -2.85178099 3.54926469 -2.01255879
v -2.91626221 3.63017518 -1.89220706
v -2.83325221 3.51860493 -1.74006397
v -2.83602970 3.40475917 -1.88911971
v -2.76370629 3.65819615 -1.85260751
v -2.79468607 3.63760431 -1.96638574
v -2.91257160 3.60981889 -1.78647798
v -2.21670097 3.41977990 -1.91264211
v -2.04997272 3.51537153 -1.93255756
v -2.12572878 3.35155683 -1.79954825
v -2.16047078 3.36382349 -1.68680284
v -2.16649600 3.46031100 -1.52722300
v -2.40968800 3.47613300 -1.66920700
v -2.16849591 3.58926904 -1.61998643
v -2.14289146 3.62756534 -1.75100700
v -2.33124000 3.59439600 -1.89836300
v 0.11438755 1.43169750 -2.38259364
v 0.26824608 1.44015207 -2.40089246
v 0.28578320 1.50230755 -2.51212942
v 0.09371516 1.58015112 -2.55562213
v 0.16050838 1.68846315 -2.54443009
v 0.03373001 1.55750452 -2.37599620
v 0.36142781 1.61743246 -2.42902588
v 0.34153184 1.53234947 -2.31454763
v 0.23153208 1.47933858 -2.25111133
v 0.11601642 2.02404328 -2.17284656
v 0.29473594 1.66269528 -2.55370115
v 0.24196234 2.02764669 -2.14873877
v 0.31395661 1.94120146 -2.07468604
v 0.29342305 1.83793037 -1.99743107
v 0.19095848 1.79609480 -1.92272825
v 0.07213208 1.79519827 -1.95896381
v -0.00069928 1.87887928 -2.04058743
v 0.01350825 1.96508697 -2.12935269
v 0.19866012 2.26491987 -2.09742118
v 0.40414073 2.08068730 -1.89882515
v 0.24689770 1.86577610 -1.74332523
v -0.07631131 1.87744678 -1.79919715
v -0.10911600 2.14130000 -2.03818300
v -0.44064063 1.16795359 -2.10773427
v -0.54943892 1.13070090 -2.01499262
v -0.56363553 1.05831793 -2.13555150
v -0.57307165 1.08413170 -2.26025693
v -0.71293361 1.08317366 -2.12296045
v -0.72025393 1.15408211 -2.28557934
v -0.78503201 1.26058757 -2.22661491
v -0.68063945 1.32202973 -2.33468662
v -0.54956847 1.22330629 -2.36455799
v -0.77742695 1.22839839 -2.07406827
v -0.68247579 1.16223508 -1.98340816
v -0.49674222 1.56473582 -2.21763849
v -0.43340195 1.23772948 -2.26047668
v -0.41906871 1.92480659 -2.12211420
v -0.59632846 1.65573055 -2.15888521
v -0.40560304 1.58576765 -2.09828634
v -0.39880715 1.55962588 -1.97012781
v -0.47706428 1.53000186 -1.89047170
v -0.58689837 1.55812447 -1.87105436
v -0.66114308 1.61101179 -1.93986774
v -0.67222873 1.65020333 -2.06663743
v -0.62658000 1.97516500 -2.10577100
v -0.27837300 1.85180500 -2.00633800
v -0.25814000 1.74291200 -1.83643100
v -0.50945831 1.69628530 -1.66811209
v -0.72080900 1.79396300 -1.82561800
v -0.14602366 0.72019376 -1.30154160
v -0.09005128 0.60735102 -1.34890450
v -0.03815830 0.60328893 -1.45486607
v -0.14090846 0.66315947 -1.53114768
v -0.21503976 0.73018525 -1.48097522
v -0.02700763 0.72761536 -1.55557895
v -0.21313422 0.73125312 -1.37997745
v 0.03633335 0.73364412 -1.47670944
v -0.18866259 1.56805438 -1.64919778
v 0.01379310 1.42024054 -1.52764113
v 0.02687838 0.72265650 -1.36843240
v -0.05168744 0.72410213 -1.29936021
v -0.24373757 1.43744530 -1.35264173
v -0.26536502 1.45521221 -1.53952998
v -0.06056554 1.51402152 -1.63451971
v 0.07715500 1.58990900 -1.57413900
v 0.04521901 1.53250834 -1.39151550
v -0.06736803 1.51853070 -1.29145395
v -0.24111000 1.54353300 -1.26080400
v -0.39050759 1.59905287 -1.50547047
v -1.77232534 1.94753975 -1.96885167
v -1.90908232 1.99551664 -1.78735077
v -1.89294774 2.08919594 -1.80702149
v -1.85867051 2.05265013 -1.98362250
v -1.71257103 1.91561581 -1.87062601
v -1.82280616 1.93404023 -1.80166240
v -1.71672235 2.04955712 -2.02111023
v -1.46611335 1.97520347 -1.71426197
v -1.53359500 2.12859500 -1.62742400
v -1.71894860 2.21027807 -1.86751189
v -1.56736203 2.22652905 -1.95692028
v -1.28944790 2.21504802 -1.94826461
v -1.22842071 2.07220365 -1.89108126
v -1.23919400 1.98502400 -1.73960500
v -1.40604008 2.03858332 -1.55120473
v -1.44687863 2.30635165 -1.59457025
v -1.43520300 2.39367600 -1.72849300
v -1.33589300 2.38230600 -1.91404400
v -1.83661267 2.59344185 -2.22399648
v -1.96530161 2.66183783 -2.23299351
v -2.01787925 2.71171662 -2.09557760
v -1.98703666 2.82720287 -2.12960444
v -1.86803863 2.87926190 -2.17189120
v -1.88721980 2.57382910 -2.10710500
v -1.93750433 2.63256433 -2.00568492
v -1.86089652 2.80361253 -2.29663243
v -1.81578978 2.69887393 -2.29701870
v -1.93844856 2.75295362 -1.97945830
v -1.57775382 2.74525776 -2.17598908
v -1.77304378 2.87870123 -1.98497679
v -1.59329262 2.84980172 -2.16588458
v -1.53006600 2.65074700 -2.09090000
v -1.64846211 2.62213649 -1.95255768
v -1.73925115 2.71797307 -1.87347051
v -1.72651015 2.89596131 -1.90064571
v -1.63609670 2.91992849 -2.07057666
v 0.79733481 1.06392041 -1.82123686
v 0.93245632 1.04002254 -1.96124319
v 1.01086512 1.13326604 -1.83818358
v 0.78776454 1.14714048 -2.04530256
v 0.87671385 1.22752089 -2.07490140
v 0.99983983 1.22465593 -2.01633640
v 1.02810846 1.23872614 -1.89406649
v 0.88517827 1.10630928 -1.75692075
v 0.74323618 1.09718113 -1.93277411
v 0.74434304 1.66384790 -1.87443435
v 0.64279073 1.64462737 -1.92012586
v 0.77511581 1.65259928 -1.73767335
v 0.75059930 1.57149707 -1.64413377
v 0.65822602 1.52071699 -1.61397830
v 0.55823489 1.48805154 -1.67638106
v 0.51415505 1.52404171 -1.78006901
v 0.55925145 1.56624041 -1.89955388
v 0.63941500 2.06098200 -1.80484700
v 0.76331964 1.78681579 -1.55082488
v 0.50011384 1.59917117 -1.49453500
v 0.35931293 1.68285994 -1.75382480
v -1.31195422 1.21741674 -1.72063103
v -1.35156026 1.13588904 -1.79283287
v -1.20549411 1.11335674 -1.86078418
v -1.41192387 1.26203211 -1.88700549
v -1.28616009 1.19123417 -2.00750280
v -1.33333478 1.29916714 -1.97731389
v -1.37552367 1.27789159 -1.78017606
v -1.16950061 1.20059173 -1.94792245
v -1.21920368 1.18180214 -1.75017704
v -1.05001497 1.81782963 -1.88794538
v -0.99133848 1.54330337 -1.80043186
v -1.10132379 1.58422837 -1.71777535
v -1.17334344 1.64160543 -1.80459039
v -0.96905520 1.75398436 -1.91818700
v -0.92763544 1.68368560 -1.86351805
v -0.84780200 1.68804700 -1.72764300
v -0.95709555 1.68821796 -1.66638143
v -1.08890029 1.74812967 -1.67289094
v -1.12215958 1.83646472 -1.76948228
v 0.93968821 0.74815837 -1.38674115
v 0.85563710 0.52574026 -1.46732264
v 0.98747993 0.61046237 -1.55285212
v 0.78488753 0.55070060 -1.63498834
v 0.92302945 0.64834672 -1.68599352
v 0.61907897 0.62935383 -1.53191285
v 0.54722308 1.30209872 -1.44532282
v 0.49087544 1.24018057 -1.32281738
v 0.36844381 1.18676330 -1.35211319
v 0.21668090 1.35787457 -1.39775830
v 0.39829519 1.50255654 -1.50055805
v 0.29453364 1.49650659 -1.53981142
v 0.45719817 1.50582981 -1.30266494
v 0.26519484 1.36688163 -1.23865374
v 0.23462138 1.39403715 -1.49435396
v 0.73333598 0.82640313 -1.72249070
v 0.62036893 0.74396225 -1.66744990
v 0.88034168 0.88058979 -1.67276534
v 0.95664492 0.85340115 -1.53169399
v 0.81881924 0.65937407 -1.33157564
v 0.68786073 0.60791503 -1.38569258
v 2.20657469 0.94912659 -0.81190666
v 2.21575301 1.03604975 -0.82710689
v 2.11720891 0.92228165 -0.93003414
v 2.23306224 0.93091836 -0.93684132
v 2.12377019 1.03807655 -0.99140854
v 2.24783106 1.03669854 -0.92484679
v 2.11399504 0.94237586 -0.82507232
v 1.28204084 1.99818960 -1.04445420
v 1.50001794 1.69269527 -0.96438750
v 1.38021870 2.08585295 -1.01884290
v 1.39691444 2.11729723 -0.92155683
v 1.36485135 2.06389593 -0.77500944
v 1.24570716 1.90628740 -0.83936744
v 1.57430214 1.71592474 -0.81157484
v -1.85977702 0.84224979 -1.32401232
v -1.94072761 0.80598576 -1.39160598
v -1.78534722 0.77854331 -1.44936741
v -1.95664547 0.83051434 -1.51915860
v -1.90064917 0.94825755 -1.54300593
v -1.82454398 0.88849183 -1.58444211
v -1.94165902 0.96842615 -1.45798306
v -1.77074140 0.82837246 -1.53361087
v -1.94539651 0.91338491 -1.36811351
v -1.22700198 1.70003725 -1.54792719
v -1.26204978 1.43258487 -1.36896534
v -1.35159263 1.49710728 -1.35039567
v -1.38655036 1.55099220 -1.46709398
v -1.16888375 1.63898904 -1.57355177
v -1.10359076 1.59696674 -1.52080575
v -1.11007999 1.54494797 -1.42062789
v -1.10796728 1.58549345 -1.25208565
v -1.29195252 1.74448336 -1.40963277
v 1.57160578 0.86958092 -1.04107948
v 1.65815067 0.93785722 -1.13094820
v 1.66199942 0.93095438 -0.95555574
v 1.51080610 0.96451566 -1.12279260
v 1.53419312 0.93105342 -0.96676457
v 1.69947124 1.03255976 -1.04645696
v 1.56796690 1.01808084 -1.16248233
v 1.40061804 1.32863948 -1.12860135
v 1.09369787 1.82857435 -0.98050375
v 1.64159713 1.06004917 -0.96594602
v 0.76751488 1.63905505 -1.13715997
v 0.88616413 1.74383951 -1.21486908
v 1.01538100 1.82547900 -1.14682900
v 1.08392400 1.77263300 -0.82646400
v 0.95810642 1.65304988 -0.74403384
v 0.81897670 1.58114052 -0.81431359
v 0.76125171 1.57019397 -0.96478724
v 2.67257888 4.77790028 -1.98016738
v 2.68845264 4.90918128 -2.11784970
v 2.69973682 4.89101360 -1.96468271
v 2.58813056 4.96495339 -2.10035455
v 2.53659720 4.92680892 -2.02382688
v 2.56075042 4.85078502 -2.15069686
v 2.65314341 4.75502367 -2.06855730
v 2.61919515 4.78847267 -2.13931487
v 2.62325472 4.93966218 -1.96531987
v 1.93085597 4.34204838 -2.06482764
v 1.99983717 4.26575038 -2.04729736
v 1.89505300 4.41797700 -2.01672200
v 2.15603367 4.59337080 -2.00878773
v 1.96509022 4.39528053 -1.78648962
v 2.01004448 4.31064587 -1.76410350
v 2.05583272 4.20947345 -1.87531483
v 2.89049878 4.27514289 -1.83217753
v 2.92949152 4.35793369 -1.71845995
v 2.94563822 4.25281761 -1.68906073
v 2.86165053 4.39924421 -1.73477222
v 2.83376598 4.16760216 -1.74417002
v 2.87329101 4.31794603 -1.62040298
v 2.79396779 4.35282005 -1.80697086
v 2.00637900 4.06241900 -1.67131000
v 2.33674438 4.06320797 -1.69765589
v 1.98004300 3.88824700 -1.64020600
v 2.02154312 4.18263105 -1.52474440
v 2.26550670 4.17597451 -1.58819531
v 2.05303079 4.06648318 -1.35208449
v 2.04553528 3.92741374 -1.35537781
v 2.48305026 4.02219022 -1.55100451
v 2.00671145 3.86358191 -1.52096208
v 1.65486177 2.60358870 -2.67718409
v 1.64033221 2.72346827 -2.72761929
v 1.73229678 2.66258977 -2.57679627
v 1.51308345 2.77217498 -2.64226503
v 1.67984871 2.74408220 -2.49433343
v 1.68239969 2.79261261 -2.61909893
v 1.49514325 2.60394196 -2.58494882
v 1.22575875 2.85729535 -2.18094177
v 1.33295009 2.88325988 -2.10048619
v 1.40149860 2.79724398 -2.03603956
v 1.40249935 2.68054098 -2.03854459
v 1.35345400 2.58303800 -2.07135700
v 1.44264710 2.62995981 -2.24846628
v 1.17776300 2.66127800 -2.20787800
v 1.32927172 2.65255606 -2.33310270
v 1.19407649 2.77534816 -2.23145901
v -0.17782780 6.48053591 -0.90219430
v -0.09759299 6.62012183 -0.76363538
v -0.06818861 6.57923537 -0.93310717
v 0.01297777 6.60773418 -0.81269566
v 0.00961786 6.53904307 -0.91046589
v 0.03375982 6.51264215 -0.79822981
v -0.05856212 6.51666234 -0.72463806
v -0.18391094 6.51633310 -0.82479017
v -0.14509656 6.00652335 -0.68131058
v -0.26770164 6.00668388 -0.68392430
v -0.26388353 5.73144923 -0.55380707
v -0.06841042 5.73804232 -0.68456952
v -0.12468500 5.67612000 -0.88149300
v -0.10749420 5.98880923 -0.85382260
v -0.26217744 5.65747855 -0.87707672
v -0.36246319 5.67637484 -0.71450435
v 0.71967369 6.72116045 -0.41037599
v 0.80778300 6.71406700 -0.43550200
v 0.75545195 6.68658914 -0.34140448
v 0.82332741 6.66384851 -0.52530530
v 0.84753704 6.63489729 -0.39872040
v 0.73520298 6.68494420 -0.53804460
v 0.29128594 5.67603809 -0.39108923
v 0.63578070 6.12785353 -0.53371377
v 0.57830613 6.10482442 -0.37875092
v 0.44152024 5.85752140 -0.62160653
v 0.28829488 5.67756976 -0.62188077
v 0.40491941 5.63178623 -0.32357606
v 0.57177080 5.59931893 -0.52141738
v 0.48165235 5.63608481 -0.68625737
v 0.24624263 5.67355780 -0.51496601
v 1.60011334 5.96069572 -1.08514970
v 1.68519647 5.88780321 -1.04317507
v 1.64199477 5.94160277 -0.91382786
v 1.61183696 6.00765330 -1.00657990
v 1.53980423 5.94958639 -0.96819336
v 1.49312985 5.63737215 -1.12259589
v 1.64255635 5.81453166 -0.93616537
v 1.39546306 5.35238910 -0.92748673
v 1.37409224 5.14275780 -1.02400469
v 1.21248254 5.24464103 -1.07662626
v 1.16807468 5.03992846 -1.11800637
v 1.20146784 5.27854386 -0.99646989
v 1.24140638 5.26831491 -0.92140977
v 1.32951792 5.21381435 -0.89882056
v 1.35077231 5.18435582 -1.08600214
v 2.70250682 3.42423261 -2.32615867
v 2.74080648 3.48336951 -2.25369577
v 2.70213262 3.53834686 -2.36705222
v 2.54130633 3.56243280 -2.41991063
v 2.57093673 3.61578026 -2.33807454
v 2.71275270 3.54589593 -2.24005967
v 2.51707216 3.60253258 -2.23070682
v 2.01509340 3.55585019 -2.22283299
v 2.02929239 3.35839689 -2.08647060
v 2.54088687 3.47598745 -2.42946172
v 1.99208020 3.45102062 -2.35602840
v 2.02134632 3.44745409 -2.07630970
v 2.01159425 3.31464532 -2.16142129
v 2.12208815 3.35040403 -2.30937134
v -3.09660317 4.79801976 -1.72104826
v -3.16782953 4.93224458 -1.61300656
v -3.07329060 4.90693281 -1.75571526
v -3.07231325 5.00245162 -1.65044376
v -3.00857177 4.93951625 -1.50414426
v -2.91663292 4.92821181 -1.59636705
v -3.14475480 4.77507761 -1.62797979
v -2.97455999 4.94089880 -1.71657733
v -3.09541682 4.88936720 -1.49304003
v -2.44521720 4.38030421 -1.68990771
v -2.28430158 4.06386201 -1.36679334
v -3.13612713 4.78473683 -1.51530639
v -2.48409960 4.35519996 -1.36722971
v -2.38800368 4.49011778 -1.46233090
v -2.36954190 4.45301234 -1.63023502
v -2.21588600 4.21961200 -1.28182900
v -2.14480900 4.35355800 -1.34499100
v -2.06541111 4.35753003 -1.58962235
v -2.09083000 4.17992700 -1.72713700
v -2.21303957 4.06167742 -1.64681200
v -2.24927766 3.99024278 -1.51603780
v -0.87091927 6.46374927 -0.70076510
v -0.80722171 6.49195765 -0.63693960
v -0.99463842 6.52563595 -0.66752614
v -0.87384820 6.57289576 -0.54507389
v -1.05309674 6.52674340 -0.58990546
v -1.03756184 6.48680059 -0.51200639
v -0.89824027 6.51365549 -0.46698034
v -0.95731428 6.42467210 -0.47304388
v -0.55460016 5.89394981 -0.61704439
v -0.69446744 5.51250480 -0.72815302
v -0.62054561 5.53665282 -0.83909746
v -0.80527791 5.86784280 -0.59410775
v -0.48488658 5.61000606 -0.53267725
v -0.41962570 5.64189149 -0.73204616
v -0.48911532 5.58000622 -0.84876482
v -1.47569550 6.21085789 -0.17907610
v -1.66972445 6.22122815 -0.26158025
v -1.62872272 6.31248434 -0.17021980
v -1.64418182 6.28506216 -0.09722493
v -1.72149877 6.12088319 -0.12550378
v -1.59771679 6.14762800 -0.02203794
v -1.63369309 6.05520323 -0.08512647
v -1.66683823 6.09988289 -0.25403721
v -1.48810416 6.14542299 -0.29779014
v -1.48760915 6.16456324 -0.07749782
v -1.30311389 5.30869064 -0.47043191
v -1.35730191 5.68549920 -0.40596301
v -1.20869181 5.34893967 -0.55794715
v -1.24460505 5.36206464 -0.20089845
v -1.39304321 5.62056831 -0.26919071
v -1.30910019 5.70178435 -0.17949401
v -1.05896774 5.39547639 -0.32212119
v -1.11193955 5.39890343 -0.46947023
v -2.08423983 6.06740619 -0.49430735
v -2.01726963 6.10158107 -0.48401837
v -2.07470814 6.11530568 -0.38043063
v -2.03283643 5.98455880 -0.37303537
v -2.10172037 6.04653236 -0.42831934
v -1.88888124 6.02627261 -0.48492501
v -1.90836087 5.99368585 -0.35405595
v -1.81564897 5.74788169 -0.56074196
v -1.50509322 5.13776263 -0.60576570
v -1.55575641 5.08015341 -0.43964093
v -1.48009679 5.16070343 -0.28484727
v -1.33129708 5.29326464 -0.36621084
v -2.00345735 5.61575887 -0.90244514
v -2.13457255 5.65441109 -0.81692370
v -2.11479481 5.83362283 -0.83122643
v -2.14109992 5.73647431 -0.73283788
v -2.09296106 5.81632659 -0.70975024
v -2.04609045 5.83788347 -0.83672187
v -1.99365612 5.79976829 -0.75054080
v -1.54244706 5.11245142 -0.90053411
v -1.71477924 4.95832803 -0.89300889
v -1.75405918 4.90898836 -0.77023993
v -1.74522364 5.00285218 -0.66867366
v -1.67801619 5.07535805 -0.61916342
v -1.61383952 5.16403692 -0.67662856
v -1.55416164 5.18185444 -0.77792034
v -1.62056114 5.04729723 -0.95974698
v -2.68701133 5.50355861 -0.92500446
v -2.60513087 5.55686925 -0.90363945
v -2.72206746 5.51601096 -0.79628254
v -2.69888396 5.42094731 -0.74482068
v -2.63565702 5.46581150 -0.71973044
v -2.71901573 5.39083063 -0.83356672
v -2.69433608 5.39296666 -0.92026988
v -2.58694877 5.54791454 -0.75773141
v -2.54405529 5.54149737 -0.83959619
v -2.05926900 4.46269300 -0.96437000
v -2.22117246 4.79734938 -0.93573985
v -1.96855312 4.57573716 -1.03364477
v -2.07114713 4.48118143 -0.83159957
v -2.02155200 4.53368900 -0.71239000
v -2.23761062 4.84949915 -0.76601002
v -1.94698290 4.64300199 -0.71310619
v -1.88360057 4.70648352 -0.77228288
v -1.85364165 4.71592829 -0.96369359
v -2.11089755 4.96914866 -0.91299697
v -2.45675812 5.22145787 -0.96384963
v -2.99778003 5.31129881 -0.60557376
v -3.01825851 5.35328777 -0.52874636
v -2.93193477 5.31409824 -0.48936757
v -3.03692098 5.27335749 -0.55111528
v -2.94646105 5.36909761 -0.55898194
v -3.00330266 5.30517323 -0.47849164
v -2.70639594 4.92161610 -0.67414035
v -2.47742612 4.76679058 -0.64508645
v -2.79436686 4.91298809 -0.64976453
v -2.80206989 4.84823885 -0.58563710
v -2.83268069 4.92174488 -0.49525294
v -2.60897430 4.73504377 -0.44673753
v -2.44941379 4.68169754 -0.46785341
v -2.43309211 4.75042310 -0.54697857
v -2.20658407 4.15882130 -0.43010297
v -2.04483915 4.42981020 -0.49768449
v -2.02905800 4.40103800 -0.64334000
v -2.11224000 4.25726841 -0.72243438
v -2.19829100 4.07169200 -0.60467600
v -2.51732781 5.64256762 -0.42358263
v -2.54925579 5.70305255 -0.38867160
v -2.52911515 5.63306097 -0.31010288
v -2.49524140 5.71460223 -0.33840850
v -2.47809503 5.45306938 -0.33164683
v -2.47251286 5.70713367 -0.38513719
v -1.88271528 4.65390663 -0.41482480
v -1.86300942 4.70582965 -0.28899532
v -1.79749564 4.76788028 -0.24672683
v -1.74512591 4.81973618 -0.27875619
v -1.67351624 4.87296527 -0.39901143
v -1.79702329 4.74822424 -0.54458371
v -2.44332948 5.54959226 -0.27238306
v -1.90898153 5.04370820 -0.39253572
v -1.97120868 4.90440108 -0.46851583
v -2.39411750 2.92933229 -1.63575448
v -2.46213985 2.88487667 -1.56573306
v -2.46885021 3.00574597 -1.52443866
v -2.49003806 2.95361874 -1.50403489
v -2.43578010 3.01221521 -1.61691532
v -2.13926975 2.89666748 -1.37712420
v -1.85508556 2.97107243 -1.69549328
v -2.03890100 3.00411300 -1.62616100
v -1.87281600 2.77698000 -1.56872500
v -2.13055794 2.86277385 -1.58391370
v -1.93118143 2.78198014 -1.34611870
v -2.01274860 3.02185117 -1.21988002
v -2.00950000 3.15404800 -1.32261500
v -2.10564600 3.07489300 -1.41702800
v -1.95233438 3.11822680 -1.53891179
v -3.05701851 3.11561857 -0.67544531
v -3.09849328 3.12523599 -0.74977785
v -3.11108436 3.06069080 -0.77815416
v -3.04650731 3.03346032 -0.81751680
v -3.06651235 3.00574758 -0.75006398
v -3.04835223 3.09487449 -0.83220258
v -2.33853874 3.29524397 -0.38152421
v -2.57266904 3.29313776 -0.49438436
v -2.54762865 3.21819157 -0.53305092
v -2.34585110 3.51166583 -0.43239109
v -2.33968061 3.54547513 -0.53205923
v -2.32473636 3.47832305 -0.63964418
v -2.27730800 3.35541000 -0.76290900
v -2.25803550 3.17116140 -0.60017923
v -2.54473695 3.22684926 -0.70405925
v -2.53434807 3.19067233 -0.61960228
v -2.68851806 3.29653348 -0.74897277
v -2.81922632 3.87726492 -0.77343178
v -2.79176868 3.91418220 -0.86309875
v -2.79946866 4.00344663 -0.74997502
v -2.75552299 3.94290419 -0.69823370
v -2.77312782 4.00333306 -0.85511071
v -2.42299100 3.93507700 -0.85690500
v -2.44296047 3.91457986 -0.72147246
v -2.47392738 3.80993090 -0.91773624
v -2.24617597 3.78792866 -1.05921304
v -2.26112635 3.62336262 -0.89796658
v -2.27770000 3.63060900 -0.75724100
v -2.25520862 3.77280890 -0.66203710
v -2.17463642 4.00711967 -0.84530842
v 1.67633095 6.15995888 -0.53772335
v 1.76973956 6.15142582 -0.46502068
v 1.76320578 6.19540960 -0.53741142
v 1.71490275 6.19991342 -0.45166209
v 1.71698133 6.13961416 -0.42984502
v 1.50324665 5.74734487 -0.59407128
v 1.20681939 5.41347962 -0.69193794
v 1.03471514 5.35053551 -0.41392736
v 1.20468230 5.40144057 -0.41054345
v 1.29230204 5.37249096 -0.45671580
v 1.21743498 5.23982864 -0.36104182
v 1.28193641 5.22621874 -0.58208171
v 1.25195078 5.23504658 -0.70308531
v 1.12150500 5.28954800 -0.78559100
v 1.02141452 5.37199318 -0.68119638
v 0.99976503 5.38278249 -0.55745685
v -1.35606546 6.28481145 -0.05677895
v -1.30552179 6.46415964 -0.07833608
v -1.27401962 6.34959374 -0.14544424
v -1.22936429 6.44921713 -0.11871265
v -1.33502983 6.36116734 0.02438508
v -1.18754401 6.44703375 -0.03246920
v -1.26933769 6.40349253 0.04881155
v -0.81314481 5.55535649 -0.02778241
v -1.04698543 5.38812634 -0.12696806
v -1.07682812 5.40233450 0.00088670
v -1.02807287 5.45847150 0.10695502
v -0.94352094 5.52480369 0.13232225
v -0.88721267 5.59560101 0.05382960
v -0.88682118 5.54664380 -0.15307273
v -0.96043710 5.45640322 -0.19654953
v -2.60773400 0.92222779 -0.76737996
v -2.44770474 0.87684544 -0.79110535
v -2.64456006 0.99465516 -0.85594556
v -2.60952346 1.02987537 -0.76830727
v -2.43508402 0.89710208 -0.88152472
v -2.47453349 0.94397549 -0.71608483
v -2.55281591 1.01118391 -0.93168465
v -1.64675770 1.92148853 -1.08634821
v -1.57757692 1.82309187 -0.84199152
v -1.69405589 1.95126785 -0.89909952
v -1.56448177 1.86238854 -1.11236246
v -1.52179534 1.79987400 -1.02882069
v -1.50907804 1.78677976 -0.91346858
v -1.63572846 1.90333927 -0.82585385
v -1.69678268 1.96376478 -1.00582634
v -2.53874409 0.88870706 -0.93093811
v -2.53636050 1.01018377 -0.70308125
v -2.12538291 2.03304557 -1.54615373
v -2.15631138 1.92049081 -1.45414381
v -2.18921948 2.00957767 -1.35978962
v -2.06354619 2.11453698 -1.31223463
v -2.16063129 2.11566162 -1.44407773
v -2.05399723 1.93206579 -1.33229394
v -2.08023600 2.12039497 -1.51756387
v -2.02133263 1.94477159 -1.52078295
v -1.82125375 2.05210053 -1.20230059
v -1.55685249 2.19287563 -1.47347517
v -1.73062358 2.07741102 -1.48320039
v -1.55396642 2.00542815 -1.41324706
v -1.59995814 1.96563135 -1.30081054
v -1.66990061 2.03721915 -1.14275769
v -1.70533934 2.21560596 -1.20648346
v -1.66541719 2.25952820 -1.36484141
v -1.81180095 2.20065133 -1.34179877
v -3.06883847 2.25300902 -0.47531464
v -3.18041655 2.34328343 -0.43392426
v -3.07525647 2.28298517 -0.55892216
v -3.12631128 2.46351294 -0.47774966
v -3.13516613 2.42068525 -0.40183389
v -3.05468029 2.29207936 -0.40843941
v -3.15496904 2.33470584 -0.58550793
v -2.17979680 2.77603641 -0.65256304
v -1.97312481 2.68959935 -0.49575445
v -2.20645011 2.64938079 -0.45071021
v -2.22939916 2.84480992 -0.48766898
v -2.00360727 2.83713221 -0.73584385
v -1.98711952 2.73091775 -0.62058331
v -2.04013902 2.80079870 -0.40364381
v -2.10922477 2.95139414 -0.49319384
v -3.17643043 2.40756111 -0.54072270
v -3.08218519 2.35940806 -0.36930157
v -2.78839763 1.82020038 -0.56691973
v -2.89958537 1.71762644 -0.65054573
v -2.90189939 1.71456666 -0.76682639
v -2.77732933 1.82793802 -0.81766129
v -2.72569853 1.76100163 -0.78109453
v -2.85145296 1.88300544 -0.77583560
v -2.73084564 1.74885164 -0.60520912
v -1.79651580 2.30104777 -0.64856969
v -1.82013774 2.33976002 -0.74259792
v -1.83686128 2.32027868 -0.55644373
v -1.92980631 2.36338674 -0.51456688
v -1.98559039 2.43438540 -0.55724431
v -1.94468548 2.46672132 -0.73337119
v -1.86084359 2.41372452 -0.77969213
v -1.68206116 2.36340896 -0.77881539
v -1.66006400 2.32538000 -0.52173100
v -1.77776192 2.50016023 -0.42848797
v -1.84345076 2.59117209 -0.62572957
v -1.78556570 2.55080457 -0.83382106
v -2.77774568 1.67987021 -0.69223005
v -2.83333800 1.89440737 -0.60410746
v -2.88771180 1.90049517 -0.68384599
v -2.31182415 2.08160084 -1.24515380
v -2.39560938 2.16928635 -1.20862225
v -2.40696190 2.21396581 -1.29223378
v -2.28603405 2.08766214 -1.33843383
v -2.32052736 2.14084690 -1.18789190
v -2.38809072 2.14464768 -1.36778366
v -1.70459627 2.39148539 -1.44062772
v -1.83923955 2.54666046 -1.21928228
v -1.78539846 2.51907320 -1.44880857
v -1.72873014 2.32721598 -1.29079359
v -1.77815000 2.40345100 -1.15460800
v 0.23458778 0.13666974 -1.00656177
v 0.15520799 0.12825331 -0.94693735
v 0.16599964 -0.01130612 -1.00781270
v 0.25647642 0.08492488 -1.09831896
v 0.00130968 0.10759070 -1.04809604
v 0.02853244 0.03485953 -1.12391402
v 0.12227609 0.02905472 -1.20428240
v 0.19261067 0.14907027 -1.18304926
v 0.06793913 0.04216730 -0.97017858
v -0.10389120 1.25975787 -1.16322836
v 0.11582483 1.34009416 -1.13820262
v 0.09284023 1.31481111 -1.03594120
v 0.08202089 0.78516990 -1.01509321
v 0.00671335 1.10878442 -1.20386815
v 0.05523650 1.35490304 -1.22615269
v 0.02476027 1.30874522 -0.97501325
v -0.06221342 1.29079473 -0.99847960
v -0.14754148 1.32444500 -1.07069292
v -0.01027894 0.75626161 -1.05055933
v -0.00453733 0.74520624 -1.14779630
v 0.15279332 0.77678066 -1.08448966
v 0.26088341 0.80735614 -0.64530330
v 0.19545049 0.68235357 -0.60340589
v 0.19553445 0.63374643 -0.71906485
v 0.06107513 0.64810592 -0.71746263
v 0.15453779 0.66860590 -0.80581930
v 0.02033909 0.76688193 -0.65418178
v 0.26430005 0.79609361 -0.75618241
v 0.09105889 0.71427226 -0.57990308
v 0.08526928 0.85518060 -0.83427079
v 0.19395790 0.87757743 -0.83959095
v 0.01166745 0.84402809 -0.76173733
v 0.14024387 1.23296781 -0.82058395
v 0.19936994 1.23443160 -0.75230034
v 0.19923083 1.24806665 -0.66325549
v 0.14375909 1.22467649 -0.60809996
v 0.02667385 1.20504749 -0.62670315
v 0.02383823 1.20442991 -0.79654637
v 0.19139094 1.44514830 -0.87693894
v -0.02077300 1.41022500 -0.89153900
v 0.23913284 1.42728452 -0.56621275
v 0.02567400 1.41014900 -0.55006900
v -0.12009406 1.39514253 -0.71245719
v -1.16592019 0.69364439 -1.55011949
v -0.99608990 0.65290384 -1.62181098
v -1.12702523 0.59720502 -1.59203553
v -0.97503441 0.51030046 -1.47400773
v -1.14402468 0.54213784 -1.44168081
v -1.12220126 0.62511921 -1.37322360
v -1.02103169 0.59063946 -1.37738657
v -0.95113919 0.58188149 -1.55523724
v -1.08718014 0.69207706 -1.61793952
v -1.17427113 0.67715917 -1.44383717
v -0.74199210 1.34272013 -1.17487879
v -0.82687464 1.56541253 -1.19559732
v -0.84505745 1.43685228 -1.35588964
v -0.73139612 1.39466001 -1.37768383
v -0.72046900 1.31363603 -1.33311463
v -0.68503289 1.33828260 -1.23646689
v -0.76347404 1.52350794 -1.10352161
v -0.82497804 1.61137568 -1.38132414
v -0.57831550 1.56753226 -1.39174493
v -0.53076314 1.48597032 -1.10725865
v -1.53697689 0.53172757 -0.74583225
v -1.47152299 0.52098548 -0.79711318
v -1.55498681 0.57584906 -0.84427591
v -1.51314051 0.53839795 -0.86069288
v -1.55181008 0.61794435 -0.77023623
v -1.18329552 0.85619774 -0.86746024
v -0.96409932 1.36594820 -0.76465939
v -0.88007521 1.25685103 -0.63053845
v -0.82504901 1.44267986 -0.84333941
v -0.72138330 1.40530943 -0.78346444
v -0.70205742 1.36669730 -0.65278392
v -0.79482800 1.39930900 -0.55976600
v -0.87975065 1.43758184 -0.61813776
v -0.96674840 1.52300220 -0.78132104
v -1.19476625 1.02849443 -0.72861553
v -1.17442753 0.78560842 -0.72996520
v 0.97576346 0.13843034 -1.00651819
v 1.04812506 0.29593466 -1.09734546
v 0.95304198 0.15055378 -1.20457861
v 0.85086914 0.11250087 -1.08320741
v 0.82852144 0.16143061 -1.17528944
v 0.72904165 0.24117649 -1.06957722
v 0.99553755 0.30739630 -0.98160800
v 0.86940746 0.32283565 -1.24883920
v 0.81953105 0.17942520 -0.97593047
v 0.50260123 1.25065325 -1.09808707
v 0.46500205 1.14319914 -1.07338825
v 0.57478904 1.28917919 -1.06709658
v 0.61789831 1.28165920 -0.97970941
v 0.62883177 1.16591154 -0.90951369
v 0.57064789 1.10698264 -0.87161657
v 0.44088587 1.11000679 -0.97547682
v 0.32869730 1.50583969 -1.12115099
v 0.53815488 1.59649154 -1.07029355
v 0.54384000 1.53302500 -0.82920700
v 0.36947144 1.47051545 -0.77425778
v 0.21932200 1.45599700 -0.96551500
v 0.96393992 0.39248054 -1.20522511
v 0.89023194 0.29243219 -0.91601163
v 0.50761061 1.05579517 -0.90755510
v 1.17614387 0.64745590 -0.42757257
v 1.28984768 0.74991389 -0.45693642
v 1.28246323 0.69514533 -0.57196909
v 1.04542993 0.71227042 -0.61642317
v 1.19045333 0.67555117 -0.63727304
v 1.12642726 0.62732154 -0.51135556
v 1.19392800 0.91420000 -0.43490400
v 1.18932638 0.75486826 -0.37823242
v 0.98083478 0.84743919 -0.42378625
v 1.28589197 0.85266548 -0.55648267
v 0.61609271 1.45098495 -0.68310735
v 0.85096924 1.36222035 -0.51367905
v 0.98388506 1.09472011 -0.45020781
v 0.74892601 1.31612347 -0.42169632
v 0.64804559 1.26198729 -0.46148108
v 0.71477990 1.49626543 -0.65940665
v 0.79587900 1.53676200 -0.55816800
v 0.67724316 1.46660871 -0.36080795
v 0.47031319 1.39304669 -0.47265196
v 0.52923699 1.40793228 -0.63575600
v 0.96762135 0.92525742 -0.65726573
v 1.22826456 0.83910899 -0.65640428
v 0.92044495 0.87635072 -0.52522993
v 2.62760885 1.82275862 -0.87246209
v 2.67613597 1.70919109 -0.96819858
v 2.70413641 1.80889992 -0.93951494
v 2.62558695 1.72127591 -1.02738081
v 2.65929964 1.78956989 -1.07610047
v 2.68625450 1.86519143 -1.02030306
v 1.64214447 2.24628970 -0.78587864
v 1.72877665 2.30696091 -0.84419328
v 2.52012958 2.01055046 -0.87996423
v 1.49558124 2.31212453 -0.50218517
v 1.45311190 2.27674188 -0.63063719
v 1.48609948 2.36790053 -0.85887663
v 1.59088492 2.48426199 -0.76465881
v 1.60426973 2.49320104 -0.52498671
v 1.56962652 2.40393516 -0.45493504
v 3.19065654 2.45188678 -0.57985164
v 3.18672693 2.50134975 -0.49684331
v 3.17788783 2.49548916 -0.58411227
v 3.09706349 2.40446361 -0.52797937
v 3.11395084 2.44636364 -0.46703042
v 2.08689458 2.87446154 -0.56984239
v 2.07403932 2.80409097 -0.64627296
v 2.09658916 2.88049831 -0.45511569
v 2.11139435 2.80227484 -0.37459830
v 2.06591277 2.70523543 -0.36864235
v 1.81793233 2.67795584 -0.57926591
v 2.86896588 2.44681118 -0.58335762
v 2.02599045 2.71165123 -0.63638366
v 1.87625729 2.84582542 -0.72456296
v 1.91976861 2.99787823 -0.54704587
v 1.89611312 2.83149735 -0.30220746
v 1.83119494 2.68222699 -0.43462556
v 2.04748221 2.11733344 -2.07693470
v 2.17761039 2.17299097 -2.09388808
v 2.21177367 2.16656163 -1.93522073
v 2.14583659 2.07580598 -1.95701385
v 2.19470194 2.26602160 -1.93782050
v 2.15670845 2.32102604 -2.01011259
v 2.11796724 2.23385781 -2.12239564
v 2.05227952 2.07557902 -1.98912178
v 1.58069000 2.50168500 -1.96286900
v 1.66925566 2.62086885 -1.92132250
v 1.53184139 2.85532567 -1.65981695
v 1.77373700 2.60636500 -1.60512100
v 1.72074824 2.45310773 -1.54459542
v 1.61394910 2.32547487 -1.57711096
v 1.51407000 2.30651800 -1.75436700
v 1.53003000 2.37304800 -1.90904700
v 1.94842230 1.89911035 -2.72510704
v 1.99102804 1.98342456 -2.77615042
v 2.01393285 2.05335374 -2.71579279
v 1.86683914 2.03297238 -2.77105939
v 1.61724173 2.01307647 -2.38924171
v 1.73430000 1.97880100 -2.41630700
v 1.48514839 2.27716828 -2.42000894
v 2.03637697 2.01641134 -2.66156427
v 2.00011890 1.93988996 -2.61046645
v 1.63425653 2.01186714 -2.61804014
v 1.02113200 2.45072300 -2.09429700
v 1.00219500 2.34464400 -1.98031100
v 1.13673208 2.56472382 -2.11451432
v 1.29269627 2.46450777 -1.89450770
v 1.55671868 2.24179800 -2.25727001
v 1.14642858 2.32627932 -1.82361222
v 2.22915985 2.95530645 -1.67122126
v 2.18519275 2.90180506 -1.77351549
v 2.13792409 2.93409624 -1.82251558
v 2.21408288 3.00494911 -1.78792102
v 2.18830383 2.89223739 -1.69684333
v 2.12824804 3.07619614 -1.76673274
v 2.09635178 3.00833162 -1.81380994
v 2.14929899 3.06232122 -1.64149990
v 1.67601400 2.80536100 -1.47412500
v 1.75942499 2.87055785 -1.55479021
v 1.49405500 3.00917900 -1.74771800
v 1.71422208 2.96727712 -1.69632439
v 1.62312010 3.11733308 -1.66050744
v 1.64967892 3.12324144 -1.54270580
v 1.65419779 3.03735392 -1.39880503
v 1.63884841 2.94267056 -1.39017867
v 2.61639963 3.15700780 -1.33124227
v 2.70991841 3.24289546 -1.38411118
v 2.64176027 3.33127479 -1.39618999
v 2.68490463 3.30630940 -1.31981399
v 2.56837840 3.26260884 -1.44052270
v 2.62160261 3.24745016 -1.26876046
v 2.58872897 3.18740925 -1.42137254
v 1.94356142 3.36611944 -1.37787457
v 2.31963920 3.34474299 -1.37118655
v 1.99966013 3.48564453 -1.21849424
v 2.04965534 3.42351514 -1.11908675
v 2.03752886 3.29376462 -1.07786337
v 2.26301200 3.31097900 -1.17960000
v 1.99110867 3.24092030 -1.27110386
v 2.23620753 3.23400191 -1.24404792
v 2.31995918 2.59555453 -1.24943344
v 2.29380261 2.56162833 -1.35548693
v 2.25553603 2.60750041 -1.45502577
v 2.42859376 2.61044365 -1.40785815
v 2.42957297 2.73417109 -1.40885376
v 2.30248530 2.80500248 -1.45644823
v 2.25995193 2.71261674 -1.49133150
v 2.44979954 2.67584984 -1.26926060
v 2.37367346 2.79451919 -1.24149013
v 2.33985362 2.83867124 -1.35480789
v 1.86175633 2.68253104 -1.04120035
v 1.81714210 2.64472456 -1.22146820
v 1.80372197 2.71032149 -1.32812705
v 1.81084402 2.82647538 -1.36220689
v 1.85242088 2.96746110 -1.30568254
v 1.89343203 2.98594880 -1.18450358
v 1.92184251 2.92452325 -1.04607266
v 1.91887106 2.79275993 -1.01614964
v 2.49225994 3.75534380 -0.92941456
v 2.60545309 3.75792744 -1.04917268
v 2.61789560 3.85191766 -1.01123980
v 2.58774997 3.86230101 -1.12651851
v 2.43721325 3.90217614 -1.18486355
v 2.43032918 3.96967379 -1.09309943
v 2.43663455 3.79665021 -1.19609546
v 2.46192588 3.70663991 -1.13630042
v 2.48441922 3.95343735 -0.97051274
v 2.48865995 3.86882497 -0.90918693
v 2.00628918 3.71083984 -0.79631653
v 2.49285764 3.69527839 -1.02568008
v 1.99839280 3.64785143 -1.07010282
v 2.00296687 3.74198437 -1.14984593
v 1.97720510 3.91362091 -1.13120801
v 1.99979178 3.99741944 -1.01565718
v 2.00561433 3.98044014 -0.86168436
v 2.02658554 3.83621769 -0.79226301
v 2.69272701 5.11771202 -0.96679444
v 2.74222660 5.07223492 -0.92571868
v 2.72131184 5.17437588 -0.87887948
v 2.60387040 5.13369933 -0.90589151
v 2.30865239 4.70836977 -0.90756778
v 2.28554914 4.83886024 -0.93193079
v 2.64737982 5.07589383 -0.81118953
v 2.67900341 5.01860341 -0.84651281
v 1.96948288 4.60785544 -0.94764023
v 1.95206642 4.63020456 -0.78826728
v 1.85312538 4.44260635 -1.01271680
v 1.77014965 4.59746223 -0.88140277
v 1.83299800 4.56196900 -0.73164300
v 1.89055352 4.46018414 -0.73164596
v 1.91824650 4.36993629 -0.80012055
v 1.91571662 4.34427351 -0.92023728
v 1.80778069 5.84184377 -0.87178419
v 1.85289864 5.77620754 -0.77960299
v 1.82024603 5.88966414 -0.72428381
v 1.75184815 5.91799255 -0.77882006
v 1.76559205 5.84584578 -0.69080133
v 1.72992450 5.83691316 -0.84954458
v 1.44424317 5.13334466 -0.91856801
v 1.46190152 5.33779162 -0.77001476
v 1.55312679 5.26874204 -0.69108753
v 1.81784526 5.72329133 -0.71178339
v 1.52396339 5.04091011 -0.84304496
v 1.76821239 5.60544430 -0.86049819
v 1.38773969 5.21460770 -0.84891837
v 1.45388873 5.13992297 -0.64340328
v 2.07141305 5.59461576 -0.60401581
v 2.00030630 5.69219524 -0.64035572
v 1.91073552 5.66983130 -0.62892301
v 2.06197813 5.56988327 -0.73762749
v 1.94107389 5.66652113 -0.73290500
v 1.92746232 5.45194773 -0.78528222
v 2.06587310 5.49515000 -0.66186992
v 1.98048553 5.56114919 -0.55719483
v 1.56837155 5.01419373 -0.75894267
v 1.78536529 4.82238872 -0.63975088
v 1.73610554 4.91662562 -0.48662661
v 1.71228615 4.87337207 -0.80924656
v 1.54028223 5.04234797 -0.64950428
v 1.57384307 5.02828394 -0.53857997
v 2.44833533 5.30300047 -0.32335094
v 2.43496840 5.19802094 -0.25900466
v 2.42184013 5.29481455 -0.40349936
v 2.50125135 5.28118099 -0.41554060
v 2.43333061 5.23108437 -0.45570078
v 2.47382041 5.10235411 -0.44225578
v 1.90216370 4.72832447 -0.18018947
v 2.47425564 5.09732691 -0.27881899
v 1.94872100 4.62251300 -0.15831200
v 2.04219608 4.54822394 -0.27615830
v 2.01487235 4.53559428 -0.41608853
v 1.93755241 4.57414411 -0.53282619
v 1.87977400 4.71979300 -0.49505300
v 1.85058535 4.78796696 -0.38153066
v 1.84878083 4.79193385 -0.26229831
v -0.19229393 3.96568638 -2.40034009
v 1.04202516 5.18476358 -1.02795197
v -0.40017868 5.36882698 -1.42854524
v -0.58861684 5.55390350 -0.51139944
v -0.70593571 5.49393984 -0.55275199
v -1.36177313 5.23931512 -0.63048145
v -1.20252475 4.96203916 -1.34795122
v -1.43088123 2.49475783 -1.94385580
v -0.76386157 1.92107405 -1.99786301
v -1.36562624 1.85334707 -1.40872617
v -1.84978982 2.66419757 -1.42070870
v -1.75680482 3.89617432 -2.17654046
v -1.49617811 4.93303439 -1.11642806
v -1.61702841 4.86503223 -1.13437021
v -1.72996467 4.76552366 -1.07993429
v -1.90895890 4.59109247 -0.52303832
v -1.71492317 2.41408571 -0.95215429
v -1.55175700 2.10949600 -0.65526800
v -1.31794683 1.71951058 -1.01306850
v -1.21965500 1.73147000 -0.72465200
v 0.48662322 3.55372800 -2.30688869
v 1.05492726 2.84519587 -2.22121901
v 1.39083110 2.16302707 -0.68913652
v 1.63049253 2.63003527 -0.89758807
v 1.61079157 2.53113137 -0.65309800
v 0.98718419 4.45943519 -1.85818256
v 0.94339850 3.96361766 -2.15722428
v 1.87061691 3.12976017 -1.04001400
v 2.00001948 3.61330139 -0.91194654
v 1.78409623 4.83646546 -0.48592474
v 1.24569358 4.05153468 -2.18821849
v 1.17122300 3.90956200 -2.22119800
v 1.28672600 3.73644400 -2.29479800
v 1.58887319 3.82202561 -2.27776297
v 1.46376195 4.24172096 -2.25461453
v 1.59369499 3.98911671 -2.24240298
v 1.84526358 3.64772249 -2.25642530
v 2.00013284 3.92776836 -1.23540064
v 1.82140629 3.19083138 -1.47490966
v 1.68000836 4.57435599 -1.53998200
v 1.89672066 4.31454429 -1.39872983
v 1.87910691 4.31968106 -1.18615267
v 0.00798100 5.24632800 -1.67396600
v -0.29143025 1.44572494 -0.94501522
v -0.80223288 5.48659560 -0.30881030
v 1.40331052 2.27569647 -1.02156861
v 1.93563459 3.52992546 -1.48839059
v 2.15586800 4.07498300 -0.40073800
v 1.96150609 4.13307969 -0.77845515
v 0.95598749 5.23882464 -1.01749060
v -0.45468498 5.06521539 -1.49132400
v -0.07977137 5.31489787 -1.54619508
v 0.21009545 6.05757844 1.57322162
v 0.15204170 6.15432648 1.59110245
v 0.05697608 6.15519356 1.53938400
v 0.21826734 6.20961506 1.50250139
v 0.24671177 6.19123423 1.40520122
v 0.09659511 6.21793926 1.39013793
v 0.18326278 6.08856618 1.31633030
v 0.26353350 6.07779501 1.49347815
v 0.17531924 5.69826415 1.55289236
v 0.03628469 6.13202250 1.43842718
v 0.27659888 5.77468180 1.36535221
v 0.17426700 5.53442400 1.27067500
v 0.01239438 5.60700367 1.20355010
v -0.18150249 5.28696989 1.37997785
v 0.04168703 5.65573429 1.55481633
v 0.18011139 5.38336258 1.31261106
v 0.07554422 5.33182687 1.11348607
v -0.16520584 5.37604498 1.20984373
v -1.26345793 5.94273761 1.96881825
v -1.27371102 6.03902630 1.85169369
v -1.28645948 5.98231152 1.78886486
v -1.34112214 5.94346949 1.80581698
v -1.23036671 6.00304598 1.90637090
v -1.06713714 5.58787638 1.81875584
v -1.35558638 5.92248918 1.87748338
v -1.01639282 5.61254293 1.70994066
v -1.05780945 5.65484379 1.61204594
v -1.25943250 5.77385929 1.67575656
v -1.32650296 5.86395926 1.91557845
v -0.87320386 4.76476557 1.60556613
v -0.66740100 4.88543900 1.57036100
v -0.62163600 5.10812900 1.39999400
v -0.75333100 5.21336700 1.22238000
v -0.95019500 5.15286300 1.11500500
v -1.17304445 4.97471355 1.25146127
v -0.27942318 5.80614130 2.33434702
v -0.36885596 5.88141071 2.37959494
v -0.51527656 5.82433863 2.31324050
v -0.48381300 5.96742814 2.27991637
v -0.25982038 5.95173364 2.27261088
v -0.36237524 6.02662425 2.18180361
v -0.26389605 5.94182460 2.10207173
v -0.39563254 5.76307866 2.34980247
v -0.37240387 5.94057504 2.03072764
v -0.50452145 5.95549822 2.08962649
v -0.54145541 5.82462609 2.15740782
v -0.01110470 5.14705652 1.83193226
v 0.05014876 4.73669108 1.77947266
v -0.06438985 5.25410086 1.73449941
v -0.17697512 5.24713150 1.65089516
v -0.30477713 5.20821454 1.66084074
v -0.35987946 5.10643343 1.76066573
v -0.17566904 4.94469463 1.91578360
v 0.18665319 4.81098875 1.62016424
v -0.06535800 5.03134200 1.40042800
v -0.29371400 4.99496900 1.40999500
v -0.36764700 4.82816300 1.56434100
v -0.27631689 4.75910594 1.73261050
v -0.11079200 4.63555000 1.80582500
v -0.28711146 4.24370497 1.95352494
v -0.53185096 4.71731166 2.41611625
v -0.65371170 4.73966681 2.37468331
v -0.60316540 4.82377083 2.42836359
v -0.68008024 4.82181724 2.34194967
v -0.52814244 4.88376854 2.33772814
v -0.62814118 4.88369107 2.27932374
v -0.49786743 4.82349062 2.40281591
v -0.24289290 4.37770276 1.86290086
v -0.38073362 4.43938953 1.78391801
v -0.48325210 4.39311035 1.78155970
v -0.51584199 4.29510452 1.82771011
v -0.36715946 4.14537783 1.90858520
v -0.17417393 4.20169869 1.91958941
v -0.18969000 4.41781500 1.77993800
v -0.37206900 4.47834000 1.69794300
v -0.58732056 4.34443518 1.70365739
v -0.47340777 4.18406212 1.86827584
v 0.42502653 5.68989088 1.89268670
v 0.53314716 5.73410821 1.92229865
v 0.42052037 5.79443524 1.87900032
v 0.55490189 5.84387966 1.79902607
v 0.56683851 5.75405916 1.70260487
v 0.47965710 5.78834237 1.69157619
v 0.42346845 5.82627382 1.77308607
v 0.59921711 5.69708605 1.82812981
v 0.34187526 5.43253882 1.48482496
v 0.14792203 5.07483921 1.23868096
v 0.19553273 5.09819363 1.41274394
v 0.32254388 4.98743390 1.48149737
v 0.40664992 4.99427343 1.42594559
v 0.37814104 5.12338783 1.27170050
v 0.43180905 4.94387808 1.24954511
v 0.47552200 4.83455800 1.38870000
v 0.36569600 5.04172300 1.13132400
v 0.25468778 5.06962537 1.13838457
v 0.08020370 5.01436898 1.33863299
v 0.17543321 4.92423752 1.42521885
v 0.32253900 4.80653200 1.48457100
v 0.31708297 4.87695420 2.68917942
v 0.22210511 4.87702271 2.65171267
v 0.40659213 4.93429327 2.63169977
v 0.40692380 4.95725082 2.52757484
v 0.26149403 4.99255112 2.55412907
v 0.32866278 4.92962689 2.43042914
v 0.36342835 4.76486758 2.60462550
v 0.14595831 4.57909335 2.09350221
v 0.18454244 4.87819849 2.52094464
v 0.38341700 4.26027700 2.02071900
v 0.35213353 4.45206353 2.18215098
v 0.27051797 4.26915579 2.14706366
v 0.37588000 4.37000600 1.92735100
v 0.25057700 4.46631500 1.85973000
v 0.30229685 4.57174980 2.09713255
v 0.07362200 4.45188300 1.89408900
v 0.03680800 4.37933003 2.04191277
v 0.04855487 4.25987037 2.09765590
v 0.16216833 4.25052957 2.16373501
v -0.75806096 6.09942157 1.15862681
v -0.58592925 6.11156754 1.10967822
v -0.67676978 6.18190598 1.16528973
v -0.70981419 6.27343268 1.05740658
v -0.81352912 6.20721020 1.08717964
v -0.76813721 6.25909815 1.00017630
v -0.69500967 5.93422051 0.86146781
v -0.80850931 6.14195216 0.97088941
v -0.60505930 6.19370249 0.95178796
v -0.69344629 5.42600598 1.10189098
v -0.52049947 5.37982459 1.14960314
v -0.79512766 5.81719283 0.96282591
v -0.52793393 5.51862879 0.74289009
v -0.39333800 5.44893800 1.05656700
v -0.42762477 5.50798662 0.87701649
v -0.67893800 5.51244700 0.72123000
v -0.80451500 5.44793000 0.79956600
v -0.81468000 5.37591900 0.97759400
v -1.53809987 6.88019017 0.62732334
v -1.61241138 6.81907729 0.61510481
v -1.55025731 6.93969992 0.49492606
v -1.65135369 6.84484168 0.47325870
v -1.55309203 6.81444315 0.41170978
v -1.62611304 6.76941371 0.54181792
v -1.22066705 6.30396912 0.54655626
v -1.48022017 6.85500098 0.43063952
v -1.43639506 6.86143477 0.55100649
v -0.96834835 5.85217910 0.46179888
v -1.05548484 5.86769145 0.36496569
v -1.15105110 5.80976343 0.40145999
v -1.12980125 5.79544994 0.55743134
v -1.02101793 5.81464853 0.57678694
v -0.84066648 5.56418906 0.62933560
v -0.76113926 5.63046378 0.41686114
v -0.95001700 5.57292700 0.26395600
v -1.07166400 5.51109900 0.31972300
v -1.09319535 5.48911216 0.46611625
v -1.02671400 5.47552100 0.60669200
v -0.80729734 7.01698897 0.59767401
v -0.90067445 6.97864005 0.62886181
v -0.93379181 7.01681528 0.56279893
v -0.81736517 7.03447891 0.49153918
v -0.84822308 6.95904745 0.44718311
v -0.92262417 6.96490142 0.45733064
v -0.94910545 6.86944694 0.55571253
v -0.42372865 6.01854214 0.59065581
v -0.28117135 5.66563424 0.65649434
v -0.39701499 5.93901542 0.43946472
v -0.50953900 5.90422251 0.43020099
v -0.56178682 5.89985463 0.49327709
v -0.54885748 5.88039743 0.57572758
v -0.39526899 5.63606760 0.65933842
v -0.19809518 5.70925718 0.47225158
v -0.38345870 5.68292826 0.32105313
v -0.55686714 5.60525240 0.51298870
v -0.19401699 6.25963036 1.26987388
v -0.02713298 6.28027178 1.24375181
v -0.10577996 6.38750072 1.29555812
v -0.11384918 6.47773953 1.18901245
v -0.20544646 6.43731983 1.22340603
v -0.19083675 6.38926265 1.09956630
v -0.03095504 6.35970676 1.11023727
v -0.05928227 5.40520726 1.15173067
v 0.05344230 5.45230778 1.05543843
v -0.14860700 5.61769700 0.73168600
v -0.28657200 5.58288900 0.82716900
v 0.01973000 5.60458600 0.75882100
v -0.26598110 5.52238234 1.08217781
v 0.07644000 5.54594600 0.92133300
v 0.31287866 6.29620887 1.17164469
v 0.46153552 6.15887000 1.22675992
v 0.63617400 6.21865450 1.16664820
v 0.50468583 6.39719702 1.19614854
v 0.50138300 6.49351600 1.03325600
v 0.33969978 6.46679995 1.05993737
v 0.51980993 6.48151195 0.85994120
v 0.39522400 6.47907600 0.90437200
v 0.64478965 6.30904363 0.82509620
v 0.48009524 6.29635308 0.75036924
v 0.32816772 6.38195972 0.83342336
v 0.69592460 6.32546833 1.00457145
v 0.24589801 6.27663200 0.99029086
v 0.53363974 5.52963059 1.02169215
v 0.20724679 5.63767649 0.67954668
v 0.59892587 5.51685854 0.83560506
v 0.53445388 5.57964726 0.66474452
v 0.38126190 5.62980330 0.61406854
v 0.14416191 5.61124026 0.86892888
v 0.19554581 5.52546853 1.02925738
v 0.35932014 5.46616984 1.09281292
v 0.83458973 5.89909058 1.57465725
v 0.78613294 5.90532928 1.61309981
v 0.80070511 5.95101610 1.49829005
v 0.72030847 5.90573919 1.52873176
v 0.84925807 5.47677956 1.18699852
v 0.73154139 5.46007379 1.12889642
v 0.73695840 5.83258238 1.58610886
v 0.74000000 5.19816300 1.38439400
v 0.89366949 4.86056085 1.18600074
v 0.70386900 4.81078500 1.28644000
v 0.99277310 4.94949800 0.99496730
v 0.93633100 5.07273800 0.80213800
v 0.69380200 5.14727600 0.79133000
v 0.50485216 5.13100657 0.93713686
v 0.45532390 5.08022066 1.05271375
v 0.51894400 4.96102700 1.20090900
v -1.76593317 5.87464394 1.35253938
v -1.76559087 5.94388244 1.22632565
v -1.83088359 5.89521984 1.17101255
v -1.66987573 5.87165277 1.28652958
v -1.87237903 5.83152068 1.21668885
v -1.76579414 5.71189742 1.29695927
v -1.24841981 5.23424616 0.81922625
v -1.18392072 5.22291518 0.91997562
v -1.34112436 5.19378629 0.79154796
v -1.40377476 5.13201028 0.84018040
v -1.39520264 5.05109281 0.95727268
v -1.18797377 5.00001681 1.03554138
v -1.19667563 5.16054773 1.01470824
v -1.05037546 5.13190528 0.96658245
v -1.34310324 4.92248620 0.94420101
v -1.45437200 4.41400045 1.98403956
v -1.40889186 4.57544123 2.23596924
v -1.46005600 4.69809579 2.29462677
v -1.54949757 4.66208953 2.22068151
v -1.54330503 4.80207072 2.20204550
v -1.40142007 4.71671270 2.27665758
v -1.44701269 4.81477784 2.19260685
v -1.55325912 4.69225637 2.09316437
v -1.32606102 4.61409919 1.94916453
v -1.14317521 4.23175400 1.72739277
v -1.10170988 4.38075796 1.67848669
v -1.21645829 4.45585796 1.59699121
v -1.34338076 4.23710106 1.66403665
v -1.25257241 4.20399168 1.71466748
v -1.11636508 4.08611538 1.69563912
v -1.00452175 4.36433515 1.61931122
v -1.17765100 4.45595500 1.51326100
v -1.30338701 4.39885551 1.53480292
v -1.36653693 4.29569938 1.57627384
v -1.39481700 4.15486000 1.62272100
v -1.69664563 4.95163207 1.76260904
v -1.80763609 5.07619631 1.75518787
v -1.84225033 4.98742906 1.67701639
v -1.71743992 5.16250442 1.68532306
v -1.87382380 5.09278530 1.62507918
v -1.78180056 5.13842919 1.55347842
v -1.67045513 5.09066801 1.76417721
v -1.41470792 4.82332659 1.35835146
v -1.32876058 4.69807367 1.35881669
v -1.21814405 4.58314494 1.37098111
v -1.42037494 4.77100077 1.22705942
v -1.47251383 4.52547031 1.35830461
v -1.53664612 4.62404556 1.28419766
v -1.46165166 4.69051596 1.46621685
v -1.43849900 4.38994200 1.42060500
v -1.25430114 4.74934022 1.23260626
v -1.35705000 4.77632200 1.09513200
v -1.47236961 4.69996054 1.15895517
v -1.57378810 4.52972597 1.26924398
v -2.48082927 5.60257935 1.21867198
v -2.52928972 5.58269443 1.15711864
v -2.46529995 5.67832970 1.19456078
v -2.51579879 5.61395857 1.07580976
v -2.46318290 5.69641223 1.12131368
v -2.09231823 5.23617565 1.03254807
v -1.81935562 5.14136224 0.86129820
v -1.84625518 5.03762644 0.67298502
v -1.89121252 4.88996648 0.81528081
v -1.67091421 4.70946349 0.90625902
v -1.55821575 4.81095073 0.90097406
v -1.48900100 4.89547000 0.83972900
v -1.54367321 4.97884767 0.69753472
v -1.62581400 4.96869200 0.58989900
v -1.72901100 4.88187600 0.54015900
v -1.77165990 4.77240334 0.62161243
v -1.77020800 4.66443300 0.77745000
v 1.35213233 5.46869023 1.56844320
v 1.25865163 5.43451873 1.66510879
v 1.33459671 5.64839897 1.52801112
v 1.26765964 5.69717980 1.65131610
v 1.26428658 5.71876758 1.53344397
v 1.19336582 5.67030513 1.57610877
v 1.05391124 4.92454912 1.59766844
v 1.18555426 4.93360419 1.32878425
v 1.24009458 4.87697741 1.41104906
v 0.98683829 4.90999201 1.36339030
v 0.99821230 4.98607437 1.50632123
v 1.17690545 4.87269516 1.58475672
v 1.27827308 4.79651722 1.29265774
v 1.08696675 4.91896972 1.27836390
v 0.87791800 4.80320400 1.53004200
v 1.01090500 4.73408100 1.68504300
v 1.19493475 4.76437286 1.63178158
v 0.71333346 4.04949214 2.61726390
v 0.62014481 4.10150123 2.59431822
v 0.67025178 4.19637705 2.60488942
v 0.79650921 4.03577022 2.59459489
v 0.82819987 4.16282966 2.53156069
v 0.64482177 4.23576107 2.48721452
v 0.76413158 4.20086543 2.44911875
v 0.75292868 3.99235032 1.91283560
v 0.83768923 4.04519977 2.47576015
v 0.48482210 4.12514888 1.94908402
v 0.57613562 4.17636617 2.49944720
v 0.66134491 3.74372627 1.99155072
v 0.48286824 3.78598620 2.02935589
v 0.77960000 3.85423500 1.94783200
v 0.63931700 4.10607500 1.91367500
v 0.38274400 4.07279000 2.00514300
v 0.34446000 3.94226600 2.03028800
v 1.33481800 6.63628325 0.59863149
v 1.36552349 6.69347142 0.52810404
v 1.44088793 6.61955754 0.51473342
v 1.40792029 6.64289861 0.44736491
v 1.30609757 6.67719517 0.47954202
v 1.41672991 6.62082093 0.57658969
v 1.20919602 6.47282607 0.40673622
v 1.11856507 6.39455449 0.55804318
v 1.07222815 5.27978533 0.41217578
v 1.13675516 5.93591253 0.53612283
v 1.08419089 5.86038526 0.39506078
v 1.01712941 5.91216306 0.36627284
v 0.91413525 5.88054475 0.39487467
v 0.83461593 5.79145234 0.47904135
v 0.88347899 5.78927866 0.57931164
v 0.97387163 5.76213752 0.60716354
v 0.82289200 5.32177900 0.71553000
v 1.00634133 5.25096479 0.62450276
v 1.01527100 5.35022900 0.23093300
v 0.84065100 5.41848900 0.17754300
v 0.66479100 5.47454500 0.27111100
v 0.59891100 5.48296300 0.48734700
v 0.66846800 5.40844600 0.65944200
v 2.15653282 4.69387171 1.64703035
v 2.14272534 4.80186926 1.67503912
v 2.27392643 4.69873107 1.55077630
v 2.32095758 4.89438432 1.58708544
v 2.34371877 4.79398338 1.46752872
v 2.33712378 4.88722223 1.43646418
v 2.22858892 4.96055602 1.48474218
v 2.11056413 4.87403444 1.60504516
v 2.19944845 4.90447615 1.41438797
v 1.71884127 4.32941733 1.45637365
v 1.71113300 4.42377722 1.38817269
v 1.66754719 4.52777975 1.42800589
v 1.63998571 4.57216402 1.52444523
v 1.63576625 4.53764123 1.63212886
v 1.63616374 4.32023217 1.67451247
v 1.66009094 4.24216089 1.56397857
v 1.68512268 4.35226368 1.34428093
v 1.55977200 4.54032600 1.37191700
v 1.51436767 4.56862926 1.62420045
v 1.59164827 4.41908086 1.71082057
v 2.37420196 5.59632019 0.71241122
v 2.31082659 5.62160761 0.68713013
v 2.39543356 5.57505319 0.67022940
v 2.38294675 5.59282975 0.62211256
v 2.31307656 5.59969548 0.63430686
v 1.91867544 5.05236147 0.73205549
v 2.13595581 5.40947856 0.65629711
v 1.82810345 4.97078760 0.95237066
v 1.50462022 4.77460291 1.15518033
v 1.67145200 4.59259500 1.00053500
v 1.85996490 4.93008663 0.85666100
v 1.66198400 4.61895600 0.81437400
v 1.51503112 4.75686331 0.71136508
v 1.37469400 4.88003200 0.77474500
v 1.36352791 4.91657689 0.90016698
v 1.35451300 4.89261800 1.08567400
v 1.96187061 5.30541994 0.84767831
v -0.18871269 3.24327736 3.44764895
v -0.14729087 3.28139492 3.59473996
v -0.30322373 3.26906368 3.53587435
v -0.26142582 3.37405840 3.66348209
v -0.11471811 3.49491313 3.61529195
v -0.24155586 3.58597684 3.47981585
v -0.28984488 3.49961124 3.63427601
v -0.12965541 3.55094614 3.23798329
v -0.06242506 3.43958613 3.45452397
v -0.25316565 3.28301745 2.99534041
v -0.09251178 3.31276289 3.39175492
v -0.34242027 3.51972130 3.32288978
v -0.36515832 3.38729837 3.44682268
v -0.08877893 3.44142210 2.88327466
v -0.04630846 3.33581887 2.50994400
v -0.10486753 3.56073912 2.55354527
v -0.23144000 3.61693100 2.44252300
v -0.23321431 3.56008397 2.97674717
v -0.33894447 3.52517717 2.55872867
v -0.36963479 3.38751203 2.47484521
v -0.16974246 3.22840313 2.44399304
v 0.13105800 3.44081100 2.07081200
v 0.03127700 3.67258500 2.08951200
v -0.21589300 3.76789200 2.09843900
v -0.41179800 3.60351600 2.09457900
v -0.48789000 3.35172300 2.06814800
v -0.33917695 3.15956164 2.04522353
v 0.00296776 3.13312775 2.03563896
v 1.29436661 4.66034532 2.47587630
v 1.30012419 4.76414357 2.41158196
v 1.23561842 4.79475140 2.35925848
v 1.32573549 4.69233761 2.35259234
v 1.17601663 4.73528133 2.48378088
v 1.19063787 4.61840771 2.46174662
v 1.06820412 4.25949936 1.90950060
v 0.98883799 4.14323984 1.98154563
v 1.04344831 4.41475019 1.81692814
v 0.87520500 4.51716900 1.72324800
v 1.02730422 4.55150567 1.95513327
v 0.71278200 4.51020800 1.80571800
v 0.93621566 4.56989767 2.01406215
v 0.75753172 4.41632737 1.97374129
v 0.67221687 4.25460596 1.92163701
v 0.86478989 4.08865082 1.95326568
v -1.15618199 3.07207697 2.63128311
v -1.15529976 3.09661914 2.77018804
v -1.24003673 3.12915447 2.69268193
v -1.25261568 3.19388608 2.75581398
v -1.12575003 3.20986663 2.80123408
v -1.20705529 3.24825546 2.71532360
v -1.04946476 3.14416884 2.70517001
v -1.10231773 3.26515897 2.66148639
v -0.66539381 3.02880353 2.00400959
v -0.85208018 3.06452109 2.25137676
v -0.69899676 3.21244785 2.02127801
v -0.77740111 3.27817217 2.00457592
v -0.88682059 3.26972815 1.95922327
v -0.97979360 3.12080904 1.92021233
v -1.01731395 3.18169018 2.13663447
v -0.84141000 2.97472500 1.93446400
v -1.00147006 3.07648186 2.14740081
v 0.87793605 3.15258055 2.77632927
v 0.82053157 3.24899625 2.83700709
v 0.86966717 3.31609563 2.76776237
v 0.89445748 3.29188381 2.65458524
v 0.79269867 3.29765872 2.77370277
v 0.93907830 3.23238849 2.73292964
v 0.63870035 3.06189983 2.38050164
v 0.88611606 3.13954164 2.62894767
v 0.77318912 3.18462869 2.78768418
v 0.74587261 3.10236015 2.17060045
v 0.69237157 3.04148994 1.90397049
v 0.70987900 3.28394100 1.91526200
v 0.47781846 3.35556299 1.98794451
v 0.68846814 3.27224679 2.16077836
v 0.58185308 3.22866166 2.26440747
v 0.36853586 3.06938062 1.99498861
v 0.54895940 3.10442855 2.24698702
v 0.54266000 2.98202600 1.94688800
v -1.97359863 1.84241850 1.57443788
v -1.99136930 1.89790362 1.52173154
v -1.97685812 1.89290861 1.63803263
v -1.97849184 1.94810913 1.58824941
v -1.57280218 2.03927796 1.46164715
v -1.42615463 1.99229934 1.39664238
v -1.70042325 2.08073889 1.32122291
v -1.55371762 1.99716707 1.12588984
v -1.07312433 1.94383481 1.09781084
v -1.19370255 1.94927353 0.92919108
v -1.05684550 2.17548575 1.35933537
v -1.24409871 2.31453011 1.23380478
v -1.35087800 2.33018200 1.10778200
v -1.39242300 2.22134300 0.89522600
v -1.31644200 2.04525100 0.80792400
v -0.36142189 2.43938092 3.20470744
v -0.03416538 2.31008947 3.20558534
v -0.12721411 2.39357112 3.49298530
v -0.13164200 2.56431700 3.54253000
v -0.29885906 2.55591183 3.47298045
v 0.01991900 2.50349300 3.49136100
v 0.05610379 2.63871091 3.40467447
v -0.13366656 2.72641305 3.46789135
v -0.04679642 2.76950059 3.20457139
v 0.07501622 2.62910175 2.88258414
v 0.09718972 2.46299751 3.20390877
v -0.35403760 2.63273035 3.20299004
v -0.21970800 2.31375063 3.19415613
v -0.22985230 2.76617121 3.16446685
v 0.04790269 2.51511624 2.47646005
v 0.16014800 2.59287200 1.93331100
v 0.00448415 2.43420449 1.88334755
v 0.18614400 2.80719100 1.96655600
v 0.07624800 2.69040200 2.36592600
v 0.00160900 2.94845500 2.00255000
v -0.05922425 2.74093483 2.60921325
v -0.24232800 2.94003700 2.01014600
v -0.21216600 2.79688500 2.39115900
v -0.41697900 2.79239900 1.95374600
v -0.31232677 2.65107182 2.52681954
v -0.41621100 2.55347300 1.88827600
v -0.31991417 2.51122929 2.40794690
v -0.22081114 2.43342100 1.88075968
v -1.37922751 2.50963925 2.57518273
v -1.28721914 2.41108283 2.60645980
v -1.16832951 2.39885790 2.66487272
v -1.29254025 2.43950351 2.82196755
v -1.39897883 2.56857140 2.78222641
v -1.24725285 2.52915126 2.90023388
v -1.20433193 2.63806992 2.88738477
v -1.07415585 2.62293057 2.76850531
v -1.15356458 2.72151723 2.72079062
v -1.07965633 2.48552257 2.72340273
v -1.36430066 2.64233243 2.59574669
v -1.08383186 2.48018563 2.15403733
v -1.31318602 2.72377885 2.75140447
v -0.72067186 2.56198649 1.92455339
v -0.77647132 2.45301458 1.85017737
v -0.71149761 2.73660633 1.92207337
v -0.93332413 2.64732556 2.30273169
v -1.00279451 2.72188232 2.29535209
v -0.93581114 2.77465688 1.83900896
v -1.01355716 2.66464261 1.78676504
v -0.97060757 2.40830626 1.68049978
v -1.16745976 2.55975608 2.14207255
v -0.72460628 4.07516305 2.47304167
v -0.69229904 4.14376953 2.46334372
v -0.74091084 4.18077619 2.41013557
v -0.83931021 4.12556852 2.41818948
v -0.81251858 4.16061557 2.34612735
v -0.52544627 3.73701993 1.96296206
v -0.81351645 4.03794145 2.09040689
v -0.47240555 3.95021699 1.84849616
v -0.44598128 3.83242400 1.92729927
v -0.63787021 4.00714134 1.78578632
v -0.87421913 3.92322680 1.79684234
v -0.81977071 3.76575870 1.91348367
v -0.68166017 3.72802756 1.95905625
v 1.48344815 3.64651704 2.37345636
v 1.40517004 3.70091124 2.42054444
v 1.54452828 3.71292981 2.32557145
v 1.52495069 3.78788940 2.29529681
v 1.42517675 3.80358904 2.40260632
v 1.02672656 3.54416470 2.00358641
v 1.23370500 3.49780000 1.89930300
v 1.09625300 3.86597700 1.94904000
v 1.29160223 3.78540940 1.85977067
v 0.99543000 3.77770400 1.99309100
v 1.32949900 3.62483500 1.83622600
v 1.73555854 4.88994628 2.12436449
v 1.65592132 4.91461639 2.20508415
v 1.71253612 4.97826018 2.03791473
v 1.64347782 5.02842116 2.11954796
v 1.56661909 4.97359447 2.14183135
v 1.56621797 4.90180228 2.18620153
v 1.41480339 4.46894017 1.91926919
v 1.28064565 4.73881695 1.81096511
v 1.30836100 4.46546100 1.98728300
v 1.46794600 4.53905000 1.81009000
v 1.44015051 4.62848456 1.73779725
v 1.35619782 4.70859395 1.74322785
v 1.22604586 4.68665267 1.88920871
v 1.68854464 4.07762361 2.57869672
v 1.70104121 4.13205969 2.55590578
v 1.76038305 4.01645205 2.54852455
v 1.79641799 4.07443753 2.46242686
v 1.52287105 4.14357619 2.39633493
v 1.68366485 4.01836885 2.55294311
v 1.75826740 4.13999903 2.46828502
v 1.74352961 4.01560671 2.41883581
v 1.46044721 4.01692755 1.89463177
v 1.38169826 3.93225489 1.99097489
v 1.39389706 4.19391670 1.94714530
v 1.52362142 4.09389140 2.10849798
v 1.30153847 4.15062481 2.03308988
v 1.25670332 3.97325086 2.04459921
v 1.46829897 4.05893724 2.36743498
v -2.55159946 4.81615946 2.13568173
v -2.50920728 4.81351619 2.30677271
v -2.58346236 4.83119761 2.23002625
v -2.55618825 4.95654075 2.20643365
v -2.43667571 4.93890568 2.31079924
v -2.45442160 4.98115854 2.23279101
v -2.46001585 4.94364878 2.12913190
v -2.51418826 4.88050740 2.09989878
v -2.40647767 4.83245394 2.31076940
v -1.93955121 4.28964253 1.94337371
v -1.83516128 4.33350581 1.95608418
v -1.85012877 4.46572734 1.91879921
v -1.91653128 4.52824218 1.86661951
v -1.90806983 4.50414610 1.67329851
v -2.12502288 4.62278780 1.88949281
v -2.04656500 4.37924200 1.75668200
v -2.18216000 4.51801100 1.91853500
v -2.02602571 4.31735364 1.85137387
v -2.02377016 4.14373539 2.52127994
v -1.98108331 4.10716274 2.62301079
v -2.07604576 4.07957875 2.52073357
v -1.94496868 4.04450272 2.62867384
v -1.76256357 4.06663294 2.43783430
v -2.05518164 4.01048449 2.55617405
v -1.81702346 3.99976161 1.87965338
v -1.65217944 4.09216368 1.94123694
v -1.84432518 4.02951036 2.07376740
v -1.76327376 3.74427027 1.94629782
v -1.82522900 3.91177900 2.11424600
v -1.78021005 3.89997331 2.23966568
v -1.56423400 3.79147200 2.02866700
v -1.69888460 3.93175858 2.27263341
v -1.52732389 3.92825441 2.03779818
v -1.54799104 4.03245088 1.96635170
v -2.76703806 3.86514418 1.92534322
v -2.74517052 3.97348875 1.96962378
v -2.80119284 3.93371168 1.87230030
v -2.60438328 3.98082339 2.00558157
v -2.70899033 4.01749844 1.85866237
v -2.63246680 3.88181602 1.99286291
v -2.24812486 4.02281016 1.82794209
v -2.00069500 4.01863900 1.87331200
v -2.04434550 3.84789166 1.91114160
v -2.09129800 4.10150800 1.70267500
v -2.17678300 4.01621600 1.53644600
v -2.30406700 3.96104300 1.67522700
v -2.22333600 3.82529900 1.44557900
v -2.32903517 3.84836360 1.64058299
v -2.16506500 3.60531900 1.78106500
v -2.32375144 3.72847903 1.78152494
v -2.25072900 3.78077600 1.91067800
v -1.71868129 3.67056646 2.58675006
v -1.71902803 3.74139813 2.51812815
v -1.65972140 3.67716469 2.70658581
v -1.60148195 3.73504222 2.70911069
v -1.51311850 3.78678092 2.61530010
v -1.65494089 3.83008786 2.60766866
v -1.63389017 3.61146706 2.58966301
v -1.63369828 3.80343611 2.48485880
v -1.07911789 3.42001915 2.13156072
v -1.21403557 3.36954756 2.04114905
v -0.99458215 3.54992608 2.17199959
v -1.01367185 3.71897100 2.09326824
v -1.14178991 3.80531227 2.03122898
v -1.30834000 3.80637500 1.89778900
v -1.34743100 3.77229500 2.08552800
v -1.39549600 3.63344400 1.88648900
v -1.41705255 3.65751762 2.08437131
v -1.33552326 3.44551991 1.95442250
v -1.50590441 3.03036539 2.78654907
v -1.56966203 3.07408385 2.72982833
v -1.54890132 3.13460561 2.81070166
v -1.42493700 3.06507886 2.81708728
v -1.43694558 3.17785760 2.80089071
v -1.49830200 2.96852000 2.38843200
v -1.52740561 3.17798987 2.74467956
v -1.12591531 2.98133526 1.98145841
v -1.17412653 2.87239579 1.93174962
v -1.13674100 3.15553700 1.97993900
v -1.22510833 3.10070616 2.20392674
v -1.28402800 3.21287900 1.96275200
v -1.31491744 3.15177444 2.20788337
v -1.40191205 3.15004564 2.01182520
v -1.44373425 3.06267675 1.88719555
v -1.40217663 2.92650807 1.88878262
v -1.28581396 2.85643808 1.89701200
v -2.03204881 3.17652458 2.42934707
v -2.13434800 3.23912882 2.42558809
v -2.13563925 3.33911079 2.36759378
v -2.06681332 3.30110679 2.56696307
v -1.97621152 3.36196001 2.62011608
v -1.82862344 3.30913678 2.52865569
v -1.88157105 3.42700970 2.55414698
v -2.02169085 3.47303201 2.51402491
v -1.92753632 3.21170236 2.51532364
v -1.94877306 3.25986970 2.07212952
v -1.72672801 3.12158301 1.95949950
v -1.95492599 3.42483665 2.23200900
v -1.56592094 3.23518387 2.15994545
v -1.60638178 3.39226746 2.14800401
v -1.66610539 3.48768204 2.03205534
v -1.86857429 3.36948942 1.88705266
v -1.86141800 3.20523500 1.85914100
v 1.37280517 3.03566582 2.34950901
v 1.36291437 3.16514415 2.40523993
v 1.42044291 3.09382403 2.28915258
v 1.40810891 3.18484408 2.29107178
v 1.29714265 3.22177982 2.34878795
v 1.29115752 3.12837695 2.42187475
v 1.19229165 2.96138180 2.10043001
v 1.27008445 3.10920738 2.00156268
v 0.84467432 3.12687532 1.92558052
v 0.84266634 2.98190541 1.92100451
v 1.01172200 2.85330500 1.89521400
v 1.15473585 2.89469720 1.84599623
v 1.20744100 3.08795600 1.77929200
v 1.11443169 3.22295419 1.85292103
v 0.96882079 3.24082730 1.91516999
v 0.85918170 2.47059016 2.32781861
v 1.00556754 2.48861268 2.19040638
v 0.97696080 2.45804578 2.29153012
v 1.02107984 2.61964029 2.32096063
v 0.87052345 2.55192635 2.40696345
v 0.92220530 2.70587442 2.29784514
v 1.02465034 2.58672610 2.17028975
v 0.87058031 2.64610008 2.39398849
v 0.50364780 2.61023780 2.01668607
v 0.84262192 2.46263489 1.97366657
v 0.98718877 2.67794066 2.19645851
v 0.49110278 2.44655010 1.92709900
v 0.63791200 2.35909700 1.79985000
v 0.79082955 2.45744535 1.73759802
v 0.84876964 2.65969059 1.75303715
v 0.78328000 2.81721500 1.82586400
v 0.65156196 2.84529462 1.91775655
v 0.52558740 2.77702974 1.99527130
v 1.95685634 3.28742889 1.98851992
v 2.02937802 3.24921937 1.94222004
v 2.09733331 3.29579871 1.83927212
v 2.08475407 3.36411881 1.83980187
v 2.00626246 3.39458220 1.77723274
v 2.01124053 3.21758025 1.84367311
v 2.01694624 3.41748941 1.94847356
v 1.93233790 3.37557729 1.99025549
v 1.49589512 3.39586881 1.86230063
v 1.50580919 3.27126835 1.86673539
v 1.50349272 3.17361543 1.76440458
v 1.59184155 3.16827889 1.62204635
v 1.65886265 3.26774593 1.57052362
v 1.65873071 3.37499326 1.57545662
v 1.62544121 3.45335272 1.64848351
v 1.55721494 3.48722545 1.77090596
v 2.23564447 3.88212620 1.77644494
v 2.35922982 3.83425540 1.72302271
v 2.38322592 3.96450153 1.68468137
v 2.40762468 3.93855718 1.53955019
v 2.31375026 3.89903420 1.47014585
v 2.31107644 3.79587623 1.51466265
v 2.35196589 3.76440035 1.62440040
v 2.23536255 3.98844532 1.50905799
v 2.30530508 4.03890490 1.63766257
v 2.21645027 3.98709588 1.73512078
v 1.74930041 3.79962838 1.74710828
v 1.81024969 3.69897975 1.67950278
v 1.86067760 3.66317350 1.55437407
v 1.88313239 3.72265692 1.44160031
v 1.88709300 3.82800200 1.33390000
v 1.98801600 3.84569500 1.42190600
v 1.86245143 3.93893599 1.41920421
v 1.80315845 4.00355315 1.54327904
v 1.75996989 3.93890580 1.67669436
v 2.59212552 3.44866667 1.61156173
v 2.72092633 3.46693996 1.45511968
v 2.63951188 3.54907444 1.64157409
v 2.70499710 3.63021196 1.51663224
v 2.62221224 3.51874777 1.36777581
v 2.62442353 3.40474189 1.51707596
v 2.55213114 3.65816852 1.48262716
v 2.58301240 3.63763539 1.59618625
v 2.70083550 3.60966637 1.41125321
v 2.00425726 3.41972421 1.56285368
v 1.83854957 3.51531599 1.59041053
v 1.89717696 3.35070020 1.45152512
v 1.94791212 3.36273633 1.33618823
v 1.95503400 3.46031100 1.17259300
v 2.19822600 3.47613300 1.30977100
v 1.95148700 3.61758000 1.24936400
v 1.89322138 3.62238373 1.50526753
v 2.17564819 3.61068658 1.37035352
v -0.33147580 1.43951603 2.00655604
v -0.47947595 1.44005869 2.05355790
v -0.49719104 1.50196861 2.16702512
v -0.27968612 1.50587714 2.14594474
v -0.38986962 1.59086852 2.24312753
v -0.26193969 1.65287944 2.15451707
v -0.57293476 1.61769053 2.08256621
v -0.55291292 1.53223997 1.96553864
v -0.44295832 1.47922198 1.90376032
v -0.36245504 1.75804722 2.15239783
v -0.50611341 1.66411565 2.21252147
v -0.32935599 2.02310985 1.83019833
v -0.45341898 2.02780722 1.80382551
v -0.52532614 1.94115410 1.72734868
v -0.50491228 1.83622995 1.65144907
v -0.40253267 1.79539650 1.57749403
v -0.28367740 1.79469906 1.61833080
v -0.21414862 1.87073000 1.70483604
v -0.22465714 1.97165219 1.78849162
v -0.41019691 2.26476885 1.75165063
v -0.61565942 2.08095538 1.54592739
v -0.45814471 1.86583589 1.39180058
v -0.13473606 1.87724556 1.45772979
v -0.10234600 2.14130000 1.70122700
v 0.22966605 1.16450432 1.75592938
v 0.33794185 1.13069459 1.65691606
v 0.36942737 1.05620956 1.76595888
v 0.50097062 1.08296257 1.76094260
v 0.50475692 1.17129248 1.94738078
v 0.36222469 1.09979857 1.93684208
v 0.57356122 1.26075152 1.86772738
v 0.45849604 1.37938953 1.95835677
v 0.32680523 1.26969361 2.01078668
v 0.56608443 1.22933290 1.71414697
v 0.46973466 1.16297590 1.62212199
v 0.28535419 1.56410637 1.87437102
v 0.22147508 1.24557415 1.91117715
v 0.20593917 1.93162129 1.78330634
v 0.38518560 1.65213250 1.81453417
v 0.19363774 1.58160111 1.75659640
v 0.18624014 1.56002691 1.62571746
v 0.26570833 1.53025370 1.54092145
v 0.37688641 1.55851111 1.51818162
v 0.44967638 1.60959265 1.58484124
v 0.46095012 1.64937096 1.71719081
v 0.41540500 1.97526700 1.76015800
v 0.06691100 1.85180500 1.66859500
v 0.04667800 1.74291200 1.49605500
v 0.29827176 1.69642531 1.31733580
v 0.50949000 1.79401400 1.47192100
v 0.55297669 1.92090634 1.64613675
v -0.06295620 0.72271775 0.92628979
v -0.14877602 0.61723587 0.97414711
v -0.17322889 0.60319695 1.08348807
v -0.06004194 0.61777017 1.06747841
v 0.00357789 0.73017376 1.11297015
v -0.07351151 0.73727109 1.18610795
v -0.18451007 0.72756859 1.18747806
v 0.00196868 0.73295501 1.01163141
v -0.24780662 0.73375488 1.10701176
v -0.02283956 1.56829081 1.30314447
v -0.22531612 1.42046586 1.17275330
v -0.23826374 0.72216770 0.99688843
v -0.16029565 0.72396140 0.92925484
v -0.02377411 1.42687859 0.96802487
v 0.05818337 1.45950048 1.05674422
v 0.05394741 1.45540576 1.18760462
v -0.15088569 1.51386749 1.28642448
v -0.28861700 1.58990900 1.22150900
v -0.25680323 1.53334212 1.03657774
v -0.14279931 1.51902223 0.93675012
v 0.07221566 1.54515037 0.91779034
v 0.14906100 1.60912300 1.22420700
v 1.50108672 1.91554939 1.49606835
v 1.53539625 1.94291019 1.60058749
v 1.66202009 2.00160176 1.59303016
v 1.68159807 2.08911252 1.43620068
v 1.67605767 2.00398228 1.40046770
v 1.61107063 1.93407214 1.42682714
v 1.59748822 2.11218970 1.62541874
v 1.49927848 2.05588920 1.64618111
v 1.05090057 1.99546615 1.36224178
v 1.31268124 2.06384669 1.25876450
v 1.50695070 2.21046590 1.50096569
v 1.01310049 2.07222467 1.52787989
v 1.03686900 2.24037400 1.59913700
v 1.18048300 2.01869900 1.19901500
v 1.19819800 2.16782700 1.16288100
v 1.23514529 2.30650264 1.22749027
v 1.22360000 2.39372000 1.36557400
v 1.12385779 2.35982174 1.54766527
v 1.62374471 2.59377811 1.87203854
v 1.75387922 2.66180523 1.87896566
v 1.80643689 2.71182324 1.73979685
v 1.77548764 2.82734992 1.77772279
v 1.65648673 2.87928219 1.82514273
v 1.67590243 2.57390683 1.75078662
v 1.72605739 2.63264255 1.64836594
v 1.64811530 2.80390192 1.94998402
v 1.60392346 2.69887479 1.94833770
v 1.72699940 2.75301476 1.62473859
v 1.35642893 2.74847694 1.82497057
v 1.59245793 2.85187982 1.61398596
v 1.37466053 2.85199382 1.81857066
v 1.31790000 2.65027100 1.73688300
v 1.43708096 2.62187803 1.59922202
v 1.50760481 2.68813254 1.52698649
v 1.51538586 2.89563822 1.55243009
v 1.42402541 2.92020415 1.72598593
v -1.00878525 1.06392302 1.44761737
v -1.14400769 1.03991247 1.58517126
v -1.22201141 1.13343950 1.46018129
v -0.99883750 1.14666687 1.67315594
v -1.08438701 1.22980803 1.70347682
v -1.21131903 1.22467884 1.64069646
v -1.23953631 1.23881288 1.51723673
v -1.09650682 1.10642198 1.38144337
v -0.95472275 1.09717392 1.56130635
v -0.95605068 1.66331226 1.50909169
v -0.84756396 1.65366795 1.55609970
v -0.98658582 1.65260120 1.36979932
v -0.96204994 1.57148546 1.27522816
v -0.86969693 1.52084019 1.24661265
v -0.76958305 1.48829830 1.31162742
v -0.72558685 1.52407235 1.41833972
v -0.77098626 1.56506584 1.53830330
v -0.85087700 2.06098200 1.44495500
v -0.97459466 1.78606070 1.18212385
v -0.71230703 1.59927097 1.13004478
v -0.57133880 1.68353705 1.39894840
v 1.10046966 1.21742832 1.34429261
v 1.14017352 1.13602756 1.41521798
v 0.99395580 1.11347708 1.48682390
v 1.20043221 1.26214504 1.50944373
v 1.07436417 1.19123457 1.63311874
v 1.12189914 1.29917008 1.60231530
v 1.16402010 1.27799272 1.40310076
v 0.95799991 1.20064999 1.57591652
v 1.00779758 1.18164665 1.37568388
v 0.83870122 1.81759477 1.52558571
v 0.75814484 1.75292548 1.55786496
v 0.78109414 1.53234781 1.48053533
v 0.88944411 1.58502985 1.34956896
v 0.96166065 1.64171408 1.43518736
v 0.65278500 1.73600700 1.50740900
v 0.63634000 1.68804700 1.36793400
v 0.74585010 1.68806895 1.30280842
v 0.87706084 1.74783238 1.30627970
v 0.90378400 1.83682500 1.42848600
v -1.15101980 0.74847036 1.00610106
v -1.01196361 0.51431061 1.13915815
v -1.14377153 0.56976191 1.08360542
v -1.19955366 0.61457368 1.18995060
v -1.03113433 0.59018415 1.30571534
v -1.16423526 0.68119780 1.27971242
v -0.83056685 0.62933244 1.15435968
v -0.75855987 1.30230131 1.07621659
v -0.74428650 1.24595633 0.98849267
v -0.66474081 1.21213523 0.95103948
v -0.57943685 1.18753741 0.98362340
v -0.42819603 1.35773536 1.03514134
v -0.61007179 1.50202242 1.13771181
v -0.50644305 1.49576464 1.17966885
v -0.66845638 1.50552687 0.93577153
v -0.47740852 1.36700942 0.87259447
v -0.44632734 1.39374019 1.13348189
v -0.94454167 0.82670879 1.34668466
v -0.83167196 0.74419966 1.29194212
v -1.09183571 0.88055131 1.29508458
v -1.16813481 0.85335447 1.15211656
v -1.03006549 0.65966936 0.95125130
v -0.89922201 0.60800378 1.00652579
v -2.34563413 0.91940576 0.60934295
v -2.42742206 0.92411443 0.59905057
v -2.42796217 1.03097232 0.61631920
v -2.46183249 1.03432299 0.68364344
v -2.41521347 0.94992999 0.75309692
v -2.30538240 0.93724639 0.68617274
v -2.42235888 1.04973604 0.73738719
v -1.49216908 1.98233246 0.65529031
v -1.71379515 1.72221651 0.61821797
v -1.58445715 2.09773575 0.65385347
v -1.61551471 2.13052264 0.46090719
v -1.54289804 2.01661587 0.35265848
v -1.44444100 1.91421900 0.51427500
v -1.73398947 1.68807130 0.48695847
v 1.64808469 0.84252798 0.94058303
v 1.72925125 0.80598645 1.00817672
v 1.57372599 0.77854642 1.06588071
v 1.74520084 0.83051229 1.13594220
v 1.68965446 0.94769122 1.16009544
v 1.61488805 0.88688792 1.20129330
v 1.73017645 0.96846819 1.07499564
v 1.56046659 0.82723740 1.15019031
v 1.73364107 0.91368869 0.98464520
v 1.01663154 1.69870652 1.17487987
v 1.04812759 1.43475863 0.99213910
v 1.13871550 1.49881962 0.97284627
v 1.17532061 1.55064277 1.08971056
v 0.95889421 1.63728551 1.20201592
v 0.89268965 1.59402020 1.14916948
v 0.89780880 1.54475533 1.05002115
v 0.89722507 1.58573042 0.87924660
v 1.08052439 1.74425857 1.03489967
v -1.81507565 0.97470961 0.57071341
v -1.78227578 0.87015658 0.67334315
v -1.82228304 0.89268000 0.75824262
v -1.91221436 0.96934712 0.64514181
v -1.83291767 0.95625408 0.79430076
v -1.88554985 1.00297483 0.77407613
v -1.72747055 0.94451044 0.58903573
v -1.91269843 1.03032899 0.70667992
v -1.51130759 1.32772358 0.78130930
v -1.30508424 1.82863127 0.59481513
v -1.02900989 1.58283024 0.43537193
v -0.99051463 1.63640202 0.74683547
v -1.08847100 1.75456000 0.86267300
v -1.22684300 1.82547900 0.77072100
v -1.27496301 1.76256377 0.44052487
v -1.16309876 1.65965489 0.36026778
v -0.97290131 1.57005483 0.58885314
v -2.88291186 4.77644219 1.57384217
v -2.90010294 4.90933967 1.71013449
v -2.91100150 4.89049835 1.55806614
v -2.79979990 4.96506822 1.69399844
v -2.74811609 4.92685487 1.61898169
v -2.77235588 4.85076931 1.74491525
v -2.86513539 4.75431164 1.66071196
v -2.83148408 4.78925902 1.73298521
v -2.83451200 4.93941086 1.55943077
v -2.14285306 4.34252099 1.67854829
v -2.21234970 4.26645053 1.66078136
v -2.10651500 4.41797700 1.63022900
v -2.36791504 4.59359113 1.61418585
v -2.22236657 4.31373974 1.37983793
v -2.26401680 4.20746408 1.49367360
v -2.85998445 4.87177615 1.40394535
v -2.85933800 4.92415400 1.32018900
v -2.92682198 4.85273354 1.26596395
v -2.76104797 4.92852780 1.33033695
v -2.73426512 4.86279959 1.25724237
v -2.75105437 4.82591669 1.39823673
v -2.85101300 4.88107080 1.20453216
v -2.66937207 4.36575930 1.21868860
v -2.87662479 4.72983399 1.34599427
v -2.53463531 4.39621025 1.13430320
v -2.25480800 4.16182100 1.36743700
v -2.47647736 4.36676361 1.34746071
v -2.32749639 4.05094622 1.34354486
v -2.22542000 4.24134100 1.23940200
v -2.28462761 4.18136113 1.04486990
v -2.43799516 4.41372220 1.25393196
v -2.37817934 4.03869860 1.09001707
v -2.35038560 3.98695894 1.27750944
v -1.83010843 2.61620416 2.32876881
v -1.90758313 2.62010878 2.29627275
v -1.94349413 2.66140688 2.20760541
v -1.82232902 2.76898615 2.34457304
v -1.69227623 2.74044658 2.27073534
v -1.69143428 2.61012147 2.21874977
v -1.89428842 2.79231660 2.25334179
v -1.88824797 2.74483379 2.12182215
v -1.45109275 2.86123534 1.83217298
v -1.54585656 2.88399873 1.75105528
v -1.62644588 2.76449140 1.66416805
v -1.56491600 2.58303800 1.71107100
v -1.68546681 2.64619308 1.87270122
v -1.40234115 2.55825027 1.71526961
v -1.54103161 2.65240476 1.97797981
v -1.38968254 2.77938983 1.87189738
v -0.03322809 6.47959434 0.52563121
v -0.10057720 6.61321656 0.38953623
v -0.14289222 6.57871274 0.55549581
v -0.20948454 6.57877743 0.36853840
v -0.22197232 6.60649058 0.47802266
v -0.23692210 6.49897652 0.50912372
v -0.02756180 6.51635182 0.44708215
v -0.02027078 5.73507855 0.17036718
v 0.02059501 6.03671819 0.29602436
v 0.09811000 5.71021200 0.17301100
v -0.14457168 5.74023447 0.31974268
v -0.11223233 5.99389444 0.36565798
v -0.08677700 5.67612000 0.51651900
v -0.08054049 5.98964392 0.50392883
v 0.05062738 5.65745294 0.51124406
v 0.15116193 5.67658296 0.34382846
v -0.11788493 6.65168826 -0.04987685
v -0.02362860 6.63797371 -0.12587716
v -0.02199539 6.50840259 -0.14647516
v -0.03056438 6.55405252 -0.04337314
v -0.13682278 6.64067718 -0.19222441
v -0.05882979 6.57255429 -0.22081273
v -0.21311671 6.48975981 -0.19314898
v -0.23480854 6.06652301 0.09545410
v -0.23380091 5.75439553 0.21986119
v -0.07081826 5.74129953 0.00563390
v -0.13502300 5.98095100 0.03519400
v -0.20246529 5.71058992 -0.12693358
v -0.15044499 5.98602388 -0.09463790
v -0.31423977 5.71733905 -0.08273686
v -0.38723439 5.69720927 0.00347422
v -0.23444534 6.52712462 -0.08125339
v -0.93681315 6.71913181 -0.01434818
v -1.02493000 6.71206000 0.01076800
v -1.00096148 6.67011231 -0.08241950
v -1.04051643 6.66191232 0.10077863
v -1.06463831 6.63283304 -0.02608193
v -0.95245396 6.68302153 0.11373485
v -0.89472107 6.61947970 -0.05846431
v -0.84970019 6.11190562 0.10875225
v -0.74971700 6.11969900 0.17189400
v -0.79325478 6.09882534 -0.04336479
v -0.73677649 5.61724812 0.22703037
v -0.52018021 5.79918402 0.08923751
v -0.74346000 5.73119500 -0.01377300
v -0.50148673 5.66438784 -0.03300135
v -0.61351450 5.62476952 -0.09373056
v -0.78515163 5.59966279 0.09779488
v -0.61546913 5.64477209 0.27868542
v -0.50203356 5.67416121 0.20705062
v -0.43500102 5.67923129 0.09371513
v -1.90180056 5.86507674 0.58285825
v -1.85304208 5.94116919 0.52254815
v -1.82332903 6.00762658 0.61587159
v -1.75159571 5.95066419 0.57970198
v -1.76139780 5.91569667 0.68559059
v -1.88075572 5.89591500 0.67362917
v -1.83621566 5.92641360 0.70766245
v -1.38466469 5.03389924 0.73845045
v -1.60761038 5.35297213 0.54203368
v -1.58521850 5.14424253 0.62762081
v -1.42410730 5.24477759 0.69532930
v -1.41269625 5.27841879 0.61479583
v -1.45281054 5.26820605 0.53873776
v -1.54101879 5.21374865 0.51551369
v -1.56224561 5.18409609 0.70236540
v -2.89473863 3.45870262 1.83175594
v -2.91424054 3.42456736 1.92862202
v -2.92305548 3.53392117 1.95286174
v -2.75108205 3.56229872 2.02263455
v -2.78205995 3.61577700 1.93897032
v -2.74819692 3.47435149 2.03497998
v -2.72635850 3.60273556 1.83441740
v -2.93396384 3.53790842 1.83038810
v -2.22775267 3.55515868 1.85259865
v -2.20082380 3.45127282 1.98509222
v -2.23221532 3.44388276 1.70534284
v -2.23381721 3.35582571 1.70603611
v -2.22615874 3.31393365 1.78638077
v -2.35646820 3.35461712 1.94085481
v 2.88549885 4.79842214 1.33664247
v 2.95632374 4.93231765 1.22752848
v 2.86212033 4.90737089 1.37119490
v 2.86087552 5.00247229 1.26591853
v 2.79595945 4.93863543 1.11950242
v 2.70480808 4.92793408 1.21350097
v 2.93326607 4.77502377 1.24295859
v 2.76344285 4.94115228 1.33321957
v 2.88373434 4.88910433 1.10822218
v 2.23532123 4.38141112 1.31935960
v 2.07274591 4.06377044 0.99979202
v 2.92405299 4.78385514 1.12988582
v 2.27368085 4.35610982 0.99364146
v 2.17663057 4.49010902 1.08928586
v 2.15941446 4.45390203 1.25959416
v 2.00442400 4.21961200 0.91336900
v 1.93334700 4.35355800 0.97658800
v 1.85387178 4.35765743 1.22548390
v 1.87936800 4.17992700 1.36757700
v 2.00401729 4.06375079 1.28422251
v 2.03829458 3.99063943 1.15217096
v 0.65975539 6.46417886 0.31916231
v 0.59586965 6.49215372 0.25519013
v 0.66238318 6.57289282 0.16225000
v 0.84163426 6.52678818 0.20678882
v 0.82606669 6.48679949 0.12889272
v 0.74528486 6.42142609 0.08916607
v 0.78242282 6.51914494 0.29381771
v 0.68681811 6.51404206 0.08463449
v 0.52244818 5.89540240 0.14989364
v 0.22466425 5.63894227 0.27379305
v 0.48278805 5.51331624 0.35688865
v 0.41664232 5.53287403 0.46701180
v 0.45775016 5.52120892 0.13260144
v 0.58764475 5.85152001 0.21816363
v 0.27622795 5.61047778 0.14296534
v 0.21729888 5.63137212 0.38552513
v 0.27761535 5.58000246 0.47981905
v 1.24543397 6.19332461 -0.21854804
v 1.41685140 6.31268175 -0.21596478
v 1.43273697 6.28524461 -0.28790813
v 1.51010039 6.12081762 -0.25945197
v 1.38599445 6.14737417 -0.36339056
v 1.42245214 6.05563861 -0.30034139
v 1.48644676 6.18129196 -0.14259942
v 1.27876233 6.16261220 -0.31162080
v 1.25689288 6.15369090 -0.11616476
v 1.37483758 6.15429142 -0.08388777
v 1.08952862 5.30939858 0.09215263
v 1.16680855 5.65689328 -0.00599374
v 1.00211773 5.41273168 0.11582330
v 1.03404848 5.36080193 -0.18094372
v 1.18150777 5.62040197 -0.11436244
v 1.09664741 5.70006972 -0.20409137
v 0.87548613 5.39701380 -0.10165768
v 0.86068851 5.41490425 0.04805007
v 1.87283740 6.06736359 0.10962222
v 1.80582674 6.10159076 0.09938456
v 1.86323769 6.11529227 -0.00442517
v 1.82107784 5.98438668 -0.01258004
v 1.89027659 6.04632564 0.04362213
v 1.68088191 6.02877787 0.09928426
v 1.69364870 5.98921759 -0.03203593
v 1.58650370 5.72028859 0.18010484
v 1.30501250 5.11123282 0.19607111
v 1.34177569 5.08142433 0.06184773
v 1.27249454 5.16221378 -0.09376638
v 1.11983574 5.29332791 -0.01562915
v 1.18953416 5.21421968 0.27231042
v 1.92340691 5.65522017 0.43302323
v 1.91025187 5.83100263 0.43242757
v 1.85481928 5.81838807 0.48107870
v 1.91231169 5.76665132 0.32288155
v 1.84746226 5.84116110 0.34559094
v 1.79617513 5.81952789 0.40311376
v 1.40355626 5.16593843 0.29546254
v 1.40314147 5.18193866 0.51431557
v 1.45348070 5.09321014 0.56404323
v 1.50686626 4.95485672 0.51802962
v 1.55328758 4.93902989 0.39566505
v 1.53670485 5.01119341 0.29172670
v 1.46874482 5.07867897 0.24010169
v 1.34014789 5.18301858 0.40103000
v 1.33725852 5.08163905 0.59370695
v 2.47556319 5.50360847 0.54051867
v 2.37584162 5.57641151 0.46198524
v 2.51059137 5.51601235 0.41158264
v 2.48705792 5.42038233 0.36000714
v 2.42350849 5.46492492 0.33460311
v 2.50757140 5.39085537 0.44854086
v 2.48329484 5.39361830 0.53562419
v 2.37537119 5.54761003 0.37282535
v 1.84780700 4.46269300 0.59142500
v 2.01019639 4.79807928 0.55748927
v 1.75704049 4.57612273 0.66068736
v 1.85973577 4.48116051 0.45691762
v 1.81056600 4.53467600 0.33669300
v 2.02554560 4.84844523 0.38634711
v 1.73272790 4.64746911 0.33610111
v 1.67031336 4.71407675 0.39551082
v 1.64271851 4.70835900 0.58547001
v 1.87465444 4.95157789 0.48499283
v 2.36381033 5.51066251 0.54051617
v 2.23578565 5.20909123 0.58150140
v 2.78634587 5.31138797 0.22027372
v 2.80679396 5.35328432 0.14338196
v 2.72030343 5.31390365 0.10408177
v 2.82546459 5.27337107 0.16573504
v 2.73498979 5.36910040 0.17371771
v 2.79174537 5.30501808 0.09306915
v 2.48777810 4.91278799 0.29171029
v 2.26620639 4.76718596 0.26342672
v 2.58451480 4.91486873 0.26547032
v 2.59403896 4.85276973 0.20099013
v 2.60518653 4.89803918 0.11197453
v 2.37400650 4.70578868 0.06453387
v 2.24003963 4.68321887 0.08607656
v 2.22524203 4.75462750 0.16549217
v 1.99441100 4.24525500 0.01771500
v 1.83307177 4.43031649 0.13381115
v 1.81789500 4.40062000 0.26819500
v 1.90043113 4.25769061 0.34821710
v 1.99896764 4.07670383 0.16673168
v 2.30601140 5.64284622 0.03864074
v 2.33779597 5.70305633 0.00370809
v 2.31761566 5.63296721 -0.07496260
v 2.27348941 5.71596650 -0.03743809
v 2.28027492 5.48136163 -0.05649850
v 1.68395735 4.66168995 0.01104476
v 1.65286549 4.69889246 -0.09348838
v 1.59182995 4.75211435 -0.14306862
v 1.50939422 4.80730850 -0.10561869
v 1.48266162 4.84764985 0.05256846
v 1.71209234 5.05695111 -0.02741663
v 2.23421543 5.55385063 -0.11159517
v 2.26993395 5.68561548 0.01902537
v 1.76225470 4.90883898 0.08602892
v 2.18249767 2.92923547 1.26947412
v 2.25077137 2.88479778 1.19649851
v 2.25747786 3.00557392 1.15606784
v 2.27841594 2.95356131 1.13463791
v 2.22445574 3.01248589 1.25119571
v 1.92812794 2.89673149 1.01269963
v 1.64398090 2.97191924 1.34308022
v 1.82743900 3.00411300 1.26916700
v 1.66133500 2.77695000 1.20975600
v 1.91875746 2.86280072 1.22200314
v 1.72012785 2.78243864 0.98232171
v 1.80166880 3.02200519 0.85778705
v 1.79803800 3.15404800 0.96368900
v 1.89418400 3.07489300 1.05644500
v 1.73798791 3.12012406 1.18318697
v 2.83687914 3.07982741 0.29432183
v 2.88709244 3.12510790 0.36550446
v 2.89939638 3.07639835 0.41341760
v 2.83671236 3.04559315 0.44333657
v 2.85512185 3.00573769 0.36619591
v 2.14456031 3.36692884 0.00641274
v 2.34356345 3.21455843 0.15574374
v 2.13679700 3.51165397 0.05537852
v 2.12858439 3.54543360 0.15831027
v 2.11326627 3.47837289 0.26690505
v 2.06584600 3.35541000 0.39208300
v 2.04472000 3.21237700 0.29898800
v 2.33322018 3.22689824 0.32782299
v 2.09735830 3.19283795 0.06207730
v 2.32162372 3.19071613 0.24185731
v 2.36990052 3.29844322 0.36430099
v 2.67059467 3.23761057 0.24054183
v 2.62966502 3.26052884 0.37575341
v 2.60771427 3.87721205 0.39342969
v 2.58029911 3.91414667 0.48395026
v 2.58796849 4.00335073 0.36958091
v 2.54399743 3.94284234 0.31846701
v 2.56171479 4.00330861 0.47585125
v 2.21152800 3.93507700 0.48318200
v 2.23136145 3.91431010 0.34589570
v 2.26253698 3.80996336 0.54487427
v 2.03473536 3.78765285 0.69242113
v 2.04980747 3.62342222 0.52957502
v 2.06623800 3.63060900 0.38662300
v 2.04370626 3.77297911 0.28940430
v 1.96302628 4.00725320 0.47332348
v -1.88843497 6.16080366 0.14870880
v -1.95713541 6.18100353 0.04478228
v -1.98114376 6.15142003 0.07649164
v -1.97491461 6.19548970 0.14850334
v -1.91586851 6.19595242 0.06624600
v -1.72259255 5.76080185 0.20440687
v -1.41800408 5.41294419 0.30919861
v -1.24619165 5.35050663 0.03114047
v -1.50654974 5.38006187 0.07219317
v -1.34724334 5.29628241 0.00651950
v -1.48376900 5.20684100 0.03848600
v -1.49285376 5.22472314 0.19344980
v -1.46376040 5.23584874 0.31938346
v -1.33296700 5.28954800 0.40432300
v -1.23303692 5.37179074 0.30021994
v -1.21015003 5.38152288 0.17495532
v 1.13235018 6.29133608 -0.35983391
v 1.08178274 6.47051528 -0.33823905
v 1.05033788 6.35594207 -0.27081775
v 1.00561490 6.45559317 -0.29768749
v 1.11131570 6.36744843 -0.44113560
v 0.96380436 6.45342198 -0.38414171
v 1.04558374 6.40980545 -0.46564951
v 0.79378003 5.92321191 -0.44147751
v 0.65823397 5.66197801 -0.36536376
v 0.76641394 5.54266555 -0.23986308
v 0.85378863 5.40842135 -0.41468879
v 0.82358163 5.42337559 -0.29378957
v 0.80472085 5.46374834 -0.52235497
v 0.71981253 5.52938397 -0.54884563
v 0.63179163 5.58278217 -0.48313735
v 0.54590642 5.59060025 -0.40705096
v 0.65701859 5.55092723 -0.26064264
v 0.72092057 5.44600632 -0.13391427
v 2.39626261 0.92222757 0.38245545
v 2.23619441 0.87686421 0.40631015
v 2.43310485 0.99464609 0.47107494
v 2.39803100 1.02991864 0.38344908
v 2.22363529 0.89709139 0.49688013
v 2.26301608 0.94402192 0.33127831
v 2.34141755 1.01110367 0.54702022
v 1.36633387 1.82316836 0.45987750
v 1.48168375 1.95293652 0.51922916
v 1.35334807 1.86234299 0.73261680
v 1.31078560 1.79940638 0.64761167
v 1.29715313 1.78707560 0.53187656
v 1.42586422 1.90181360 0.44402391
v 1.48601067 1.96328443 0.62593265
v 1.43607312 1.92098424 0.70641818
v 2.32734881 0.88862555 0.54604318
v 2.32473942 1.01035748 0.31819220
v 1.91687181 1.91341153 1.08275148
v 1.91739106 2.04824808 1.16760632
v 1.97179283 1.94513909 1.01971573
v 1.96185128 1.99840707 0.96944857
v 1.97720469 2.06799736 1.01160421
v 1.80979843 1.94473791 1.14342921
v 1.90498791 2.14854808 1.05344048
v 1.60965789 2.05208042 0.82624883
v 1.81376529 2.13387352 1.13290040
v 1.34502866 2.19272200 1.10197534
v 1.56337747 2.10774663 1.11578624
v 1.34178504 2.00542283 1.03855183
v 1.37558300 1.95904400 0.91046300
v 1.65499491 1.92007171 0.95521100
v 1.45833673 2.03709174 0.76687989
v 1.48410900 2.22758000 0.79139500
v 1.62098818 2.14351270 0.86409769
v 1.46771767 2.24579343 0.94271697
v 2.85736415 2.25301905 0.09009604
v 2.96895701 2.34330494 0.04835770
v 2.86386632 2.28294744 0.17387263
v 2.91482969 2.46351685 0.09251276
v 2.92337819 2.42092319 0.01636816
v 2.94202795 2.33336538 0.20202162
v 1.96587546 2.78097571 0.27782707
v 1.97652320 2.62634567 0.10009193
v 1.99188374 2.77804554 0.03689437
v 1.99628158 2.85714783 0.15071871
v 1.79286231 2.83821254 0.36287871
v 1.77569600 2.73008088 0.24538006
v 1.75005547 2.68082089 0.05261375
v 1.82799400 2.80043800 -0.00821700
v 1.89863388 2.95086307 0.11564063
v 2.96516636 2.40743615 0.15494430
v 2.83612674 2.29234453 0.02175563
v 2.87029720 2.35961256 -0.01600082
v 2.57598880 1.82101476 0.18185167
v 2.68810912 1.71764789 0.26547000
v 2.69044271 1.71451005 0.38180854
v 2.56731357 1.82771548 0.43322989
v 2.51470892 1.76070343 0.39649753
v 2.64043476 1.88262901 0.39116450
v 2.51894354 1.74909765 0.22036080
v 1.58560866 2.30111968 0.27229543
v 1.62501294 2.32186320 0.17804436
v 1.71526910 2.36807096 0.13879530
v 1.77852242 2.42938700 0.17790072
v 1.73398384 2.46641313 0.35770389
v 1.65702585 2.40786745 0.40043574
v 1.48236387 2.37709083 0.41853690
v 1.45883200 2.33716900 0.13657900
v 1.58340548 2.51055580 0.08070438
v 1.63136346 2.59009863 0.25024917
v 1.58047137 2.56130498 0.44974415
v 1.60936635 2.33943463 0.36648994
v 2.56624067 1.67989197 0.30701200
v 2.62151983 1.89476762 0.21940426
v 2.67619648 1.90053621 0.29902359
v 2.10017976 2.08161974 0.86633255
v 2.18400366 2.16932647 0.82991396
v 2.19550460 2.21396087 0.91458038
v 2.07462368 2.08758537 0.96042737
v 2.10896631 2.14090139 0.80940476
v 2.17667829 2.14455756 0.98953104
v 1.49291754 2.39109506 1.07340182
v 1.62777678 2.54673790 0.85087483
v 1.57362270 2.51819054 1.08434008
v 1.51733316 2.32723897 0.92117866
v 1.56665600 2.40345100 0.78426400
v -0.44555381 0.13564859 0.62210760
v -0.36805817 0.12109866 0.56325091
v -0.37987113 -0.00329810 0.61162510
v -0.46546658 0.08627922 0.72835041
v -0.23993906 0.03480052 0.73929051
v -0.34095903 -0.00702083 0.77457528
v -0.21279395 0.10751353 0.66467747
v -0.31689443 0.13342487 0.82976186
v -0.27431300 0.07687281 0.58345151
v -0.10643352 1.26374483 0.80305503
v -0.32723973 1.34071219 0.77292831
v -0.28375762 1.15596493 0.64494240
v -0.14980132 1.28588692 0.63405866
v -0.21817255 1.10483504 0.83797881
v -0.26666458 1.35483736 0.86394793
v -0.28056111 1.33385622 0.59796810
v -0.06984016 1.30957805 0.71447937
v -0.20151366 0.75178077 0.67718461
v -0.20699089 0.74445120 0.77559959
v -0.40406973 0.14925770 0.79994694
v -0.36441302 0.77571028 0.71032305
v -0.29906428 0.73132298 0.63596698
v 0.02393798 0.77158721 -0.44367895
v -0.04217946 0.75665019 -0.28620708
v 0.16416873 0.78640398 -0.51305866
v 0.15259954 0.63026309 -0.38122012
v 0.05858437 0.64807173 -0.21616283
v 0.27358500 0.67093600 -0.38231300
v 0.38022154 0.78454303 -0.29272119
v 0.22448264 0.67402245 -0.14697390
v 0.15493917 0.80271284 -0.04795718
v 0.30536519 0.80631043 -0.43897380
v 0.31160840 0.83714158 -0.13290848
v 0.01305949 0.78019876 -0.11939783
v 0.10736970 1.25685798 -0.11362902
v 0.21895923 1.27889585 -0.17198535
v -0.00940824 1.25180442 -0.17346382
v -0.05605995 1.23785924 -0.29270661
v -0.00832735 1.22665436 -0.41191208
v 0.10304713 1.23372196 -0.46436956
v 0.21910803 1.20712109 -0.41543044
v 0.25863601 1.27913966 -0.29797907
v 0.19902334 1.44693788 -0.05074440
v -0.12753074 1.45896703 -0.18498842
v -0.03369409 1.42742131 -0.48732461
v 0.27260121 1.45446975 -0.34827572
v -0.48181271 0.94529332 0.07596560
v -0.37448766 0.91161027 -0.01466996
v -0.39970853 0.79693772 0.06660766
v -0.40130639 0.77151001 0.18588926
v -0.24803855 0.77827563 0.07273521
v -0.24682061 0.78120744 0.24289833
v -0.13507329 0.90673101 0.24153414
v -0.24119834 0.93220901 0.34927179
v -0.40286617 0.86566369 0.32843710
v -0.15122086 0.88593589 0.09300028
v -0.23524991 0.91252137 -0.02388187
v -0.49269898 0.95441298 0.23761153
v -0.31559095 1.36287702 0.32968247
v -0.19305780 1.36013489 0.33220994
v -0.39760025 1.38012617 0.23323588
v -0.39541882 1.37497227 0.10543276
v -0.31625585 1.34114608 0.02479769
v -0.20054981 1.34280540 0.02835159
v -0.12389037 1.32704103 0.12338572
v -0.11470570 1.35017277 0.24120991
v -0.31505700 1.53956000 0.44700200
v -0.10531800 1.52967500 0.44636200
v -0.46425500 1.55810000 0.28637000
v -0.47819700 1.55041300 0.07612600
v -0.33661600 1.54044100 -0.06129000
v -0.03737029 1.52788037 0.02216872
v 0.02953834 1.53144238 0.29062367
v 0.95448571 0.69354676 1.17110562
v 0.78569855 0.65288000 1.24476220
v 0.91556284 0.59712147 1.21275538
v 0.76352742 0.51038236 1.09478371
v 0.93247150 0.54208383 1.06112524
v 0.91011852 0.62507180 0.99335558
v 0.80947623 0.59060121 0.99825664
v 0.73662136 0.58442538 1.17627185
v 0.87580170 0.69209184 1.24012528
v 0.96278291 0.67719912 1.06521798
v 0.53093492 1.34303811 0.80577058
v 0.61500635 1.56504451 0.82714742
v 0.63339241 1.43635835 0.98885179
v 0.49388732 1.39230108 1.00504882
v 0.46841821 1.33280411 0.89611370
v 0.55229013 1.52386793 0.73515579
v 0.39759500 1.49573400 0.68144600
v 0.61347019 1.61146616 1.01692395
v 0.40611500 1.58396800 1.05501300
v 0.29624100 1.48958689 0.82935467
v 1.32547433 0.53179810 0.36109724
v 1.26005129 0.52099086 0.41284168
v 1.34361876 0.57569276 0.45941966
v 1.30170153 0.53836954 0.47627448
v 1.34016584 0.61813847 0.38551710
v 0.97111015 0.85709688 0.48655789
v 0.72868257 1.36641412 0.41753951
v 0.67452846 1.24736114 0.25276278
v 0.75671526 1.36092228 0.30858178
v 0.61333760 1.44410580 0.46970558
v 0.73508700 1.51670400 0.45933400
v 0.51088768 1.41195484 0.41048653
v 0.49999562 1.36514930 0.28149015
v 0.60853500 1.42579700 0.14896700
v 0.74789812 1.48545550 0.25841793
v 0.98363820 1.02804860 0.34784592
v 0.96302934 0.78551900 0.34818515
v -1.17746681 0.12513304 0.62249887
v -1.25959093 0.29593253 0.71279630
v -1.16272074 0.15004216 0.82275705
v -1.05387756 0.12322875 0.73333649
v -0.94049806 0.24121183 0.68598195
v -0.97448611 0.28307635 0.80308942
v -1.20410498 0.33172045 0.59138796
v -1.07906934 0.33077955 0.86515691
v -1.03081928 0.17956025 0.59158317
v -0.71451763 1.24940182 0.72560558
v -0.64244476 1.19971489 0.68666002
v -0.78646299 1.28855278 0.69370807
v -0.82936203 1.28169100 0.60472764
v -0.83243801 1.18730397 0.52817532
v -0.65832977 1.09598804 0.60488936
v -0.52974176 1.50503326 0.74922906
v -0.74977200 1.59659585 0.70042907
v -0.71148214 1.49972251 0.40706468
v -0.43365753 1.46555339 0.52969571
v -1.17576770 0.39169019 0.82176930
v -1.10125911 0.29327341 0.53174489
v -0.71803359 1.05806858 0.53140839
v -0.77752047 1.11896725 0.49394732
v -1.38759212 0.64748220 0.04277056
v -1.50130006 0.74996441 0.07178713
v -1.49395802 0.69513828 0.18686167
v -1.25683082 0.71233870 0.23273620
v -1.40198903 0.67552871 0.25272061
v -1.33788511 0.62732838 0.12687602
v -1.37902506 0.93658017 0.05829597
v -1.40074250 0.75491546 -0.00657530
v -1.19229636 0.77985043 0.05154880
v -1.49736797 0.85262218 0.17145550
v -0.82500105 1.45527241 0.30587721
v -1.01580651 1.32031426 0.05264741
v -0.77522580 1.39952302 0.04217750
v -0.92369066 1.49862052 0.28187494
v -0.97510743 1.51311385 0.18016207
v -0.92696173 1.47931651 0.00707559
v -0.76227274 1.35639988 0.13880345
v -0.74969381 1.40167540 0.25174942
v -1.17852412 0.92610519 0.27475558
v -1.43967809 0.83916686 0.27186662
v -1.13965940 1.01587557 0.04178721
v -1.08889400 0.95573900 0.13875900
v -2.81927439 1.75968364 1.06636535
v -2.87652416 1.87321485 1.00932949
v -2.82447356 1.82713288 1.10650604
v -2.84614829 1.91438208 1.05166650
v -2.82440280 1.76422058 0.99453919
v -2.66323009 2.07077518 0.96395441
v -2.79932336 1.94624650 0.91345469
v -1.87878935 2.27261127 0.59656619
v -1.87958744 2.33760124 0.67177346
v -1.92483819 2.43217146 0.66355654
v -1.77929965 2.52170774 0.29217351
v -1.71965920 2.41844604 0.29810923
v -1.66414794 2.33412489 0.41030174
v -1.67204400 2.39833400 0.65576500
v -1.75545800 2.52301200 0.66219700
v -1.79843869 2.59605760 0.54163019
v -1.80543209 2.59022821 0.38588392
v -3.12628324 2.29035426 0.55167033
v -3.16689029 2.34314615 0.49324169
v -3.19362703 2.38216421 0.52481794
v -3.14323412 2.32222297 0.59149346
v -3.19200695 2.37190278 0.57993325
v -2.20448012 2.95633237 0.33290997
v -2.15952021 2.87433743 0.46189058
v -2.93835371 2.53909992 0.40794066
v -2.01626374 2.99468658 0.16061873
v -2.73369081 2.50267915 0.33811492
v -1.90909843 2.79774674 0.22768888
v -1.93557078 2.86411692 0.45112886
v -1.99458714 3.01926139 0.51270181
v -2.04360400 3.10018700 0.28892900
v -1.96329935 2.88319732 0.14610558
v -1.89340004 2.79324490 0.36772158
v -2.25923263 2.11840464 1.74677344
v -2.38920428 2.17279457 1.76858160
v -2.42396404 2.16604986 1.62308553
v -2.32646292 2.06443198 1.68237633
v -2.40720548 2.26478256 1.61798623
v -2.33112992 2.23377807 1.78950973
v -2.14775800 2.32541900 1.40540300
v -2.30703809 2.09786291 1.59775584
v -2.36895523 2.31957301 1.68251865
v -1.79215200 2.50168500 1.59705600
v -1.88039871 2.62024722 1.55879300
v -1.96098900 2.65486500 1.41920800
v -1.98510800 2.60503300 1.25753500
v -1.92271900 2.45697800 1.17057600
v -1.79811800 2.32450600 1.19364400
v -1.72590119 2.30623257 1.38315165
v -1.76810027 2.36176855 1.54178277
v -2.00979126 1.93288912 2.31175217
v -2.18007555 1.89925665 2.34479804
v -2.20325338 1.98354506 2.41046183
v -2.24981505 1.98970378 2.29747333
v -2.22511522 2.05305856 2.35476387
v -2.07738619 1.98695531 2.39043343
v -1.86497845 1.98357425 2.08365052
v -1.94576300 1.97880100 2.04716300
v -2.01875038 2.13262303 2.14640103
v -2.08276324 2.05819657 2.38411453
v -2.21314961 1.94016597 2.25408778
v -1.23259500 2.45072300 1.73488600
v -1.81511984 2.07002960 2.22473508
v -1.20883466 2.34066392 1.61415644
v -1.30058200 2.55031500 1.75558100
v -1.64778600 2.26635300 2.05588200
v -1.76103046 2.25718372 2.05897188
v -1.49300400 2.51451100 1.58508000
v -1.47730900 2.42047300 1.48536800
v -1.76966512 2.24072945 1.88655207
v -1.35822345 2.32645622 1.45703243
v -1.70977900 2.13373100 1.84472500
v -2.33563719 3.03352184 1.25486877
v -2.41835017 2.89823313 1.37594530
v -2.43792876 2.95249809 1.31633062
v -2.34928121 2.93370905 1.47091332
v -2.42602098 3.00470784 1.43429105
v -2.33207376 2.88834260 1.40445172
v -2.33944667 3.07624508 1.40908219
v -2.30703913 3.00821242 1.45813626
v -2.36255851 3.07914632 1.33267069
v -1.95058823 2.88570473 1.24357246
v -1.88747600 2.80536100 1.11245600
v -1.73548233 2.86718627 1.31336254
v -1.98070536 2.88797307 1.15525604
v -1.70551700 3.00917900 1.39095800
v -1.92447950 2.96697242 1.33476516
v -1.80242100 3.11993100 1.34011900
v -1.94615600 3.08743100 1.28619400
v -1.86476071 3.12405997 1.18133626
v -1.86713688 3.03695288 1.03610232
v -1.86741530 2.91171470 1.03244251
v -2.83904751 3.09214763 0.88117233
v -2.97849231 3.11992537 0.88137308
v -3.00536593 3.12188347 0.95230803
v -2.98151035 3.20269493 0.93512373
v -2.82847161 3.23117089 0.99547425
v -2.95248025 3.19417516 0.86269383
v -2.89389588 3.15013132 1.02152882
v -2.86343759 3.06322029 0.95132207
v -2.88727343 3.08386475 1.00657671
v -2.88637589 3.14731738 0.84572652
v -2.26356000 3.23575100 1.07121600
v -2.29975833 3.33434964 1.11385273
v -2.52330200 3.19913000 1.03156500
v -2.32331726 3.42032693 1.06577622
v -2.33993100 3.44746400 0.96837200
v -2.64703340 3.30758380 0.94047297
v -2.33030173 3.39692911 0.88334666
v -2.31681727 3.30483695 0.86079413
v -2.27307404 3.19912492 0.92525135
v -2.52125289 3.17583002 0.92711790
v -2.53009685 2.59604406 0.94613802
v -2.50418274 2.56152450 1.05124616
v -2.46987540 2.60814146 1.14003438
v -2.62693773 2.59100784 1.08510989
v -2.63883376 2.66060548 1.12599175
v -2.67064660 2.68284018 1.00168328
v -2.64130324 2.73440538 1.09520684
v -2.51366693 2.80418213 1.12865249
v -2.55198578 2.83865264 1.02664132
v -2.59830736 2.78430929 0.93454266
v -2.48155670 2.71097154 1.16602690
v -2.57036230 2.69713363 0.89500676
v -2.07928212 2.68464811 0.71603679
v -2.01840025 2.64001662 0.88279886
v -2.01248127 2.71352209 0.97768379
v -2.03016258 2.82674452 1.00502362
v -2.04767027 2.95835167 0.95875585
v -2.10255501 2.98810527 0.83374593
v -2.13047256 2.93344189 0.71400904
v -2.15880441 2.78578558 0.69607412
v -2.71979744 3.88111922 0.94617893
v -2.71414518 3.92222076 0.84236253
v -2.66465427 3.89627377 1.04673875
v -2.73410675 4.00676618 1.04367156
v -2.78356570 3.98939256 0.95038629
v -2.76727099 4.06937935 0.91979610
v -2.69329802 4.09895962 1.00379577
v -2.54989667 4.05888508 1.05786621
v -2.53733487 4.10656109 0.95546317
v -2.59020901 3.96602998 1.08664129
v -2.67209196 4.02175703 0.80219363
v -2.39302943 3.70013919 0.95101770
v -2.62060099 4.10192808 0.84518750
v -2.31368993 3.65357877 0.63948284
v -2.32157200 3.57647653 0.78653210
v -2.28148900 3.60866700 0.93744800
v -2.25583180 3.76223491 1.00406793
v -2.17608387 3.88013607 0.94250257
v -2.17885171 3.94626143 0.82134813
v -2.20358813 3.92252228 0.67158081
v -2.28227757 3.80658763 0.61822739
v -2.83521399 5.07424185 0.57483979
v -2.92370146 5.09965655 0.56317011
v -2.95491220 5.07129363 0.50804300
v -2.87770981 5.16181980 0.53179594
v -2.94009769 5.16415677 0.47095685
v -2.79474361 5.11266575 0.48113171
v -2.52096940 4.70866661 0.51521386
v -2.50209268 4.84235367 0.53843424
v -2.86127146 5.07907171 0.41680496
v -2.89083338 5.01846292 0.45157132
v -2.18118494 4.60799974 0.55912360
v -2.16303574 4.63173054 0.40490340
v -2.29357931 4.49145247 0.46621794
v -2.21361000 4.50276100 0.56139700
v -2.00428800 4.49170200 0.64188700
v -1.98186226 4.59758643 0.49446248
v -2.04612300 4.56091500 0.34938300
v -2.09866456 4.45447706 0.33789771
v -2.11579006 4.35208085 0.59955351
v -1.99453605 5.80024170 0.48960263
v -2.03590567 5.84646952 0.45866189
v -2.06436380 5.77618575 0.38837628
v -2.03173159 5.88966083 0.33395975
v -1.98229422 5.91898287 0.38167218
v -1.91876270 5.85611530 0.39429094
v -1.92392628 5.80348671 0.32766833
v -1.94159766 5.83718314 0.45841324
v -1.97916521 5.76959862 0.29220870
v -1.65651099 5.13462129 0.53278214
v -1.67268379 5.33641688 0.38321312
v -1.74739833 5.27874740 0.30252305
v -2.02901779 5.72350479 0.32038993
v -1.98127051 5.60891082 0.46781018
v -1.62384581 5.19482047 0.48867611
v -1.56760100 5.21589800 0.41838600
v -1.62931663 5.16794774 0.27341848
v -1.71442784 5.08562159 0.31468318
v -1.73855353 5.04331994 0.41706539
v -1.70947924 5.07674790 0.50056841
v -2.11962777 5.62117449 0.19632213
v -2.25654928 5.53288522 0.18775428
v -2.28223542 5.62386902 0.25844233
v -2.21175428 5.69221085 0.24952556
v -2.27370417 5.57108728 0.34429355
v -2.20676800 5.66405022 0.33598426
v -2.13077898 5.64612303 0.34434335
v -2.13712644 5.44731489 0.39239925
v -2.27736512 5.49533719 0.26979798
v -2.19177756 5.56311093 0.16606293
v -1.78079185 5.01411951 0.37017584
v -2.12905285 5.67916245 0.27891509
v -1.99733320 4.82010398 0.25122919
v -1.88129700 4.95757700 0.07839300
v -1.96512407 4.89267254 0.12743741
v -1.94909300 4.83120000 0.39242900
v -1.85418100 4.93734400 0.42985300
v -1.74352100 5.04964000 0.25756500
v -1.79180856 5.02913125 0.14883862
v -2.48867147 5.37332234 -0.12785228
v -2.51793083 5.32018481 -0.18159009
v -2.58563052 5.41023940 -0.11109180
v -2.53492007 5.41747103 -0.03973057
v -2.60889323 5.41417378 -0.05543645
v -2.60939457 5.38096984 -0.00808642
v -2.54962023 5.37109424 0.01106966
v -2.59602839 5.20186902 -0.02670309
v -2.44966585 5.12322768 0.02516279
v -2.59601250 5.19771167 -0.11972035
v -2.57046938 5.24949760 -0.18336047
v -2.33238126 5.12841782 0.02645796
v -2.08149700 4.74257400 -0.26090400
v -2.13100500 4.68018800 -0.16474800
v -2.11280225 4.66050357 -0.01489635
v -1.96975210 4.90821183 -0.05806984
v -1.96247366 4.90531808 -0.17682346
v -0.01613484 3.96520556 2.05916222
v -1.25351098 5.18477563 0.65019148
v 0.19761330 5.36494209 1.07360195
v 0.62284100 5.44502000 0.10714900
v 0.87924685 5.36392582 -0.24616965
v 1.09925900 2.51846200 1.64212000
v 1.07056848 1.87519795 1.20473797
v 1.15212281 1.77642976 0.85037835
v 1.31641500 2.50393800 1.46093400
v 1.62891500 2.63869200 0.76446600
v 1.63712064 2.66516144 1.06467613
v 1.54501238 3.89554753 1.83984990
v 1.58171865 4.74501619 0.15627221
v 1.41602971 4.93093881 0.04616149
v 1.50300478 2.41455159 0.57592358
v 1.44342400 2.15745800 0.43112600
v 1.35132100 2.11299500 0.26094500
v 0.97676611 1.68018568 0.35495164
v -0.69693380 3.55709204 1.96306871
v -1.30897345 2.67391816 1.81789930
v -1.09513149 4.74215727 1.48239761
v -0.95176880 4.36502434 1.62155496
v -1.05854900 3.98739300 1.77501400
v -2.12208835 3.12094710 0.98788190
v -2.09149400 3.12045100 0.77881100
v -2.12770300 3.26947700 0.67534600
v -1.96999995 4.85387007 0.05274662
v -2.05119132 4.71694558 0.09522085
v -1.44836000 4.06942200 1.81578500
v -2.04946641 3.64944172 1.89020307
v -2.15545103 4.08669521 0.79326563
v -2.06421400 3.24436100 1.22722500
v -2.15882215 4.38977873 1.39740058
v -1.88013831 4.56538460 1.29181259
v -2.06068345 4.35983840 0.90592222
v -2.14896769 4.25949019 1.05793255
v 0.14989900 1.51604300 0.56217100
v -1.86592400 3.52064000 1.92141800
v -2.23158202 3.75496304 1.20975477
v -1.16745260 5.23873256 0.64078545
v 0.17649500 5.20242300 1.15107500
v 2.79650549 3.81346122 -0.25900940
v 2.82928886 3.89892131 -0.25162130
v 2.89752891 3.76741198 -0.32945450
v 3.03929848 3.94077691 -0.33177012
v 3.06091644 3.88528973 -0.34312059
v 2.97748070 3.79594181 -0.40299772
v 3.03815355 3.91247680 -0.43194932
v 2.99225472 3.95502690 -0.39266633
v 2.88236546 3.84061837 -0.45659540
v 2.24446672 3.98234519 -0.26117932
v 2.17616746 3.72886173 -0.29439609
v 2.16725382 3.82265513 -0.48456082
v 2.26903617 3.92987509 -0.45609849
v 2.27754518 3.99829532 -0.37122082
v 2.17594110 3.79895900 -0.21217856
v 2.09526151 3.70879436 -0.20974757
v 2.13597940 3.73339027 -0.41170158
v 2.13165600 4.07038600 -0.23484500
v 2.15453541 3.91812638 -0.18552234
v 1.91455678 4.46947857 -0.04932374
v 2.14544504 3.95700568 -0.51080578
v -0.29851532 1.39941597 -0.32739367
v -1.76856407 2.51029441 0.03244606
v -2.04668363 2.95991289 -0.11509966
v -2.16700300 3.19379700 -0.09438400
v -2.02534100 4.52737700 -0.36788400
v -2.14665900 4.40858700 -0.16568400
v 2.02930122 3.46001021 -0.48524119
v 1.41601247 4.98118861 -0.22277431
v 1.58358632 4.86110766 -0.31879765
v -2.13177396 4.32078286 0.38090320
v -2.17367610 3.57611206 1.45590948
v -1.34991300 4.90336500 -1.48276200
v 1.93388104 4.11020095 -1.13695448
f 4 3 2
f 5 3 4
f 6 1 3
f 6 3 5
f 13 1 6
f 7 4 2
f 10 4 7
f 11 5 4
f 11 4 10
f 11 12 6
f 11 6 5
f 12 13 6
f 13 14 1
f 14 8 3
f 14 3 1
f 8 2 3
f 7 2 8
f 7 8 9
f 14 9 8
f 17 19 16
f 17 16 15
f 19 17 18
f 22 23 19
f 22 19 18
f 22 18 24
f 18 17 20
f 18 20 24
f 15 21 20
f 15 20 17
f 27 15 16
f 27 16 33
f 27 21 15
f 25 19 23
f 25 33 16
f 25 16 19
f 26 27 34
f 29 30 28
f 29 31 30
f 31 25 30
f 31 32 33
f 31 33 25
f 32 34 27
f 32 27 33
f 26 20 21
f 26 21 27
f 28 24 20
f 28 20 26
f 28 30 22
f 28 22 24
f 30 23 22
f 30 25 23
f 38 37 36
f 38 36 39
f 40 38 39
f 40 41 38
f 39 44 40
f 36 35 39
f 37 38 43
f 38 41 43
f 45 36 37
f 45 37 52
f 35 36 45
f 42 50 41
f 42 41 40
f 42 40 44
f 43 41 50
f 52 37 43
f 44 39 35
f 46 48 45
f 47 48 46
f 47 42 48
f 49 50 42
f 49 42 47
f 51 50 49
f 52 53 45
f 53 46 45
f 48 44 35
f 48 35 45
f 48 42 44
f 51 43 50
f 52 43 51
f 56 55 60
f 58 55 56
f 58 56 57
f 57 56 59
f 60 54 56
f 65 58 57
f 65 55 58
f 59 56 62
f 62 56 54
f 63 62 61
f 64 65 63
f 66 67 65
f 66 65 64
f 61 62 67
f 61 67 66
f 62 54 60
f 62 60 67
f 63 59 62
f 63 57 59
f 65 57 63
f 67 55 65
f 67 60 55
f 70 73 69
f 70 69 68
f 72 71 70
f 72 70 68
f 70 71 75
f 70 75 73
f 74 69 73
f 78 68 69
f 78 69 74
f 75 71 72
f 76 77 78
f 79 80 77
f 79 77 76
f 79 81 80
f 84 78 83
f 84 76 78
f 77 68 78
f 80 72 68
f 80 68 77
f 80 75 72
f 81 75 80
f 82 73 75
f 82 75 81
f 83 74 73
f 83 73 82
f 78 74 83
f 86 90 85
f 91 86 85
f 91 85 87
f 87 85 89
f 94 91 87
f 88 94 87
f 94 88 93
f 93 88 87
f 93 87 92
f 92 87 89
f 92 89 85
f 92 85 90
f 86 95 90
f 96 90 95
f 97 92 90
f 97 90 96
f 98 92 97
f 98 99 93
f 98 93 92
f 99 100 94
f 99 94 93
f 100 91 94
f 100 101 86
f 100 86 91
f 101 95 86
f 104 103 102
f 104 102 105
f 106 104 105
f 109 104 106
f 110 109 106
f 110 106 107
f 106 105 107
f 102 108 105
f 103 104 111
f 109 111 104
f 119 112 113
f 119 114 112
f 120 115 114
f 120 114 119
f 121 116 115
f 121 115 120
f 121 122 117
f 121 117 116
f 122 123 117
f 123 124 118
f 113 118 124
f 112 105 108
f 112 108 113
f 114 107 105
f 114 105 112
f 115 110 107
f 115 107 114
f 115 116 109
f 115 109 110
f 116 117 111
f 116 111 109
f 117 123 103
f 117 103 111
f 123 118 102
f 123 102 103
f 113 108 102
f 113 102 118
f 127 126 128
f 128 129 127
f 130 128 126
f 131 128 130
f 132 129 128
f 132 128 131
f 130 126 125
f 133 131 130
f 134 132 131
f 134 131 133
f 134 135 132
f 135 136 129
f 135 129 132
f 136 141 127
f 136 127 129
f 141 137 126
f 141 126 127
f 137 125 126
f 133 130 125
f 137 138 125
f 138 133 125
f 139 133 138
f 134 133 139
f 134 140 135
f 140 136 135
f 141 136 140
f 144 145 143
f 144 143 142
f 147 145 144
f 147 144 146
f 144 148 146
f 142 148 144
f 142 143 158
f 142 153 148
f 149 147 146
f 149 146 154
f 151 145 147
f 151 147 149
f 158 143 145
f 158 145 151
f 153 146 148
f 150 149 1793
f 151 149 150
f 152 142 158
f 152 153 142
f 153 155 146
f 155 154 146
f 154 1793 149
f 155 153 156
f 155 157 154
f 157 1793 154
f 158 151 150
f 152 156 153
f 161 160 159
f 161 159 162
f 163 161 162
f 164 167 161
f 164 161 163
f 159 166 162
f 160 161 165
f 161 167 165
f 177 159 160
f 177 166 159
f 169 163 162
f 166 169 162
f 170 168 169
f 171 173 169
f 171 169 168
f 172 173 171
f 172 174 173
f 177 170 166
f 170 169 166
f 169 173 163
f 173 164 163
f 174 167 164
f 174 164 173
f 175 165 167
f 175 167 174
f 176 160 165
f 176 165 175
f 177 160 176
f 179 181 178
f 180 181 179
f 182 181 180
f 183 182 185
f 183 184 182
f 180 185 182
f 179 188 185
f 179 185 180
f 182 184 181
f 186 190 179
f 186 179 178
f 189 188 179
f 189 179 190
f 183 187 184
f 183 185 192
f 187 181 184
f 187 186 178
f 187 178 181
f 192 185 188
f 191 188 189
f 192 188 191
f 193 183 192
f 193 187 183
f 193 194 187
f 186 187 194
f 197 198 196
f 197 196 195
f 199 198 197
f 199 197 202
f 197 203 202
f 195 203 197
f 196 198 200
f 201 203 195
f 204 201 208
f 206 213 200
f 213 207 200
f 210 204 208
f 210 208 209
f 210 205 204
f 211 205 210
f 212 206 205
f 212 205 211
f 212 213 206
f 213 214 207
f 214 209 208
f 214 208 207
f 201 195 208
f 204 203 201
f 205 202 203
f 205 203 204
f 205 199 202
f 205 206 198
f 205 198 199
f 206 200 198
f 200 207 196
f 207 208 195
f 207 195 196
f 217 221 216
f 217 216 215
f 218 217 215
f 220 217 218
f 219 220 218
f 220 221 217
f 222 215 216
f 227 222 226
f 228 222 227
f 228 223 222
f 229 223 228
f 230 224 223
f 230 223 229
f 230 225 224
f 230 231 226
f 230 226 225
f 231 227 226
f 222 216 226
f 223 218 215
f 223 215 222
f 223 219 218
f 224 220 219
f 224 219 223
f 224 225 221
f 224 221 220
f 225 226 221
f 226 216 221
f 236 232 234
f 235 236 234
f 237 236 235
f 237 235 238
f 234 233 238
f 234 238 235
f 244 239 234
f 244 234 232
f 240 233 234
f 240 234 239
f 241 242 237
f 241 237 238
f 241 238 243
f 244 236 237
f 244 237 242
f 244 232 236
f 243 238 240
f 240 238 233
f 250 245 248
f 249 250 248
f 249 248 256
f 251 249 256
f 252 250 249
f 252 249 251
f 251 255 252
f 251 256 253
f 248 247 256
f 252 255 250
f 264 265 246
f 264 246 245
f 258 247 246
f 258 246 265
f 262 259 255
f 262 255 254
f 262 254 253
f 262 253 261
f 259 263 257
f 259 257 255
f 263 264 245
f 263 245 257
f 261 253 256
f 261 256 260
f 260 256 247
f 260 247 258
f 247 248 246
f 254 251 253
f 254 255 251
f 255 257 250
f 245 250 257
f 248 245 246
f 268 272 266
f 267 266 269
f 268 266 267
f 268 267 271
f 271 267 270
f 270 267 269
f 1749 269 274
f 270 269 1749
f 278 268 271
f 279 268 278
f 279 272 268
f 272 273 266
f 273 274 269
f 273 269 266
f 274 273 275
f 276 271 270
f 276 270 277
f 278 271 276
f 280 272 279
f 280 275 273
f 280 273 272
f 283 281 282
f 282 284 283
f 284 282 285
f 285 282 286
f 282 281 286
f 295 291 281
f 295 281 283
f 291 292 281
f 289 284 285
f 289 285 287
f 287 285 286
f 287 286 288
f 290 284 289
f 295 283 284
f 295 284 290
f 293 288 286
f 292 293 286
f 292 286 281
f 294 293 292
f 294 292 296
f 294 288 293
f 1792 287 288
f 1792 288 294
f 1113 290 289
f 1113 289 1744
f 1113 295 290
f 295 296 291
f 296 292 291
f 297 298 300
f 300 298 299
f 302 303 300
f 302 300 299
f 301 302 299
f 303 302 301
f 299 298 301
f 304 297 300
f 300 303 304
f 303 305 304
f 305 303 301
f 305 301 306
f 306 301 298
f 309 305 306
f 315 304 305
f 315 305 309
f 315 310 304
f 310 311 297
f 310 297 304
f 311 312 297
f 312 308 298
f 312 298 297
f 307 306 298
f 307 298 308
f 313 308 312
f 314 307 308
f 314 308 313
f 314 306 307
f 1768 309 306
f 1768 306 314
f 315 309 1768
f 315 316 310
f 316 311 310
f 316 313 312
f 316 312 311
f 319 317 318
f 320 319 318
f 321 319 320
f 322 319 321
f 322 321 323
f 320 324 321
f 319 322 323
f 319 323 317
f 320 318 330
f 325 330 329
f 326 325 333
f 328 329 330
f 325 324 320
f 326 321 324
f 326 324 325
f 323 321 326
f 323 326 335
f 335 327 323
f 327 328 317
f 327 317 323
f 328 330 318
f 328 318 317
f 325 320 330
f 332 325 329
f 332 329 331
f 332 333 325
f 333 334 326
f 335 326 334
f 336 327 335
f 336 328 327
f 336 331 329
f 336 329 328
f 337 339 338
f 341 338 339
f 341 339 340
f 346 342 337
f 346 337 338
f 341 340 343
f 350 345 338
f 350 338 341
f 338 345 346
f 343 340 339
f 342 343 339
f 342 339 337
f 342 348 343
f 344 341 343
f 344 343 349
f 344 350 341
f 346 347 342
f 348 342 347
f 349 343 348
f 346 345 351
f 351 347 346
f 354 355 352
f 355 353 352
f 356 355 354
f 356 357 355
f 361 362 357
f 362 353 357
f 355 357 353
f 357 356 361
f 365 356 354
f 365 354 358
f 360 356 365
f 360 361 356
f 362 363 353
f 363 352 353
f 363 359 352
f 358 354 352
f 358 352 359
f 368 364 359
f 368 359 363
f 364 358 359
f 365 358 364
f 360 366 361
f 366 367 362
f 366 362 361
f 368 363 362
f 368 362 367
f 371 370 369
f 371 369 372
f 373 371 372
f 374 379 371
f 374 371 373
f 374 373 375
f 373 376 375
f 373 372 376
f 371 377 370
f 371 379 377
f 369 370 378
f 378 380 372
f 378 372 369
f 380 376 372
f 381 376 380
f 375 376 381
f 382 374 375
f 382 383 379
f 382 379 374
f 383 377 379
f 383 384 370
f 383 370 377
f 384 378 370
f 386 385 390
f 387 386 390
f 387 390 388
f 386 392 385
f 390 385 389
f 391 386 387
f 391 392 386
f 392 389 385
f 394 395 393
f 399 400 393
f 405 400 399
f 401 393 400
f 402 403 396
f 402 396 395
f 403 404 397
f 403 397 396
f 404 405 398
f 404 398 397
f 405 399 398
f 393 390 389
f 393 389 399
f 393 388 390
f 395 387 388
f 395 388 393
f 395 391 387
f 396 391 395
f 396 397 392
f 396 392 391
f 397 398 389
f 397 389 392
f 398 399 389
f 408 409 406
f 409 407 406
f 410 411 409
f 410 409 408
f 412 409 411
f 414 412 411
f 409 413 407
f 409 412 413
f 412 414 413
f 414 411 416
f 416 411 410
f 416 410 415
f 415 410 408
f 417 414 416
f 418 413 414
f 418 414 417
f 418 419 413
f 419 425 407
f 419 407 413
f 425 420 406
f 425 406 407
f 420 421 408
f 420 408 406
f 415 408 421
f 422 415 421
f 422 416 415
f 422 423 417
f 422 417 416
f 423 424 418
f 423 418 417
f 424 419 418
f 424 425 419
f 429 430 426
f 426 430 428
f 427 429 426
f 434 428 430
f 434 430 432
f 427 426 428
f 1756 429 427
f 432 430 431
f 433 434 432
f 435 434 433
f 435 428 434
f 1757 427 428
f 1757 428 435
f 1757 1756 427
f 1756 436 429
f 436 437 430
f 436 430 429
f 437 431 430
f 443 440 439
f 441 443 438
f 440 443 441
f 441 438 442
f 444 438 443
f 446 447 440
f 446 440 441
f 446 441 445
f 445 441 442
f 442 438 444
f 451 442 444
f 445 442 451
f 451 444 457
f 452 445 451
f 453 446 445
f 453 445 452
f 454 447 446
f 454 446 453
f 454 455 448
f 454 448 447
f 455 456 449
f 455 449 448
f 456 457 450
f 456 450 449
f 457 444 450
f 447 448 440
f 448 449 439
f 448 439 440
f 449 450 443
f 449 443 439
f 444 443 450
f 462 463 458
f 459 462 458
f 459 458 461
f 460 462 459
f 460 459 461
f 463 465 458
f 471 462 460
f 471 460 470
f 465 461 458
f 464 465 466
f 468 469 470
f 471 470 469
f 466 465 473
f 465 463 473
f 464 461 465
f 464 467 461
f 467 468 460
f 467 460 461
f 468 470 460
f 472 462 471
f 472 473 463
f 472 463 462
f 476 474 475
f 477 476 475
f 477 475 478
f 479 477 478
f 481 479 478
f 475 480 478
f 474 476 489
f 483 475 474
f 481 486 479
f 484 481 478
f 486 487 477
f 486 477 479
f 487 489 476
f 487 476 477
f 484 478 480
f 480 475 483
f 484 483 482
f 487 488 489
f 488 482 483
f 488 483 489
f 483 474 489
f 484 480 483
f 484 485 481
f 485 486 481
f 491 498 490
f 491 490 495
f 492 491 495
f 494 491 492
f 492 495 493
f 490 497 495
f 491 494 498
f 496 490 498
f 505 494 492
f 505 492 503
f 503 492 493
f 505 498 494
f 500 501 502
f 500 502 499
f 501 503 502
f 501 504 505
f 501 505 503
f 504 506 507
f 504 507 505
f 508 496 507
f 508 507 506
f 500 499 496
f 500 496 508
f 496 499 497
f 496 497 490
f 499 495 497
f 502 493 495
f 502 495 499
f 503 493 502
f 505 507 498
f 507 496 498
f 510 509 511
f 512 510 511
f 510 516 509
f 512 515 510
f 513 511 509
f 513 509 517
f 519 511 513
f 520 512 511
f 520 511 519
f 514 512 520
f 514 515 512
f 516 510 515
f 517 509 516
f 518 513 517
f 519 513 518
f 514 521 515
f 521 522 515
f 516 515 522
f 526 524 525
f 528 523 524
f 528 524 526
f 527 528 526
f 527 526 529
f 530 531 527
f 530 527 529
f 532 528 527
f 532 527 531
f 533 532 531
f 533 531 530
f 533 530 534
f 538 532 533
f 535 534 530
f 530 529 535
f 526 525 535
f 526 535 529
f 536 532 538
f 528 536 523
f 532 536 528
f 537 524 523
f 537 523 550
f 541 525 524
f 541 524 537
f 538 533 545
f 545 533 534
f 538 548 536
f 548 550 523
f 548 523 536
f 534 535 540
f 540 535 525
f 540 525 541
f 539 540 541
f 539 541 542
f 539 543 540
f 544 545 543
f 546 545 544
f 546 547 548
f 547 549 550
f 547 550 548
f 551 537 550
f 551 550 549
f 551 542 541
f 551 541 537
f 543 534 540
f 545 534 543
f 546 538 545
f 546 548 538
f 555 553 554
f 556 552 553
f 556 553 555
f 557 556 555
f 564 556 557
f 564 557 558
f 560 564 558
f 560 558 559
f 558 557 561
f 558 561 559
f 561 557 555
f 561 555 554
f 562 552 556
f 564 562 556
f 563 553 552
f 563 552 574
f 554 553 563
f 570 564 560
f 568 570 560
f 568 560 559
f 562 574 552
f 568 559 561
f 567 568 565
f 569 570 568
f 569 568 567
f 571 570 569
f 572 573 574
f 573 563 574
f 566 563 573
f 566 554 563
f 565 561 554
f 565 554 566
f 568 561 565
f 570 571 564
f 571 572 562
f 571 562 564
f 572 574 562
f 576 577 575
f 578 577 576
f 578 576 579
f 576 575 579
f 577 582 587
f 577 587 575
f 587 580 575
f 584 585 578
f 581 584 578
f 581 578 579
f 582 577 578
f 582 578 585
f 583 581 579
f 580 583 579
f 580 579 575
f 585 586 582
f 582 586 587
f 590 592 588
f 590 588 589
f 592 590 591
f 594 589 588
f 594 588 593
f 596 595 592
f 596 592 591
f 595 597 592
f 597 593 588
f 597 588 592
f 596 591 590
f 596 590 598
f 598 590 589
f 598 589 594
f 599 600 604
f 602 600 599
f 601 602 599
f 600 602 603
f 605 599 604
f 606 602 601
f 606 601 609
f 609 601 608
f 610 603 602
f 610 602 606
f 610 600 603
f 599 608 601
f 605 604 607
f 608 599 605
f 600 607 604
f 613 612 611
f 616 612 613
f 616 613 614
f 614 613 617
f 611 615 613
f 624 611 612
f 624 615 611
f 618 621 619
f 620 621 618
f 620 622 621
f 622 623 624
f 623 615 624
f 623 619 613
f 623 613 615
f 619 617 613
f 619 621 614
f 619 614 617
f 621 616 614
f 622 612 616
f 622 616 621
f 622 624 612
f 627 625 631
f 627 631 626
f 627 626 628
f 627 628 629
f 632 627 629
f 626 630 628
f 627 633 625
f 632 633 627
f 637 638 639
f 640 641 639
f 640 639 638
f 642 641 640
f 642 635 626
f 642 626 631
f 634 630 626
f 634 626 635
f 634 636 628
f 634 628 630
f 637 629 628
f 637 628 636
f 637 639 632
f 637 632 629
f 639 633 632
f 639 641 625
f 639 625 633
f 641 642 631
f 641 631 625
f 644 649 643
f 644 643 646
f 645 649 644
f 643 649 647
f 648 646 643
f 645 644 650
f 647 648 643
f 650 644 646
f 651 1778 650
f 1778 1776 653
f 1778 653 650
f 1776 652 653
f 654 653 652
f 656 651 646
f 656 646 648
f 651 650 646
f 653 645 650
f 653 649 645
f 654 647 649
f 654 649 653
f 655 648 647
f 655 647 654
f 656 648 655
f 659 657 658
f 660 657 659
f 662 660 659
f 662 659 661
f 659 658 661
f 660 662 657
f 671 663 657
f 658 657 663
f 664 662 661
f 671 657 662
f 666 665 664
f 667 664 665
f 667 668 669
f 667 669 664
f 668 670 671
f 668 671 669
f 670 672 663
f 670 663 671
f 673 663 672
f 673 658 663
f 674 658 673
f 666 661 658
f 666 658 674
f 664 661 666
f 669 662 664
f 669 671 662
f 676 679 680
f 676 680 675
f 679 676 677
f 678 679 677
f 675 682 676
f 675 680 681
f 678 687 679
f 685 678 677
f 687 689 680
f 687 680 679
f 689 681 680
f 685 677 676
f 685 676 683
f 683 676 682
f 687 688 689
f 688 690 681
f 688 681 689
f 691 681 690
f 684 682 675
f 684 675 691
f 683 682 684
f 685 686 678
f 686 687 678
f 691 675 681
f 695 694 693
f 695 693 692
f 696 695 692
f 698 695 696
f 695 698 694
f 697 693 694
f 700 692 693
f 700 693 697
f 704 698 696
f 702 704 696
f 702 696 692
f 701 702 699
f 703 704 702
f 703 702 701
f 705 704 703
f 700 697 1764
f 699 692 700
f 702 692 699
f 704 705 698
f 705 706 694
f 705 694 698
f 706 707 697
f 706 697 694
f 1764 697 707
f 710 712 709
f 710 709 708
f 712 710 711
f 711 715 712
f 713 714 711
f 714 715 711
f 716 713 711
f 711 710 716
f 708 717 716
f 708 716 710
f 709 723 724
f 709 724 708
f 717 708 724
f 720 721 715
f 720 715 714
f 713 720 714
f 721 722 712
f 721 712 715
f 722 723 709
f 722 709 712
f 718 716 717
f 719 713 716
f 719 716 718
f 719 720 713
f 718 717 724
f 727 726 725
f 728 726 727
f 728 727 729
f 728 730 726
f 733 731 725
f 733 725 726
f 738 728 729
f 738 729 737
f 737 729 736
f 730 728 738
f 730 733 726
f 736 729 727
f 736 727 732
f 731 732 727
f 731 727 725
f 733 734 731
f 734 735 731
f 735 732 731
f 736 732 735
f 738 733 730
f 742 746 741
f 742 741 740
f 743 745 742
f 744 746 742
f 744 742 745
f 740 739 742
f 747 749 741
f 747 741 746
f 749 748 740
f 749 740 741
f 748 739 740
f 748 752 742
f 748 742 739
f 753 743 742
f 753 742 752
f 754 745 743
f 754 743 753
f 755 744 745
f 755 745 754
f 747 746 744
f 747 744 755
f 749 750 748
f 751 748 750
f 752 748 751
f 757 762 758
f 758 761 757
f 761 758 759
f 759 763 761
f 760 763 759
f 758 760 759
f 757 761 756
f 756 764 766
f 756 766 757
f 762 757 766
f 763 765 761
f 765 764 756
f 765 756 761
f 760 758 768
f 768 758 762
f 769 770 760
f 770 771 763
f 770 763 760
f 771 765 763
f 767 762 766
f 768 762 767
f 769 760 768
f 775 773 774
f 776 772 773
f 776 773 775
f 778 776 775
f 778 775 777
f 781 776 778
f 777 780 778
f 780 781 778
f 775 774 779
f 775 779 777
f 776 782 772
f 781 782 776
f 790 783 772
f 790 772 782
f 772 783 784
f 772 784 773
f 785 774 773
f 785 773 784
f 786 779 774
f 786 774 785
f 787 777 779
f 787 779 786
f 787 788 780
f 787 780 777
f 788 789 781
f 788 781 780
f 789 790 782
f 789 782 781
f 793 791 796
f 793 796 792
f 794 793 792
f 794 792 799
f 799 797 794
f 797 798 794
f 792 795 799
f 794 798 793
f 803 792 796
f 795 792 803
f 803 804 805
f 806 805 804
f 807 785 808
f 785 801 808
f 806 807 797
f 806 797 799
f 807 808 798
f 807 798 797
f 808 801 793
f 808 793 798
f 800 791 793
f 800 793 801
f 791 800 802
f 791 802 796
f 803 796 802
f 805 795 803
f 805 806 799
f 805 799 795
f 809 810 817
f 810 816 817
f 811 810 809
f 812 811 809
f 819 811 812
f 813 819 812
f 812 809 814
f 810 811 815
f 810 815 816
f 819 815 811
f 824 809 817
f 818 819 813
f 818 813 812
f 818 812 826
f 819 821 815
f 821 816 815
f 826 812 814
f 814 809 824
f 820 821 819
f 821 822 816
f 822 823 817
f 822 817 816
f 824 817 823
f 825 814 824
f 826 814 825
f 818 820 819
f 827 820 818
f 828 821 820
f 828 820 827
f 829 822 821
f 829 821 828
f 829 823 822
f 830 824 823
f 830 823 829
f 830 825 824
f 830 831 826
f 830 826 825
f 827 818 826
f 827 826 831
f 836 834 833
f 836 833 842
f 834 832 833
f 835 834 836
f 837 835 836
f 840 835 837
f 839 840 837
f 839 837 838
f 837 836 841
f 837 841 838
f 836 842 841
f 834 835 844
f 834 844 832
f 840 844 835
f 832 849 833
f 842 833 849
f 843 840 839
f 852 839 838
f 844 840 843
f 841 852 838
f 845 843 846
f 847 843 845
f 847 844 843
f 848 832 844
f 848 844 847
f 832 848 849
f 850 842 849
f 850 851 841
f 850 841 842
f 851 852 841
f 846 839 852
f 843 839 846
f 845 846 853
f 854 847 845
f 854 855 848
f 854 848 847
f 848 855 856
f 848 856 849
f 856 850 849
f 857 851 850
f 857 850 856
f 857 1751 852
f 857 852 851
f 853 846 852
f 853 852 1751
f 859 869 858
f 859 868 869
f 861 860 859
f 861 863 860
f 861 859 864
f 861 864 862
f 859 858 864
f 860 865 868
f 860 868 859
f 860 863 865
f 872 863 861
f 861 862 871
f 867 865 863
f 867 863 872
f 868 865 867
f 864 871 862
f 874 868 867
f 874 875 869
f 874 869 868
f 875 870 858
f 875 858 869
f 858 870 864
f 870 871 864
f 866 861 871
f 872 861 866
f 873 867 872
f 874 867 873
f 875 876 870
f 876 877 870
f 877 871 870
f 866 871 877
f 878 882 883
f 879 881 878
f 879 878 883
f 881 879 880
f 887 881 880
f 887 888 881
f 881 888 884
f 878 881 884
f 890 882 878
f 890 878 884
f 890 884 889
f 890 885 882
f 885 883 882
f 885 886 879
f 885 879 883
f 886 893 880
f 886 880 879
f 887 880 893
f 889 884 888
f 890 891 885
f 892 885 891
f 892 886 885
f 893 886 892
f 894 887 893
f 894 895 888
f 894 888 887
f 889 888 895
f 898 897 901
f 898 901 902
f 897 896 901
f 899 897 898
f 903 897 899
f 900 903 899
f 902 905 898
f 898 905 899
f 897 904 896
f 903 904 897
f 900 899 907
f 905 907 899
f 896 904 906
f 896 910 901
f 910 911 902
f 910 902 901
f 911 905 902
f 911 907 905
f 907 913 900
f 908 903 900
f 908 900 913
f 906 904 903
f 906 903 908
f 906 909 896
f 909 910 896
f 912 907 911
f 912 913 907
f 915 921 914
f 916 921 915
f 919 916 915
f 918 919 915
f 918 915 917
f 915 922 917
f 915 914 922
f 919 920 916
f 926 921 916
f 921 928 914
f 923 919 918
f 918 917 930
f 920 919 923
f 926 916 920
f 922 930 917
f 928 922 914
f 925 920 923
f 926 920 925
f 926 927 921
f 927 928 921
f 928 929 922
f 929 930 922
f 924 918 930
f 923 918 924
f 828 931 923
f 828 923 924
f 932 925 923
f 932 923 931
f 932 926 925
f 932 933 927
f 932 927 926
f 933 928 927
f 933 934 929
f 933 929 928
f 934 930 929
f 934 828 924
f 934 924 930
f 936 943 935
f 943 936 937
f 938 939 936
f 936 939 937
f 940 939 938
f 938 936 941
f 936 935 941
f 939 942 937
f 943 937 945
f 946 935 943
f 940 944 948
f 940 948 939
f 947 944 940
f 947 940 938
f 949 942 939
f 949 939 948
f 945 937 942
f 945 942 949
f 947 938 941
f 946 947 941
f 946 941 935
f 951 943 945
f 951 946 943
f 949 950 945
f 951 945 950
f 952 946 951
f 952 947 946
f 952 953 947
f 953 944 947
f 955 973 974
f 956 954 973
f 956 973 955
f 956 955 957
f 957 958 956
f 970 969 958
f 970 958 957
f 971 958 969
f 957 959 970
f 955 974 959
f 955 959 957
f 958 971 972
f 958 972 956
f 956 972 954
f 966 960 964
f 966 961 960
f 966 967 961
f 967 962 961
f 967 963 962
f 965 969 970
f 965 970 968
f 964 971 969
f 964 969 965
f 960 972 971
f 960 971 964
f 961 954 972
f 961 972 960
f 961 973 954
f 961 962 974
f 961 974 973
f 962 963 959
f 962 959 974
f 963 968 970
f 963 970 959
f 978 980 976
f 978 976 975
f 978 975 981
f 978 981 977
f 979 980 978
f 979 978 977
f 976 988 975
f 988 981 975
f 984 980 979
f 983 979 977
f 981 983 977
f 987 988 986
f 987 983 988
f 987 982 983
f 983 982 979
f 982 984 979
f 985 980 984
f 986 976 980
f 986 980 985
f 976 986 988
f 988 983 981
f 991 989 990
f 992 991 990
f 993 994 992
f 993 992 995
f 992 990 997
f 992 997 995
f 990 989 997
f 991 992 994
f 991 994 996
f 991 999 989
f 1004 1005 999
f 1005 1000 999
f 1006 1000 1005
f 1006 1001 1000
f 1006 998 1001
f 1000 1001 995
f 1000 995 997
f 1001 998 993
f 1001 993 995
f 998 1002 994
f 998 994 993
f 1003 996 994
f 1003 994 1002
f 1004 991 996
f 1004 996 1003
f 991 1004 999
f 1000 989 999
f 1000 997 989
f 1007 1009 1011
f 1008 1009 1007
f 1012 1009 1008
f 1014 1008 1013
f 1012 1008 1014
f 1008 1010 1013
f 1007 1010 1008
f 1012 1016 1009
f 1014 1013 1018
f 1015 1012 1014
f 1016 1012 1015
f 1016 1021 1009
f 1021 1022 1011
f 1021 1011 1009
f 1022 1023 1007
f 1022 1007 1011
f 1023 1017 1010
f 1023 1010 1007
f 1018 1013 1010
f 1018 1010 1017
f 1019 1014 1018
f 1015 1014 1019
f 1020 1016 1015
f 1021 1016 1020
f 1025 1030 1031
f 1026 1024 1030
f 1026 1030 1025
f 1032 1026 1025
f 1032 1025 1027
f 1028 1032 1027
f 1027 1025 1029
f 1025 1031 1029
f 1028 1027 1036
f 1036 1027 1029
f 1035 1036 1033
f 1037 1036 1035
f 1039 1034 1030
f 1030 1034 1031
f 1033 1029 1031
f 1033 1031 1034
f 1036 1029 1033
f 1037 1032 1028
f 1037 1028 1036
f 1038 1026 1032
f 1038 1032 1037
f 1038 1039 1024
f 1038 1024 1026
f 1039 1030 1024
f 1042 1044 1040
f 1041 1042 1040
f 1043 1041 1040
f 1043 1045 1041
f 1043 1040 1046
f 1041 1045 1042
f 1054 1044 1042
f 1044 1048 1040
f 1053 1054 1042
f 1053 1042 1045
f 1048 1046 1040
f 1047 1048 1049
f 1050 1051 1048
f 1050 1048 1047
f 1050 1052 1051
f 1053 1055 1054
f 1055 1049 1048
f 1055 1048 1044
f 1051 1046 1048
f 1051 1043 1046
f 1052 1045 1043
f 1052 1043 1051
f 1053 1045 1052
f 1054 1055 1044
f 1057 1058 1056
f 1061 1058 1057
f 1059 1061 1057
f 1057 1056 1062
f 1057 1062 1059
f 1060 1058 1061
f 1058 1068 1056
f 1062 1056 1068
f 1066 1067 1068
f 1613 1070 1068
f 1613 1068 1067
f 1069 1070 1613
f 1071 1070 1069
f 1064 1065 1060
f 1064 1060 1061
f 1066 1058 1060
f 1066 1060 1065
f 1058 1066 1068
f 1070 1062 1068
f 1070 1071 1059
f 1070 1059 1062
f 1071 1063 1059
f 1063 1064 1061
f 1063 1061 1059
f 1074 1072 1079
f 1074 1079 1073
f 1075 1074 1073
f 1076 1074 1075
f 1077 1076 1075
f 1075 1073 1078
f 1075 1078 1077
f 1079 1081 1073
f 1077 1085 1076
f 1074 1076 1085
f 1080 1077 1078
f 1080 1078 1073
f 1080 1073 1081
f 1082 1080 1081
f 1083 1080 1082
f 1083 1085 1080
f 1083 1084 1085
f 1084 1086 1085
f 1086 1087 1072
f 1087 1082 1081
f 1087 1081 1079
f 1085 1077 1080
f 1086 1074 1085
f 1086 1072 1074
f 1072 1087 1079
f 1089 1091 1093
f 1089 1093 1088
f 1089 1088 1090
f 1092 1089 1090
f 1091 1089 1092
f 1102 1088 1093
f 1102 1093 1098
f 1094 1090 1088
f 1094 1088 1102
f 1095 1091 1092
f 1096 1095 1092
f 1097 1093 1091
f 1097 1091 1095
f 1098 1093 1097
f 1096 1092 1090
f 1094 1096 1090
f 1101 1095 1100
f 1097 1095 1101
f 1094 1099 1096
f 1099 3132 1096
f 3132 1100 1095
f 3132 1095 1096
f 1101 1098 1097
f 1106 1105 1104
f 1106 1104 1103
f 1107 1105 1106
f 1106 1103 1107
f 1104 1105 1109
f 1108 1103 1104
f 1109 1111 1104
f 1112 1103 1108
f 1114 1103 1112
f 1115 1107 1114
f 1110 1105 1107
f 1110 1107 1115
f 1112 1108 1113
f 1115 1116 1110
f 1116 1111 1110
f 1113 1108 1117
f 1108 1104 1117
f 1114 1107 1103
f 1105 1110 1109
f 1110 1111 1109
f 1111 1117 1104
f 1119 1118 1120
f 1123 1119 1120
f 1123 1120 1122
f 1122 1120 1121
f 1124 1123 1122
f 1120 1127 1121
f 1120 1118 1127
f 1126 1118 1119
f 1129 1123 1124
f 1129 1126 1119
f 1129 1119 1123
f 1131 1127 1118
f 1125 1122 1121
f 1125 1124 1122
f 1125 1129 1124
f 1126 1130 1118
f 1130 1131 1118
f 1125 1121 1128
f 1131 1128 1127
f 1128 1121 1127
f 1133 1138 1143
f 1134 1132 1138
f 1134 1138 1133
f 1135 1134 1133
f 1136 1137 1135
f 1137 1139 1135
f 1135 1133 1140
f 1135 1140 1136
f 1133 1143 1140
f 1135 1139 1134
f 1142 1143 1152
f 1144 1143 1142
f 1144 1145 1136
f 1136 1145 1137
f 1145 1146 1139
f 1145 1139 1137
f 1146 1141 1134
f 1146 1134 1139
f 1151 1132 1134
f 1151 1134 1141
f 1132 1151 1152
f 1132 1152 1138
f 1143 1138 1152
f 1144 1140 1143
f 1144 1136 1140
f 1147 1148 1145
f 1147 1145 1144
f 1148 1149 1145
f 1149 1146 1145
f 1149 1150 1141
f 1149 1141 1146
f 1151 1141 1150
f 1147 1144 1142
f 1156 1154 1153
f 1156 1153 1155
f 1157 1156 1155
f 1159 1156 1157
f 1159 1157 1158
f 1160 1159 1158
f 1153 1163 1155
f 1160 1158 1164
f 1161 1156 1159
f 1161 1154 1156
f 1164 1158 1157
f 1164 1157 1162
f 1162 1157 1155
f 1162 1155 1163
f 1162 1747 1164
f 1746 1164 1747
f 1165 1166 1161
f 1167 1163 1153
f 1746 1160 1164
f 1165 1159 1160
f 1165 1160 1746
f 1161 1159 1165
f 1161 1166 1154
f 1166 1167 1153
f 1166 1153 1154
f 1169 1170 1176
f 1170 1168 1176
f 1171 1170 1169
f 1172 1171 1169
f 1173 1171 1172
f 1174 1173 1172
f 1172 1169 1175
f 1171 1177 1168
f 1171 1168 1170
f 1173 1177 1171
f 1176 1179 1169
f 1183 1173 1174
f 1174 1172 1182
f 1177 1173 1183
f 1182 1172 1175
f 1182 1175 1179
f 1179 1175 1169
f 1178 1179 1180
f 1197 1182 1179
f 1197 1179 1178
f 1181 1182 1197
f 1181 1183 1182
f 1181 1184 1183
f 1185 1180 1179
f 1185 1179 1176
f 1183 1174 1182
f 1184 1177 1183
f 1184 1168 1177
f 1185 1176 1168
f 1185 1168 1184
f 1187 1186 1188
f 1188 1186 1190
f 1190 1189 1188
f 1188 1191 1187
f 1191 1193 1186
f 1191 1186 1187
f 1192 1188 1189
f 1192 1191 1188
f 1195 1190 1186
f 1195 1186 1194
f 1189 1190 1195
f 1193 1194 1186
f 1196 1189 1195
f 1196 1192 1189
f 1197 1192 1196
f 1197 1178 1191
f 1197 1191 1192
f 1178 1748 1191
f 1748 1194 1193
f 1748 1193 1191
f 1200 1198 1199
f 1201 1200 1199
f 1202 1200 1201
f 1203 1200 1202
f 1204 1203 1202
f 1200 1203 1198
f 1205 1212 1198
f 1212 1206 1198
f 1209 1202 1201
f 1209 1201 1208
f 1210 1204 1202
f 1210 1202 1209
f 1210 1211 1204
f 1211 1205 1203
f 1211 1203 1204
f 1205 1198 1203
f 1198 1206 1199
f 1207 1199 1206
f 1208 1201 1199
f 1208 1199 1207
f 1215 1214 1213
f 1220 1214 1215
f 1217 1220 1215
f 1217 1215 1216
f 1215 1218 1216
f 1213 1219 1218
f 1213 1218 1215
f 1220 1221 1214
f 1213 1214 1232
f 1232 1219 1213
f 1224 1222 1223
f 1222 1225 1223
f 1226 1227 1225
f 1228 1227 1226
f 1229 1230 1231
f 1230 1224 1231
f 1218 1219 1223
f 1227 1216 1218
f 1217 1216 1227
f 1220 1231 1221
f 1231 1214 1221
f 1232 1214 1231
f 1232 1223 1219
f 1224 1223 1232
f 1225 1218 1223
f 1227 1218 1225
f 1228 1217 1227
f 1229 1220 1217
f 1229 1217 1228
f 1229 1231 1220
f 1232 1231 1224
f 1234 1233 1236
f 1237 1233 1234
f 1235 1237 1234
f 1235 1234 1238
f 1234 1236 1238
f 1233 1239 1241
f 1236 1233 1241
f 1239 1233 1237
f 1239 1237 1240
f 1243 1238 1236
f 1247 1244 1243
f 1248 1245 1244
f 1248 1244 1247
f 1248 1246 1245
f 1248 1249 1240
f 1248 1240 1246
f 1249 1250 1239
f 1249 1239 1240
f 1250 1241 1239
f 1250 1251 1242
f 1250 1242 1241
f 1247 1243 1242
f 1247 1242 1251
f 1242 1236 1241
f 1243 1236 1242
f 1244 1238 1243
f 1245 1235 1238
f 1245 1238 1244
f 1245 1246 1237
f 1245 1237 1235
f 1246 1240 1237
f 1253 1252 1256
f 1254 1255 1253
f 1255 1254 1264
f 1253 1256 1254
f 1253 1257 1252
f 1255 1257 1253
f 1258 1266 1263
f 1261 1262 1265
f 1263 1266 1265
f 1263 1265 1262
f 1264 1254 1256
f 1261 1255 1264
f 1265 1257 1255
f 1265 1255 1261
f 1265 1266 1252
f 1265 1252 1257
f 1266 1256 1252
f 1266 1258 1256
f 1259 1256 1258
f 1260 1264 1256
f 1260 1256 1259
f 1261 1264 1260
f 1270 1271 1268
f 1271 1270 1269
f 1268 1271 1267
f 1267 1276 1268
f 1269 1281 1271
f 1272 1270 1268
f 1273 1276 1274
f 1276 1273 1275
f 1277 1276 1275
f 1278 1272 1277
f 1279 1280 1278
f 1281 1280 1279
f 1281 1273 1274
f 1280 1269 1270
f 1280 1270 1278
f 1280 1281 1269
f 1281 1274 1271
f 1274 1276 1267
f 1274 1267 1271
f 1277 1268 1276
f 1272 1268 1277
f 1278 1270 1272
f 1286 1282 1283
f 1286 1283 1284
f 1286 1284 1285
f 1285 1284 1287
f 1284 1283 1287
f 1285 1297 1286
f 1290 1286 1297
f 1282 1286 1290
f 1283 1298 1287
f 1288 1289 1290
f 1288 1291 1289
f 1293 1294 1298
f 1294 1295 1296
f 1294 1296 1298
f 1295 1297 1296
f 1295 1288 1290
f 1295 1290 1297
f 1289 1291 1282
f 1292 1282 1291
f 1293 1298 1292
f 1292 1283 1282
f 1298 1283 1292
f 1298 1296 1285
f 1298 1285 1287
f 1296 1297 1285
f 1289 1282 1290
f 1301 1303 1300
f 1301 1300 1299
f 1299 1302 1301
f 1300 1306 1308
f 1300 1308 1299
f 1305 1304 1303
f 1305 1303 1301
f 1305 1301 1302
f 1304 1306 1303
f 1306 1300 1303
f 1305 1302 1310
f 1310 1302 1299
f 1306 1307 1308
f 1309 1299 1308
f 1310 1299 1309
f 1310 1311 1305
f 1311 1304 1305
f 1307 1306 1304
f 1307 1304 1311
f 1314 1312 1315
f 1313 1314 1315
f 1313 1315 1316
f 1317 1314 1313
f 1316 1321 1313
f 1323 1324 1317
f 1324 1318 1317
f 1326 1312 1318
f 1327 1312 1326
f 1319 1315 1327
f 1320 1315 1319
f 1322 1320 1319
f 1322 1321 1320
f 1323 1321 1322
f 1324 1325 1318
f 1326 1318 1325
f 1312 1314 1318
f 1327 1315 1312
f 1315 1320 1316
f 1320 1321 1316
f 1321 1323 1313
f 1317 1313 1323
f 1318 1314 1317
f 1330 1328 1329
f 1331 1330 1329
f 1332 1329 1328
f 1334 1333 1329
f 1334 1329 1332
f 1333 1331 1329
f 1340 1333 1334
f 1339 1334 1332
f 1339 1332 1338
f 1340 1334 1339
f 1340 1335 1333
f 1335 1341 1331
f 1335 1331 1333
f 1341 1342 1330
f 1341 1330 1331
f 1342 1336 1328
f 1342 1328 1330
f 1337 1328 1336
f 1338 1332 1328
f 1338 1328 1337
f 1343 1348 1359
f 1344 1348 1343
f 1358 1344 1343
f 1358 1343 1345
f 1349 1358 1345
f 1345 1343 1346
f 1343 1359 1346
f 1344 1358 1347
f 1352 1357 1345
f 1352 1345 1346
f 1357 1350 1349
f 1357 1349 1345
f 1350 1358 1349
f 1354 1347 1358
f 1344 1347 1354
f 1344 1351 1348
f 1359 1348 1351
f 1359 1352 1346
f 1350 1353 1358
f 1354 1358 1353
f 1355 1344 1354
f 1344 1355 1351
f 1356 1359 1351
f 1356 1352 1359
f 1360 1367 1361
f 1364 1360 1361
f 1364 1361 1362
f 1363 1364 1362
f 1362 1361 1365
f 1364 1366 1360
f 1370 1367 1360
f 1367 1372 1361
f 1376 1364 1363
f 1363 1362 1368
f 1376 1366 1364
f 1366 1370 1360
f 1368 1362 1365
f 1365 1361 1372
f 1369 1370 1375
f 1369 1371 1370
f 1374 1368 1373
f 1375 1376 1374
f 1374 1363 1368
f 1376 1363 1374
f 1376 1375 1366
f 1375 1370 1366
f 1370 1371 1367
f 1372 1367 1371
f 1373 1365 1372
f 1368 1365 1373
f 1377 1382 1393
f 1377 1393 1378
f 1378 1379 1377
f 1392 1383 1378
f 1383 1379 1378
f 1392 1378 1381
f 1392 1381 1380
f 1378 1393 1381
f 1389 1384 1388
f 1390 1386 1385
f 1390 1391 1387
f 1391 1388 1384
f 1391 1384 1387
f 1381 1387 1380
f 1387 1392 1380
f 1392 1384 1383
f 1389 1379 1383
f 1389 1383 1384
f 1377 1379 1389
f 1377 1386 1382
f 1393 1382 1386
f 1387 1384 1392
f 1385 1377 1389
f 1377 1385 1386
f 1390 1393 1386
f 1390 1387 1381
f 1390 1381 1393
f 1415 1395 1394
f 1415 1394 1414
f 1395 1415 1396
f 1413 1395 1396
f 1398 1413 1396
f 1398 1396 1397
f 1396 1399 1397
f 1415 1399 1396
f 1395 1400 1394
f 1413 1400 1395
f 1408 1401 1402
f 1409 1403 1401
f 1409 1401 1408
f 1410 1404 1403
f 1410 1403 1409
f 1404 1410 1405
f 1411 1405 1410
f 1411 1412 1406
f 1412 1407 1406
f 1408 1402 1407
f 1408 1407 1412
f 1397 1402 1398
f 1413 1398 1402
f 1403 1400 1413
f 1394 1400 1403
f 1406 1407 1397
f 1406 1397 1399
f 1407 1402 1397
f 1401 1413 1402
f 1403 1413 1401
f 1404 1394 1403
f 1394 1404 1405
f 1394 1405 1414
f 1405 1411 1415
f 1405 1415 1414
f 1411 1406 1399
f 1411 1399 1415
f 1416 1420 1417
f 1421 1416 1417
f 1418 1421 1417
f 1421 1419 1416
f 1422 1419 1421
f 1417 1423 1418
f 1423 1424 1418
f 1424 1421 1418
f 1422 1421 1424
f 1425 1419 1422
f 1419 1425 1416
f 1426 1420 1416
f 1426 1416 1425
f 1426 1423 1417
f 1426 1417 1420
f 1429 1430 1427
f 1429 1427 1428
f 1429 1433 1430
f 1432 1429 1435
f 1433 1429 1432
f 1432 1435 1431
f 1429 1428 1435
f 1433 1434 1430
f 1442 1439 1438
f 1442 1443 1439
f 1445 1431 1435
f 1445 1446 1432
f 1445 1432 1431
f 1446 1440 1433
f 1446 1433 1432
f 1434 1433 1440
f 1447 1430 1434
f 1430 1447 1427
f 1439 1428 1427
f 1439 1427 1447
f 1439 1445 1435
f 1439 1435 1428
f 1443 1444 1445
f 1444 1436 1446
f 1444 1446 1445
f 1436 1440 1446
f 1441 1434 1440
f 1437 1447 1434
f 1437 1434 1441
f 1447 1437 1438
f 1439 1447 1438
f 1439 1443 1445
f 1450 1449 1455
f 1450 1455 1451
f 1451 1452 1450
f 1458 1456 1452
f 1458 1452 1451
f 1456 1457 1452
f 1451 1453 1458
f 1455 1453 1451
f 1454 1452 1457
f 1449 1450 1454
f 1449 1454 1448
f 1452 1454 1450
f 1448 1462 1449
f 1455 1449 1462
f 1457 1460 1454
f 1448 1454 1460
f 1459 1460 1457
f 1461 1448 1460
f 1448 1461 1462
f 1463 1455 1462
f 1463 1453 1455
f 1463 1464 1458
f 1463 1458 1453
f 1464 1456 1458
f 1464 1459 1457
f 1464 1457 1456
f 1465 1459 1464
f 1465 1464 1466
f 1465 1460 1459
f 1467 1461 1460
f 1467 1460 1465
f 1461 1467 1462
f 1468 1463 1462
f 1468 1462 1467
f 1468 1469 1463
f 1469 1464 1463
f 1466 1464 1469
f 1472 1478 1471
f 1470 1478 1472
f 1474 1472 1473
f 1474 1476 1475
f 1476 1474 1473
f 1472 1471 1477
f 1472 1477 1473
f 1472 1474 1479
f 1472 1479 1470
f 1474 1475 1479
f 1484 1473 1477
f 1471 1484 1477
f 1486 1480 1489
f 1481 1487 1482
f 1487 1488 1483
f 1487 1483 1482
f 1488 1484 1483
f 1488 1489 1485
f 1488 1485 1484
f 1489 1480 1485
f 1484 1485 1473
f 1485 1480 1476
f 1485 1476 1473
f 1475 1476 1480
f 1475 1480 1486
f 1481 1479 1475
f 1481 1475 1486
f 1482 1470 1479
f 1482 1479 1481
f 1470 1482 1478
f 1483 1471 1478
f 1483 1478 1482
f 1483 1484 1471
f 1490 1493 1491
f 1493 1490 1492
f 1492 1490 1494
f 1491 1505 1490
f 1495 1493 1492
f 1505 1491 1493
f 1505 1493 1495
f 1498 1496 1503
f 1501 1497 1500
f 1502 1497 1501
f 1496 1502 1503
f 1504 1492 1494
f 1497 1490 1505
f 1497 1504 1494
f 1497 1494 1490
f 1504 1502 1496
f 1496 1492 1504
f 1496 1498 1495
f 1496 1495 1492
f 1495 1498 1499
f 1500 1505 1495
f 1500 1495 1499
f 1505 1500 1497
f 1497 1502 1504
f 1506 1512 1528
f 1507 1512 1506
f 1508 1507 1506
f 1508 1506 1509
f 1509 1510 1508
f 1513 1508 1510
f 1510 1509 1511
f 1509 1514 1511
f 1506 1528 1514
f 1506 1514 1509
f 1508 1527 1507
f 1508 1513 1527
f 1516 1513 1510
f 1511 1516 1510
f 1522 1515 1516
f 1523 1517 1515
f 1523 1515 1522
f 1523 1518 1517
f 1518 1523 1524
f 1518 1524 1519
f 1525 1520 1519
f 1525 1519 1524
f 1525 1529 1520
f 1525 1526 1521
f 1525 1521 1529
f 1526 1522 1516
f 1526 1516 1521
f 1529 1511 1514
f 1516 1515 1513
f 1527 1513 1515
f 1507 1519 1512
f 1528 1512 1519
f 1528 1529 1514
f 1529 1521 1511
f 1521 1516 1511
f 1517 1527 1515
f 1518 1507 1527
f 1518 1527 1517
f 1507 1518 1519
f 1520 1528 1519
f 1520 1529 1528
f 1531 1537 1530
f 1532 1531 1530
f 1532 1530 1535
f 1534 1532 1535
f 1534 1551 1532
f 1534 1535 1533
f 1531 1532 1539
f 1532 1551 1539
f 1536 1537 1531
f 1537 1538 1530
f 1551 1534 1550
f 1550 1534 1533
f 1536 1531 1539
f 1552 1533 1535
f 1538 1552 1535
f 1538 1535 1530
f 1541 1543 1542
f 1544 1549 1552
f 1546 1541 1545
f 1546 1547 1541
f 1547 1543 1541
f 1547 1548 1544
f 1547 1544 1543
f 1548 1549 1544
f 1542 1536 1539
f 1536 1542 1537
f 1542 1538 1537
f 1552 1550 1533
f 1540 1550 1549
f 1545 1551 1550
f 1545 1550 1540
f 1541 1539 1551
f 1541 1551 1545
f 1542 1539 1541
f 1543 1544 1538
f 1543 1538 1542
f 1544 1552 1538
f 1552 1549 1550
f 1555 1553 1554
f 1557 1554 1556
f 1558 1555 1554
f 1558 1554 1557
f 1558 1557 1560
f 1561 1555 1558
f 1561 1553 1555
f 1560 1557 1556
f 1767 1561 1565
f 1767 1566 1561
f 1564 1559 1563
f 1564 1560 1559
f 1565 1560 1564
f 1562 1563 1556
f 1562 1556 1554
f 1559 1556 1563
f 1560 1556 1559
f 1565 1558 1560
f 1561 1558 1565
f 1566 1567 1553
f 1566 1553 1561
f 1567 1562 1554
f 1567 1554 1553
f 1569 1568 1570
f 1568 1569 1572
f 1568 1572 1571
f 1579 1568 1571
f 1579 1570 1568
f 1584 1578 1579
f 1578 1580 1579
f 1581 1574 1580
f 1582 1573 1574
f 1582 1574 1581
f 1582 1575 1573
f 1583 1576 1575
f 1583 1575 1582
f 1583 1577 1576
f 1583 1584 1577
f 1578 1581 1580
f 1580 1574 1570
f 1580 1570 1579
f 1573 1570 1574
f 1575 1569 1570
f 1575 1570 1573
f 1576 1569 1575
f 1577 1572 1569
f 1577 1569 1576
f 1577 1584 1571
f 1577 1571 1572
f 1584 1579 1571
f 1586 1585 1591
f 1588 1586 1587
f 1587 1586 1590
f 1587 1590 1589
f 1586 1591 1590
f 1588 1592 1585
f 1588 1585 1586
f 1597 1598 1588
f 1597 1588 1587
f 1589 1597 1587
f 1598 1592 1588
f 1594 1590 1591
f 1593 1594 1591
f 1595 1590 1594
f 1595 1596 1589
f 1595 1589 1590
f 1596 1597 1589
f 1599 1592 1598
f 1600 1585 1592
f 1600 1592 1599
f 1600 1593 1591
f 1600 1591 1585
f 1602 1608 1609
f 1602 1609 1601
f 1603 1608 1602
f 1603 1602 1604
f 1604 1602 1601
f 1605 1601 1609
f 1605 1609 1606
f 1610 1601 1605
f 1607 1608 1603
f 1604 1607 1603
f 1604 1601 1610
f 1611 1610 1612
f 1613 1607 1610
f 1613 1610 1611
f 1613 1614 1615
f 1613 1615 1607
f 1614 1616 1605
f 1614 1605 1615
f 1612 1610 1605
f 1612 1605 1616
f 1610 1607 1604
f 1615 1608 1607
f 1615 1609 1608
f 1615 1605 1606
f 1615 1606 1609
f 1620 1617 1621
f 1620 1621 1618
f 1619 1620 1618
f 1623 1622 1620
f 1623 1620 1619
f 1617 1620 1624
f 1620 1622 1624
f 1624 1632 1617
f 1621 1617 1632
f 1626 1619 1618
f 1626 1618 1621
f 1625 1595 1626
f 1595 1628 1626
f 1627 1628 1595
f 1629 1628 1627
f 1632 1625 1626
f 1626 1621 1632
f 1626 1628 1619
f 1628 1623 1619
f 1629 1622 1623
f 1629 1623 1628
f 1630 1624 1622
f 1630 1622 1629
f 1630 1631 1624
f 1632 1624 1631
f 1634 1633 1639
f 1635 1636 1634
f 1635 1634 1637
f 1634 1639 1637
f 1634 1638 1633
f 1636 1638 1634
f 1635 1637 1641
f 1640 1641 1646
f 1642 1641 1640
f 1643 1644 1645
f 1644 1647 1645
f 1646 1647 1644
f 1647 1646 1639
f 1647 1639 1633
f 1646 1641 1637
f 1646 1637 1639
f 1642 1635 1641
f 1643 1636 1635
f 1643 1635 1642
f 1636 1643 1645
f 1636 1645 1638
f 1647 1633 1638
f 1647 1638 1645
f 1651 1649 1650
f 1651 1648 1649
f 1655 1651 1652
f 1657 1656 1655
f 1657 1655 1652
f 1657 1652 1653
f 1652 1651 1654
f 1652 1654 1653
f 1651 1650 1654
f 1655 1648 1651
f 1665 1655 1656
f 1648 1655 1665
f 1658 1648 1665
f 1648 1658 1659
f 1648 1659 1649
f 1659 1660 1650
f 1659 1650 1649
f 1660 1661 1654
f 1660 1654 1650
f 1661 1662 1653
f 1661 1653 1654
f 1662 1663 1657
f 1662 1657 1653
f 1663 1664 1656
f 1663 1656 1657
f 1665 1656 1664
f 1667 1677 1673
f 1667 1666 1677
f 1668 1667 1669
f 1674 1668 1669
f 1674 1669 1671
f 1671 1669 1670
f 1669 1672 1670
f 1669 1667 1673
f 1669 1673 1672
f 1668 1675 1666
f 1668 1666 1667
f 1668 1674 1675
f 1676 1771 1677
f 1678 1677 1771
f 1676 1666 1675
f 1676 1675 1683
f 1666 1676 1677
f 1678 1673 1677
f 1678 1679 1672
f 1678 1672 1673
f 1679 1680 1670
f 1679 1670 1672
f 1680 1681 1671
f 1680 1671 1670
f 1682 1674 1671
f 1682 1671 1681
f 1683 1675 1674
f 1683 1674 1682
f 1685 1684 1686
f 1690 1686 1687
f 1684 1687 1686
f 1685 1686 1690
f 1685 1690 1691
f 1688 1689 1684
f 1688 1684 1685
f 1685 1691 1688
f 1689 1687 1684
f 1693 1687 1689
f 1693 1689 1692
f 1693 1690 1687
f 1697 1690 1693
f 1697 1698 1691
f 1697 1691 1690
f 1688 1691 1698
f 1688 1698 1699
f 1699 1694 1688
f 1694 1692 1689
f 1694 1689 1688
f 1692 1694 1695
f 1695 1693 1692
f 1696 1693 1695
f 1697 1693 1696
f 1702 1701 1700
f 1702 1700 1703
f 1704 1702 1703
f 1700 1705 1703
f 1709 1702 1704
f 1701 1702 1709
f 1701 1711 1700
f 1712 1700 1706
f 1707 1708 1704
f 1708 1710 1709
f 1706 1700 1711
f 1706 1711 1710
f 1712 1713 1707
f 1713 1708 1707
f 1713 1710 1708
f 1712 1705 1700
f 1707 1703 1705
f 1707 1705 1712
f 1704 1703 1707
f 1708 1709 1704
f 1709 1710 1701
f 1710 1711 1701
f 1714 1715 1721
f 1715 1716 1721
f 1717 1718 1715
f 1717 1715 1714
f 1718 1716 1715
f 1719 1718 1717
f 1717 1714 1720
f 1727 1721 1716
f 1721 1724 1714
f 1722 1718 1719
f 1726 1716 1718
f 1726 1718 1722
f 1726 1727 1716
f 1717 1720 1723
f 1724 1723 1720
f 1724 1720 1714
f 1725 1717 1723
f 1725 1719 1717
f 1722 1719 1725
f 1727 1724 1721
f 1731 1730 1728
f 1732 1730 1731
f 1732 1731 1733
f 1731 1735 1733
f 1728 1729 1735
f 1728 1735 1731
f 1742 1734 1729
f 1742 1729 1728
f 1734 1735 1729
f 1741 1730 1732
f 1741 1742 1728
f 1741 1728 1730
f 1738 1733 1735
f 1738 1735 1737
f 1734 1736 1735
f 1736 1737 1735
f 1739 1733 1738
f 1740 1732 1733
f 1740 1733 1739
f 1741 1732 1740
f 383 168 170
f 176 175 138
f 581 137 141
f 581 141 584
f 583 580 454
f 583 454 453
f 546 544 457
f 546 457 456
f 482 456 455
f 482 455 484
f 1743 453 452
f 138 1743 176
f 1743 138 137
f 1743 137 581
f 1743 581 583
f 1743 583 453
f 384 383 170
f 384 170 177
f 177 176 1743
f 177 1743 384
f 452 378 384
f 452 384 1743
f 174 139 138
f 174 138 175
f 139 124 123
f 139 123 134
f 174 113 124
f 174 124 139
f 504 451 457
f 504 457 506
f 451 504 378
f 451 378 452
f 457 544 506
f 543 506 544
f 501 380 378
f 501 378 504
f 597 381 380
f 597 380 593
f 733 738 501
f 733 501 500
f 738 593 501
f 501 593 380
f 737 594 593
f 737 593 738
f 754 500 508
f 754 508 755
f 747 755 543
f 747 543 539
f 755 508 506
f 755 506 543
f 733 500 754
f 733 754 753
f 122 96 134
f 122 134 123
f 140 134 96
f 140 96 95
f 150 120 119
f 150 119 158
f 280 279 157
f 280 157 155
f 158 119 152
f 473 472 382
f 473 382 375
f 623 595 596
f 381 597 473
f 381 473 375
f 623 464 466
f 623 466 595
f 172 119 113
f 172 113 174
f 280 155 156
f 280 156 275
f 472 471 171
f 472 171 168
f 472 168 383
f 472 383 382
f 753 752 734
f 753 734 733
f 749 747 539
f 749 539 542
f 908 735 906
f 594 737 764
f 594 764 765
f 765 771 598
f 765 598 594
f 764 737 736
f 764 736 766
f 619 623 596
f 469 172 171
f 469 171 471
f 194 99 98
f 194 98 186
f 190 186 98
f 190 98 97
f 244 242 191
f 244 191 189
f 294 296 100
f 294 100 99
f 99 194 294
f 294 194 193
f 294 193 1792
f 193 209 214
f 193 214 1792
f 289 287 1744
f 242 241 227
f 227 192 191
f 227 191 242
f 210 209 193
f 210 193 192
f 230 210 231
f 192 227 231
f 192 231 210
f 210 230 1101
f 1101 230 1098
f 1100 211 210
f 1100 210 1101
f 229 1102 1098
f 229 1098 230
f 1083 229 228
f 1083 228 1084
f 228 227 241
f 228 241 1084
f 1084 241 243
f 1084 243 1086
f 1167 1166 1087
f 1167 1087 1086
f 1166 1165 1082
f 1166 1082 1087
f 1167 259 262
f 1167 262 1163
f 263 259 243
f 263 243 240
f 259 1167 1086
f 259 1086 243
f 279 265 1745
f 279 1745 157
f 279 278 258
f 279 258 265
f 278 276 260
f 278 260 258
f 277 400 405
f 277 405 276
f 260 276 405
f 405 404 261
f 405 261 260
f 261 404 1163
f 261 1163 262
f 1162 1163 404
f 1162 404 403
f 1747 1162 403
f 1165 1746 2865
f 1165 2865 1082
f 1748 1178 1180
f 1197 1196 1181
f 1210 1194 1211
f 1211 1748 1205
f 172 469 152
f 172 152 119
f 469 468 156
f 469 156 152
f 360 274 275
f 360 275 366
f 551 827 831
f 551 831 542
f 854 845 831
f 854 831 830
f 551 549 827
f 542 831 845
f 542 845 749
f 749 845 853
f 749 853 750
f 828 934 829
f 855 854 830
f 855 830 872
f 855 872 866
f 872 830 829
f 872 829 873
f 866 877 856
f 866 856 855
f 949 948 1751
f 949 1751 857
f 950 949 857
f 950 857 856
f 965 934 933
f 965 933 964
f 934 965 873
f 934 873 829
f 968 874 873
f 968 873 965
f 966 964 933
f 1017 933 932
f 1017 932 1018
f 1523 1017 1023
f 1018 517 516
f 1018 516 1019
f 1019 516 522
f 1019 522 1015
f 517 1018 932
f 932 931 518
f 932 518 517
f 567 565 549
f 567 549 547
f 549 565 566
f 549 566 827
f 827 566 573
f 827 573 828
f 828 573 931
f 456 482 547
f 456 547 546
f 547 482 567
f 569 567 482
f 569 482 488
f 1750 752 751
f 751 750 1751
f 948 944 1751
f 1002 998 952
f 891 944 953
f 1003 1002 952
f 1003 952 951
f 1369 892 1371
f 1371 892 1752
f 1369 893 892
f 734 752 1750
f 734 1750 909
f 909 1750 910
f 1422 894 893
f 1422 893 1369
f 913 736 735
f 913 735 908
f 766 736 913
f 766 913 912
f 1273 912 911
f 1273 911 1275
f 912 1273 767
f 912 767 766
f 1273 1281 768
f 1273 768 767
f 801 770 769
f 801 769 800
f 802 800 769
f 802 769 768
f 801 785 784
f 785 807 786
f 771 784 783
f 771 783 598
f 784 771 770
f 784 770 801
f 807 806 787
f 807 787 786
f 768 1281 803
f 768 803 802
f 1425 1375 1374
f 1425 1422 1369
f 1425 1369 1375
f 1753 1412 1277
f 1281 1279 804
f 1281 804 803
f 1150 789 788
f 1150 788 1151
f 789 1150 422
f 789 422 421
f 783 790 1754
f 1754 618 619
f 1754 619 596
f 1754 596 598
f 1754 598 783
f 620 618 420
f 620 420 425
f 1754 421 420
f 1754 420 618
f 421 1754 790
f 421 790 789
f 1151 788 787
f 1151 787 1152
f 1149 422 1150
f 1307 806 804
f 1307 804 1308
f 806 1307 1152
f 806 1152 787
f 1307 1142 1152
f 1309 1293 1292
f 1309 1292 1310
f 1309 1308 1294
f 1309 1294 1293
f 1308 804 1279
f 1308 1279 1294
f 607 600 467
f 607 467 464
f 366 275 156
f 366 156 468
f 468 467 367
f 468 367 366
f 467 600 610
f 467 610 367
f 610 606 368
f 610 368 367
f 609 368 606
f 464 623 622
f 464 622 607
f 620 605 607
f 620 607 622
f 605 620 425
f 608 605 425
f 608 425 424
f 424 368 609
f 424 609 608
f 424 423 364
f 424 364 368
f 431 437 364
f 423 432 431
f 423 431 364
f 432 423 422
f 432 422 433
f 422 1149 433
f 1148 435 433
f 1148 433 1149
f 1230 1757 435
f 1230 435 1224
f 1224 435 1148
f 1224 1148 1147
f 1755 277 1749
f 1230 1229 1207
f 1230 1207 1757
f 1209 1195 1194
f 1209 1194 1210
f 1262 1209 1208
f 1262 1208 1263
f 1209 1262 1195
f 1263 1208 1207
f 1758 1207 1229
f 1758 1229 1228
f 1307 1311 1147
f 1307 1147 1142
f 1758 1228 1226
f 1249 1226 1225
f 1249 1225 1250
f 1226 1249 1248
f 1226 1248 1758
f 1147 1311 1222
f 1147 1222 1224
f 1311 1225 1222
f 1225 1311 1250
f 1311 1310 1251
f 1311 1251 1250
f 1310 1292 1251
f 1292 1291 1247
f 1292 1247 1251
f 1294 1279 1278
f 1294 1278 1295
f 1388 1278 1277
f 1295 1278 1388
f 1295 1388 1391
f 1411 1410 1385
f 1411 1385 1389
f 1412 1411 1389
f 1412 1389 1388
f 1388 1277 1412
f 1759 1408 1412
f 1350 1357 1373
f 1408 1760 1409
f 1353 1350 1373
f 1353 1373 1372
f 1752 1353 1372
f 1752 1372 1371
f 1353 1752 1761
f 1353 1761 1354
f 931 573 518
f 877 1488 856
f 856 1488 1487
f 856 1487 950
f 951 950 1487
f 951 1487 1004
f 951 1004 1003
f 1487 1481 1005
f 1487 1005 1004
f 1498 1486 1489
f 1498 1489 1499
f 1503 1005 1498
f 1498 1005 1481
f 1498 1481 1486
f 1761 1355 1354
f 1762 1351 1355
f 1762 1355 1761
f 1500 1499 1786
f 1436 876 875
f 1436 875 1440
f 1441 1440 875
f 1441 875 874
f 1489 1488 877
f 1489 877 876
f 1444 1489 876
f 1444 876 1436
f 1466 1443 1442
f 1466 1442 1465
f 1526 1438 1437
f 1526 1437 1522
f 1438 1526 1465
f 1438 1465 1442
f 1525 1465 1526
f 1441 963 967
f 1441 967 1437
f 963 1441 874
f 963 874 968
f 1437 967 1522
f 1522 967 966
f 1523 1522 966
f 1524 1523 1023
f 1524 1023 1022
f 1549 1548 1467
f 1549 1467 1465
f 1465 1525 1549
f 1540 1549 1525
f 1540 1525 1524
f 1524 1022 1545
f 1524 1545 1540
f 1546 1545 1022
f 1546 1022 1021
f 522 982 1015
f 1015 982 987
f 1015 987 1020
f 1660 1659 1596
f 1660 1596 1625
f 1616 520 519
f 1616 519 1612
f 1612 519 518
f 1612 518 573
f 1611 1612 573
f 1611 573 572
f 488 699 569
f 484 455 1763
f 484 1763 485
f 683 487 486
f 683 486 685
f 701 699 488
f 701 488 487
f 701 487 683
f 701 683 684
f 703 701 684
f 703 684 691
f 691 720 719
f 691 719 703
f 719 718 705
f 719 705 703
f 721 720 691
f 721 691 690
f 1611 572 1764
f 1611 1764 1613
f 718 706 705
f 1613 1067 1614
f 1598 521 514
f 1598 514 1599
f 1661 1660 1625
f 1661 1625 1632
f 1599 514 1616
f 1599 1616 1614
f 1616 514 520
f 1614 1600 1599
f 1593 1067 1066
f 1593 1066 1594
f 1593 1600 1614
f 1593 1614 1067
f 1595 1625 1596
f 1788 1765 986
f 1788 986 985
f 1658 1665 1581
f 1658 1581 1578
f 1766 1767 1565
f 1662 1661 1632
f 1662 1632 1631
f 1665 1664 1581
f 1594 1066 1065
f 1594 1065 1595
f 1627 1595 1065
f 1627 1065 1064
f 1064 706 718
f 1064 718 1627
f 706 1064 1063
f 706 1063 707
f 1627 718 724
f 1627 724 1629
f 332 101 100
f 332 100 333
f 100 296 333
f 334 333 296
f 348 295 1113
f 348 1113 349
f 348 334 296
f 348 296 295
f 348 335 334
f 347 336 335
f 347 335 348
f 331 315 1768
f 1768 101 332
f 1768 332 331
f 314 95 101
f 314 101 1768
f 95 314 140
f 1326 213 212
f 1326 212 1327
f 1112 1744 1114
f 314 313 140
f 140 313 584
f 140 584 141
f 687 686 586
f 1770 1662 1646
f 1770 1646 1644
f 1662 1781 1640
f 1662 1640 1646
f 1664 1663 1770
f 1664 1770 1581
f 1770 1582 1581
f 1642 1771 1643
f 1113 1744 1112
f 1113 1117 349
f 1111 344 349
f 1111 349 1117
f 1325 1324 1115
f 1325 1115 1114
f 1706 1111 1116
f 1706 1116 1712
f 1116 1115 1324
f 1116 1324 1712
f 1713 1712 1324
f 1713 1324 1323
f 344 1111 1706
f 344 1706 1710
f 1710 350 344
f 1722 1710 1713
f 1722 1713 1726
f 1710 1722 1725
f 1710 1725 350
f 1725 345 350
f 1741 1740 1772
f 1723 1696 1695
f 1723 1695 1725
f 1725 1695 345
f 1769 1773 1774
f 1775 654 652
f 637 636 331
f 637 331 336
f 331 636 1777
f 331 1777 315
f 1778 651 1777
f 1779 1125 1128
f 1131 724 723
f 1131 723 1128
f 1129 1125 673
f 1129 673 672
f 642 667 665
f 642 665 635
f 667 642 1033
f 667 1033 1034
f 1033 642 640
f 1033 640 1035
f 1039 668 667
f 1039 667 1034
f 351 345 1695
f 351 1695 1694
f 1047 1039 1038
f 1047 1038 1050
f 1039 1047 668
f 1049 670 668
f 1049 668 1047
f 1053 1052 1780
f 1642 1055 1053
f 1642 1053 1780
f 724 1131 1130
f 724 1130 1629
f 1629 1130 1126
f 1629 1126 1630
f 1663 1662 1770
f 1662 1631 1781
f 1781 1631 1630
f 1781 1630 1126
f 1781 1126 1129
f 672 1781 1129
f 1782 347 351
f 638 637 336
f 1037 1035 1782
f 1035 640 638
f 1035 638 1782
f 1782 638 336
f 1782 336 347
f 1784 1783 1694
f 1050 1038 1783
f 1783 1782 351
f 1783 351 1694
f 1038 1037 1782
f 1038 1782 1783
f 1694 1699 1784
f 1794 189 190
f 1794 190 1785
f 1489 1444 1786
f 1523 966 933
f 1523 933 1017
f 735 734 909
f 735 909 906
f 853 1751 750
f 892 891 953
f 892 953 1752
f 953 952 998
f 998 1006 1752
f 998 1752 953
f 1761 1752 1006
f 1761 1006 1005
f 1005 1503 1761
f 1352 1408 1373
f 1352 1373 1357
f 1408 1352 1356
f 1408 1356 1760
f 1351 1762 1760
f 1351 1760 1356
f 1503 1762 1761
f 1277 1275 1753
f 1750 1424 1753
f 1750 1753 910
f 597 595 466
f 597 466 473
f 1763 685 486
f 1763 486 485
f 580 587 1763
f 580 1763 454
f 586 686 1763
f 586 1763 587
f 1764 707 1063
f 1764 1071 1069
f 1764 1069 1613
f 674 1779 666
f 1779 674 673
f 673 1125 1779
f 1128 722 1779
f 723 722 1128
f 402 1184 1747
f 402 1747 403
f 1342 1341 1787
f 1747 1787 1746
f 1184 1342 1787
f 1184 1787 1747
f 1336 1184 1181
f 1205 1755 1212
f 522 521 984
f 522 984 982
f 1788 985 984
f 521 1598 1788
f 521 1788 984
f 1564 1597 1766
f 1564 1766 1565
f 1597 1564 1788
f 1597 1788 1598
f 1564 1563 1765
f 1564 1765 1788
f 1597 1596 1659
f 1597 1659 1766
f 1658 1766 1659
f 1789 670 1049
f 1052 1050 1783
f 1052 1783 1784
f 1052 1784 3678
f 1738 1790 1791
f 1738 1791 1739
f 1792 214 213
f 1792 213 1326
f 1792 1326 1325
f 1744 287 1792
f 1792 1325 1114
f 1792 1114 1744
f 97 96 122
f 97 122 121
f 97 121 1785
f 97 1785 190
f 244 189 1794
f 240 1793 1745
f 1745 265 264
f 240 1745 264
f 240 264 263
f 1745 1793 157
f 239 244 1794
f 120 1794 1785
f 120 1785 121
f 150 1793 1794
f 1794 1793 240
f 1794 240 239
f 150 1794 120
f 1798 1800 1797
f 1798 1797 1796
f 1800 1798 1799
f 1801 1800 1799
f 1799 1798 1802
f 1796 1795 1802
f 1796 1802 1798
f 1797 1800 1804
f 1808 1809 1796
f 1808 1796 1797
f 1809 1803 1795
f 1809 1795 1796
f 1807 1800 1801
f 1801 1799 1805
f 1807 1804 1800
f 1804 1808 1797
f 1805 1799 1802
f 1805 1802 1795
f 1805 1795 1803
f 1810 1805 1803
f 1806 1805 1810
f 1807 1801 1805
f 1807 1805 1806
f 1807 1812 1804
f 1812 1808 1804
f 1890 1810 1803
f 1811 1807 1806
f 1811 1806 1810
f 1974 1807 1811
f 1974 1812 1807
f 1890 1803 1809
f 1819 1823 1813
f 1819 1813 1814
f 1814 1813 1817
f 1816 1819 1814
f 1815 1816 1814
f 1823 1824 1813
f 1818 1813 1824
f 1822 1816 1815
f 1822 1815 1814
f 1822 1814 1821
f 1822 1819 1816
f 1821 1814 1817
f 1821 1817 1820
f 1820 1817 1813
f 1820 1813 1818
f 1825 1818 1824
f 1826 1820 1818
f 1826 1818 1825
f 1827 1821 1820
f 1827 1820 1826
f 1827 1828 1822
f 1827 1822 1821
f 1828 1829 1822
f 1829 1819 1822
f 1829 3624 1823
f 1829 1823 1819
f 3624 1824 1823
f 1831 1837 1830
f 1832 1837 1831
f 1833 1832 1831
f 1833 1831 1834
f 1835 1833 1834
f 1839 1833 1835
f 1838 1839 1835
f 1838 1835 1836
f 1835 1834 1836
f 1831 1830 1834
f 1832 1833 1840
f 1839 1840 1833
f 1848 1841 1842
f 1848 1843 1841
f 1849 1844 1843
f 1849 1843 1848
f 1850 1845 1844
f 1850 1844 1849
f 1850 1851 1846
f 1850 1846 1845
f 1851 1852 1846
f 1852 1853 1847
f 1842 1847 1853
f 1841 1834 1830
f 1841 1830 1842
f 1843 1836 1834
f 1843 1834 1841
f 1844 1838 1836
f 1844 1836 1843
f 1844 1845 1839
f 1844 1839 1838
f 1845 1846 1840
f 1845 1840 1839
f 1846 1852 1832
f 1846 1832 1840
f 1852 1847 1837
f 1852 1837 1832
f 1842 1830 1837
f 1842 1837 1847
f 1856 1855 1857
f 1857 1858 1856
f 1861 1857 1855
f 1859 1857 1861
f 1860 1858 1857
f 1860 1857 1859
f 1861 1855 1854
f 1862 1859 1861
f 1863 1860 1859
f 1863 1859 1862
f 1863 1864 1860
f 1864 1865 1858
f 1864 1858 1860
f 1865 1871 1856
f 1865 1856 1858
f 1871 1866 1855
f 1871 1855 1856
f 1866 1854 1855
f 1862 1861 1854
f 1866 1867 1854
f 1867 1862 1854
f 1868 1862 1867
f 1869 1863 1862
f 1869 1862 1868
f 1869 1870 1864
f 1869 1864 1863
f 1870 1865 1864
f 1870 1871 1865
f 1874 1872 1873
f 1875 1874 1873
f 1878 1874 1875
f 1877 1878 1875
f 1877 1875 1876
f 1875 1879 1876
f 1873 1879 1875
f 1872 1883 1873
f 1883 1884 1879
f 1883 1879 1873
f 1880 1878 1877
f 1880 1877 1876
f 1880 1876 1885
f 1882 1874 1878
f 1882 1878 1880
f 1872 1874 1882
f 1884 1876 1879
f 1881 1880 1889
f 1882 1880 1881
f 1891 1872 1882
f 1891 1883 1872
f 1884 1886 1876
f 1886 1885 1876
f 1885 1889 1880
f 1886 1884 1887
f 1886 1888 1885
f 1888 1889 1885
f 1890 1882 1881
f 1891 1882 1890
f 1891 1892 1883
f 1892 1887 1884
f 1892 1884 1883
f 1895 1897 1894
f 1895 1894 1893
f 1897 1895 1896
f 1898 1897 1896
f 1893 1899 1895
f 1894 1897 1901
f 1911 1893 1894
f 1911 1899 1893
f 1900 1897 1898
f 1901 1897 1900
f 1903 1896 1895
f 1899 1903 1895
f 1904 1902 1903
f 1905 1907 1903
f 1905 1903 1902
f 1906 1907 1905
f 1906 1908 1900
f 1906 1900 1907
f 1909 1900 1908
f 1911 1904 1899
f 1904 1903 1899
f 1903 1907 1896
f 1907 1898 1896
f 1900 1898 1907
f 1909 1901 1900
f 1910 1894 1901
f 1910 1901 1909
f 1911 1894 1910
f 1914 1916 1912
f 1915 1916 1914
f 1917 1916 1915
f 1918 1917 1920
f 1918 1919 1917
f 1915 1920 1917
f 1914 1913 1920
f 1914 1920 1915
f 1917 1919 1916
f 1921 1922 1914
f 1921 1914 1912
f 1913 1914 1922
f 1918 1923 1919
f 1918 1920 1924
f 1923 1916 1919
f 1923 1921 1912
f 1923 1912 1916
f 1924 1920 1926
f 1926 1920 1913
f 1925 1913 1922
f 1926 1913 1925
f 1927 1918 1924
f 1927 1928 1923
f 1927 1923 1918
f 1928 1929 1923
f 1921 1923 1929
f 1932 1933 1931
f 1932 1931 1930
f 1934 1933 1932
f 1934 1932 1937
f 1932 1938 1937
f 1930 1938 1932
f 1931 1933 1935
f 1936 1938 1930
f 1939 1936 1943
f 1941 1948 1935
f 1948 1942 1935
f 1945 1939 1943
f 1945 1943 1944
f 1945 1940 1939
f 1946 1940 1945
f 1947 1941 1940
f 1947 1940 1946
f 1947 1948 1941
f 1948 1949 1942
f 1949 1944 1943
f 1949 1943 1942
f 1936 1930 1943
f 1939 1938 1936
f 1940 1937 1938
f 1940 1938 1939
f 1940 1934 1937
f 1940 1941 1933
f 1940 1933 1934
f 1941 1935 1933
f 1935 1942 1931
f 1942 1943 1930
f 1942 1930 1931
f 1952 1956 1951
f 1952 1951 1950
f 1953 1952 1950
f 1955 1952 1953
f 1954 1955 1953
f 1955 1956 1952
f 1957 1950 1951
f 1958 1957 1963
f 1964 1957 1958
f 1964 1959 1957
f 1965 1959 1964
f 1965 1960 1959
f 1966 1961 1960
f 1966 1960 1965
f 1966 1962 1961
f 1966 1963 1962
f 1957 1951 1963
f 1959 1953 1950
f 1959 1950 1957
f 1959 1954 1953
f 1960 1955 1954
f 1960 1954 1959
f 1960 1961 1956
f 1960 1956 1955
f 1961 1962 1956
f 1962 1963 1951
f 1962 1951 1956
f 1971 1967 1969
f 1970 1971 1969
f 1972 1971 1970
f 1972 1970 1973
f 1969 1968 1973
f 1969 1973 1970
f 1979 1974 1969
f 1979 1969 1967
f 1975 1968 1969
f 1975 1969 1974
f 1976 1977 1972
f 1976 1972 1973
f 1976 1973 1978
f 1979 1971 1972
f 1979 1972 1977
f 1979 1967 1971
f 1978 1973 1980
f 1980 1973 1968
f 1980 1968 1975
f 1986 1981 1984
f 1985 1986 1984
f 1985 1984 1992
f 1987 1985 1992
f 1988 1986 1985
f 1988 1985 1987
f 1987 1991 1988
f 1987 1992 1989
f 1984 1983 1992
f 1988 1991 1986
f 2000 2001 1982
f 2000 1982 1981
f 1994 1983 1982
f 1994 1982 2001
f 1998 1995 1991
f 1998 1991 1990
f 1998 1990 1989
f 1998 1989 1997
f 1995 1999 1993
f 1995 1993 1991
f 1999 2000 1981
f 1999 1981 1993
f 1997 1989 1992
f 1997 1992 1996
f 1996 1992 1983
f 1996 1983 1994
f 1983 1984 1982
f 1990 1987 1989
f 1990 1991 1987
f 1986 1991 1993
f 1981 1986 1993
f 1984 1981 1982
f 2005 2008 2003
f 2004 2003 2002
f 2005 2003 2004
f 2005 2004 2007
f 2007 2004 2006
f 2006 2004 2002
f 2010 2012 2002
f 2006 2002 2012
f 2015 2005 2007
f 2016 2005 2015
f 2016 2008 2005
f 2008 2009 2003
f 2009 2010 2002
f 2009 2002 2003
f 2010 2009 2011
f 2012 2013 2006
f 2014 2007 2006
f 2014 2006 2013
f 2015 2007 2014
f 2017 2008 2016
f 2017 2011 2009
f 2017 2009 2008
f 2022 2023 2018
f 2019 2020 2022
f 2019 2022 2018
f 2019 2018 2021
f 2028 2023 2022
f 2023 2029 2018
f 2026 2020 2019
f 2026 2019 2024
f 2024 2019 2021
f 2024 2021 2025
f 2027 2022 2020
f 2027 2020 2026
f 2028 2022 2027
f 2030 2025 2021
f 2029 2030 2021
f 2029 2021 2018
f 2028 2029 2023
f 2031 2030 2029
f 2031 2025 2030
f 3643 2024 2025
f 3643 2025 2031
f 2896 2027 2026
f 2896 2026 3605
f 2896 2032 2028
f 2896 2028 2027
f 2032 2029 2028
f 2033 2034 2036
f 2036 2034 2035
f 2037 2036 2035
f 2038 2037 2035
f 2039 2037 2038
f 2035 2034 2038
f 2040 2033 2036
f 2036 2037 2040
f 2037 2039 2041
f 2037 2041 2040
f 2041 2039 2038
f 2043 2041 2038
f 2044 2041 2043
f 2050 2040 2041
f 2050 2041 2044
f 2050 2051 2040
f 2051 2045 2033
f 2051 2033 2040
f 2045 2046 2033
f 2046 2042 2034
f 2046 2034 2033
f 2043 2038 2034
f 2043 2034 2042
f 2047 2042 2046
f 2048 2043 2042
f 2048 2042 2047
f 2049 2044 2043
f 2049 2043 2048
f 2050 2044 2049
f 2051 2052 2045
f 2052 2047 2046
f 2052 2046 2045
f 2065 2053 2055
f 2055 2053 2054
f 2055 2054 2057
f 2059 2054 2053
f 2056 2054 2059
f 2057 2054 2056
f 2057 2056 2058
f 2057 2065 2055
f 2058 2056 2060
f 2060 2056 2059
f 2059 2053 2066
f 2061 2066 2062
f 2068 2060 2061
f 2063 2060 2068
f 2064 2066 2065
f 2064 2062 2066
f 2060 2059 2061
f 2063 2058 2060
f 2058 2063 2070
f 2070 2065 2057
f 2070 2057 2058
f 2065 2066 2053
f 2061 2059 2066
f 2062 2064 2067
f 2062 2068 2061
f 2068 2069 2063
f 2070 2063 2069
f 2071 2065 2070
f 2071 2064 2065
f 2071 2067 2064
f 2072 2074 2073
f 2075 2073 2074
f 2075 2074 2076
f 2080 2077 2072
f 2080 2072 2073
f 2079 2075 2076
f 2079 2076 2078
f 2079 2087 2075
f 2073 2075 2087
f 2073 2087 2080
f 2078 2076 2074
f 2077 2078 2074
f 2077 2074 2072
f 2077 2082 2078
f 2079 2078 2084
f 2080 2081 2077
f 2082 2077 2081
f 2082 2083 2078
f 2084 2078 2083
f 2085 2079 2084
f 2086 2079 2085
f 2086 2087 2079
f 2080 2087 2088
f 2088 2081 2080
f 2091 2092 2089
f 2092 2090 2089
f 2091 2093 2092
f 2094 2092 2093
f 2094 2095 2092
f 2095 2090 2092
f 2102 2093 2091
f 2102 2091 2096
f 2098 2094 2093
f 2098 2093 2102
f 2098 2099 2094
f 2099 2095 2094
f 2095 2100 2090
f 2100 2089 2090
f 2097 2089 2100
f 2096 2091 2089
f 2096 2089 2097
f 2105 2101 2097
f 2105 2097 2100
f 2101 2096 2097
f 2102 2096 2101
f 2098 2103 2099
f 2103 2104 2095
f 2103 2095 2099
f 2105 2100 2095
f 2105 2095 2104
f 2108 2107 2106
f 2108 2106 2109
f 2110 2108 2109
f 2112 2111 2108
f 2112 2108 2110
f 2112 2110 2113
f 2110 2114 2113
f 2110 2109 2114
f 2108 2116 2107
f 2108 2111 2116
f 2107 2118 2106
f 2118 2117 2109
f 2118 2109 2106
f 2115 2111 2112
f 2116 2111 2115
f 2117 2114 2109
f 2119 2114 2117
f 2113 2114 2119
f 2120 2112 2113
f 2115 2112 2120
f 2121 2116 2115
f 2121 2122 2107
f 2121 2107 2116
f 2122 2118 2107
f 2124 2123 2128
f 2124 2128 2125
f 2126 2124 2125
f 2127 2124 2126
f 2123 2124 2127
f 2129 2127 2126
f 2129 2130 2127
f 2130 2123 2127
f 2131 2132 2140
f 2133 2132 2131
f 2138 2140 2132
f 2139 2140 2138
f 2141 2133 2131
f 2142 2134 2133
f 2142 2133 2141
f 2142 2143 2135
f 2142 2135 2134
f 2143 2144 2136
f 2143 2136 2135
f 2144 2145 2137
f 2144 2137 2136
f 2145 2139 2138
f 2145 2138 2137
f 2132 2128 2123
f 2132 2123 2138
f 2132 2125 2128
f 2133 2126 2125
f 2133 2125 2132
f 2134 2129 2126
f 2134 2126 2133
f 2135 2129 2134
f 2135 2136 2130
f 2135 2130 2129
f 2136 2137 2130
f 2137 2138 2123
f 2137 2123 2130
f 2148 2149 2146
f 2149 2147 2146
f 2150 2151 2149
f 2150 2149 2148
f 2152 2149 2151
f 2154 2152 2151
f 2149 2153 2147
f 2149 2152 2153
f 2154 2151 2156
f 2156 2151 2150
f 2156 2150 2155
f 2155 2150 2148
f 2157 2154 2156
f 2157 2158 2152
f 2157 2152 2154
f 2158 2159 2153
f 2158 2153 2152
f 2159 2165 2147
f 2159 2147 2153
f 2165 2160 2146
f 2165 2146 2147
f 2160 2161 2148
f 2160 2148 2146
f 2155 2148 2161
f 2162 2155 2161
f 2162 2156 2155
f 2162 2163 2157
f 2162 2157 2156
f 2163 2164 2158
f 2163 2158 2157
f 2164 2159 2158
f 2164 2165 2159
f 2167 2166 2169
f 2169 2166 2168
f 2170 2167 2169
f 2182 2166 2167
f 2172 2170 2169
f 2172 2169 2171
f 2171 2169 2168
f 2176 2168 2166
f 2176 2166 2173
f 2171 2168 2176
f 2172 2180 2167
f 2172 2167 2170
f 2180 2182 2167
f 2173 2166 2182
f 2175 2176 2173
f 2175 2173 2174
f 2177 2171 2176
f 2177 2176 2175
f 2178 2171 2177
f 2178 2179 2172
f 2179 2180 2172
f 2180 2181 2182
f 2181 2174 2182
f 2173 2182 2174
f 2178 2172 2171
f 2184 2183 2193
f 2185 2183 2184
f 2186 2185 2184
f 2186 2184 2187
f 2187 2189 2186
f 2188 2189 2187
f 2188 2187 2190
f 2194 2189 2188
f 2191 2190 2187
f 2184 2193 2191
f 2184 2191 2187
f 2195 2189 2194
f 2185 2186 2195
f 2189 2195 2186
f 2192 2183 2185
f 2193 2183 2192
f 2200 2194 2188
f 2200 2188 2190
f 2195 2192 2185
f 2190 2191 2196
f 2196 2191 2193
f 2198 2196 2197
f 2199 2200 2198
f 2201 2200 2199
f 2202 2209 2192
f 2209 2203 2192
f 2204 2197 2210
f 2205 2198 2197
f 2205 2197 2204
f 2206 2199 2198
f 2206 2198 2205
f 2207 2201 2199
f 2207 2199 2206
f 2207 2208 2202
f 2207 2202 2201
f 2208 2209 2202
f 2209 2210 2203
f 2210 2197 2203
f 2196 2193 2197
f 2198 2190 2196
f 2200 2190 2198
f 2200 2201 2194
f 2201 2202 2195
f 2201 2195 2194
f 2202 2192 2195
f 2197 2193 2192
f 2197 2192 2203
f 2215 2216 2211
f 2212 2215 2211
f 2213 2215 2212
f 2213 2212 2214
f 2212 2211 2214
f 2223 2213 2221
f 2214 2221 2213
f 2224 2215 2213
f 2224 2213 2223
f 2219 2220 2221
f 2220 2222 2223
f 2220 2223 2221
f 2224 2223 2222
f 2218 2211 2216
f 2218 2216 2226
f 2217 2214 2211
f 2217 2211 2218
f 2217 2219 2214
f 2219 2221 2214
f 2225 2215 2224
f 2225 2226 2216
f 2225 2216 2215
f 2229 2227 2228
f 2230 2229 2228
f 2230 2228 2231
f 2232 2230 2231
f 2234 2232 2231
f 2228 2233 2231
f 2227 2229 2243
f 2236 2228 2227
f 2234 2239 2232
f 2237 2234 2231
f 2239 2241 2230
f 2239 2230 2232
f 2241 2243 2229
f 2241 2229 2230
f 2237 2231 2233
f 2233 2228 2236
f 2237 2236 2235
f 2240 2241 2239
f 2240 2243 2241
f 2240 2242 2243
f 2242 2235 2236
f 2242 2236 2243
f 2236 2227 2243
f 2237 2233 2236
f 2237 2238 2234
f 2238 2239 2234
f 2245 2252 2244
f 2245 2244 2249
f 2246 2245 2249
f 2248 2245 2246
f 2246 2249 2247
f 2244 2251 2249
f 2245 2248 2252
f 2250 2244 2252
f 2258 2248 2246
f 2258 2246 2257
f 2257 2246 2247
f 2258 2252 2248
f 2255 2257 2253
f 2255 2253 2254
f 2256 2257 2255
f 2256 2258 2257
f 2256 2259 2260
f 2256 2260 2258
f 2261 2250 2260
f 2261 2260 2259
f 2254 2253 2250
f 2254 2250 2261
f 2250 2253 2251
f 2250 2251 2244
f 2253 2249 2251
f 2257 2247 2249
f 2257 2249 2253
f 2258 2260 2252
f 2260 2250 2252
f 2263 2262 2264
f 2265 2263 2264
f 2269 2262 2263
f 2265 2264 2266
f 2268 2263 2265
f 2266 2264 2267
f 2267 2264 2262
f 2267 2262 2270
f 2273 2265 2266
f 2268 2265 2273
f 2268 2269 2263
f 2271 2262 2269
f 2270 2262 2271
f 2270 2272 2267
f 2272 2266 2267
f 2273 2266 2272
f 2274 2268 2273
f 2274 2275 2268
f 2275 2276 2269
f 2275 2269 2268
f 2271 2269 2276
f 2279 2289 2278
f 2281 2277 2289
f 2281 2289 2279
f 2280 2281 2279
f 2280 2279 2282
f 2283 2284 2280
f 2283 2280 2282
f 2284 2281 2280
f 2285 2290 2284
f 2285 2284 2283
f 2285 2283 2286
f 2283 2287 2286
f 2283 2282 2287
f 2279 2278 2287
f 2279 2287 2282
f 2281 2288 2277
f 2284 2290 2288
f 2284 2288 2281
f 2289 2277 2303
f 2290 2285 2297
f 2297 2285 2286
f 2290 2301 2288
f 2301 2303 2277
f 2301 2277 2288
f 2286 2287 2291
f 2291 2287 2278
f 2292 2291 2293
f 2292 2294 2295
f 2292 2295 2291
f 2296 2297 2295
f 2296 2295 2294
f 2298 2299 2297
f 2298 2297 2296
f 2298 2300 2301
f 2298 2301 2299
f 2300 2302 2303
f 2300 2303 2301
f 2304 2303 2302
f 2293 2278 2289
f 2293 2289 2304
f 2291 2278 2293
f 2295 2286 2291
f 2297 2286 2295
f 2299 2290 2297
f 2299 2301 2290
f 2303 2304 2289
f 2308 2306 2307
f 2309 2305 2306
f 2309 2306 2308
f 2310 2309 2308
f 2317 2309 2310
f 2317 2310 2311
f 2313 2317 2311
f 2313 2311 2312
f 2311 2310 2314
f 2311 2314 2312
f 2314 2310 2308
f 2314 2308 2307
f 2315 2305 2309
f 2317 2315 2309
f 2316 2306 2305
f 2316 2305 2326
f 2307 2306 2316
f 2322 2317 2313
f 2321 2322 2313
f 2321 2313 2312
f 2315 2326 2305
f 2321 2312 2314
f 2320 2321 2318
f 2320 2322 2321
f 2323 2322 2320
f 2324 2325 2326
f 2325 2316 2326
f 2319 2316 2325
f 2319 2307 2316
f 2318 2314 2307
f 2318 2307 2319
f 2321 2314 2318
f 2322 2323 2317
f 2323 2324 2315
f 2323 2315 2317
f 2324 2326 2315
f 2328 2330 2327
f 2330 2328 2329
f 2329 2331 2330
f 2330 2338 2339
f 2330 2339 2327
f 2339 2332 2327
f 2336 2333 2331
f 2336 2331 2329
f 2334 2336 2329
f 2334 2329 2328
f 2333 2330 2331
f 2338 2330 2333
f 2335 2334 2328
f 2332 2335 2328
f 2332 2328 2327
f 2336 2337 2333
f 2338 2333 2337
f 2342 2344 2341
f 2342 2341 2340
f 2344 2342 2343
f 2341 2345 2340
f 2346 2340 2345
f 2348 2347 2344
f 2348 2344 2343
f 2347 2349 2344
f 2349 2345 2341
f 2349 2341 2344
f 2348 2343 2342
f 2348 2342 2350
f 2350 2342 2340
f 2350 2340 2346
f 2354 2352 2351
f 2353 2354 2351
f 2352 2354 2355
f 2352 2355 2356
f 2357 2351 2352
f 2358 2354 2353
f 2358 2353 2362
f 2362 2353 2361
f 2363 2355 2354
f 2363 2354 2358
f 2363 2356 2355
f 2361 2353 2351
f 2357 2352 2359
f 2360 2351 2357
f 2360 2361 2351
f 2356 2359 2352
f 2366 2365 2364
f 2366 2364 2369
f 2370 2365 2366
f 2370 2366 2367
f 2367 2366 2371
f 2365 2370 2368
f 2378 2364 2365
f 2378 2365 2368
f 2378 2369 2364
f 2372 2375 2373
f 2374 2375 2372
f 2374 2376 2375
f 2377 2378 2376
f 2377 2369 2378
f 2377 2373 2366
f 2377 2366 2369
f 2373 2371 2366
f 2373 2375 2367
f 2373 2367 2371
f 2375 2370 2367
f 2376 2368 2370
f 2376 2370 2375
f 2378 2368 2376
f 2382 2381 2380
f 2382 2380 2383
f 2382 2383 2384
f 2384 2385 2382
f 2380 2387 2383
f 2381 2382 2386
f 2381 2386 2379
f 2382 2385 2386
f 2391 2392 2393
f 2394 2395 2393
f 2394 2393 2392
f 2396 2395 2394
f 2396 2388 2380
f 2396 2380 2381
f 2388 2389 2387
f 2388 2387 2380
f 2390 2383 2387
f 2390 2387 2389
f 2391 2384 2383
f 2391 2383 2390
f 2391 2393 2385
f 2391 2385 2384
f 2393 2386 2385
f 2393 2395 2379
f 2393 2379 2386
f 2395 2396 2381
f 2395 2381 2379
f 2398 2397 2399
f 2402 2398 2399
f 2402 2400 2398
f 2400 2402 2408
f 2401 2398 2400
f 2401 2404 2397
f 2401 2397 2398
f 2402 2399 2405
f 2410 2400 2408
f 2410 2401 2400
f 2397 2405 2399
f 2404 2403 2405
f 2403 2406 2407
f 2403 2407 2405
f 2406 2408 2407
f 2409 2410 2408
f 2409 2408 2406
f 2411 2410 2409
f 2412 2404 2401
f 2404 2405 2397
f 2407 2402 2405
f 2408 2402 2407
f 2411 2401 2410
f 2411 2412 2401
f 2414 2415 2413
f 2417 2415 2414
f 2417 2414 2416
f 2414 2413 2418
f 2414 2418 2416
f 2426 2413 2415
f 2419 2417 2416
f 2426 2415 2417
f 2418 2413 2428
f 2421 2420 2419
f 2422 2419 2420
f 2423 2424 2419
f 2423 2419 2422
f 2423 2425 2426
f 2423 2426 2424
f 2426 3676 2428
f 2427 2428 3676
f 2428 2429 2418
f 2429 2421 2416
f 2429 2416 2418
f 2419 2416 2421
f 2424 2417 2419
f 2424 2426 2417
f 2426 2428 2413
f 2432 2435 2431
f 2432 2431 2430
f 2435 2432 2433
f 2434 2435 2433
f 2430 2436 2432
f 2431 2435 2437
f 2430 2431 2446
f 2434 2442 2435
f 2440 2434 2433
f 2442 2437 2435
f 2437 2446 2431
f 2440 2433 2432
f 2440 2432 2438
f 2438 2432 2436
f 2442 2443 2444
f 2445 2446 2444
f 2445 2444 2443
f 2447 2446 2445
f 2439 2436 2430
f 2439 2430 2447
f 2438 2436 2439
f 2440 2441 2434
f 2441 2442 2434
f 2442 2444 2437
f 2444 2446 2437
f 2447 2430 2446
f 2450 2449 2448
f 2450 2448 2451
f 2452 2450 2451
f 2454 2450 2452
f 2450 2454 2449
f 2448 2449 2453
f 2456 2451 2448
f 2460 2454 2452
f 2458 2460 2452
f 2458 2452 2451
f 2458 2451 2455
f 2455 2451 2456
f 2457 2458 2455
f 2459 2460 2458
f 2459 2458 2457
f 2461 2460 2459
f 2456 2448 2464
f 2460 2461 2454
f 2461 2462 2449
f 2461 2449 2454
f 2462 2463 2453
f 2462 2453 2449
f 2464 2448 2453
f 2464 2453 2463
f 2468 2472 2467
f 2468 2467 2466
f 2472 2468 2469
f 2471 2472 2469
f 2470 2471 2469
f 2473 2470 2469
f 2469 2468 2473
f 2466 2465 2473
f 2466 2473 2468
f 2467 2472 2476
f 2467 2474 2466
f 2475 2465 2466
f 2475 2466 2474
f 2478 2479 2472
f 2478 2472 2471
f 2470 2478 2471
f 2479 2476 2472
f 2476 2474 2467
f 2473 2465 2475
f 2477 2473 2475
f 2477 2470 2473
f 2477 2478 2470
f 2479 2480 2476
f 2480 2474 2476
f 2480 2481 2474
f 2475 2474 2481
f 2483 2487 2482
f 2483 2482 2484
f 2485 2483 2484
f 2486 2483 2485
f 2483 2486 2487
f 2491 2488 2482
f 2491 2482 2487
f 2496 2486 2485
f 2496 2485 2495
f 2495 2485 2489
f 2490 2487 2486
f 2490 2486 2496
f 2490 2491 2487
f 2489 2485 2484
f 2488 2489 2484
f 2488 2484 2482
f 2491 2492 2488
f 2492 2493 2488
f 2493 2489 2488
f 2494 2489 2493
f 2495 2489 2494
f 2499 2501 2497
f 2500 2501 2499
f 2504 2501 2500
f 2502 2504 2500
f 2502 2500 2507
f 2500 2503 2507
f 2499 2498 2503
f 2499 2503 2500
f 2505 2508 2497
f 2505 2497 2501
f 2508 2506 2499
f 2508 2499 2497
f 2506 2498 2499
f 2506 2511 2503
f 2506 2503 2498
f 2507 2503 2511
f 2513 2502 2507
f 2514 2504 2502
f 2514 2502 2513
f 2505 2501 2504
f 2505 2504 2514
f 2508 2509 2506
f 2510 2506 2509
f 2511 2506 2510
f 2512 2507 2511
f 2513 2507 2512
f 2516 2520 2517
f 2517 2521 2516
f 2521 2517 2518
f 2519 2521 2518
f 2517 2519 2518
f 2516 2521 2522
f 2516 2522 2515
f 2515 2524 2525
f 2515 2525 2516
f 2520 2516 2525
f 2522 2524 2515
f 2519 2517 2527
f 2527 2517 2520
f 2528 2529 2519
f 2529 2530 2521
f 2529 2521 2519
f 2530 2523 2522
f 2530 2522 2521
f 2523 2524 2522
f 2526 2520 2525
f 2527 2520 2526
f 2528 2519 2527
f 2533 2532 2537
f 2533 2537 2534
f 2539 2533 2534
f 2535 2538 2534
f 2538 2539 2534
f 2534 2536 2535
f 2537 2536 2534
f 2532 2533 2540
f 2532 2540 2531
f 2533 2539 2540
f 2531 2542 2532
f 2537 2532 2542
f 2544 2545 2546
f 2547 2546 2545
f 2549 2541 2531
f 2549 2531 2540
f 2531 2541 2542
f 2543 2537 2542
f 2544 2536 2537
f 2544 2537 2543
f 2546 2535 2536
f 2546 2536 2544
f 2546 2547 2538
f 2546 2538 2535
f 2547 2548 2539
f 2547 2539 2538
f 2548 2549 2540
f 2548 2540 2539
f 2552 2550 2555
f 2552 2555 2551
f 2553 2552 2551
f 2553 2551 2558
f 2558 2556 2553
f 2556 2557 2553
f 2551 2554 2558
f 2553 2557 2552
f 2562 2551 2555
f 2554 2551 2562
f 2562 2563 2564
f 2565 2567 2564
f 2565 2564 2563
f 2565 2566 2567
f 2567 2556 2558
f 2567 2566 2557
f 2567 2557 2556
f 2566 2560 2552
f 2566 2552 2557
f 2559 2550 2552
f 2559 2552 2560
f 2550 2559 2561
f 2550 2561 2555
f 2562 2555 2561
f 2564 2554 2562
f 2564 2567 2558
f 2564 2558 2554
f 2568 2569 2576
f 2569 2575 2576
f 2570 2569 2568
f 2570 2568 2571
f 2571 2572 2570
f 2578 2570 2572
f 2572 2571 2573
f 2577 2572 2573
f 2577 2578 2572
f 2569 2570 2574
f 2569 2574 2575
f 2578 2574 2570
f 2584 2568 2576
f 2578 2581 2574
f 2581 2575 2574
f 2573 2571 2585
f 2585 2571 2568
f 2585 2568 2584
f 2580 2581 2578
f 2581 2582 2575
f 2582 2583 2576
f 2582 2576 2575
f 2584 2576 2583
f 2586 2573 2585
f 2579 2577 2573
f 2579 2573 2586
f 2579 2580 2578
f 2579 2578 2577
f 2587 2580 2579
f 2588 2581 2580
f 2588 2580 2587
f 2589 2582 2581
f 2589 2581 2588
f 2589 2583 2582
f 2590 2584 2583
f 2590 2583 2589
f 2590 2585 2584
f 2590 2591 2586
f 2590 2586 2585
f 2587 2579 2586
f 2587 2586 2591
f 2595 2594 2593
f 2595 2593 2602
f 2594 2592 2593
f 2597 2594 2595
f 2596 2597 2595
f 2596 2600 2597
f 2598 2599 2596
f 2599 2600 2596
f 2596 2595 2601
f 2596 2601 2598
f 2595 2602 2601
f 2597 2604 2592
f 2597 2592 2594
f 2597 2600 2604
f 2592 2609 2593
f 2602 2593 2609
f 2603 2600 2599
f 2612 2599 2598
f 2604 2600 2603
f 2601 2612 2598
f 2605 2603 2606
f 2607 2603 2605
f 2607 2604 2603
f 2608 2592 2604
f 2608 2604 2607
f 2592 2608 2609
f 2610 2602 2609
f 2610 2611 2601
f 2610 2601 2602
f 2611 2612 2601
f 2606 2599 2612
f 2603 2599 2606
f 2605 2606 2613
f 2614 2607 2605
f 2614 2615 2608
f 2614 2608 2607
f 2608 2615 2616
f 2608 2616 2609
f 2616 2610 2609
f 2617 2611 2610
f 2617 2610 2616
f 2617 2618 2612
f 2617 2612 2611
f 2613 2606 2612
f 2613 2612 2618
f 2620 2631 2619
f 2620 2630 2631
f 2621 2620 2622
f 2624 2625 2621
f 2624 2621 2622
f 2624 2622 2623
f 2622 2626 2623
f 2622 2620 2619
f 2622 2619 2626
f 2621 2627 2630
f 2621 2630 2620
f 2621 2625 2627
f 2631 2632 2619
f 2635 2625 2624
f 2624 2623 2634
f 2629 2627 2625
f 2629 2625 2635
f 2630 2627 2629
f 2626 2634 2623
f 2632 2626 2619
f 2637 2630 2629
f 2637 2638 2631
f 2637 2631 2630
f 2638 2632 2631
f 2632 2633 2626
f 2633 2634 2626
f 2628 2624 2634
f 2635 2624 2628
f 2636 2629 2635
f 2637 2629 2636
f 2638 2639 2632
f 2639 2633 2632
f 2639 2640 2634
f 2639 2634 2633
f 2628 2634 2640
f 2642 2641 2646
f 2643 2642 2646
f 2643 2646 2645
f 2644 2643 2645
f 2647 2643 2644
f 2651 2647 2644
f 2642 2643 2648
f 2647 2648 2643
f 2652 2642 2648
f 2642 2652 2649
f 2642 2649 2641
f 2649 2650 2646
f 2649 2646 2641
f 2650 2645 2646
f 2650 2656 2644
f 2650 2644 2645
f 2651 2644 2656
f 2658 2647 2651
f 2648 2647 2658
f 2652 2648 2653
f 2654 2650 2649
f 2654 2655 2650
f 2656 2650 2655
f 2657 2651 2656
f 2657 2658 2651
f 2653 2648 2658
f 2661 2660 2664
f 2661 2664 2665
f 2660 2659 2664
f 2662 2660 2661
f 2666 2660 2662
f 2663 2666 2662
f 2665 2668 2661
f 2661 2668 2662
f 2660 2667 2659
f 2666 2667 2660
f 2663 2662 2670
f 2668 2670 2662
f 2659 2667 2669
f 2659 2673 2664
f 2673 2674 2665
f 2673 2665 2664
f 2674 2670 2668
f 2674 2668 2665
f 2670 2676 2663
f 2671 2666 2663
f 2671 2663 2676
f 2669 2667 2666
f 2669 2666 2671
f 2669 2672 2659
f 2672 2673 2659
f 2674 2675 2670
f 2675 2676 2670
f 2678 2684 2677
f 2679 2684 2678
f 2682 2679 2678
f 2681 2682 2678
f 2681 2678 2680
f 2678 2685 2680
f 2678 2677 2685
f 2682 2683 2679
f 2689 2684 2679
f 2684 2691 2677
f 2686 2682 2681
f 2681 2680 2693
f 2683 2682 2686
f 2689 2679 2683
f 2685 2693 2680
f 2691 2685 2677
f 2688 2683 2686
f 2689 2683 2688
f 2689 2690 2684
f 2690 2691 2684
f 2691 2692 2685
f 2692 2693 2685
f 2693 2687 2681
f 2686 2681 2687
f 2588 2694 2686
f 2588 2686 2687
f 2695 2688 2686
f 2695 2686 2694
f 2695 2689 2688
f 2695 2696 2690
f 2695 2690 2689
f 2696 2691 2690
f 2696 2697 2692
f 2696 2692 2691
f 2697 2693 2692
f 2697 2588 2687
f 2697 2687 2693
f 2699 2706 2698
f 2706 2699 2700
f 2701 2702 2699
f 2699 2702 2700
f 2703 2702 2701
f 2701 2699 2704
f 2699 2698 2704
f 2702 2705 2700
f 2706 2700 2709
f 2710 2698 2706
f 2703 2707 2708
f 2703 2708 2702
f 2711 2707 2703
f 2711 2703 2701
f 2709 2705 2702
f 2709 2702 2708
f 2709 2700 2705
f 2711 2701 2704
f 2710 2711 2704
f 2710 2704 2698
f 2714 2706 2709
f 2714 2710 2706
f 2712 2709 2708
f 2712 2713 2709
f 2714 2709 2713
f 2715 2710 2714
f 2715 2711 2710
f 2715 2716 2711
f 2716 2707 2711
f 2718 2719 2738
f 2718 2738 2739
f 2719 2717 2738
f 2720 2719 2718
f 2721 2720 2718
f 2722 2720 2721
f 2735 2734 2721
f 2736 2722 2721
f 2736 2721 2734
f 2721 2723 2735
f 2721 2718 2723
f 2718 2739 2723
f 2722 2736 2737
f 2722 2737 2720
f 2720 2737 2717
f 2719 2720 2717
f 2731 2724 2729
f 2731 2725 2724
f 2731 2732 2726
f 2731 2726 2725
f 2732 2727 2726
f 2732 2728 2727
f 2730 2734 2735
f 2730 2735 2733
f 2729 2736 2734
f 2729 2734 2730
f 2724 2737 2736
f 2724 2736 2729
f 2725 2717 2737
f 2725 2737 2724
f 2725 2726 2738
f 2725 2738 2717
f 2726 2727 2739
f 2726 2739 2738
f 2727 2728 2723
f 2727 2723 2739
f 2728 2733 2735
f 2728 2735 2723
f 2741 2743 2742
f 2745 2744 2741
f 2745 2741 2740
f 2744 2746 2743
f 2744 2743 2741
f 2753 2740 2741
f 2744 2745 2748
f 2745 2740 2753
f 2752 2753 2751
f 2752 2747 2748
f 2752 2748 2753
f 2748 2747 2744
f 2747 2749 2746
f 2747 2746 2744
f 2750 2743 2746
f 2750 2746 2749
f 2750 2742 2743
f 2742 2750 2751
f 2742 2751 2741
f 2753 2741 2751
f 2748 2745 2753
f 2756 2754 2755
f 2757 2756 2755
f 2758 2759 2757
f 2758 2757 2760
f 2757 2755 2762
f 2757 2762 2760
f 2755 2754 2762
f 2756 2757 2759
f 2756 2759 2761
f 2756 2764 2754
f 2769 2770 2764
f 2770 2765 2764
f 2771 2765 2770
f 2771 2766 2765
f 2771 2763 2766
f 2765 2766 2760
f 2765 2760 2762
f 2766 2763 2758
f 2766 2758 2760
f 2763 2767 2759
f 2763 2759 2758
f 2768 2761 2759
f 2768 2759 2767
f 2769 2756 2761
f 2769 2761 2768
f 2756 2769 2764
f 2765 2754 2764
f 2765 2762 2754
f 2773 2775 2772
f 2773 2772 2778
f 2774 2775 2773
f 2776 2777 2774
f 2779 2775 2774
f 2779 2774 2777
f 2777 2776 2780
f 2780 2776 2774
f 2780 2774 2783
f 2773 2783 2774
f 2781 2779 2777
f 2781 2777 2780
f 2786 2775 2779
f 2786 2779 2781
f 2786 2787 2772
f 2786 2772 2775
f 2787 2782 2778
f 2787 2778 2772
f 2782 2788 2773
f 2782 2773 2778
f 2788 2783 2773
f 2783 2784 2780
f 2785 2780 2784
f 2781 2780 2785
f 2790 2795 2796
f 2791 2789 2795
f 2791 2795 2790
f 2797 2791 2790
f 2797 2790 2792
f 2793 2797 2792
f 2792 2790 2794
f 2790 2796 2794
f 2793 2792 2801
f 2801 2792 2794
f 2800 2801 2798
f 3636 2801 2800
f 2803 2799 2795
f 2795 2799 2796
f 2798 2794 2796
f 2798 2796 2799
f 2801 2794 2798
f 3636 2797 2793
f 3636 2793 2801
f 2802 2791 2797
f 2802 2797 3636
f 2802 2803 2789
f 2802 2789 2791
f 2803 2795 2789
f 2806 2812 2804
f 2805 2806 2804
f 2807 2805 2804
f 2810 2806 2805
f 2810 2805 2807
f 2808 2810 2807
f 2807 2804 2809
f 2811 2812 2806
f 2812 2816 2804
f 2813 2810 2808
f 2808 2807 2819
f 2820 2810 2813
f 2820 2811 2806
f 2820 2806 2810
f 2819 2807 2809
f 2819 2809 2815
f 2815 2809 2804
f 2815 2804 2816
f 2814 2815 2816
f 2817 2819 2815
f 2817 2815 2814
f 2817 2818 2819
f 2818 2813 2819
f 2818 2820 2813
f 2820 2821 2811
f 2821 2816 2812
f 2813 2808 2819
f 2811 2821 2812
f 2825 2823 2822
f 2828 2824 2823
f 2828 2823 2825
f 2825 2822 2827
f 2825 2827 2826
f 2829 2824 2828
f 2824 2834 2823
f 2827 2822 2823
f 2827 2823 2834
f 2834 2832 2833
f 2835 2836 2834
f 2835 2834 2833
f 3623 2836 2835
f 2837 2836 3623
f 2831 2832 2829
f 2831 2829 2828
f 2834 2824 2829
f 2834 2829 2832
f 2836 2827 2834
f 2836 2837 2826
f 2836 2826 2827
f 2837 2830 2825
f 2837 2825 2826
f 2830 2831 2828
f 2830 2828 2825
f 2840 2838 2844
f 2840 2844 2839
f 2842 2840 2839
f 2842 2839 2841
f 2843 2842 2841
f 2842 2843 2840
f 2844 2846 2839
f 2849 2843 2841
f 2840 2843 2851
f 2849 2841 2846
f 2846 2841 2839
f 2845 2846 2847
f 2848 2849 2846
f 2848 2846 2845
f 2848 2850 2851
f 2848 2851 2849
f 2850 2852 2851
f 2852 2853 2838
f 2853 2847 2846
f 2853 2846 2844
f 2849 2851 2843
f 2852 2840 2851
f 2852 2838 2840
f 2838 2853 2844
f 2869 2858 2860
f 2858 2869 2854
f 2855 2858 2854
f 2859 2858 2855
f 2856 2859 2855
f 2856 2855 2857
f 2855 2854 2857
f 2859 2860 2858
f 2869 2861 2854
f 2861 2857 2854
f 2863 2864 2861
f 2863 2861 2862
f 2863 2866 2864
f 2865 2866 2863
f 2865 2867 2866
f 2868 2888 2869
f 2888 2862 2861
f 2888 2861 2869
f 2864 2857 2861
f 2866 2856 2857
f 2866 2857 2864
f 2866 2859 2856
f 2867 2860 2859
f 2867 2859 2866
f 2867 2868 2860
f 2868 2869 2860
f 2871 2873 2875
f 2871 2875 2870
f 2871 2870 2872
f 2874 2871 2872
f 2873 2871 2874
f 2870 2876 2872
f 2881 2870 2875
f 2881 2875 2887
f 2876 2870 2881
f 2877 2873 2874
f 2879 2877 2874
f 2878 2875 2873
f 2878 2873 2877
f 2887 2875 2878
f 2879 2874 2872
f 2876 2879 2872
f 2885 2880 2877
f 2880 2886 2878
f 2880 2878 2877
f 2887 2878 2886
f 2883 2876 2881
f 2883 2884 2879
f 2883 2879 2876
f 2884 2882 2879
f 2882 2885 2877
f 2882 2877 2879
f 1335 2882 2884
f 2885 2882 1335
f 2888 2881 2887
f 2888 2883 2881
f 2891 2890 2889
f 2891 2889 2894
f 2891 2894 2895
f 2892 2890 2891
f 2891 2893 2892
f 2895 2893 2891
f 2899 2893 2895
f 2899 2895 2896
f 2900 2893 2899
f 2901 2892 2900
f 2897 2890 2892
f 2897 2892 2901
f 2897 2898 2889
f 2898 2903 2889
f 2896 2895 2903
f 2901 2902 2897
f 2902 2898 2897
f 2895 2894 2903
f 2900 2892 2893
f 2890 2897 2889
f 2889 2903 2894
f 2905 2911 2904
f 2906 2911 2905
f 2911 2906 2908
f 2908 2906 2907
f 2910 2911 2908
f 2906 2909 2907
f 2906 2905 2909
f 2917 2909 2905
f 2912 2908 2907
f 2912 2910 2908
f 2914 2911 2910
f 2914 2910 2912
f 2914 2915 2904
f 2914 2904 2911
f 2915 2916 2905
f 2915 2905 2904
f 2916 2917 2905
f 2912 2907 2913
f 2917 2913 2909
f 2913 2907 2909
f 2919 2924 2929
f 2920 2918 2924
f 2920 2924 2919
f 2921 2920 2919
f 2922 2923 2921
f 2923 2925 2921
f 2921 2919 2926
f 2921 2926 2922
f 2919 2929 2926
f 2921 2925 2920
f 2928 2929 2938
f 2930 2929 2928
f 2930 2931 2922
f 2922 2931 2923
f 2931 2932 2925
f 2931 2925 2923
f 2932 2927 2920
f 2932 2920 2925
f 2937 2918 2920
f 2937 2920 2927
f 2918 2937 2938
f 2918 2938 2924
f 2929 2924 2938
f 2930 2926 2929
f 2930 2922 2926
f 2933 2934 2931
f 2933 2931 2930
f 2934 2935 2931
f 2935 2932 2931
f 2935 2936 2927
f 2935 2927 2932
f 2937 2927 2936
f 2933 2930 2928
f 2941 2940 2939
f 2941 2939 2945
f 2942 2941 2945
f 2946 2941 2942
f 2946 2942 2943
f 2944 2946 2943
f 2946 2944 2947
f 2947 2944 2943
f 2947 2943 2952
f 2948 2941 2946
f 2948 2940 2941
f 2952 2943 2942
f 2952 2942 2949
f 2949 2942 2945
f 2949 2951 2952
f 2951 2947 2952
f 2953 2947 2951
f 2955 2950 2945
f 2955 2945 2939
f 2949 2945 2950
f 2953 2946 2947
f 2948 2946 2953
f 2948 2954 2940
f 2954 2955 2939
f 2954 2939 2940
f 2962 2957 2964
f 2962 2964 2965
f 2957 2956 2964
f 2958 2957 2962
f 2959 2958 2962
f 2960 2958 2959
f 2961 2960 2959
f 2958 2963 2956
f 2958 2956 2957
f 2960 2963 2958
f 2971 2960 2961
f 2961 2959 2970
f 2963 2960 2971
f 2970 2959 2962
f 2970 2962 2967
f 2965 2967 2962
f 2966 2967 2968
f 2985 2970 2967
f 2985 2967 2966
f 2969 2970 2985
f 2969 2971 2970
f 2969 2972 2971
f 2973 2968 2964
f 2964 2968 2965
f 2968 2967 2965
f 2971 2961 2970
f 2972 2963 2971
f 2972 2973 2956
f 2972 2956 2963
f 2973 2964 2956
f 2975 2974 2976
f 2976 2974 2978
f 2978 2977 2976
f 2976 2979 2975
f 2979 2981 2974
f 2979 2974 2975
f 2980 2976 2977
f 2980 2979 2976
f 2983 2978 2974
f 2983 2974 2982
f 2977 2978 2983
f 2981 2982 2974
f 2986 2982 2981
f 2984 2977 2983
f 2984 2980 2977
f 2985 2980 2984
f 2985 2966 2979
f 2985 2979 2980
f 2966 2986 2979
f 2986 2981 2979
f 2989 2987 2988
f 2990 2988 2987
f 2991 2988 2990
f 2992 2989 2988
f 2992 2988 2991
f 2999 2990 2998
f 2993 2991 2990
f 2993 2990 2999
f 2993 3000 2992
f 2993 2992 2991
f 3000 2994 2989
f 3000 2989 2992
f 2994 2995 2989
f 2995 2996 2987
f 2995 2987 2989
f 2997 2987 2996
f 2998 2990 2987
f 2998 2987 2997
f 3000 3001 2994
f 3001 2995 2994
f 2996 2995 3001
f 3003 3020 3002
f 3004 3003 3002
f 3009 3003 3004
f 3006 3009 3004
f 3006 3004 3005
f 3004 3007 3005
f 3002 3008 3007
f 3002 3007 3004
f 3002 3020 3021
f 3021 3008 3002
f 3012 3010 3011
f 3010 3013 3011
f 3014 3015 3013
f 3016 3015 3014
f 3017 3018 3019
f 3007 3008 3011
f 3015 3005 3007
f 3006 3005 3015
f 3009 3019 3003
f 3019 3020 3003
f 3021 3011 3008
f 3012 3011 3021
f 3013 3007 3011
f 3015 3007 3013
f 3016 3006 3015
f 3017 3009 3006
f 3017 3006 3016
f 3017 3019 3009
f 3019 3018 3020
f 3021 3020 3018
f 3021 3018 3012
f 3023 3022 3025
f 3026 3022 3023
f 3024 3026 3023
f 3024 3023 3027
f 3023 3025 3027
f 3022 3028 3030
f 3025 3022 3030
f 3028 3022 3026
f 3028 3026 3029
f 3032 3027 3025
f 3036 3033 3032
f 3036 3032 3040
f 3037 3034 3033
f 3037 3033 3036
f 3037 3035 3034
f 3037 3038 3029
f 3037 3029 3035
f 3038 3039 3028
f 3038 3028 3029
f 3039 3030 3028
f 3039 3040 3031
f 3039 3031 3030
f 3040 3032 3031
f 3031 3025 3030
f 3032 3025 3031
f 3033 3027 3032
f 3034 3024 3027
f 3034 3027 3033
f 3034 3035 3026
f 3034 3026 3024
f 3035 3029 3026
f 3042 3041 3045
f 3043 3044 3042
f 3044 3043 3052
f 3042 3045 3043
f 3042 3053 3041
f 3044 3053 3042
f 3046 3054 3616
f 3050 3051 3049
f 3616 3054 3050
f 3052 3043 3045
f 3049 3044 3052
f 3051 3044 3049
f 3051 3053 3044
f 3053 3054 3041
f 3054 3046 3045
f 3054 3045 3041
f 3047 3045 3046
f 3048 3052 3045
f 3048 3045 3047
f 3049 3052 3048
f 3051 3050 3053
f 3050 3054 3053
f 3058 3059 3056
f 3059 3058 3057
f 3056 3059 3055
f 3055 3064 3056
f 3057 3069 3059
f 3060 3058 3056
f 3061 3064 3062
f 3064 3061 3063
f 3065 3064 3063
f 3066 3060 3065
f 3067 3068 3066
f 3069 3068 3067
f 3069 3061 3062
f 3068 3057 3058
f 3068 3058 3066
f 3068 3069 3057
f 3069 3062 3059
f 3062 3064 3055
f 3062 3055 3059
f 3065 3056 3064
f 3060 3056 3065
f 3066 3058 3060
f 3074 3070 3071
f 3074 3071 3072
f 3074 3072 3073
f 3070 3086 3071
f 3073 3084 3074
f 3076 3074 3084
f 3070 3074 3076
f 3087 3085 3073
f 3087 3073 3072
f 3071 3087 3072
f 3083 3075 3076
f 3079 3080 3085
f 3080 3081 3082
f 3080 3082 3085
f 3081 3083 3084
f 3081 3084 3082
f 3083 3076 3084
f 3075 3070 3076
f 3075 3077 3086
f 3075 3086 3070
f 3078 3086 3077
f 3079 3087 3078
f 3079 3085 3087
f 3078 3071 3086
f 3087 3071 3078
f 3085 3082 3073
f 3082 3084 3073
f 3090 3092 3089
f 3090 3089 3088
f 3088 3091 3090
f 3089 3095 3097
f 3089 3097 3088
f 3094 3093 3092
f 3094 3092 3090
f 3094 3090 3091
f 3093 3095 3092
f 3095 3089 3092
f 3094 3091 3099
f 3099 3091 3088
f 3095 3096 3097
f 3098 3088 3097
f 3099 3088 3098
f 3099 3100 3094
f 3100 3093 3094
f 3096 3095 3093
f 3096 3093 3100
f 3104 3101 3105
f 3104 3105 3102
f 3103 3104 3102
f 3106 3104 3103
f 3102 3109 3103
f 3112 3113 3106
f 3113 3107 3106
f 3115 3101 3107
f 3116 3101 3115
f 3108 3105 3116
f 3110 3105 3108
f 3110 3111 3109
f 3112 3109 3111
f 3113 3114 3107
f 3115 3107 3114
f 3101 3104 3107
f 3116 3105 3101
f 3105 3110 3102
f 3110 3109 3102
f 3109 3112 3103
f 3106 3103 3112
f 3107 3104 3106
f 3119 3117 3118
f 3120 3119 3118
f 3121 3118 3117
f 3123 3122 3118
f 3123 3118 3121
f 3122 3120 3118
f 3124 3122 3123
f 3131 3124 3130
f 3131 3125 3124
f 3130 3123 3121
f 3130 3121 3129
f 3124 3123 3130
f 3124 3125 3122
f 3125 3133 3120
f 3125 3120 3122
f 3133 3126 3119
f 3133 3119 3120
f 3126 3128 3117
f 3126 3117 3119
f 3127 3117 3128
f 3129 3121 3117
f 3129 3117 3127
f 3131 3132 3125
f 3132 3133 3125
f 3133 3134 3126
f 3128 3126 3134
f 3135 3140 3151
f 3136 3140 3135
f 3150 3136 3135
f 3150 3135 3137
f 3141 3150 3137
f 3137 3135 3138
f 3135 3151 3138
f 3136 3150 3139
f 3143 3148 3137
f 3143 3137 3138
f 3148 3149 3141
f 3148 3141 3137
f 3149 3150 3141
f 3145 3139 3150
f 3136 3139 3145
f 3136 3142 3140
f 3151 3140 3142
f 3151 3143 3138
f 3149 3144 3150
f 3145 3150 3144
f 3146 3136 3145
f 3136 3146 3142
f 3147 3151 3142
f 3147 3143 3151
f 3153 3157 3152
f 3154 3153 3152
f 3155 3156 3154
f 3156 3153 3154
f 3153 3158 3160
f 3153 3156 3158
f 3162 3157 3153
f 3157 3165 3152
f 3158 3156 3168
f 3168 3156 3155
f 3168 3155 3159
f 3160 3162 3153
f 3159 3155 3154
f 3159 3154 3165
f 3165 3154 3152
f 3161 3163 3162
f 3164 3165 3163
f 3164 3166 3165
f 3167 3168 3159
f 3167 3159 3166
f 3169 3168 3167
f 3169 3161 3162
f 3169 3158 3168
f 3169 3162 3160
f 3169 3160 3158
f 3162 3163 3157
f 3165 3157 3163
f 3159 3165 3166
f 3170 3186 3187
f 3170 3187 3171
f 3171 3172 3170
f 3185 3175 3171
f 3175 3172 3171
f 3185 3171 3174
f 3185 3174 3173
f 3171 3187 3174
f 3181 3176 3180
f 3181 3182 3177
f 3183 3178 3177
f 3183 3177 3182
f 3183 3184 3178
f 3184 3179 3178
f 3184 3180 3176
f 3184 3176 3179
f 3174 3179 3173
f 3179 3185 3173
f 3181 3172 3175
f 3170 3172 3181
f 3178 3179 3174
f 3179 3176 3185
f 3176 3175 3185
f 3181 3175 3176
f 3177 3170 3181
f 3170 3177 3186
f 3178 3187 3186
f 3178 3186 3177
f 3178 3174 3187
f 3209 3189 3188
f 3209 3188 3208
f 3189 3209 3190
f 3207 3189 3190
f 3192 3207 3190
f 3192 3190 3191
f 3190 3193 3191
f 3209 3193 3190
f 3189 3194 3188
f 3207 3194 3189
f 3201 3195 3206
f 3202 3196 3195
f 3202 3195 3201
f 3203 3197 3196
f 3203 3196 3202
f 3197 3203 3198
f 3204 3198 3203
f 3204 3205 3199
f 3205 3200 3199
f 3201 3206 3200
f 3201 3200 3205
f 3193 3200 3191
f 3200 3206 3192
f 3200 3192 3191
f 3207 3192 3206
f 3196 3194 3207
f 3188 3194 3196
f 3199 3200 3193
f 3195 3207 3206
f 3196 3207 3195
f 3197 3188 3196
f 3188 3197 3198
f 3188 3198 3208
f 3198 3204 3209
f 3198 3209 3208
f 3204 3199 3193
f 3204 3193 3209
f 3210 3214 3211
f 3215 3210 3211
f 3212 3215 3211
f 3215 3213 3210
f 3216 3213 3215
f 3211 3217 3212
f 3217 3218 3212
f 3218 3215 3212
f 3216 3215 3218
f 3219 3213 3216
f 3213 3219 3210
f 3220 3214 3210
f 3220 3210 3219
f 3220 3217 3211
f 3220 3211 3214
f 3223 3221 3222
f 3224 3221 3223
f 3226 3224 3223
f 3225 3226 3223
f 3225 3228 3226
f 3225 3223 3229
f 3225 3229 3227
f 3223 3222 3229
f 3224 3226 3228
f 3224 3228 3240
f 3231 3236 3232
f 3236 3233 3232
f 3238 3227 3229
f 3238 3239 3225
f 3238 3225 3227
f 3239 3234 3228
f 3239 3228 3225
f 3240 3228 3234
f 3241 3224 3240
f 3224 3241 3221
f 3242 3222 3221
f 3242 3221 3241
f 3242 3238 3229
f 3242 3229 3222
f 3233 3237 3238
f 3237 3230 3239
f 3237 3239 3238
f 3230 3234 3239
f 3235 3240 3234
f 3231 3241 3240
f 3231 3240 3235
f 3241 3231 3232
f 3232 3242 3241
f 3232 3233 3238
f 3232 3238 3242
f 3246 3243 3245
f 3247 3244 3243
f 3247 3243 3246
f 3249 3250 3246
f 3249 3246 3248
f 3250 3247 3246
f 3253 3251 3250
f 3253 3250 3249
f 3249 3248 3252
f 3246 3245 3252
f 3246 3252 3248
f 3247 3254 3244
f 3250 3251 3254
f 3250 3254 3247
f 3261 3249 3252
f 3245 3261 3252
f 3257 3254 3251
f 3257 3251 3255
f 3258 3244 3254
f 3258 3254 3257
f 3244 3258 3259
f 3244 3259 3243
f 3260 3245 3243
f 3260 3243 3259
f 3260 3261 3245
f 3261 3262 3249
f 3262 3256 3253
f 3262 3253 3249
f 3255 3251 3253
f 3255 3253 3256
f 3263 3255 3256
f 3264 3257 3255
f 3264 3255 3263
f 3264 3258 3257
f 3258 3264 3265
f 3258 3265 3259
f 3265 3260 3259
f 3266 3261 3260
f 3266 3260 3265
f 3266 3262 3261
f 3266 3263 3256
f 3266 3256 3262
f 3271 3269 3268
f 3271 3268 3277
f 3269 3267 3268
f 3270 3269 3271
f 3272 3270 3271
f 3275 3270 3272
f 3274 3275 3272
f 3274 3272 3273
f 3272 3271 3276
f 3272 3276 3273
f 3271 3277 3276
f 3269 3270 3278
f 3269 3278 3267
f 3275 3278 3270
f 3267 3283 3268
f 3277 3268 3283
f 3279 3275 3274
f 3278 3275 3279
f 3285 3273 3276
f 3277 3285 3276
f 3281 3278 3279
f 3282 3267 3278
f 3282 3278 3281
f 3267 3282 3283
f 3284 3277 3283
f 3284 3285 3277
f 3285 3286 3273
f 3286 3280 3274
f 3286 3274 3273
f 3279 3274 3280
f 3287 3279 3280
f 3287 3280 3288
f 3289 3281 3279
f 3289 3279 3287
f 3290 3282 3281
f 3290 3281 3289
f 3282 3290 3291
f 3282 3291 3283
f 3291 3292 3284
f 3291 3284 3283
f 3292 3285 3284
f 3292 3293 3286
f 3292 3286 3285
f 3288 3280 3286
f 3288 3286 3293
f 3296 3302 3295
f 3294 3302 3296
f 3298 3296 3297
f 3298 3300 3299
f 3300 3298 3297
f 3296 3295 3301
f 3296 3301 3297
f 3296 3298 3303
f 3296 3303 3294
f 3298 3299 3303
f 3309 3304 3310
f 3305 3311 3306
f 3311 3312 3307
f 3311 3307 3306
f 3313 3307 3312
f 3313 3308 3307
f 3310 3304 3308
f 3310 3308 3313
f 3308 3297 3301
f 3308 3304 3300
f 3308 3300 3297
f 3299 3300 3304
f 3299 3304 3309
f 3305 3303 3299
f 3305 3299 3309
f 3306 3294 3303
f 3306 3303 3305
f 3294 3306 3302
f 3307 3295 3302
f 3307 3302 3306
f 3308 3301 3295
f 3308 3295 3307
f 3314 3317 3315
f 3317 3314 3316
f 3316 3314 3318
f 3315 3330 3314
f 3319 3317 3316
f 3330 3315 3317
f 3330 3317 3319
f 3323 3320 3324
f 3327 3321 3326
f 3328 3322 3321
f 3328 3321 3327
f 3324 3320 3322
f 3324 3322 3328
f 3329 3316 3318
f 3321 3314 3330
f 3321 3329 3318
f 3321 3318 3314
f 3322 3320 3316
f 3322 3316 3329
f 3320 3323 3319
f 3320 3319 3316
f 3319 3323 3325
f 3326 3330 3319
f 3326 3319 3325
f 3330 3326 3321
f 3321 3322 3329
f 3331 3337 3351
f 3332 3337 3331
f 3333 3332 3331
f 3334 3333 3331
f 3336 3338 3333
f 3336 3333 3334
f 3336 3334 3335
f 3334 3331 3339
f 3334 3339 3335
f 3331 3351 3339
f 3333 3350 3332
f 3333 3338 3350
f 3346 3340 3341
f 3347 3342 3340
f 3347 3340 3346
f 3347 3343 3342
f 3343 3347 3348
f 3343 3348 3344
f 3348 3353 3344
f 3348 3349 3352
f 3348 3352 3353
f 3349 3345 3352
f 3349 3346 3341
f 3349 3341 3345
f 3352 3335 3339
f 3336 3340 3338
f 3350 3338 3340
f 3351 3352 3339
f 3352 3345 3335
f 3345 3336 3335
f 3342 3350 3340
f 3343 3332 3350
f 3343 3350 3342
f 3332 3343 3344
f 3332 3344 3337
f 3353 3351 3337
f 3353 3337 3344
f 3353 3352 3351
f 3345 3341 3336
f 3341 3340 3336
f 3355 3361 3354
f 3356 3355 3354
f 3356 3354 3359
f 3358 3356 3359
f 3358 3373 3356
f 3358 3359 3357
f 3355 3356 3363
f 3356 3373 3363
f 3360 3361 3355
f 3361 3362 3354
f 3373 3358 3372
f 3372 3358 3357
f 3360 3355 3363
f 3362 3357 3359
f 3362 3359 3354
f 3369 3365 3368
f 3369 3366 3365
f 3360 3374 3361
f 3374 3362 3361
f 3374 3375 3362
f 3375 3372 3357
f 3375 3357 3362
f 3364 3372 3371
f 3367 3373 3372
f 3367 3372 3364
f 3368 3363 3373
f 3368 3373 3367
f 3365 3360 3363
f 3365 3363 3368
f 3365 3374 3360
f 3365 3366 3374
f 3366 3370 3375
f 3366 3375 3374
f 3370 3371 3372
f 3370 3372 3375
f 3377 3382 3380
f 3376 3377 3380
f 3378 3379 3377
f 3378 3377 3376
f 3381 3379 3378
f 3381 3382 3377
f 3381 3377 3379
f 3378 3376 3383
f 3383 3376 3380
f 3385 3391 3381
f 3391 3392 3381
f 3389 3384 3383
f 3389 3383 3388
f 3390 3385 3384
f 3390 3384 3389
f 3390 3391 3385
f 3388 3380 3387
f 3383 3380 3388
f 3384 3378 3383
f 3385 3381 3378
f 3385 3378 3384
f 3381 3392 3382
f 3392 3386 3382
f 3386 3387 3380
f 3386 3380 3382
f 3397 3393 3396
f 3394 3393 3397
f 3394 3397 3395
f 3402 3394 3400
f 3400 3394 3395
f 3393 3394 3402
f 3400 3395 3397
f 3398 3397 3399
f 3398 3400 3397
f 3401 3400 3398
f 3407 3402 3401
f 3403 3402 3407
f 3404 3405 3399
f 3405 3398 3399
f 3406 3398 3405
f 3401 3398 3406
f 3404 3399 3397
f 3404 3397 3396
f 3402 3400 3401
f 3403 3393 3402
f 3403 3408 3393
f 3408 3404 3396
f 3408 3396 3393
f 3410 3409 3414
f 3412 3410 3411
f 3411 3416 3412
f 3411 3410 3417
f 3411 3417 3413
f 3410 3414 3417
f 3412 3409 3410
f 3409 3425 3414
f 3415 3416 3411
f 3415 3411 3413
f 3424 3412 3416
f 3425 3409 3412
f 3425 3412 3424
f 3419 3417 3414
f 3418 3419 3414
f 3420 3417 3419
f 3420 3421 3413
f 3420 3413 3417
f 3421 3422 3415
f 3421 3415 3413
f 3422 3423 3416
f 3422 3416 3415
f 3424 3416 3423
f 3425 3418 3414
f 3428 3429 3436
f 3428 3436 3427
f 3430 3429 3428
f 3430 3428 3435
f 3428 3431 3435
f 3431 3428 3427
f 3431 3427 3426
f 3429 3430 3434
f 3429 3434 3436
f 3432 3427 3436
f 3432 3436 3433
f 3426 3427 3432
f 3442 3434 3430
f 3435 3442 3430
f 3438 3435 3431
f 3438 3431 3426
f 3437 3438 3439
f 3440 3441 3438
f 3440 3438 3437
f 2835 3442 3441
f 2835 3441 3440
f 2835 3443 3445
f 2835 3445 3442
f 3443 3444 3445
f 3444 3446 3447
f 3444 3447 3445
f 3446 3432 3447
f 3439 3432 3446
f 3439 3426 3432
f 3438 3426 3439
f 3441 3435 3438
f 3441 3442 3435
f 3445 3434 3442
f 3445 3436 3434
f 3445 3447 3433
f 3445 3433 3436
f 3432 3433 3447
f 3452 3450 3449
f 3451 3452 3449
f 3455 3454 3452
f 3455 3452 3451
f 3451 3449 3453
f 3450 3452 3456
f 3450 3456 3448
f 3452 3454 3456
f 3460 3449 3450
f 3457 3451 3453
f 3457 3453 3449
f 3457 3449 3460
f 3458 3459 3457
f 3458 3457 3460
f 3459 3462 3457
f 3461 3462 3459
f 3463 3464 3462
f 3463 3462 3461
f 3465 3464 3463
f 3458 3460 3467
f 3460 3450 3467
f 3457 3462 3451
f 3462 3455 3451
f 3464 3454 3455
f 3464 3455 3462
f 3465 3456 3454
f 3465 3454 3464
f 3465 3466 3448
f 3465 3448 3456
f 3467 3450 3448
f 3467 3448 3466
f 3475 3469 3468
f 3476 3470 3475
f 3470 3469 3475
f 3473 3469 3470
f 3473 3470 3471
f 3472 3471 3474
f 3471 3470 3474
f 3476 3474 3470
f 3469 3477 3468
f 3473 3477 3469
f 3473 3471 3483
f 3483 3471 3472
f 3478 3479 3480
f 3482 3483 3481
f 3484 3483 3482
f 3485 3486 3487
f 3486 3478 3480
f 3486 3480 3487
f 3487 3480 3476
f 3487 3476 3475
f 3480 3479 3474
f 3480 3474 3476
f 3472 3474 3479
f 3472 3479 3481
f 3483 3472 3481
f 3484 3473 3483
f 3473 3484 3485
f 3473 3485 3477
f 3487 3468 3477
f 3487 3477 3485
f 3487 3475 3468
f 3491 3489 3490
f 3491 3488 3489
f 3492 3493 3491
f 3493 3492 3494
f 3496 3497 3493
f 3496 3493 3494
f 3496 3494 3495
f 3494 3492 3498
f 3494 3498 3495
f 3492 3491 3490
f 3492 3490 3498
f 3493 3499 3488
f 3493 3488 3491
f 3493 3497 3499
f 3506 3497 3496
f 3499 3497 3506
f 3503 3495 3498
f 3490 3503 3498
f 3500 3488 3499
f 3500 3499 3507
f 3488 3500 3501
f 3488 3501 3489
f 3502 3490 3489
f 3502 3489 3501
f 3502 3503 3490
f 3503 3504 3495
f 3504 3505 3496
f 3504 3496 3495
f 3505 3506 3496
f 3507 3499 3506
f 3511 3512 3508
f 3511 3508 3510
f 3512 3509 3508
f 3513 3512 3511
f 3514 3513 3511
f 3520 3513 3514
f 3520 3514 3516
f 3516 3514 3515
f 3514 3511 3517
f 3514 3517 3515
f 3511 3510 3517
f 3513 3518 3509
f 3513 3509 3512
f 3513 3520 3518
f 3519 3510 3508
f 3517 3510 3519
f 3523 3519 3522
f 3524 3519 3523
f 3521 3509 3518
f 3521 3518 3528
f 3509 3521 3522
f 3509 3522 3508
f 3519 3508 3522
f 3524 3517 3519
f 3524 3525 3515
f 3524 3515 3517
f 3525 3526 3516
f 3525 3516 3515
f 3527 3520 3516
f 3527 3516 3526
f 3528 3518 3520
f 3528 3520 3527
f 3531 3530 3533
f 3530 3532 3533
f 3533 3532 3534
f 3537 3533 3534
f 3530 3529 3532
f 3531 3533 3537
f 3531 3537 3538
f 3535 3530 3531
f 3535 3536 3529
f 3535 3529 3530
f 3531 3538 3535
f 3534 3532 3536
f 3529 3536 3532
f 3540 3534 3536
f 3540 3536 3539
f 3540 3537 3534
f 3546 3537 3540
f 3546 3541 3538
f 3546 3538 3537
f 3535 3538 3541
f 3541 3542 3535
f 3542 3539 3536
f 3542 3536 3535
f 3547 3543 3539
f 3547 3539 3542
f 3539 3543 3544
f 3544 3540 3539
f 3545 3540 3544
f 3546 3540 3545
f 3546 3675 3541
f 3541 3675 3547
f 3547 3542 3541
f 3551 3550 3549
f 3551 3549 3552
f 3554 3552 3553
f 3554 3556 3551
f 3554 3551 3552
f 3552 3555 3553
f 3549 3548 3555
f 3549 3555 3552
f 3560 3551 3556
f 3550 3551 3560
f 3550 3561 3549
f 3548 3549 3561
f 3562 3548 3557
f 3558 3559 3554
f 3559 3565 3560
f 3565 3566 3560
f 3566 3567 3561
f 3557 3548 3561
f 3557 3561 3567
f 3563 3558 3562
f 3563 3564 3558
f 3564 3559 3558
f 3564 3565 3559
f 3562 3555 3548
f 3558 3553 3555
f 3558 3555 3562
f 3554 3553 3558
f 3554 3559 3556
f 3559 3560 3556
f 3560 3566 3550
f 3566 3561 3550
f 3570 3571 3577
f 3570 3577 3569
f 3571 3579 3568
f 3571 3568 3577
f 3572 3573 3571
f 3572 3571 3570
f 3574 3579 3571
f 3574 3571 3573
f 3575 3573 3572
f 3574 3573 3575
f 3572 3570 3576
f 3570 3569 3576
f 3586 3577 3568
f 3577 3582 3569
f 3578 3574 3575
f 3579 3574 3578
f 3579 3586 3568
f 3572 3576 3580
f 3582 3580 3576
f 3582 3576 3569
f 3581 3582 3577
f 3583 3572 3580
f 3584 3575 3572
f 3584 3572 3583
f 3578 3575 3584
f 3585 3579 3578
f 3585 3586 3579
f 3586 3581 3577
f 3589 3588 3597
f 3589 3590 3587
f 3589 3587 3588
f 3591 3590 3589
f 3593 3590 3591
f 3593 3591 3592
f 3593 3592 3594
f 3595 3593 3594
f 3598 3593 3595
f 3592 3591 3596
f 3592 3596 3594
f 3589 3597 3596
f 3589 3596 3591
f 3593 3598 3590
f 3603 1259 3588
f 3603 3588 3587
f 1259 3597 3588
f 3602 3590 3598
f 3602 3603 3587
f 3602 3587 3590
f 1259 3599 3597
f 3599 3600 3596
f 3599 3596 3597
f 3601 3594 3596
f 3601 3596 3600
f 3601 3631 3595
f 3601 3595 3594
f 3630 3598 3595
f 3630 3595 3631
f 3602 3598 3630
f 2121 2115 1902
f 2121 1902 1904
f 1910 1909 1867
f 2334 1866 1871
f 2334 1871 2336
f 2335 2332 2207
f 2335 2207 2206
f 2298 2296 2210
f 2298 2210 2209
f 2235 2209 2208
f 2235 2208 2237
f 3604 2206 2205
f 1867 3604 1910
f 3604 1867 1866
f 3604 1866 2334
f 3604 2334 2335
f 3604 2335 2206
f 2122 2121 1904
f 2122 1904 1911
f 1911 1910 3604
f 1911 3604 2122
f 2205 2118 2122
f 2205 2122 3604
f 1908 1868 1867
f 1908 1867 1909
f 1868 1853 1852
f 1868 1852 1869
f 1908 1842 1853
f 1908 1853 1868
f 2256 2204 2210
f 2256 2210 2259
f 2204 2256 2118
f 2204 2118 2205
f 2210 2296 2259
f 2294 2259 2296
f 2256 2117 2118
f 2349 2119 2117
f 2349 2117 2345
f 2490 2496 2255
f 2490 2255 2254
f 2496 2345 2255
f 2255 2345 2117
f 2255 2117 2256
f 2490 2254 2491
f 2495 2346 2345
f 2495 2345 2496
f 2513 2254 2261
f 2513 2261 2514
f 2505 2514 2294
f 2505 2294 2292
f 2514 2261 2259
f 2514 2259 2294
f 2491 2254 2513
f 2491 2513 2512
f 1851 1825 1869
f 1851 1869 1852
f 1870 1869 1825
f 1870 1825 1824
f 1890 1849 1848
f 1890 1848 1891
f 2017 2016 1888
f 2017 1888 1886
f 1891 1848 1892
f 2226 2225 2120
f 2226 2120 2113
f 2377 2347 2348
f 2119 2349 2226
f 2119 2226 2113
f 2377 2217 2218
f 2377 2218 2347
f 1906 1848 1842
f 1906 1842 1908
f 2017 1886 1887
f 2017 1887 2011
f 2225 2224 1905
f 2225 1905 1902
f 2225 1902 2115
f 2225 2115 2120
f 2512 2511 2492
f 2512 2492 2491
f 2508 2505 2292
f 2508 2292 2293
f 2671 2493 2669
f 2346 2495 2524
f 2346 2524 2523
f 2523 2530 2350
f 2523 2350 2346
f 2524 2495 2494
f 2524 2494 2525
f 2373 2377 2348
f 2222 1906 1905
f 2222 1905 2224
f 1929 1828 1827
f 1929 1827 1921
f 1922 1921 1827
f 1922 1827 1826
f 1979 1977 1926
f 1979 1926 1925
f 2031 2029 1829
f 2031 1829 1828
f 1828 1929 2031
f 2031 1929 1928
f 2031 1928 3643
f 1944 1928 1927
f 1928 1944 1949
f 1928 1949 3643
f 2026 2024 3605
f 1977 1976 1958
f 1977 1958 1963
f 1963 1924 1926
f 1963 1926 1977
f 1945 1944 1927
f 1945 1927 1924
f 1924 1963 1966
f 1924 1966 1945
f 1945 1966 2886
f 1945 2886 2880
f 2886 1966 1965
f 2886 1965 2887
f 2880 2885 1946
f 2880 1946 1945
f 2888 1965 2862
f 2888 2887 1965
f 2888 2868 2883
f 2862 1965 1964
f 1964 2848 2862
f 2862 2848 2845
f 2862 2845 2863
f 2848 1964 2850
f 1964 1958 1976
f 1964 1976 2850
f 2850 1976 1978
f 2850 1978 2852
f 2954 2948 2853
f 2955 2954 2853
f 2955 2853 2852
f 2948 2953 2847
f 2948 2847 2853
f 2955 1995 1998
f 2955 1998 2950
f 1999 1995 1978
f 1999 1978 1980
f 1995 2955 2852
f 1995 2852 1978
f 1975 3606 1980
f 2016 2001 3606
f 2016 3606 1888
f 2016 2015 1994
f 2016 1994 2001
f 2015 2014 1996
f 2015 1996 1994
f 2013 2140 2139
f 2013 2139 2014
f 2014 2139 2145
f 2014 2145 1996
f 2145 2144 1997
f 2145 1997 1996
f 1997 2144 2950
f 1997 2950 1998
f 2949 2950 2144
f 2949 2144 2143
f 2973 2142 2141
f 2973 2141 2968
f 2951 2949 2143
f 2951 2143 3607
f 2966 2968 2141
f 2986 2966 2141
f 2986 2141 2131
f 3128 3608 3127
f 2985 2984 2969
f 2993 2982 2986
f 2993 2986 3000
f 3000 2986 2131
f 3001 3000 2131
f 3001 2131 2140
f 1906 2222 1892
f 1906 1892 1848
f 2222 2220 1887
f 2222 1887 1892
f 2098 2010 2011
f 2098 2011 2103
f 2304 2587 2591
f 2304 2591 2293
f 2614 2605 2591
f 2614 2591 2590
f 2304 2302 2587
f 2293 2591 2605
f 2293 2605 2508
f 2508 2605 2613
f 2508 2613 2509
f 2588 2697 2589
f 2615 2614 2590
f 2615 2590 2635
f 2615 2635 2628
f 2635 2590 2589
f 2635 2589 2636
f 2628 2640 2616
f 2628 2616 2615
f 2712 2708 2618
f 2712 2618 2617
f 2713 2712 2617
f 2713 2617 2616
f 2730 2697 2696
f 2730 2696 2729
f 2697 2730 2636
f 2697 2636 2589
f 2733 2637 2636
f 2733 2636 2730
f 2731 2729 2696
f 2783 2696 2695
f 2783 2695 2784
f 3347 2783 2788
f 2784 2270 2271
f 2784 2271 2785
f 2785 2271 2276
f 2785 2276 2781
f 2270 2784 2695
f 2695 2694 2272
f 2695 2272 2270
f 2320 2318 2302
f 2320 2302 2300
f 2302 2318 2319
f 2302 2319 2587
f 2587 2319 2325
f 2587 2325 2588
f 2588 2325 2694
f 2209 2235 2300
f 2209 2300 2298
f 2300 2235 2320
f 2320 2235 2242
f 3609 2511 2510
f 2510 2509 2618
f 2708 2707 2618
f 2767 2763 2715
f 2649 2707 2716
f 2649 2716 3610
f 2768 2767 2715
f 2768 2715 2714
f 3161 2655 2654
f 3161 2654 3163
f 3163 2654 3610
f 3163 3610 3611
f 3161 2656 2655
f 2492 2511 3609
f 2492 3609 2672
f 2672 3609 3612
f 2672 3612 2673
f 3216 2657 2656
f 3216 2656 3161
f 2676 2494 2493
f 2676 2493 2671
f 2525 2494 2676
f 2525 2676 2675
f 3061 2675 2674
f 3061 2674 3063
f 2675 3061 2526
f 2675 2526 2525
f 3061 3069 2527
f 3061 2527 2526
f 2560 2529 2528
f 2560 2528 2559
f 2561 2559 2528
f 2561 2528 2527
f 2560 2566 2543
f 2560 2543 2542
f 2566 2544 2543
f 2530 2542 2541
f 2530 2541 2350
f 2542 2530 2529
f 2542 2529 2560
f 2566 2565 2545
f 2566 2545 2544
f 3069 2562 2561
f 3069 2561 2527
f 3219 3169 3167
f 3219 3216 3161
f 3219 3161 3169
f 3217 3613 3614
f 3217 3614 3218
f 3069 3067 2563
f 3069 2563 2562
f 2936 2548 2547
f 2936 2547 2937
f 2548 2936 2162
f 2548 2162 2161
f 2541 2549 3615
f 3615 2372 2373
f 3615 2373 2348
f 3615 2348 2350
f 3615 2350 2541
f 2374 2372 2160
f 2374 2160 2165
f 3615 2161 2160
f 3615 2160 2372
f 2161 3615 2549
f 2161 2549 2548
f 2937 2547 2545
f 2937 2545 2938
f 2935 2162 2936
f 3096 2565 2563
f 3096 2563 3097
f 2565 3096 2938
f 2565 2938 2545
f 3096 2928 2938
f 3098 3079 3078
f 3098 3078 3099
f 3098 3097 3080
f 3098 3080 3079
f 3097 2563 3067
f 3097 3067 3080
f 2359 2356 2219
f 2359 2219 2217
f 2103 2011 1887
f 2103 1887 2220
f 2220 2219 2104
f 2220 2104 2103
f 2219 2356 2363
f 2219 2363 2104
f 2363 2358 2105
f 2363 2105 2104
f 2362 2105 2358
f 2217 2377 2376
f 2217 2376 2359
f 2374 2357 2359
f 2374 2359 2376
f 2357 2374 2165
f 2360 2357 2165
f 2360 2165 2164
f 2361 2360 2164
f 2164 2105 2362
f 2164 2362 2361
f 2164 2163 2101
f 2164 2101 2105
f 2174 2181 2101
f 2163 2174 2101
f 2174 2163 2162
f 2174 2162 2175
f 2162 2935 2175
f 2934 2177 2175
f 2934 2175 2935
f 3018 2178 2177
f 3018 2177 3012
f 3012 2177 2934
f 3012 2934 2933
f 2010 2098 2102
f 2010 2102 2012
f 2996 3001 2179
f 2996 2179 2178
f 2178 3018 2996
f 3018 3017 2997
f 3018 2997 2996
f 2999 2983 2982
f 2999 2982 2993
f 3050 3617 3616
f 3096 3100 2933
f 3096 2933 2928
f 3616 3037 3046
f 3038 3014 3013
f 3038 3013 3039
f 2933 3100 3010
f 2933 3010 3012
f 3100 3013 3010
f 3013 3100 3039
f 3100 3099 3040
f 3100 3040 3039
f 3099 3078 3040
f 3078 3077 3040
f 3080 3067 3066
f 3080 3066 3081
f 3180 3066 3065
f 3081 3066 3180
f 3081 3180 3184
f 3184 3083 3081
f 3204 3203 3182
f 3204 3182 3181
f 3217 3618 3613
f 3205 3204 3181
f 3205 3181 3180
f 3220 3618 3217
f 3149 3148 3166
f 3167 3618 3220
f 3167 3220 3219
f 3201 3619 3620
f 3201 3620 3202
f 3144 3149 3166
f 3144 3166 3164
f 3611 3144 3164
f 3611 3164 3163
f 3144 3611 3145
f 2694 2325 2272
f 3312 2640 2639
f 3312 2639 3313
f 2640 3312 2616
f 2616 3312 3311
f 2616 3311 2713
f 2714 2713 3311
f 2714 3311 2769
f 2714 2769 2768
f 3311 3305 2770
f 3311 2770 2769
f 3323 3309 3310
f 3323 3310 3325
f 3324 2770 3323
f 3323 2770 3305
f 3323 3305 3309
f 3611 3621 3146
f 3611 3146 3145
f 3621 3142 3146
f 3230 2639 2638
f 3230 2638 3234
f 3235 3234 2638
f 3235 2638 2637
f 3237 3313 2639
f 3237 2639 3230
f 3288 3233 3236
f 3288 3236 3287
f 3346 3349 3236
f 3346 3236 3231
f 3349 3287 3236
f 3349 3289 3287
f 3235 2728 2732
f 3235 2732 3231
f 2728 3235 2637
f 2728 2637 2733
f 3231 2732 3346
f 3346 2732 2731
f 3347 3346 2731
f 3348 3347 2788
f 3348 2788 2782
f 3370 3290 3289
f 3370 3289 3371
f 3289 3349 3348
f 3289 3348 3371
f 3364 3371 3348
f 3348 2782 3367
f 3348 3367 3364
f 3368 3367 2782
f 3368 2782 2787
f 3292 3291 3666
f 3292 3666 3264
f 2276 2747 2781
f 2781 2747 2752
f 2781 2752 2786
f 3502 3501 3421
f 3502 3421 3458
f 3446 2273 2272
f 3446 2272 3439
f 3439 2272 2325
f 3437 3439 2325
f 3437 2325 2324
f 2323 2320 2242
f 2323 2242 2240
f 2237 2208 3622
f 2237 3622 2238
f 2438 2240 2239
f 2438 2239 2440
f 2457 2455 2240
f 2240 2455 2456
f 2240 2456 2323
f 2457 2240 2438
f 2457 2438 2439
f 2459 2457 2439
f 2459 2439 2447
f 2447 2478 2477
f 2447 2477 2459
f 2477 2461 2459
f 2479 2478 2447
f 2479 2447 2445
f 3440 3623 2835
f 3437 2324 3623
f 3437 3623 3440
f 2477 2475 2462
f 2477 2462 2461
f 2835 2833 3443
f 3423 2275 2274
f 3423 2274 3424
f 3503 3502 3458
f 3503 3458 3467
f 3424 2274 3446
f 3424 3446 3444
f 3446 2274 2273
f 3444 3443 3425
f 3444 3425 3424
f 3418 2833 2832
f 3418 2832 3419
f 3418 3425 3443
f 3418 3443 2833
f 3459 3458 3421
f 3459 3421 3420
f 3500 3507 3404
f 3500 3404 3408
f 3390 3501 3500
f 3390 3500 3391
f 3504 3503 3467
f 3504 3467 3466
f 3507 3506 3405
f 3507 3405 3404
f 3459 3420 3419
f 3419 2832 3459
f 3461 3459 2832
f 3461 2832 2831
f 2831 2462 2475
f 2831 2475 3461
f 2462 2831 2830
f 2462 2830 2463
f 3461 2475 2481
f 3461 2481 3463
f 2062 3624 1829
f 2062 1829 2068
f 1829 2029 2068
f 2069 2068 2029
f 2069 2029 2032
f 2083 2032 2896
f 2083 2896 2084
f 2083 2069 2032
f 2082 2070 2069
f 2082 2069 2083
f 2081 2071 2070
f 2081 2070 2082
f 3625 1824 3624
f 1824 3625 1870
f 3115 1948 1947
f 3115 1947 3116
f 2899 3605 2900
f 3625 2337 1870
f 1870 2337 2336
f 1870 2336 1871
f 2442 2441 2338
f 2442 2338 2337
f 3626 2442 2337
f 3627 3486 3628
f 3627 3478 3486
f 3405 3628 3629
f 3523 3522 3484
f 3523 3484 3482
f 3521 3406 3405
f 3521 3405 3629
f 3522 3629 3485
f 3522 3485 3484
f 2896 3605 2899
f 2896 2903 2084
f 2898 2085 2084
f 2898 2084 2903
f 3114 3113 2901
f 3114 2901 2900
f 3562 2902 3563
f 3557 2898 2902
f 3557 2902 3562
f 2902 2901 3113
f 2902 3113 3563
f 3564 3563 3113
f 3564 3113 3112
f 2085 2898 3557
f 2085 3557 3567
f 3567 3566 2086
f 3567 2086 2085
f 3578 3566 3565
f 3578 3565 3585
f 3566 3578 3584
f 3566 3584 2086
f 3584 3583 2087
f 3584 2087 2086
f 3580 3545 3544
f 3580 3544 3583
f 3583 3544 2087
f 2443 2411 2409
f 2443 2409 2445
f 2411 2443 3632
f 2411 3632 2412
f 2479 2445 2409
f 2479 2409 2406
f 2421 2406 2403
f 2421 2403 2420
f 2421 3633 2406
f 2391 2390 2067
f 2391 2067 2071
f 2403 2404 2389
f 2403 2389 2388
f 3633 2912 2913
f 2917 2481 2480
f 2917 2480 2913
f 2914 2912 2427
f 2914 2427 3676
f 2403 2388 2420
f 2396 2422 2420
f 2396 2420 2388
f 2422 2396 2798
f 2422 2798 2799
f 2798 2396 2394
f 2798 2394 2800
f 2803 2423 2422
f 2803 2422 2799
f 2088 2087 3544
f 2088 3544 3543
f 2814 2803 2802
f 2814 2802 2817
f 2814 2423 2803
f 2816 2425 2423
f 2816 2423 2814
f 3525 3524 2820
f 2818 3634 2820
f 2820 3524 3642
f 2820 3642 2821
f 3478 3627 3635
f 3478 3635 3479
f 2481 2917 2916
f 2481 2916 3463
f 3463 2916 2915
f 3463 2915 3465
f 3505 3504 3627
f 3505 3627 3628
f 3504 3466 3627
f 3627 3466 3465
f 3627 3465 3635
f 3486 3485 3629
f 3486 3629 3628
f 3635 3465 2915
f 3635 2915 2914
f 2914 3676 3635
f 3636 3637 2081
f 3636 2081 2088
f 2392 2391 2071
f 3636 2800 3637
f 2800 2394 2392
f 2800 2392 3637
f 3637 2392 2071
f 3637 2071 2081
f 3638 3543 3547
f 2817 2802 3638
f 2817 3638 3639
f 3638 3636 2088
f 3638 2088 3543
f 2802 3636 3638
f 3639 2818 2817
f 3547 3634 3638
f 1974 1979 1812
f 1812 1925 1922
f 1812 1922 1808
f 1849 1890 1809
f 1890 1881 1810
f 3293 3640 3288
f 3233 3288 3640
f 3233 3640 3237
f 3263 3327 3326
f 3347 2731 2696
f 3347 2696 2783
f 2493 2492 2672
f 2493 2672 2669
f 2613 2618 2509
f 2654 2649 3610
f 3610 2716 2715
f 3610 2715 2763
f 2763 2771 3610
f 3611 3610 2771
f 3611 2771 2770
f 2770 3324 3621
f 2770 3621 3611
f 3166 3619 3618
f 3166 3618 3167
f 3143 3619 3166
f 3143 3166 3148
f 3619 3143 3147
f 3619 3147 3620
f 3142 3621 3620
f 3142 3620 3147
f 3328 3621 3324
f 3612 3218 3614
f 3612 3614 2673
f 2349 2347 2218
f 2349 2218 2226
f 3622 2440 2239
f 3622 2239 2238
f 2332 2339 3622
f 2332 3622 2207
f 2338 2441 3622
f 2338 3622 2339
f 3632 2389 2404
f 3632 2404 2412
f 2047 2052 3632
f 2047 3632 3626
f 2390 2052 2051
f 2390 2051 2067
f 2323 2456 3623
f 2323 3623 2324
f 2429 3633 2421
f 3633 2429 2428
f 3633 2428 2427
f 2427 2912 3633
f 2913 3641 3633
f 3641 2406 3633
f 2480 3641 2913
f 3641 2480 2479
f 3641 2479 2406
f 3608 3128 3134
f 2142 2973 3607
f 2142 3607 2143
f 3134 2973 2972
f 3608 2972 2969
f 3001 2140 2013
f 2276 2275 2749
f 2276 2749 2747
f 3388 2750 2749
f 3388 2749 3389
f 3389 2749 2275
f 3389 2275 3423
f 3501 3390 3422
f 3501 3422 3421
f 3524 3523 3642
f 2425 2816 2821
f 2425 2821 3642
f 3639 3634 2818
f 3643 1949 1948
f 3643 1948 3115
f 3643 3115 3114
f 3605 2024 3643
f 3643 3114 2900
f 3643 2900 3605
f 1826 1825 1851
f 1826 1851 1850
f 1808 1850 1849
f 1808 1849 1809
f 1826 1850 1808
f 1826 1808 1922
f 1979 1925 1812
f 1810 1881 3644
f 1811 1810 3644
f 1975 1889 3606
f 3644 1881 1889
f 1975 1811 3644
f 1975 3644 1889
f 1811 1975 1974
f 3606 2001 2000
f 1980 3606 2000
f 1980 2000 1999
f 3606 1889 1888
f 3647 3649 3645
f 3648 3646 3645
f 3648 3645 3649
f 3650 3649 3647
f 3651 3649 3650
f 3652 3648 3649
f 3652 3649 3651
f 3650 3653 3651
f 3658 3654 3648
f 3658 3648 3652
f 3654 3646 3648
f 3652 3651 3657
f 3652 3657 3658
f 3657 3651 3653
f 3656 3653 3650
f 3656 3650 3661
f 3657 3653 3656
f 3654 3663 3646
f 3663 3659 3645
f 3663 3645 3646
f 3655 3647 3645
f 3655 3645 3659
f 3661 3650 3647
f 3661 3647 3655
f 3660 3655 3659
f 3661 3655 3660
f 3665 3657 3656
f 3665 1790 3658
f 3665 3658 3657
f 1790 3662 3654
f 1790 3654 3658
f 3662 3663 3654
f 3663 3660 3659
f 3660 3663 3040
f 3660 3040 3077
f 3662 3036 3040
f 3662 3040 3663
f 3047 1734 1742
f 3047 1742 3048
f 3046 1736 1734
f 3046 1734 3047
f 3046 3037 3664
f 3046 3664 1736
f 3660 3077 3075
f 3656 3661 1676
f 3656 1676 3665
f 3665 1791 1790
f 1790 1738 1737
f 1790 1737 3662
f 3664 1737 1736
f 3672 1771 1676
f 3672 1676 3661
f 3672 3661 3660
f 3672 3660 3075
f 3083 3184 1583
f 3183 1583 3184
f 3182 1584 1583
f 3182 1583 3183
f 1584 3182 1567
f 1584 1567 1566
f 3203 1562 1567
f 3182 3203 1567
f 1767 1578 1584
f 1767 1584 1566
f 1766 1658 1578
f 1766 1578 1767
f 3620 3621 84
f 3620 84 83
f 3621 3328 76
f 3621 76 84
f 82 986 1765
f 82 1765 83
f 986 82 81
f 986 81 987
f 987 81 1020
f 1020 81 79
f 1020 79 1021
f 3203 3202 1765
f 3203 1765 1562
f 1765 3202 3620
f 1765 3620 83
f 1765 1563 1562
f 1021 79 1546
f 3265 1468 1467
f 3265 1467 3266
f 1547 1546 79
f 1547 79 76
f 1547 76 3328
f 1547 3328 3327
f 3266 1467 1548
f 3327 3263 1547
f 3266 1548 1547
f 3266 1547 3263
f 3265 1469 1468
f 3666 3291 63
f 3666 63 61
f 61 1500 1786
f 61 1786 3666
f 3290 64 63
f 3290 63 3291
f 3290 3370 3366
f 3290 3366 64
f 1500 61 66
f 1500 66 1501
f 3366 3369 64
f 1501 66 1502
f 66 64 46
f 66 46 53
f 64 3369 46
f 3369 3368 46
f 1502 66 53
f 1502 53 52
f 52 1762 1503
f 52 1503 1502
f 1762 52 51
f 1762 51 1760
f 2787 47 46
f 2787 46 3368
f 2786 47 2787
f 2786 2752 2751
f 2786 2751 47
f 1760 51 49
f 1760 49 1409
f 2751 49 47
f 2750 3388 3387
f 2750 3387 3667
f 3386 3667 3387
f 3407 3668 3403
f 3392 3408 3403
f 3392 3403 3386
f 3423 3422 3390
f 3423 3390 3389
f 3408 3392 3391
f 3408 3391 3500
f 3522 3521 3629
f 1391 3668 1288
f 1391 1288 1295
f 3401 3669 3668
f 3401 3668 3407
f 3521 28 26
f 1291 32 31
f 1291 31 1247
f 1291 1288 34
f 1291 34 32
f 3521 26 3401
f 3521 3401 3406
f 1259 3603 1260
f 3670 1758 1248
f 3671 3670 1248
f 3671 1248 1247
f 3631 3546 3545
f 3631 3545 3580
f 3630 3631 3580
f 3630 3580 3582
f 3630 3582 3581
f 2885 1335 1340
f 2885 1340 1339
f 2885 1339 1946
f 1946 1339 1338
f 1946 1338 1947
f 3116 1947 1338
f 3116 1338 1337
f 3108 3116 1337
f 3108 1337 1336
f 3108 1336 1181
f 3108 1181 3110
f 3110 1181 1196
f 3111 3110 1196
f 3111 7 9
f 3111 9 3112
f 1196 10 7
f 1196 7 3111
f 3112 9 3564
f 3564 9 3565
f 9 3586 3585
f 9 3585 3565
f 3586 9 14
f 3586 14 3581
f 10 1196 1195
f 10 1195 1262
f 1262 1261 11
f 1262 11 10
f 1261 1260 12
f 1261 12 11
f 3603 13 12
f 3603 12 1260
f 13 3603 3602
f 13 3602 3630
f 3630 3581 14
f 3630 14 13
f 3672 3075 3083
f 1771 3672 1644
f 1771 1644 1643
f 1583 1582 3672
f 1583 3672 3083
f 1582 1770 3672
f 3672 1770 1644
f 1335 1787 1341
f 2884 1746 1787
f 2884 1787 1335
f 2884 2883 2865
f 2884 2865 1746
f 2883 2868 2867
f 2883 2867 2865
f 2863 1083 1082
f 2863 1082 2865
f 2953 2951 1099
f 2953 1099 1094
f 2953 1094 229
f 2953 229 2847
f 3131 1100 3132
f 3607 3134 2951
f 1099 2951 3134
f 1099 3134 3133
f 1099 3133 3132
f 3130 211 1100
f 3130 1100 3131
f 3129 212 211
f 3129 211 3130
f 3129 3127 1327
f 3129 1327 212
f 3127 3608 1319
f 3127 1319 1327
f 2969 1322 1319
f 2969 1319 3608
f 1772 1724 3674
f 1713 1727 1726
f 1322 2969 2984
f 3673 2984 2983
f 3673 2983 3617
f 2999 3617 2983
f 3617 2999 2998
f 3617 2998 3616
f 3616 2998 2997
f 3616 2997 3017
f 3616 3017 3016
f 3037 3616 3016
f 3037 3016 3014
f 3014 3038 3037
f 3037 3036 3664
f 3036 3662 1737
f 3036 1737 3664
f 1772 1740 1739
f 229 1094 1102
f 1083 2863 2845
f 1083 2845 229
f 2845 2847 229
f 49 2751 1410
f 49 1410 1409
f 3506 3505 3628
f 3506 3628 3405
f 3669 3401 26
f 3669 26 34
f 3669 34 1288
f 3669 1288 3668
f 3668 1391 1390
f 1385 3667 3668
f 1385 3668 1390
f 1410 3667 1385
f 2751 2750 3667
f 2751 3667 1410
f 3667 3386 3403
f 3667 3403 3668
f 28 3521 3528
f 28 3528 3675
f 3634 3547 3527
f 3638 3634 3639
f 3547 3675 3527
f 1727 1713 3674
f 3674 1724 1727
f 3674 3049 3048
f 3050 3049 3673
f 3050 3673 3617
f 1713 1323 3674
f 3673 1322 2984
f 3049 3674 3673
f 3674 1323 1322
f 3674 1322 3673
f 1489 1786 1499
f 3546 3631 3601
f 3546 3601 3675
f 3671 1247 31
f 3671 31 29
f 3675 29 28
f 3671 29 3675
f 3671 3675 3601
f 3528 3527 3675
f 3634 3527 3526
f 3634 3526 3525
f 3634 3525 2820
f 1443 1466 1786
f 1443 1786 1444
f 1786 1466 1469
f 1469 3265 3666
f 1469 3666 1786
f 3264 3666 3265
f 3264 3263 3292
f 3292 3263 3326
f 3326 3325 3293
f 3326 3293 3292
f 3325 3310 3640
f 3325 3640 3293
f 3640 3310 3313
f 3640 3313 3237
f 1763 686 685
f 455 454 1763
f 316 1777 1773
f 315 1777 316
f 656 1773 1777
f 656 1777 651
f 1773 656 655
f 1773 655 1774
f 636 634 1777
f 655 654 1775
f 655 1775 1774
f 1778 1777 634
f 1778 634 635
f 1778 635 665
f 666 1776 1778
f 666 1778 665
f 666 1779 1776
f 722 652 1776
f 722 1776 1779
f 652 722 721
f 721 690 1775
f 721 1775 652
f 1775 690 688
f 1775 688 1774
f 316 1773 1769
f 316 1769 313
f 1769 1774 688
f 1769 688 687
f 1769 687 586
f 1769 586 585
f 3523 3482 3481
f 3523 3481 3642
f 3642 3676 2425
f 3642 3481 3479
f 3642 3479 3676
f 2425 3676 2426
f 3676 3479 3635
f 1764 1063 1071
f 699 700 571
f 699 571 569
f 1764 572 571
f 1764 571 700
f 2013 2012 2179
f 2013 2179 3001
f 2102 2101 2181
f 2102 2181 2180
f 2012 2102 2180
f 2012 2180 2179
f 3622 2441 2440
f 2208 2207 3622
f 2390 2389 3632
f 2390 3632 2052
f 2050 2062 2067
f 2050 2067 2051
f 2049 3624 2062
f 2049 2062 2050
f 2048 3625 3624
f 2048 3624 2049
f 2048 2047 2337
f 2048 2337 3625
f 3626 2337 2047
f 2443 2442 3626
f 2443 3626 3632
f 270 1749 277
f 585 584 313
f 585 313 1769
f 672 1789 1640
f 672 1640 1781
f 672 670 1789
f 1055 1642 1789
f 1055 1789 1049
f 1642 1640 1789
f 2707 2649 2652
f 2707 2652 2618
f 2653 2510 2618
f 2653 2618 2652
f 2658 3609 2510
f 2658 2510 2653
f 3612 3609 2658
f 3612 2658 2657
f 3619 3201 3618
f 3618 3201 3205
f 3618 3205 3613
f 3180 3065 3613
f 3180 3613 3205
f 3614 3613 3065
f 3065 3063 3614
f 2657 3216 3218
f 2657 3218 3612
f 2674 2673 3614
f 2674 3614 3063
f 2464 2837 3623
f 2464 3623 2456
f 2463 2830 2837
f 2463 2837 2464
f 944 891 890
f 944 890 1751
f 889 751 1751
f 889 1751 890
f 895 1750 751
f 895 751 889
f 1750 895 894
f 1423 1412 1753
f 1423 1753 1424
f 1423 1759 1412
f 1426 1759 1423
f 1374 1759 1426
f 1374 1426 1425
f 1373 1408 1759
f 1373 1759 1374
f 1424 1750 894
f 1424 894 1422
f 1753 1275 911
f 1753 911 910
f 274 360 365
f 274 365 3677
f 1749 274 3677
f 1749 3677 1755
f 3601 3600 3671
f 3600 3599 3670
f 3600 3670 3671
f 1259 3670 3599
f 1258 1758 3670
f 1258 3670 1259
f 1258 1263 1758
f 1263 1207 1758
f 1757 1207 1206
f 1206 1212 1756
f 1206 1756 1757
f 364 437 3677
f 364 3677 365
f 1755 3677 437
f 1755 437 436
f 436 1756 1755
f 1756 1212 1755
f 1184 1336 1342
f 1184 402 1185
f 395 394 402
f 393 401 394
f 1205 1748 401
f 1205 401 400
f 1755 1205 400
f 1755 400 277
f 1194 1748 1211
f 401 1748 1180
f 401 1180 394
f 1180 1185 402
f 1180 402 394
f 1679 1780 1680
f 1679 1678 1642
f 1679 1642 1780
f 1771 1642 1678
f 3665 1676 1683
f 3665 1683 1682
f 3665 1682 1791
f 1791 1698 1739
f 1697 1739 1698
f 1696 1772 1739
f 1696 1739 1697
f 1772 1696 1723
f 1723 1724 1772
f 1699 1698 1791
f 1699 1791 3678
f 3678 1791 1682
f 3678 1682 1681
f 1784 1699 3678
f 1681 1680 3678
f 3678 1680 1780
f 3678 1780 1052
f 3048 1742 3674
f 3674 1742 1741
f 3674 1741 1772
f 3134 3607 2973
f 3134 2972 3608

