# Web-optimized pebbled sphere model
# Reduced from 20736 to 5999 triangles
v -0.701145 1.284188 0.145235
v -0.560633 1.296549 0.506979
v -0.579103 1.281820 0.295083
v -0.466048 1.114468 0.536138
v -0.062094 1.054285 0.738734
v 0.087613 1.156035 0.664107
v 0.150543 1.151455 0.657633
v -0.417122 0.707915 0.287578
v -0.261225 0.736463 0.112975
v -0.145598 0.622935 0.394952
v -0.580171 0.563301 -0.132367
v -0.452691 0.588464 -0.329225
v -0.504359 0.581762 0.058892
v -0.485015 0.670743 -0.153602
v -0.298790 0.430557 0.031921
v -0.190459 0.467611 -0.168164
v -0.135580 0.456197 -0.163328
v -0.094281 0.489117 0.284955
v 0.063431 0.423183 -0.032755
v 0.061381 0.386046 0.235522
v 0.257285 0.419357 0.052891
v 0.233543 0.516877 0.431747
v -0.637474 1.407503 0.027540
v -0.459248 1.572810 -0.187570
v -0.498232 1.413606 0.152007
v -0.332994 1.412522 0.299708
v -0.138780 1.592314 0.028728
v -0.054400 1.510788 0.513577
v 0.176129 1.537208 0.196680
v 0.164258 1.331440 0.556729
v 0.422985 1.460094 0.290872
v -0.603290 1.034089 -0.225224
v -0.630732 1.222846 -0.101510
v -0.434278 1.166587 -0.474137
v -0.487795 1.228961 0.034051
v -0.062778 1.079072 -0.334216
v 0.032025 1.140773 0.339391
v 0.291971 0.817626 0.242675
v 0.478045 1.002617 -0.031336
v 0.497546 0.997641 -0.036767
v -0.476856 0.726868 -0.417247
v -0.254213 0.812500 -0.629563
v -0.131430 0.559008 -0.293763
v 0.031157 0.721882 -0.516277
v 0.143024 0.502235 -0.167292
v 0.138781 0.636777 -0.028727
v 0.296305 0.507383 -0.042183
v 0.461168 0.660424 -0.275570
v 0.480701 0.662283 0.187157
v -0.413245 1.667106 -0.273337
v -0.073128 1.748382 -0.366888
v -0.048005 1.714241 -0.103418
v 0.085585 1.737171 -0.283875
v 0.120402 1.733767 -0.285112
v 0.190460 1.761479 0.168164
v 0.348472 1.695493 -0.149386
v 0.437967 1.603266 0.143779
v 0.535093 1.627541 -0.056430
v 0.496373 1.652332 -0.057611
v 0.587390 1.482460 0.219545
v -0.351265 1.284844 -0.569273
v -0.154282 1.373864 -0.681056
v 0.044766 1.249038 -0.461542
v 0.217501 1.336526 -0.570489
v 0.124951 1.601011 -0.405669
v 0.583498 1.261807 -0.332990
v 0.613021 1.256655 -0.325569
v -0.267961 0.960702 -0.703046
v -0.074744 1.048118 -0.805117
v -0.114626 1.069152 -0.660252
v 0.256982 0.982832 -0.697995
v 0.393555 0.976023 -0.428162
v 0.424568 0.954279 -0.600230
v 0.603921 1.113574 -0.420693
v 0.653519 0.771335 -0.243749
v 0.697159 0.936304 -0.144512
v 0.692374 0.915709 -0.377634
v -0.690924 1.282763 0.152736
v -0.714610 1.252021 0.152131
v -0.718718 1.239540 0.158071
v -0.728643 1.203073 0.181608
v -0.725734 1.215066 0.172809
v -0.731194 1.164719 0.230036
v -0.731275 1.173335 0.217197
v -0.729647 1.157444 0.271632
v -0.723067 1.143280 0.285471
v -0.732671 1.191753 0.306076
v -0.719229 1.256525 0.340970
v -0.725280 1.236693 0.330965
v -0.697093 1.343744 0.348326
v -0.682869 1.414850 0.292054
v -0.655792 1.454791 0.254238
v -0.665108 1.446473 0.259115
v -0.685208 1.391405 0.162724
v -0.600893 1.282971 0.256830
v -0.619341 1.284215 0.227766
v -0.610848 1.283755 0.242517
v -0.647768 1.286659 0.189361
v -0.680928 1.290417 0.155210
v -0.608733 1.484036 0.282555
v -0.629497 1.474228 0.263601
v -0.566799 1.489128 0.326921
v -0.582350 1.488603 0.309900
v -0.532559 1.469290 0.373090
v -0.522825 1.454775 0.423584
v -0.722904 1.142007 0.272232
v -0.676929 1.100448 0.343335
v -0.694931 1.110287 0.320163
v -0.637505 1.098654 0.388153
v -0.657361 1.096456 0.366513
v -0.627680 1.101216 0.398414
v -0.606993 1.113091 0.417994
v -0.599519 1.303158 0.486230
v -0.580798 1.300143 0.498050
v -0.609591 1.304705 0.479063
v -0.679098 1.312510 0.399325
v -0.646175 1.309296 0.442148
v -0.338711 1.242615 0.446720
v -0.436408 1.196162 0.436144
v -0.428168 1.209769 0.432052
v -0.444648 1.182554 0.440236
v -0.459178 1.143946 0.461735
v -0.456399 1.155918 0.453115
v -0.459755 1.104557 0.500231
v -0.461936 1.121993 0.480278
v -0.447399 1.086081 0.533876
v -0.469116 1.117694 0.537528
v -0.473644 1.141159 0.546766
v -0.470119 1.183568 0.562404
v -0.442340 1.276819 0.578785
v -0.467109 1.198535 0.567721
v -0.427627 1.368267 0.543596
v -0.432797 1.325813 0.567184
v -0.406092 1.413286 0.513234
v -0.371563 1.438518 0.489960
v -0.398504 1.418957 0.508027
v -0.401354 1.395443 0.443522
v -0.407335 1.369191 0.431397
v -0.115598 1.204179 0.573308
v -0.188968 1.216018 0.521653
v -0.309061 1.237067 0.458036
v -0.401431 1.244029 0.428274
v -0.294520 1.456274 0.523481
v -0.330924 1.450968 0.506906
v -0.216380 1.449229 0.563535
v -0.255324 1.456044 0.542764
v -0.159076 1.423434 0.597937
v -0.071670 1.326365 0.614624
v -0.077141 1.232033 0.598013
v -0.082647 1.127967 0.653616
v -0.170714 1.373061 0.670281
v -0.214853 1.149422 0.713053
v -0.445837 1.084877 0.523942
v -0.388738 1.045994 0.565343
v -0.313441 1.026113 0.606759
v -0.209476 1.039772 0.656189
v -0.238123 1.031443 0.643446
v -0.251691 1.245176 0.699114
v -0.404552 1.271961 0.617989
v -0.313685 1.256807 0.674520
v 0.058282 1.124265 0.672318
v 0.035719 1.099567 0.680372
v 0.005297 1.065735 0.694903
v 0.014405 1.075976 0.689766
v -0.022960 1.033338 0.715405
v -0.033561 1.020135 0.731029
v -0.070361 1.063692 0.741936
v -0.084628 1.148333 0.759642
v -0.087244 1.118809 0.754849
v -0.060800 1.219235 0.771116
v -0.066884 1.244200 0.757632
v -0.054126 1.284780 0.742317
v -0.046579 1.297143 0.736563
v -0.029199 1.319470 0.725067
v -0.019365 1.329435 0.719325
v 0.034637 1.353950 0.696306
v 0.284022 1.121270 0.668000
v 0.267099 1.124813 0.662680
v 0.293322 1.119463 0.672772
v 0.215332 1.136351 0.656070
v 0.149469 1.151666 0.657025
v 0.014472 1.348076 0.703990
v 0.129723 1.364100 0.698905
v 0.107957 1.368012 0.696526
v 0.213171 1.323478 0.712100
v 0.173257 1.353133 0.704166
v 0.288240 1.070413 0.699907
v 0.301006 1.101387 0.686393
v 0.190471 1.251205 0.769334
v 0.145617 1.104224 0.797951
v -0.021034 1.028309 0.717810
v 0.012967 0.984828 0.735075
v 0.020243 0.982859 0.735940
v 0.054828 0.970439 0.740320
v 0.085833 0.968934 0.743432
v 0.116409 0.973041 0.746020
v 0.148605 0.983346 0.748205
v 0.022911 1.192419 0.800921
v 0.107221 1.173461 0.804088
v 0.022009 1.192747 0.802254
v -0.020474 1.201616 0.793261
v -0.065278 1.199595 0.773130
v -0.641710 0.887078 -0.123838
v -0.651408 0.886869 -0.120573
v -0.662648 0.861206 -0.100723
v -0.666306 0.852531 -0.091834
v -0.676577 0.822707 -0.038472
v -0.674488 0.829558 -0.053116
v -0.678768 0.811978 -0.006591
v -0.695450 0.835335 0.074826
v -0.677212 0.799999 0.059676
v -0.703465 0.854194 0.089188
v -0.719189 0.945041 0.150339
v -0.718011 0.914862 0.131445
v -0.720367 0.975220 0.169233
v -0.722749 1.065687 0.145186
v -0.722282 1.040578 0.166410
v -0.691925 1.141296 0.046908
v -0.719112 1.111238 0.101029
v -0.703126 1.135317 0.059074
v -0.681848 1.056841 -0.064666
v -0.670651 1.001101 -0.098269
v -0.517615 0.816146 -0.012048
v -0.521557 0.816418 -0.023392
v -0.534624 0.820051 -0.052076
v -0.561062 0.833247 -0.090540
v -0.602336 0.862261 -0.121177
v -0.638764 0.893504 -0.126038
v -0.657778 1.159490 0.080297
v -0.630220 1.157645 0.114267
v -0.591801 1.123919 0.156193
v -0.512226 0.946618 0.126653
v -0.522774 0.865337 -0.011868
v -0.498792 0.783441 0.049265
v -0.566557 1.047239 0.294626
v -0.572982 0.913439 0.327243
v -0.542011 0.754357 0.225462
v -0.673061 0.794048 0.041685
v -0.649917 0.761953 0.075166
v -0.629978 0.741909 0.093577
v -0.598205 0.721109 0.121812
v -0.568181 0.712427 0.147711
v -0.553210 0.714835 0.160523
v -0.596851 0.964270 0.331142
v -0.658330 0.991879 0.292821
v -0.647958 0.987839 0.302614
v -0.686398 1.000954 0.253171
v -0.701783 1.005028 0.224484
v -0.340588 0.745338 0.105128
v -0.366012 0.717306 0.118085
v -0.386317 0.693283 0.146183
v -0.396877 0.676607 0.206197
v -0.395377 0.679663 0.190219
v -0.390609 0.676851 0.275354
v -0.445837 0.775093 0.335936
v -0.433323 0.739228 0.310578
v -0.450923 0.877713 0.403053
v -0.452972 0.813341 0.361863
v -0.450550 0.887122 0.409052
v -0.450016 0.962546 0.416737
v -0.437732 0.951740 0.432115
v -0.451309 1.016162 0.382655
v -0.428159 1.050478 0.343924
v -0.448760 1.028046 0.373100
v -0.381746 1.057768 0.306416
v -0.409300 1.057354 0.326129
v -0.389944 0.971763 0.204732
v -0.027586 0.702593 0.252366
v -0.083027 0.699903 0.196750
v -0.127573 0.703782 0.164873
v -0.176602 0.712362 0.138723
v -0.251512 0.732229 0.112799
v -0.311024 0.754169 0.105354
v -0.293049 1.080788 0.361268
v -0.355618 1.068793 0.323350
v -0.196281 1.072135 0.414558
v -0.245311 1.080715 0.388408
v -0.149384 1.055649 0.437890
v -0.092544 1.023089 0.463740
v -0.013594 0.642494 0.353918
v -0.009361 0.653501 0.307771
v -0.072210 0.989271 0.535222
v -0.132394 0.813178 0.559838
v -0.133541 0.738353 0.518235
v -0.384472 0.667261 0.256001
v -0.323215 0.634919 0.300967
v -0.243828 0.615211 0.343607
v -0.166247 0.617790 0.384236
v -0.198624 0.887677 0.574151
v -0.298988 0.910929 0.544058
v -0.257179 0.902161 0.560217
v -0.399802 0.924999 0.475503
v -0.339759 0.918064 0.522313
v -0.394425 0.925109 0.482535
v 0.233240 0.682563 0.366134
v 0.147662 0.655682 0.378182
v 0.109937 0.629892 0.394143
v 0.097635 0.622750 0.401157
v 0.066910 0.613074 0.430651
v 0.014635 0.649083 0.503818
v 0.035861 0.621107 0.488576
v -0.004244 0.674742 0.528748
v -0.024054 0.745267 0.578695
v -0.019176 0.817622 0.621811
v -0.003847 0.875177 0.640473
v 0.000300 0.886954 0.638217
v 0.028350 0.931603 0.622696
v 0.108914 0.964647 0.575719
v 0.076535 0.959526 0.594934
v 0.157872 0.838269 0.451027
v 0.146552 0.715410 0.393512
v 0.363846 0.706390 0.399835
v 0.376094 0.715915 0.415223
v 0.344865 0.696511 0.384000
v 0.320150 0.688658 0.371348
v 0.306473 0.685438 0.366106
v 0.275120 0.682925 0.361469
v 0.242316 0.684095 0.362295
v 0.195656 0.686391 0.370728
v 0.201200 0.993938 0.573636
v 0.171027 0.985124 0.567543
v 0.320996 0.973705 0.585500
v 0.261757 1.001705 0.583546
v 0.392137 0.869205 0.508475
v 0.398814 0.813957 0.472116
v 0.334716 0.660508 0.464703
v 0.244205 0.938848 0.667253
v 0.218111 0.782349 0.645173
v 0.277825 0.692961 0.563500
v 0.047307 0.611206 0.472801
v 0.069101 0.600909 0.487597
v 0.081451 0.598920 0.491026
v 0.122311 0.598111 0.502519
v 0.153042 0.604890 0.511191
v 0.209474 0.629327 0.526845
v 0.167738 0.853080 0.678514
v 0.105183 0.861463 0.685108
v 0.058302 0.864251 0.679288
v 0.002751 0.860337 0.652933
v 0.011458 0.861798 0.659181
v -0.507414 0.601068 -0.313939
v -0.521927 0.583522 -0.287689
v -0.541990 0.556350 -0.220627
v -0.535521 0.565787 -0.249452
v -0.546176 0.550612 -0.205910
v -0.553535 0.537376 -0.146294
v -0.584754 0.566800 -0.128611
v -0.601951 0.586341 -0.110586
v -0.616644 0.607145 -0.092667
v -0.622060 0.617475 -0.084430
v -0.627477 0.627804 -0.076194
v -0.637350 0.662950 -0.051174
v -0.635822 0.654926 -0.056631
v -0.643900 0.713966 -0.094911
v -0.636312 0.677784 -0.042439
v -0.643879 0.730819 -0.119974
v -0.627290 0.749394 -0.174173
v -0.601562 0.750314 -0.216648
v -0.351600 0.519557 -0.262110
v -0.351464 0.519065 -0.258913
v -0.372224 0.535862 -0.292590
v -0.414782 0.565103 -0.322434
v -0.391559 0.549656 -0.309894
v -0.453401 0.589194 -0.331594
v -0.496148 0.614083 -0.328130
v -0.571620 0.741194 -0.210834
v -0.509725 0.694810 -0.170867
v -0.575022 0.739913 -0.206927
v -0.355881 0.541683 -0.224289
v -0.460491 0.535131 0.051011
v -0.420917 0.496738 0.020479
v -0.545411 0.533967 -0.162573
v -0.520859 0.506696 -0.134114
v -0.498739 0.489254 -0.119474
v -0.487105 0.481803 -0.112147
v -0.475472 0.474352 -0.104821
v -0.452654 0.463360 -0.091238
v -0.431796 0.456431 -0.079504
v -0.416001 0.454012 -0.071243
v -0.512344 0.586767 0.060173
v -0.534353 0.600884 0.059267
v -0.546096 0.608607 0.055977
v -0.569239 0.624027 0.046279
v -0.580638 0.631723 0.039870
v -0.624182 0.662888 -0.013898
v -0.601003 0.645914 0.020973
v -0.210319 0.455995 -0.157278
v -0.225741 0.446414 -0.142154
v -0.240183 0.437005 -0.120536
v -0.246974 0.432478 -0.108175
v -0.257775 0.424979 -0.078356
v -0.267765 0.417604 -0.030401
v -0.265484 0.419375 -0.046073
v -0.242728 0.401678 0.031714
v -0.318734 0.446019 0.052492
v -0.347868 0.481967 0.095795
v -0.353300 0.523645 0.139783
v -0.354409 0.516163 0.132247
v -0.356182 0.549303 0.123855
v -0.354286 0.543265 0.134846
v -0.348134 0.575504 0.059684
v -0.348792 0.569633 0.073051
v -0.294635 0.582689 -0.006511
v -0.299509 0.583185 -0.003055
v -0.280271 0.552171 -0.109618
v 0.035916 0.426381 -0.069176
v 0.007359 0.430430 -0.097392
v -0.027377 0.435978 -0.123292
v -0.066322 0.442793 -0.144063
v -0.145736 0.458168 -0.166057
v -0.244163 0.582333 -0.015925
v -0.142734 0.575581 0.035585
v -0.165302 0.578748 0.023734
v -0.097957 0.567746 0.059467
v -0.004582 0.540512 0.111827
v 0.087925 0.459942 0.021543
v 0.042857 0.386303 0.085001
v -0.011660 0.536808 0.194636
v -0.061713 0.451639 0.269410
v -0.054293 0.400046 0.195983
v -0.072056 0.384979 0.161747
v -0.262347 0.410496 0.002180
v -0.213919 0.389022 0.042790
v -0.149283 0.374477 0.077971
v -0.073827 0.373397 0.115554
v -0.120401 0.495324 0.285112
v -0.177671 0.507761 0.275091
v -0.257234 0.522556 0.240003
v -0.320769 0.531276 0.185833
v 0.180098 0.394848 0.065351
v 0.168509 0.389607 0.072034
v 0.156920 0.384366 0.078716
v 0.125827 0.372862 0.110045
v 0.101885 0.366877 0.149321
v 0.072693 0.376624 0.220641
v 0.042703 0.423386 0.296960
v 0.045692 0.410880 0.278075
v 0.053718 0.458082 0.339365
v 0.048726 0.449929 0.330664
v 0.086862 0.490997 0.337000
v 0.078243 0.485388 0.360018
v 0.212513 0.526214 0.248145
v 0.214844 0.441821 0.080084
v 0.354610 0.442060 0.094512
v 0.380017 0.452844 0.126292
v 0.331341 0.434540 0.075501
v 0.304963 0.427774 0.061588
v 0.263206 0.419790 0.051381
v 0.224007 0.413463 0.054384
v 0.184387 0.517432 0.249932
v 0.386095 0.576281 0.299650
v 0.334771 0.569244 0.275060
v 0.242494 0.537789 0.436355
v 0.225275 0.447648 0.388214
v 0.244682 0.403616 0.309280
v 0.125350 0.360576 0.217338
v 0.094340 0.365063 0.189299
v 0.176275 0.365719 0.241657
v 0.156369 0.362995 0.232309
v 0.231109 0.382440 0.265396
v 0.216168 0.515836 0.434292
v 0.156438 0.508056 0.428963
v 0.090979 0.489159 0.388850
v 0.115216 0.498552 0.411654
v -0.524503 1.530200 -0.170737
v -0.571686 1.475857 -0.127383
v -0.609354 1.430260 -0.061843
v -0.626490 1.407873 -0.009440
v -0.631831 1.399234 0.029161
v -0.642740 1.420221 0.043860
v -0.642378 1.449348 0.071415
v -0.615247 1.518026 0.117839
v -0.625705 1.499070 0.106998
v -0.578951 1.587454 0.106446
v -0.582264 1.581689 0.112559
v -0.555967 1.626777 0.064481
v -0.538270 1.647876 0.038224
v -0.482562 1.690953 -0.021763
v -0.504093 1.676707 -0.004627
v -0.493479 1.607596 -0.171676
v -0.339379 1.603007 -0.083697
v -0.367928 1.597117 -0.136009
v -0.389379 1.591861 -0.159479
v -0.414092 1.585348 -0.176559
v -0.453652 1.574396 -0.189208
v -0.486816 1.565087 -0.187087
v -0.431665 1.721897 -0.015812
v -0.437491 1.717689 -0.018359
v -0.390948 1.738609 0.007740
v -0.329286 1.739863 0.055685
v -0.365569 1.744360 0.024657
v -0.286822 1.701392 0.000998
v -0.441837 1.536604 0.276263
v -0.484216 1.429215 0.198462
v -0.522980 1.405812 0.196099
v -0.626340 1.399418 0.010672
v -0.616039 1.380781 0.051740
v -0.608500 1.377656 0.063241
v -0.591122 1.374273 0.086116
v -0.581282 1.374016 0.097491
v -0.557709 1.380195 0.118062
v -0.532232 1.391861 0.135307
v -0.461167 1.568667 0.275570
v -0.527970 1.563496 0.239238
v -0.504931 1.565431 0.257827
v -0.575821 1.557781 0.172947
v -0.549515 1.561290 0.214833
v -0.180158 1.559394 0.047948
v -0.244434 1.498488 0.103303
v -0.289334 1.439205 0.184495
v -0.304847 1.404921 0.247811
v -0.296805 1.382094 0.299880
v -0.343612 1.424762 0.310941
v -0.348058 1.471470 0.341099
v -0.344861 1.484644 0.348037
v -0.322555 1.523888 0.364202
v -0.291166 1.588658 0.342524
v -0.288162 1.562469 0.375702
v -0.280310 1.617282 0.314007
v -0.242244 1.671490 0.250599
v -0.172794 1.716514 0.177498
v -0.163168 1.701278 0.078444
v -0.158361 1.661659 0.036240
v 0.143671 1.549074 0.152285
v 0.066034 1.568644 0.085240
v -0.033774 1.583914 0.041336
v -0.106020 1.590569 0.028643
v -0.073954 1.735946 0.195732
v -0.151069 1.721080 0.185720
v 0.007462 1.727274 0.237016
v -0.033067 1.734367 0.215400
v 0.045130 1.715107 0.259244
v 0.089698 1.691771 0.289151
v 0.177504 1.641664 0.260137
v 0.198688 1.599179 0.226667
v 0.003384 1.396238 0.523303
v 0.010365 1.353876 0.489118
v -0.296073 1.389675 0.272717
v -0.234727 1.344317 0.339507
v -0.190755 1.329083 0.367992
v -0.091977 1.319337 0.415640
v -0.142037 1.320558 0.393975
v -0.026037 1.328412 0.437180
v -0.077645 1.514369 0.510877
v -0.169447 1.529742 0.478922
v -0.159670 1.528004 0.485002
v -0.267536 1.547598 0.409602
v -0.236837 1.541740 0.437415
v 0.314474 1.425250 0.352570
v 0.267200 1.369134 0.420556
v 0.250255 1.348748 0.447273
v 0.218965 1.309982 0.506375
v 0.206597 1.293658 0.538507
v 0.158625 1.335634 0.560237
v 0.128532 1.385493 0.579890
v 0.124616 1.451597 0.585214
v 0.123185 1.439157 0.585404
v 0.134458 1.477269 0.581231
v 0.134643 1.505086 0.555596
v 0.159274 1.562732 0.499865
v 0.144050 1.534340 0.529408
v 0.180057 1.587513 0.469027
v 0.205027 1.607043 0.438932
v 0.255054 1.628263 0.390734
v 0.304364 1.598554 0.317024
v 0.334004 1.550579 0.296895
v 0.517467 1.398878 0.335391
v 0.522531 1.391254 0.347903
v 0.495419 1.420384 0.308800
v 0.472935 1.435936 0.296243
v 0.484177 1.428160 0.302521
v 0.415314 1.464039 0.289572
v 0.363531 1.481396 0.300196
v 0.290288 1.633182 0.386106
v 0.255633 1.627033 0.397851
v 0.338013 1.621242 0.399903
v 0.325216 1.627126 0.395253
v 0.417188 1.555141 0.437864
v 0.493131 1.487676 0.405808
v 0.518598 1.460915 0.369666
v 0.411874 1.228217 0.550789
v 0.433420 1.535008 0.447615
v 0.345102 1.474485 0.573731
v 0.371274 1.260515 0.603603
v 0.366085 1.226311 0.589674
v 0.230829 1.275572 0.534826
v 0.253332 1.246333 0.552449
v 0.307147 1.217086 0.565197
v 0.349740 1.211780 0.566826
v 0.372780 1.216315 0.564447
v 0.303448 1.399773 0.623537
v 0.215628 1.430387 0.629370
v 0.163199 1.451373 0.614113
v 0.137526 1.463902 0.594876
v -0.461658 1.132024 -0.455952
v -0.484700 1.103560 -0.435115
v -0.529853 1.049228 -0.375675
v -0.508090 1.075178 -0.407968
v -0.563630 1.010444 -0.304649
v -0.548647 1.027316 -0.340232
v -0.580018 0.993660 -0.248323
v -0.615081 1.055661 -0.206368
v -0.634279 1.129019 -0.153699
v -0.624063 1.245336 -0.114270
v -0.614928 1.285457 -0.118233
v -0.585062 1.345203 -0.175051
v -0.538505 1.392015 -0.239588
v -0.512957 1.407039 -0.269536
v -0.490810 1.415849 -0.293448
v -0.465109 1.391862 -0.358040
v -0.455062 1.271395 -0.441009
v -0.256888 1.130440 -0.431219
v -0.284829 1.132702 -0.472730
v -0.274567 1.131275 -0.463519
v -0.321077 1.138894 -0.493591
v -0.308084 1.136511 -0.487766
v -0.382791 1.153000 -0.493027
v -0.351186 1.145419 -0.496934
v -0.451291 1.444098 -0.293751
v -0.397399 1.470614 -0.272620
v -0.358019 1.471492 -0.253262
v -0.347032 1.466179 -0.246685
v -0.324989 1.448562 -0.232015
v -0.254143 1.345515 -0.309187
v -0.236968 1.253437 -0.371602
v -0.472032 1.171000 0.024816
v -0.453539 1.049272 -0.028510
v -0.435789 0.970013 -0.102589
v -0.569306 0.989089 -0.269906
v -0.543829 0.938361 -0.232587
v -0.553497 0.949466 -0.239736
v -0.522865 0.919514 -0.218191
v -0.511567 0.911772 -0.210945
v -0.486886 0.905448 -0.197358
v -0.474415 0.906656 -0.191424
v -0.446348 0.915504 -0.179368
v -0.536619 1.240133 0.034621
v -0.510484 1.234452 0.037344
v -0.549815 1.242812 0.031322
v -0.574067 1.246837 0.016177
v -0.609505 1.249732 -0.036203
v -0.594196 1.249104 -0.007274
v -0.044489 1.074791 -0.335396
v -0.125470 1.009553 -0.297942
v -0.157977 0.972189 -0.264835
v -0.208282 0.910816 -0.175067
v -0.186203 0.938534 -0.222953
v -0.217661 0.898617 -0.150126
v -0.243590 0.887825 -0.072882
v -0.234231 0.871561 -0.046313
v -0.285179 0.927425 -0.014080
v -0.296566 0.948484 0.002822
v -0.315211 0.993578 0.036994
v -0.324472 1.043227 0.070649
v -0.314684 1.142234 0.127806
v -0.323736 1.094147 0.101559
v -0.284636 1.211892 0.159861
v -0.290418 1.248822 0.117279
v -0.259206 1.329905 0.042335
v -0.279073 1.290329 0.082183
v -0.230980 1.363559 0.000453
v -0.196261 1.389066 -0.040691
v -0.158763 1.405796 -0.078070
v -0.125271 1.414099 -0.107120
v -0.105803 1.331951 -0.240397
v -0.069780 1.293879 -0.283239
v -0.081582 1.207708 -0.319060
v 0.258819 1.035179 -0.206983
v 0.284986 1.032844 -0.170318
v 0.174214 1.046874 -0.283602
v 0.065640 1.067000 -0.330101
v -0.013735 1.084036 -0.340571
v -0.054929 1.437007 -0.095543
v 0.048287 1.447505 -0.046540
v 0.150120 1.419342 0.009961
v 0.216579 1.373861 0.052574
v 0.273864 1.318600 0.028547
v 0.307954 1.259548 -0.019724
v 0.331108 1.196699 -0.029556
v 0.326140 1.136269 -0.101466
v 0.146297 0.826174 0.115025
v 0.177671 0.829438 0.060719
v 0.271307 0.917921 -0.063101
v 0.198904 1.306076 0.200009
v 0.142451 1.238767 0.283773
v 0.108492 1.200309 0.312112
v 0.068289 1.073650 0.333345
v 0.108520 0.876975 0.221175
v 0.079171 0.828392 0.173042
v -0.220023 0.865500 -0.074939
v -0.173179 0.821323 -0.023857
v -0.101210 0.790847 0.018314
v 0.005152 0.782578 0.072850
v 0.086434 0.802205 0.109033
v 0.013736 1.145054 0.340571
v -0.037665 1.156375 0.336706
v -0.121289 1.172956 0.311829
v -0.220909 1.189262 0.247290
v -0.291823 1.180322 0.162979
v 0.461008 0.975731 -0.022393
v 0.423125 0.920706 0.009923
v 0.369869 0.853597 0.080364
v 0.327196 0.812566 0.167333
v 0.305488 0.801196 0.235411
v 0.271721 0.846207 0.274752
v 0.262933 0.864891 0.291969
v 0.254144 0.883575 0.309187
v 0.239471 0.951609 0.357017
v 0.245313 1.067761 0.412228
v 0.241942 1.045846 0.403725
v 0.264884 1.146622 0.393772
v 0.258887 1.127386 0.406340
v 0.301095 1.222295 0.330283
v 0.280012 1.185343 0.365086
v 0.356706 1.276784 0.251289
v 0.327269 1.253502 0.291446
v 0.411814 1.298573 0.182860
v 0.386507 1.291634 0.213310
v 0.444621 1.223239 0.063490
v 0.465442 1.108292 -0.009755
v 0.614598 0.979703 0.051438
v 0.619607 0.980498 0.071025
v 0.584132 0.981120 -0.004452
v 0.536620 0.988957 -0.034621
v 0.450457 1.316457 0.180799
v 0.511568 1.317319 0.210945
v 0.565546 1.256502 0.250611
v 0.553497 1.279624 0.239736
v 0.622182 1.156953 0.193040
v 0.636463 1.080390 0.141142
v 0.551669 1.252211 0.297785
v 0.462684 0.917763 0.417628
v 0.323101 0.798667 0.197741
v 0.347033 0.762912 0.246685
v 0.336047 0.768225 0.240108
v 0.383578 0.755131 0.266469
v 0.460051 0.793121 0.296377
v 0.438801 0.775825 0.289493
v 0.397710 1.072244 0.488463
v 0.415995 1.067373 0.481300
v 0.336133 1.086934 0.495262
v 0.284830 1.096388 0.472730
v 0.274569 1.097815 0.463519
v 0.260427 1.098813 0.441022
v -0.354753 0.786953 -0.583422
v -0.336283 0.808137 -0.602455
v -0.373583 0.764976 -0.560245
v -0.405376 0.726414 -0.506505
v -0.434126 0.689480 -0.437341
v -0.471784 0.720812 -0.421306
v -0.493130 0.741414 -0.405808
v -0.522814 0.787892 -0.378749
v -0.516790 0.776063 -0.384968
v -0.526135 0.856661 -0.375310
v -0.529528 0.821042 -0.366140
v -0.525680 0.867422 -0.375781
v -0.497231 0.940283 -0.442711
v -0.512621 0.911666 -0.413368
v -0.476415 0.965101 -0.473596
v -0.451553 0.984479 -0.503979
v -0.397669 1.006601 -0.553805
v -0.425199 0.997823 -0.531606
v -0.366694 0.914369 -0.613726
v -0.163198 0.777716 -0.614113
v -0.137525 0.765188 -0.594876
v -0.200412 0.793054 -0.627712
v -0.173850 0.782438 -0.619847
v -0.299212 0.823125 -0.622013
v -0.335653 1.016652 -0.566793
v -0.374733 1.013277 -0.564612
v -0.292726 1.008017 -0.563633
v -0.307146 1.012004 -0.565197
v -0.228522 0.956506 -0.540329
v -0.132920 0.857338 -0.576776
v -0.121753 0.802375 -0.585594
v -0.346822 0.726806 -0.299446
v -0.319116 0.652001 -0.304227
v -0.297819 0.622779 -0.325304
v -0.295129 0.599381 -0.349831
v -0.414374 0.706691 -0.479222
v -0.399284 0.652600 -0.427365
v -0.363421 0.622487 -0.410075
v -0.313055 0.599041 -0.391757
v -0.272446 0.597113 -0.383124
v -0.387587 0.755369 -0.294461
v -0.430374 0.771667 -0.289755
v -0.445435 0.778284 -0.289939
v -0.484177 0.800930 -0.302521
v -0.522807 0.836728 -0.344903
v -0.517467 0.830211 -0.335391
v 0.035450 0.710843 -0.510483
v -0.012411 0.678845 -0.489016
v -0.025090 0.665251 -0.476889
v -0.049506 0.638209 -0.449804
v -0.071122 0.612437 -0.417730
v -0.088603 0.589525 -0.382651
v -0.101273 0.570631 -0.347541
v -0.111876 0.548485 -0.292181
v -0.155975 0.571088 -0.277722
v -0.177503 0.587426 -0.260136
v -0.195606 0.618624 -0.234662
v -0.185014 0.597382 -0.251396
v -0.191800 0.664521 -0.207908
v -0.196394 0.653411 -0.213091
v -0.173328 0.731552 -0.236476
v -0.176217 0.715330 -0.219624
v -0.145697 0.798871 -0.311376
v -0.163583 0.765044 -0.272481
v -0.119714 0.829851 -0.349928
v -0.087449 0.855819 -0.385447
v -0.052592 0.875506 -0.415622
v -0.021612 0.887890 -0.437488
v -0.008260 0.856959 -0.509221
v 0.004190 0.804060 -0.529730
v 0.267536 0.681493 -0.409602
v 0.282786 0.678337 -0.391771
v 0.219755 0.690518 -0.451226
v 0.200200 0.693994 -0.463387
v 0.159670 0.701087 -0.485002
v 0.117754 0.708190 -0.500926
v 0.077646 0.714722 -0.510877
v 0.044859 0.904799 -0.432020
v 0.022609 0.900979 -0.438792
v 0.091978 0.909753 -0.415640
v 0.142038 0.908532 -0.393975
v 0.190756 0.900008 -0.367992
v 0.234728 0.884774 -0.339506
v 0.284127 0.855515 -0.299531
v 0.348789 0.794480 -0.318794
v 0.344862 0.744447 -0.348037
v 0.203369 0.526516 -0.204913
v 0.305019 0.612607 -0.271138
v 0.274808 0.641046 -0.368974
v 0.149641 0.602921 -0.024759
v 0.162114 0.545279 -0.053514
v -0.099332 0.550143 -0.310497
v -0.045129 0.513983 -0.259244
v 0.033069 0.494724 -0.215400
v 0.112249 0.496341 -0.179187
v 0.094147 0.493685 -0.186534
v 0.106021 0.638521 -0.028643
v -0.017316 0.651922 -0.059258
v 0.033775 0.645177 -0.041336
v -0.108975 0.670156 -0.117470
v -0.066033 0.660446 -0.085240
v -0.158670 0.684839 -0.169813
v -0.143669 0.680017 -0.152285
v 0.392718 0.600822 -0.243130
v 0.416845 0.627500 -0.261468
v 0.348345 0.549113 -0.187211
v 0.369129 0.573894 -0.218049
v 0.319901 0.511912 -0.117623
v 0.331742 0.528119 -0.152653
v 0.310507 0.495787 -0.062016
v 0.290612 0.514126 -0.024981
v 0.291933 0.548187 0.022050
v 0.288554 0.537393 0.011210
v 0.332515 0.625954 0.049422
v 0.307177 0.583098 0.051032
v 0.355166 0.664115 0.032817
v 0.387999 0.713995 -0.023134
v 0.437066 0.768027 -0.092924
v 0.411902 0.742494 -0.058600
v 0.494175 0.812804 -0.147437
v 0.475621 0.779140 -0.231449
v 0.461778 0.727326 -0.270511
v 0.455321 0.701393 -0.277819
v 0.587900 0.673342 -0.148149
v 0.583299 0.672462 -0.158905
v 0.568344 0.670155 -0.186989
v 0.538743 0.666697 -0.227036
v 0.558929 0.668978 -0.200911
v 0.516452 0.664627 -0.248532
v 0.493476 0.662806 -0.263883
v 0.482021 0.661953 -0.269939
v 0.446391 0.659272 -0.276086
v 0.544971 0.843063 -0.126685
v 0.490543 0.809328 -0.132631
v 0.591123 0.854818 -0.086116
v 0.569497 0.851986 -0.107776
v 0.624904 0.838192 -0.032345
v 0.608502 0.851435 -0.063241
v 0.644117 0.790893 -0.062057
v 0.631998 0.743202 -0.098830
v 0.605382 0.678966 -0.103971
v 0.503455 0.581537 0.116744
v 0.317117 0.498023 -0.082545
v 0.343620 0.484131 -0.041527
v 0.333673 0.485076 -0.049822
v 0.377573 0.486274 -0.016080
v 0.431666 0.507193 0.015812
v 0.461518 0.524960 0.030582
v 0.465884 0.658136 0.189067
v 0.427110 0.647274 0.183219
v 0.401076 0.640212 0.169899
v 0.414093 0.643743 0.176559
v 0.377683 0.634248 0.149060
v 0.350866 0.628221 0.108944
v 0.358175 0.629699 0.122958
v -0.249600 1.706331 -0.430051
v -0.293103 1.687058 -0.419998
v -0.330545 1.668785 -0.399723
v -0.370809 1.654354 -0.358152
v -0.389470 1.651957 -0.322419
v -0.382464 1.653958 -0.292754
v -0.421486 1.679663 -0.250685
v -0.425248 1.708687 -0.208214
v -0.423356 1.718273 -0.196234
v -0.408432 1.747516 -0.165620
v -0.382267 1.783707 -0.160562
v -0.381983 1.779733 -0.144006
v -0.335210 1.815672 -0.214942
v -0.271589 1.833080 -0.264875
v -0.261599 1.774864 -0.377849
v -0.085558 1.741818 -0.384472
v -0.104375 1.734309 -0.402899
v -0.141582 1.723748 -0.425057
v -0.128398 1.727143 -0.418355
v -0.171293 1.718320 -0.432868
v -0.201908 1.714425 -0.435313
v -0.245136 1.708980 -0.430643
v -0.260636 1.837789 -0.260432
v -0.176826 1.861825 -0.241595
v -0.176273 1.863371 -0.241657
v -0.136462 1.868819 -0.222960
v -0.098665 1.865140 -0.203249
v -0.042574 1.814512 -0.284806
v -0.080364 1.748617 -0.297773
v -0.156918 1.844724 -0.078715
v -0.214719 1.780426 -0.087693
v -0.387495 1.651959 -0.310788
v -0.369369 1.652559 -0.291030
v -0.321775 1.663391 -0.269257
v -0.239260 1.697142 -0.235188
v -0.292369 1.674638 -0.256920
v -0.239212 1.812177 -0.052754
v -0.277185 1.806868 -0.053766
v -0.304963 1.801318 -0.061588
v -0.331340 1.794551 -0.075501
v -0.343921 1.790902 -0.083976
v -0.392040 1.766302 -0.142066
v 0.076887 1.734368 -0.282794
v 0.042338 1.723244 -0.267958
v 0.010546 1.712661 -0.239733
v -0.014731 1.702713 -0.181401
v 0.002877 1.709830 -0.226075
v -0.038186 1.709655 -0.103480
v -0.085559 1.752847 -0.046050
v -0.085588 1.776732 -0.010183
v -0.086741 1.760998 -0.033797
v -0.073553 1.797264 0.020298
v -0.078403 1.790790 0.010738
v -0.061852 1.820722 0.012118
v -0.063814 1.815007 0.021081
v -0.055068 1.831815 -0.007611
v -0.042550 1.841561 -0.030257
v -0.024577 1.848826 -0.054444
v 0.041536 1.854607 -0.111164
v 0.021358 1.854606 -0.101018
v 0.051684 1.847013 -0.148453
v 0.036710 1.836408 -0.178091
v 0.048345 1.793428 -0.250699
v 0.292077 1.701310 -0.214074
v 0.320770 1.697815 -0.185832
v 0.218240 1.713358 -0.260800
v 0.257236 1.706534 -0.240003
v 0.177672 1.721331 -0.275091
v 0.138890 1.729642 -0.282836
v 0.085941 1.856778 -0.109797
v 0.116374 1.857137 -0.094814
v 0.182446 1.848810 -0.060285
v 0.149284 1.854613 -0.077971
v 0.233219 1.832246 -0.031521
v 0.300663 1.798083 -0.032883
v 0.352413 1.737863 -0.106213
v 0.355517 1.720409 -0.124711
v 0.356496 1.662512 -0.087105
v 0.235248 1.828687 0.031081
v 0.212781 1.739370 0.166822
v 0.251785 1.693815 0.133868
v -0.008920 1.694551 -0.131818
v 0.066554 1.669341 -0.076804
v 0.186565 1.648732 -0.012891
v 0.109242 1.659761 -0.053541
v 0.241085 1.647193 0.014308
v 0.106899 1.778666 0.158330
v 0.135581 1.772893 0.163328
v 0.027379 1.793112 0.123292
v -0.035915 1.802709 0.069176
v 0.491421 1.646681 -0.050177
v 0.484710 1.638595 -0.035520
v 0.477641 1.629532 -0.014333
v 0.481175 1.634063 -0.024927
v 0.467766 1.615610 0.028192
v 0.464713 1.611060 0.043836
v 0.459606 1.602768 0.076838
v 0.455730 1.595844 0.108160
v 0.452692 1.589423 0.142533
v 0.396496 1.639559 0.180626
v 0.406930 1.629987 0.171083
v 0.362910 1.677471 0.215722
v 0.370325 1.668259 0.207454
v 0.343932 1.717551 0.235710
v 0.339119 1.750654 0.198703
v 0.344970 1.726527 0.236631
v 0.352177 1.772583 0.144893
v 0.384855 1.778189 0.088383
v 0.381487 1.778797 0.092344
v 0.433538 1.738132 -0.019878
v 0.630469 1.561438 0.025876
v 0.630890 1.560947 0.029288
v 0.617896 1.570967 0.001919
v 0.590821 1.590272 -0.030422
v 0.546098 1.620483 -0.055977
v 0.512345 1.642323 -0.060172
v 0.423128 1.774224 0.074917
v 0.414460 1.775789 0.070331
v 0.452655 1.765730 0.091238
v 0.487106 1.747287 0.112148
v 0.475473 1.754738 0.104822
v 0.524162 1.718231 0.136636
v 0.611022 1.631193 0.100424
v 0.627477 1.601286 0.076194
v 0.611430 1.478892 0.223276
v 0.633318 1.481886 0.161257
v 0.649590 1.535010 0.090983
v 0.495259 1.669871 0.289594
v 0.535946 1.566458 0.322255
v 0.556640 1.526951 0.304491
v 0.573896 1.493552 0.267612
v 0.461573 1.585712 0.124723
v 0.487397 1.554580 0.155612
v 0.520825 1.523610 0.178587
v 0.498496 1.543910 0.163332
v 0.542586 1.506319 0.192867
v 0.574417 1.487576 0.212231
v 0.473367 1.628198 0.330557
v 0.414782 1.663987 0.322434
v 0.427238 1.655957 0.327312
v 0.380793 1.686849 0.302231
v 0.387275 1.682623 0.305073
v 0.350680 1.704986 0.248291
v -0.245681 1.332410 -0.663517
v -0.221525 1.353668 -0.669778
v -0.281554 1.302416 -0.647691
v -0.291709 1.294736 -0.640139
v -0.309970 1.281706 -0.624022
v -0.323823 1.273478 -0.606785
v -0.337118 1.270301 -0.577462
v -0.377346 1.325835 -0.534481
v -0.397072 1.396211 -0.484259
v -0.392431 1.469016 -0.441847
v -0.376482 1.522091 -0.427639
v -0.359405 1.546733 -0.444376
v -0.351791 1.554716 -0.451155
v -0.273587 1.582852 -0.506139
v -0.318534 1.573301 -0.476499
v -0.222694 1.523791 -0.596141
v -0.211036 1.461293 -0.638505
v -0.002272 1.369661 -0.650676
v -0.020163 1.365831 -0.665429
v -0.072722 1.365138 -0.682718
v -0.058301 1.364839 -0.679288
v -0.105182 1.367627 -0.685108
v -0.138651 1.371538 -0.683443
v -0.185510 1.374183 -0.675650
v -0.197611 1.606155 -0.523599
v -0.231234 1.596063 -0.517956
v -0.137676 1.627590 -0.506855
v -0.130548 1.627885 -0.504839
v -0.081450 1.630170 -0.491026
v -0.051552 1.620082 -0.483065
v 0.019127 1.519965 -0.555000
v 0.025771 1.464950 -0.590909
v 0.022965 1.427982 -0.612842
v -0.031889 1.297355 -0.608936
v 0.010570 1.355405 -0.619435
v -0.155557 1.616213 -0.372222
v -0.157875 1.390817 -0.451028
v -0.107446 1.289212 -0.547158
v -0.180066 1.276166 -0.528825
v -0.326271 1.263179 -0.591882
v -0.289421 1.235351 -0.585475
v -0.247025 1.224953 -0.582134
v -0.215720 1.227724 -0.577323
v -0.231372 1.226338 -0.579729
v -0.152347 1.254145 -0.562626
v -0.199950 1.538511 -0.370656
v -0.258717 1.545580 -0.361882
v -0.320149 1.540433 -0.371348
v -0.363845 1.522701 -0.399835
v 0.122070 1.296619 -0.577562
v 0.133051 1.308444 -0.580102
v 0.091919 1.263488 -0.563417
v 0.073014 1.240760 -0.533336
v 0.068481 1.234899 -0.521656
v 0.064664 1.228523 -0.496180
v 0.067000 1.227975 -0.463483
v 0.011004 1.304536 -0.425810
v -0.014170 1.394195 -0.365758
v -0.001848 1.498941 -0.292146
v -0.006962 1.480088 -0.305610
v 0.006599 1.553233 -0.290976
v 0.006139 1.542278 -0.283502
v 0.029476 1.598250 -0.336501
v 0.010867 1.573932 -0.307497
v 0.040293 1.602301 -0.346777
v 0.077092 1.608442 -0.376750
v 0.090557 1.607076 -0.385359
v 0.127690 1.527578 -0.489879
v 0.141959 1.451081 -0.541732
v 0.440411 1.302163 -0.433206
v 0.408528 1.303098 -0.468608
v 0.339760 1.311027 -0.522313
v 0.376976 1.305967 -0.496325
v 0.298989 1.318161 -0.544058
v 0.257180 1.326929 -0.560217
v 0.181078 1.340921 -0.576099
v 0.148851 1.608256 -0.393274
v 0.203421 1.615134 -0.364858
v 0.284600 1.606745 -0.321862
v 0.375352 1.565951 -0.272416
v 0.357275 1.577873 -0.282354
v 0.440765 1.472793 -0.322904
v 0.455034 1.396297 -0.374757
v 0.429859 1.177236 -0.344476
v 0.452348 1.209388 -0.381303
v 0.390669 1.541096 -0.156322
v 0.349795 1.417074 -0.114638
v 0.384167 1.301651 -0.170314
v 0.390482 1.219028 -0.242395
v 0.076949 1.217718 -0.480801
v 0.126891 1.183402 -0.448671
v 0.149385 1.173442 -0.437890
v 0.171879 1.163482 -0.427109
v 0.245312 1.148376 -0.388408
v 0.316161 1.150282 -0.347726
v 0.352287 1.160550 -0.325211
v 0.226692 1.504047 -0.120127
v 0.299963 1.478835 -0.107097
v 0.201872 1.511234 -0.127456
v 0.127574 1.525307 -0.164873
v 0.045809 1.528901 -0.230820
v 0.578394 1.240872 -0.329579
v 0.573047 1.216545 -0.320348
v 0.568531 1.193040 -0.304358
v 0.566558 1.181851 -0.294626
v 0.564147 1.163924 -0.268567
v 0.563210 1.151144 -0.238403
v 0.563678 1.157534 -0.253485
v 0.546349 1.186139 -0.149843
v 0.565389 1.141799 -0.170768
v 0.543251 1.192286 -0.144996
v 0.519329 1.293578 -0.074584
v 0.525619 1.261963 -0.096152
v 0.512368 1.390146 -0.012978
v 0.512595 1.372779 -0.023700
v 0.515487 1.423198 0.006189
v 0.507595 1.446394 -0.020347
v 0.505773 1.459064 -0.029681
v 0.505934 1.491427 -0.065676
v 0.507117 1.500515 -0.078621
v 0.517613 1.513731 -0.118903
v 0.527222 1.515207 -0.143622
v 0.536739 1.512491 -0.163066
v 0.548108 1.427745 -0.272620
v 0.559127 1.371618 -0.306451
v 0.568540 1.332512 -0.321866
v 0.712818 1.221715 -0.199164
v 0.708608 1.222459 -0.210121
v 0.686398 1.228136 -0.253171
v 0.681521 1.229787 -0.259502
v 0.647958 1.241251 -0.302613
v 0.607904 1.258911 -0.328853
v 0.551787 1.514957 -0.161720
v 0.587668 1.512910 -0.131002
v 0.598205 1.507982 -0.121812
v 0.629978 1.487181 -0.093577
v 0.665564 1.446642 -0.060154
v 0.708438 1.360853 -0.099533
v 0.720096 1.298355 -0.141897
v 0.731891 1.207370 -0.135984
v 0.648611 1.414586 0.089450
v 0.670564 1.267830 0.112366
v 0.675445 1.206576 0.087934
v 0.684372 1.154431 0.048408
v 0.688209 1.124990 0.017185
v 0.569588 1.133164 -0.190409
v 0.592064 1.101103 -0.156657
v 0.601408 1.092102 -0.146596
v 0.620486 1.077273 -0.125401
v 0.639685 1.069643 -0.102774
v 0.657779 1.069601 -0.080297
v 0.685532 1.084859 -0.043916
v 0.673617 1.075733 -0.059800
v 0.638764 1.335587 0.126038
v 0.602337 1.366829 0.121177
v 0.570773 1.390144 0.101762
v 0.528091 1.410855 0.037734
v 0.561063 1.395843 0.090540
v -0.151200 1.021545 -0.791971
v -0.171390 0.999252 -0.781845
v -0.190470 0.977885 -0.769334
v -0.161230 1.010333 -0.785592
v -0.206908 0.959121 -0.755110
v -0.213441 0.951488 -0.747767
v -0.224573 0.938303 -0.733615
v -0.252064 0.941668 -0.707757
v -0.298571 1.009836 -0.687410
v -0.292346 0.996195 -0.691173
v -0.304722 1.052677 -0.679024
v -0.304684 1.038586 -0.681278
v -0.295806 1.109980 -0.675789
v -0.279382 1.164208 -0.690395
v -0.282554 1.152150 -0.686473
v -0.255754 1.198276 -0.706624
v -0.244424 1.207091 -0.712680
v -0.190071 1.233254 -0.737992
v -0.194887 1.232499 -0.736117
v -0.140088 1.137024 -0.795891
v -0.131822 1.106835 -0.800667
v 0.065771 1.019081 -0.771841
v 0.031946 1.025252 -0.788938
v 0.043416 1.023029 -0.784616
v -0.022007 1.036343 -0.802254
v 0.006807 1.030278 -0.796701
v -0.103600 1.050108 -0.803327
v -0.130122 1.251959 -0.746978
v -0.070330 1.259404 -0.741877
v -0.012966 1.244262 -0.735075
v -0.025724 1.250775 -0.736858
v 0.023287 1.218142 -0.729307
v 0.077210 1.153357 -0.745334
v 0.088556 1.082836 -0.759994
v 0.050700 0.932465 -0.723572
v 0.059374 0.954856 -0.746879
v -0.021182 1.199797 -0.699221
v -0.064550 0.958956 -0.666774
v -0.048527 0.897820 -0.680561
v -0.211963 0.907140 -0.714527
v -0.186195 0.884157 -0.706519
v -0.129723 0.861846 -0.698403
v -0.151489 0.868902 -0.701284
v -0.086189 0.860309 -0.694649
v -0.052136 0.869881 -0.693371
v -0.142164 1.075673 -0.657971
v -0.229588 1.095960 -0.657288
v -0.287723 1.099034 -0.669649
v -0.275560 1.106050 -0.665341
v 0.197712 0.973543 -0.708782
v 0.178353 0.948565 -0.704633
v 0.150675 0.909288 -0.691304
v 0.142235 0.896535 -0.685678
v 0.125283 0.864943 -0.663000
v 0.121165 0.855791 -0.654792
v 0.110680 0.844559 -0.631110
v 0.119550 0.832947 -0.618457
v 0.081997 0.878299 -0.619181
v 0.088039 0.866009 -0.621291
v 0.070827 0.934163 -0.607712
v 0.072973 0.904760 -0.614193
v 0.079974 0.979696 -0.596053
v 0.092925 1.007146 -0.587991
v 0.102237 1.047833 -0.592159
v 0.104748 1.090966 -0.613031
v 0.104817 1.076693 -0.606132
v 0.127542 1.143178 -0.638610
v 0.168949 1.175420 -0.655329
v 0.189003 1.182733 -0.659697
v 0.189719 1.137615 -0.698194
v 0.194851 1.078198 -0.712927
v 0.377852 0.961221 -0.638510
v 0.404552 0.957129 -0.617989
v 0.347066 0.966278 -0.658505
v 0.313903 0.972081 -0.676191
v 0.226884 0.983516 -0.705242
v 0.221141 1.193701 -0.651192
v 0.238123 1.197647 -0.643444
v 0.274335 1.203116 -0.626359
v 0.313441 1.202978 -0.606759
v 0.352437 1.196154 -0.585961
v 0.388740 1.183096 -0.565342
v 0.431523 1.157134 -0.539030
v 0.459614 1.045474 -0.579353
v 0.397445 0.802163 -0.490665
v 0.444595 0.845612 -0.502615
v 0.446471 1.082666 -0.455937
v 0.419917 0.921511 -0.419083
v 0.401355 0.833647 -0.443521
v 0.366552 0.795266 -0.472951
v 0.126474 0.830804 -0.625530
v 0.180264 0.792810 -0.584418
v 0.255325 0.773046 -0.542763
v 0.336810 0.780272 -0.504534
v 0.330925 0.778123 -0.506906
v 0.349565 0.984484 -0.442102
v 0.264625 1.000055 -0.478526
v 0.253602 1.001949 -0.484839
v 0.151848 1.019175 -0.546381
v 0.141920 1.020819 -0.552847
v 0.565938 0.921462 -0.501707
v 0.533953 0.874844 -0.494481
v 0.539297 0.888407 -0.499705
v 0.520558 0.835325 -0.473995
v 0.518370 0.824021 -0.464174
v 0.515349 0.794570 -0.432090
v 0.515765 0.803644 -0.443222
v 0.518876 0.788817 -0.394443
v 0.523685 0.773218 -0.383013
v 0.534737 0.857911 -0.346534
v 0.529799 0.843852 -0.353389
v 0.573035 0.980820 -0.326739
v 0.551563 0.900976 -0.326128
v 0.584663 1.078790 -0.398042
v 0.573096 0.994341 -0.335581
v 0.586962 1.090420 -0.407098
v 0.592898 1.102657 -0.418940
v 0.580661 1.085348 -0.464940
v 0.561948 0.999232 -0.507694
v 0.679099 0.916580 -0.399324
v 0.671057 0.917182 -0.411694
v 0.651843 0.919038 -0.436899
v 0.630901 0.921479 -0.459998
v 0.641372 0.920259 -0.448449
v 0.609591 0.924386 -0.479062
v 0.568327 0.926103 -0.502111
v 0.618874 1.123150 -0.406854
v 0.637506 1.130437 -0.388153
v 0.667393 1.132271 -0.355133
v 0.657362 1.132634 -0.366513
v 0.712364 1.101574 -0.295374
v 0.686465 1.125013 -0.331537
v 0.732671 1.037337 -0.306076
v 0.724506 0.985729 -0.334771
v 0.716039 0.958468 -0.348471
v 0.679627 0.797247 -0.211250
v 0.692750 0.848037 -0.320966
v 0.703452 0.897741 -0.141604
v 0.674269 0.804978 -0.189083
v 0.639862 0.767175 -0.225104
v 0.522797 0.772408 -0.394504
v 0.540673 0.750615 -0.360320
v 0.566799 0.739963 -0.326921
v 0.553736 0.745289 -0.343620
v 0.597903 0.741013 -0.292878
v 0.639432 0.760630 -0.254971
v 0.673892 0.939615 -0.160815
v 0.680928 0.938674 -0.155210
v 0.638498 0.943329 -0.200691
v 0.600894 0.946120 -0.256829
v 0.619696 0.944724 -0.228760
v -0.741684 1.248603 0.283816
v -0.725240 1.308762 0.306844
v -0.746387 1.209642 0.209121
v -0.737482 1.321160 0.234075
v -0.734130 1.271071 0.159526
v -0.715920 1.380673 0.211235
v -0.713079 1.310419 0.140283
v -0.699830 1.364556 0.151825
v -0.678539 1.427370 0.197766
v -0.673462 1.351814 0.150579
v -0.649419 1.415928 0.177297
v -0.638594 1.456028 0.214697
v -0.612971 1.351231 0.211491
v -0.602692 1.473946 0.248262
v -0.594076 1.410693 0.234582
v -0.560484 1.472823 0.295955
v -0.528617 1.454453 0.354417
v -0.546954 1.334302 0.329738
v -0.508208 1.418452 0.416737
v -0.524932 1.363008 0.363824
v -0.508455 1.323686 0.454751
v -0.509557 1.348357 0.483511
v -0.527141 1.253073 0.494651
v -0.589439 1.129543 0.451062
v -0.558864 1.194017 0.497345
v -0.540952 1.308358 0.510942
v -0.604005 1.155036 0.476307
v -0.597664 1.228369 0.498406
v -0.632683 1.107666 0.421518
v -0.690391 1.111960 0.356525
v -0.658446 1.153466 0.432697
v -0.669409 1.243329 0.433338
v -0.717422 1.178758 0.349330
v -0.699604 1.269962 0.381925
v -0.704895 1.209949 0.171316
v -0.655629 1.193422 0.224646
v -0.578009 1.213850 0.335218
v -0.630385 1.151513 0.300102
v -0.570863 1.172625 0.392862
v -0.709309 1.127317 0.256857
v -0.663569 1.112955 0.295852
v -0.583518 1.132104 0.417645
v -0.651780 1.098135 0.342315
v -0.600628 1.118686 0.410653
v -0.568442 1.484622 0.366180
v -0.624900 1.474850 0.313951
v -0.531682 1.458909 0.416001
v -0.524407 1.402346 0.471259
v -0.584650 1.441087 0.418086
v -0.545865 1.406246 0.468211
v -0.558394 1.362314 0.488014
v -0.655065 1.403827 0.374156
v -0.607431 1.350424 0.465947
v -0.673072 1.343825 0.392553
v -0.493282 1.150336 0.483566
v -0.499263 1.191245 0.511831
v -0.479646 1.254434 0.543779
v -0.505403 1.248314 0.464441
v -0.480188 1.320419 0.507476
v -0.486035 1.211831 0.438196
v -0.481406 1.305144 0.433708
v -0.463731 1.363065 0.460226
v -0.442422 1.268087 0.418844
v -0.415830 1.416624 0.472530
v -0.433706 1.358927 0.426891
v -0.360987 1.339845 0.430609
v -0.337492 1.435133 0.472864
v -0.247898 1.332769 0.475722
v -0.244390 1.440291 0.513959
v -0.160725 1.270855 0.528364
v -0.124241 1.322864 0.553189
v -0.126790 1.384166 0.569031
v -0.168733 1.429057 0.571311
v -0.102701 1.383554 0.613417
v -0.049538 1.258179 0.645185
v -0.068798 1.329793 0.651556
v -0.064321 1.197522 0.628439
v -0.105447 1.361259 0.659933
v -0.060009 1.200824 0.679404
v -0.074936 1.268564 0.688709
v -0.139193 1.290062 0.703094
v -0.115498 1.094119 0.675663
v -0.102450 1.148385 0.701029
v -0.139943 1.210195 0.717461
v -0.185585 1.056003 0.677563
v -0.170061 1.095985 0.701535
v -0.232964 1.253511 0.706910
v -0.257147 1.055077 0.673649
v -0.289679 1.173152 0.694515
v -0.321148 1.047031 0.643876
v -0.362686 1.183299 0.659977
v -0.421702 1.070575 0.577134
v -0.413721 1.124958 0.617304
v -0.419829 1.219426 0.616768
v -0.372121 1.193700 0.446725
v -0.238344 1.169126 0.505274
v -0.172750 1.111646 0.568711
v -0.410598 1.117060 0.472262
v -0.315066 1.081545 0.518634
v -0.120599 1.112118 0.611997
v -0.247327 1.030243 0.602203
v -0.157719 1.058232 0.640972
v -0.420473 1.069794 0.519020
v -0.340470 1.034698 0.562421
v -0.192426 1.041530 0.651401
v -0.157955 1.418435 0.619029
v -0.260462 1.457236 0.568682
v -0.164500 1.400706 0.643709
v -0.335527 1.448982 0.537862
v -0.288961 1.393092 0.631365
v -0.376996 1.404239 0.566494
v -0.211765 1.325969 0.686970
v -0.378507 1.341056 0.610961
v -0.368681 1.306140 0.635026
v -0.067835 1.074831 0.725683
v -0.091183 1.144262 0.731480
v -0.090674 1.198433 0.745287
v -0.021570 1.137257 0.689745
v -0.077441 1.246191 0.728629
v -0.044525 1.199224 0.697676
v -0.040807 1.292463 0.704933
v 0.018100 1.332486 0.688667
v 0.078095 1.225965 0.661561
v 0.098648 1.351500 0.677555
v 0.084117 1.275331 0.660822
v 0.249001 1.188169 0.653572
v 0.178136 1.311269 0.662132
v 0.164610 1.349566 0.678750
v 0.290831 1.223090 0.669121
v 0.233917 1.313254 0.680433
v 0.305656 1.144325 0.675716
v 0.278431 1.267058 0.693835
v 0.303891 1.194757 0.707038
v 0.256278 1.248646 0.737730
v 0.263093 1.145699 0.747666
v 0.209945 1.191849 0.776664
v 0.272189 1.072540 0.731143
v 0.197168 1.012581 0.751937
v 0.182210 1.070801 0.784268
v 0.119317 1.213578 0.800332
v 0.102776 1.006153 0.778373
v 0.082921 1.114416 0.807033
v 0.013062 1.077529 0.799952
v 0.019956 0.990155 0.764056
v -0.061577 1.067393 0.770310
v -0.041843 1.137647 0.792439
v -0.040052 1.018048 0.749552
v -0.075448 1.143551 0.774315
v 0.090343 1.050970 0.676871
v 0.197946 1.039445 0.673476
v 0.261052 1.071728 0.672976
v 0.229153 1.017116 0.692227
v 0.247465 1.020159 0.711480
v 0.049530 0.978624 0.715369
v 0.147683 0.971321 0.718751
v 0.185527 0.988682 0.735155
v 0.178619 1.340773 0.723385
v 0.078800 1.374506 0.710723
v 0.031535 1.360661 0.715899
v 0.157725 1.318601 0.751816
v 0.072427 1.310726 0.770468
v 0.008658 1.342751 0.737493
v -0.025521 1.273245 0.773456
v -0.718118 0.882611 0.039370
v -0.734459 0.994197 0.117641
v -0.699491 0.890849 -0.060988
v -0.724845 0.968607 -0.024812
v -0.736002 1.049064 0.044045
v -0.729702 1.079539 0.078972
v -0.669788 0.937210 -0.116381
v -0.721398 1.086674 0.012740
v -0.695977 1.013975 -0.081392
v -0.696408 1.114186 -0.000402
v -0.638828 0.939070 -0.121834
v -0.659076 1.059253 -0.068377
v -0.589343 0.907696 -0.109299
v -0.662072 1.122801 -0.000001
v -0.592209 1.001483 -0.052931
v -0.618350 1.114515 0.031890
v -0.581439 1.111859 0.118838
v -0.542311 0.989436 0.039530
v -0.539589 1.037286 0.209786
v -0.495907 0.772207 0.117092
v -0.501425 0.845813 0.206741
v -0.523950 0.944670 0.267625
v -0.554823 1.048328 0.271353
v -0.517537 0.736695 0.184683
v -0.567280 0.986719 0.327877
v -0.529816 0.800563 0.261898
v -0.544730 0.864589 0.306557
v -0.566567 0.739452 0.206661
v -0.578766 0.825945 0.293565
v -0.600927 0.900267 0.320256
v -0.609170 0.754757 0.190847
v -0.627874 0.826924 0.253599
v -0.652450 0.931101 0.289565
v -0.669231 0.795419 0.125559
v -0.665271 0.846572 0.216597
v -0.704507 0.926906 0.198232
v -0.626463 0.823070 -0.114021
v -0.573275 0.789857 -0.098162
v -0.533638 0.764252 -0.047099
v -0.588932 0.734297 -0.046354
v -0.542773 0.717463 -0.012164
v -0.510372 0.728571 0.036876
v -0.641781 0.780029 -0.053707
v -0.564622 0.694215 0.062653
v -0.527641 0.699547 0.098110
v -0.639935 0.749962 0.023512
v -0.537907 0.708325 0.145840
v -0.592948 1.128493 0.218524
v -0.632892 1.164004 0.179439
v -0.669169 1.169162 0.128232
v -0.696475 1.152444 0.096137
v -0.598195 1.092750 0.292551
v -0.640359 1.139328 0.241722
v -0.681702 1.141228 0.196791
v -0.712930 1.100510 0.166566
v -0.645863 1.084626 0.286270
v -0.610499 1.022338 0.327284
v -0.687221 1.064500 0.249113
v -0.443959 0.728951 0.215771
v -0.482108 0.831018 0.314859
v -0.482652 0.914600 0.358175
v -0.483978 0.840604 0.219201
v -0.417473 0.740690 0.141563
v -0.492625 0.934079 0.287733
v -0.475018 0.989920 0.342539
v -0.466385 0.830359 0.172091
v -0.461168 1.006453 0.283889
v -0.386357 0.792155 0.112696
v -0.464463 0.909822 0.189229
v -0.388200 0.852165 0.129162
v -0.415054 0.939357 0.180346
v -0.410237 1.023310 0.259866
v -0.284666 0.802973 0.120205
v -0.311702 0.907071 0.166010
v -0.329918 1.025479 0.261108
v -0.175592 0.778131 0.154131
v -0.213557 0.947930 0.236180
v -0.212009 1.033793 0.327078
v -0.073736 0.762331 0.216910
v -0.087765 0.922481 0.306591
v -0.106134 1.004168 0.384308
v 0.006644 0.772952 0.306510
v -0.000651 0.887840 0.384827
v -0.041859 0.973767 0.441784
v 0.026530 0.721172 0.345126
v 0.040062 0.794530 0.417536
v 0.006297 0.908352 0.456543
v -0.042626 0.977217 0.503135
v 0.009454 0.892172 0.484553
v 0.019527 0.718176 0.420674
v 0.014334 0.819707 0.491744
v -0.031161 0.915123 0.541368
v -0.034746 0.661077 0.419289
v -0.029161 0.740995 0.492429
v -0.052282 0.832687 0.547976
v -0.090583 0.932137 0.574136
v -0.121591 0.651520 0.441873
v -0.102304 0.718644 0.502939
v -0.136631 0.896530 0.580401
v -0.199459 0.732258 0.509613
v -0.237746 0.816689 0.546912
v -0.246363 0.647046 0.406517
v -0.286906 0.718227 0.461100
v -0.331045 0.835508 0.511419
v -0.345302 0.668054 0.350282
v -0.383849 0.711060 0.372312
v -0.421352 0.835049 0.432541
v -0.286556 0.689543 0.108707
v -0.197175 0.644868 0.137386
v -0.087463 0.661393 0.194905
v -0.021883 0.664211 0.265598
v -0.095584 0.631304 0.204143
v -0.338048 0.665418 0.134707
v -0.305645 0.630751 0.155213
v -0.161541 0.600820 0.197324
v -0.069336 0.607751 0.268652
v -0.253516 0.594332 0.244988
v -0.160056 0.585557 0.297259
v -0.091198 0.601073 0.330583
v -0.347554 0.635659 0.228396
v -0.100656 0.614528 0.378040
v -0.122489 1.042134 0.516233
v -0.218564 1.088533 0.479484
v -0.332609 1.092546 0.377851
v -0.326056 1.095065 0.421472
v -0.292348 1.079536 0.488291
v -0.397128 1.073759 0.381908
v -0.173576 1.031821 0.552582
v -0.363909 1.065660 0.462026
v -0.178603 0.976725 0.575977
v -0.275969 1.012622 0.544362
v -0.424399 1.030182 0.427065
v -0.226316 0.933191 0.573781
v -0.374553 0.974695 0.501428
v 0.013465 0.648452 0.486458
v -0.029446 0.752573 0.557303
v 0.030023 0.652365 0.455855
v -0.022566 0.835230 0.600179
v 0.022456 0.751904 0.484410
v 0.007298 0.867718 0.568103
v 0.072548 0.671412 0.419552
v 0.073588 0.934398 0.560813
v 0.099448 0.821230 0.464294
v 0.231232 0.782759 0.400021
v 0.198015 0.940624 0.512836
v 0.323046 0.744264 0.383301
v 0.320872 0.843981 0.435718
v 0.297848 0.937388 0.504531
v 0.255662 0.982076 0.549132
v 0.388134 0.759831 0.424488
v 0.332254 0.953788 0.535467
v 0.390954 0.841970 0.466913
v 0.357448 0.939765 0.554356
v 0.391968 0.744847 0.462429
v 0.396693 0.850189 0.526231
v 0.354776 0.922761 0.589728
v 0.369061 0.727251 0.500588
v 0.365644 0.805570 0.558512
v 0.316889 0.900952 0.628019
v 0.312447 0.788002 0.600425
v 0.213959 0.886192 0.676527
v 0.253656 0.643500 0.525130
v 0.168560 0.674323 0.590659
v 0.149773 0.789410 0.663064
v 0.089713 0.627039 0.545417
v 0.062863 0.690116 0.602807
v 0.073480 0.788224 0.663042
v 0.012740 0.788505 0.646143
v 0.013954 0.656795 0.548284
v -0.016990 0.769877 0.617440
v 0.203365 0.636095 0.359534
v 0.269436 0.631734 0.359854
v 0.335622 0.656793 0.386145
v 0.360084 0.675410 0.425181
v 0.153836 0.597042 0.379258
v 0.220966 0.589716 0.380571
v 0.291237 0.611056 0.416353
v 0.106342 0.584436 0.418413
v 0.180662 0.573955 0.423500
v 0.231922 0.594059 0.452708
v 0.085284 0.586780 0.458413
v 0.171722 0.589139 0.480358
v 0.294355 0.989999 0.610195
v 0.220814 1.018992 0.621138
v 0.276989 0.987847 0.631047
v 0.152341 1.010215 0.612863
v 0.257340 0.978036 0.649630
v 0.167784 0.992660 0.671244
v 0.235713 0.961449 0.664818
v 0.105473 0.999502 0.642828
v 0.069392 0.941146 0.681642
v 0.047480 0.956299 0.643583
v 0.150066 0.904466 0.689514
v 0.026133 0.912982 0.664313
v -0.606320 0.602858 -0.164482
v -0.647937 0.678858 -0.103771
v -0.599448 0.632280 -0.230851
v -0.647477 0.717964 -0.164013
v -0.578534 0.661280 -0.286675
v -0.627055 0.737455 -0.219339
v -0.534508 0.660372 -0.323062
v -0.573947 0.714509 -0.291827
v -0.597446 0.743053 -0.247921
v -0.466258 0.629685 -0.337037
v -0.522919 0.690650 -0.316436
v -0.537537 0.722629 -0.266916
v -0.393891 0.582323 -0.306492
v -0.448653 0.646345 -0.298161
v -0.423711 0.626799 -0.208046
v -0.348025 0.530246 -0.238904
v -0.366805 0.547137 -0.153765
v -0.450742 0.605119 -0.036216
v -0.373681 0.520689 -0.071735
v -0.345888 0.468296 -0.115962
v -0.380993 0.487460 -0.034320
v -0.444458 0.558778 0.021703
v -0.387465 0.456308 -0.048060
v -0.506941 0.595336 0.055340
v -0.462940 0.473992 -0.019636
v -0.480327 0.517610 0.045091
v -0.508991 0.563411 0.064457
v -0.544099 0.530959 -0.007165
v -0.554379 0.580956 0.051378
v -0.609313 0.613030 -0.005427
v -0.554505 0.528740 -0.088864
v -0.460049 0.549218 -0.306678
v -0.366827 0.511167 -0.283351
v -0.342779 0.490224 -0.237269
v -0.434456 0.486709 -0.233288
v -0.373039 0.472330 -0.227014
v -0.333992 0.479604 -0.198958
v -0.356325 0.451734 -0.150999
v -0.415346 0.454908 -0.155230
v -0.503979 0.508755 -0.194546
v -0.396506 0.448354 -0.079280
v -0.533242 0.706593 -0.127975
v -0.602179 0.750634 -0.166816
v -0.590453 0.725038 -0.080554
v -0.513611 0.648170 -0.015081
v -0.624605 0.740475 -0.105464
v -0.519497 0.637050 0.013050
v -0.570770 0.659904 0.024089
v -0.621652 0.707642 -0.034800
v -0.619044 0.683843 -0.007486
v -0.337560 0.458473 0.006012
v -0.379811 0.520250 0.066187
v -0.376508 0.539483 0.075152
v -0.300597 0.454602 -0.083871
v -0.345690 0.490403 -0.061095
v -0.375850 0.531827 -0.014019
v -0.373516 0.558067 0.025721
v -0.274951 0.476557 -0.138966
v -0.322934 0.517937 -0.109851
v -0.346710 0.552678 -0.059637
v -0.342096 0.573511 -0.009691
v -0.227543 0.488409 -0.165086
v -0.268470 0.523285 -0.143044
v -0.133860 0.486009 -0.163692
v -0.265897 0.568815 -0.078800
v -0.185462 0.528822 -0.138039
v -0.106142 0.556919 -0.032413
v -0.047893 0.507342 -0.091992
v 0.002899 0.461611 -0.102209
v 0.037450 0.513813 0.030087
v 0.074619 0.447238 -0.022702
v 0.086852 0.413225 0.034807
v 0.102859 0.459191 0.088779
v 0.089123 0.488700 0.109503
v 0.078083 0.431696 0.157304
v 0.065586 0.472411 0.197938
v 0.025219 0.509994 0.219015
v 0.061792 0.398817 0.092864
v 0.023415 0.452341 0.235999
v -0.019545 0.489898 0.269208
v -0.013985 0.393831 0.177372
v -0.080349 0.491971 0.285666
v -0.136388 0.466705 0.276372
v -0.127092 0.398327 0.191757
v -0.218449 0.467151 0.244070
v -0.207060 0.405767 0.158920
v -0.314503 0.491328 0.184108
v -0.260461 0.501738 0.242241
v -0.285182 0.428954 0.113314
v -0.155590 0.436504 -0.156895
v -0.040484 0.413032 -0.122140
v 0.033637 0.399586 -0.049579
v -0.168498 0.408841 -0.119991
v -0.097628 0.375056 -0.057735
v -0.000295 0.375004 -0.006670
v -0.210439 0.390966 -0.033912
v -0.072527 0.362896 0.060886
v 0.016446 0.535703 0.113028
v -0.125146 0.575751 0.113937
v -0.258244 0.592044 0.083854
v -0.171153 0.567819 0.202819
v -0.315576 0.583961 0.081934
v -0.087287 0.537210 0.255367
v -0.308836 0.567805 0.162967
v -0.183426 0.534856 0.263486
v -0.293181 0.545321 0.209821
v 0.042338 0.414132 0.247265
v 0.051012 0.453811 0.292041
v 0.070013 0.385174 0.171415
v 0.085095 0.458815 0.229034
v 0.128932 0.395836 0.097174
v 0.096352 0.426765 0.158427
v 0.151191 0.477224 0.181923
v 0.212104 0.428695 0.065052
v 0.309706 0.494085 0.111902
v 0.251012 0.508612 0.167381
v 0.311686 0.451173 0.066253
v 0.380267 0.484867 0.113161
v 0.347827 0.547950 0.204005
v 0.421819 0.537992 0.207579
v 0.415270 0.562601 0.256308
v 0.414521 0.493547 0.164004
v 0.415904 0.485475 0.208572
v 0.425003 0.551890 0.283652
v 0.399006 0.571688 0.328701
v 0.377509 0.485442 0.313493
v 0.387455 0.558913 0.357587
v 0.351860 0.562405 0.387122
v 0.357048 0.433225 0.241928
v 0.337134 0.537571 0.398700
v 0.274897 0.400853 0.286832
v 0.282196 0.466853 0.380013
v 0.268559 0.498445 0.414664
v 0.162193 0.473638 0.421354
v 0.153182 0.393769 0.325258
v 0.140655 0.487735 0.422793
v 0.083053 0.388629 0.297741
v 0.079441 0.459575 0.385193
v 0.065436 0.383288 0.257093
v 0.049892 0.441806 0.343425
v 0.213370 0.389484 0.055512
v 0.278367 0.398615 0.064221
v 0.326479 0.409100 0.099204
v 0.386102 0.443290 0.176853
v 0.158860 0.363987 0.100297
v 0.231799 0.367293 0.105474
v 0.295509 0.385415 0.186052
v 0.144239 0.352970 0.158774
v 0.229473 0.366292 0.212301
v 0.242050 0.552125 0.290890
v 0.338764 0.585351 0.350819
v 0.243006 0.567564 0.371027
v 0.301144 0.571898 0.404507
v 0.163792 0.538048 0.351460
v 0.183500 0.540594 0.422338
v 0.111224 0.510442 0.393284
v -0.639147 1.436447 -0.010190
v -0.633156 1.500002 -0.009264
v -0.618031 1.537059 0.065753
v -0.608172 1.472938 -0.091005
v -0.588064 1.592774 0.003957
v -0.563656 1.523535 -0.145962
v -0.579841 1.557413 -0.102895
v -0.519228 1.629459 -0.122808
v -0.497058 1.590317 -0.182724
v -0.507513 1.666239 -0.062818
v -0.440045 1.659303 -0.161954
v -0.441311 1.697853 -0.099422
v -0.418415 1.624202 -0.187755
v -0.372778 1.687409 -0.146398
v -0.380107 1.731454 -0.070955
v -0.364241 1.641952 -0.162337
v -0.319958 1.699887 -0.103734
v -0.318631 1.734593 -0.047510
v -0.317981 1.645912 -0.096257
v -0.313002 1.743459 0.007246
v -0.289524 1.701392 -0.038192
v -0.327989 1.595064 -0.014954
v -0.304264 1.634233 0.074060
v -0.293498 1.692680 0.080441
v -0.303137 1.724256 0.086420
v -0.327051 1.641582 0.165791
v -0.341701 1.674772 0.188621
v -0.405678 1.490588 0.118785
v -0.411853 1.504912 0.206004
v -0.381416 1.580304 0.233831
v -0.387149 1.621687 0.245297
v -0.456742 1.493054 0.262621
v -0.427242 1.579486 0.271236
v -0.521103 1.438519 0.249853
v -0.502489 1.490798 0.277593
v -0.495289 1.534906 0.278608
v -0.583532 1.381480 0.162181
v -0.576980 1.417548 0.217879
v -0.566670 1.471075 0.243335
v -0.565290 1.526693 0.223710
v -0.620828 1.382733 0.111285
v -0.620114 1.417816 0.161534
v -0.639761 1.402872 0.075465
v -0.617771 1.475879 0.165565
v -0.475426 1.531684 -0.176776
v -0.388307 1.549542 -0.108900
v -0.553728 1.449645 -0.113549
v -0.372656 1.527871 0.023748
v -0.490977 1.446648 -0.061737
v -0.530221 1.395465 0.045046
v -0.473666 1.427142 0.091268
v -0.595091 1.388665 -0.005409
v -0.328838 1.731752 0.097681
v -0.375090 1.739742 0.080968
v -0.451806 1.714505 0.034974
v -0.368766 1.720794 0.144359
v -0.500121 1.676036 0.098132
v -0.389284 1.686126 0.196351
v -0.453915 1.660410 0.200541
v -0.531427 1.609499 0.188669
v -0.434931 1.625954 0.251986
v -0.342140 1.446411 0.229730
v -0.363561 1.488265 0.259472
v -0.344191 1.546976 0.303825
v -0.302063 1.492291 0.137068
v -0.339745 1.530682 0.161115
v -0.319017 1.612087 0.224803
v -0.324564 1.569079 0.146165
v -0.203830 1.579793 0.040085
v -0.279855 1.595114 0.085020
v -0.262558 1.667976 0.153413
v -0.254918 1.629774 0.078839
v -0.185905 1.636430 0.034684
v -0.191856 1.681111 0.065340
v -0.170106 1.718007 0.129663
v -0.072741 1.638229 0.020882
v -0.082098 1.689743 0.039690
v -0.093087 1.723581 0.089759
v 0.031547 1.613813 0.049596
v 0.034630 1.646960 0.050967
v 0.003098 1.689626 0.059409
v 0.009802 1.725223 0.121962
v -0.058604 1.738014 0.158115
v 0.055811 1.683225 0.082443
v 0.121383 1.594134 0.108249
v 0.127369 1.625518 0.111203
v 0.103647 1.672007 0.113102
v 0.100996 1.702637 0.177256
v 0.027520 1.729206 0.199721
v 0.144286 1.656262 0.149617
v 0.084943 1.707318 0.238154
v 0.180442 1.561045 0.185676
v 0.188610 1.600540 0.190691
v 0.179998 1.643712 0.222841
v 0.138826 1.675366 0.268201
v 0.204476 1.520709 0.270538
v 0.207456 1.581608 0.279522
v 0.178504 1.612387 0.328538
v 0.135646 1.650947 0.327444
v 0.205846 1.548995 0.324896
v 0.114576 1.649061 0.354119
v 0.170494 1.442165 0.341056
v 0.183572 1.462668 0.363834
v 0.193551 1.515185 0.369167
v 0.152537 1.553281 0.414900
v 0.171235 1.482022 0.411032
v 0.090482 1.605460 0.421869
v 0.111182 1.385619 0.413053
v 0.122147 1.403452 0.437374
v 0.139854 1.451247 0.448744
v 0.095045 1.492862 0.485093
v 0.055598 1.564683 0.468775
v 0.101074 1.424096 0.480233
v 0.041709 1.525231 0.494884
v 0.039985 1.354485 0.469103
v 0.037420 1.389415 0.510050
v 0.019983 1.443300 0.525868
v -0.007449 1.525469 0.507673
v -0.064927 1.328892 0.479387
v -0.046796 1.370326 0.521251
v -0.078484 1.425349 0.533749
v -0.030390 1.471209 0.528974
v -0.101803 1.363256 0.514254
v -0.187782 1.322482 0.417457
v -0.174564 1.332336 0.457557
v -0.156581 1.362307 0.498351
v -0.182448 1.429433 0.505428
v -0.126542 1.483640 0.514688
v -0.209142 1.367876 0.474751
v -0.267825 1.356575 0.399218
v -0.257136 1.379954 0.444677
v -0.273111 1.449184 0.448216
v -0.213491 1.496906 0.476104
v -0.290241 1.365967 0.338909
v -0.298131 1.397608 0.409455
v -0.269282 1.510030 0.431731
v -0.324119 1.398135 0.353623
v -0.329456 1.444391 0.382494
v -0.306295 1.503747 0.399793
v -0.106521 1.555162 0.045316
v -0.009204 1.522039 0.086622
v 0.096725 1.520676 0.137499
v 0.165946 1.495998 0.223140
v -0.152572 1.504804 0.080747
v 0.080174 1.480465 0.169916
v -0.069788 1.437880 0.162818
v 0.058530 1.440495 0.209272
v 0.136028 1.423646 0.301865
v -0.213126 1.436392 0.156782
v 0.031581 1.402917 0.252665
v -0.131592 1.366914 0.260933
v -0.000099 1.370352 0.296570
v 0.076418 1.366491 0.376407
v -0.254681 1.380797 0.252705
v -0.167719 1.336458 0.328536
v -0.052968 1.331724 0.363492
v 0.020989 1.339376 0.423176
v 0.059298 1.693076 0.315005
v -0.035550 1.722264 0.280182
v -0.132923 1.726847 0.210693
v -0.077153 1.714513 0.291480
v -0.169940 1.705873 0.259679
v 0.017688 1.674007 0.369622
v -0.101124 1.695110 0.327815
v 0.004582 1.634651 0.421268
v -0.092909 1.649099 0.402765
v -0.188304 1.674020 0.322594
v -0.029549 1.592702 0.465268
v -0.187005 1.644805 0.368822
v -0.115883 1.579798 0.467623
v -0.225074 1.625396 0.370716
v -0.183684 1.572844 0.447431
v -0.254284 1.581336 0.393559
v 0.184628 1.353834 0.503424
v 0.140506 1.403376 0.527551
v 0.121879 1.456472 0.543216
v 0.125206 1.489790 0.550444
v 0.223011 1.411210 0.426440
v 0.176247 1.470799 0.446568
v 0.152187 1.524993 0.469670
v 0.151841 1.552315 0.486139
v 0.308337 1.489595 0.323615
v 0.260352 1.536386 0.344549
v 0.207799 1.579552 0.397085
v 0.200553 1.599236 0.422301
v 0.269032 1.586623 0.338504
v 0.263914 1.622715 0.361914
v 0.400633 1.522190 0.276203
v 0.373672 1.580973 0.285916
v 0.323582 1.618691 0.322749
v 0.355637 1.616301 0.319093
v 0.320123 1.633242 0.357928
v 0.462272 1.497713 0.278490
v 0.437591 1.558819 0.288658
v 0.398054 1.603346 0.325412
v 0.398217 1.598126 0.383457
v 0.506128 1.461274 0.305533
v 0.488183 1.518559 0.317895
v 0.448461 1.564830 0.337811
v 0.449138 1.563139 0.360037
v 0.531730 1.406643 0.358511
v 0.482224 1.519240 0.386724
v 0.513047 1.420961 0.433925
v 0.457526 1.479774 0.477243
v 0.530366 1.373186 0.406748
v 0.514862 1.327615 0.452183
v 0.458231 1.411793 0.517324
v 0.411255 1.471120 0.529525
v 0.486045 1.281470 0.492353
v 0.484007 1.339393 0.508577
v 0.433123 1.334290 0.563955
v 0.394287 1.398724 0.578716
v 0.443949 1.259080 0.544006
v 0.398125 1.251156 0.583520
v 0.371413 1.310895 0.611212
v 0.332572 1.378124 0.619908
v 0.310956 1.261844 0.631061
v 0.304157 1.338709 0.637633
v 0.303458 1.221158 0.605492
v 0.275319 1.309841 0.644596
v 0.237171 1.268679 0.639189
v 0.246496 1.343033 0.649481
v 0.243076 1.236702 0.602638
v 0.204413 1.360239 0.649421
v 0.176476 1.298419 0.625142
v 0.171697 1.353176 0.640661
v 0.194609 1.276785 0.580029
v 0.147894 1.368688 0.627591
v 0.140186 1.412114 0.620769
v 0.138927 1.347386 0.602894
v 0.384143 1.421769 0.318931
v 0.447875 1.389053 0.321418
v 0.494976 1.360498 0.344644
v 0.523574 1.363025 0.367284
v 0.516149 1.331536 0.391051
v 0.336326 1.356235 0.383056
v 0.403320 1.313830 0.390367
v 0.459189 1.286963 0.410681
v 0.502922 1.299887 0.420317
v 0.483893 1.271422 0.452055
v 0.286122 1.299481 0.460008
v 0.347185 1.253932 0.473332
v 0.405132 1.233816 0.485693
v 0.459490 1.248214 0.484391
v 0.431754 1.231071 0.515611
v 0.266392 1.258287 0.518735
v 0.335400 1.219615 0.532872
v 0.388056 1.215907 0.537785
v 0.380514 1.558442 0.475114
v 0.325919 1.602125 0.455726
v 0.272873 1.624668 0.436161
v 0.243182 1.625874 0.422981
v 0.345437 1.524749 0.534876
v 0.280185 1.568369 0.521572
v 0.221104 1.591800 0.500904
v 0.191604 1.593249 0.484054
v 0.232693 1.498441 0.594411
v 0.184550 1.537657 0.560362
v 0.156812 1.541390 0.541731
v 0.292773 1.450921 0.607274
v 0.156324 1.491941 0.590103
v -0.597576 1.047669 -0.265341
v -0.628530 1.137935 -0.219401
v -0.631394 1.229026 -0.140492
v -0.580808 1.079120 -0.319700
v -0.623967 1.181029 -0.227548
v -0.619466 1.254352 -0.203302
v -0.592766 1.182928 -0.308661
v -0.541318 1.128035 -0.387266
v -0.598768 1.293857 -0.237447
v -0.542019 1.237499 -0.373890
v -0.567237 1.321945 -0.284855
v -0.472891 1.194576 -0.451260
v -0.538281 1.324278 -0.330563
v -0.485412 1.232612 -0.431980
v -0.486499 1.313816 -0.398895
v -0.519240 1.373321 -0.312491
v -0.409781 1.221175 -0.479508
v -0.401738 1.314658 -0.450055
v -0.355219 1.221866 -0.493839
v -0.418573 1.393145 -0.387489
v -0.325985 1.325981 -0.453433
v -0.403426 1.447755 -0.326978
v -0.297222 1.190440 -0.489112
v -0.292256 1.245072 -0.477753
v -0.347907 1.415122 -0.381972
v -0.282332 1.322665 -0.436774
v -0.284931 1.387235 -0.377568
v -0.347271 1.458375 -0.307503
v -0.260245 1.207608 -0.459051
v -0.259187 1.314430 -0.417111
v -0.307834 1.436325 -0.319725
v -0.247140 1.166429 -0.427226
v -0.238595 1.238685 -0.409630
v -0.246647 1.333529 -0.354793
v -0.282283 1.410454 -0.275846
v -0.247894 1.135392 -0.360320
v -0.245122 1.237300 -0.302899
v -0.266421 1.342287 -0.252481
v -0.316282 1.407859 -0.174121
v -0.280986 1.316695 -0.206416
v -0.286669 1.054812 -0.284873
v -0.288708 1.159662 -0.208652
v -0.302937 1.286889 -0.158448
v -0.360618 1.363399 -0.081550
v -0.330692 1.253132 -0.111866
v -0.347819 0.993882 -0.200365
v -0.357866 1.086826 -0.115545
v -0.362169 1.216410 -0.070456
v -0.414493 1.294968 -0.011032
v -0.395831 1.179921 -0.035784
v -0.412695 0.957026 -0.138884
v -0.429280 1.028996 -0.058359
v -0.446696 1.125365 -0.000298
v -0.467853 1.246393 0.028624
v -0.479107 0.936777 -0.112317
v -0.485121 1.014190 -0.031994
v -0.501687 1.136003 0.030554
v -0.527849 0.999040 -0.039498
v -0.531955 1.104940 0.021813
v -0.531349 1.184863 0.038083
v -0.521793 0.922792 -0.156001
v -0.548898 0.962315 -0.096057
v -0.565428 1.048808 -0.018003
v -0.578144 1.116655 0.008093
v -0.571726 1.190709 0.025670
v -0.573541 0.960570 -0.171020
v -0.605128 1.032342 -0.095928
v -0.608355 1.121713 -0.028090
v -0.623861 1.133137 -0.059200
v -0.622333 1.189845 -0.038997
v -0.604451 1.013291 -0.192355
v -0.631494 1.105270 -0.118163
v -0.409929 1.114903 -0.481061
v -0.356089 1.068173 -0.479017
v -0.297603 1.080711 -0.463396
v -0.269356 1.071794 -0.410155
v -0.442512 1.059509 -0.451574
v -0.314893 1.032595 -0.441559
v -0.404047 0.983092 -0.419569
v -0.350615 0.990529 -0.419224
v -0.325812 0.977371 -0.379649
v -0.490750 0.998519 -0.386948
v -0.376148 0.954425 -0.382172
v -0.310177 0.986439 -0.337795
v -0.459034 0.926990 -0.333762
v -0.404066 0.926799 -0.339914
v -0.380634 0.921681 -0.298484
v -0.534564 0.961338 -0.303864
v -0.432915 0.908757 -0.294030
v -0.366288 0.936312 -0.257490
v -0.496968 0.912521 -0.264512
v -0.449031 0.900373 -0.239814
v -0.409607 0.920359 -0.205209
v -0.395205 1.478827 -0.210918
v -0.458738 1.464832 -0.220827
v -0.360836 1.456285 -0.163622
v -0.421358 1.470956 -0.161684
v -0.496101 1.432750 -0.249790
v -0.382689 1.418435 -0.094805
v -0.448342 1.452420 -0.114469
v -0.514846 1.428906 -0.135091
v -0.415160 1.417443 -0.066807
v -0.475677 1.424317 -0.071321
v -0.548811 1.397854 -0.177018
v -0.434736 1.356380 -0.017579
v -0.502375 1.387957 -0.034345
v -0.562930 1.361143 -0.063365
v -0.467764 1.346270 0.001946
v -0.526783 1.345136 -0.005190
v -0.590011 1.339368 -0.112906
v -0.521865 1.291776 0.026343
v -0.569155 1.298547 -0.002613
v -0.603795 1.291579 -0.059596
v -0.281447 0.936726 -0.078631
v -0.320413 1.017463 -0.058629
v -0.333625 1.051663 0.000960
v -0.339567 1.134527 0.029802
v -0.316125 1.196419 0.100277
v -0.266833 0.965826 -0.153071
v -0.331036 1.088658 -0.052905
v -0.307468 1.256955 0.039578
v -0.289704 1.044159 -0.156832
v -0.321291 1.154239 -0.086157
v -0.324557 1.211944 -0.000834
v -0.233241 1.024507 -0.230035
v -0.284265 1.136907 -0.173755
v -0.294981 1.247188 -0.091882
v -0.274036 1.313407 -0.024891
v -0.183850 1.068087 -0.283961
v -0.247786 1.174433 -0.217354
v -0.259363 1.281014 -0.136005
v -0.185519 1.152621 -0.280994
v -0.212883 1.260980 -0.217478
v -0.223558 1.349075 -0.108469
v -0.079700 1.116626 -0.333819
v -0.136554 1.184030 -0.304808
v -0.160454 1.287388 -0.246023
v -0.163041 1.370140 -0.158441
v -0.011982 1.163077 -0.338402
v 0.003751 1.249596 -0.311888
v -0.026225 1.367574 -0.227776
v -0.096622 1.397639 -0.169514
v 0.068060 1.150212 -0.332933
v 0.028925 1.306184 -0.274758
v 0.018306 1.430643 -0.127009
v 0.104581 1.217034 -0.303377
v 0.087352 1.333436 -0.238083
v 0.035047 1.399965 -0.179255
v 0.163528 1.143492 -0.296387
v 0.159835 1.270320 -0.248364
v 0.133067 1.376049 -0.164193
v 0.101536 1.426302 -0.088090
v 0.232082 1.122869 -0.250325
v 0.216164 1.257527 -0.212265
v 0.188258 1.361207 -0.131132
v 0.265688 1.181474 -0.199388
v 0.254277 1.291699 -0.134238
v 0.193487 1.390717 -0.055140
v 0.300370 1.069589 -0.159841
v 0.301822 1.162056 -0.151756
v 0.292611 1.265162 -0.088551
v 0.249049 1.348664 -0.013351
v 0.326044 1.053296 -0.083424
v 0.339652 1.108483 -0.011278
v 0.313722 1.233127 0.064117
v 0.246237 1.334230 0.094327
v 0.317440 0.991950 -0.030832
v 0.331037 1.140432 0.052905
v 0.290595 1.242224 0.117181
v 0.238581 1.297482 0.165430
v 0.320326 1.020759 0.045550
v 0.311000 1.130028 0.123558
v 0.275106 1.209858 0.169166
v 0.283787 0.933599 0.046350
v 0.294850 1.035447 0.135297
v 0.263679 1.149723 0.205637
v 0.195433 1.254592 0.243819
v 0.234944 0.887094 0.098291
v 0.258080 0.999486 0.179955
v 0.228742 1.112247 0.247287
v 0.214929 0.918819 0.174132
v 0.203217 1.019950 0.252615
v 0.172947 1.151323 0.292379
v 0.164431 0.895615 0.203509
v 0.126614 0.952294 0.273675
v 0.116956 1.026802 0.310438
v 0.088682 1.142584 0.330494
v 0.015490 0.876352 0.241975
v 0.035656 0.929690 0.282522
v 0.000382 1.000071 0.321697
v 0.010566 1.094292 0.340841
v -0.017451 0.807567 0.149024
v -0.028924 0.922907 0.274758
v -0.074876 1.101728 0.332585
v -0.073954 0.847886 0.192099
v -0.097639 0.950825 0.275480
v -0.074339 1.039764 0.322035
v -0.112980 0.814615 0.112702
v -0.149249 0.902033 0.209906
v -0.164369 1.020861 0.277950
v -0.159733 1.114789 0.299578
v -0.166389 0.829361 0.080929
v -0.205870 0.916390 0.174868
v -0.218882 1.032051 0.242412
v -0.233569 1.128927 0.248154
v -0.224859 0.857851 0.029685
v -0.254355 0.937408 0.134198
v -0.265258 1.046639 0.199500
v -0.273944 0.917589 0.050458
v -0.301600 1.012129 0.121224
v -0.293641 1.119493 0.175401
v -0.007020 1.025521 -0.330213
v 0.065089 0.975454 -0.303224
v 0.131550 0.990507 -0.287351
v 0.195243 0.961067 -0.234346
v 0.283548 0.995709 -0.152547
v -0.054754 0.965797 -0.302694
v 0.108501 0.934587 -0.262482
v 0.211263 0.928875 -0.188078
v 0.263667 0.927448 -0.115013
v -0.008977 0.908653 -0.266470
v 0.110803 0.880149 -0.212153
v 0.189373 0.881548 -0.152430
v -0.099323 0.896965 -0.241285
v 0.020393 0.848098 -0.200219
v 0.138408 0.837075 -0.130014
v 0.231977 0.866445 -0.043444
v -0.127442 0.865609 -0.193272
v -0.011221 0.815073 -0.149726
v 0.105060 0.805345 -0.082683
v 0.183068 0.824480 0.009868
v -0.164595 0.840734 -0.123575
v -0.042016 0.793098 -0.094813
v 0.069299 0.784547 -0.032746
v -0.124438 0.803639 -0.065083
v -0.020303 0.774498 -0.010159
v 0.084808 0.786580 0.047560
v 0.170023 1.397921 0.088349
v 0.085962 1.433733 0.079099
v 0.045828 1.450071 0.024162
v -0.039519 1.453692 0.003289
v -0.106368 1.432917 -0.063397
v 0.148639 1.375236 0.163387
v 0.014099 1.440680 0.080571
v -0.160579 1.415538 0.001275
v 0.069941 1.393123 0.176015
v -0.047590 1.424309 0.118357
v -0.112964 1.431627 0.039027
v 0.099008 1.331748 0.241754
v -0.020483 1.380884 0.200355
v -0.138196 1.392270 0.129695
v -0.209150 1.373426 0.067068
v 0.067967 1.292576 0.281514
v -0.051992 1.338649 0.243519
v -0.166021 1.351061 0.173135
v -0.244895 1.315047 0.127152
v 0.031484 1.229647 0.321085
v -0.081102 1.289201 0.277491
v -0.188507 1.302404 0.209635
v -0.047976 1.219872 0.320918
v -0.157354 1.242773 0.273761
v -0.247807 1.248162 0.194301
v 0.292124 0.856585 0.199597
v 0.254320 0.942480 0.269478
v 0.239884 1.029074 0.348919
v 0.246640 1.086360 0.347217
v 0.336443 0.907442 0.104001
v 0.299311 1.012593 0.170127
v 0.272616 1.104750 0.268634
v 0.288711 1.167972 0.267156
v 0.395656 0.978761 0.026532
v 0.367676 1.089680 0.079901
v 0.331794 1.175516 0.180837
v 0.353345 1.228389 0.180186
v 0.450291 1.060224 -0.014003
v 0.432321 1.186084 0.046984
v 0.417742 1.270543 0.130667
v 0.520186 1.072103 -0.036956
v 0.492997 1.172672 0.003370
v 0.467797 1.274778 0.092603
v 0.538790 1.171402 -0.000256
v 0.505890 1.263893 0.072911
v 0.571770 1.038383 -0.025601
v 0.577600 1.112910 -0.008237
v 0.558554 1.217129 0.042977
v 0.496180 1.308527 0.143610
v 0.549327 1.266941 0.096640
v 0.614215 1.050463 0.023210
v 0.613704 1.150774 0.064764
v 0.582987 1.243374 0.120275
v 0.553223 1.291372 0.177627
v 0.600183 1.222886 0.145241
v 0.634002 1.010837 0.109025
v 0.633676 1.079777 0.093658
v 0.628580 1.148981 0.153048
v 0.599057 1.217957 0.217206
v 0.630550 1.080329 0.212063
v 0.597184 1.183464 0.264809
v 0.622742 0.972479 0.172644
v 0.616820 1.086384 0.253524
v 0.590121 1.132069 0.309946
v 0.599484 0.928287 0.221668
v 0.600323 1.005644 0.281199
v 0.551394 1.176654 0.352936
v 0.568885 1.073812 0.350478
v 0.520925 1.139083 0.402946
v 0.551696 0.879688 0.284725
v 0.549355 0.952267 0.347234
v 0.531472 1.032681 0.396211
v 0.471437 1.082237 0.452537
v 0.491451 0.842987 0.335387
v 0.488548 0.905332 0.390902
v 0.472783 0.982310 0.438718
v 0.445227 0.817907 0.350713
v 0.409232 0.874253 0.422820
v 0.424038 0.994328 0.472040
v 0.395459 0.791509 0.347615
v 0.334754 0.856112 0.421577
v 0.356917 0.957430 0.479413
v 0.356784 1.031386 0.496473
v 0.347206 0.770684 0.307470
v 0.326911 0.798241 0.351825
v 0.308159 0.957213 0.474929
v 0.291141 0.859207 0.404767
v 0.267480 0.935421 0.440992
v 0.297299 1.038629 0.489107
v 0.302578 0.794536 0.305216
v 0.267802 0.868475 0.385805
v 0.267272 1.010234 0.467134
v 0.276113 0.824137 0.304152
v 0.244034 0.927443 0.389713
v 0.246453 1.027691 0.434138
v 0.486030 0.922075 -0.022140
v 0.547518 0.931867 -0.015081
v 0.582710 0.912068 0.036882
v 0.610289 0.943539 0.077535
v 0.526694 0.883729 0.005387
v 0.610351 0.929350 0.108865
v 0.420067 0.852335 0.035010
v 0.448129 0.833511 0.036262
v 0.502137 0.840811 0.034648
v 0.540981 0.831346 0.096309
v 0.589264 0.885170 0.142141
v 0.475460 0.804512 0.071647
v 0.568606 0.855476 0.174795
v 0.370125 0.799163 0.117154
v 0.395524 0.779111 0.120788
v 0.448114 0.776440 0.114853
v 0.487275 0.777743 0.175623
v 0.543967 0.831017 0.208851
v 0.421165 0.758025 0.161903
v 0.348152 0.771684 0.189052
v 0.395138 0.750235 0.210895
v 0.446539 0.762812 0.239598
v 0.505409 0.806608 0.257836
v 0.485599 1.315334 0.286852
v 0.448856 1.328718 0.238968
v 0.522915 1.260935 0.326187
v 0.419832 1.321614 0.285852
v 0.401958 1.312833 0.234901
v 0.490250 1.230106 0.387672
v 0.430770 1.277860 0.379919
v 0.404067 1.302291 0.339914
v 0.368360 1.287966 0.357004
v 0.341900 1.277326 0.321254
v 0.454194 1.185252 0.437503
v 0.377955 1.205425 0.454069
v 0.350616 1.238562 0.419223
v 0.430622 1.150003 0.463448
v 0.319189 1.213784 0.429465
v 0.294962 1.209273 0.392751
v 0.391674 1.120199 0.487072
v 0.321549 1.145145 0.478588
v 0.279674 1.148113 0.443074
v -0.459411 0.744899 -0.468522
v -0.503926 0.794528 -0.440879
v -0.527049 0.843727 -0.414993
v -0.528223 0.871548 -0.399253
v -0.433246 0.787043 -0.527584
v -0.478853 0.847853 -0.505069
v -0.503072 0.902900 -0.477487
v -0.504120 0.930161 -0.458115
v -0.370635 0.841350 -0.599086
v -0.432816 0.894867 -0.564255
v -0.456358 0.947576 -0.537865
v -0.459439 0.972816 -0.516687
v -0.388914 0.966909 -0.595466
v -0.279169 0.871641 -0.641556
v -0.302654 0.935116 -0.638904
v -0.317966 0.980562 -0.625221
v -0.387772 1.002566 -0.575557
v -0.322942 1.007881 -0.601568
v -0.214097 0.851624 -0.646190
v -0.220285 0.913089 -0.650579
v -0.272317 0.988960 -0.624129
v -0.270168 1.003389 -0.603289
v -0.222727 0.955523 -0.636980
v -0.154232 0.832295 -0.630975
v -0.163796 0.901349 -0.632149
v -0.207239 0.963757 -0.617321
v -0.230741 0.981687 -0.581726
v -0.181747 0.942876 -0.605423
v -0.126256 0.799809 -0.599837
v -0.130204 0.857901 -0.599116
v -0.158446 0.908848 -0.578549
v -0.195780 0.936196 -0.551465
v -0.122495 0.748346 -0.547657
v -0.126348 0.800075 -0.541153
v -0.197727 0.886536 -0.497379
v -0.148848 0.836755 -0.520743
v -0.139107 0.707982 -0.495982
v -0.196826 0.788666 -0.436572
v -0.251057 0.847623 -0.420713
v -0.171624 0.657211 -0.449573
v -0.177989 0.712649 -0.431152
v -0.237907 0.742541 -0.379500
v -0.296282 0.773057 -0.346326
v -0.217553 0.630441 -0.392447
v -0.270442 0.616323 -0.346506
v -0.276830 0.678441 -0.330672
v -0.357206 0.626996 -0.299276
v -0.363502 0.663627 -0.286061
v -0.348003 0.602744 -0.345547
v -0.394232 0.687928 -0.275348
v -0.419513 0.645226 -0.304433
v -0.434127 0.736655 -0.277409
v -0.400331 0.627907 -0.364490
v -0.452356 0.699384 -0.279913
v -0.460554 0.675693 -0.326380
v -0.496416 0.726104 -0.311369
v -0.487057 0.765522 -0.291303
v -0.458856 0.682618 -0.385656
v -0.511072 0.749007 -0.356244
v -0.520268 0.786559 -0.326441
v -0.300014 0.762437 -0.597292
v -0.225969 0.746141 -0.604038
v -0.171678 0.725081 -0.586317
v -0.134119 0.739125 -0.573653
v -0.141297 0.707776 -0.549771
v -0.259694 0.685152 -0.551977
v -0.200807 0.661485 -0.531012
v -0.153911 0.676949 -0.521323
v -0.345730 0.704289 -0.534674
v -0.172293 0.649221 -0.490537
v -0.315564 0.631840 -0.471446
v -0.246168 0.617968 -0.468936
v -0.195968 0.626744 -0.459326
v -0.382425 0.671282 -0.474250
v -0.223084 0.610155 -0.429172
v -0.285701 0.601410 -0.421949
v -0.250987 0.599833 -0.392379
v -0.254580 0.939529 -0.492329
v -0.318847 0.993874 -0.512864
v -0.375208 1.011387 -0.522347
v -0.409563 1.007306 -0.526968
v -0.376626 0.947093 -0.429981
v -0.435228 0.970698 -0.446236
v -0.324498 0.887836 -0.399781
v -0.464732 0.971462 -0.460179
v -0.428919 0.877699 -0.352048
v -0.480112 0.905873 -0.374435
v -0.401156 0.806454 -0.311638
v -0.478152 0.839265 -0.321053
v -0.509843 0.892447 -0.372996
v -0.151829 0.598156 -0.341961
v -0.198801 0.639784 -0.315145
v -0.209332 0.670603 -0.263855
v -0.208013 0.703685 -0.308023
v -0.195504 0.717110 -0.257167
v -0.123744 0.649382 -0.421842
v -0.172970 0.704118 -0.405059
v -0.194664 0.725180 -0.361393
v -0.183790 0.762522 -0.376357
v -0.171261 0.785831 -0.339853
v -0.070754 0.706091 -0.486601
v -0.110798 0.766820 -0.479532
v -0.141595 0.788455 -0.440138
v -0.119562 0.821604 -0.449637
v -0.112898 0.842277 -0.411854
v 0.029249 0.755854 -0.529529
v -0.036774 0.773724 -0.518588
v -0.035792 0.832987 -0.514037
v -0.034907 0.875012 -0.474575
v 0.075839 0.837007 -0.530526
v 0.042545 0.880229 -0.503795
v 0.106194 0.767869 -0.524854
v 0.096661 0.888175 -0.496353
v 0.056812 0.903970 -0.463403
v 0.178033 0.760320 -0.502464
v 0.185254 0.835446 -0.500228
v 0.154384 0.877425 -0.489943
v 0.184192 0.890523 -0.463931
v 0.161542 0.908600 -0.429388
v 0.262088 0.742783 -0.449136
v 0.280869 0.812755 -0.439516
v 0.253889 0.860013 -0.436874
v 0.277220 0.864369 -0.403539
v 0.252152 0.885052 -0.374501
v 0.324551 0.695225 -0.358821
v 0.320815 0.755330 -0.393048
v 0.342195 0.795691 -0.354999
v 0.324652 0.835094 -0.316741
v 0.361406 0.717580 -0.275757
v 0.355074 0.777168 -0.265756
v 0.318782 0.804915 -0.226853
v 0.327284 0.652396 -0.293661
v 0.353030 0.747964 -0.218961
v 0.335935 0.651331 -0.187139
v 0.343969 0.703488 -0.181169
v 0.320613 0.725619 -0.145905
v 0.294190 0.591786 -0.221598
v 0.321772 0.671460 -0.139186
v 0.283754 0.746240 -0.130311
v 0.251783 0.552494 -0.171249
v 0.273606 0.589462 -0.112096
v 0.290899 0.640212 -0.102424
v 0.262184 0.663680 -0.073368
v 0.252561 0.611315 -0.072227
v 0.223401 0.684737 -0.063148
v 0.179108 0.516269 -0.125702
v 0.192818 0.543429 -0.072312
v 0.186690 0.585250 -0.036952
v 0.175509 0.643504 -0.034997
v 0.096463 0.496421 -0.123549
v 0.086761 0.520351 -0.060374
v 0.103194 0.567545 -0.025816
v 0.048357 0.563476 -0.030629
v 0.076829 0.608665 -0.022242
v 0.003727 0.494344 -0.158043
v -0.022293 0.519998 -0.091969
v -0.005080 0.551242 -0.052619
v -0.041167 0.571835 -0.055794
v -0.029936 0.614946 -0.048862
v -0.081062 0.515806 -0.208715
v -0.118060 0.543526 -0.152110
v -0.104585 0.568654 -0.105688
v -0.133558 0.594545 -0.118519
v -0.119732 0.634150 -0.106690
v -0.142478 0.550262 -0.240087
v -0.176101 0.593003 -0.190515
v -0.173294 0.640898 -0.165800
v 0.062560 0.681303 -0.495813
v 0.153783 0.647792 -0.455610
v 0.041271 0.625382 -0.457107
v 0.166134 0.620672 -0.423515
v 0.234745 0.600481 -0.355828
v 0.146416 0.587976 -0.395008
v -0.015059 0.581615 -0.405344
v 0.069915 0.552567 -0.368636
v 0.166496 0.555815 -0.336952
v 0.217857 0.542088 -0.257497
v 0.142863 0.531659 -0.303334
v -0.053619 0.541786 -0.331716
v 0.024617 0.512655 -0.292689
v 0.105355 0.504186 -0.250097
v 0.162958 0.507938 -0.188023
v 0.258614 0.855279 -0.271000
v 0.159799 0.886613 -0.310080
v 0.066337 0.902837 -0.379453
v 0.244334 0.835341 -0.226998
v 0.010259 0.892699 -0.373496
v 0.224516 0.808421 -0.180827
v 0.101873 0.829448 -0.210401
v 0.000582 0.859074 -0.296979
v 0.199342 0.776557 -0.136713
v -0.060913 0.839461 -0.291522
v 0.168910 0.741823 -0.098111
v 0.037348 0.749811 -0.121095
v -0.058358 0.789027 -0.209813
v 0.136674 0.706307 -0.066858
v -0.109462 0.764754 -0.206522
v 0.081799 0.675917 -0.047220
v -0.050340 0.699667 -0.104062
v -0.135979 0.716362 -0.174646
v 0.300900 0.524320 -0.100650
v 0.290557 0.548693 -0.055573
v 0.307199 0.597357 0.015015
v 0.303687 0.588708 -0.059618
v 0.335980 0.652197 -0.062555
v 0.318071 0.561692 -0.154358
v 0.353896 0.594730 -0.212786
v 0.343004 0.631793 -0.168499
v 0.369493 0.697047 -0.103799
v 0.394698 0.648963 -0.251291
v 0.424217 0.726896 -0.226356
v 0.440813 0.765809 -0.169854
v 0.435275 0.683999 -0.275303
v 0.480409 0.704272 -0.281911
v 0.512944 0.767197 -0.266654
v 0.507562 0.793153 -0.237445
v 0.518051 0.714711 -0.272403
v 0.528980 0.818769 -0.214322
v 0.568670 0.784241 -0.237586
v 0.555205 0.843352 -0.162568
v 0.564865 0.719104 -0.233424
v 0.582311 0.833017 -0.192334
v 0.603905 0.784888 -0.194550
v 0.622970 0.824521 -0.148527
v 0.600811 0.853730 -0.122072
v 0.607225 0.712817 -0.155484
v 0.619525 0.751274 -0.154011
v 0.627708 0.841265 -0.096441
v 0.641313 0.788014 -0.097738
v 0.640150 0.824778 -0.052001
v 0.634966 0.732056 -0.035309
v 0.640348 0.777967 0.003271
v 0.631021 0.818378 0.005426
v 0.622267 0.803841 0.041811
v 0.584122 0.633215 -0.020683
v 0.608608 0.685604 0.033546
v 0.613289 0.735304 0.076963
v 0.598973 0.772725 0.098065
v 0.522965 0.571089 0.045527
v 0.562993 0.636326 0.091193
v 0.567813 0.683987 0.132837
v 0.566311 0.734402 0.141022
v 0.541069 0.706077 0.163109
v 0.508429 0.621423 0.161135
v 0.507073 0.679404 0.182651
v 0.435385 0.519975 0.073880
v 0.441476 0.549725 0.134420
v 0.442418 0.581348 0.172976
v 0.484486 0.640529 0.186588
v 0.436338 0.613292 0.189495
v 0.379126 0.492750 0.046489
v 0.370423 0.511116 0.104992
v 0.396614 0.573783 0.172448
v 0.387434 0.597036 0.177151
v 0.359856 0.538424 0.138667
v 0.324297 0.485064 0.012960
v 0.316376 0.509760 0.077686
v 0.339704 0.555178 0.135946
v 0.318600 0.552543 0.108107
v 0.332969 0.587398 0.124401
v 0.297751 0.496521 -0.006034
v 0.296021 0.533184 0.055492
v 0.448445 0.618294 -0.258224
v 0.496933 0.615248 -0.224186
v 0.543359 0.623745 -0.170820
v 0.591803 0.650495 -0.094677
v 0.391626 0.558223 -0.213957
v 0.440738 0.556857 -0.191010
v 0.496338 0.565456 -0.137011
v 0.542866 0.585941 -0.066351
v 0.354114 0.514043 -0.149282
v 0.410380 0.516771 -0.135939
v 0.480825 0.537725 -0.080067
v 0.408155 0.498878 -0.070060
v 0.464439 0.520080 -0.017169
v 0.341460 0.490151 -0.087389
v 0.478982 0.533023 0.012865
v 0.606364 0.833943 0.012115
v 0.576576 0.846447 -0.030464
v 0.521247 0.832976 -0.098653
v 0.537193 0.830431 -0.024670
v 0.475095 0.794139 -0.019990
v 0.574935 0.809816 0.066992
v 0.559909 0.780033 0.108759
v 0.506709 0.779307 0.083870
v 0.433928 0.760939 -0.029163
v 0.523195 0.735643 0.153852
v 0.409260 0.713374 0.073670
v 0.459450 0.696971 0.167737
v 0.391077 0.668305 0.131146
v -0.411717 1.664035 -0.301467
v -0.425501 1.695878 -0.272280
v -0.417688 1.740081 -0.197904
v -0.397017 1.667162 -0.338884
v -0.405221 1.754385 -0.228188
v -0.385864 1.712347 -0.335238
v -0.358109 1.682641 -0.382237
v -0.385149 1.737733 -0.304122
v -0.286734 1.716941 -0.415423
v -0.350388 1.786338 -0.279867
v -0.303374 1.750418 -0.380057
v -0.277946 1.814069 -0.307145
v -0.203924 1.739996 -0.425911
v -0.205999 1.780379 -0.391590
v -0.215603 1.825985 -0.324878
v -0.139082 1.754502 -0.417440
v -0.133637 1.803342 -0.370109
v -0.148164 1.842312 -0.307653
v -0.092591 1.766266 -0.394626
v -0.080061 1.818919 -0.331129
v -0.099977 1.851761 -0.277059
v -0.070205 1.772357 -0.374903
v -0.055288 1.769869 -0.351183
v -0.044611 1.803185 -0.315142
v -0.058669 1.844591 -0.247340
v -0.046526 1.779343 -0.305771
v -0.046212 1.828549 -0.234673
v -0.086020 1.858880 -0.167159
v -0.053500 1.799729 -0.235616
v -0.066264 1.832805 -0.179620
v -0.106041 1.854950 -0.127114
v -0.096751 1.787301 -0.184257
v -0.107069 1.822143 -0.127518
v -0.130339 1.846082 -0.096090
v -0.136769 1.747619 -0.212158
v -0.171346 1.764708 -0.139413
v -0.182142 1.818455 -0.065605
v -0.223704 1.819716 -0.049718
v -0.249895 1.720879 -0.168416
v -0.266293 1.748009 -0.109169
v -0.255952 1.789117 -0.060622
v -0.337753 1.679166 -0.212641
v -0.331003 1.737382 -0.106596
v -0.330486 1.768795 -0.075964
v -0.406696 1.689923 -0.194114
v -0.390246 1.727316 -0.135186
v -0.357643 1.770928 -0.091443
v -0.401401 1.663726 -0.255228
v -0.417865 1.708650 -0.183803
v -0.394283 1.750096 -0.129618
v -0.244261 1.687049 -0.432926
v -0.181436 1.695498 -0.428423
v -0.065789 1.749533 -0.341972
v -0.133071 1.707167 -0.403003
v -0.273604 1.665414 -0.417049
v -0.180381 1.682886 -0.364225
v -0.320216 1.653551 -0.392362
v -0.253828 1.658186 -0.381224
v -0.105476 1.732637 -0.294120
v -0.198224 1.692314 -0.286382
v -0.349435 1.645509 -0.350482
v -0.296830 1.658801 -0.300725
v -0.118628 1.871371 -0.175272
v -0.191617 1.872472 -0.195385
v -0.135534 1.870274 -0.132162
v -0.252837 1.854940 -0.214671
v -0.229357 1.864436 -0.123201
v -0.297373 1.843379 -0.163516
v -0.168983 1.866847 -0.100985
v -0.201183 1.852809 -0.069915
v -0.282020 1.839493 -0.088379
v -0.334564 1.820249 -0.122244
v -0.224731 1.839684 -0.056354
v -0.288382 1.819821 -0.060878
v -0.349202 1.802816 -0.103500
v -0.064364 1.727225 -0.154747
v -0.097812 1.760876 -0.109716
v -0.097620 1.786939 -0.041800
v -0.097946 1.796870 -0.072554
v -0.081840 1.816493 -0.023454
v -0.044662 1.738666 -0.216963
v -0.079304 1.775127 -0.173146
v -0.083556 1.810221 -0.112743
v -0.037523 1.841954 -0.096566
v 0.000878 1.749469 -0.259129
v -0.029402 1.787591 -0.221873
v -0.047164 1.813579 -0.165975
v -0.029729 1.826202 -0.160242
v 0.077336 1.755989 -0.282331
v 0.019718 1.811611 -0.218355
v 0.122411 1.803241 -0.237927
v 0.108165 1.837098 -0.177429
v 0.135352 1.762238 -0.276314
v 0.222298 1.740290 -0.257290
v 0.206947 1.782408 -0.228125
v 0.166147 1.835722 -0.155754
v 0.294629 1.727379 -0.210906
v 0.269934 1.773995 -0.188960
v 0.220685 1.827919 -0.122208
v 0.320253 1.775065 -0.106999
v 0.269717 1.814426 -0.071266
v 0.344307 1.721870 -0.151271
v 0.369733 1.701440 -0.102369
v 0.370246 1.729515 -0.042987
v 0.332734 1.772873 -0.019404
v 0.378972 1.683590 -0.056403
v 0.316497 1.784948 0.016382
v 0.369872 1.707367 0.028074
v 0.323578 1.765314 0.059995
v 0.364954 1.666372 0.001803
v 0.326553 1.745613 0.085068
v 0.259382 1.787566 0.115634
v 0.338006 1.692730 0.087407
v 0.312074 1.736708 0.113043
v 0.312601 1.656967 0.052911
v 0.291419 1.728964 0.135145
v 0.226663 1.763948 0.159295
v 0.284760 1.684830 0.118204
v 0.255155 1.719746 0.154023
v 0.233987 1.659159 0.068521
v 0.194437 1.688409 0.121376
v 0.169409 1.725434 0.159055
v 0.152138 1.753520 0.168351
v 0.116988 1.667799 0.018165
v 0.090159 1.699794 0.084518
v 0.069705 1.739729 0.129736
v 0.024795 1.686942 -0.034410
v -0.008457 1.719643 0.025792
v -0.019244 1.756116 0.073675
v 0.042199 1.772194 0.134846
v -0.039781 1.712260 -0.060761
v -0.065535 1.751629 0.002541
v -0.051376 1.783358 0.055668
v 0.117849 1.710791 -0.278930
v 0.207503 1.690129 -0.253513
v 0.290485 1.684002 -0.207256
v 0.349975 1.677048 -0.137313
v 0.286445 1.669076 -0.190307
v 0.105204 1.690272 -0.255245
v 0.199797 1.655144 -0.188046
v 0.075943 1.681785 -0.225429
v 0.301205 1.649847 -0.134455
v 0.339984 1.650376 -0.072524
v 0.264523 1.639052 -0.085828
v 0.031842 1.679741 -0.156885
v 0.124246 1.653517 -0.114359
v 0.316068 1.643642 -0.026961
v 0.249218 1.640272 -0.013951
v 0.155178 1.856140 -0.006766
v 0.071147 1.864947 -0.055905
v 0.205295 1.828247 0.073655
v 0.109811 1.844290 0.081760
v 0.033431 1.860034 0.004534
v 0.192178 1.820797 0.104143
v -0.009677 1.851843 -0.010444
v 0.177801 1.810898 0.129519
v 0.020551 1.844084 0.057228
v 0.163604 1.799093 0.148725
v 0.095219 1.807896 0.143062
v -0.010398 1.837364 0.054920
v 0.169766 1.780727 0.162230
v 0.034272 1.811026 0.118981
v -0.030028 1.818452 0.064104
v 0.380396 1.666185 0.141134
v 0.337793 1.727000 0.189337
v 0.434552 1.667735 -0.002979
v 0.355606 1.724849 0.100702
v 0.341505 1.754674 0.129653
v 0.356942 1.762005 0.086266
v 0.394021 1.731200 0.013064
v 0.375923 1.762629 0.054499
v 0.481910 1.676015 -0.060308
v 0.427908 1.730205 -0.025389
v 0.390719 1.771319 0.047292
v 0.485162 1.711181 -0.044434
v 0.437219 1.757846 0.010999
v 0.533602 1.652600 -0.061463
v 0.471036 1.749815 0.019552
v 0.550058 1.676327 -0.024654
v 0.580352 1.623486 -0.036814
v 0.532896 1.702190 0.000830
v 0.626786 1.588000 0.026174
v 0.532747 1.718408 0.063275
v 0.608863 1.632323 0.045169
v 0.571014 1.679606 0.124858
v 0.625644 1.602583 0.137866
v 0.580420 1.652025 0.187508
v 0.626709 1.555528 0.204812
v 0.586734 1.610252 0.237009
v 0.647122 1.511988 0.162844
v 0.553244 1.626106 0.273322
v 0.633866 1.495539 0.204830
v 0.588621 1.551846 0.278213
v 0.619202 1.490374 0.230993
v 0.519116 1.615269 0.315056
v 0.579127 1.511628 0.286805
v 0.524967 1.543397 0.318891
v 0.487266 1.584340 0.335222
v 0.549172 1.501164 0.254931
v 0.505566 1.539362 0.302505
v 0.495998 1.534807 0.223404
v 0.441149 1.604988 0.323197
v 0.447376 1.624705 0.334734
v 0.437688 1.586068 0.256431
v 0.400668 1.645204 0.313021
v 0.374345 1.666562 0.282203
v 0.363708 1.674042 0.254818
v 0.536311 1.600085 -0.042562
v 0.605170 1.560868 -0.011389
v 0.639643 1.532425 0.051792
v 0.574978 1.556851 -0.007983
v 0.617611 1.524713 0.032657
v 0.646986 1.503399 0.104680
v 0.541276 1.548880 0.036427
v 0.610421 1.495402 0.092465
v 0.636368 1.485609 0.130005
v 0.603719 1.479751 0.156628
v 0.530177 1.523827 0.131137
v 0.595620 1.479091 0.188291
v 0.518053 1.716333 0.170781
v 0.403148 1.780585 0.124782
v 0.483162 1.739982 0.176939
v 0.434593 1.741556 0.229997
v 0.382950 1.767803 0.198099
v 0.359332 1.773921 0.170403
v 0.506353 1.692649 0.247446
v 0.414062 1.713829 0.286342
v 0.366790 1.741204 0.253594
v 0.346181 1.750858 0.222009
v 0.454067 1.663436 0.320756
v 0.386649 1.701826 0.299099
v 0.352796 1.723384 0.262139
v -0.359674 1.311109 -0.579786
v -0.391866 1.375709 -0.531699
v -0.399565 1.442878 -0.477887
v -0.393940 1.476287 -0.472550
v -0.339897 1.345485 -0.606569
v -0.365998 1.425401 -0.557234
v -0.371251 1.508651 -0.485880
v -0.339906 1.529216 -0.510590
v -0.278929 1.372380 -0.643057
v -0.325055 1.452768 -0.584079
v -0.267521 1.543442 -0.560584
v -0.225332 1.419551 -0.653022
v -0.242381 1.497168 -0.607440
v -0.147159 1.423539 -0.668838
v -0.168079 1.518038 -0.618787
v -0.168361 1.573787 -0.571870
v -0.056125 1.421984 -0.667474
v -0.055982 1.502103 -0.627800
v -0.103829 1.582192 -0.568974
v -0.102059 1.610896 -0.532238
v -0.048274 1.571557 -0.566408
v 0.010211 1.410529 -0.639765
v 0.010631 1.477439 -0.611768
v -0.038978 1.590080 -0.542141
v 0.008685 1.528347 -0.569901
v -0.014589 1.587567 -0.511172
v 0.021205 1.394778 -0.612442
v 0.025834 1.467054 -0.557858
v 0.005715 1.548134 -0.511065
v -0.039783 1.608560 -0.457746
v -0.003242 1.541149 -0.491188
v 0.000132 1.352407 -0.593927
v -0.012850 1.425685 -0.519318
v -0.028071 1.527224 -0.462963
v -0.064659 1.605249 -0.425319
v -0.099967 1.584928 -0.396738
v -0.033331 1.331207 -0.568220
v -0.069000 1.503617 -0.439177
v -0.093906 1.367477 -0.494948
v -0.111546 1.457370 -0.433795
v -0.160274 1.534662 -0.380848
v -0.213497 1.354434 -0.459956
v -0.232158 1.471513 -0.388758
v -0.280422 1.256327 -0.538188
v -0.312117 1.338170 -0.467536
v -0.305610 1.438920 -0.403296
v -0.303610 1.504089 -0.374875
v -0.350627 1.462185 -0.401072
v -0.338158 1.271936 -0.550952
v -0.369761 1.325288 -0.505126
v -0.373414 1.456194 -0.415632
v -0.388947 1.388851 -0.468709
v -0.384843 1.469156 -0.424127
v -0.178287 1.326653 -0.684703
v -0.111133 1.315456 -0.690381
v -0.061680 1.308822 -0.682672
v -0.001060 1.348372 -0.647966
v -0.031106 1.304745 -0.661955
v -0.226855 1.280700 -0.670971
v -0.170628 1.254369 -0.678722
v -0.075028 1.266423 -0.669505
v -0.027771 1.293419 -0.640266
v -0.129624 1.238353 -0.667525
v -0.071597 1.253386 -0.646904
v -0.268925 1.243248 -0.639519
v -0.203738 1.216681 -0.645319
v -0.125956 1.225612 -0.644586
v -0.083716 1.252392 -0.610127
v -0.154020 1.217161 -0.625577
v -0.282882 1.229938 -0.610931
v -0.212079 1.213068 -0.608300
v -0.150556 1.230572 -0.593622
v -0.077134 1.637813 -0.457373
v -0.141779 1.651999 -0.452987
v -0.202967 1.625529 -0.494219
v -0.095911 1.643630 -0.432025
v -0.202589 1.641684 -0.455760
v -0.130267 1.641341 -0.395848
v -0.194338 1.651005 -0.400241
v -0.245530 1.630147 -0.453503
v -0.283225 1.619773 -0.430345
v -0.246650 1.621373 -0.366960
v -0.294607 1.612313 -0.398541
v -0.192805 1.601154 -0.362384
v -0.314997 1.592208 -0.386242
v -0.347943 1.567395 -0.404397
v -0.213306 1.574937 -0.359666
v -0.295575 1.578010 -0.361665
v 0.014511 1.287903 -0.494260
v -0.024819 1.367919 -0.427114
v -0.029321 1.479412 -0.346262
v -0.025576 1.384499 -0.469875
v -0.035496 1.476540 -0.389912
v 0.046874 1.294336 -0.547372
v 0.009147 1.357184 -0.524879
v -0.024495 1.449714 -0.460635
v -0.014222 1.545020 -0.346000
v -0.019205 1.511556 -0.420830
v 0.075387 1.350146 -0.566968
v 0.037730 1.442160 -0.523565
v 0.014861 1.524524 -0.450979
v 0.023619 1.578583 -0.392080
v 0.047440 1.533303 -0.464952
v 0.165576 1.384068 -0.570306
v 0.107529 1.420741 -0.554012
v 0.103943 1.500781 -0.510345
v 0.103467 1.573090 -0.443269
v 0.193806 1.491436 -0.514600
v 0.161702 1.578037 -0.437302
v 0.260134 1.389547 -0.546074
v 0.219759 1.514698 -0.487650
v 0.229491 1.567962 -0.432493
v 0.294455 1.470383 -0.488541
v 0.342984 1.375121 -0.508264
v 0.277714 1.570059 -0.403885
v 0.377895 1.452809 -0.438350
v 0.333269 1.553180 -0.378327
v 0.430883 1.353939 -0.437486
v 0.376164 1.521347 -0.369742
v 0.429525 1.393665 -0.417696
v 0.434523 1.458659 -0.359140
v 0.396784 1.540466 -0.304602
v 0.469266 1.320434 -0.383852
v 0.483031 1.386333 -0.312291
v 0.452531 1.476117 -0.276999
v 0.411488 1.541118 -0.222711
v 0.483782 1.279574 -0.347897
v 0.463155 1.462011 -0.242435
v 0.492737 1.341536 -0.251025
v 0.466587 1.446822 -0.209390
v 0.426042 1.501732 -0.164564
v 0.467412 1.220675 -0.323038
v 0.480740 1.257254 -0.282822
v 0.462602 1.430042 -0.180262
v 0.477333 1.314739 -0.215979
v 0.451611 1.377497 -0.160609
v 0.423172 1.447977 -0.132583
v 0.448561 1.216136 -0.276356
v 0.456623 1.299458 -0.198003
v 0.378790 1.497017 -0.115501
v 0.412504 1.202736 -0.265464
v 0.416568 1.279016 -0.188701
v 0.394516 1.371076 -0.132594
v 0.355032 1.466119 -0.106157
v 0.328857 1.189219 -0.280787
v 0.320895 1.272757 -0.199402
v 0.319987 1.372556 -0.135927
v 0.280015 1.412740 -0.125313
v 0.225332 1.184362 -0.334836
v 0.201570 1.278790 -0.249424
v 0.210572 1.388610 -0.167361
v 0.166941 1.436890 -0.163319
v 0.121537 1.210540 -0.390581
v 0.084718 1.305025 -0.315611
v 0.095764 1.441108 -0.209648
v 0.049625 1.447074 -0.246521
v 0.047524 1.261314 -0.414486
v 0.013453 1.377757 -0.331993
v 0.018338 1.472559 -0.270802
v 0.207017 1.300451 -0.576650
v 0.289182 1.254103 -0.549191
v 0.395796 1.266244 -0.483391
v 0.179829 1.251133 -0.575602
v 0.372945 1.226743 -0.492284
v 0.441775 1.236078 -0.425437
v 0.263123 1.184193 -0.532204
v 0.367003 1.192574 -0.480808
v 0.126258 1.219024 -0.554288
v 0.173203 1.190418 -0.543787
v 0.357038 1.164443 -0.464830
v 0.411638 1.169149 -0.402130
v 0.242577 1.152903 -0.504239
v 0.309437 1.136376 -0.450178
v 0.372117 1.144222 -0.402439
v 0.123201 1.183513 -0.503443
v 0.227813 1.141914 -0.478804
v 0.212583 1.141971 -0.448842
v 0.307371 1.134110 -0.395189
v 0.385279 1.159205 -0.332394
v 0.348566 1.591071 -0.247725
v 0.260416 1.630280 -0.266302
v 0.184116 1.631884 -0.332730
v 0.342141 1.595038 -0.213265
v 0.141978 1.637223 -0.328434
v 0.335687 1.586804 -0.163958
v 0.228243 1.630754 -0.196876
v 0.128568 1.639898 -0.255953
v 0.068886 1.623915 -0.307087
v 0.308996 1.579274 -0.135255
v 0.205810 1.610801 -0.161069
v 0.124647 1.610279 -0.193914
v 0.080173 1.607659 -0.229340
v 0.295060 1.548228 -0.112952
v 0.192196 1.587952 -0.144392
v 0.041473 1.596545 -0.267849
v 0.258667 1.532948 -0.109150
v 0.135056 1.565267 -0.160789
v 0.049916 1.564304 -0.229743
v 0.538888 1.197335 -0.207664
v 0.512663 1.282644 -0.154212
v 0.498285 1.395081 -0.074994
v 0.539549 1.238787 -0.286618
v 0.510179 1.336354 -0.238547
v 0.495652 1.418700 -0.152997
v 0.498074 1.469489 -0.103259
v 0.503550 1.441213 -0.191256
v 0.561091 1.292525 -0.327954
v 0.537238 1.355447 -0.299980
v 0.509028 1.475072 -0.184976
v 0.531250 1.421932 -0.264316
v 0.533008 1.487894 -0.206001
v 0.598856 1.316540 -0.323994
v 0.582444 1.396082 -0.293644
v 0.562549 1.462472 -0.242056
v 0.572244 1.482603 -0.216017
v 0.638330 1.318011 -0.296809
v 0.627525 1.404038 -0.252330
v 0.598752 1.484821 -0.183828
v 0.630682 1.469842 -0.155930
v 0.684324 1.283600 -0.246989
v 0.664538 1.386449 -0.213933
v 0.683702 1.415141 -0.109562
v 0.714907 1.275753 -0.182152
v 0.706717 1.352996 -0.133582
v 0.727737 1.313092 -0.069935
v 0.702742 1.381310 -0.013932
v 0.734487 1.170331 -0.074888
v 0.731723 1.223612 -0.000179
v 0.715872 1.309886 0.028732
v 0.686913 1.380881 0.049769
v 0.721032 1.134259 -0.027871
v 0.706335 1.283387 0.066410
v 0.704789 1.183846 0.053399
v 0.692603 1.296780 0.091894
v 0.698231 1.113006 -0.005022
v 0.659557 1.336436 0.117786
v 0.666364 1.100263 -0.009517
v 0.655419 1.165797 0.059804
v 0.647540 1.247812 0.108622
v 0.629177 1.282631 0.119533
v 0.632346 1.093722 -0.049977
v 0.601816 1.176108 0.018024
v 0.593438 1.293543 0.099474
v 0.556598 1.357346 0.078932
v 0.590391 1.119266 -0.090151
v 0.569254 1.291829 0.063856
v 0.552768 1.199606 -0.069368
v 0.528873 1.314780 -0.005100
v 0.607243 1.223330 -0.329196
v 0.648423 1.181169 -0.298769
v 0.687514 1.190772 -0.250617
v 0.602926 1.174745 -0.317181
v 0.704090 1.171137 -0.218208
v 0.643877 1.114075 -0.266779
v 0.697137 1.124893 -0.205487
v 0.597068 1.126130 -0.278950
v 0.684786 1.096188 -0.198050
v 0.717773 1.112272 -0.120598
v 0.636912 1.073030 -0.212106
v 0.679719 1.075950 -0.172891
v 0.591464 1.101872 -0.217228
v 0.673029 1.063765 -0.144998
v 0.698374 1.082152 -0.073309
v 0.629366 1.066015 -0.160073
v 0.665472 1.060723 -0.114169
v 0.609834 1.508231 -0.049581
v 0.573399 1.530397 -0.076609
v 0.543698 1.524699 -0.132877
v 0.650070 1.464933 -0.015313
v 0.540652 1.531880 -0.094101
v 0.604597 1.492144 0.034805
v 0.550655 1.529758 -0.036219
v 0.526649 1.523830 -0.043764
v 0.645107 1.447071 0.050377
v 0.565883 1.510891 0.020211
v 0.582503 1.464012 0.083313
v 0.542506 1.500132 0.026518
v 0.627325 1.405603 0.111098
v 0.541868 1.474363 0.050092
v 0.519761 1.475957 0.014861
v 0.612174 1.391767 0.122334
v 0.561609 1.432772 0.089669
v -0.275686 0.980005 -0.715408
v -0.307227 1.055314 -0.700700
v -0.257621 1.004842 -0.743577
v -0.305630 1.111294 -0.688010
v -0.274522 1.071447 -0.739603
v -0.287441 1.132996 -0.720304
v -0.279073 1.168629 -0.708444
v -0.225707 1.114510 -0.768935
v -0.240752 1.187158 -0.741686
v -0.174124 1.072195 -0.792762
v -0.171654 1.169648 -0.781697
v -0.172407 1.215187 -0.764066
v -0.079595 1.098567 -0.807585
v -0.102094 1.191285 -0.791470
v -0.102247 1.235515 -0.769874
v -0.012158 1.090913 -0.804651
v -0.015339 1.164913 -0.794643
v -0.030646 1.225171 -0.773467
v -0.049156 1.250867 -0.755267
v 0.044479 1.078884 -0.790470
v 0.047666 1.151019 -0.779937
v 0.029875 1.208908 -0.761950
v 0.006178 1.235559 -0.746882
v 0.081262 1.075091 -0.770419
v 0.079067 1.147867 -0.755428
v 0.051587 1.197540 -0.739646
v 0.086449 1.016478 -0.747857
v 0.093015 1.091352 -0.738268
v 0.019770 1.210645 -0.717396
v 0.085704 1.078474 -0.728493
v 0.072418 1.130944 -0.722424
v 0.076054 0.983352 -0.728736
v 0.043818 1.079167 -0.697500
v 0.053040 1.001448 -0.701300
v -0.022388 1.170955 -0.689718
v 0.031926 0.918432 -0.712472
v -0.002895 1.056580 -0.680676
v 0.001014 0.902334 -0.695195
v -0.063124 1.075213 -0.667218
v -0.038654 0.955467 -0.671219
v -0.095544 0.892410 -0.671217
v -0.128149 0.995353 -0.655788
v -0.142762 0.872320 -0.680108
v -0.189216 0.942618 -0.657562
v -0.215126 0.899573 -0.688285
v -0.246024 0.943796 -0.670546
v -0.224687 1.021026 -0.651458
v -0.281509 0.990577 -0.670864
v -0.291767 1.046186 -0.665371
v -0.259685 0.939637 -0.692858
v -0.100830 1.005198 -0.798058
v -0.007009 0.981924 -0.791163
v 0.046049 0.970869 -0.769939
v -0.138427 0.952891 -0.776596
v -0.070817 0.921266 -0.769765
v -0.007506 0.908936 -0.755188
v 0.026834 0.915597 -0.743392
v -0.172830 0.914222 -0.747185
v -0.109631 0.878234 -0.738050
v -0.047671 0.868372 -0.727097
v 0.011427 0.892052 -0.721902
v -0.180414 0.888247 -0.722242
v -0.093663 0.856179 -0.709579
v -0.022505 0.872549 -0.706258
v -0.021157 1.241572 -0.721273
v -0.090941 1.262231 -0.727994
v -0.149087 1.257265 -0.725693
v -0.092978 1.246929 -0.707199
v -0.186445 1.233716 -0.699161
v -0.201366 1.237071 -0.717817
v -0.184370 1.207897 -0.681041
v -0.244940 1.202795 -0.694686
v -0.107506 1.152600 -0.671074
v -0.198132 1.141477 -0.661933
v -0.266615 1.153028 -0.673644
v 0.083658 0.876196 -0.644300
v 0.052894 0.941563 -0.650024
v 0.056580 0.974363 -0.628382
v 0.084392 0.905085 -0.672168
v 0.056637 1.014718 -0.632876
v 0.063894 0.994460 -0.686183
v 0.078487 1.073795 -0.633204
v 0.111036 0.951710 -0.701059
v 0.064289 1.060426 -0.669893
v 0.095789 1.036072 -0.704512
v 0.103064 1.098688 -0.695618
v 0.102150 1.124807 -0.658727
v 0.173378 1.012894 -0.717161
v 0.148648 1.044820 -0.716230
v 0.129991 1.143504 -0.678830
v 0.165458 1.112862 -0.707510
v 0.174012 1.164707 -0.681333
v 0.253698 1.038741 -0.705372
v 0.249033 1.110494 -0.699413
v 0.246273 1.166926 -0.678587
v 0.244001 1.191096 -0.657761
v 0.325670 1.031381 -0.678807
v 0.330412 1.109814 -0.668441
v 0.328601 1.171409 -0.644359
v 0.322824 1.196218 -0.622660
v 0.414963 1.003679 -0.621989
v 0.405059 1.092196 -0.624410
v 0.403336 1.151413 -0.601612
v 0.395009 1.176792 -0.582076
v 0.465176 1.101226 -0.558197
v 0.468435 0.949093 -0.549684
v 0.492740 1.008324 -0.527617
v 0.499548 1.053283 -0.507108
v 0.459970 1.135165 -0.526775
v 0.483138 1.096670 -0.487230
v 0.465555 0.890144 -0.515579
v 0.495758 0.934187 -0.484235
v 0.503247 1.028287 -0.468266
v 0.476455 1.083127 -0.466420
v 0.501654 0.968373 -0.456150
v 0.489817 1.028902 -0.445861
v 0.475434 0.893583 -0.444333
v 0.487831 0.969327 -0.433796
v 0.455463 1.019744 -0.430476
v 0.436425 0.833421 -0.474631
v 0.468740 0.941653 -0.424131
v 0.417442 0.828072 -0.450940
v 0.433008 0.878017 -0.425702
v 0.409419 1.011135 -0.429749
v 0.350779 0.827842 -0.450339
v 0.369867 0.910400 -0.429020
v 0.312196 0.785477 -0.490152
v 0.320964 0.857845 -0.451396
v 0.276477 0.912460 -0.462333
v 0.270184 0.788423 -0.501608
v 0.205762 0.790492 -0.541930
v 0.212826 0.837537 -0.507368
v 0.216603 0.931875 -0.491737
v 0.141683 0.820968 -0.574252
v 0.107763 0.900996 -0.569770
v 0.123161 0.968455 -0.555661
v 0.109926 0.841969 -0.598095
v 0.220922 0.916045 -0.691215
v 0.329138 0.915679 -0.655399
v 0.401127 0.899943 -0.601480
v 0.261612 0.827646 -0.632866
v 0.346298 0.836438 -0.598357
v 0.411952 0.852705 -0.557462
v 0.180545 0.848552 -0.661089
v 0.327894 0.800462 -0.574250
v 0.156795 0.818579 -0.631075
v 0.211766 0.787216 -0.598564
v 0.343473 0.788851 -0.549126
v 0.263419 0.773005 -0.560692
v 0.338960 0.778980 -0.522492
v 0.419432 1.163087 -0.527482
v 0.341868 1.193983 -0.561641
v 0.261932 1.203740 -0.612416
v 0.419776 1.150310 -0.507387
v 0.222503 1.197652 -0.620359
v 0.401098 1.142489 -0.496002
v 0.286177 1.153372 -0.533030
v 0.191504 1.166703 -0.596621
v 0.383862 1.105359 -0.472931
v 0.170641 1.127818 -0.577472
v 0.303615 1.054015 -0.475382
v 0.176552 1.071545 -0.543642
v 0.511241 0.804640 -0.409648
v 0.512918 0.860601 -0.405656
v 0.537202 0.925314 -0.369337
v 0.506010 0.845464 -0.461839
v 0.514708 0.930904 -0.446478
v 0.540041 0.990519 -0.409813
v 0.523396 0.910347 -0.500783
v 0.525619 0.966294 -0.491239
v 0.547157 1.030744 -0.443091
v 0.553137 1.036445 -0.491545
v 0.563851 1.067460 -0.461141
v 0.546950 0.967941 -0.511561
v 0.581046 0.997061 -0.504662
v 0.599358 1.073341 -0.477651
v 0.617621 0.992890 -0.484972
v 0.611977 1.113569 -0.438701
v 0.642239 1.050162 -0.455788
v 0.650946 1.105955 -0.422061
v 0.655740 1.127711 -0.390729
v 0.688419 1.036965 -0.402903
v 0.694104 1.090906 -0.371890
v 0.694275 1.113989 -0.344201
v 0.692998 0.966412 -0.398033
v 0.724952 1.033295 -0.333780
v 0.744757 0.997566 -0.272677
v 0.727563 1.082996 -0.284661
v 0.719602 0.890407 -0.294133
v 0.745807 1.010704 -0.237764
v 0.738370 0.920006 -0.226040
v 0.744783 0.977142 -0.194273
v 0.736082 1.047582 -0.211907
v 0.698872 0.821546 -0.247437
v 0.732320 1.005554 -0.170207
v 0.720623 0.872350 -0.183792
v 0.728841 0.928632 -0.156274
v 0.721008 0.955687 -0.148489
v 0.693095 0.851757 -0.155521
v 0.711496 0.954397 -0.144435
v 0.653079 0.805621 -0.182137
v 0.672202 0.851185 -0.157120
v 0.664000 0.872050 -0.156446
v 0.602923 0.756348 -0.249074
v 0.629132 0.872946 -0.191779
v 0.579200 0.747992 -0.283855
v 0.595108 0.797584 -0.234057
v 0.571001 0.864570 -0.273616
v 0.545849 0.754782 -0.329522
v 0.540624 0.791758 -0.323661
v 0.564371 0.879694 -0.491718
v 0.625070 0.873431 -0.447769
v 0.703767 0.899736 -0.350149
v 0.646586 0.851307 -0.405976
v 0.547841 0.819914 -0.466471
v 0.596009 0.801815 -0.420827
v 0.647257 0.808541 -0.366079
v 0.665345 0.795532 -0.311891
v 0.539818 0.780038 -0.432547
v 0.590671 0.757604 -0.369592
v 0.537705 0.762568 -0.408033
v 0.622039 0.751234 -0.306177
v 0.532221 0.758906 -0.391489
v 0.566481 0.740847 -0.351759
v 0.710580 1.104030 -0.275111
v 0.677594 1.125167 -0.307772
v 0.647505 1.130460 -0.354372
v 0.712411 1.092396 -0.247816
v 0.627129 1.121567 -0.360828
v 0.707073 1.080510 -0.226132
v 0.618025 1.086021 -0.327628
v 0.711386 1.050530 -0.195969
v 0.718774 1.007981 -0.165393
v 0.666723 1.076227 -0.248165
v 0.613840 1.031272 -0.285839
v 0.689923 1.008915 -0.175238
v 0.685794 0.970198 -0.160587
v 0.620115 0.996534 -0.250859
vn 0.105473 -0.176552 -0.978624
vn -0.303625 0.125439 0.944498
vn 0.844937 -0.240290 -0.477852
vn -0.880263 -0.417625 0.225227
vn -0.764769 -0.496592 -0.410517
vn -0.166393 -0.058491 -0.984323
vn -0.022496 -0.128143 -0.991501
vn -0.820040 -0.553995 0.143610
vn 0.230220 -0.008324 -0.973103
vn -0.049128 -0.878630 0.474969
vn -0.760755 -0.629902 -0.156445
vn -0.199575 -0.472539 -0.858415
vn 0.328139 0.276115 0.903375
vn 0.653798 0.740980 0.153288
vn -0.585922 -0.810359 0.003616
vn -0.076921 -0.017027 -0.996892
vn 0.114044 -0.383366 -0.916529
vn -0.018994 -0.238251 0.971018
vn 0.785164 -0.373051 -0.494318
vn -0.807640 -0.587253 -0.053410
vn 0.181084 -0.230650 -0.956038
vn 0.182228 -0.353156 0.917646
vn -0.978276 -0.183151 -0.097116
vn 0.318534 -0.355902 -0.878561
vn 0.541993 -0.836781 0.077727
vn -0.871749 -0.486369 -0.059148
vn -0.141171 -0.044029 -0.989006
vn -0.056973 0.402482 0.913653
vn 0.726527 -0.447653 -0.521311
vn -0.761763 -0.473853 -0.441793
vn -0.188159 -0.390699 -0.901083
vn -0.934433 -0.288667 -0.208582
vn -0.985970 0.050460 0.159111
vn -0.443965 0.032714 -0.895447
vn 0.180651 0.003325 0.983542
vn -0.232312 -0.097929 -0.967699
vn 0.085859 0.174378 0.980929
vn -0.894776 -0.329585 -0.301246
vn -0.422391 0.039666 -0.905545
vn -0.104147 -0.058495 -0.992840
vn -0.765580 -0.510361 -0.391688
vn -0.157700 -0.378016 -0.912269
vn -0.581967 -0.734074 -0.349928
vn -0.126635 -0.366653 -0.921699
vn 0.231853 -0.972624 0.015723
vn 0.046292 0.381475 0.923219
vn -0.972333 -0.222088 -0.072428
vn 0.194526 -0.423116 -0.884948
vn 0.095394 0.063641 0.993403
vn -0.878393 -0.476822 0.032657
vn 0.769188 -0.529472 -0.357784
vn -0.629932 -0.776626 0.006157
vn -0.115034 0.031017 -0.992877
vn 0.026076 -0.262442 -0.964595
vn 0.085936 0.400852 0.912103
vn 0.838214 -0.101437 -0.535825
vn -0.718041 -0.665572 -0.203545
vn -0.180192 -0.454898 -0.872123
vn -0.469645 -0.377691 -0.797987
vn -0.307296 -0.949004 0.070430
vn -0.834262 -0.413228 -0.365035
vn -0.080409 0.155272 -0.984594
vn -0.790055 -0.613031 0.002365
vn 0.237853 0.085874 -0.967498
vn -0.042340 0.841712 -0.538264
vn -0.155140 -0.009967 -0.987842
vn 0.445316 0.062728 -0.893174
vn -0.742105 -0.524769 -0.417011
vn -0.018962 -0.135026 -0.990661
vn 0.103870 0.091420 0.990380
vn 0.282247 -0.227385 -0.932005
vn -0.226207 0.118455 0.966850
vn 0.684379 -0.223648 -0.693979
vn -0.553645 0.828571 -0.083348
vn 0.696565 -0.717048 -0.025263
vn -0.342986 0.176522 0.922605
vn 0.831841 -0.245146 -0.497940
vn 0.629436 -0.275082 -0.726733
vn 0.314667 -0.332720 -0.888978
vn -0.569879 -0.263454 -0.778351
vn -0.809665 -0.314233 -0.495682
vn -0.199165 -0.578579 -0.790936
vn -0.926566 -0.361593 -0.103565
vn -0.311421 -0.701306 -0.641238
vn -0.965707 -0.204571 0.159876
vn -0.897276 -0.381557 0.222059
vn -0.944272 -0.170142 0.281784
vn -0.920350 0.048211 0.388114
vn -0.919428 0.032383 0.391922
vn -0.869651 0.364101 0.333372
vn -0.859399 0.486037 0.158751
vn -0.612490 0.785270 -0.090596
vn -0.750687 0.619348 0.229952
vn -0.281483 0.526048 -0.802522
vn 0.840122 -0.192114 -0.507235
vn 0.803088 -0.211611 -0.557020
vn 0.781676 -0.272257 -0.561122
vn 0.730878 -0.167066 -0.661745
vn 0.582323 -0.131608 -0.802234
vn -0.005902 0.966812 -0.255421
vn -0.533306 0.845056 0.038263
vn 0.619867 0.740608 -0.259356
vn -0.198724 0.976697 0.081068
vn 0.698044 0.715143 -0.036116
vn 0.511664 0.735383 0.444311
vn -0.779888 -0.618015 -0.099155
vn -0.543185 -0.823395 0.164225
vn -0.139869 -0.963685 -0.227483
vn -0.279775 -0.914641 0.291818
vn 0.063661 -0.995676 -0.067644
vn 0.598275 -0.772013 -0.214624
vn 0.461672 -0.881956 0.094937
vn -0.619228 0.111187 0.777299
vn -0.391813 0.328143 0.859537
vn -0.579016 0.249997 0.776043
vn -0.775136 0.203363 0.598170
vn -0.725195 0.270862 0.633030
vn 0.330233 -0.200799 -0.922294
vn -0.091058 -0.299663 -0.949690
vn 0.160786 -0.313556 -0.935858
vn 0.113155 -0.388367 -0.914531
vn -0.452226 -0.505904 -0.734543
vn -0.056209 -0.493825 -0.867743
vn -0.755429 -0.624941 -0.196916
vn -0.225344 -0.651727 -0.724204
vn -0.748058 -0.626120 0.219962
vn -0.789151 -0.408789 0.458402
vn -0.774826 -0.243367 0.583453
vn -0.845470 -0.079852 0.528020
vn -0.732202 0.256773 0.630832
vn -0.747798 -0.041038 0.662657
vn -0.751527 0.506205 0.423040
vn -0.670219 0.420353 0.611645
vn -0.674081 0.699318 0.237845
vn -0.242264 0.903000 -0.354823
vn -0.621896 0.707174 0.336377
vn -0.094901 0.575057 -0.812590
vn 0.092441 0.321208 -0.942486
vn 0.616605 -0.242064 -0.749135
vn 0.499483 -0.190635 -0.845089
vn 0.375360 -0.096346 -0.921858
vn 0.188667 -0.131716 -0.973168
vn 0.153778 0.886538 -0.436351
vn -0.279248 0.960183 0.008348
vn 0.378236 0.868778 -0.319629
vn 0.105612 0.994099 -0.024781
vn 0.461616 0.880508 0.107781
vn 0.882081 0.269124 -0.386659
vn 0.749654 -0.121233 -0.650632
vn 0.860220 -0.508947 -0.031530
vn 0.024547 0.556997 0.830152
vn -0.139421 -0.127603 0.981977
vn -0.528277 -0.775604 -0.345489
vn -0.393441 -0.918027 0.049305
vn -0.156202 -0.977428 0.142249
vn 0.080040 -0.899239 0.430073
vn 0.170704 -0.985263 0.010818
vn -0.322237 0.008993 0.946616
vn -0.579750 0.218073 0.785069
vn -0.371422 0.279411 0.885423
vn -0.195172 -0.100933 -0.975562
vn -0.245284 -0.134055 -0.960138
vn -0.354466 -0.199041 -0.913639
vn -0.246878 -0.269778 -0.930737
vn -0.454921 -0.283726 -0.844125
vn -0.654230 -0.691118 -0.307146
vn -0.859808 -0.445232 0.249995
vn -0.939827 -0.125115 0.317916
vn -0.811483 -0.151811 0.564313
vn -0.468363 0.269477 0.841438
vn -0.836521 0.376547 0.398051
vn -0.550819 0.512184 0.658989
vn -0.831670 0.537924 -0.137707
vn -0.576304 0.707620 0.408836
vn -0.622612 0.578364 -0.527114
vn -0.299296 0.578006 -0.759165
vn 0.347738 -0.012549 -0.937508
vn 0.252778 -0.049932 -0.966235
vn 0.472303 -0.201195 -0.858167
vn 0.025726 -0.064802 -0.997567
vn -0.055905 -0.012720 -0.998355
vn -0.509609 0.840518 -0.183924
vn 0.101122 0.906443 -0.410043
vn 0.156582 0.979535 -0.126463
vn 0.545434 0.740571 0.392502
vn 0.317224 0.848990 0.422593
vn 0.869219 -0.491466 -0.054033
vn 0.923743 -0.325295 -0.202192
vn 0.338194 0.317084 0.886049
vn 0.247708 -0.069358 0.966349
vn -0.316844 -0.409791 -0.855383
vn -0.427374 -0.880105 0.206800
vn -0.430890 -0.780625 -0.452723
vn -0.098071 -0.831595 0.546655
vn -0.049310 -0.990413 -0.129039
vn 0.086627 -0.688402 0.720138
vn 0.242594 -0.752427 0.612374
vn -0.139917 0.064125 0.988085
vn 0.092734 0.047377 0.994563
vn -0.067859 0.266996 0.961306
vn -0.237382 0.243300 0.940454
vn -0.439357 0.166252 0.882794
vn -0.336448 -0.220562 -0.915508
vn -0.604876 -0.155817 -0.780926
vn -0.647325 -0.373733 -0.664300
vn -0.804210 -0.301635 -0.512117
vn -0.891494 -0.380850 -0.245340
vn -0.758836 -0.518735 -0.393804
vn -0.834295 -0.511112 -0.206682
vn -0.916165 -0.396772 0.056692
vn -0.854491 -0.515034 0.067717
vn -0.894558 -0.407659 0.183248
vn -0.960935 -0.195349 0.196069
vn -0.914996 -0.323913 0.240547
vn -0.944335 -0.128126 0.303009
vn -0.959056 0.204228 0.196221
vn -0.948219 0.114731 0.296173
vn -0.477039 0.828971 -0.291960
vn -0.900845 0.423575 0.095198
vn -0.671303 0.711331 -0.208231
vn -0.424131 0.555310 -0.715363
vn 0.156792 0.315609 -0.935846
vn 0.943929 0.046352 -0.326880
vn 0.924336 0.109129 -0.365642
vn 0.862914 0.189973 -0.468283
vn 0.759059 0.061981 -0.648064
vn 0.311891 -0.042667 -0.949160
vn 0.006388 0.063189 -0.997981
vn 0.191187 0.922517 -0.335275
vn 0.619157 0.745223 -0.247563
vn 0.756236 0.652995 -0.041301
vn 0.969965 0.234183 -0.065775
vn 0.918571 0.204790 -0.338066
vn 0.986225 -0.025750 -0.163394
vn 0.723299 0.396688 0.565223
vn 0.184997 -0.162133 0.969272
vn 0.228637 -0.731946 0.641856
vn -0.811963 -0.578715 -0.076195
vn -0.771456 -0.634078 0.052913
vn -0.655782 -0.747211 0.107826
vn -0.541388 -0.816873 0.199040
vn -0.406270 -0.838976 0.362026
vn -0.069228 -0.905703 0.418221
vn -0.220817 -0.045042 0.974275
vn -0.748376 -0.107464 0.654511
vn -0.641981 0.074774 0.763065
vn -0.843955 0.023286 0.535909
vn -0.880627 -0.115577 0.459497
vn -0.107139 -0.166621 -0.980183
vn -0.349580 -0.314650 -0.882491
vn -0.603413 -0.594404 -0.531579
vn -0.748387 -0.644528 -0.156528
vn -0.582784 -0.777836 -0.235232
vn -0.637118 -0.711843 0.295566
vn -0.851198 -0.450687 0.268967
vn -0.751764 -0.561087 0.346457
vn -0.853606 -0.195256 0.482941
vn -0.785742 -0.417533 0.456372
vn -0.799044 -0.190831 0.570186
vn -0.903904 0.110577 0.413195
vn -0.797753 0.142757 0.585842
vn -0.880888 0.412003 0.233003
vn -0.642317 0.746628 -0.173135
vn -0.783835 0.580442 0.220656
vn -0.143312 0.859479 -0.490671
vn -0.448561 0.874957 -0.182329
vn 0.280162 0.454744 -0.845410
vn 0.766709 0.039852 -0.640756
vn 0.614734 0.169333 -0.770343
vn 0.490378 -0.064670 -0.869107
vn 0.457925 0.196344 -0.867037
vn 0.307692 0.225635 -0.924345
vn 0.044177 0.145567 -0.988362
vn 0.231323 0.836559 -0.496647
vn -0.115833 0.927531 -0.355343
vn 0.420704 0.817239 -0.393863
vn 0.202423 0.960835 -0.189263
vn 0.423755 0.903985 -0.056942
vn 0.595542 0.797510 -0.096474
vn 0.672769 -0.723781 0.153371
vn 0.816085 -0.535960 -0.216221
vn 0.557826 0.563944 0.608931
vn 0.059536 -0.366110 0.928665
vn 0.008823 -0.549959 0.835145
vn -0.619686 -0.782028 0.066492
vn -0.464235 -0.848284 0.254755
vn -0.277939 -0.897699 0.341886
vn -0.143507 -0.832427 0.535230
vn -0.163205 -0.168667 0.972068
vn -0.442656 -0.169704 0.880486
vn -0.370418 -0.037300 0.928116
vn -0.653494 -0.155449 0.740798
vn -0.468115 0.031979 0.883088
vn -0.687711 -0.001017 0.725984
vn -0.051709 0.164493 -0.985022
vn -0.383915 0.121372 -0.915357
vn -0.517356 0.087054 -0.851331
vn -0.492598 -0.343982 -0.799389
vn -0.664148 -0.461745 -0.587962
vn -0.820532 -0.571557 0.007070
vn -0.536846 -0.796234 0.278940
vn -0.801755 -0.544321 0.246787
vn -0.900133 -0.326892 0.287928
vn -0.907041 -0.009258 0.420941
vn -0.794099 0.294426 0.531714
vn -0.887468 0.453341 -0.082959
vn -0.766852 0.624662 -0.147430
vn -0.298281 0.678938 -0.670874
vn -0.525443 0.772222 -0.357187
vn -0.262012 0.517277 -0.814723
vn -0.355037 0.316617 -0.879604
vn 0.556762 0.125743 -0.821100
vn 0.896144 -0.255133 -0.363088
vn 0.660069 -0.192805 -0.726041
vn 0.307639 0.186444 -0.933058
vn 0.322131 -0.095649 -0.941851
vn 0.040108 0.307093 -0.950834
vn -0.076594 0.345615 -0.935245
vn -0.214714 0.314241 -0.924743
vn -0.146241 0.805844 -0.573784
vn -0.189988 0.823648 -0.534330
vn 0.599627 0.792610 0.110533
vn 0.296609 0.947670 -0.118084
vn 0.885247 0.434663 -0.165548
vn 0.992103 -0.124743 -0.013073
vn 0.633202 -0.686853 0.356774
vn 0.403080 0.135137 0.905132
vn 0.305965 -0.388338 0.869241
vn 0.454018 -0.577853 0.678198
vn -0.552694 -0.832101 -0.046231
vn -0.303098 -0.849274 0.432279
vn -0.264789 -0.913480 0.308936
vn -0.036704 -0.891407 0.451715
vn 0.090442 -0.751411 0.653607
vn 0.219163 -0.776615 0.590624
vn 0.134161 -0.224729 0.965141
vn -0.065627 -0.033691 0.997275
vn -0.238764 -0.088376 0.967048
vn -0.508489 -0.141168 0.849418
vn -0.572369 0.084937 0.815586
vn -0.455213 -0.517322 -0.724678
vn -0.525548 -0.633904 -0.567420
vn -0.675318 -0.600844 -0.427705
vn -0.536551 -0.709904 -0.456233
vn -0.613242 -0.711420 -0.343244
vn -0.686101 -0.717627 -0.119489
vn -0.747757 -0.660903 -0.063773
vn -0.779169 -0.625280 0.043821
vn -0.801561 -0.589461 0.100182
vn -0.896591 -0.440968 -0.040887
vn -0.871762 -0.473754 0.124855
vn -0.962559 -0.242925 0.120283
vn -0.920865 -0.331155 0.205778
vn -0.980260 0.159275 0.117141
vn -0.873819 0.304789 0.378872
vn -0.608487 0.760158 0.227824
vn -0.527562 0.847430 -0.059507
vn -0.165163 0.960000 -0.226102
vn 0.902629 0.320894 -0.286859
vn 0.952950 -0.064065 -0.296280
vn 0.845904 0.276413 -0.456117
vn 0.497308 0.110354 -0.860527
vn -0.038500 -0.583934 -0.810888
vn 0.099518 -0.101454 -0.989850
vn -0.380652 -0.286553 -0.879199
vn 0.425475 0.904055 -0.040693
vn 0.621444 0.780382 0.069362
vn 0.444474 0.895646 0.016142
vn 0.822541 0.568191 0.024194
vn 0.446002 -0.038425 0.894207
vn 0.518706 -0.394971 0.758249
vn -0.629642 -0.741738 -0.231034
vn -0.586278 -0.799445 -0.131018
vn -0.570995 -0.820745 0.018497
vn -0.450178 -0.877513 -0.165259
vn -0.528874 -0.845998 0.067668
vn -0.377530 -0.925992 0.003081
vn -0.293837 -0.947631 0.125117
vn -0.205378 -0.967820 0.145414
vn 0.267956 0.339596 0.901595
vn 0.237262 0.683900 0.689918
vn -0.341017 -0.006587 0.940034
vn 0.020995 0.541519 0.840427
vn -0.732641 -0.192578 0.652803
vn -0.897109 -0.200676 0.393605
vn -0.436558 0.397824 0.806941
vn -0.251448 -0.677366 -0.691339
vn -0.386770 -0.557925 -0.734254
vn -0.309373 -0.831798 -0.460869
vn -0.486627 -0.739360 -0.465340
vn -0.326079 -0.885679 -0.330523
vn -0.535976 -0.819826 -0.201532
vn -0.413987 -0.887935 -0.200466
vn -0.392947 -0.914573 0.095653
vn -0.587715 -0.803000 0.098902
vn -0.752602 -0.615934 0.232843
vn -0.928799 -0.144518 0.341244
vn -0.802030 -0.435780 0.408464
vn -0.915604 0.256234 0.309861
vn -0.612231 0.708049 0.351908
vn -0.593682 0.799553 0.090867
vn -0.387271 0.918048 0.084903
vn -0.077123 0.981383 -0.175899
vn -0.110273 0.992701 -0.048837
vn -0.228672 0.786084 -0.574265
vn 0.599039 -0.492602 -0.631265
vn 0.664406 -0.026814 -0.746890
vn 0.468945 -0.309425 -0.827253
vn 0.431204 0.215222 -0.876209
vn 0.147660 0.021014 -0.988815
vn 0.041012 0.995001 -0.091056
vn 0.193756 0.967695 -0.161321
vn 0.131052 0.991236 -0.016630
vn 0.212371 0.976981 -0.020159
vn 0.257362 0.884256 -0.389688
vn 0.783211 0.505987 -0.361328
vn 0.368723 -0.922172 0.116798
vn 0.355324 0.905458 0.232143
vn 0.127675 -0.587230 0.799287
vn 0.053477 -0.862208 0.503723
vn -0.003398 -0.953499 0.301378
vn -0.402855 -0.911185 -0.086313
vn -0.258537 -0.965323 -0.036186
vn -0.196235 -0.976176 0.092588
vn 0.002432 -0.977639 0.210277
vn 0.052813 0.741491 0.668881
vn -0.232748 0.076511 0.969523
vn -0.450047 0.308030 0.838197
vn -0.758469 0.132383 0.638122
vn -0.314747 -0.301071 -0.900162
vn -0.479310 0.258801 -0.838621
vn -0.268400 -0.685167 -0.677132
vn -0.560241 -0.626130 -0.542302
vn -0.653012 -0.630038 -0.420271
vn -0.392606 -0.915372 0.089188
vn -0.989418 0.144965 0.006063
vn -0.675385 -0.668635 0.311100
vn -0.796439 0.604651 -0.009050
vn -0.972712 0.144954 0.181160
vn -0.549155 0.816160 -0.179753
vn -0.601758 0.794777 -0.078843
vn -0.327736 0.899975 -0.287461
vn -0.330326 0.763498 -0.554938
vn 0.617166 -0.019489 -0.786592
vn 0.803650 -0.425403 -0.416147
vn 0.599542 -0.550835 -0.580629
vn 0.329816 0.095518 -0.939201
vn -0.114398 0.564215 -0.817664
vn -0.224848 0.448952 -0.864804
vn -0.388714 0.873353 -0.293523
vn 0.141508 0.983199 -0.115308
vn -0.150295 0.962370 -0.226395
vn 0.095370 0.271362 0.957741
vn 0.198364 -0.727734 0.656548
vn 0.231645 -0.855586 0.462940
vn -0.127285 -0.958636 0.254590
vn -0.229918 -0.973162 0.009694
vn 0.029473 -0.945137 0.325341
vn 0.028612 -0.984833 0.171132
vn 0.186531 -0.927513 0.323923
vn -0.040753 -0.044922 0.998159
vn -0.281671 0.177048 0.943035
vn -0.648257 0.175071 0.741022
vn -0.587862 0.588103 0.555476
vn -0.339482 -0.239332 -0.909655
vn -0.461447 -0.415647 -0.783776
vn -0.588221 -0.591261 -0.551731
vn -0.855325 -0.387893 -0.343449
vn -0.794680 -0.600483 -0.088900
vn -0.969508 -0.241567 -0.041220
vn -0.988842 0.087280 0.120725
vn -0.917498 0.365569 0.156705
vn -0.933903 0.270603 0.233665
vn -0.816368 0.561202 0.136365
vn -0.738730 0.620538 0.263078
vn -0.703820 0.693846 0.152367
vn -0.726668 0.685429 -0.046263
vn -0.580665 0.801993 -0.140126
vn -0.607054 0.794640 -0.005681
vn -0.528608 0.560386 -0.637605
vn 0.801474 -0.531327 -0.274464
vn 0.729681 -0.419890 -0.539683
vn 0.620682 -0.557675 -0.551138
vn 0.461317 -0.264019 -0.847042
vn 0.011979 0.020680 -0.999714
vn -0.262882 0.054424 -0.963292
vn -0.399939 0.900139 -0.172622
vn -0.423372 0.904641 -0.048794
vn -0.084500 0.991213 -0.101765
vn 0.161495 0.978897 0.125222
vn -0.219051 0.974769 0.042912
vn 0.974965 0.218853 -0.039329
vn 0.435360 -0.218914 0.873234
vn 0.576816 -0.765768 0.284400
vn 0.300764 -0.884289 0.357175
vn -0.458484 -0.820023 -0.342572
vn -0.137613 -0.973115 -0.184690
vn -0.520581 -0.853256 -0.030809
vn 0.191624 -0.972457 -0.132697
vn -0.064409 -0.993625 0.092529
vn 0.396811 -0.916942 -0.041931
vn 0.334181 -0.931688 0.142410
vn -0.146089 0.313309 0.938347
vn -0.609932 0.411064 0.677503
vn -0.493736 0.578538 0.649244
vn -0.809010 0.434655 0.395700
vn -0.691086 0.527473 0.494138
vn -0.104185 -0.511565 -0.852905
vn -0.280011 -0.578962 -0.765766
vn -0.399905 -0.712779 -0.576214
vn -0.607914 -0.705329 -0.364625
vn -0.567261 -0.790415 -0.231210
vn -0.891550 -0.435169 0.125566
vn -0.969999 -0.005610 0.243044
vn -0.915562 0.045897 0.399550
vn -0.821598 0.368199 0.435208
vn -0.704513 0.616712 0.351181
vn -0.604200 0.580936 0.545395
vn -0.548759 0.722186 0.421083
vn -0.542084 0.812931 0.212810
vn -0.366684 0.929997 0.025454
vn -0.235310 0.790757 -0.565095
vn -0.154414 0.368282 -0.916801
vn 0.546936 -0.542651 -0.637488
vn 0.414761 -0.452758 -0.789293
vn 0.207982 -0.367805 -0.906346
vn 0.042120 -0.189155 -0.981043
vn -0.061588 0.997478 0.035281
vn -0.320674 0.947184 0.003206
vn 0.174189 0.974202 0.143484
vn 0.001015 0.987320 0.158737
vn 0.185720 0.940891 0.283252
vn 0.356270 0.879651 0.315096
vn 0.843982 0.516873 0.143307
vn 0.979451 0.046457 -0.196258
vn 0.198912 -0.283983 0.937970
vn 0.280575 -0.775310 0.565838
vn -0.368551 -0.845021 -0.387438
vn -0.189601 -0.934504 -0.301255
vn -0.222473 -0.965572 -0.134822
vn 0.003884 -0.994490 0.104757
vn 0.010487 -0.980667 -0.195402
vn 0.192871 -0.978409 0.074271
vn -0.085549 0.505305 0.858690
vn -0.330812 0.438691 0.835532
vn -0.286555 0.479037 0.829705
vn -0.582654 0.480983 0.655110
vn -0.474016 0.515134 0.714105
vn -0.440902 -0.444625 -0.779689
vn -0.528027 -0.469785 -0.707453
vn -0.513002 -0.534038 -0.672036
vn -0.612734 -0.519838 -0.595253
vn -0.635131 -0.634101 -0.441048
vn -0.801005 -0.528580 -0.281059
vn -0.966078 -0.251542 -0.058483
vn -0.994651 0.024255 0.100402
vn -0.865450 0.114053 0.487840
vn -0.596444 0.465511 0.653876
vn -0.862258 0.462360 0.206725
vn -0.819294 0.573282 0.010239
vn -0.691873 0.629781 0.353110
vn -0.589745 0.798083 0.123548
vn -0.680915 0.716401 -0.152068
vn -0.457030 0.839226 -0.294657
vn -0.452482 0.324680 -0.830568
vn -0.416896 -0.039378 -0.908101
vn 0.830275 -0.140189 -0.539435
vn 0.759882 -0.307967 -0.572483
vn 0.557584 -0.210192 -0.803069
vn 0.278406 -0.213606 -0.936410
vn 0.119809 -0.446370 -0.886792
vn -0.120225 -0.267834 -0.955935
vn -0.376662 -0.263895 -0.887967
vn -0.077393 0.992408 -0.095588
vn -0.118894 0.992889 -0.005926
vn 0.344661 0.916339 0.203794
vn 0.285320 0.914500 0.286849
vn 0.566297 0.721452 0.398515
vn 0.811678 0.456944 0.363843
vn 0.933573 0.351181 0.071499
vn 0.533676 -0.745885 0.398554
vn 0.628770 0.618489 0.471295
vn 0.399744 0.479217 0.781381
vn 0.429842 -0.373542 0.822011
vn 0.355497 -0.665983 0.655812
vn -0.550923 -0.668854 -0.499117
vn -0.492943 -0.817119 -0.298871
vn -0.262169 -0.956834 -0.125445
vn 0.142030 -0.909532 0.390613
vn 0.204748 -0.946032 0.251201
vn 0.266281 0.299290 0.916253
vn 0.011706 0.355348 0.934661
vn -0.247624 0.397596 0.883515
vn -0.628799 0.321660 0.707917
vn -0.505953 -0.121803 -0.853918
vn -0.646791 -0.103823 -0.755568
vn -0.751091 -0.235330 -0.616832
vn -0.611242 -0.296849 -0.733665
vn -0.821152 -0.340411 -0.458072
vn -0.711611 -0.411759 -0.569266
vn -0.837301 -0.514463 -0.185082
vn -0.958905 -0.269711 -0.088076
vn -0.995710 -0.090077 -0.021144
vn -0.958678 0.273961 0.076695
vn -0.932296 0.350579 0.088991
vn -0.864487 0.490601 -0.109419
vn -0.783577 0.544909 -0.298466
vn -0.695550 0.653783 -0.297957
vn -0.608870 0.663037 -0.435498
vn -0.521389 0.614390 -0.592182
vn -0.457757 0.288175 -0.841079
vn 0.904240 -0.254764 -0.342702
vn 0.671257 -0.140104 -0.727863
vn 0.709623 -0.314257 -0.630617
vn 0.231347 -0.054374 -0.971351
vn 0.336239 -0.269070 -0.902521
vn -0.167895 0.036078 -0.985145
vn -0.023855 -0.170554 -0.985060
vn -0.426091 0.813661 -0.395477
vn -0.111096 0.964817 -0.238297
vn 0.284567 0.954926 0.084490
vn 0.436778 0.897486 -0.061194
vn 0.655721 0.733705 0.178064
vn 0.980269 0.122701 0.154974
vn 0.999190 -0.031391 0.025190
vn 0.461688 -0.109627 0.880242
vn 0.484133 -0.393898 0.781319
vn 0.498207 -0.616873 0.609309
vn -0.776312 -0.496248 -0.388686
vn -0.716586 -0.691751 -0.089356
vn -0.624579 -0.713923 -0.316569
vn -0.484123 -0.858549 -0.168876
vn -0.456904 -0.886474 0.073500
vn -0.107488 -0.992033 0.065701
vn -0.041013 -0.956598 0.288510
vn 0.279681 -0.890606 0.358607
vn -0.192116 0.052386 0.979973
vn 0.050391 0.180475 0.982288
vn -0.396138 0.313871 0.862879
vn -0.657383 0.119444 0.744030
vn -0.883692 0.168925 0.436524
vn -0.742886 0.298977 0.598943
vn -0.126904 -0.195943 -0.972369
vn -0.315140 -0.395924 -0.862515
vn -0.524797 -0.358581 -0.772016
vn -0.670192 -0.515506 -0.533943
vn -0.449968 -0.589062 -0.671219
vn -0.514767 -0.699381 -0.495864
vn -0.745834 -0.611361 -0.264518
vn -0.693347 -0.719243 -0.044263
vn -0.812650 -0.581621 0.036289
vn -0.905438 -0.422858 -0.037052
vn -0.903200 -0.384712 0.190331
vn -0.973614 -0.174411 0.147163
vn -0.953897 0.066998 0.292560
vn -0.931076 -0.114503 0.346392
vn -0.803698 0.355571 0.477116
vn -0.869326 0.403203 0.285831
vn -0.788812 0.610611 0.070215
vn -0.782417 0.558778 0.274940
vn -0.653021 0.755293 0.055646
vn -0.631984 0.756570 -0.167923
vn -0.470514 0.866081 -0.168882
vn -0.397380 0.852485 -0.339644
vn -0.343309 0.651769 -0.676266
vn -0.193561 0.517132 -0.833732
vn -0.244038 0.298321 -0.922741
vn 0.743169 -0.121273 -0.658021
vn 0.815097 -0.236594 -0.528811
vn 0.516790 -0.180266 -0.836918
vn 0.235255 -0.135000 -0.962513
vn -0.014664 0.011706 -0.999824
vn -0.124862 0.950686 -0.283912
vn 0.146411 0.980684 -0.129700
vn 0.416483 0.909037 0.013924
vn 0.619416 0.773972 0.131497
vn 0.816825 0.571936 0.075403
vn 0.891642 0.448503 -0.061807
vn 0.970289 0.226590 -0.084831
vn 0.955439 0.087658 -0.281873
vn 0.449345 -0.825084 0.342528
vn 0.498250 -0.849285 0.174532
vn 0.814468 -0.563799 -0.137010
vn 0.539773 0.587456 0.602943
vn 0.408672 0.399487 0.820608
vn 0.318515 0.276842 0.906591
vn 0.204106 -0.139034 0.969026
vn 0.306956 -0.688758 0.656803
vn 0.212882 -0.829127 0.516943
vn -0.576550 -0.773512 -0.263190
vn -0.491981 -0.870069 -0.030575
vn -0.290591 -0.953811 0.076172
vn -0.017884 -0.977771 0.208914
vn 0.221321 -0.924224 0.311170
vn 0.058245 0.221287 0.973468
vn -0.108362 0.220276 0.969400
vn -0.359337 0.193058 0.913020
vn -0.634300 0.222309 0.740433
vn -0.837848 0.137379 0.528334
vn -0.350396 -0.167757 -0.921456
vn -0.570219 -0.186393 -0.800067
vn -0.715450 -0.300486 -0.630746
vn -0.822488 -0.307236 -0.478664
vn -0.719886 -0.689758 -0.077446
vn -0.901388 -0.400065 -0.165673
vn -0.950897 -0.198180 -0.237739
vn -0.921015 -0.354155 0.162190
vn -0.994785 -0.098746 -0.025552
vn -0.987315 0.152162 0.045340
vn -0.980904 0.065572 0.183105
vn -0.943778 0.326369 -0.052598
vn -0.892264 0.356450 0.277144
vn -0.887812 0.421797 -0.184057
vn -0.874982 0.480870 0.056305
vn -0.789714 0.527649 -0.312951
vn -0.771289 0.625357 -0.118495
vn -0.579508 0.692014 -0.430449
vn -0.615083 0.736081 -0.282591
vn 0.049022 0.413045 -0.909390
vn -0.451649 0.277278 -0.848015
vn 0.927078 -0.142610 -0.346682
vn 0.941884 -0.227455 -0.247222
vn 0.719565 -0.222767 -0.657724
vn 0.249758 -0.151317 -0.956412
vn -0.193819 0.927018 -0.321049
vn 0.377420 0.925904 0.016003
vn 0.797052 0.550469 0.248379
vn 0.651802 0.700588 0.290397
vn 0.959355 0.228374 0.165783
vn 0.999327 0.032089 0.017751
vn 0.740949 0.520681 0.424130
vn 0.499049 -0.407336 0.764871
vn -0.760705 -0.548744 -0.346709
vn -0.484344 -0.873612 0.047041
vn -0.374631 -0.914828 -0.150803
vn -0.011928 -0.982435 0.186221
vn 0.486208 -0.776976 0.399887
vn 0.405999 -0.862784 0.301279
vn 0.255099 -0.040975 0.966046
vn 0.381711 -0.016489 0.924135
vn -0.127858 0.117700 0.984784
vn -0.626485 0.138145 0.767093
vn -0.654545 0.258335 0.710517
vn -0.841462 0.128842 0.524730
vn -0.527948 -0.373752 -0.762614
vn -0.361696 -0.383073 -0.849960
vn -0.452734 -0.493647 -0.742526
vn -0.562922 -0.512150 -0.648707
vn -0.642037 -0.657398 -0.394483
vn -0.735797 -0.578167 -0.352597
vn -0.831378 -0.535515 -0.148441
vn -0.928648 -0.292617 -0.228009
vn -0.923575 -0.362695 -0.124342
vn -0.990928 0.064155 0.118094
vn -0.986070 -0.096378 0.135565
vn -0.771330 0.436606 0.463061
vn -0.824231 0.565857 0.021211
vn -0.604717 0.706503 0.367656
vn -0.592122 0.794052 0.137378
vn -0.680658 0.699744 -0.216939
vn -0.512030 0.775155 -0.370081
vn -0.503740 0.861529 -0.063352
vn -0.468905 -0.023151 -0.882945
vn 0.387439 -0.314457 -0.866607
vn 0.634726 -0.386588 -0.669083
vn 0.073008 -0.308542 -0.948405
vn 0.129836 -0.448969 -0.884064
vn -0.285504 -0.284727 -0.915105
vn -0.076398 0.968552 -0.236790
vn -0.070940 0.997419 0.011045
vn 0.302156 0.946790 0.110859
vn 0.299035 0.900796 0.314872
vn 0.533173 0.699319 0.476108
vn 0.911005 0.341629 0.230997
vn 0.993461 0.014601 -0.113236
vn 0.409256 0.243309 0.879380
vn 0.438781 -0.127845 0.889453
vn 0.384233 -0.583442 0.715514
vn 0.176528 -0.894820 0.410043
vn -0.578758 -0.583851 -0.569348
vn -0.577653 -0.770037 -0.270851
vn -0.424589 -0.851469 -0.307774
vn -0.191117 -0.969057 -0.156215
vn 0.088765 -0.995075 0.044130
vn 0.282162 0.316897 0.905517
vn 0.074019 0.310223 0.947778
vn 0.109476 0.492844 0.863203
vn -0.278809 0.388074 0.878444
vn -0.874725 0.127769 0.467472
vn -0.449353 0.482362 0.751936
vn -0.011496 -0.480806 -0.876752
vn -0.082413 -0.570469 -0.817174
vn -0.268507 -0.488214 -0.830392
vn -0.190858 -0.658160 -0.728285
vn -0.385547 -0.623619 -0.680039
vn -0.291499 -0.759354 -0.581730
vn -0.449578 -0.720317 -0.528226
vn -0.420670 -0.880859 -0.217084
vn -0.629900 -0.752893 -0.190731
vn -0.791688 -0.574907 -0.206666
vn -0.956551 -0.285078 0.061161
vn -0.836795 -0.546161 0.038508
vn -0.929936 0.114271 0.349517
vn -0.938644 -0.060459 0.339547
vn -0.732960 0.548024 0.403038
vn -0.596897 0.620657 0.508428
vn -0.645847 0.722764 0.245955
vn -0.526483 0.735812 0.425907
vn -0.444167 0.842995 0.303437
vn -0.515333 0.854971 0.058799
vn -0.365050 0.915119 0.171158
vn -0.337829 0.922496 -0.186740
vn -0.185831 0.484361 -0.854904
vn -0.159358 0.092202 -0.982906
vn 0.631084 -0.383546 -0.674259
vn 0.612761 -0.464082 -0.639650
vn 0.473171 -0.350941 -0.808053
vn 0.409588 -0.527156 -0.744543
vn 0.334003 -0.349152 -0.875520
vn 0.196933 -0.476919 -0.856601
vn 0.151153 -0.336482 -0.929480
vn -0.158066 0.982079 -0.102640
vn -0.218934 0.972298 0.081887
vn -0.065956 0.986985 0.146667
vn 0.073511 0.996488 0.040085
vn 0.097419 0.958235 0.268879
vn 0.293774 0.943357 0.154191
vn 0.414279 0.874576 0.251970
vn 0.975485 0.193114 -0.105526
vn 0.923158 -0.125922 -0.363212
vn 0.435352 -0.896042 -0.087044
vn 0.720168 -0.655855 -0.226302
vn 0.580418 -0.609157 -0.540409
vn 0.167584 -0.042087 0.984959
vn 0.263803 -0.678470 0.685628
vn -0.341303 -0.850432 -0.400346
vn -0.234338 -0.947096 -0.219306
vn -0.049711 -0.991096 -0.123520
vn 0.089007 -0.995693 0.025956
vn 0.148519 -0.979562 -0.135645
vn -0.004765 0.448625 0.893708
vn -0.314589 0.372916 0.872908
vn -0.230346 0.517577 0.824048
vn -0.536788 0.385487 0.750506
vn -0.366975 0.523417 0.769001
vn -0.731342 0.320272 0.602134
vn -0.529182 0.522389 0.668638
vn -0.550623 -0.162738 -0.818737
vn -0.067701 -0.486204 -0.871219
vn -0.723641 -0.312963 -0.615140
vn -0.272350 -0.592440 -0.758183
vn -0.736335 -0.493046 -0.463376
vn -0.375956 -0.747596 -0.547501
vn -0.467674 -0.878776 -0.095045
vn -0.903536 -0.425036 -0.054475
vn -0.973911 0.209185 0.087978
vn -0.979624 -0.135328 0.148402
vn -0.825951 0.537716 0.169311
vn -0.920945 0.280594 0.270420
vn -0.740540 0.643501 0.193666
vn -0.766558 0.639147 0.062281
vn -0.701934 0.711433 -0.033927
vn -0.687473 0.722954 0.068688
vn -0.552664 0.820006 -0.148834
vn -0.561785 0.703969 -0.434539
vn -0.496462 0.467666 -0.731310
vn -0.265568 0.220700 -0.938491
vn 0.806262 -0.517921 -0.285831
vn 0.814676 -0.452224 -0.363038
vn 0.787753 -0.337275 -0.515452
vn 0.680324 -0.396121 -0.616642
vn 0.711013 -0.534152 -0.457321
vn 0.570022 -0.536722 -0.622098
vn 0.402653 -0.328123 -0.854521
vn 0.409230 -0.516553 -0.752133
vn -0.172767 -0.158130 -0.972186
vn -0.324491 0.941108 -0.094984
vn -0.588353 0.807659 -0.039077
vn 0.185206 0.982395 0.024450
vn -0.294598 0.955149 0.030039
vn 0.558032 0.807329 0.191887
vn 0.035642 0.988969 0.143772
vn 0.989823 -0.139780 -0.026699
vn 0.935239 -0.318025 -0.155528
vn 0.885210 -0.430078 -0.177303
vn 0.602260 -0.691836 0.398303
vn -0.348591 -0.880810 -0.320402
vn -0.167622 -0.985421 -0.029114
vn -0.002046 -0.990940 -0.134286
vn 0.208914 -0.977915 0.006174
vn 0.402675 -0.914338 0.042877
vn 0.491700 -0.855563 0.161998
vn -0.205709 0.420583 0.883625
vn -0.250022 0.170017 0.953196
vn -0.587450 0.337990 0.735299
vn -0.518760 0.536498 0.665626
vn -0.663965 0.535602 0.521806
vn -0.771263 0.491340 0.404646
vn -0.751782 0.570625 0.330470
vn -0.156681 0.103055 -0.982258
vn -0.390694 -0.043206 -0.919506
vn -0.470810 -0.276494 -0.837788
vn -0.528409 -0.680561 -0.507564
vn -0.626486 -0.722867 -0.291512
vn -0.071215 -0.972811 0.220378
vn -0.640716 -0.740735 0.201979
vn -0.988520 0.149737 0.020195
vn -0.951452 -0.155433 0.265668
vn -0.856333 0.499682 0.130430
vn -0.712612 0.700054 -0.045905
vn -0.692302 0.717294 0.078792
vn -0.542443 0.823689 -0.165203
vn -0.340447 0.885618 -0.315874
vn -0.306349 0.711915 -0.631924
vn 0.627661 -0.750243 -0.207790
vn 0.577291 -0.020739 -0.816275
vn 0.248690 0.196490 -0.948443
vn 0.546699 -0.556949 -0.625242
vn 0.269140 -0.274210 -0.923240
vn -0.041820 0.325351 -0.944668
vn -0.231521 0.383049 -0.894244
vn -0.315833 0.908032 -0.275186
vn -0.077212 0.958216 -0.275426
vn -0.135966 0.962586 -0.234397
vn 0.046484 0.998148 -0.039252
vn 0.263314 0.962176 -0.069875
vn 0.997768 -0.063088 -0.021894
vn 0.604621 -0.763434 0.227159
vn 0.434602 0.441401 0.785039
vn 0.326524 -0.736922 0.591886
vn -0.127401 -0.991088 0.038897
vn 0.041693 -0.985130 0.166675
vn 0.131176 -0.944792 0.300268
vn 0.294115 -0.893183 0.340177
vn 0.221469 -0.924381 0.310599
vn -0.060979 -0.252037 0.965795
vn -0.080734 -0.357345 0.930477
vn -0.464738 0.381039 0.799267
vn -0.475851 0.045965 0.878324
vn -0.631255 0.558261 0.538388
vn -0.840510 0.398372 0.367208
vn -0.176739 -0.450489 -0.875113
vn -0.328594 -0.490353 -0.807205
vn -0.512202 -0.593119 -0.621175
vn -0.522997 -0.806515 -0.275696
vn -0.351914 -0.867215 -0.352269
vn -0.496752 -0.867213 0.034339
vn -0.873409 -0.467303 0.137056
vn -0.950686 0.037622 0.307863
vn -0.743108 -0.625202 0.238564
vn -0.877941 0.354309 0.322001
vn -0.846783 -0.292473 0.444318
vn -0.681391 0.665943 0.303688
vn -0.562548 0.748468 0.351190
vn -0.442843 0.874101 0.199592
vn -0.457762 0.888668 0.026898
vn -0.245893 0.969282 0.005399
vn -0.103199 0.973869 -0.202310
vn -0.128094 0.988103 -0.085118
vn -0.044773 0.968773 -0.243874
vn -0.122182 0.913592 -0.387841
vn -0.153130 0.690343 -0.707091
vn 0.656841 0.034247 -0.753251
vn 0.654730 -0.427359 -0.623452
vn 0.415029 0.057837 -0.907968
vn 0.407378 -0.461512 -0.788067
vn 0.172998 -0.414810 -0.893311
vn 0.183146 0.189621 -0.964625
vn 0.026200 0.989409 -0.142768
vn 0.117127 0.970199 -0.212122
vn 0.286362 0.948615 -0.134634
vn 0.167303 0.984228 -0.057488
vn 0.376779 0.926256 -0.009339
vn 0.541947 0.840404 -0.003684
vn 0.810926 0.537201 -0.231980
vn 0.875747 0.367787 -0.312729
vn 0.649532 -0.732683 -0.203185
vn 0.382907 0.909362 0.162615
vn 0.134321 -0.181328 0.974206
vn 0.046811 -0.750292 0.659447
vn -0.377382 -0.923557 -0.068008
vn -0.295500 -0.951217 0.088692
vn -0.174080 -0.967746 0.182109
vn -0.214642 -0.974888 0.059355
vn -0.075593 -0.974592 0.210846
vn -0.299480 -0.115597 0.947074
vn -0.090744 0.374807 0.922651
vn -0.533947 0.188472 0.824244
vn -0.676767 0.247916 0.693199
vn -0.507755 -0.591524 -0.626326
vn -0.652786 -0.503406 -0.566085
vn -0.661559 -0.621416 -0.419739
vn -0.574618 -0.674703 -0.463238
vn -0.604804 -0.718727 -0.342993
vn -0.712384 -0.637378 -0.293697
vn -0.612388 -0.739573 -0.279307
vn -0.716699 -0.653719 -0.242887
vn -0.691881 -0.713385 -0.111280
vn -0.755753 -0.642767 -0.125248
vn -0.724527 -0.683542 -0.088492
vn -0.856021 -0.511925 -0.071838
vn -0.797253 -0.601357 -0.052513
vn -0.944004 -0.324651 0.058817
vn -0.993978 0.100350 0.044008
vn -0.966998 0.092470 0.237411
vn -0.587224 0.808832 -0.030951
vn -0.338884 0.920079 -0.196500
vn -0.035938 0.998871 -0.031058
vn -0.107297 0.757925 -0.643457
vn 0.962523 0.136076 -0.234589
vn 0.940345 0.022019 -0.339510
vn 0.842415 0.244239 -0.480296
vn 0.536702 -0.178773 -0.824616
vn 0.401658 -0.011066 -0.915723
vn -0.050494 -0.106416 -0.993039
vn 0.213891 0.966052 -0.144894
vn 0.184146 0.981716 -0.048211
vn 0.334228 0.939316 0.077308
vn 0.505988 0.862524 -0.005367
vn 0.420957 0.897083 0.134305
vn 0.617681 0.776705 0.123288
vn 0.823609 0.565944 0.037078
vn 0.984282 0.176360 -0.009287
vn 0.308113 -0.913763 0.264772
vn 0.502455 -0.864184 -0.026928
vn 0.992570 0.086123 -0.085950
vn 0.483803 0.643113 0.593583
vn 0.456496 0.046706 0.888499
vn 0.203386 -0.573307 0.793696
vn -0.035591 -0.895217 0.444207
vn -0.641533 -0.734211 -0.222190
vn -0.661774 -0.738112 -0.131326
vn -0.568738 -0.814934 -0.111443
vn -0.632684 -0.760043 -0.148480
vn -0.435510 -0.885209 -0.163514
vn -0.452139 -0.891554 0.026507
vn 0.264020 0.312643 0.912441
vn -0.437470 -0.019586 0.899020
vn 0.044747 0.562903 0.825311
vn -0.803753 -0.177204 0.567962
vn -0.299066 0.291613 0.908582
vn -0.933055 -0.332217 0.137986
vn -0.400884 0.124419 -0.907641
vn -0.300976 0.083759 -0.949946
vn -0.458081 -0.139344 -0.877921
vn -0.575976 -0.026183 -0.817047
vn -0.605096 -0.384031 -0.697409
vn -0.707256 -0.209693 -0.675143
vn -0.671537 -0.740719 0.019336
vn -0.905222 -0.424434 -0.020718
vn -0.967928 -0.200385 0.151528
vn -0.963260 0.054363 0.263011
vn -0.886081 0.463464 0.007865
vn -0.752446 0.646095 -0.128006
vn -0.718632 0.613229 -0.327900
vn -0.454341 0.713699 -0.533111
vn -0.575192 0.748436 -0.330148
vn -0.256497 0.640337 -0.724001
vn -0.180246 0.397008 -0.899942
vn 0.714583 -0.027050 -0.699028
vn 0.430607 0.157560 -0.888680
vn 0.178224 0.205981 -0.962189
vn 0.285616 0.073236 -0.955542
vn 0.019497 0.292550 -0.956052
vn -0.055948 0.272129 -0.960633
vn -0.231404 0.239223 -0.942987
vn -0.230526 0.753126 -0.616165
vn -0.351135 0.756437 -0.551822
vn -0.032134 0.825236 -0.563872
vn 0.043430 0.892261 -0.449426
vn 0.233702 0.868157 -0.437820
vn 0.500166 0.847628 -0.177088
vn 0.944131 0.318847 -0.083383
vn 0.962609 0.143652 -0.229671
vn 0.952162 0.060656 -0.299512
vn 0.691292 -0.635284 0.344281
vn 0.926894 -0.375003 0.015518
vn 0.269900 0.287532 0.918956
vn 0.280292 -0.502472 0.817899
vn 0.402976 -0.629344 0.664482
vn 0.178386 -0.678364 0.712742
vn -0.658692 -0.598448 -0.456054
vn -0.381869 -0.895298 0.229385
vn -0.092588 -0.842311 0.530980
vn 0.084975 -0.732271 0.675691
vn -0.081398 -0.925077 0.370955
vn 0.252017 -0.737057 0.627084
vn 0.174783 -0.275144 0.945382
vn -0.002827 -0.191777 0.981434
vn -0.401345 -0.029325 0.915458
vn -0.704062 0.116520 0.700514
vn -0.205485 0.009723 -0.978612
vn -0.066218 -0.102424 -0.992534
vn -0.394030 -0.352522 -0.848804
vn -0.672365 -0.522719 -0.524109
vn -0.490243 -0.704125 -0.513683
vn -0.743477 -0.619825 -0.251115
vn -0.633226 -0.733386 0.247324
vn -0.813852 -0.523984 0.251167
vn -0.856959 -0.342819 0.384832
vn -0.895681 0.030714 0.443635
vn -0.811060 -0.225611 0.539705
vn -0.875829 0.379686 0.297930
vn -0.812403 0.328626 0.481670
vn -0.665515 0.740787 -0.091233
vn -0.757627 0.609445 0.233620
vn -0.475001 0.872486 -0.114638
vn -0.307023 0.837427 -0.452165
vn -0.201443 0.929124 -0.310081
vn -0.010613 0.665520 -0.746304
vn 0.015072 0.461823 -0.886844
vn 0.807360 0.029624 -0.589315
vn 0.658875 0.160204 -0.734996
vn 0.538448 0.162604 -0.826821
vn 0.581372 0.010544 -0.813569
vn 0.422235 0.005978 -0.906467
vn 0.341520 0.190278 -0.920412
vn 0.094655 0.164199 -0.981875
vn 0.003105 0.913150 -0.407611
vn 0.197531 0.886671 -0.418087
vn 0.390045 0.870718 -0.299523
vn 0.609228 0.774199 -0.171630
vn 0.518438 0.836044 -0.179588
vn 0.852974 0.434463 -0.289270
vn 0.872070 0.251054 -0.420078
vn 0.600770 -0.792435 0.105460
vn 0.835224 -0.475108 -0.276899
vn 0.613941 0.631671 0.473359
vn 0.015894 -0.264410 0.964279
vn 0.000061 -0.553989 0.832524
vn 0.043633 -0.726408 0.685877
vn -0.623978 -0.774379 -0.104827
vn -0.472976 -0.880562 0.030077
vn -0.489650 -0.800746 0.345034
vn -0.409330 -0.905377 0.112880
vn -0.276201 -0.894413 0.351765
vn -0.195622 -0.838460 0.508643
vn -0.003905 -0.885333 0.464941
vn -0.353474 -0.217396 0.909832
vn -0.114986 -0.104796 0.987824
vn -0.367144 0.193263 0.909865
vn -0.532586 -0.074486 0.843092
vn -0.696134 -0.038250 0.716892
vn -0.141927 -0.121545 -0.982387
vn -0.723933 -0.230702 -0.650152
vn -0.568340 -0.418211 -0.708583
vn -0.842961 -0.341400 -0.415769
vn -0.910196 -0.351778 -0.218621
vn -0.913134 -0.385648 -0.132141
vn -0.793136 -0.522709 -0.312589
vn -0.929192 -0.363756 0.065451
vn -0.866933 -0.479864 0.134750
vn -0.895195 -0.419811 0.149612
vn -0.963271 -0.234674 0.130524
vn -0.933593 -0.306413 0.185783
vn -0.970190 -0.119548 0.210806
vn -0.945069 -0.177134 0.274715
vn -0.913278 0.007034 0.407277
vn -0.988676 0.021163 0.148569
vn -0.955736 0.182159 0.231056
vn -0.979962 0.183371 0.077779
vn -0.814239 0.578627 0.046959
vn -0.876090 0.462662 -0.135686
vn -0.431658 0.866896 -0.249324
vn -0.447015 0.795953 -0.408211
vn -0.246975 0.570099 -0.783575
vn -0.220478 0.383664 -0.896767
vn -0.149879 0.275308 -0.949601
vn 0.938838 0.023017 -0.343590
vn 0.906046 0.107689 -0.409247
vn 0.855168 0.098650 -0.508877
vn 0.805017 0.028212 -0.592581
vn 0.712713 0.128518 -0.689582
vn 0.427042 0.132313 -0.894499
vn 0.141604 0.906183 -0.398473
vn 0.526479 0.799395 -0.289461
vn 0.508450 0.840780 -0.185921
vn 0.729541 0.664592 -0.161516
vn 0.810489 0.585251 -0.024250
vn 0.922458 0.385388 -0.023392
vn 0.978532 0.117755 -0.169139
vn 0.986014 -0.022802 -0.165093
vn 0.647623 0.505348 0.570270
vn 0.449521 -0.174272 0.876105
vn 0.294011 -0.430405 0.853410
vn 0.317254 -0.633633 0.705591
vn 0.332796 -0.685116 0.647968
vn -0.835098 -0.548560 -0.041145
vn -0.805990 -0.575857 0.136998
vn -0.695317 -0.716057 0.061622
vn -0.663311 -0.716668 0.215421
vn -0.323725 -0.925462 0.196780
vn -0.369205 -0.869913 0.327015
vn 0.325049 -0.867847 0.375745
vn 0.269801 -0.932946 0.238369
vn 0.117699 0.026992 0.992682
vn -0.407927 -0.033553 0.912398
vn -0.734517 -0.110220 0.669579
vn -0.899699 -0.136292 0.414688
vn -0.676598 0.041679 0.735172
vn -0.250243 -0.128247 -0.959652
vn -0.391550 -0.150536 -0.907759
vn -0.420616 -0.193957 -0.886263
vn -0.267374 -0.231666 -0.935330
vn -0.472957 -0.317256 -0.821986
vn -0.365994 -0.410080 -0.835394
vn -0.556145 -0.414250 -0.720486
vn -0.676753 -0.599156 -0.427806
vn -0.836508 -0.294294 -0.462218
vn -0.865311 -0.409693 0.288770
vn -0.985772 -0.071381 0.152180
vn -0.779923 -0.124728 0.613321
vn -0.746097 0.230789 0.624560
vn -0.852607 0.499372 0.153910
vn -0.622216 0.410703 0.666461
vn -0.677648 0.623191 -0.390418
vn -0.640431 0.760749 0.105402
vn -0.427677 0.621561 -0.656318
vn -0.437593 0.813848 -0.382313
vn -0.195028 0.142067 -0.970454
vn -0.161609 0.051798 -0.985495
vn 0.594421 -0.209073 -0.776499
vn 0.335503 -0.096349 -0.937099
vn 0.360924 -0.218436 -0.906653
vn 0.116496 -0.063831 -0.991138
vn 0.177677 -0.161936 -0.970674
vn -0.100545 -0.051487 -0.993599
vn -0.182268 0.814519 -0.550761
vn 0.072385 0.957821 -0.278101
vn 0.348501 0.930794 -0.110315
vn 0.302624 0.870706 0.387673
vn 0.580442 0.716026 0.387806
vn 0.890324 0.406626 0.204886
vn 0.904405 0.042710 -0.424533
vn 0.805779 -0.533850 0.256369
vn 0.766502 -0.479289 -0.427502
vn 0.247821 0.355563 0.901199
vn 0.147213 -0.069815 0.986638
vn 0.238984 -0.667846 0.704889
vn -0.513014 -0.610132 -0.603784
vn -0.435726 -0.897705 0.065334
vn -0.171047 -0.905108 0.389259
vn -0.286922 -0.894293 -0.343390
vn 0.098225 -0.827262 0.553163
vn 0.255328 -0.686424 0.680903
vn 0.097691 0.141500 0.985106
vn -0.083821 0.110983 0.990281
vn -0.304005 0.085683 0.948809
vn -0.234370 0.209748 0.949250
vn 0.165938 -0.226260 -0.959829
vn -0.015835 -0.246588 -0.968991
vn -0.167373 -0.346217 -0.923104
vn -0.030351 -0.454120 -0.890423
vn -0.380344 -0.552924 -0.741359
vn -0.212656 -0.624095 -0.751853
vn -0.588538 -0.671516 -0.450209
vn -0.639124 -0.768150 0.038293
vn -0.870694 -0.487491 0.065145
vn -0.832091 -0.463189 0.305091
vn -0.897688 -0.148716 0.414777
vn -0.795757 -0.205896 0.569542
vn -0.767246 0.067546 0.637786
vn -0.744099 0.204340 0.636052
vn -0.746148 0.291445 0.598602
vn -0.721844 0.444168 0.530712
vn -0.624897 0.400933 0.669893
vn -0.629790 0.716612 0.299721
vn -0.490857 0.844308 0.214948
vn -0.174869 0.832468 -0.525755
vn 0.098851 0.315553 -0.943745
vn 0.124080 0.095030 -0.987711
vn 0.527122 -0.134216 -0.839123
vn 0.574656 -0.253762 -0.778058
vn 0.458461 -0.215364 -0.862225
vn 0.401889 -0.114408 -0.908513
vn 0.203767 -0.129678 -0.970393
vn -0.244355 0.963122 -0.112635
vn -0.010433 0.899799 -0.436180
vn -0.004753 0.999021 -0.043988
vn 0.216299 0.937094 -0.273987
vn 0.180467 0.970676 0.158808
vn 0.465197 0.872051 -0.152047
vn 0.577733 0.814895 -0.046592
vn 0.775988 0.037569 -0.629627
vn 0.510326 -0.859962 -0.005733
vn 0.752434 -0.605608 -0.259003
vn 0.107324 0.493020 0.863373
vn -0.041225 -0.034616 0.998550
vn 0.020935 -0.567088 0.823391
vn 0.132925 -0.826666 0.546767
vn -0.402283 -0.781377 -0.477093
vn -0.412509 -0.910633 -0.024152
vn -0.164914 -0.970701 0.174765
vn 0.173025 -0.959377 0.222842
vn 0.188403 -0.980956 0.047219
vn -0.310529 0.216322 0.925622
vn -0.410583 0.140527 0.900929
vn -0.421147 0.223654 0.878985
vn -0.541623 0.170807 0.823085
vn -0.562511 0.240504 0.791037
vn 0.431800 -0.267606 -0.861357
vn -0.411004 -0.280875 -0.867286
vn 0.157122 -0.338556 -0.927735
vn -0.077745 -0.518026 -0.851825
vn -0.742790 -0.373528 -0.555644
vn -0.983257 -0.182198 -0.003046
vn -0.389475 -0.658003 -0.644470
vn -0.962749 -0.124027 0.240274
vn -0.942571 -0.176808 0.283369
vn -0.922239 0.097673 0.374079
vn -0.918746 0.053874 0.391157
vn -0.865582 0.299282 0.401495
vn -0.879451 0.171105 0.444172
vn -0.842976 0.477817 0.247147
vn -0.846639 0.335476 0.413109
vn -0.797764 0.522403 0.301111
vn -0.726144 0.652976 0.215261
vn -0.464856 0.736740 -0.491042
vn -0.071171 0.234767 -0.969443
vn 0.769516 -0.352789 -0.532339
vn 0.794466 -0.194427 -0.575345
vn 0.745250 -0.107545 -0.658054
vn 0.706561 -0.110408 -0.698986
vn 0.711679 -0.257251 -0.653709
vn 0.547422 -0.228169 -0.805151
vn 0.242386 -0.152783 -0.958074
vn -0.585116 0.800060 0.132454
vn 0.057907 0.958808 -0.278090
vn 0.550982 0.801497 -0.232425
vn -0.186348 0.980991 0.054142
vn 0.752008 0.655373 -0.070495
vn 0.290480 0.953579 0.079427
vn 0.957703 0.158531 -0.240151
vn 0.932249 -0.064114 -0.356091
vn 0.921001 -0.143519 -0.362159
vn 0.690159 -0.695698 0.199210
vn 0.840829 -0.430513 -0.328124
vn 0.261744 -0.205867 0.942926
vn 0.467889 -0.688238 0.554444
vn 0.157552 -0.862004 0.481796
vn -0.793944 -0.588398 -0.153106
vn -0.821493 -0.530219 0.209805
vn -0.528740 -0.803585 0.273286
vn -0.357932 -0.933186 0.032374
vn 0.082560 -0.988738 0.124821
vn 0.471467 -0.878710 0.074748
vn -0.642014 0.152432 0.751387
vn -0.593070 0.254432 0.763893
vn -0.773059 0.181172 0.607912
vn -0.825662 0.193567 0.529919
vn -0.777913 0.246272 0.578102
vn -0.973363 -0.005273 0.229209
vn -0.915322 0.271768 0.297201
vn -0.960962 -0.197546 -0.193720
vn -0.966034 0.257211 0.024912
vn -0.827716 -0.009229 -0.561072
vn -0.885013 0.454579 -0.100547
vn -0.419674 0.128653 -0.898511
vn -0.480974 0.398593 -0.780889
vn -0.571497 0.723937 -0.386403
vn 0.419502 0.089625 -0.903319
vn 0.319019 0.445849 -0.836329
vn -0.081478 0.831923 -0.548876
vn 0.787746 -0.086831 -0.609850
vn 0.358594 0.743198 -0.564860
vn 0.838397 0.026609 -0.544410
vn 0.754140 0.470585 -0.458064
vn 0.902789 0.281174 -0.325444
vn 0.878076 -0.173301 -0.446037
vn 0.985417 0.170147 -0.001980
vn 0.926477 -0.117635 -0.357495
vn 0.983101 -0.171094 -0.065103
vn 0.826837 0.134461 0.546132
vn 0.831468 -0.289491 0.474190
vn 0.457326 -0.768140 0.448122
vn 0.475012 -0.463242 0.748178
vn 0.180187 0.119651 0.976328
vn -0.250983 -0.484265 0.838149
vn -0.425250 -0.059183 0.903139
vn -0.236867 -0.831437 0.502600
vn -0.718555 -0.622477 0.310163
vn -0.704118 -0.296190 0.645360
vn -0.744503 0.076716 0.663197
vn -0.900616 -0.171340 0.399417
vn -0.894590 0.183272 0.407578
vn 0.219936 -0.540275 -0.812239
vn 0.664767 -0.435608 -0.606902
vn 0.841931 -0.350374 -0.410353
vn 0.763320 -0.476449 -0.436278
vn 0.872618 -0.392732 -0.290344
vn -0.304746 -0.840839 -0.447346
vn 0.373353 -0.813615 -0.445688
vn 0.790547 -0.599237 -0.126294
vn 0.261581 -0.928229 -0.264509
vn 0.631384 -0.761112 -0.148536
vn -0.062371 0.958685 0.277547
vn -0.563831 0.796462 0.218504
vn -0.093986 0.835750 0.541007
vn 0.445387 0.488788 0.750144
vn -0.455686 0.654763 0.603023
vn -0.212675 0.562593 0.798911
vn -0.254726 0.385057 0.887043
vn -0.751227 0.512239 0.416257
vn -0.576948 0.365589 0.730394
vn -0.821891 0.224530 0.523528
vn -0.855079 -0.443276 -0.268975
vn -0.958739 -0.093078 0.268617
vn -0.841496 0.160309 0.515932
vn -0.982490 0.074712 -0.170678
vn -0.874535 0.378063 0.303739
vn -0.574717 -0.232704 -0.784570
vn -0.721972 0.239074 -0.649307
vn -0.790514 0.580254 -0.195943
vn -0.091928 -0.056511 -0.994161
vn -0.547499 0.803182 -0.234826
vn -0.284054 0.383503 -0.878771
vn 0.257790 0.129865 -0.957434
vn 0.119615 0.694533 -0.709448
vn 0.444514 0.103377 -0.889787
vn 0.386361 0.656801 -0.647564
vn 0.541449 -0.089240 -0.835984
vn 0.641134 0.107332 -0.759886
vn 0.669996 0.429347 -0.605613
vn 0.531328 0.793376 -0.297061
vn 0.722043 0.691813 -0.006941
vn 0.997699 0.062925 -0.025260
vn 0.831839 0.436478 0.342828
vn 0.882954 -0.269007 -0.384744
vn 0.453613 0.602996 0.656225
vn 0.854646 -0.154601 0.495660
vn 0.604061 0.194635 0.772805
vn 0.136715 0.290969 0.946914
vn 0.616257 -0.667136 0.418517
vn 0.504581 -0.279460 0.816884
vn 0.149801 0.024310 0.988417
vn 0.218622 -0.735160 0.641673
vn 0.128917 -0.403434 0.905882
vn -0.236198 0.046898 0.970572
vn -0.204747 -0.598667 0.774388
vn -0.368184 -0.045006 0.928663
vn -0.371603 -0.631779 0.680269
vn -0.477730 0.004395 0.878496
vn -0.657236 -0.631012 0.412146
vn -0.635048 -0.235381 0.735738
vn -0.666350 0.093265 0.739783
vn 0.242105 -0.292181 -0.925211
vn 0.415095 -0.301789 -0.858265
vn 0.496225 -0.485730 -0.719602
vn 0.042338 -0.563540 -0.825003
vn 0.250785 -0.589580 -0.767790
vn 0.638799 -0.513764 -0.572697
vn 0.262111 -0.893968 -0.363483
vn 0.541200 -0.824483 -0.165320
vn -0.284809 -0.839541 -0.462661
vn -0.019985 -0.912495 -0.408600
vn 0.343556 -0.929225 0.136050
vn 0.372673 0.844103 0.385493
vn -0.024219 0.943271 0.331140
vn 0.098505 0.733090 0.672961
vn -0.345733 0.892793 0.288773
vn -0.293119 0.576225 0.762919
vn -0.561906 0.619009 0.548716
vn -0.182193 0.367770 0.911894
vn -0.555036 0.416871 0.719829
vn -0.497502 0.286439 0.818806
vn -0.765462 -0.317576 -0.559655
vn -0.926807 -0.135367 -0.350292
vn -0.964142 0.156166 0.214575
vn -0.369780 -0.089214 -0.924826
vn -0.909756 0.317403 -0.267582
vn -0.397983 0.048484 -0.916111
vn -0.646620 0.355098 -0.675121
vn -0.397528 0.394723 -0.828351
vn -0.182637 -0.009163 -0.983138
vn -0.096815 0.623675 -0.775665
vn -0.164529 0.105928 -0.980668
vn 0.162403 0.023284 -0.986450
vn 0.113363 0.280620 -0.953101
vn 0.306164 0.817269 -0.488196
vn 0.711984 0.255275 -0.654150
vn 0.571711 0.691860 -0.440995
vn 0.861670 -0.050926 -0.504908
vn 0.831711 0.554249 0.032637
vn 0.930569 0.153473 0.332398
vn 0.597605 0.350119 0.721308
vn 0.563022 -0.051339 0.824846
vn 0.401908 0.088173 0.911425
vn 0.697554 -0.286266 0.656865
vn 0.436218 -0.516764 0.736661
vn 0.346322 -0.209164 0.914501
vn 0.135345 0.192924 0.971834
vn 0.085998 -0.483264 0.871240
vn 0.030579 -0.089060 0.995557
vn -0.161893 -0.218911 0.962221
vn -0.273045 -0.707519 0.651815
vn -0.642071 -0.363637 0.674917
vn -0.334286 -0.007944 0.942438
vn -0.675565 -0.700406 0.230312
vn -0.736422 0.049180 0.674733
vn -0.138947 -0.278962 -0.950197
vn 0.056698 -0.357074 -0.932354
vn 0.314406 -0.311614 -0.896686
vn 0.359419 -0.698012 -0.619352
vn 0.672196 -0.736290 0.077648
vn -0.233741 -0.768903 -0.595107
vn 0.159217 -0.940742 -0.299424
vn 0.429655 -0.832621 0.349483
vn 0.382343 0.714697 0.585681
vn -0.080953 0.996377 0.026048
vn -0.339984 0.940077 0.025814
vn 0.257013 0.537442 0.803181
vn 0.005333 0.490990 0.871149
vn -0.366399 0.761559 0.534583
vn -0.352524 0.405012 0.843619
vn -0.954860 -0.295374 -0.031566
vn -0.983361 -0.048985 0.174934
vn -0.887208 -0.243192 -0.392072
vn -0.960236 -0.049585 -0.274752
vn -0.990513 0.101631 -0.092499
vn -0.928517 0.359018 0.094670
vn -0.543938 0.071105 -0.836107
vn -0.878927 0.376962 -0.292210
vn -0.698860 0.250127 -0.670098
vn -0.516455 0.685273 -0.513493
vn 0.133897 0.289167 -0.947868
vn 0.204132 0.606612 -0.768344
vn 0.619263 0.242617 -0.746760
vn 0.162210 0.807216 -0.567530
vn 0.721609 0.427194 -0.544780
vn 0.640482 0.649147 -0.410355
vn 0.807851 0.571469 -0.144223
vn 0.888131 0.358096 -0.288081
vn 0.926643 0.372377 0.051648
vn 0.985496 -0.163177 0.046590
vn 0.979634 -0.012898 0.200376
vn 0.933584 0.135549 0.331735
vn 0.861740 0.404417 0.306350
vn 0.685846 -0.615548 0.388222
vn 0.525554 0.168357 0.833936
vn 0.636767 -0.428348 0.641129
vn 0.571736 -0.239996 0.784551
vn -0.184758 -0.819153 0.543003
vn -0.182131 -0.553588 0.812631
vn -0.384558 -0.297412 0.873877
vn -0.594471 -0.691002 0.411243
vn -0.636947 -0.511733 0.576566
vn -0.718254 -0.211122 0.662977
vn -0.819176 -0.534625 0.207669
vn -0.808647 -0.425064 0.406706
vn -0.902253 -0.236676 0.360450
vn -0.324588 -0.429407 -0.842765
vn 0.340883 -0.420830 -0.840655
vn 0.771973 -0.307855 -0.556132
vn -0.214574 -0.822443 -0.526826
vn 0.391759 -0.806735 -0.442385
vn 0.854068 -0.478599 -0.203743
vn -0.674283 -0.619761 -0.401545
vn -0.165513 -0.983495 -0.073091
vn 0.528126 -0.845817 0.075341
vn -0.685190 -0.717201 -0.127034
vn 0.199904 -0.927389 0.316210
vn 0.670552 0.712782 0.205672
vn 0.240732 0.960635 0.138670
vn -0.213671 0.976675 0.021209
vn -0.638708 0.763735 -0.093599
vn 0.312582 0.638234 0.703526
vn -0.136464 0.819675 0.556336
vn -0.642852 0.667722 0.375351
vn -0.918134 0.310240 0.246539
vn -0.501891 0.406939 0.763221
vn -0.201055 0.236850 0.950515
vn -0.819193 0.199702 0.537626
vn -0.853544 -0.508703 -0.112618
vn -0.934253 -0.284529 0.214974
vn -0.941935 -0.024360 0.334910
vn -0.973522 -0.121138 -0.193857
vn -0.701506 -0.330750 -0.631264
vn -0.981716 0.167294 -0.090809
vn -0.915371 0.372773 0.152103
vn -0.807892 -0.045646 -0.587561
vn -0.714429 0.618893 -0.326439
vn -0.306591 0.073187 -0.949023
vn -0.712128 0.340546 -0.613924
vn -0.187970 0.348157 -0.918398
vn -0.223354 0.571897 -0.789333
vn -0.281612 0.769819 -0.572777
vn 0.224808 0.341947 -0.912433
vn 0.210645 0.528746 -0.822226
vn 0.148198 0.747530 -0.647485
vn 0.449082 0.332911 -0.829154
vn 0.397113 0.576444 -0.714152
vn 0.377219 0.752283 -0.540163
vn 0.627660 0.279122 -0.726728
vn 0.585172 0.538087 -0.606659
vn 0.559812 0.712140 -0.423635
vn 0.826075 0.218269 -0.519576
vn 0.808803 0.450688 -0.377781
vn 0.726116 0.653852 -0.212681
vn 0.961723 -0.186870 -0.200419
vn 0.998760 0.035150 0.035251
vn 0.892767 0.449042 -0.036439
vn 0.761247 0.603954 0.236101
vn 0.909649 0.272250 0.313718
vn 0.826725 -0.439136 0.351688
vn 0.815167 -0.123940 0.565811
vn 0.687014 0.193597 0.700380
vn 0.447127 -0.724070 0.525167
vn 0.479085 -0.489789 0.728412
vn 0.417228 -0.252784 0.872938
vn 0.332403 0.160754 0.929336
vn 0.051875 -0.766752 0.639844
vn 0.154993 -0.597651 0.786632
vn 0.064253 -0.103184 0.992585
vn -0.186695 -0.586091 0.788443
vn -0.280262 -0.362859 0.888699
vn -0.298625 -0.780783 0.548818
vn -0.424107 -0.595952 0.681890
vn -0.518913 -0.324585 0.790805
vn -0.557029 -0.750102 0.356464
vn -0.633988 -0.611213 0.473791
vn -0.718875 -0.329950 0.611843
vn 0.016378 -0.299428 -0.953978
vn 0.234976 -0.459402 -0.856584
vn 0.622869 -0.184319 -0.760303
vn 0.796318 -0.335969 -0.502994
vn 0.528105 -0.575382 -0.624532
vn -0.371075 -0.621946 -0.689556
vn -0.267248 -0.817892 -0.509541
vn 0.177204 -0.877018 -0.446586
vn 0.489815 -0.837597 -0.241896
vn -0.227535 -0.972865 -0.041974
vn 0.010731 -0.994926 0.100034
vn 0.274579 -0.946321 0.170538
vn -0.520681 -0.853010 -0.035585
vn 0.171919 -0.897366 0.406420
vn 0.454888 0.813097 0.363248
vn 0.167259 0.956919 0.237340
vn -0.043485 0.972100 -0.230501
vn -0.160413 0.979306 0.123402
vn -0.218463 0.795937 0.564587
vn -0.498450 0.865432 0.050742
vn 0.101032 0.613556 0.783161
vn -0.497449 0.672095 0.548482
vn -0.014976 0.249220 0.968331
vn -0.326884 0.362293 0.872863
vn -0.757658 0.443832 0.478506
vn -0.249535 0.027045 0.967988
vn -0.596108 0.168001 0.785131
vn -0.561407 -0.792093 -0.239606
vn -0.978304 -0.031970 -0.204692
vn -0.793686 -0.211567 -0.570352
vn -0.960642 0.265581 -0.081445
vn -0.681417 0.267811 -0.681137
vn -0.727704 0.464164 -0.504974
vn -0.565571 0.129293 -0.814501
vn -0.484926 0.655389 -0.579062
vn -0.438409 0.451300 -0.777255
vn -0.115767 0.452245 -0.884348
vn -0.179307 0.652807 -0.735997
vn 0.259760 0.320821 -0.910823
vn 0.172942 0.545407 -0.820136
vn 0.137515 0.661962 -0.736815
vn 0.084404 0.891484 -0.445119
vn 0.820822 0.115950 -0.559291
vn 0.437773 0.769671 -0.464717
vn 0.714494 0.435213 -0.547803
vn 0.801971 0.595814 -0.042991
vn 0.959282 -0.264059 0.100252
vn 0.956356 0.031064 0.290547
vn 0.809817 0.243733 0.533657
vn 0.757345 -0.465177 0.458301
vn 0.749272 -0.272570 0.603571
vn 0.593259 -0.014451 0.804882
vn 0.542808 -0.348593 0.764096
vn 0.299993 -0.127196 0.945423
vn 0.385534 -0.742268 0.548089
vn 0.140339 -0.639205 0.756123
vn 0.088091 -0.386828 0.917935
vn -0.117482 -0.786657 0.606110
vn -0.198271 -0.596471 0.777760
vn -0.112505 -0.376472 0.919571
vn -0.431962 -0.329780 0.839437
vn -0.579922 -0.676370 0.454109
vn -0.755342 -0.320579 0.571566
vn -0.128747 -0.072722 -0.989007
vn 0.267518 -0.394161 -0.879245
vn 0.656640 -0.507201 -0.558186
vn 0.823952 -0.566166 -0.023641
vn -0.254396 -0.551339 -0.794549
vn 0.164661 -0.811419 -0.560790
vn 0.516804 -0.855484 -0.032566
vn -0.388598 -0.818117 -0.423882
vn 0.059548 -0.996738 -0.054481
vn 0.341705 -0.891088 0.298665
vn -0.370787 -0.928190 0.031308
vn 0.116435 -0.904374 0.410548
vn 0.560188 0.796769 0.226601
vn 0.131970 0.983759 0.121667
vn 0.504447 0.576859 0.642470
vn -0.232089 0.936188 -0.263982
vn 0.420982 0.437844 0.794397
vn 0.028886 0.611182 0.790963
vn 0.317517 0.267397 0.909770
vn -0.414282 0.889064 0.194769
vn -0.340831 0.364280 0.866680
vn -0.670351 0.730800 0.128692
vn 0.065525 0.018120 0.997686
vn -0.683625 0.331586 0.650160
vn -0.830561 -0.515910 -0.209773
vn -0.985960 -0.166594 0.011338
vn -0.812137 -0.415868 -0.409253
vn -0.979930 0.138068 -0.143789
vn -0.734906 -0.266078 -0.623792
vn -0.809293 0.422386 -0.408209
vn -0.416277 -0.042453 -0.908246
vn -0.398947 0.523074 -0.753150
vn -0.259223 0.835866 -0.483871
vn 0.237365 0.284760 -0.928746
vn 0.159434 0.631053 -0.759179
vn 0.419226 0.876241 -0.237595
vn 0.747458 0.411222 -0.521730
vn 0.651053 0.703222 -0.285673
vn 0.718798 0.692369 0.062879
vn 0.918701 0.379335 -0.109969
vn 0.844273 0.508317 0.169757
vn 0.681606 0.658273 0.319516
vn 0.859248 0.399068 0.320058
vn 0.926726 -0.283826 0.246215
vn 0.852018 -0.042365 0.521796
vn 0.712157 0.463974 0.526839
vn 0.416325 -0.797585 0.436499
vn 0.438250 0.528676 0.726938
vn -0.310909 -0.894715 0.320656
vn -0.194195 -0.663513 0.722523
vn -0.069741 -0.178398 0.981484
vn -0.640151 -0.717886 0.273582
vn -0.569017 -0.373038 0.732846
vn -0.842854 -0.401825 0.357957
vn -0.683202 -0.729904 0.021803
vn -0.285931 -0.632660 -0.719712
vn 0.460615 -0.464517 -0.756345
vn 0.789443 -0.451912 -0.415398
vn -0.309824 -0.842179 -0.441297
vn 0.093775 -0.900969 -0.423628
vn 0.928301 -0.350276 -0.124756
vn 0.416851 -0.906347 -0.069064
vn -0.231061 -0.956171 -0.179857
vn -0.529095 -0.791050 -0.307081
vn 0.004916 -0.993833 0.110775
vn 0.562652 0.804882 0.188644
vn 0.190700 0.981153 0.031168
vn 0.332333 0.875736 0.350202
vn 0.551725 0.764093 0.334307
vn -0.220178 0.927033 0.303530
vn 0.515328 0.717999 0.467884
vn 0.104378 0.703994 0.702494
vn -0.447916 0.728894 0.517769
vn -0.610676 0.435462 0.661399
vn -0.720978 -0.689247 -0.071615
vn -0.967951 -0.226623 0.108223
vn -0.928470 0.296651 0.223476
vn -0.603206 -0.697936 -0.386041
vn -0.822696 -0.429063 -0.372929
vn -0.968113 0.005147 -0.250460
vn -0.832203 0.552226 -0.049841
vn -0.542885 -0.380711 -0.748556
vn -0.705665 0.104918 -0.700735
vn -0.652330 0.592396 -0.472792
vn -0.396818 0.896515 -0.196970
vn -0.214614 0.056010 -0.975092
vn -0.307706 0.432177 -0.847667
vn 0.247439 0.392586 -0.885805
vn -0.021837 0.943753 -0.329928
vn 0.135185 0.757592 -0.638576
vn 0.264474 0.925756 -0.270239
vn 0.416034 0.755417 -0.506222
vn 0.616611 0.354143 -0.703117
vn 0.542341 0.801117 -0.253134
vn 0.859117 0.226375 -0.458991
vn 0.821818 -0.551777 -0.141981
vn 0.998629 0.047980 0.020947
vn 0.799146 0.595803 0.079901
vn 0.769199 -0.509043 0.386274
vn 0.833270 0.140749 0.534650
vn 0.582624 0.653668 0.482978
vn 0.577779 -0.794721 0.185985
vn 0.533558 -0.414592 0.737177
vn 0.427288 0.198058 0.882155
vn 0.236337 -0.884205 0.402898
vn 0.133183 0.128110 0.982777
vn -0.173420 -0.492695 0.852747
vn -0.145908 -0.883879 0.444375
vn -0.382601 -0.615758 0.688810
vn -0.344738 -0.873144 0.344637
vn -0.696231 -0.468099 0.544193
vn -0.542838 -0.206412 0.814077
vn -0.521367 -0.818668 0.240748
vn -0.057423 -0.567236 -0.821551
vn 0.296826 -0.630510 -0.717183
vn 0.499063 -0.751684 -0.431171
vn -0.175116 -0.854416 -0.489190
vn -0.013235 -0.960095 -0.279362
vn 0.251619 -0.953944 -0.163336
vn -0.289715 -0.940876 -0.175549
vn 0.010366 -0.998708 0.049752
vn 0.402595 0.915305 -0.011602
vn 0.180216 0.982060 0.055499
vn -0.038132 0.997505 0.059404
vn 0.030549 0.947298 0.318895
vn -0.227828 0.929152 -0.291154
vn 0.179587 0.794747 0.579763
vn -0.380998 0.841175 0.383752
vn -0.146707 0.640520 0.753798
vn -0.498213 0.511567 0.700059
vn -0.984390 -0.019683 -0.174894
vn -0.814041 0.563690 -0.139966
vn -0.868469 -0.313193 -0.384280
vn -0.600116 0.727583 -0.332392
vn -0.641824 0.158907 -0.750207
vn -0.655614 0.557070 -0.509748
vn -0.412267 0.815841 -0.405512
vn -0.330904 0.565974 -0.755100
vn -0.076557 0.811337 -0.579544
vn -0.282177 0.855018 -0.435109
vn 0.229036 0.415849 -0.880120
vn 0.593689 0.360968 -0.719191
vn -0.054231 0.921569 -0.384408
vn 0.781032 0.513625 -0.355215
vn 0.508333 0.833020 -0.218348
vn 0.926064 -0.073784 -0.370083
vn 0.900907 -0.426927 0.078106
vn 0.962684 0.169443 0.211016
vn 0.648512 0.694771 0.311009
vn 0.679409 -0.583422 0.444996
vn 0.733944 0.212482 0.645119
vn 0.494800 0.581102 0.646137
vn 0.602349 -0.756489 0.254756
vn 0.522486 -0.200616 0.828711
vn 0.372557 -0.849064 0.374554
vn 0.423939 -0.672264 0.606907
vn 0.334684 -0.469985 0.816762
vn -0.046948 -0.531938 0.845481
vn -0.009524 -0.868475 0.495642
vn -0.370527 -0.158388 0.915217
vn -0.329647 -0.849120 0.412708
vn -0.609211 -0.292407 0.737130
vn -0.582552 -0.801795 0.133257
vn -0.843446 -0.242431 0.479402
vn -0.071984 -0.429515 -0.900186
vn 0.353512 -0.630891 -0.690656
vn 0.558990 -0.769271 -0.309439
vn 0.730316 -0.682806 -0.020339
vn -0.164220 -0.890026 -0.425306
vn 0.212266 -0.950277 -0.227853
vn 0.421390 -0.904796 0.061441
vn -0.114766 -0.991161 -0.066547
vn 0.212747 -0.966227 0.145411
vn -0.266266 0.920183 -0.286995
vn 0.090628 0.986076 0.139431
vn -0.252316 0.967312 0.025375
vn 0.139608 0.755951 0.639569
vn -0.429367 0.895686 -0.115714
vn -0.327430 0.753484 0.570133
vn -0.627615 0.733853 0.259923
vn -0.956060 -0.142889 -0.255990
vn -0.951951 0.265601 -0.152467
vn -0.919383 0.379398 0.103884
vn -0.832833 -0.099457 -0.544515
vn -0.813632 0.576035 -0.078662
vn -0.687660 0.066335 -0.722996
vn -0.818885 0.411092 -0.400537
vn -0.662142 0.614864 -0.428381
vn -0.450357 0.303989 -0.839505
vn -0.641680 0.740844 -0.198487
vn -0.296860 0.670977 -0.679459
vn -0.400773 0.834456 -0.378239
vn 0.138639 0.188700 -0.972199
vn 0.164109 0.668532 -0.725351
vn -0.118977 0.938385 -0.324465
vn 0.610699 -0.006184 -0.791839
vn 0.669566 0.456212 -0.586133
vn 0.425749 0.851538 -0.305977
vn 0.885332 -0.275406 -0.374619
vn 0.427397 0.903813 -0.021302
vn 0.965651 0.158324 -0.206039
vn 0.859008 -0.500239 -0.108935
vn 0.922615 -0.371223 0.104757
vn 0.974126 0.040852 0.222284
vn 0.727687 0.616798 0.300052
vn 0.897975 -0.189566 0.397121
vn 0.637440 0.405713 0.655033
vn 0.752040 -0.654797 0.075337
vn 0.760921 -0.566910 0.315615
vn 0.787020 -0.289208 0.544938
vn 0.506553 0.281162 0.815078
vn 0.533459 -0.532883 0.656854
vn 0.329614 0.133097 0.934687
vn 0.061788 -0.648847 0.758406
vn -0.096546 -0.251141 0.963124
vn -0.302904 0.212984 0.928917
vn -0.194128 -0.910498 0.365114
vn -0.448824 -0.572468 0.686176
vn -0.633806 -0.041722 0.772366
vn -0.733714 0.359054 0.576840
vn -0.612741 -0.767389 0.188848
vn -0.856859 -0.287611 0.427869
vn -0.907833 -0.413840 0.067651
vn -0.904948 0.181114 0.385055
vn 0.225169 -0.535252 -0.814128
vn 0.666989 -0.647097 -0.369311
vn -0.002279 -0.767011 -0.641630
vn 0.752641 -0.653847 -0.077553
vn 0.480005 -0.810065 -0.336736
vn 0.413048 -0.897437 -0.154912
vn 0.603490 -0.796447 -0.038367
vn -0.091024 -0.928208 -0.360755
vn 0.293264 0.884513 0.362814
vn -0.176937 0.966270 0.187123
vn -0.454071 0.889933 0.042881
vn 0.009574 0.891009 0.453885
vn -0.578062 0.789540 0.206083
vn 0.002393 0.759965 0.649959
vn -0.421564 0.763649 0.489003
vn -0.652808 0.624935 0.428132
vn -0.148055 0.593361 0.791203
vn -0.781008 -0.516895 -0.350495
vn -0.997691 -0.047795 -0.048256
vn -0.880178 0.406173 0.245581
vn -0.555902 -0.474886 -0.682244
vn -0.906528 -0.025320 -0.421386
vn -0.815759 0.577042 0.039485
vn -0.877956 0.319303 -0.356706
vn -0.281934 -0.281697 -0.917148
vn -0.720583 0.142794 -0.678506
vn -0.659044 0.734751 -0.160631
vn -0.657790 0.462385 -0.594569
vn -0.331939 0.213326 -0.918863
vn -0.446427 0.684362 -0.576500
vn -0.345922 0.924956 -0.157462
vn 0.084296 0.087434 -0.992597
vn 0.008943 0.619339 -0.785072
vn -0.059392 0.915553 -0.397787
vn 0.377599 -0.184093 -0.907485
vn 0.414490 0.207445 -0.886095
vn 0.249504 0.642381 -0.724634
vn 0.235732 0.920871 -0.310528
vn -0.008144 0.997310 -0.072843
vn 0.472331 0.620595 -0.625911
vn 0.618486 -0.259073 -0.741860
vn 0.692391 0.135877 -0.708613
vn 0.575645 0.592725 -0.563303
vn 0.488892 0.858144 -0.156757
vn 0.218006 0.975334 0.034592
vn 0.740485 0.525962 -0.418384
vn 0.335323 0.928904 0.157147
vn 0.803555 -0.256147 -0.537298
vn 0.901088 0.114931 -0.418128
vn 0.804920 0.585650 -0.095485
vn 0.551716 0.809963 0.198921
vn 0.931905 -0.310689 -0.187153
vn 0.972103 0.231130 0.039935
vn 0.747787 0.532856 0.396079
vn 0.523379 0.751322 0.401982
vn 0.964561 0.090612 0.247815
vn 0.441092 0.731298 0.520231
vn 0.755862 -0.646715 -0.102139
vn 0.898650 -0.409495 0.157296
vn 0.934210 0.028803 0.355559
vn 0.670325 0.374813 0.640453
vn 0.842657 -0.093985 0.530185
vn 0.393129 0.623331 0.675950
vn 0.608961 -0.788639 0.084940
vn 0.715590 -0.588058 0.376986
vn 0.776570 -0.163978 0.608317
vn 0.516296 0.204968 0.831521
vn 0.309918 0.535487 0.785624
vn 0.612848 -0.288243 0.735754
vn 0.285727 0.317415 0.904217
vn 0.450795 -0.814024 0.366264
vn 0.436314 -0.431318 0.789680
vn 0.287593 0.048036 0.956547
vn 0.122676 0.427300 0.895748
vn 0.054451 -0.899316 0.433896
vn 0.070158 -0.495504 0.865768
vn -0.106640 -0.036523 0.993627
vn 0.048903 0.213261 0.975771
vn -0.162302 -0.520019 0.838593
vn -0.241215 -0.963773 0.113825
vn -0.270842 -0.842535 0.465597
vn -0.286828 -0.508347 0.811981
vn -0.405075 -0.026591 0.913897
vn -0.229388 0.303303 0.924872
vn -0.499354 -0.475767 0.724079
vn -0.552357 -0.793391 0.255797
vn -0.601485 -0.454177 0.657221
vn -0.645659 0.023441 0.763266
vn -0.454936 0.327563 0.828092
vn -0.500281 -0.856226 -0.128825
vn -0.755883 -0.391297 0.524907
vn -0.582552 0.353537 0.731878
vn -0.829143 -0.534970 0.162261
vn -0.883833 -0.102796 0.456369
vn -0.754701 0.366140 0.544397
vn 0.027260 -0.365935 -0.930241
vn 0.229311 -0.627673 -0.743938
vn 0.441645 -0.590773 -0.675231
vn 0.639409 -0.611584 -0.465962
vn -0.022931 -0.652582 -0.757371
vn 0.366609 -0.714635 -0.595730
vn 0.133372 -0.782943 -0.607628
vn 0.327451 -0.771718 -0.545186
vn 0.538198 -0.772213 -0.337683
vn -0.114102 -0.772302 -0.624924
vn 0.277061 -0.835520 -0.474493
vn 0.045231 -0.877509 -0.477422
vn 0.237375 -0.879710 -0.412024
vn 0.427343 -0.887448 -0.172665
vn -0.237795 -0.863580 -0.444616
vn -0.057277 -0.947978 -0.313140
vn 0.150801 -0.956670 -0.249083
vn 0.330402 -0.943834 -0.003392
vn 0.256230 0.880337 0.399189
vn 0.017665 0.949428 0.313488
vn -0.194075 0.979694 0.050344
vn -0.119265 0.943320 0.309716
vn -0.331878 0.913136 0.236728
vn 0.136245 0.830238 0.540502
vn -0.144918 0.874890 0.462132
vn 0.120896 0.725147 0.677899
vn -0.137667 0.774458 0.617465
vn -0.362624 0.832369 0.419126
vn 0.034197 0.629040 0.776621
vn -0.297438 0.739680 0.603660
vn -0.184166 0.603173 0.776057
vn -0.451766 0.707631 0.543292
vn -0.351093 0.592434 0.725090
vn -0.549103 0.581437 0.600347
vn -0.676894 -0.462734 -0.572443
vn -0.837014 -0.307674 -0.452487
vn -0.975842 -0.044862 -0.213822
vn -0.954640 0.286527 0.081021
vn -0.612721 -0.388661 -0.688125
vn -0.755131 -0.209224 -0.621291
vn -0.881912 0.053690 -0.468346
vn -0.892921 0.411191 -0.183339
vn -0.482310 -0.320483 -0.815272
vn -0.631189 -0.118119 -0.766582
vn -0.765793 0.190850 -0.614115
vn -0.749030 0.565278 -0.345564
vn -0.610431 0.175580 -0.772364
vn -0.475449 0.718971 -0.506981
vn -0.120430 -0.036452 -0.992052
vn -0.019256 0.441686 -0.896963
vn -0.177874 0.756050 -0.629881
vn 0.169630 0.861390 -0.478782
vn 0.082810 0.989088 -0.121854
vn 0.354905 0.068664 -0.932377
vn 0.459439 0.550804 -0.696801
vn 0.448030 0.858807 -0.248434
vn 0.503714 0.825674 0.254037
vn 0.774138 0.086160 -0.627126
vn 0.811463 0.505944 -0.292488
vn 0.679483 0.729540 -0.077934
vn 0.679227 0.716115 0.160717
vn 0.982988 0.015048 -0.183054
vn 0.774167 0.582572 0.247537
vn 0.876639 0.264572 0.401879
vn 0.691640 0.470023 0.548372
vn 0.988585 -0.054700 0.140384
vn 0.944113 -0.193339 0.266964
vn 0.714716 0.281386 0.640315
vn 0.572024 0.475246 0.668528
vn 0.844461 -0.401619 0.354384
vn 0.810064 0.042950 0.584767
vn 0.664985 0.054760 0.744846
vn 0.549856 0.276511 0.788162
vn 0.733018 -0.377946 0.565545
vn 0.589496 -0.319945 0.741707
vn 0.501979 0.002684 0.864876
vn 0.398355 0.237053 0.886069
vn 0.227862 -0.321636 0.919037
vn 0.293410 0.088050 0.951923
vn -0.024534 -0.853404 0.520673
vn -0.189389 -0.352743 0.916354
vn -0.202526 -0.480947 0.853038
vn 0.086527 0.054395 0.994763
vn -0.440115 -0.875487 0.199552
vn -0.107760 0.078873 0.991043
vn -0.659412 -0.550633 0.511839
vn -0.406359 -0.097739 0.908471
vn -0.685141 -0.700755 -0.198809
vn -0.709440 -0.102997 0.697199
vn -0.647043 0.135832 0.750257
vn -0.910104 -0.385204 0.152740
vn -0.339864 -0.394382 -0.853789
vn -0.078026 -0.538703 -0.838875
vn 0.301305 -0.586055 -0.752167
vn 0.812916 -0.409650 -0.413950
vn 0.744301 -0.565254 -0.355674
vn -0.386098 -0.550491 -0.740195
vn -0.190905 -0.665182 -0.721864
vn 0.119684 -0.774489 -0.621162
vn 0.694844 -0.656427 -0.293761
vn 0.609089 -0.765211 -0.208478
vn -0.452947 -0.610989 -0.649254
vn -0.260988 -0.750794 -0.606789
vn 0.033049 -0.887523 -0.459577
vn 0.531925 -0.841770 -0.092076
vn 0.496394 -0.867452 0.033473
vn -0.482635 -0.736002 -0.474726
vn -0.186864 -0.925786 -0.328637
vn 0.157064 -0.985916 -0.057459
vn 0.480581 0.685213 0.547289
vn 0.333332 0.817883 0.468996
vn 0.058757 0.944482 0.323268
vn -0.350363 0.936541 0.011709
vn 0.393750 0.615530 0.682704
vn 0.199201 0.730819 0.652858
vn -0.067345 0.840877 0.537020
vn -0.419096 0.853584 0.309439
vn 0.082988 0.564291 0.821394
vn -0.155812 0.703254 0.693654
vn -0.525039 0.697539 0.487620
vn 0.262282 0.423260 0.867213
vn -0.376042 0.530812 0.759494
vn -0.898726 -0.300590 -0.319275
vn -0.972917 -0.067418 -0.221103
vn -0.983741 0.168401 0.062404
vn -0.854968 -0.179784 -0.486525
vn -0.964963 0.097649 -0.243537
vn -0.953824 0.244407 -0.174597
vn -0.885527 0.081284 -0.457422
vn -0.757412 -0.064006 -0.649792
vn -0.895075 0.343076 -0.284852
vn -0.774258 0.197972 -0.601108
vn -0.829673 0.397480 -0.391985
vn -0.580589 0.092125 -0.808968
vn -0.750032 0.391026 -0.533434
vn -0.636182 0.211694 -0.741928
vn -0.601271 0.407399 -0.687386
vn -0.700187 0.548132 -0.457482
vn -0.362722 0.209229 -0.908106
vn -0.279963 0.451610 -0.847153
vn -0.051359 0.196366 -0.979185
vn -0.307721 0.636834 -0.706930
vn 0.122078 0.519249 -0.845859
vn -0.210466 0.845458 -0.490821
vn 0.400151 0.029428 -0.915977
vn 0.425781 0.264966 -0.865161
vn 0.102078 0.748945 -0.654722
vn 0.513542 0.477436 -0.712972
vn 0.624894 0.638825 -0.448788
vn 0.223359 0.923370 -0.312248
vn 0.781864 0.045230 -0.621806
vn 0.807838 0.348945 -0.475011
vn 0.585313 0.769934 -0.254184
vn 0.942082 -0.146602 -0.301645
vn 0.970143 0.056980 -0.235747
vn 0.948907 0.306311 -0.075827
vn 0.847444 0.520424 0.104867
vn 0.972911 -0.214908 0.085204
vn 0.972828 -0.039943 0.228056
vn 0.940405 0.179411 0.288878
vn 0.814346 0.399901 0.420618
vn 0.909821 0.081157 0.406988
vn 0.904807 -0.341777 0.253993
vn 0.900139 -0.168311 0.401774
vn 0.881602 0.030112 0.471032
vn 0.738349 0.250793 0.626054
vn 0.835941 -0.032071 0.547882
vn 0.797455 -0.454659 0.396675
vn 0.799891 -0.274628 0.533624
vn 0.796136 -0.074044 0.600570
vn 0.621815 0.119706 0.773962
vn 0.715900 -0.134991 0.685028
vn 0.603539 -0.624000 0.496351
vn 0.626687 -0.426792 0.652006
vn 0.576753 -0.244487 0.779476
vn 0.398610 0.078261 0.913775
vn 0.129631 -0.832887 0.538048
vn 0.253914 -0.559866 0.788719
vn 0.194853 -0.239347 0.951181
vn -0.177401 -0.662617 0.727645
vn -0.107693 -0.361833 0.926002
vn 0.015488 -0.021282 0.999654
vn -0.365609 -0.894182 0.258395
vn -0.491532 -0.746199 0.448980
vn -0.515134 -0.495557 0.699329
vn -0.582779 -0.251438 0.772753
vn -0.559982 -0.028801 0.828004
vn -0.758275 -0.650281 0.046394
vn -0.850375 -0.443246 0.283542
vn -0.831043 -0.219920 0.510884
vn -0.951266 -0.145178 0.272059
vn -0.918774 0.032626 0.393433
vn -0.908310 -0.407048 -0.096357
vn -0.980805 -0.171854 0.092131
vn -0.330745 -0.066928 -0.941344
vn 0.041097 -0.412285 -0.910128
vn 0.570367 -0.407459 -0.713203
vn 0.881033 -0.415641 -0.225884
vn -0.416106 -0.353100 -0.837959
vn 0.511929 -0.584363 -0.629642
vn -0.139330 -0.658015 -0.740002
vn 0.275118 -0.699325 -0.659738
vn 0.612645 -0.723343 -0.318498
vn -0.539080 -0.505621 -0.673602
vn 0.199203 -0.842657 -0.500248
vn 0.814036 -0.580197 0.026769
vn -0.288902 -0.820798 -0.492773
vn 0.133652 -0.898340 -0.418477
vn 0.454840 -0.886138 -0.088768
vn -0.659407 -0.603812 -0.447876
vn -0.012458 -0.975525 -0.219535
vn 0.676420 -0.707854 0.203466
vn -0.396847 -0.882840 -0.251209
vn 0.079311 -0.996847 0.002280
vn 0.495102 -0.816575 0.296781
vn 0.086048 0.994365 0.061922
vn -0.407592 0.908950 -0.087632
vn 0.499646 0.781006 0.374677
vn -0.047327 0.962723 0.266316
vn -0.615359 0.748646 -0.246705
vn 0.583754 0.556567 0.591155
vn -0.110356 0.919729 0.376723
vn -0.568300 0.808034 0.155294
vn 0.327546 0.661106 0.675020
vn -0.228617 0.816018 0.530895
vn -0.751184 0.655034 -0.081567
vn 0.456405 0.389322 0.800077
vn -0.280804 0.730418 0.622606
vn -0.691318 0.634969 0.344809
vn 0.170129 0.454544 0.874326
vn -0.370034 0.580985 0.724936
vn -0.847435 0.522941 0.091572
vn -0.171347 0.328997 0.928656
vn -0.635110 0.385991 0.669064
vn -0.918037 0.285075 0.275572
vn -0.826242 -0.515827 -0.226377
vn -0.945165 -0.255690 -0.203191
vn -0.981416 -0.191891 -0.000032
vn -0.996091 0.060239 0.064600
vn -0.920729 0.236202 0.310592
vn -0.780432 -0.421693 -0.461630
vn -0.964237 -0.052350 -0.259819
vn -0.900877 0.423136 0.096834
vn -0.876599 -0.146314 -0.458440
vn -0.948731 0.115007 -0.294421
vn -0.959418 0.277610 -0.049493
vn -0.705026 -0.238274 -0.667954
vn -0.854773 0.079828 -0.512827
vn -0.882344 0.360955 -0.301961
vn -0.810674 0.576710 -0.101062
vn -0.547321 -0.129491 -0.826844
vn -0.761089 0.171814 -0.625478
vn -0.784961 0.450111 -0.425718
vn -0.592209 0.119892 -0.796816
vn -0.665596 0.407438 -0.625281
vn -0.674160 0.662947 -0.325592
vn -0.259940 0.000959 -0.965624
vn -0.441319 0.216499 -0.870842
vn -0.497007 0.489345 -0.716607
vn -0.505599 0.711328 -0.488244
vn -0.016582 0.161243 -0.986775
vn 0.064967 0.415896 -0.907089
vn -0.036064 0.739322 -0.672386
vn -0.261148 0.818666 -0.511456
vn 0.225681 0.116188 -0.967248
vn 0.176389 0.541606 -0.821918
vn 0.063628 0.923594 -0.378055
vn 0.330551 0.359584 -0.872602
vn 0.293099 0.632841 -0.716662
vn 0.141620 0.822662 -0.550610
vn 0.484147 0.118421 -0.866936
vn 0.477322 0.479730 -0.736222
vn 0.407132 0.750079 -0.521177
vn 0.320156 0.906256 -0.276043
vn 0.674027 0.055066 -0.736651
vn 0.620705 0.443741 -0.646389
vn 0.559413 0.706333 -0.433765
vn 0.756987 0.242695 -0.606687
vn 0.723997 0.536612 -0.433447
vn 0.562222 0.803443 -0.195922
vn 0.872274 -0.108316 -0.476871
vn 0.868841 0.182539 -0.460211
vn 0.845253 0.447497 -0.292052
vn 0.728011 0.679041 -0.094357
vn 0.957256 -0.186756 -0.220869
vn 0.999026 -0.038887 0.020863
vn 0.922685 0.317881 0.218182
vn 0.722206 0.624380 0.297606
vn 0.931376 -0.357535 -0.068606
vn 0.978753 -0.004821 0.204988
vn 0.865241 0.356601 0.352412
vn 0.712023 0.514529 0.477790
vn 0.949884 -0.246603 0.192114
vn 0.925732 0.012900 0.377960
vn 0.825720 0.244133 0.508513
vn 0.840156 -0.514814 0.170597
vn 0.881824 -0.224841 0.414527
vn 0.796448 0.070629 0.600568
vn 0.583692 0.387627 0.713476
vn 0.712966 -0.634826 0.297785
vn 0.788604 -0.319296 0.525503
vn 0.708077 -0.037917 0.705116
vn 0.668462 -0.534063 0.517625
vn 0.633655 -0.269656 0.725098
vn 0.543774 0.080930 0.835320
vn 0.520168 -0.616951 0.590590
vn 0.384117 -0.470321 0.794514
vn 0.363836 -0.255116 0.895845
vn 0.281142 0.076396 0.956621
vn -0.006199 -0.703519 0.710649
vn 0.101755 -0.534264 0.839171
vn -0.018915 -0.356027 0.934284
vn -0.014960 -0.073375 0.997192
vn -0.072901 -0.894426 0.441234
vn -0.177446 -0.606855 0.774752
vn -0.221863 -0.018466 0.974903
vn -0.257253 -0.752494 0.606279
vn -0.316160 -0.509175 0.800490
vn -0.247231 -0.256467 0.934399
vn -0.337760 -0.869186 0.361157
vn -0.450261 -0.624750 0.637928
vn -0.489048 -0.318332 0.812094
vn -0.485145 -0.027044 0.874015
vn -0.505783 -0.818947 0.271126
vn -0.593877 -0.589777 0.547242
vn -0.625758 -0.298131 0.720795
vn -0.675427 0.020485 0.737142
vn -0.645995 -0.752478 0.128324
vn -0.724076 -0.536308 0.433692
vn -0.763493 -0.251244 0.594941
vn -0.796102 -0.573615 0.192841
vn -0.876748 -0.311308 0.366608
vn -0.859453 0.005552 0.511185
vn -0.014373 -0.261773 -0.965022
vn 0.184509 -0.447913 -0.874831
vn 0.381568 -0.362967 -0.850095
vn 0.572152 -0.454328 -0.682809
vn 0.814738 -0.365362 -0.450236
vn -0.164002 -0.451907 -0.876860
vn 0.249552 -0.608745 -0.753096
vn 0.607518 -0.563041 -0.560274
vn 0.753377 -0.554545 -0.353416
vn 0.016565 -0.649215 -0.760425
vn 0.300737 -0.716538 -0.629389
vn 0.528810 -0.712885 -0.460603
vn -0.262100 -0.653236 -0.710342
vn 0.074412 -0.801659 -0.593132
vn 0.380247 -0.833056 -0.401783
vn 0.659444 -0.739933 -0.132786
vn -0.340427 -0.754831 -0.560660
vn -0.008036 -0.885068 -0.465393
vn 0.294280 -0.910721 -0.289803
vn 0.527380 -0.849616 -0.004771
vn -0.446588 -0.807137 -0.386121
vn -0.095879 -0.943109 -0.318359
vn 0.195665 -0.969839 -0.145354
vn -0.325120 -0.921897 -0.210721
vn -0.055153 -0.997388 -0.046644
vn 0.244961 -0.963753 0.105711
vn 0.475885 0.837610 0.268223
vn 0.225818 0.937151 0.265997
vn 0.141950 0.987155 0.073314
vn -0.115458 0.992783 0.032425
vn -0.309249 0.929012 -0.203226
vn 0.416035 0.767338 0.487962
vn 0.027826 0.939449 0.341556
vn -0.474589 0.879901 0.023226
vn 0.143847 0.840477 0.522404
vn -0.134671 0.911345 0.388991
vn -0.319366 0.933832 0.161128
vn 0.259491 0.654904 0.709764
vn -0.074988 0.800974 0.593985
vn -0.377923 0.829179 0.411870
vn -0.602432 0.765233 0.226924
vn 0.162242 0.557282 0.814318
vn -0.153225 0.692803 0.704661
vn -0.441394 0.727108 0.525818
vn -0.700691 0.606251 0.376154
vn 0.077396 0.377391 0.922814
vn -0.227698 0.557311 0.798472
vn -0.511263 0.582578 0.631833
vn -0.155766 0.348512 0.924270
vn -0.453213 0.391261 0.800945
vn -0.718237 0.392786 0.574329
vn -0.888123 -0.227789 -0.399187
vn -0.956672 -0.045449 -0.287598
vn -0.992643 0.062041 -0.103980
vn -0.971079 0.205610 -0.121363
vn -0.820049 -0.104590 -0.562656
vn -0.884519 0.085691 -0.458566
vn -0.922420 0.181897 -0.340669
vn -0.895907 0.337269 -0.289138
vn -0.709481 0.002282 -0.704721
vn -0.784900 0.196490 -0.587643
vn -0.840176 0.280604 -0.464075
vn -0.778006 0.453322 -0.434979
vn -0.542362 0.141438 -0.828154
vn -0.602625 0.404177 -0.688102
vn -0.586626 0.626681 -0.512973
vn -0.003749 0.179084 -0.983827
vn -0.248328 0.467783 -0.848241
vn -0.291653 0.734933 -0.612219
vn 0.211442 0.480189 -0.851299
vn 0.033913 0.739964 -0.671791
vn 0.527123 0.010670 -0.849722
vn 0.578972 0.277504 -0.766670
vn 0.496506 0.595362 -0.631685
vn 0.108506 0.928283 -0.355693
vn 0.483611 0.755655 -0.441708
vn 0.879590 0.015234 -0.475489
vn 0.870809 0.324829 -0.369023
vn 0.776208 0.575576 -0.257320
vn 0.642224 0.765226 -0.044478
vn 0.884775 0.459782 -0.075984
vn 0.986794 -0.139801 -0.081809
vn 0.980324 0.074079 -0.182966
vn 0.971234 0.237703 -0.014205
vn 0.887686 0.427820 0.170243
vn 0.977729 0.009874 0.209638
vn 0.893549 0.279318 0.351499
vn 0.960836 -0.245721 0.128121
vn 0.936862 0.053020 0.345656
vn 0.878956 0.140055 0.455873
vn 0.898298 -0.362898 0.247720
vn 0.902295 -0.172900 0.394929
vn 0.772538 0.288791 0.565495
vn 0.834136 -0.017843 0.551270
vn 0.690229 0.181184 0.700540
vn 0.790076 -0.471022 0.392325
vn 0.786645 -0.291866 0.544062
vn 0.740681 -0.108038 0.663113
vn 0.568254 0.042178 0.821772
vn 0.617723 -0.579438 0.531667
vn 0.619019 -0.434507 0.654231
vn 0.589781 -0.232015 0.773517
vn 0.443489 -0.676140 0.588348
vn 0.302496 -0.548821 0.779289
vn 0.393089 -0.222400 0.892199
vn 0.177827 -0.816026 0.549981
vn -0.106372 -0.627428 0.771375
vn 0.082681 -0.352311 0.932223
vn 0.059136 -0.111497 0.992004
vn -0.233864 -0.920972 0.311637
vn -0.325676 -0.801550 0.501451
vn -0.277083 -0.344790 0.896853
vn -0.488151 -0.613463 0.620784
vn -0.673620 -0.356172 0.647594
vn -0.383699 -0.030547 0.922953
vn -0.647904 -0.754621 0.103767
vn -0.784832 -0.512533 0.348352
vn -0.700493 -0.108593 0.705349
vn -0.842386 -0.538253 0.025875
vn -0.946630 -0.238826 0.216456
vn -0.929922 0.012312 0.367551
vn -0.129902 -0.347555 -0.928618
vn 0.439026 -0.386199 -0.811238
vn 0.763908 -0.484770 -0.425961
vn 0.908909 -0.341613 -0.239134
vn 0.352468 -0.598895 -0.719091
vn 0.910297 -0.405445 -0.083504
vn -0.479364 -0.431575 -0.764168
vn -0.153516 -0.649344 -0.744839
vn 0.312278 -0.696473 -0.646072
vn 0.643883 -0.721372 -0.255025
vn 0.861006 -0.507978 -0.025040
vn 0.216994 -0.842409 -0.493215
vn 0.798702 -0.597017 0.075143
vn -0.632577 -0.547707 -0.547598
vn -0.305614 -0.810501 -0.499688
vn 0.154439 -0.901832 -0.403544
vn 0.503292 -0.862666 -0.050044
vn 0.745593 -0.649570 0.148827
vn 0.035261 -0.974662 -0.220884
vn -0.548355 -0.785144 -0.287846
vn -0.096073 -0.993530 -0.060572
vn 0.366435 -0.917354 0.155522
vn 0.637234 -0.714346 0.289211
vn 0.357204 0.872322 0.333857
vn -0.048103 0.998249 -0.034410
vn 0.601245 0.595777 0.532498
vn -0.191395 0.967787 0.163574
vn -0.498198 0.847175 -0.184645
vn 0.533470 0.504378 0.678979
vn 0.199932 0.748528 0.632245
vn -0.064776 0.914329 0.399757
vn -0.366311 0.851061 0.376181
vn -0.673829 0.738337 0.028494
vn 0.449867 0.404146 0.796420
vn 0.046231 0.551301 0.833024
vn -0.243399 0.736537 0.631087
vn 0.406325 0.282641 0.868916
vn -0.506841 0.630410 0.587959
vn -0.786130 0.579927 0.213738
vn 0.207950 0.194346 0.958638
vn -0.312717 0.368299 0.875536
vn -0.759823 0.401935 0.510996
vn -0.670536 -0.536587 -0.512304
vn -0.840604 -0.324393 -0.433768
vn -0.967736 -0.084573 -0.237349
vn -0.945407 0.303693 0.118218
vn -0.612542 -0.385907 -0.689832
vn -0.778441 -0.189002 -0.598588
vn -0.890172 0.067995 -0.450522
vn -0.895407 0.406738 -0.181134
vn -0.489594 -0.263348 -0.831232
vn -0.672707 -0.083431 -0.735191
vn -0.757447 0.204341 -0.620095
vn -0.754241 0.536484 -0.378558
vn -0.549401 0.255462 -0.795548
vn -0.222212 -0.158664 -0.962002
vn -0.233748 0.104129 -0.966705
vn -0.245467 0.402326 -0.881975
vn -0.448526 0.707506 -0.546132
vn -0.130496 0.835830 -0.533253
vn 0.030219 -0.183258 -0.982600
vn 0.113722 0.132164 -0.984683
vn 0.108981 0.618614 -0.778100
vn 0.294229 0.917805 -0.266579
vn 0.260523 0.506365 -0.822023
vn 0.496247 -0.108434 -0.861383
vn 0.671859 0.328026 -0.664081
vn 0.566870 0.741412 -0.359121
vn 0.544685 0.816366 0.192004
vn 0.749417 0.655432 -0.093719
vn 0.807302 -0.163878 -0.566928
vn 0.930070 0.261609 -0.257934
vn 0.818565 0.542671 0.188306
vn 0.653161 0.625243 0.427143
vn 0.984423 -0.175776 -0.003743
vn 0.931855 0.166932 0.322149
vn 0.646552 0.493260 0.581949
vn 0.790461 0.350164 0.502551
vn 0.941541 -0.190213 0.278063
vn 0.693222 0.309297 0.650983
vn 0.552768 0.454181 0.698690
vn 0.847874 -0.391041 0.358046
vn 0.786638 0.071817 0.613223
vn 0.638542 0.244725 0.729639
vn 0.503112 0.362671 0.784442
vn 0.738719 -0.399926 0.542544
vn 0.557208 -0.474116 0.681713
vn 0.602705 0.053465 0.796171
vn 0.010388 -0.656194 0.754521
vn 0.262493 -0.134380 0.955531
vn -0.233369 -0.960155 0.153755
vn 0.092605 -0.107907 0.989839
vn -0.462611 -0.744194 0.481836
vn 0.029800 0.180820 0.983065
vn -0.525249 -0.840466 -0.133157
vn -0.439670 -0.345923 0.828871
vn -0.730906 -0.669933 0.130255
vn -0.822778 -0.427055 0.375047
vn -0.476143 0.094736 0.874250
vn -0.714240 -0.658834 -0.236218
vn -0.895823 -0.436828 -0.081749
vn -0.892167 -0.035992 0.450269
vn -0.290406 -0.465648 -0.835965
vn -0.060442 -0.517285 -0.853676
vn 0.234437 -0.606263 -0.759924
vn 0.736310 -0.429966 -0.522472
vn 0.701043 -0.595862 -0.391775
vn -0.151579 -0.679322 -0.718015
vn 0.148542 -0.775758 -0.613299
vn 0.692902 -0.656449 -0.298264
vn -0.405111 -0.600993 -0.688980
vn 0.622896 -0.756420 -0.199573
vn -0.284395 -0.803397 -0.523137
vn 0.031189 -0.894639 -0.445701
vn 0.527669 -0.843955 -0.096462
vn -0.551026 -0.678461 -0.485862
vn 0.428517 -0.903527 -0.003374
vn -0.087773 -0.955669 -0.281058
vn 0.385527 -0.908337 0.162152
vn 0.490104 0.635800 0.596286
vn 0.318114 0.806374 0.498563
vn 0.025141 0.951026 0.308087
vn -0.322707 0.945206 0.049450
vn 0.230338 0.713320 0.661906
vn -0.047952 0.828414 0.558059
vn 0.391527 0.565535 0.725863
vn -0.417852 0.849216 0.322849
vn 0.151572 0.615890 0.773114
vn -0.148698 0.727132 0.670200
vn 0.256716 0.464818 0.847373
vn -0.141696 0.517870 0.843642
vn -0.560349 0.612351 0.557705
vn -0.608521 -0.639226 -0.470205
vn -0.881683 -0.370992 -0.291548
vn -0.992879 -0.005006 0.119024
vn -0.986799 0.150658 -0.059419
vn -0.847711 0.434130 0.304823
vn -0.531937 -0.506905 -0.678299
vn -0.790943 -0.192888 -0.580692
vn -0.949431 0.046949 -0.310445
vn -0.898808 0.349751 -0.264231
vn -0.767809 0.632637 0.101195
vn -0.391850 -0.375596 -0.839870
vn -0.621254 -0.001905 -0.783607
vn -0.802786 0.255170 -0.538909
vn -0.693340 0.528819 -0.489520
vn -0.625790 0.774356 -0.093591
vn -0.063371 -0.220087 -0.973420
vn -0.341483 -0.105405 -0.933959
vn -0.408380 0.366409 -0.836044
vn -0.423607 0.802966 -0.419288
vn 0.074218 0.262634 -0.962037
vn -0.131260 0.702346 -0.699629
vn 0.200481 -0.162741 -0.966086
vn 0.095396 0.753316 -0.650703
vn -0.107503 0.957697 -0.266946
vn 0.388610 -0.186107 -0.902411
vn 0.425273 0.235850 -0.873795
vn 0.278292 0.582961 -0.763355
vn 0.367879 0.765117 -0.528451
vn 0.162600 0.975450 -0.148519
vn 0.588565 -0.226648 -0.776030
vn 0.692057 0.184892 -0.697762
vn 0.577409 0.553915 -0.599813
vn 0.652963 0.677557 -0.338462
vn 0.401946 0.915424 -0.020947
vn 0.784043 -0.400655 -0.474080
vn 0.789822 -0.119698 -0.601543
vn 0.902612 0.270962 -0.334470
vn 0.711031 0.701225 0.052138
vn 0.982986 -0.164276 -0.082167
vn 0.924734 0.358352 0.128260
vn 0.569743 0.691313 0.444386
vn 0.819585 -0.514542 -0.252046
vn 0.913560 0.255491 0.316437
vn 0.901335 -0.399300 0.167793
vn 0.939174 -0.007658 0.343357
vn 0.721519 0.335157 0.605871
vn 0.721132 -0.691272 -0.045946
vn 0.844810 -0.110593 0.523512
vn 0.403643 0.595323 0.694740
vn 0.610015 -0.789062 0.072546
vn 0.717480 -0.573618 0.395202
vn 0.783466 -0.182926 0.593902
vn 0.554316 0.151068 0.818482
vn 0.600437 -0.313309 0.735740
vn 0.269313 0.441289 0.855999
vn 0.379579 -0.899853 0.214905
vn 0.464105 -0.721643 0.513652
vn 0.406509 -0.289556 0.866549
vn 0.218629 0.270911 0.937448
vn 0.081802 -0.971789 0.221213
vn 0.026418 -0.807920 0.588699
vn 0.054027 -0.366913 0.928685
vn -0.168902 -0.359218 0.917842
vn -0.108474 0.166717 0.980020
vn -0.165517 -0.979001 0.119002
vn -0.313285 -0.820970 0.477348
vn -0.281701 -0.564745 0.775699
vn -0.452327 -0.312316 0.835379
vn -0.373428 0.154815 0.914650
vn -0.364908 -0.930913 -0.015557
vn -0.582789 -0.747817 0.318004
vn -0.587298 -0.500869 0.635776
vn -0.722340 -0.246181 0.646235
vn -0.599570 0.190749 0.777259
vn -0.590175 -0.804469 -0.067253
vn -0.851660 -0.443787 0.278797
vn -0.832844 0.071464 0.548876
vn 0.039308 -0.504190 -0.862697
vn 0.284750 -0.595830 -0.750936
vn 0.005143 -0.664326 -0.747425
vn 0.355397 -0.661761 -0.660126
vn 0.472354 -0.725981 -0.499833
vn 0.238133 -0.760508 -0.604087
vn -0.140237 -0.769410 -0.623170
vn 0.068759 -0.840131 -0.538008
vn 0.308339 -0.827091 -0.469944
vn 0.458426 -0.850659 -0.257343
vn 0.229371 -0.896099 -0.379993
vn -0.232805 -0.863828 -0.446770
vn -0.036840 -0.933752 -0.356019
vn 0.154817 -0.954936 -0.253235
vn 0.308770 -0.947699 -0.080797
vn 0.259400 0.894213 0.364822
vn 0.028896 0.928952 0.369072
vn -0.109943 0.968688 0.222614
vn 0.189684 0.836337 0.514355
vn -0.239634 0.943346 0.229509
vn 0.148127 0.801201 0.579771
vn -0.091695 0.835455 0.541856
vn -0.195212 0.876737 0.439573
vn 0.081822 0.743290 0.663947
vn -0.351632 0.846403 0.399947
vn 0.044798 0.689486 0.722913
vn -0.178304 0.722856 0.667598
vn -0.277065 0.779571 0.561698
vn 0.008073 0.587375 0.809274
vn -0.441016 0.719464 0.536541
vn -0.105330 0.529351 0.841839
vn -0.335791 0.600898 0.725373
vn -0.538230 0.584222 0.607448
vn -0.887199 -0.338929 -0.313057
vn -0.991700 0.085135 -0.096345
vn -0.896058 0.411554 0.166445
vn -0.926950 0.361248 -0.101312
vn -0.845772 0.533143 -0.020715
vn -0.899970 -0.054604 -0.432518
vn -0.762309 -0.039511 -0.646006
vn -0.869289 0.390654 -0.302862
vn -0.790744 0.605728 -0.088419
vn -0.677830 0.160867 -0.717404
vn -0.722386 0.557985 -0.408426
vn -0.694010 0.703961 -0.150961
vn -0.483110 0.201039 -0.852167
vn 0.075703 -0.013834 -0.997034
vn 0.014070 0.466539 -0.884389
vn -0.315604 0.735115 -0.600000
vn 0.449254 -0.134992 -0.883147
vn -0.226243 0.845280 -0.484062
vn 0.545341 0.300758 -0.782399
vn -0.239885 0.945661 -0.219499
vn 0.733381 -0.268755 -0.624438
vn 0.365291 0.744691 -0.558568
vn 0.834013 0.070471 -0.547226
vn 0.828206 0.404991 -0.387371
vn 0.264496 0.947854 -0.177807
vn 0.868022 -0.353724 -0.348451
vn 0.913734 -0.175270 -0.366565
vn 0.733692 0.672729 -0.095560
vn 0.984173 -0.001082 -0.177206
vn 0.909850 0.413017 0.039884
vn 0.953327 -0.301330 0.019204
vn 0.979050 -0.019500 0.202682
vn 0.806566 0.505542 0.306397
vn 0.741767 0.454102 0.493530
vn 0.827654 -0.559739 0.041004
vn 0.891348 -0.414009 0.184647
vn 0.905772 -0.136539 0.401165
vn 0.655245 0.396028 0.643285
vn 0.673356 -0.719760 0.168929
vn 0.786621 -0.527298 0.321223
vn 0.773974 -0.285600 0.565152
vn 0.563669 0.283726 0.775743
vn 0.488677 0.106260 0.865970
vn 0.601375 -0.484727 0.635128
vn 0.299682 0.119401 0.946538
vn 0.411926 -0.869514 0.272510
vn 0.360446 -0.783456 0.506236
vn 0.280342 -0.606234 0.744237
vn 0.334386 -0.228454 0.914328
vn -0.005082 -0.165271 0.986235
vn 0.179880 -0.961320 0.208584
vn 0.025220 -0.877023 0.479786
vn -0.126666 -0.523772 0.842389
vn -0.481829 0.003107 0.876260
vn -0.235694 -0.639442 0.731821
vn -0.244358 -0.959590 0.139558
vn -0.570223 -0.690053 0.445726
vn -0.651029 -0.230915 0.723076
vn -0.868801 -0.066298 0.490704
vn -0.814387 0.291595 0.501743
vn -0.727906 -0.684394 0.041929
vn -0.949246 -0.119873 0.290798
vn 0.199103 -0.565311 -0.800488
vn 0.531224 -0.635267 -0.560568
vn 0.693961 -0.621238 -0.363980
vn 0.825655 -0.539685 -0.164419
vn -0.033115 -0.721727 -0.691385
vn 0.368768 -0.787923 -0.493141
vn 0.571491 -0.761428 -0.305982
vn 0.701706 -0.705338 -0.100534
vn -0.150942 -0.856364 -0.493820
vn 0.293208 -0.888978 -0.351776
vn 0.541962 -0.823552 -0.167451
vn 0.313989 -0.937045 -0.152832
vn 0.510100 -0.860104 -0.004298
vn -0.105149 -0.953984 -0.280818
vn 0.587317 -0.803817 0.094537
vn 0.261217 0.885751 0.383681
vn -0.161593 0.963702 0.212525
vn -0.467257 0.883052 -0.043472
vn -0.397959 0.891107 0.218077
vn -0.571479 0.805537 0.156595
vn 0.031063 0.864002 0.502529
vn 0.050267 0.739263 0.671538
vn -0.408334 0.814284 0.412559
vn -0.665022 0.741730 0.087075
vn -0.035012 0.636419 0.770548
vn -0.646788 0.709183 0.280579
vn -0.361505 0.616172 0.699747
vn -0.652898 0.625492 0.427181
vn -0.803939 -0.571133 -0.165795
vn -0.981475 0.059366 -0.182163
vn -0.916694 0.395212 0.058991
vn -0.817526 -0.245886 -0.520760
vn -0.769019 0.612979 -0.181291
vn -0.721264 0.444877 -0.530907
vn -0.650330 0.091834 -0.754080
vn -0.685959 0.595092 -0.418719
vn -0.389280 0.407207 -0.826223
vn -0.562585 0.746559 -0.355172
vn -0.470361 0.621999 -0.626001
vn -0.376015 0.824875 -0.422130
vn -0.109918 0.499585 -0.859263
vn -0.144995 0.717748 -0.681039
vn -0.187296 0.868798 -0.458377
vn 0.178885 0.457376 -0.871096
vn 0.082625 0.775032 -0.626496
vn -0.010360 0.905154 -0.424958
vn 0.476385 0.364161 -0.800277
vn 0.355123 0.781921 -0.512336
vn 0.198891 0.927378 -0.316879
vn 0.707068 0.224655 -0.670511
vn 0.919574 -0.223415 -0.323218
vn 0.882979 0.362705 -0.297982
vn 0.593492 0.794562 -0.128209
vn 0.893878 -0.438811 0.091798
vn 0.958969 0.227542 0.169127
vn 0.628082 0.735370 0.254448
vn 0.818163 -0.485246 0.308457
vn 0.895357 0.003491 0.445336
vn 0.672017 0.500671 0.545639
vn 0.597478 -0.675331 0.432375
vn 0.693561 -0.389937 0.605741
vn 0.603383 0.272253 0.749538
vn 0.437874 -0.823412 0.360915
vn 0.412124 -0.776979 0.475875
vn 0.429355 -0.303329 0.850674
vn 0.157407 -0.079122 0.984359
vn 0.270280 -0.870393 0.411540
vn 0.212627 -0.819447 0.532256
vn 0.119403 -0.583323 0.803416
vn 0.100318 -0.917045 0.385960
vn -0.017270 -0.789792 0.613132
vn -0.266020 -0.410314 0.872282
vn -0.400784 -0.805288 0.436903
vn -0.492030 -0.577741 0.651247
vn -0.695694 0.079073 0.713973
vn -0.352868 -0.921272 0.163529
vn -0.819764 -0.376614 0.431449
vn -0.821615 0.075703 0.564994
vn -0.031237 -0.315314 -0.948473
vn 0.287364 -0.659859 -0.694268
vn 0.771260 -0.634606 -0.049329
vn 0.524427 -0.790498 -0.316369
vn -0.032195 -0.744361 -0.667001
vn 0.374998 -0.926210 0.038884
vn -0.161431 -0.855127 -0.492644
vn 0.234971 -0.968172 -0.086201
vn 0.501219 -0.841838 0.200220
vn 0.338494 -0.903687 0.262244
vn -0.083803 -0.991864 -0.095828
vn 0.192937 -0.956745 0.217748
vn 0.176163 0.984361 0.001015
vn -0.118884 0.988387 -0.094642
vn 0.199259 0.950320 0.239141
vn -0.290723 0.936586 -0.195671
vn -0.216216 0.966268 0.139919
vn -0.420860 0.906969 -0.016859
vn 0.118237 0.917071 0.380790
vn 0.046589 0.775702 0.629377
vn -0.374676 0.865992 0.331173
vn -0.558740 0.817254 0.141086
vn -0.036232 0.604485 0.795792
vn -0.351854 0.517583 0.779940
vn -0.688980 0.620981 0.373750
vn -0.705169 -0.679773 -0.201605
vn -0.951940 -0.283242 -0.116553
vn -0.977433 0.024599 0.209810
vn -0.932748 0.358174 -0.041144
vn -0.771294 0.608853 0.185481
vn -0.722357 -0.366736 -0.586263
vn -0.874550 0.143346 -0.463265
vn -0.755402 0.616266 -0.222674
vn -0.356778 0.925757 -0.125236
vn -0.493134 0.002912 -0.869949
vn -0.543690 0.507418 -0.668527
vn -0.536753 0.732868 -0.418093
vn -0.353046 0.865668 -0.354933
vn -0.138107 0.306381 -0.941837
vn -0.210954 0.810300 -0.546729
vn 0.124563 0.797401 -0.590453
vn 0.076721 0.924101 -0.374367
vn 0.167451 0.480437 -0.860895
vn 0.434335 0.336945 -0.835357
vn 0.356721 0.732839 -0.579394
vn 0.242128 0.913346 -0.327373
vn 0.660410 0.300263 -0.688259
vn 0.517318 0.710446 -0.477125
vn 0.368429 0.895685 -0.249014
vn 0.635375 0.733761 -0.240610
vn 0.464086 0.878539 -0.113108
vn 0.794479 0.350775 -0.495742
vn 0.958309 0.065080 -0.278224
vn 0.894632 0.446649 -0.011800
vn 0.718299 0.694916 0.033727
vn 0.961638 -0.266548 -0.064845
vn 0.624989 0.766642 0.147134
vn 0.948497 0.111874 0.296374
vn 0.690968 0.661834 0.290756
vn 0.729352 -0.653507 0.202422
vn 0.765450 0.454604 0.455435
vn 0.475187 0.721587 0.503497
vn 0.732516 -0.341835 0.588701
vn 0.705133 0.335381 0.624746
vn 0.270999 -0.901147 0.338368
vn 0.580321 0.075218 0.810906
vn 0.343433 0.438227 0.830669
vn 0.286831 -0.702839 0.650957
vn 0.291316 -0.281520 0.914266
vn -0.069830 -0.940405 0.332808
vn -0.154551 -0.840709 0.518963
vn -0.169391 -0.587458 0.791328
vn -0.172357 -0.122032 0.977446
vn -0.252971 -0.939035 0.232850
vn -0.326514 -0.842800 0.427875
vn -0.380219 -0.615945 0.689960
vn -0.362129 -0.918555 0.158487
vn -0.468478 -0.809855 0.353076
vn -0.593348 -0.547385 0.590176
vn -0.480208 -0.165967 0.861310
vn -0.553395 -0.826171 0.105814
vn -0.715697 -0.599198 0.358803
vn -0.792671 -0.127549 0.596157
vn -0.031368 -0.525729 -0.850074
vn 0.202210 -0.649594 -0.732897
vn 0.508745 -0.518279 -0.687434
vn 0.722854 -0.551068 -0.416901
vn 0.312396 -0.826682 -0.467980
vn -0.135277 -0.821895 -0.553343
vn -0.003678 -0.953448 -0.301536
vn -0.239875 -0.905671 -0.349599
vn 0.257898 -0.928150 -0.268376
vn 0.382841 -0.920159 -0.082092
vn 0.027243 -0.997237 -0.069116
vn -0.326310 -0.938579 -0.112213
vn -0.181785 -0.982030 -0.050701
vn 0.214901 -0.973699 0.075683
vn -0.050034 -0.991420 0.120762
vn 0.181868 0.979459 0.087091
vn -0.014209 0.999295 -0.034762
vn 0.278547 0.925369 0.257106
vn 0.024003 0.934824 0.354299
vn -0.113527 0.984558 0.133257
vn 0.253086 0.879609 0.402783
vn -0.291604 0.951124 0.101634
vn 0.206405 0.807730 0.552241
vn -0.181575 0.856443 0.483255
vn 0.124220 0.712005 0.691099
vn -0.170225 0.599128 0.782348
vn -0.359702 0.846260 0.393012
vn 0.090226 0.340554 0.935886
vn -0.334102 0.635014 0.696515
vn -0.578128 0.599771 0.553211
vn -0.791854 -0.578982 -0.194288
vn -0.973449 -0.226559 -0.032679
vn -0.735038 -0.486616 -0.472148
vn -0.892397 -0.332746 -0.304809
vn -0.964077 0.194491 -0.180913
vn -0.831109 0.432205 -0.349938
vn -0.818467 0.001498 -0.574551
vn -0.729976 0.477771 -0.488743
vn -0.336482 -0.010802 -0.941628
vn -0.530858 0.260817 -0.806327
vn -0.321760 0.848204 -0.420737
vn 0.218957 0.655318 -0.722922
vn 0.101576 0.909933 -0.402124
vn 0.334221 0.241695 -0.910977
vn 0.409235 0.878033 -0.248163
vn 0.653415 0.628238 -0.422333
vn 0.705077 0.277267 -0.652679
vn 0.617339 0.738401 -0.271399
vn 0.910074 0.296742 -0.289326
vn 0.628237 0.774383 -0.075169
vn 0.817240 0.552671 -0.163320
vn 0.723454 0.683221 0.099110
vn 0.894051 0.425355 0.140521
vn 0.743897 0.605478 0.282867
vn 0.899541 0.269013 0.344177
vn 0.782011 0.471996 0.407037
vn 0.983023 -0.097820 0.155231
vn 0.680313 0.512628 0.523819
vn 0.884991 -0.327541 0.330920
vn 0.770281 0.169588 0.614742
vn 0.758535 -0.405714 0.509922
vn 0.518196 0.394726 0.758726
vn 0.464488 -0.446038 0.765050
vn -0.063543 -0.560840 0.825482
vn -0.084138 -0.265861 0.960333
vn -0.463627 -0.876370 0.130480
vn -0.493178 -0.772519 0.399988
vn -0.613007 -0.789764 -0.022261
vn -0.591475 -0.561990 0.578208
vn -0.195632 -0.004942 0.980665
vn -0.702367 -0.708622 0.067340
vn -0.696803 -0.387719 0.603439
vn -0.846615 -0.422587 0.323517
vn -0.870196 -0.484684 0.088544
vn -0.249992 -0.623968 -0.740383
vn 0.509762 -0.420526 -0.750533
vn 0.862298 -0.299541 -0.408310
vn -0.193119 -0.769487 -0.608765
vn 0.269823 -0.781225 -0.562923
vn 0.821615 -0.523519 -0.225558
vn -0.493395 -0.792384 -0.358733
vn -0.111270 -0.928394 -0.354546
vn 0.520369 -0.844397 -0.127318
vn -0.172004 -0.975172 -0.139478
vn -0.541875 -0.814348 -0.207869
vn -0.270953 -0.961702 -0.041387
vn 0.600995 0.730694 0.323869
vn 0.131028 0.987684 0.085512
vn 0.471741 0.845813 0.249121
vn 0.312600 0.855823 0.412127
vn 0.068702 0.941629 0.329568
vn -0.335154 0.925646 0.175648
vn 0.547886 0.720357 0.425331
vn 0.186626 0.751124 0.633233
vn -0.187794 0.805571 0.561952
vn -0.772386 0.585128 0.247072
vn 0.244611 0.541936 0.804034
vn -0.299566 0.481207 0.823833
vn -0.829264 0.123358 0.545073
vn -0.842980 -0.229664 -0.486457
vn -0.951396 -0.052320 -0.303495
vn -0.994610 0.076120 -0.070402
vn -0.931561 0.310254 -0.189569
vn -0.681112 0.055625 -0.730063
vn -0.762075 0.273408 -0.586933
vn -0.784014 0.484719 -0.387776
vn -0.624351 0.581252 -0.521854
vn -0.471629 0.194694 -0.860035
vn -0.574022 0.386651 -0.721803
vn -0.421992 0.622348 -0.659246
vn -0.320182 0.323962 -0.890243
vn -0.373368 0.481886 -0.792706
vn -0.086361 0.359418 -0.929172
vn -0.131282 0.550313 -0.824573
vn -0.161229 0.701100 -0.694596
vn 0.215615 0.327420 -0.919949
vn 0.206123 0.534181 -0.819856
vn 0.045729 0.715411 -0.697206
vn 0.073794 0.825836 -0.559061
vn 0.406151 0.614045 -0.676750
vn 0.714532 0.118409 -0.689509
vn 0.633529 0.412178 -0.654790
vn 0.397266 0.755179 -0.521425
vn 0.652672 0.554790 -0.515973
vn 0.748962 0.654720 -0.101974
vn 0.978369 -0.196556 -0.064499
vn 0.953939 -0.102028 0.282118
vn 0.932955 0.264795 0.243883
vn 0.768321 0.514482 0.380777
vn 0.839357 0.009627 0.543495
vn 0.823657 -0.407656 0.394216
vn 0.696490 -0.358200 0.621767
vn 0.696651 -0.156017 0.700240
vn 0.659723 0.305349 0.686679
vn 0.507295 -0.017771 0.861589
vn 0.608742 -0.535777 0.585129
vn 0.525116 -0.296220 0.797814
vn 0.440692 -0.501308 0.744634
vn 0.409495 -0.393254 0.823204
vn 0.323252 -0.270696 0.906770
vn 0.135274 -0.573693 0.807822
vn 0.126934 -0.413910 0.901424
vn -0.135749 -0.770645 0.622638
vn -0.164559 -0.604217 0.779642
vn -0.085162 -0.478498 0.873949
vn -0.135583 -0.289492 0.947529
vn -0.359119 -0.338547 0.869724
vn -0.586123 -0.753378 0.298128
vn -0.632969 -0.596514 0.493479
vn -0.568599 -0.321886 0.757023
vn -0.689444 -0.434609 0.579467
vn -0.833222 -0.051386 0.550545
vn -0.175690 0.039700 -0.983645
vn 0.046730 -0.053294 -0.997485
vn 0.333676 -0.179493 -0.925442
vn 0.790163 -0.258254 -0.555830
vn 0.676417 -0.388282 -0.625857
vn -0.326217 -0.168460 -0.930163
vn -0.094978 -0.378998 -0.920511
vn 0.392607 -0.558575 -0.730653
vn 0.771689 -0.624070 -0.122609
vn 0.180794 -0.647883 -0.739974
vn 0.566132 -0.804108 -0.181397
vn -0.470014 -0.509994 -0.720411
vn -0.140103 -0.849810 -0.508128
vn 0.322774 -0.925265 -0.199251
vn 0.501725 -0.785083 0.363203
vn 0.212492 -0.974445 0.072823
vn -0.480654 -0.844430 -0.236451
vn -0.041478 -0.983865 0.174038
vn 0.268713 -0.835047 0.480094
vn 0.405407 0.909799 -0.088939
vn 0.035331 0.983071 -0.179784
vn -0.211760 0.814698 -0.539838
vn 0.426633 0.849385 0.310691
vn -0.207635 0.962396 0.175160
vn 0.335504 0.715712 0.612531
vn -0.093970 0.950135 0.297343
vn -0.353253 0.885540 -0.301713
vn -0.487764 0.859194 -0.154505
vn -0.202824 0.634654 0.745706
vn -0.515154 0.832950 0.202019
vn 0.151648 0.135175 0.979148
vn -0.618727 0.615433 0.488282
vn -0.767345 0.572133 0.289560
vn 0.107089 -0.065438 0.992094
vn -0.340582 0.223772 0.913198
vn -0.846868 -0.473823 -0.241468
vn -0.939830 -0.322229 0.113524
vn -0.947116 -0.029728 0.319511
vn -0.945744 -0.104059 -0.307798
vn -0.994667 0.102182 -0.014022
vn -0.625961 -0.272247 -0.730791
vn -0.737327 -0.030280 -0.674857
vn -0.856222 0.228826 -0.463166
vn -0.889067 0.452028 0.072317
vn -0.826048 0.445744 -0.344901
vn -0.333452 0.100567 -0.937388
vn -0.470629 0.368051 -0.801902
vn -0.561245 0.562890 -0.606761
vn -0.555556 0.743306 -0.372631
vn -0.346845 0.641915 -0.683845
vn 0.063607 0.271009 -0.960473
vn -0.161096 0.360194 -0.918863
vn -0.148671 0.567893 -0.809564
vn -0.149008 0.762021 -0.630175
vn 0.170032 0.552708 -0.815845
vn 0.093029 0.777530 -0.621926
vn 0.332334 0.313529 -0.889524
vn 0.239621 0.647496 -0.723416
vn 0.251807 0.744488 -0.618330
vn 0.427271 0.518337 -0.740788
vn 0.543468 0.270154 -0.794770
vn 0.382537 0.750167 -0.539366
vn 0.609448 0.477643 -0.632796
vn 0.514527 0.713396 -0.475740
vn 0.754275 0.217856 -0.619361
vn 0.627142 0.616542 -0.475993
vn 0.745546 0.350826 -0.566641
vn 0.779278 0.470631 -0.413802
vn 0.668723 0.692504 -0.270642
vn 0.900944 0.107355 -0.420446
vn 0.951972 0.233700 -0.197821
vn 0.854536 0.493539 -0.161825
vn 0.739612 0.671057 0.051555
vn 0.967456 -0.121660 -0.221874
vn 0.909234 0.416163 0.010108
vn 0.989644 0.004809 0.143462
vn 0.928445 0.329162 0.172168
vn 0.777767 0.466367 0.421403
vn 0.853210 -0.520315 0.036122
vn 0.904740 -0.372345 0.206893
vn 0.886286 0.169215 0.431119
vn 0.860617 -0.244063 0.446958
vn 0.697422 -0.154127 0.699891
vn 0.602096 0.091445 0.793170
vn 0.599798 -0.679656 0.422267
vn 0.601329 -0.449937 0.660272
vn 0.413091 0.292991 0.862272
vn 0.271255 -0.790470 0.549160
vn 0.246744 -0.595295 0.764684
vn 0.222154 -0.337800 0.914625
vn 0.146091 -0.021528 0.989037
vn -0.147426 -0.775393 0.614028
vn -0.208048 -0.618438 0.757793
vn -0.170096 -0.463995 0.869354
vn -0.252365 -0.352033 0.901324
vn -0.367052 -0.759566 0.536966
vn -0.418203 -0.598051 0.683697
vn -0.395009 -0.481242 0.782543
vn -0.460773 -0.341779 0.819070
vn -0.532951 -0.733176 0.422392
vn -0.574799 -0.562166 0.594622
vn -0.572686 -0.344390 0.743926
vn -0.656975 -0.317515 0.683789
vn -0.698612 -0.637627 0.324612
vn -0.732024 -0.435662 0.523774
vn -0.771724 -0.184995 0.608457
vn 0.184102 0.013107 -0.982820
vn 0.387974 -0.168536 -0.906130
vn 0.661066 -0.071312 -0.746931
vn 0.036343 -0.270753 -0.961963
vn 0.575108 -0.267051 -0.773262
vn 0.802467 -0.265132 -0.534557
vn 0.252113 -0.547862 -0.797676
vn 0.558811 -0.457319 -0.691801
vn -0.380612 -0.565771 -0.731463
vn -0.124144 -0.687860 -0.715148
vn 0.465920 -0.692802 -0.550404
vn 0.644014 -0.701514 -0.305163
vn 0.059185 -0.825896 -0.560708
vn 0.169425 -0.937366 -0.304368
vn 0.361319 -0.927056 -0.100073
vn -0.470050 -0.838088 -0.276878
vn -0.134994 -0.954631 -0.265435
vn -0.272813 -0.960854 0.048307
vn -0.021808 -0.982005 0.187591
vn 0.244470 -0.912602 0.327707
vn 0.522408 0.847920 -0.090127
vn 0.269992 0.960412 -0.068651
vn 0.141462 0.950122 -0.277950
vn 0.485542 0.866550 0.115501
vn -0.050236 0.973765 -0.221944
vn 0.438219 0.813710 0.381891
vn 0.090333 0.950518 0.297246
vn -0.187590 0.967567 0.169186
vn -0.423942 0.905349 -0.024816
vn 0.230129 0.687728 0.688528
vn -0.089407 0.777830 0.622082
vn -0.399401 0.688364 0.605503
vn -0.545261 0.679598 0.490751
vn 0.094730 0.364763 0.926269
vn -0.247996 0.465389 0.849654
vn -0.684560 0.646349 0.337062
vn -0.159354 0.150172 0.975733
vn -0.490714 0.218917 0.843371
vn -0.707600 0.256801 0.658298
vn -0.932832 -0.355241 -0.060231
vn -0.972512 -0.232387 0.014694
vn -0.989571 -0.084530 0.116637
vn -0.891247 -0.226290 -0.393029
vn -0.966859 -0.055736 -0.249153
vn -0.997232 0.014223 -0.072975
vn -0.979985 0.198747 0.011372
vn -0.910338 0.174723 -0.375175
vn -0.480789 0.024130 -0.876504
vn -0.737651 0.156185 -0.656869
vn -0.856031 0.415546 -0.307460
vn -0.754466 0.330745 -0.566912
vn -0.409074 0.736228 -0.539098
vn 0.308705 0.253986 -0.916620
vn 0.274945 0.519797 -0.808836
vn 0.101825 0.711119 -0.695659
vn 0.278930 0.783895 -0.554713
vn 0.667050 0.280597 -0.690152
vn 0.629554 0.523957 -0.573699
vn 0.540304 0.739870 -0.400829
vn 0.705573 0.646487 -0.290208
vn 0.848605 0.192311 -0.492834
vn 0.803917 0.431694 -0.409093
vn 0.855566 0.496573 -0.146359
vn 0.935989 0.172161 -0.307059
vn 0.913547 0.337979 -0.226280
vn 0.977873 0.208490 -0.017205
vn 0.907147 0.405932 0.110920
vn 0.991445 -0.130393 0.005849
vn 0.976193 -0.031447 0.214610
vn 0.947944 0.197613 0.249703
vn 0.856060 0.386821 0.342829
vn 0.900368 -0.369962 0.229054
vn 0.881044 -0.062666 0.468865
vn 0.765497 -0.309263 0.564243
vn 0.813946 0.090664 0.573822
vn 0.578846 -0.669754 0.465152
vn 0.584576 0.186253 0.789671
vn -0.148450 -0.814583 0.560730
vn -0.280818 -0.625053 0.728320
vn -0.167677 -0.425372 0.889350
vn -0.260018 -0.291996 0.920396
vn -0.541577 -0.741712 0.395673
vn -0.703370 -0.516961 0.487875
vn -0.646988 -0.321484 0.691414
vn -0.819491 -0.168905 0.547636
vn -0.784813 -0.569484 0.244452
vn -0.813688 -0.344091 0.468522
vn -0.880838 -0.400188 0.252931
vn -0.915029 -0.266461 0.302853
vn 0.237888 -0.101617 -0.965962
vn 0.619571 -0.205461 -0.757574
vn 0.833887 -0.105974 -0.541667
vn -0.064002 -0.433403 -0.898925
vn 0.890817 -0.157157 -0.426317
vn 0.382294 -0.624221 -0.681322
vn 0.843697 -0.340815 -0.414754
vn -0.411324 -0.682810 -0.603807
vn 0.701842 -0.576395 -0.418553
vn 0.903484 -0.411391 -0.120306
vn -0.017621 -0.918947 -0.393987
vn 0.614232 -0.732346 -0.293918
vn -0.689142 -0.700352 -0.185987
vn 0.392940 -0.911028 -0.125004
vn 0.665164 -0.734408 0.134916
vn -0.371252 -0.927971 -0.032276
vn 0.111429 -0.988408 0.103114
vn 0.593352 0.803214 0.052736
vn 0.314871 0.948806 -0.024964
vn -0.069128 0.964069 -0.256501
vn 0.757175 0.640445 0.128515
vn -0.282928 0.954964 -0.089423
vn 0.448943 0.801279 0.395478
vn -0.020519 0.971382 0.236635
vn -0.620636 0.760094 0.192533
vn 0.702878 0.617505 0.353059
vn 0.034548 0.910217 0.412688
vn -0.024526 0.642244 0.766108
vn -0.501329 0.701990 0.505845
vn 0.389976 0.462109 0.796476
vn -0.664697 0.402603 0.629356
vn -0.880713 0.269304 0.389640
vn -0.050691 0.261489 0.963874
vn -0.616889 0.217311 0.756455
vn -0.815753 -0.399783 -0.417996
vn -0.947649 -0.088396 -0.306833
vn -0.579217 -0.214716 -0.786387
vn -0.960616 0.231024 0.154419
vn -0.639259 -0.015304 -0.768839
vn -0.775766 0.218360 -0.592035
vn -0.830295 0.501826 -0.242448
vn -0.481791 0.097192 -0.870880
vn -0.576436 0.440496 -0.688248
vn -0.315131 -0.033431 -0.948459
vn -0.321869 0.244434 -0.914687
vn -0.332413 0.495280 -0.802620
vn -0.029089 0.038378 -0.998840
vn -0.082417 0.311553 -0.946648
vn -0.089156 0.603674 -0.792230
vn 0.148266 0.033262 -0.988388
vn 0.165779 0.255316 -0.952539
vn 0.182690 0.527262 -0.829831
vn 0.166203 0.831141 -0.530643
vn 0.368383 -0.000195 -0.929674
vn 0.448590 0.261757 -0.854547
vn 0.515898 0.583478 -0.627218
vn 0.484485 0.842414 -0.235825
vn 0.677428 -0.023915 -0.735200
vn 0.853026 0.326786 -0.406888
vn 0.789916 0.594195 0.151541
vn 0.950611 -0.223299 -0.215582
vn 0.968643 0.082055 0.234515
vn 0.459289 0.458965 0.760529
vn 0.792468 -0.093961 0.602632
vn 0.666210 0.236450 0.707287
vn 0.900197 -0.306120 0.309735
vn 0.452302 0.081972 0.888090
vn 0.553547 -0.096382 0.827222
vn 0.288478 0.240780 0.926717
vn 0.629523 -0.313062 0.711121
vn 0.281783 0.043960 0.958470
vn 0.484327 -0.429143 0.762406
vn 0.181851 0.080492 0.980026
vn 0.254313 -0.096549 0.962291
vn 0.111789 -0.360320 0.926106
vn 0.093707 -0.031617 0.995098
vn -0.184881 -0.712104 0.677294
vn -0.095557 -0.241834 0.965601
vn -0.549807 -0.787169 0.279423
vn -0.452712 -0.435938 0.777824
vn -0.105299 -0.034879 0.993829
vn -0.619794 -0.335073 0.709635
vn -0.527722 -0.003426 0.849410
vn -0.777155 -0.629203 0.011541
vn -0.108542 -0.189653 -0.975833
vn 0.156257 -0.292439 -0.943432
vn 0.487867 -0.367868 -0.791618
vn -0.229563 -0.359579 -0.904436
vn -0.005990 -0.477859 -0.878416
vn 0.242659 -0.600082 -0.762246
vn 0.535222 -0.646628 -0.543515
vn -0.325542 -0.500098 -0.802449
vn -0.132031 -0.694345 -0.707427
vn 0.183490 -0.857412 -0.480808
vn 0.580018 -0.812396 -0.059925
vn -0.443946 -0.772747 -0.453624
vn -0.051867 -0.988306 -0.143391
vn 0.428028 -0.862811 0.268979
vn 0.324144 0.682524 0.655051
vn 0.014849 0.983638 0.179542
vn -0.214759 0.974372 0.066924
vn 0.089991 0.621606 0.778143
vn -0.203332 0.736938 0.644654
vn -0.465553 0.884717 0.023153
vn -0.058851 0.432176 0.899867
vn -0.538746 0.661656 0.521501
vn 0.119348 0.220735 0.968004
vn -0.018165 0.200181 0.979591
vn -0.388510 0.351600 0.851726
vn -0.720743 -0.599142 -0.348654
vn -0.964991 -0.221905 -0.139820
vn -0.907351 0.014500 0.420123
vn -0.546559 -0.431138 -0.717909
vn -0.939109 0.165327 0.301234
vn -0.765698 -0.038369 -0.642055
vn -0.809093 0.396381 0.433878
vn -0.258380 -0.242873 -0.935015
vn -0.907125 0.316685 -0.277191
vn -0.429656 0.074157 -0.899943
vn -0.539661 0.392152 -0.744972
vn -0.767455 0.641049 -0.008315
vn 0.018148 -0.081454 -0.996512
vn -0.128167 0.053453 -0.990311
vn -0.505998 0.715835 -0.481192
vn -0.105799 0.314775 -0.943251
vn -0.230031 0.693722 -0.682522
vn 0.255733 -0.006592 -0.966725
vn 0.235664 0.227803 -0.944758
vn 0.183170 0.511515 -0.839524
vn 0.068263 0.802653 -0.592527
vn 0.431719 -0.019741 -0.901792
vn 0.441063 0.222271 -0.869517
vn 0.415309 0.514156 -0.750441
vn 0.317959 0.825177 -0.466889
vn 0.630497 -0.083038 -0.771737
vn 0.612011 0.180003 -0.770091
vn 0.630746 0.464483 -0.621623
vn 0.551072 0.756057 -0.353126
vn 0.817407 0.312083 -0.484200
vn 0.798308 -0.240722 -0.552048
vn 0.911848 -0.062167 -0.405794
vn 0.964062 0.181343 -0.194160
vn 0.743083 0.669194 0.002527
vn 0.753699 0.580666 0.307841
vn 0.817827 -0.415954 -0.397670
vn 0.948359 -0.285310 -0.138610
vn 0.964723 0.143198 0.220917
vn 0.514574 0.521442 0.680670
vn 0.965911 -0.089446 0.242932
vn 0.623260 0.274063 0.732418
vn 0.775588 -0.441569 0.451088
vn 0.640814 0.005271 0.767678
vn 0.138777 0.257499 0.956261
vn 0.702288 -0.700247 0.128239
vn 0.375026 -0.074210 0.924039
vn 0.394726 -0.700909 0.594069
vn 0.208565 -0.340929 0.916661
vn -0.129200 0.242592 0.961486
vn -0.180848 -0.419283 0.889660
vn -0.249575 -0.052163 0.966949
vn -0.158313 -0.826244 0.540608
vn -0.341509 -0.217497 0.914367
vn -0.397408 -0.019504 0.917435
vn -0.296387 -0.690661 0.659653
vn -0.465130 -0.744585 0.478797
vn -0.507751 -0.294983 0.809428
vn -0.496445 0.018043 0.867881
vn -0.648626 -0.620866 0.440238
vn -0.689076 -0.165630 0.705508
vn -0.611300 0.089102 0.786367
vn -0.744786 -0.584138 0.322609
vn 0.176849 -0.353151 -0.918700
vn 0.407736 -0.336339 -0.848898
vn 0.603216 -0.373384 -0.704780
vn 0.234237 -0.621308 -0.747736
vn 0.449181 -0.561582 -0.694883
vn 0.629632 -0.542846 -0.555770
vn 0.008747 -0.577649 -0.816238
vn 0.240832 -0.795758 -0.555670
vn -0.239457 -0.798224 -0.552720
vn -0.056294 -0.897744 -0.436906
vn 0.401548 -0.804294 -0.438031
vn 0.070030 -0.949876 -0.304682
vn 0.287846 -0.951282 -0.110490
vn 0.351911 0.889619 0.291095
vn 0.014956 0.906094 0.422812
vn -0.133335 0.971185 0.197538
vn 0.272128 0.741063 0.613818
vn -0.299738 0.925568 0.231259
vn 0.006299 0.667646 0.744452
vn -0.303888 0.602595 0.737923
vn -0.458837 0.697187 0.550816
vn -0.171638 0.471300 0.865111
vn -0.523072 0.493945 0.694560
vn -0.347901 0.320949 0.880884
vn -0.494129 0.328271 0.805031
vn -0.900883 -0.427413 -0.075681
vn -0.966475 0.074570 0.245695
vn -0.901882 0.207735 0.378754
vn -0.927485 -0.147413 -0.343571
vn -0.978729 0.190996 0.074894
vn -0.904818 0.314314 0.287246
vn -0.608065 -0.069092 -0.790875
vn -0.890483 0.246356 -0.382556
vn -0.913348 0.390663 0.114792
vn -0.613455 0.475670 -0.630405
vn -0.827594 0.555119 -0.083250
vn -0.256514 0.073206 -0.963764
vn 0.333595 0.089928 -0.938417
vn 0.216048 0.472793 -0.854277
vn 0.600359 0.008138 -0.799689
vn -0.045071 0.852526 -0.520738
vn 0.670023 0.190639 -0.717444
vn 0.603117 0.505169 -0.617296
vn 0.436453 0.813091 -0.385218
vn 0.816848 0.116600 -0.564946
vn 0.818572 0.351827 -0.454046
vn 0.738793 0.636978 -0.220099
vn 0.831645 -0.084091 -0.548904
vn 0.922223 0.119865 -0.367609
vn 0.987916 -0.000283 -0.154989
vn 0.905598 0.418751 -0.067372
vn 0.929303 -0.292691 -0.225229
vn 0.984669 0.171358 -0.032598
vn 0.972690 -0.231443 -0.017580
vn 0.979667 -0.005430 0.200557
vn 0.812557 0.466479 0.349496
vn 0.846279 -0.527467 -0.074766
vn 0.699721 0.328693 0.634312
vn 0.884535 -0.390443 0.255250
vn 0.823266 -0.145682 0.548644
vn 0.564628 0.091338 0.820276
vn 0.397054 -0.455455 0.796812
vn 0.045792 0.184597 0.981747
vn -0.237481 -0.532289 0.812571
vn -0.243347 -0.263812 0.933373
vn -0.506750 -0.055265 0.860320
vn -0.374362 -0.738109 0.561292
vn -0.759141 0.069588 0.647196
vn -0.552823 -0.696105 0.458065
vn -0.747499 -0.183747 0.638343
vn -0.854631 0.111591 0.507103
vn -0.791305 -0.499711 0.352313
vn -0.902385 -0.083928 0.422680
vn 0.368063 -0.339820 -0.865478
vn 0.634555 -0.368311 -0.679476
vn 0.870080 -0.287475 -0.400398
vn 0.735752 -0.406729 -0.541517
vn 0.190365 -0.564317 -0.803310
vn 0.524681 -0.593856 -0.609955
vn 0.704773 -0.550326 -0.447701
vn 0.745584 -0.613654 -0.259872
vn -0.019908 -0.755143 -0.655258
vn 0.454580 -0.776726 -0.435952
vn -0.192850 -0.852841 -0.485254
vn 0.533386 -0.826353 -0.180665
vn -0.603860 -0.790215 -0.104471
vn 0.006312 -0.983844 -0.178915
vn 0.560023 0.800028 0.215245
vn -0.074654 0.934961 0.346805
vn -0.318767 0.934898 0.156055
vn 0.451153 0.803156 0.389104
vn -0.587708 0.763796 0.266862
vn 0.041271 0.767378 0.639865
vn -0.758702 0.492818 0.426031
vn 0.020350 0.669296 0.742717
vn 0.074757 0.472696 0.878049
vn -0.574903 0.582279 0.574837
vn -0.787282 0.380336 0.485315
vn -0.502589 0.434886 0.747180
vn -0.552744 0.297804 0.778323
vn -0.778981 0.320786 0.538781
f 1352//1352 1353//1353 1355//1355
f 1354//1354 1355//1355 1356//1356
f 1358//1358 1357//1357 1359//1359
f 85//85 88//88 1352//1352
f 1355//1355 90//90 91//91
f 1357//1357 91//91 92//92
f 80//80 1356//1356 1358//1358
f 81//81 1354//1354 1356//1356
f 1362//1362 1363//1363 1365//1365
f 1364//1364 1362//1362 1366//1366
f 1366//1366 1365//1365 1367//1367
f 1364//1364 1367//1367 1371//1371
f 1//1 1358//1358 1361//1361
f 1358//1358 1359//1359 1361//1361
f 1359//1359 94//94 1362//1362
f 94//94 1360//1360 1362//1362
f 1363//1363 92//92 100//100
f 1365//1365 100//100 102//102
f 1368//1368 102//102 104//104
f 95//95 1364//1364 1369//1369
f 99//99 1361//1361 1364//1364
f 1371//1371 1370//1370 1372//1372
f 1390//1390 1372//1372 1374//1374
f 1393//1393 1374//1374 1376//1376
f 1370//1370 104//104 105//105
f 1373//1373 105//105 1399//1399
f 1373//1373 1399//1399 1377//1377
f 1388//1388 1369//1369 1371//1371
f 1380//1380 1378//1378 1382//1382
f 1378//1378 1379//1379 1382//1382
f 1381//1381 1382//1382 1384//1384
f 1375//1375 1376//1376 1378//1378
f 1376//1376 1377//1377 1379//1379
f 1379//1379 2//2 113//113
f 1379//1379 113//113 116//116
f 1384//1384 1385//1385 89//89
f 1381//1381 1384//1384 86//86
f 109//109 1380//1380 1381//1381
f 112//112 1375//1375 1380//1380
f 1387//1387 1388//1388 1390//1390
f 1386//1386 1387//1387 1392//1392
f 1387//1387 1389//1389 1392//1392
f 1392//1392 1390//1390 1393//1393
f 78//78 97//97 1387//1387
f 97//97 3//3 1388//1388
f 1394//1394 1395//1395 112//112
f 1391//1391 1394//1394 110//110
f 82//82 1386//1386 1391//1391
f 1398//1398 1396//1396 1400//1400
f 1396//1396 1397//1397 1400//1400
f 1401//1401 1400//1400 1404//1404
f 104//104 103//103 1396//1396
f 103//103 101//101 1397//1397
f 1397//1397 93//93 90//90
f 1404//1404 1405//1405 117//117
f 1377//1377 1404//1404 114//114
f 1377//1377 1401//1401 1402//1402
f 1406//1406 1407//1407 1409//1409
f 1407//1407 1408//1408 1410//1410
f 1411//1411 1409//1409 1412//1412
f 1409//1409 1410//1410 1413//1413
f 1414//1414 1412//1412 1416//1416
f 1412//1412 1413//1413 1416//1416
f 4//4 129//129 1407//1407
f 129//129 130//130 1408//1408
f 1410//1410 130//130 132//132
f 1410//1410 132//132 134//134
f 1415//1415 134//134 135//135
f 119//119 1411//1411 1414//1414
f 122//122 1406//1406 1411//1411
f 1417//1417 1418//1418 1420//1420
f 1419//1419 1420//1420 1423//1423
f 1423//1423 1424//1424 1425//1425
f 142//142 1414//1414 1417//1417
f 1416//1416 138//138 1417//1417
f 138//138 137//137 1418//1418
f 137//137 1415//1415 1418//1418
f 1418//1418 135//135 143//143
f 1420//1420 143//143 145//145
f 1424//1424 145//145 147//147
f 1422//1422 1423//1423 148//148
f 140//140 1421//1421 149//149
f 140//140 1419//1419 1421//1421
f 141//141 1417//1417 1419//1419
f 1428//1428 1426//1426 1430//1430
f 1426//1426 1427//1427 1431//1431
f 1431//1431 1429//1429 1432//1432
f 150//150 1430//1430 1434//1434
f 1430//1430 1431//1431 1435//1435
f 1433//1433 1434//1434 1437//1437
f 1435//1435 1432//1432 1438//1438
f 149//149 148//148 1426//1426
f 148//148 1425//1425 1427//1427
f 1425//1425 147//147 1429//1429
f 1437//1437 1435//1435 152//152
f 1453//1453 1433//1433 1436//1436
f 1451//1451 1428//1428 150//150
f 1441//1441 1440//1440 1442//1442
f 1436//1436 1437//1437 1439//1439
f 1440//1440 158//158 159//159
f 1444//1444 1445//1445 131//131
f 1443//1443 1444//1444 128//128
f 155//155 1441//1441 1443//1443
f 156//156 1439//1439 1441//1441
f 156//156 1436//1436 1439//1439
f 1446//1446 1447//1447 1450//1450
f 1450//1450 1448//1448 1452//1452
f 1448//1448 1451//1451 1453//1453
f 1449//1449 1450//1450 1455//1455
f 1452//1452 1453//1453 1456//1456
f 118//118 140//140 1447//1447
f 140//140 139//139 1448//1448
f 1448//1448 149//149 1451//1451
f 1451//1451 150//150 1453//1453
f 1452//1452 1456//1456 157//157
f 1455//1455 1452//1452 155//155
f 1454//1454 1455//1455 154//154
f 125//125 1449//1449 1454//1454
f 120//120 1446//1446 1449//1449
f 1459//1459 1458//1458 151//151
f 1458//1458 1460//1460 1461//1461
f 1461//1461 1462//1462 1464//1464
f 1463//1463 1461//1461 1438//1438
f 1461//1461 1464//1464 1465//1465
f 147//147 146//146 1458//1458
f 146//146 144//144 1458//1458
f 1462//1462 136//136 133//133
f 1438//1438 1465//1465 160//160
f 1432//1432 1463//1463 1438//1438
f 1429//1429 1457//1457 1459//1459
f 1467//1467 1468//1468 1470//1470
f 1469//1469 1467//1467 1471//1471
f 1471//1471 1470//1470 1472//1472
f 1469//1469 1472//1472 1476//1476
f 5//5 168//168 1467//1467
f 1470//1470 171//171 173//173
f 1472//1472 173//173 175//175
f 1473//1473 175//175 176//176
f 161//161 1469//1469 1474//1474
f 165//165 1466//1466 1469//1469
f 1476//1476 1475//1475 1478//1478
f 1477//1477 1478//1478 1480//1480
f 1478//1478 1479//1479 1481//1481
f 1475//1475 176//176 183//183
f 1481//1481 183//183 185//185
f 178//178 1477//1477 1482//1482
f 181//181 1476//1476 1477//1477
f 181//181 1474//1474 1476//1476
f 188//188 1484//1484 1488//1488
f 1488//1488 1484//1484 1486//1486
f 1484//1484 1485//1485 1486//1486
f 1488//1488 1487//1487 1490//1490
f 1482//1482 1480//1480 1484//1484
f 1480//1480 1483//1483 1484//1484
f 1483//1483 185//185 1485//1485
f 1504//1504 1488//1488 1489//1489
f 1492//1492 1493//1493 1494//1494
f 1496//1496 1497//1497 1499//1499
f 197//197 1489//1489 1492//1492
f 1489//1489 1490//1490 1492//1492
f 1490//1490 190//190 1492//1492
f 1493//1493 199//199 198//198
f 1497//1497 198//198 202//202
f 1496//1496 1499//1499 169//169
f 1498//1498 1496//1496 167//167
f 192//192 1495//1495 1498//1498
f 196//196 1492//1492 1495//1495
f 1500//1500 1501//1501 1505//1505
f 1501//1501 1503//1503 1506//1506
f 7//7 179//179 1501//1501
f 1502//1502 188//188 187//187
f 1503//1503 187//187 1504//1504
f 1506//1506 1507//1507 197//197
f 1505//1505 1506//1506 195//195
f 191//191 1500//1500 1505//1505
f 1511//1511 1509//1509 1512//1512
f 1509//1509 1510//1510 1513//1513
f 1512//1512 1513//1513 1514//1514
f 185//185 186//186 1508//1508
f 186//186 184//184 1509//1509
f 184//184 182//182 1509//1509
f 1510//1510 182//182 174//174
f 1513//1513 174//174 172//172
f 1514//1514 172//172 170//170
f 1491//1491 1514//1514 200//200
f 189//189 1511//1511 1491//1491
f 1485//1485 1508//1508 1511//1511
f 1515//1515 1516//1516 1519//1519
f 1519//1519 1520//1520 1522//1522
f 1517//1517 1518//1518 1523//1523
f 1518//1518 1519//1519 1522//1522
f 210//210 213//213 1515//1515
f 1520//1520 216//216 218//218
f 206//206 1517//1517 1521//1521
f 209//209 1515//1515 1517//1517
f 1527//1527 1526//1526 1529//1529
f 1526//1526 1528//1528 1530//1530
f 1527//1527 1529//1529 1532//1532
f 1529//1529 1530//1530 1532//1532
f 228//228 1521//1521 1525//1525
f 1521//1521 222//222 1526//1526
f 222//222 221//221 1526//1526
f 221//221 1524//1524 1526//1526
f 1528//1528 218//218 229//229
f 1530//1530 229//229 230//230
f 1531//1531 230//230 231//231
f 226//226 1527//1527 233//233
f 228//228 1525//1525 1527//1527
f 234//234 232//232 1535//1535
f 232//232 1533//1533 1536//1536
f 1536//1536 1537//1537 1539//1539
f 1538//1538 1535//1535 1540//1540
f 1535//1535 1536//1536 1541//1541
f 223//223 233//233 234//234
f 1531//1531 231//231 1533//1533
f 1537//1537 235//235 1539//1539
f 1541//1541 1539//1539 236//236
f 1556//1556 1534//1534 1538//1538
f 1542//1542 1543//1543 1545//1545
f 1543//1543 1544//1544 1546//1546
f 1545//1545 1546//1546 1549//1549
f 1549//1549 1547//1547 1550//1550
f 243//243 1538//1538 1542//1542
f 1538//1538 237//237 1542//1542
f 237//237 1540//1540 1543//1543
f 1540//1540 1541//1541 1543//1543
f 1541//1541 236//236 1543//1543
f 1547//1547 244//244 245//245
f 1547//1547 245//245 248//248
f 1548//1548 1550//1550 214//214
f 241//241 1545//1545 1548//1548
f 242//242 1542//1542 1545//1545
f 1551//1551 1552//1552 1554//1554
f 1552//1552 1553//1553 1555//1555
f 1554//1554 1555//1555 1558//1558
f 1555//1555 1556//1556 1559//1559
f 1557//1557 1554//1554 1560//1560
f 203//203 227//227 1551//1551
f 227//227 226//226 1552//1552
f 226//226 223//223 1553//1553
f 1558//1558 1561//1561 243//243
f 1560//1560 1558//1558 241//241
f 208//208 1557//1557 1560//1560
f 205//205 1551//1551 1557//1557
f 1562//1562 1563//1563 1567//1567
f 1563//1563 1564//1564 1568//1568
f 1568//1568 1565//1565 1569//1569
f 1566//1566 1567//1567 1570//1570
f 1570//1570 1568//1568 1572//1572
f 231//231 229//229 1563//1563
f 1565//1565 220//220 219//219
f 1569//1569 219//219 217//217
f 1571//1571 1572//1572 246//246
f 1539//1539 1571//1571 244//244
f 1539//1539 1566//1566 1571//1571
f 1537//1537 1562//1562 1566//1566
f 1573//1573 1574//1574 1576//1576
f 1574//1574 1575//1575 1578//1578
f 1576//1576 1578//1578 1583//1583
f 1578//1578 1579//1579 1581//1581
f 1577//1577 1580//1580 1582//1582
f 1582//1582 1583//1583 1584//1584
f 1583//1583 1581//1581 1586//1586
f 8//8 255//255 1574//1574
f 255//255 257//257 1574//1574
f 1575//1575 260//260 262//262
f 1579//1579 262//262 263//263
f 1581//1581 263//263 265//265
f 250//250 1577//1577 1582//1582
f 251//251 1573//1573 1577//1577
f 1587//1587 1588//1588 1591//1591
f 1588//1588 1589//1589 1591//1591
f 1590//1590 1591//1591 1594//1594
f 1591//1591 1592//1592 1594//1594
f 1593//1593 1594//1594 1596//1596
f 1594//1594 1595//1595 1597//1597
f 273//273 1582//1582 1587//1587
f 1582//1582 1584//1584 1587//1587
f 1584//1584 1585//1585 1588//1588
f 1585//1585 267//267 1589//1589
f 267//267 1586//1586 1589//1589
f 1589//1589 265//265 274//274
f 1592//1592 274//274 276//276
f 1595//1595 276//276 279//279
f 269//269 1593//1593 1596//1596
f 271//271 1590//1590 1593//1593
f 272//272 1587//1587 1590//1590
f 1600//1600 1601//1601 1603//1603
f 1600//1600 1603//1603 1605//1605
f 1603//1603 1602//1602 1606//1606
f 280//280 1604//1604 1607//1607
f 1604//1604 1605//1605 1608//1608
f 1605//1605 1606//1606 1609//1609
f 1607//1607 1608//1608 1612//1612
f 1608//1608 1609//1609 283//283
f 1609//1609 1610//1610 1613//1613
f 268//268 1596//1596 1599//1599
f 1596//1596 1597//1597 1600//1600
f 1597//1597 1598//1598 1601//1601
f 1598//1598 279//279 1602//1602
f 1606//1606 282//282 1610//1610
f 1635//1635 1607//1607 1611//1611
f 281//281 1599//1599 280//280
f 1616//1616 1614//1614 1617//1617
f 1617//1617 1615//1615 1618//1618
f 1616//1616 1617//1617 1620//1620
f 1620//1620 1618//1618 1621//1621
f 1611//1611 1612//1612 1614//1614
f 1612//1612 284//284 1614//1614
f 284//284 283//283 1614//1614
f 1615//1615 289//289 290//290
f 1618//1618 290//290 292//292
f 1620//1620 1621//1621 258//258
f 286//286 1619//1619 1620//1620
f 287//287 1616//1616 1619//1619
f 288//288 1611//1611 1616//1616
f 1623//1623 1624//1624 1626//1626
f 1623//1623 1626//1626 1629//1629
f 1626//1626 1625//1625 1630//1630
f 1628//1628 1629//1629 1631//1631
f 1629//1629 1630//1630 1632//1632
f 1632//1632 1633//1633 1635//1635
f 9//9 270//270 1623//1623
f 270//270 268//268 1624//1624
f 1630//1630 281//281 280//280
f 1633//1633 280//280 1635//1635
f 1632//1632 1635//1635 10//10
f 1631//1631 1632//1632 287//287
f 1634//1634 1631//1631 286//286
f 253//253 1628//1628 1634//1634
f 251//251 1627//1627 1628//1628
f 250//250 1622//1622 1627//1627
f 1637//1637 1638//1638 1639//1639
f 1637//1637 1639//1639 1640//1640
f 1643//1643 1641//1641 1646//1646
f 1642//1642 1640//1640 1645//1645
f 1645//1645 1643//1643 1648//1648
f 1644//1644 1645//1645 1647//1647
f 279//279 278//278 1636//1636
f 278//278 277//277 1637//1637
f 277//277 275//275 1638//1638
f 1641//1641 266//266 264//264
f 1646//1646 264//264 261//261
f 1647//1647 1648//1648 293//293
f 1613//1613 1647//1647 289//289
f 1613//1613 1644//1644 1647//1647
f 1610//1610 1642//1642 1644//1644
f 282//282 1636//1636 1642//1642
f 1651//1651 1650//1650 1653//1653
f 1650//1650 1652//1652 1654//1654
f 1655//1655 1653//1653 1657//1657
f 1653//1653 1654//1654 1657//1657
f 300//300 303//303 1650//1650
f 303//303 304//304 1650//1650
f 1652//1652 306//306 307//307
f 1656//1656 307//307 308//308
f 297//297 1655//1655 311//311
f 299//299 1651//1651 1655//1655
f 300//300 1649//1649 1651//1651
f 1658//1658 1659//1659 1662//1662
f 1662//1662 1663//1663 1665//1665
f 1660//1660 1661//1661 1666//1666
f 1661//1661 1662//1662 1665//1665
f 319//319 311//311 1658//1658
f 311//311 310//310 1658//1658
f 310//310 1656//1656 1659//1659
f 1656//1656 308//308 320//320
f 1663//1663 320//320 322//322
f 315//315 1660//1660 1664//1664
f 318//318 1658//1658 1660//1660
f 1668//1668 1669//1669 1671//1671
f 1669//1669 1670//1670 1672//1672
f 1671//1671 1672//1672 1674//1674
f 313//313 1664//1664 1668//1668
f 1664//1664 325//325 1669//1669
f 325//325 324//324 1669//1669
f 324//324 1667//1667 1669//1669
f 1667//1667 322//322 1670//1670
f 1673//1673 327//327 1675//1675
f 326//326 1671//1671 329//329
f 1688//1688 1668//1668 1671//1671
f 1677//1677 1678//1678 1681//1681
f 1680//1680 1681//1681 1682//1682
f 1679//1679 1680//1680 1683//1683
f 1683//1683 1682//1682 1684//1684
f 335//335 1676//1676 1677//1677
f 1676//1676 329//329 1677//1677
f 329//329 328//328 1677//1677
f 1681//1681 336//336 338//338
f 1682//1682 338//338 339//339
f 1683//1683 1684//1684 303//303
f 331//331 1679//1679 1683//1683
f 335//335 1677//1677 1679//1679
f 1685//1685 1686//1686 1690//1690
f 1686//1686 1687//1687 1691//1691
f 1689//1689 1690//1690 1693//1693
f 1690//1690 1691//1691 1693//1693
f 1694//1694 1691//1691 1676//1676
f 1692//1692 1693//1693 1695//1695
f 1693//1693 1694//1694 1696//1696
f 295//295 316//316 1686//1686
f 316//316 314//314 1687//1687
f 314//314 313//313 1687//1687
f 1691//1691 326//326 1676//1676
f 1696//1696 1676//1676 335//335
f 1695//1695 1696//1696 333//333
f 299//299 1692//1692 1695//1695
f 298//298 1689//1689 1692//1692
f 296//296 1685//1685 1689//1689
f 1699//1699 1698//1698 1702//1702
f 1698//1698 1700//1700 1704//1704
f 1702//1702 1704//1704 1705//1705
f 327//327 1702//1702 1707//1707
f 1705//1705 1706//1706 1708//1708
f 322//322 323//323 1698//1698
f 323//323 321//321 1700//1700
f 1704//1704 309//309 307//307
f 1708//1708 307//307 305//305
f 1705//1705 1708//1708 340//340
f 1707//1707 1705//1705 338//338
f 1675//1675 1707//1707 336//336
f 1673//1673 1701//1701 1703//1703
f 1670//1670 1699//1699 1701//1701
f 1670//1670 1697//1697 1699//1699
f 1709//1709 1710//1710 1712//1712
f 1711//1711 1712//1712 1714//1714
f 1713//1713 1714//1714 1716//1716
f 11//11 350//350 1709//1709
f 350//350 352//352 1710//1710
f 1712//1712 354//354 357//357
f 1714//1714 357//357 358//358
f 365//365 1713//1713 1715//1715
f 343//343 1711//1711 1713//1713
f 343//343 1709//1709 1711//1711
f 365//365 1715//1715 1718//1718
f 1715//1715 1716//1716 1719//1719
f 1716//1716 1717//1717 1720//1720
f 1720//1720 358//358 366//366
f 1720//1720 366//366 367//367
f 1723//1723 367//367 14//14
f 361//361 1721//1721 1724//1724
f 362//362 1718//1718 1721//1721
f 1745//1745 1725//1725 1727//1727
f 1725//1725 1726//1726 1727//1727
f 1728//1728 1727//1727 1729//1729
f 1729//1729 1730//1730 371//371
f 371//371 1730//1730 370//370
f 369//369 1723//1723 1725//1725
f 1723//1723 14//14 1726//1726
f 1746//1746 1728//1728 1731//1731
f 1742//1742 1724//1724 1745//1745
f 1733//1733 1734//1734 1736//1736
f 1734//1734 1735//1735 1737//1737
f 1736//1736 1737//1737 1738//1738
f 379//379 1731//1731 1733//1733
f 1731//1731 371//371 1733//1733
f 371//371 370//370 1734//1734
f 1735//1735 13//13 382//382
f 1737//1737 382//382 384//384
f 1738//1738 384//384 385//385
f 1739//1739 1738//1738 349//349
f 376//376 1733//1733 1739//1739
f 1740//1740 1741//1741 1743//1743
f 1741//1741 1742//1742 1744//1744
f 1744//1744 1745//1745 1746//1746
f 1743//1743 1744//1744 1747//1747
f 1747//1747 1746//1746 1749//1749
f 12//12 363//363 1741//1741
f 363//363 360//360 1741//1741
f 1746//1746 1731//1731 1749//1749
f 1747//1747 1749//1749 379//379
f 1748//1748 1747//1747 375//375
f 344//344 1740//1740 1748//1748
f 1750//1750 1751//1751 1752//1752
f 1753//1753 1752//1752 1756//1756
f 1752//1752 1754//1754 1757//1757
f 1756//1756 1757//1757 1758//1758
f 14//14 368//368 1750//1750
f 1751//1751 368//368 357//357
f 1754//1754 357//357 356//356
f 1758//1758 356//356 355//355
f 1756//1756 1758//1758 383//383
f 1732//1732 1756//1756 383//383
f 1726//1726 1755//1755 1732//1732
f 1726//1726 1753//1753 1755//1755
f 1759//1759 1760//1760 1763//1763
f 1760//1760 1761//1761 1764//1764
f 1762//1762 1763//1763 1766//1766
f 1763//1763 1764//1764 1767//1767
f 1764//1764 1765//1765 1768//1768
f 1766//1766 1767//1767 1771//1771
f 1767//1767 1768//1768 405//405
f 1768//1768 1769//1769 1773//1773
f 15//15 396//396 1759//1759
f 396//396 397//397 1760//1760
f 1765//1765 399//399 401//401
f 1769//1769 401//401 403//403
f 388//388 1766//1766 1770//1770
f 390//390 1762//1762 1766//1766
f 392//392 1759//1759 1762//1762
f 1776//1776 1775//1775 1778//1778
f 16//16 1770//1770 1772//1772
f 1770//1770 1771//1771 1774//1774
f 1771//1771 405//405 1774//1774
f 1775//1775 403//403 412//412
f 1775//1775 412//412 415//415
f 1779//1779 1778//1778 1782//1782
f 407//407 1777//1777 1779//1779
f 409//409 1772//1772 1777//1777
f 1780//1780 1781//1781 1783//1783
f 1781//1781 1782//1782 1784//1784
f 1783//1783 1784//1784 1787//1787
f 1784//1784 1785//1785 1788//1788
f 417//417 1783//1783 1789//1789
f 1787//1787 1788//1788 419//419
f 19//19 1779//1779 1780//1780
f 1779//1779 416//416 1781//1781
f 416//416 1782//1782 1781//1781
f 1782//1782 1806//1806 418//418
f 1792//1792 1791//1791 1793//1793
f 1794//1794 1793//1793 1795//1795
f 420//420 419//419 1792//1792
f 1791//1791 18//18 427//427
f 1796//1796 427//427 428//428
f 1796//1796 428//428 429//429
f 1797//1797 1795//1795 396//396
f 394//394 1794//1794 1797//1797
f 424//424 1792//1792 1794//1794
f 425//425 421//421 1792//1792
f 1798//1798 1799//1799 1801//1801
f 1799//1799 1800//1800 1802//1802
f 1802//1802 1803//1803 1805//1805
f 17//17 408//408 1799//1799
f 408//408 406//406 1799//1799
f 406//406 19//19 1800//1800
f 1803//1803 1780//1780 417//417
f 1803//1803 417//417 1805//1805
f 1805//1805 1789//1789 425//425
f 1804//1804 1805//1805 424//424
f 389//389 1801//1801 1804//1804
f 387//387 1798//1798 1801//1801
f 418//418 1807//1807 1809//1809
f 1809//1809 1808//1808 1812//1812
f 1808//1808 1810//1810 1812//1812
f 1811//1811 1809//1809 1813//1813
f 1813//1813 1812//1812 1814//1814
f 415//415 414//414 1807//1807
f 414//414 413//413 1808//1808
f 413//413 411//411 1808//1808
f 1808//1808 404//404 402//402
f 1812//1812 402//402 400//400
f 1813//1813 1814//1814 428//428
f 1790//1790 1813//1813 427//427
f 1788//1788 1811//1811 1790//1790
f 1820//1820 1816//1816 1818//1818
f 1819//1819 1820//1820 1822//1822
f 20//20 436//436 1815//1815
f 436//436 438//438 1816//1816
f 1821//1821 440//440 442//442
f 431//431 1819//1819 1822//1822
f 433//433 1817//1817 1819//1819
f 1825//1825 1823//1823 1826//1826
f 1826//1826 1827//1827 1828//1828
f 443//443 1821//1821 1823//1823
f 1827//1827 442//442 451//451
f 444//444 1826//1826 1830//1830
f 447//447 1825//1825 1826//1826
f 449//449 1822//1822 1825//1825
f 1831//1831 1832//1832 1834//1834
f 1832//1832 1833//1833 1835//1835
f 1834//1834 1835//1835 1838//1838
f 1835//1835 1836//1836 1838//1838
f 1834//1834 1838//1838 1840//1840
f 445//445 1830//1830 1831//1831
f 1830//1830 1828//1828 1832//1832
f 1828//1828 1829//1829 1832//1832
f 1829//1829 451//451 1833//1833
f 1841//1841 453//453 22//22
f 1855//1855 1837//1837 1839//1839
f 1843//1843 1842//1842 1846//1846
f 1842//1842 1844//1844 1846//1846
f 1845//1845 1846//1846 1848//1848
f 1840//1840 1841//1841 454//454
f 1842//1842 22//22 462//462
f 1844//1844 462//462 463//463
f 1847//1847 1848//1848 437//437
f 456//456 1845//1845 1847//1847
f 458//458 1843//1843 1845//1845
f 460//460 455//455 1843//1843
f 1849//1849 1850//1850 1854//1854
f 1850//1850 1851//1851 1854//1854
f 1851//1851 1852//1852 1855//1855
f 1853//1853 1854//1854 1856//1856
f 1854//1854 1855//1855 1857//1857
f 21//21 446//446 1850//1850
f 446//446 445//445 1851//1851
f 1857//1857 1839//1839 460//460
f 1856//1856 1857//1857 459//459
f 433//433 1853//1853 1856//1856
f 432//432 1849//1849 1853//1853
f 1859//1859 1858//1858 1860//1860
f 1861//1861 1860//1860 1863//1863
f 451//451 452//452 1859//1859
f 452//452 450//450 1858//1858
f 1862//1862 450//450 441//441
f 1863//1863 1864//1864 464//464
f 453//453 1863//1863 462//462
f 1838//1838 1861//1861 453//453
f 1835//1835 1859//1859 1861//1861
f 1866//1866 1867//1867 1869//1869
f 1868//1868 1866//1866 1871//1871
f 1871//1871 1869//1869 1872//1872
f 1870//1870 1871//1871 1873//1873
f 23//23 471//471 1865//1865
f 471//471 472//472 1866//1866
f 1869//1869 474//474 477//477
f 1869//1869 477//477 478//478
f 465//465 1870//1870 1873//1873
f 466//466 1868//1868 1870//1870
f 467//467 1865//1865 1868//1868
f 1877//1877 1875//1875 1878//1878
f 1875//1875 1876//1876 1879//1879
f 1880//1880 1878//1878 1881//1881
f 1878//1878 1879//1879 1882//1882
f 1883//1883 1881//1881 1885//1885
f 1881//1881 1882//1882 1885//1885
f 480//480 1872//1872 1875//1875
f 1872//1872 1874//1874 1876//1876
f 1876//1876 478//478 487//487
f 1879//1879 487//487 489//489
f 1879//1879 489//489 490//490
f 1885//1885 1884//1884 1889//1889
f 482//482 1880//1880 1883//1883
f 484//484 1877//1877 1880//1880
f 486//486 1873//1873 1877//1877
f 1887//1887 1888//1888 1890//1890
f 1888//1888 1889//1889 1891//1891
f 1892//1892 1887//1887 1893//1893
f 1887//1887 1890//1890 1894//1894
f 1890//1890 1891//1891 1895//1895
f 1893//1893 1894//1894 493//493
f 1894//1894 1895//1895 1897//1897
f 481//481 1883//1883 1886//1886
f 1883//1883 1885//1885 1887//1887
f 1885//1885 492//492 1887//1887
f 492//492 1889//1889 1888//1888
f 495//495 1898//1898 1902//1902
f 1898//1898 1899//1899 1903//1903
f 1903//1903 1900//1900 1904//1904
f 1901//1901 1902//1902 1906//1906
f 1906//1906 1903//1903 1908//1908
f 1905//1905 1906//1906 1907//1907
f 494//494 1896//1896 1898//1898
f 1896//1896 493//493 1899//1899
f 1900//1900 503//503 504//504
f 1904//1904 504//504 506//506
f 1907//1907 1908//1908 471//471
f 498//498 1905//1905 1907//1907
f 500//500 1901//1901 1905//1905
f 502//502 495//495 1901//1901
f 1909//1909 1910//1910 1913//1913
f 1913//1913 1912//1912 1915//1915
f 1911//1911 1913//1913 1916//1916
f 24//24 483//483 1909//1909
f 483//483 481//481 1910//1910
f 1910//1910 1886//1886 1912//1912
f 1915//1915 1892//1892 494//494
f 1915//1915 494//494 25//25
f 1914//1914 1915//1915 501//501
f 1916//1916 1914//1914 499//499
f 467//467 1911//1911 1916//1916
f 465//465 1909//1909 1911//1911
f 1918//1918 1919//1919 1921//1921
f 1923//1923 1921//1921 1924//1924
f 490//490 491//491 1918//1918
f 491//491 488//488 1918//1918
f 1921//1921 479//479 476//476
f 1921//1921 476//476 475//475
f 1925//1925 1924//1924 505//505
f 1897//1897 1925//1925 503//503
f 1891//1891 1922//1922 1925//1925
f 1891//1891 1920//1920 1922//1922
f 1889//1889 1917//1917 1920//1920
f 1926//1926 1927//1927 1930//1930
f 1927//1927 1928//1928 1931//1931
f 1929//1929 1930//1930 1934//1934
f 1930//1930 1932//1932 1934//1934
f 1932//1932 1931//1931 1935//1935
f 1933//1933 1934//1934 1937//1937
f 1934//1934 1936//1936 1937//1937
f 1936//1936 1935//1935 1938//1938
f 26//26 514//514 1927//1927
f 514//514 516//516 1928//1928
f 1931//1931 517//517 520//520
f 1935//1935 520//520 521//521
f 509//509 1929//1929 1933//1933
f 510//510 1926//1926 1929//1929
f 1942//1942 1939//1939 1947//1947
f 1940//1940 1941//1941 1945//1945
f 1941//1941 1942//1942 1946//1946
f 1944//1944 1945//1945 1948//1948
f 1946//1946 1947//1947 1953//1953
f 1943//1943 1944//1944 1950//1950
f 1944//1944 1948//1948 1951//1951
f 1948//1948 1946//1946 1952//1952
f 1950//1950 1951//1951 1954//1954
f 1952//1952 1953//1953 1955//1955
f 1949//1949 1950//1950 1957//1957
f 1950//1950 1954//1954 1957//1957
f 1954//1954 1952//1952 1958//1958
f 1952//1952 1955//1955 1959//1959
f 27//27 1933//1933 1940//1940
f 1933//1933 1937//1937 1940//1940
f 1937//1937 523//523 1941//1941
f 523//523 1938//1938 1941//1941
f 1938//1938 522//522 1942//1942
f 522//522 1939//1939 1942//1942
f 1939//1939 521//521 528//528
f 1947//1947 528//528 530//530
f 1953//1953 530//530 533//533
f 29//29 1949//1949 1956//1956
f 525//525 1943//1943 1949//1949
f 526//526 1940//1940 1943//1943
f 1960//1960 1961//1961 1964//1964
f 1962//1962 1963//1963 1965//1965
f 1960//1960 1964//1964 1968//1968
f 1964//1964 1962//1962 1969//1969
f 1962//1962 1965//1965 1971//1971
f 1967//1967 1968//1968 1970//1970
f 1966//1966 1967//1967 1973//1973
f 1967//1967 1970//1970 1974//1974
f 1970//1970 1969//1969 1975//1975
f 1969//1969 1971//1971 1976//1976
f 1973//1973 1974//1974 1977//1977
f 1975//1975 1976//1976 1978//1978
f 1972//1972 1973//1973 1979//1979
f 1973//1973 1977//1977 1980//1980
f 1977//1977 1975//1975 1981//1981
f 1975//1975 1978//1978 1982//1982
f 29//29 1956//1956 1960//1960
f 1956//1956 1957//1957 1960//1960
f 1957//1957 535//535 1961//1961
f 535//535 1958//1958 1961//1961
f 1958//1958 534//534 1962//1962
f 534//534 1959//1959 1962//1962
f 1959//1959 533//533 1965//1965
f 1981//1981 1982//1982 1986//1986
f 2017//2017 1972//1972 1979//1979
f 2012//2012 1966//1966 1972//1972
f 2007//2007 1960//1960 1966//1966
f 1983//1983 1984//1984 1987//1987
f 1985//1985 1986//1986 1992//1992
f 1983//1983 1987//1987 1990//1990
f 1987//1987 1985//1985 1991//1991
f 1989//1989 1990//1990 1993//1993
f 1991//1991 1992//1992 1997//1997
f 1988//1988 1989//1989 1994//1994
f 1989//1989 1993//1993 1995//1995
f 1993//1993 1991//1991 1996//1996
f 1994//1994 1995//1995 1999//1999
f 1996//1996 1997//1997 2000//2000
f 1998//1998 1994//1994 2001//2001
f 1994//1994 1999//1999 2001//2001
f 1999//1999 1996//1996 2002//2002
f 1996//1996 2000//2000 2003//2003
f 543//543 1979//1979 1983//1983
f 1979//1979 537//537 1983//1983
f 537//537 1980//1980 1984//1984
f 1980//1980 536//536 1984//1984
f 536//536 1981//1981 1985//1985
f 1981//1981 1986//1986 1985//1985
f 1992//1992 28//28 545//545
f 1997//1997 545//545 547//547
f 2002//2002 2003//2003 515//515
f 2001//2001 2002//2002 515//515
f 1998//1998 2001//2001 513//513
f 540//540 1988//1988 1998//1998
f 541//541 1983//1983 1988//1988
f 2005//2005 2006//2006 2009//2009
f 2008//2008 2005//2005 2010//2010
f 2005//2005 2009//2009 2011//2011
f 2009//2009 2007//2007 2012//2012
f 2010//2010 2011//2011 2014//2014
f 2013//2013 2010//2010 2015//2015
f 2010//2010 2014//2014 2016//2016
f 2014//2014 2012//2012 2017//2017
f 2015//2015 2016//2016 2020//2020
f 2018//2018 2015//2015 2019//2019
f 2020//2020 2017//2017 2021//2021
f 508//508 526//526 2004//2004
f 526//526 525//525 2005//2005
f 525//525 524//524 2006//2006
f 524//524 29//29 2007//2007
f 2020//2020 2021//2021 543//543
f 2019//2019 2020//2020 542//542
f 2018//2018 2019//2019 539//539
f 510//510 2013//2013 2018//2018
f 509//509 2008//2008 2013//2013
f 508//508 2004//2004 2008//2008
f 2023//2023 2024//2024 2026//2026
f 2023//2023 2025//2025 2028//2028
f 2027//2027 2028//2028 2030//2030
f 2028//2028 2026//2026 2031//2031
f 2030//2030 2031//2031 2033//2033
f 2032//2032 2030//2030 2034//2034
f 2030//2030 2033//2033 2035//2035
f 2034//2034 2035//2035 2036//2036
f 533//533 532//532 2022//2022
f 532//532 531//531 2023//2023
f 531//531 529//529 2024//2024
f 2026//2026 529//529 520//520
f 2031//2031 520//520 519//519
f 2035//2035 519//519 518//518
f 2036//2036 2037//2037 548//548
f 2034//2034 2036//2036 546//546
f 1982//1982 2034//2034 544//544
f 1971//1971 2029//2029 2032//2032
f 1971//1971 2027//2027 2029//2029
f 1965//1965 2022//2022 2027//2027
f 2038//2038 2039//2039 2043//2043
f 2039//2039 2040//2040 2044//2044
f 2040//2040 2041//2041 2045//2045
f 2042//2042 2043//2043 2047//2047
f 2043//2043 2044//2044 2048//2048
f 2044//2044 2045//2045 2049//2049
f 2047//2047 2048//2048 2050//2050
f 2048//2048 2049//2049 2051//2051
f 30//30 555//555 2039//2039
f 555//555 556//556 2040//2040
f 2041//2041 559//559 560//560
f 2045//2045 560//560 563//563
f 2049//2049 563//563 564//564
f 2047//2047 2050//2050 565//565
f 2046//2046 2047//2047 566//566
f 550//550 2042//2042 2046//2046
f 550//550 2038//2038 2042//2042
f 2053//2053 2054//2054 2055//2055
f 2052//2052 2053//2053 2058//2058
f 2053//2053 2055//2055 2059//2059
f 2059//2059 2056//2056 2060//2060
f 2057//2057 2058//2058 2062//2062
f 2058//2058 2059//2059 2063//2063
f 2062//2062 2063//2063 2064//2064
f 2061//2061 2062//2062 580//580
f 2062//2062 2064//2064 2066//2066
f 2064//2064 2060//2060 2066//2066
f 573//573 2046//2046 2052//2052
f 2046//2046 566//566 2052//2052
f 566//566 565//565 2053//2053
f 565//565 2051//2051 2054//2054
f 2051//2051 564//564 574//574
f 2056//2056 574//574 576//576
f 2060//2060 576//576 578//578
f 567//567 2061//2061 2065//2065
f 570//570 2057//2057 2061//2061
f 572//572 2052//2052 2057//2057
f 2069//2069 2067//2067 2070//2070
f 2067//2067 2068//2068 2071//2071
f 2074//2074 2071//2071 2075//2075
f 2071//2071 2072//2072 2076//2076
f 2073//2073 2074//2074 2077//2077
f 2077//2077 2075//2075 2079//2079
f 2075//2075 2076//2076 2079//2079
f 2065//2065 580//580 2069//2069
f 580//580 579//579 2067//2067
f 579//579 2066//2066 2068//2068
f 2066//2066 582//582 2068//2068
f 2076//2076 583//583 2080//2080
f 2109//2109 2077//2077 581//581
f 2108//2108 2073//2073 2077//2077
f 2103//2103 2070//2070 2073//2073
f 2099//2099 2069//2069 2070//2070
f 2098//2098 2065//2065 2069//2069
f 2081//2081 2082//2082 2084//2084
f 2083//2083 2081//2081 2085//2085
f 2081//2081 2084//2084 2086//2086
f 2085//2085 2086//2086 2088//2088
f 2087//2087 2085//2085 2089//2089
f 2085//2085 2088//2088 2090//2090
f 2089//2089 2090//2090 2092//2092
f 2091//2091 2089//2089 2094//2094
f 2089//2089 2092//2092 2094//2094
f 2078//2078 584//584 2081//2081
f 584//584 2079//2079 2081//2081
f 2079//2079 2080//2080 2082//2082
f 2086//2086 591//591 592//592
f 2088//2088 592//592 593//593
f 2093//2093 593//593 594//594
f 2094//2094 2093//2093 557//557
f 2091//2091 2094//2094 554//554
f 587//587 2087//2087 2091//2091
f 588//588 2083//2083 2087//2087
f 590//590 585//585 2083//2083
f 2097//2097 2098//2098 2099//2099
f 2095//2095 2096//2096 2101//2101
f 2096//2096 2097//2097 2102//2102
f 2097//2097 2099//2099 2103//2103
f 2102//2102 2103//2103 2104//2104
f 2100//2100 2101//2101 2106//2106
f 2101//2101 2102//2102 2107//2107
f 2102//2102 2104//2104 2108//2108
f 2107//2107 2108//2108 2109//2109
f 2105//2105 2106//2106 2110//2110
f 2106//2106 2107//2107 2111//2111
f 2107//2107 2109//2109 2112//2112
f 31//31 571//571 2096//2096
f 571//571 568//568 2097//2097
f 2112//2112 581//581 590//590
f 2111//2111 2112//2112 590//590
f 2110//2110 2111//2111 588//588
f 551//551 2105//2105 2110//2110
f 551//551 2100//2100 2105//2105
f 549//549 2095//2095 2100//2100
f 2113//2113 2114//2114 2118//2118
f 2114//2114 2115//2115 2119//2119
f 2115//2115 2116//2116 2120//2120
f 2117//2117 2118//2118 2121//2121
f 2118//2118 2119//2119 2122//2122
f 2119//2119 2120//2120 2123//2123
f 2121//2121 2122//2122 2125//2125
f 2122//2122 2123//2123 2125//2125
f 578//578 577//577 2114//2114
f 577//577 575//575 2115//2115
f 2116//2116 575//575 562//562
f 2120//2120 562//562 561//561
f 2123//2123 561//561 558//558
f 2121//2121 2125//2125 593//593
f 2124//2124 2121//2121 592//592
f 2080//2080 2124//2124 591//591
f 2068//2068 2113//2113 2117//2117
f 2127//2127 2128//2128 2131//2131
f 2129//2129 2127//2127 2132//2132
f 2127//2127 2130//2130 2132//2132
f 2132//2132 2131//2131 2134//2134
f 2133//2133 2132//2132 2135//2135
f 2132//2132 2134//2134 2136//2136
f 2135//2135 2136//2136 2138//2138
f 2137//2137 2135//2135 2139//2139
f 2135//2135 2138//2138 2140//2140
f 32//32 603//603 2127//2127
f 603//603 604//604 2128//2128
f 2131//2131 604//604 606//606
f 2134//2134 606//606 607//607
f 2141//2141 607//607 609//609
f 2140//2140 2141//2141 610//610
f 596//596 2133//2133 2137//2137
f 597//597 2129//2129 2133//2133
f 599//599 2126//2126 2129//2129
f 2145//2145 610//610 2147//2147
f 2144//2144 2143//2143 2146//2146
f 2143//2143 2145//2145 2150//2150
f 2150//2150 2147//2147 2153//2153
f 2149//2149 2146//2146 2151//2151
f 2146//2146 2150//2150 2152//2152
f 2148//2148 2149//2149 2154//2154
f 2149//2149 2151//2151 2155//2155
f 2154//2154 2155//2155 2158//2158
f 2155//2155 2152//2152 2159//2159
f 2152//2152 2156//2156 2160//2160
f 34//34 2137//2137 2142//2142
f 2137//2137 611//611 2143//2143
f 611//611 2140//2140 2143//2143
f 2140//2140 610//610 2145//2145
f 610//610 609//609 619//619
f 2147//2147 619//619 620//620
f 2153//2153 620//620 622//622
f 2156//2156 622//622 623//623
f 613//613 2154//2154 2157//2157
f 613//613 2148//2148 2154//2154
f 615//615 2144//2144 2148//2148
f 617//617 2142//2142 2144//2144
f 2162//2162 2163//2163 2165//2165
f 2161//2161 2162//2162 2167//2167
f 2162//2162 2165//2165 2168//2168
f 2165//2165 2164//2164 2169//2169
f 2167//2167 2168//2168 2170//2170
f 2166//2166 2167//2167 2172//2172
f 2167//2167 2170//2170 2173//2173
f 2170//2170 2169//2169 2174//2174
f 2172//2172 2173//2173 2175//2175
f 2171//2171 2172//2172 2177//2177
f 2172//2172 2175//2175 2178//2178
f 2175//2175 2174//2174 2179//2179
f 612//612 2157//2157 2161//2161
f 2157//2157 2158//2158 2161//2161
f 2158//2158 625//625 2162//2162
f 625//625 2159//2159 2162//2162
f 2159//2159 624//624 2163//2163
f 624//624 2160//2160 2163//2163
f 2160//2160 623//623 2164//2164
f 2178//2178 2179//2179 626//626
f 2215//2215 2171//2171 2176//2176
f 2209//2209 2166//2166 2171//2171
f 2201//2201 2161//2161 2166//2166
f 2180//2180 2181//2181 2183//2183
f 2181//2181 2182//2182 2184//2184
f 2183//2183 2184//2184 2188//2188
f 2184//2184 2185//2185 2190//2190
f 2186//2186 2187//2187 2191//2191
f 2187//2187 2188//2188 2192//2192
f 2188//2188 2189//2189 2193//2193
f 2189//2189 2190//2190 2195//2195
f 2192//2192 2193//2193 2194//2194
f 2191//2191 2192//2192 2196//2196
f 2192//2192 2194//2194 2197//2197
f 636//636 2176//2176 2180//2180
f 2176//2176 628//628 2180//2180
f 628//628 2177//2177 2181//2181
f 2177//2177 627//627 2181//2181
f 627//627 2178//2178 2182//2182
f 2178//2178 626//626 2182//2182
f 2182//2182 35//35 637//637
f 2190//2190 637//637 640//640
f 2195//2195 640//640 641//641
f 2195//2195 641//641 33//33
f 2197//2197 2195//2195 603//603
f 2196//2196 2197//2197 603//603
f 630//630 2191//2191 2196//2196
f 633//633 2186//2186 2191//2191
f 635//635 2180//2180 2186//2186
f 2199//2199 2200//2200 2203//2203
f 2202//2202 2199//2199 2204//2204
f 2199//2199 2203//2203 2205//2205
f 2203//2203 2201//2201 2206//2206
f 2204//2204 2205//2205 2208//2208
f 2207//2207 2204//2204 2210//2210
f 2204//2204 2208//2208 2211//2211
f 2208//2208 2206//2206 2212//2212
f 2206//2206 2209//2209 2212//2212
f 2210//2210 2211//2211 2214//2214
f 2213//2213 2210//2210 2216//2216
f 2210//2210 2214//2214 2217//2217
f 2214//2214 2212//2212 2217//2217
f 2212//2212 2215//2215 2218//2218
f 595//595 618//618 2198//2198
f 618//618 616//616 2199//2199
f 616//616 614//614 2200//2200
f 614//614 612//612 2201//2201
f 2217//2217 2218//2218 636//636
f 2216//2216 2217//2217 634//634
f 2213//2213 2216//2216 632//632
f 600//600 2207//2207 2213//2213
f 598//598 2202//2202 2207//2207
f 595//595 2198//2198 2202//2202
f 2221//2221 2219//2219 2222//2222
f 2221//2221 2222//2222 2225//2225
f 2222//2222 2220//2220 2226//2226
f 2220//2220 2223//2223 2229//2229
f 2227//2227 2225//2225 2228//2228
f 2227//2227 2228//2228 2231//2231
f 2228//2228 2226//2226 2232//2232
f 2226//2226 2229//2229 2235//2235
f 2233//2233 2231//2231 2234//2234
f 2233//2233 2234//2234 2236//2236
f 2234//2234 2232//2232 2237//2237
f 2232//2232 2235//2235 2238//2238
f 623//623 621//621 2219//2219
f 621//621 620//620 2219//2219
f 620//620 619//619 2220//2220
f 2229//2229 608//608 606//606
f 2235//2235 606//606 605//605
f 2237//2237 2238//2238 642//642
f 2236//2236 2237//2237 642//642
f 2179//2179 2236//2236 638//638
f 2174//2174 2233//2233 2179//2179
f 2174//2174 2230//2230 2233//2233
f 2169//2169 2227//2227 2230//2230
f 2169//2169 2224//2224 2227//2227
f 2164//2164 2221//2221 2224//2224
f 2240//2240 2241//2241 2245//2245
f 2242//2242 2243//2243 2246//2246
f 2244//2244 2240//2240 2247//2247
f 2240//2240 2245//2245 2248//2248
f 2245//2245 2242//2242 2248//2248
f 2244//2244 2247//2247 2250//2250
f 2247//2247 2248//2248 2251//2251
f 2248//2248 2249//2249 2252//2252
f 2249//2249 2246//2246 2253//2253
f 2250//2250 2251//2251 2255//2255
f 2251//2251 2252//2252 2256//2256
f 2252//2252 2253//2253 2259//2259
f 2254//2254 2255//2255 2257//2257
f 2255//2255 2256//2256 2258//2258
f 2254//2254 2257//2257 2261//2261
f 2257//2257 2258//2258 2262//2262
f 2258//2258 2259//2259 2263//2263
f 649//649 652//652 2239//2239
f 652//652 654//654 2241//2241
f 654//654 655//655 2242//2242
f 2246//2246 658//658 659//659
f 2253//2253 659//659 662//662
f 2259//2259 662//662 664//664
f 2262//2262 2263//2263 2267//2267
f 2261//2261 2262//2262 666//666
f 2260//2260 2261//2261 667//667
f 36//36 2254//2254 2260//2260
f 645//645 2250//2250 2254//2254
f 646//646 2244//2244 2250//2250
f 649//649 2239//2239 2244//2244
f 2265//2265 666//666 2269//2269
f 2266//2266 2267//2267 2270//2270
f 2268//2268 2265//2265 2271//2271
f 2265//2265 2269//2269 2272//2272
f 2269//2269 2266//2266 2272//2272
f 2268//2268 2271//2271 2274//2274
f 2271//2271 2272//2272 2275//2275
f 2272//2272 2273//2273 2276//2276
f 2273//2273 2270//2270 2277//2277
f 2274//2274 2275//2275 2279//2279
f 2275//2275 2276//2276 2280//2280
f 2276//2276 2277//2277 2283//2283
f 2278//2278 2279//2279 2281//2281
f 2279//2279 2280//2280 2282//2282
f 2278//2278 2281//2281 2285//2285
f 2281//2281 2282//2282 2286//2286
f 2282//2282 2283//2283 2287//2287
f 36//36 2260//2260 2264//2264
f 2260//2260 667//667 2264//2264
f 666//666 665//665 2266//2266
f 665//665 2267//2267 2266//2266
f 2267//2267 664//664 673//673
f 2270//2270 673//673 674//674
f 2277//2277 674//674 675//675
f 2283//2283 675//675 676//676
f 2286//2286 2287//2287 677//677
f 2285//2285 2286//2286 679//679
f 2284//2284 2285//2285 680//680
f 668//668 2278//2278 2284//2284
f 670//670 2274//2274 2278//2278
f 671//671 2268//2268 2274//2274
f 672//672 2264//2264 2268//2268
f 2289//2289 679//679 2293//2293
f 2290//2290 2291//2291 2295//2295
f 2292//2292 2289//2289 2296//2296
f 2289//2289 2293//2293 2297//2297
f 2293//2293 2290//2290 2297//2297
f 2290//2290 2294//2294 2298//2298
f 2292//2292 2296//2296 2299//2299
f 2296//2296 2297//2297 2300//2300
f 2297//2297 2298//2298 2301//2301
f 2298//2298 2295//2295 2302//2302
f 2299//2299 2300//2300 2304//2304
f 2300//2300 2301//2301 2305//2305
f 2301//2301 2302//2302 2308//2308
f 2303//2303 2304//2304 2306//2306
f 2304//2304 2305//2305 2307//2307
f 2303//2303 2306//2306 2309//2309
f 2306//2306 2307//2307 2310//2310
f 2307//2307 2308//2308 2311//2311
f 669//669 2284//2284 2288//2288
f 2284//2284 680//680 2288//2288
f 679//679 678//678 2290//2290
f 678//678 677//677 2290//2290
f 677//677 676//676 2291//2291
f 2295//2295 684//684 2302//2302
f 2308//2308 685//685 686//686
f 2308//2308 686//686 2312//2312
f 2311//2311 2312//2312 687//687
f 681//681 2309//2309 688//688
f 682//682 2303//2303 681//681
f 2352//2352 2299//2299 2303//2303
f 683//683 2292//2292 2299//2299
f 2341//2341 2288//2288 2292//2292
f 2313//2313 2314//2314 2318//2318
f 2315//2315 2316//2316 2319//2319
f 2317//2317 2313//2313 2320//2320
f 2313//2313 2318//2318 2321//2321
f 2318//2318 2315//2315 2321//2321
f 2317//2317 2320//2320 2323//2323
f 2320//2320 2321//2321 2324//2324
f 2321//2321 2322//2322 2325//2325
f 2322//2322 2319//2319 2326//2326
f 2323//2323 2324//2324 2328//2328
f 2324//2324 2325//2325 2329//2329
f 2325//2325 2326//2326 2330//2330
f 2327//2327 2328//2328 2332//2332
f 2328//2328 2329//2329 2333//2333
f 2331//2331 2332//2332 2334//2334
f 2332//2332 2333//2333 2335//2335
f 2333//2333 2330//2330 2336//2336
f 688//688 2310//2310 2314//2314
f 2310//2310 2311//2311 2315//2315
f 2311//2311 687//687 2315//2315
f 2319//2319 37//37 697//697
f 2326//2326 697//697 698//698
f 2330//2330 698//698 699//699
f 2335//2335 2336//2336 656//656
f 2334//2334 2335//2335 653//653
f 2331//2331 2334//2334 651//651
f 692//692 2327//2327 2331//2331
f 692//692 2323//2323 2327//2327
f 693//693 2317//2317 2323//2323
f 694//694 689//689 2317//2317
f 2338//2338 2339//2339 2343//2343
f 2340//2340 2341//2341 2345//2345
f 2342//2342 2338//2338 2346//2346
f 2338//2338 2343//2343 2347//2347
f 2343//2343 2340//2340 2347//2347
f 2340//2340 2344//2344 2348//2348
f 2342//2342 2346//2346 2349//2349
f 2346//2346 2347//2347 2350//2350
f 2347//2347 2348//2348 2351//2351
f 2348//2348 2345//2345 2352//2352
f 2349//2349 2350//2350 2354//2354
f 2350//2350 2351//2351 2355//2355
f 2351//2351 2352//2352 2356//2356
f 2353//2353 2354//2354 2358//2358
f 2354//2354 2355//2355 2359//2359
f 2357//2357 2358//2358 2360//2360
f 2358//2358 2359//2359 2361//2361
f 2359//2359 2356//2356 2362//2362
f 643//643 671//671 2337//2337
f 671//671 670//670 2339//2339
f 670//670 669//669 2340//2340
f 2345//2345 683//683 2352//2352
f 2356//2356 682//682 681//681
f 2362//2362 681//681 694//694
f 2361//2361 2362//2362 693//693
f 2360//2360 2361//2361 692//692
f 2357//2357 2360//2360 691//691
f 647//647 2353//2353 2357//2357
f 647//647 2349//2349 2353//2353
f 644//644 2342//2342 2349//2349
f 643//643 2337//2337 2342//2342
f 2364//2364 2365//2365 2369//2369
f 2366//2366 2367//2367 2370//2370
f 2368//2368 2364//2364 2371//2371
f 2364//2364 2369//2369 2372//2372
f 2369//2369 2366//2366 2372//2372
f 2368//2368 2371//2371 2374//2374
f 2371//2371 2372//2372 2375//2375
f 2372//2372 2373//2373 2376//2376
f 2373//2373 2370//2370 2377//2377
f 2374//2374 2375//2375 2379//2379
f 2375//2375 2376//2376 2380//2380
f 2376//2376 2377//2377 2381//2381
f 2378//2378 2379//2379 2383//2383
f 2379//2379 2380//2380 2384//2384
f 2382//2382 2383//2383 2385//2385
f 2383//2383 2384//2384 2386//2386
f 2384//2384 2381//2381 2387//2387
f 676//676 675//675 2363//2363
f 675//675 674//674 2365//2365
f 674//674 673//673 2366//2366
f 2370//2370 663//663 661//661
f 2377//2377 661//661 660//660
f 2381//2381 660//660 657//657
f 2386//2386 2387//2387 698//698
f 2385//2385 2386//2386 697//697
f 2382//2382 2385//2385 696//696
f 2312//2312 2382//2382 695//695
f 685//685 2378//2378 2382//2382
f 2302//2302 2374//2374 2378//2378
f 684//684 2368//2368 2374//2374
f 2291//2291 2363//2363 2368//2368
f 2389//2389 2390//2390 2391//2391
f 2388//2388 2389//2389 2393//2393
f 2389//2389 2391//2391 2394//2394
f 2393//2393 2394//2394 2395//2395
f 2392//2392 2393//2393 2397//2397
f 2393//2393 2395//2395 2398//2398
f 2397//2397 2398//2398 2399//2399
f 2396//2396 2397//2397 2400//2400
f 2397//2397 2399//2399 2401//2401
f 38//38 706//706 2388//2388
f 706//706 708//708 2389//2389
f 708//708 709//709 2390//2390
f 2391//2391 711//711 713//713
f 2395//2395 713//713 715//715
f 2399//2399 715//715 717//717
f 701//701 2396//2396 2400//2400
f 702//702 2392//2392 2396//2396
f 703//703 2388//2388 2392//2392
f 2403//2403 2404//2404 2406//2406
f 2404//2404 2405//2405 2407//2407
f 2406//2406 2407//2407 2410//2410
f 2412//2412 2411//2411 2416//2416
f 2408//2408 2409//2409 2413//2413
f 2409//2409 2410//2410 2414//2414
f 2410//2410 2412//2412 2415//2415
f 2414//2414 2415//2415 2417//2417
f 2413//2413 2414//2414 2419//2419
f 2414//2414 2417//2417 2420//2420
f 2417//2417 2416//2416 2421//2421
f 39//39 2400//2400 2403//2403
f 2400//2400 720//720 2403//2403
f 720//720 2401//2401 2404//2404
f 2401//2401 719//719 2405//2405
f 719//719 2402//2402 2405//2405
f 2402//2402 717//717 725//725
f 2411//2411 725//725 726//726
f 2416//2416 726//726 727//727
f 721//721 2413//2413 2418//2418
f 723//723 2408//2408 2413//2413
f 724//724 2403//2403 2408//2408
f 2422//2422 2423//2423 2426//2426
f 2424//2424 2422//2422 2428//2428
f 2422//2422 2425//2425 2428//2428
f 2428//2428 2426//2426 2430//2430
f 2426//2426 2429//2429 2431//2431
f 2427//2427 2428//2428 2433//2433
f 2428//2428 2430//2430 2434//2434
f 2434//2434 2431//2431 2435//2435
f 2432//2432 2433//2433 2437//2437
f 2433//2433 2434//2434 2438//2438
f 2418//2418 730//730 2422//2422
f 730//730 2420//2420 2422//2422
f 2420//2420 729//729 2422//2422
f 729//729 2421//2421 2423//2423
f 2421//2421 727//727 731//731
f 2426//2426 731//731 2429//2429
f 2438//2438 2435//2435 2441//2441
f 2480//2480 2432//2432 2436//2436
f 2470//2470 2427//2427 2432//2432
f 2463//2463 2424//2424 2427//2427
f 2463//2463 2418//2418 2424//2424
f 2440//2440 2441//2441 2444//2444
f 2442//2442 2440//2440 2443//2443
f 2443//2443 2444//2444 2448//2448
f 2444//2444 2445//2445 2451//2451
f 2447//2447 2443//2443 2449//2449
f 2443//2443 2448//2448 2450//2450
f 2446//2446 2447//2447 2452//2452
f 2447//2447 2449//2449 2453//2453
f 2452//2452 2453//2453 2455//2455
f 2453//2453 2450//2450 2456//2456
f 2450//2450 2454//2454 2457//2457
f 737//737 2436//2436 2439//2439
f 2436//2436 2437//2437 2440//2440
f 2437//2437 732//732 2440//2440
f 732//732 2438//2438 2441//2441
f 2441//2441 740//740 739//739
f 2445//2445 739//739 741//741
f 2451//2451 741//741 742//742
f 2454//2454 742//742 744//744
f 2456//2456 2457//2457 710//710
f 2455//2455 2456//2456 708//708
f 734//734 2452//2452 2455//2455
f 734//734 2446//2446 2452//2452
f 736//736 2442//2442 2446//2446
f 737//737 2439//2439 2442//2442
f 2458//2458 2459//2459 2462//2462
f 2460//2460 2461//2461 2463//2463
f 2458//2458 2462//2462 2466//2466
f 2462//2462 2460//2460 2467//2467
f 2460//2460 2463//2463 2468//2468
f 2465//2465 2466//2466 2469//2469
f 2467//2467 2468//2468 2470//2470
f 2464//2464 2465//2465 2472//2472
f 2465//2465 2469//2469 2473//2473
f 2469//2469 2467//2467 2474//2474
f 2467//2467 2470//2470 2475//2475
f 2472//2472 2473//2473 2476//2476
f 2474//2474 2475//2475 2480//2480
f 2471//2471 2472//2472 2477//2477
f 2472//2472 2476//2476 2478//2478
f 2476//2476 2474//2474 2479//2479
f 40//40 724//724 2458//2458
f 724//724 723//723 2459//2459
f 723//723 722//722 2460//2460
f 2479//2479 2480//2480 738//738
f 2478//2478 2479//2479 736//736
f 2477//2477 2478//2478 736//736
f 733//733 2471//2471 2477//2477
f 702//702 2464//2464 2471//2471
f 701//701 2458//2458 2464//2464
f 2481//2481 2482//2482 2484//2484
f 2483//2483 2481//2481 2487//2487
f 2481//2481 2484//2484 2488//2488
f 2484//2484 2485//2485 2490//2490
f 2487//2487 2488//2488 2489//2489
f 2486//2486 2487//2487 2492//2492
f 2487//2487 2489//2489 2493//2493
f 2489//2489 2490//2490 2496//2496
f 2492//2492 2493//2493 2495//2495
f 2494//2494 2492//2492 2497//2497
f 2492//2492 2495//2495 2498//2498
f 2495//2495 2496//2496 2499//2499
f 727//727 728//728 731//731
f 728//728 726//726 2481//2481
f 726//726 725//725 2482//2482
f 2485//2485 718//718 716//716
f 2490//2490 716//716 714//714
f 2496//2496 714//714 712//712
f 2498//2498 2499//2499 743//743
f 2497//2497 2498//2498 741//741
f 2435//2435 2497//2497 740//740
f 2435//2435 2494//2494 2497//2497
f 2431//2431 2491//2491 2494//2494
f 2431//2431 2486//2486 2491//2491
f 731//731 2483//2483 2486//2486
f 2500//2500 2501//2501 2505//2505
f 2501//2501 2502//2502 2506//2506
f 2502//2502 2503//2503 2507//2507
f 2504//2504 2505//2505 2509//2509
f 2505//2505 2506//2506 2510//2510
f 2506//2506 2507//2507 2511//2511
f 2508//2508 2509//2509 763//763
f 2509//2509 2510//2510 2512//2512
f 2510//2510 2511//2511 2516//2516
f 41//41 752//752 2501//2501
f 752//752 754//754 2502//2502
f 2503//2503 754//754 757//757
f 2507//2507 757//757 760//760
f 2511//2511 760//760 761//761
f 748//748 2504//2504 2508//2508
f 748//748 2500//2500 2504//2504
f 2515//2515 2516//2516 2517//2517
f 2513//2513 2514//2514 2519//2519
f 2514//2514 2515//2515 2519//2519
f 2515//2515 2517//2517 2520//2520
f 2519//2519 2520//2520 2522//2522
f 2518//2518 2519//2519 2523//2523
f 2519//2519 2522//2522 2524//2524
f 2522//2522 2521//2521 2525//2525
f 2524//2524 2525//2525 2527//2527
f 2523//2523 2524//2524 2529//2529
f 2524//2524 2527//2527 2530//2530
f 2527//2527 2526//2526 2531//2531
f 768//768 2508//2508 2513//2513
f 2508//2508 763//763 2513//2513
f 763//763 2512//2512 2514//2514
f 2512//2512 2516//2516 2515//2515
f 2516//2516 761//761 769//769
f 2521//2521 769//769 771//771
f 2526//2526 771//771 773//773
f 764//764 2523//2523 2528//2528
f 766//766 2518//2518 2523//2523
f 768//768 2513//2513 2518//2518
f 2532//2532 2533//2533 2536//2536
f 2533//2533 2535//2535 2540//2540
f 2535//2535 2534//2534 2537//2537
f 2540//2540 2537//2537 2541//2541
f 2537//2537 2538//2538 2542//2542
f 2539//2539 2540//2540 2543//2543
f 2540//2540 2541//2541 2545//2545
f 765//765 2528//2528 2532//2532
f 2528//2528 775//775 2532//2532
f 775//775 2529//2529 2533//2533
f 2529//2529 774//774 2533//2533
f 774//774 2530//2530 2535//2535
f 2530//2530 2531//2531 2534//2534
f 2531//2531 773//773 2534//2534
f 2534//2534 2577//2577 2538//2538
f 2544//2544 2545//2545 777//777
f 2574//2574 2543//2543 2576//2576
f 2572//2572 2539//2539 2543//2543
f 2567//2567 2536//2536 2539//2539
f 2564//2564 2532//2532 2536//2536
f 2546//2546 2547//2547 2549//2549
f 2548//2548 2546//2546 2550//2550
f 2546//2546 2549//2549 2553//2553
f 2553//2553 2551//2551 2556//2556
f 2552//2552 2550//2550 2554//2554
f 2550//2550 2553//2553 2555//2555
f 2552//2552 2554//2554 2557//2557
f 2555//2555 2556//2556 2559//2559
f 2557//2557 2555//2555 2558//2558
f 2544//2544 778//778 2546//2546
f 778//778 777//777 2546//2546
f 777//777 776//776 2549//2549
f 2549//2549 785//785 786//786
f 2551//2551 786//786 788//788
f 2559//2559 788//788 789//789
f 2558//2558 2559//2559 755//755
f 2557//2557 2558//2558 753//753
f 782//782 2552//2552 2557//2557
f 783//783 2548//2548 2552//2552
f 784//784 779//779 2548//2548
f 2562//2562 2563//2563 2564//2564
f 2560//2560 2561//2561 2565//2565
f 2561//2561 2562//2562 2566//2566
f 2562//2562 2564//2564 2567//2567
f 2566//2566 2567//2567 2569//2569
f 2568//2568 2565//2565 2570//2570
f 2565//2565 2566//2566 2571//2571
f 2566//2566 2569//2569 2572//2572
f 2571//2571 2572//2572 2574//2574
f 2570//2570 2571//2571 2575//2575
f 2571//2571 2574//2574 2576//2576
f 42//42 767//767 2561//2561
f 767//767 765//765 2562//2562
f 2575//2575 2576//2576 784//784
f 2570//2570 2575//2575 783//783
f 2573//2573 2570//2570 782//782
f 780//780 2568//2568 2573//2573
f 747//747 2560//2560 2568//2568
f 2577//2577 2578//2578 2581//2581
f 2578//2578 2579//2579 2582//2582
f 2579//2579 2580//2580 2584//2584
f 2583//2583 2581//2581 2585//2585
f 2581//2581 2582//2582 2586//2586
f 2582//2582 2584//2584 2589//2589
f 2585//2585 2586//2586 2588//2588
f 773//773 772//772 2578//2578
f 772//772 770//770 2579//2579
f 2580//2580 762//762 759//759
f 2584//2584 759//759 758//758
f 2589//2589 758//758 756//756
f 2588//2588 2589//2589 790//790
f 2587//2587 2588//2588 788//788
f 776//776 2587//2587 785//785
f 2542//2542 2583//2583 2587//2587
f 2591//2591 2592//2592 2593//2593
f 2590//2590 2591//2591 2596//2596
f 2591//2591 2593//2593 2597//2597
f 2593//2593 2594//2594 2599//2599
f 2596//2596 2597//2597 2598//2598
f 2595//2595 2596//2596 2601//2601
f 2596//2596 2598//2598 2602//2602
f 2598//2598 2599//2599 2604//2604
f 2601//2601 2602//2602 2603//2603
f 2600//2600 2601//2601 2606//2606
f 2601//2601 2603//2603 2607//2607
f 2603//2603 2604//2604 2608//2608
f 43//43 800//800 2590//2590
f 800//800 801//801 2591//2591
f 801//801 803//803 2592//2592
f 2594//2594 805//805 807//807
f 2599//2599 807//807 810//810
f 2604//2604 810//810 812//812
f 793//793 2600//2600 2605//2605
f 795//795 2595//2595 2600//2600
f 797//797 2590//2590 2595//2595
f 2609//2609 2610//2610 2612//2612
f 2611//2611 2609//2609 2615//2615
f 2609//2609 2612//2612 2616//2616
f 2612//2612 2613//2613 2618//2618
f 2615//2615 2616//2616 2617//2617
f 2614//2614 2615//2615 2620//2620
f 2615//2615 2617//2617 2621//2621
f 2617//2617 2618//2618 2623//2623
f 2620//2620 2621//2621 2622//2622
f 2619//2619 2620//2620 2625//2625
f 2620//2620 2622//2622 2626//2626
f 2622//2622 2623//2623 2627//2627
f 2605//2605 814//814 2609//2609
f 814//814 2607//2607 2609//2609
f 2607//2607 813//813 2610//2610
f 813//813 2608//2608 2610//2610
f 2608//2608 812//812 822//822
f 2613//2613 822//822 825//825
f 2618//2618 825//825 827//827
f 2623//2623 827//827 828//828
f 815//815 2619//2619 2624//2624
f 819//819 2614//2614 2619//2619
f 821//821 2611//2611 2614//2614
f 821//821 2605//2605 2611//2611
f 2628//2628 2629//2629 2632//2632
f 2631//2631 2628//2628 2633//2633
f 2628//2628 2632//2632 2634//2634
f 2632//2632 2630//2630 2635//2635
f 2633//2633 2634//2634 2637//2637
f 2636//2636 2633//2633 2640//2640
f 2633//2633 2637//2637 2641//2641
f 2637//2637 2635//2635 2642//2642
f 2635//2635 2638//2638 2642//2642
f 2640//2640 2641//2641 2643//2643
f 2639//2639 2640//2640 2646//2646
f 2640//2640 2643//2643 2647//2647
f 2643//2643 2642//2642 2647//2647
f 2642//2642 2644//2644 2648//2648
f 2624//2624 830//830 2628//2628
f 830//830 2626//2626 2628//2628
f 2626//2626 829//829 2629//2629
f 829//829 2627//2627 2629//2629
f 2627//2627 828//828 2630//2630
f 2647//2647 2648//2648 834//834
f 831//831 2639//2639 2645//2645
f 2676//2676 2636//2636 2639//2639
f 833//833 2631//2631 832//832
f 833//833 2624//2624 2631//2631
f 2650//2650 2651//2651 2652//2652
f 2649//2649 2650//2650 2655//2655
f 2650//2650 2652//2652 2656//2656
f 2652//2652 2653//2653 2658//2658
f 2655//2655 2656//2656 2657//2657
f 2654//2654 2655//2655 2660//2660
f 2655//2655 2657//2657 2661//2661
f 2657//2657 2658//2658 2663//2663
f 2660//2660 2661//2661 2662//2662
f 2659//2659 2660//2660 2664//2664
f 2660//2660 2662//2662 2665//2665
f 2662//2662 2663//2663 2666//2666
f 45//45 2645//2645 2649//2649
f 2645//2645 2646//2646 2650//2650
f 2646//2646 835//835 2650//2650
f 835//835 2647//2647 2651//2651
f 2647//2647 834//834 2651//2651
f 2653//2653 46//46 842//842
f 2658//2658 842//842 844//844
f 2663//2663 844//844 846//846
f 2665//2665 2666//2666 804//804
f 2664//2664 2665//2665 802//802
f 837//837 2659//2659 2664//2664
f 838//838 2654//2654 2659//2659
f 839//839 2649//2649 2654//2654
f 2668//2668 833//833 2671//2671
f 2668//2668 2670//2670 2672//2672
f 2669//2669 2672//2672 2674//2674
f 2672//2672 2671//2671 2675//2675
f 2674//2674 2675//2675 2677//2677
f 2673//2673 2674//2674 2679//2679
f 2674//2674 2677//2677 2680//2680
f 2680//2680 2676//2676 2681//2681
f 791//791 820//820 2667//2667
f 820//820 818//818 2668//2668
f 818//818 816//816 833//833
f 2671//2671 833//833 832//832
f 2671//2671 832//832 2676//2676
f 2676//2676 831//831 2681//2681
f 2680//2680 2681//2681 45//45
f 2679//2679 2680//2680 838//838
f 2678//2678 2679//2679 837//837
f 796//796 2673//2673 2678//2678
f 794//794 2669//2669 2673//2673
f 791//791 2667//2667 2669//2669
f 2683//2683 2684//2684 2686//2686
f 2685//2685 2683//2683 2688//2688
f 2683//2683 2686//2686 2689//2689
f 2688//2688 2689//2689 2691//2691
f 2690//2690 2688//2688 2693//2693
f 2688//2688 2691//2691 2694//2694
f 2693//2693 2694//2694 2696//2696
f 2695//2695 2693//2693 2697//2697
f 2693//2693 2696//2696 2698//2698
f 828//828 826//826 2683//2683
f 826//826 824//824 2684//2684
f 824//824 823//823 2686//2686
f 2686//2686 811//811 809//809
f 2691//2691 809//809 808//808
f 2696//2696 808//808 806//806
f 2698//2698 2699//2699 847//847
f 2697//2697 2698//2698 845//845
f 2648//2648 2697//2697 841//841
f 2644//2644 2695//2695 2697//2697
f 2644//2644 2692//2692 2695//2695
f 2638//2638 2690//2690 2692//2692
f 2638//2638 2687//2687 2690//2690
f 2630//2630 2685//2685 2687//2687
f 2630//2630 2682//2682 2685//2685
f 2701//2701 2702//2702 2703//2703
f 2700//2700 2701//2701 2705//2705
f 2701//2701 2703//2703 2707//2707
f 2707//2707 2704//2704 2708//2708
f 2706//2706 2707//2707 2709//2709
f 2707//2707 2708//2708 2710//2710
f 47//47 856//856 2701//2701
f 856//856 858//858 2702//2702
f 2704//2704 858//858 861//861
f 2708//2708 861//861 862//862
f 2711//2711 862//862 864//864
f 2710//2710 2711//2711 865//865
f 2712//2712 2710//2710 865//865
f 848//848 2709//2709 2712//2712
f 848//848 2706//2706 2709//2709
f 850//850 2705//2705 2706//2706
f 852//852 2700//2700 2705//2705
f 2714//2714 2715//2715 2717//2717
f 2716//2716 2714//2714 2718//2718
f 2714//2714 2717//2717 2721//2721
f 2721//2721 2719//2719 2724//2724
f 2720//2720 2718//2718 2722//2722
f 2718//2718 2721//2721 2723//2723
f 2720//2720 2722//2722 2726//2726
f 2723//2723 2724//2724 2727//2727
f 2726//2726 2723//2723 2728//2728
f 2723//2723 2727//2727 2729//2729
f 876//876 2712//2712 2713//2713
f 2712//2712 867//867 2713//2713
f 867//867 866//866 2714//2714
f 866//866 865//865 2714//2714
f 2717//2717 864//864 877//877
f 2719//2719 877//877 879//879
f 2724//2724 879//879 881//881
f 871//871 2720//2720 2725//2725
f 874//874 2716//2716 2720//2720
f 876//876 2713//2713 2716//2716
f 2731//2731 2732//2732 2733//2733
f 2765//2765 2730//2730 2735//2735
f 2730//2730 2731//2731 2736//2736
f 2731//2731 2733//2733 2737//2737
f 2734//2734 2735//2735 2739//2739
f 2735//2735 2736//2736 2740//2740
f 2736//2736 2737//2737 2741//2741
f 2740//2740 2741//2741 2742//2742
f 2738//2738 2739//2739 886//886
f 2739//2739 2740//2740 2743//2743
f 2740//2740 2742//2742 2744//2744
f 868//868 2725//2725 885//885
f 2725//2725 884//884 2730//2730
f 884//884 2728//2728 2730//2730
f 2728//2728 883//883 2731//2731
f 883//883 2729//2729 2731//2731
f 2729//2729 881//881 2732//2732
f 2743//2743 2744//2744 2748//2748
f 2769//2769 2734//2734 2738//2738
f 2747//2747 2748//2748 2749//2749
f 2745//2745 2746//2746 2751//2751
f 2746//2746 2747//2747 2751//2751
f 2747//2747 2749//2749 2752//2752
f 2751//2751 2752//2752 2754//2754
f 2750//2750 2751//2751 2755//2755
f 2751//2751 2754//2754 2756//2756
f 2754//2754 2753//2753 2757//2757
f 2756//2756 2757//2757 2758//2758
f 2755//2755 2756//2756 2760//2760
f 2756//2756 2758//2758 2761//2761
f 892//892 2738//2738 2745//2745
f 2738//2738 886//886 2745//2745
f 886//886 2743//2743 2746//2746
f 2743//2743 2748//2748 2747//2747
f 2749//2749 49//49 894//894
f 2753//2753 894//894 895//895
f 2759//2759 895//895 898//898
f 2761//2761 2759//2759 859//859
f 2760//2760 2761//2761 857//857
f 888//888 2755//2755 2760//2760
f 890//890 2750//2750 2755//2755
f 892//892 2745//2745 2750//2750
f 2762//2762 2763//2763 2767//2767
f 2763//2763 2764//2764 2768//2768
f 2764//2764 2765//2765 2769//2769
f 2766//2766 2767//2767 2771//2771
f 2771//2771 2768//2768 2772//2772
f 2768//2768 2769//2769 2772//2772
f 2771//2771 2772//2772 2773//2773
f 2770//2770 2771//2771 2775//2775
f 48//48 875//875 2762//2762
f 875//875 873//873 2762//2762
f 873//873 872//872 2763//2763
f 872//872 868//868 2764//2764
f 2764//2764 885//885 2765//2765
f 2772//2772 2769//2769 2774//2774
f 2774//2774 2776//2776 892//892
f 2773//2773 2774//2774 890//890
f 2775//2775 2773//2773 890//890
f 853//853 2770//2770 2775//2775
f 851//851 2766//2766 2770//2770
f 849//849 2762//2762 2766//2766
f 2778//2778 2779//2779 2780//2780
f 2777//2777 2778//2778 2782//2782
f 2778//2778 2780//2780 2784//2784
f 2784//2784 2781//2781 2787//2787
f 2781//2781 2785//2785 2787//2787
f 2786//2786 2784//2784 2788//2788
f 2788//2788 2787//2787 2789//2789
f 881//881 882//882 2777//2777
f 882//882 880//880 2778//2778
f 880//880 878//878 2779//2779
f 2781//2781 878//878 863//863
f 2785//2785 863//863 860//860
f 2788//2788 2789//2789 896//896
f 2744//2744 2788//2788 893//893
f 2742//2742 2786//2786 2744//2744
f 2737//2737 2783//2783 2786//2786
f 2737//2737 2782//2782 2783//2783
f 2733//2733 2777//2777 2782//2782
f 2791//2791 2792//2792 2794//2794
f 2793//2793 2791//2791 2795//2795
f 2795//2795 2791//2791 2797//2797
f 2791//2791 2794//2794 2797//2797
f 2796//2796 2795//2795 2800//2800
f 50//50 907//907 2791//2791
f 907//907 909//909 2792//2792
f 2794//2794 910//910 912//912
f 2799//2799 912//912 913//913
f 902//902 2796//2796 2798//2798
f 903//903 2793//2793 2796//2796
f 904//904 2790//2790 2793//2793
f 2802//2802 2803//2803 2805//2805
f 2803//2803 2804//2804 2806//2806
f 2805//2805 2806//2806 2808//2808
f 2806//2806 2807//2807 2809//2809
f 2811//2811 2809//2809 2813//2813
f 2809//2809 2810//2810 2814//2814
f 921//921 2798//2798 2802//2802
f 2798//2798 914//914 2803//2803
f 914//914 2801//2801 2804//2804
f 2804//2804 913//913 923//923
f 2810//2810 923//923 926//926
f 916//916 2811//2811 2812//2812
f 916//916 2808//2808 2811//2811
f 917//917 2805//2805 2808//2808
f 920//920 2802//2802 2805//2805
f 2815//2815 2816//2816 2818//2818
f 2819//2819 2817//2817 2820//2820
f 928//928 2818//2818 2821//2821
f 2818//2818 2819//2819 2822//2822
f 2819//2819 2820//2820 2823//2823
f 2821//2821 2822//2822 2825//2825
f 2822//2822 2823//2823 2826//2826
f 51//51 2812//2812 2815//2815
f 2812//2812 2813//2813 2815//2815
f 2813//2813 927//927 2816//2816
f 927//927 2814//2814 2816//2816
f 2814//2814 926//926 2817//2817
f 2823//2823 929//929 2826//2826
f 2826//2826 2827//2827 2830//2830
f 2825//2825 2826//2826 930//930
f 2831//2831 2829//2829 2832//2832
f 2829//2829 2830//2830 2832//2832
f 2831//2831 2832//2832 2834//2834
f 2832//2832 2833//2833 2835//2835
f 2835//2835 2836//2836 2839//2839
f 2834//2834 2835//2835 2838//2838
f 934//934 2825//2825 2828//2828
f 2825//2825 930//930 2829//2829
f 2830//2830 936//936 937//937
f 2833//2833 937//937 939//939
f 2839//2839 939//939 941//941
f 2838//2838 2839//2839 908//908
f 2834//2834 2838//2838 906//906
f 2837//2837 2834//2834 906//906
f 905//905 2831//2831 2837//2837
f 934//934 2828//2828 2831//2831
f 2840//2840 2841//2841 2844//2844
f 2843//2843 2842//2842 2845//2845
f 2847//2847 2843//2843 2845//2845
f 2845//2845 2848//2848 2849//2849
f 2850//2850 2847//2847 2851//2851
f 2847//2847 2849//2849 2851//2851
f 900//900 919//919 2840//2840
f 919//919 918//918 2841//2841
f 918//918 915//915 2843//2843
f 915//915 51//51 2842//2842
f 2845//2845 928//928 2848//2848
f 2851//2851 2849//2849 935//935
f 2850//2850 2851//2851 932//932
f 903//903 2846//2846 2850//2850
f 902//902 2844//2844 2846//2846
f 901//901 2840//2840 2844//2844
f 2854//2854 2853//2853 2858//2858
f 2853//2853 2855//2855 2856//2856
f 2858//2858 2856//2856 2859//2859
f 2856//2856 2857//2857 2860//2860
f 2862//2862 2860//2860 2863//2863
f 2860//2860 2861//2861 2864//2864
f 926//926 925//925 2853//2853
f 925//925 924//924 2853//2853
f 924//924 922//922 2853//2853
f 2855//2855 922//922 912//912
f 2861//2861 912//912 911//911
f 2863//2863 2864//2864 940//940
f 2827//2827 2863//2863 938//938
f 2826//2826 2862//2862 2827//2827
f 929//929 2859//2859 2862//2862
f 2823//2823 2858//2858 2859//2859
f 2820//2820 2854//2854 2858//2858
f 2817//2817 2852//2852 2854//2854
f 2866//2866 2867//2867 2868//2868
f 2865//2865 2866//2866 2871//2871
f 2866//2866 2868//2868 2872//2872
f 2872//2872 2869//2869 2873//2873
f 2870//2870 2871//2871 2875//2875
f 2871//2871 2872//2872 2876//2876
f 2875//2875 2876//2876 2877//2877
f 2874//2874 2875//2875 962//962
f 2875//2875 2877//2877 2879//2879
f 2877//2877 2873//2873 961//961
f 52//52 948//948 2866//2866
f 948//948 949//949 2867//2867
f 949//949 951//951 2869//2869
f 2869//2869 953//953 956//956
f 2873//2873 956//956 958//958
f 943//943 2874//2874 2878//2878
f 944//944 2870//2870 2874//2874
f 945//945 2865//2865 2870//2870
f 2882//2882 2880//2880 2884//2884
f 2880//2880 2881//2881 2885//2885
f 2883//2883 2884//2884 2887//2887
f 2887//2887 2885//2885 2888//2888
f 2887//2887 2888//2888 2889//2889
f 2886//2886 2887//2887 2891//2891
f 2878//2878 962//962 2882//2882
f 962//962 961//961 2880//2880
f 961//961 960//960 2881//2881
f 2881//2881 958//958 970//970
f 2885//2885 970//970 971//971
f 2888//2888 971//971 973//973
f 2889//2889 2890//2890 974//974
f 963//963 2886//2886 2891//2891
f 965//965 2883//2883 2886//2886
f 968//968 2882//2882 2883//2883
f 968//968 2878//2878 2882//2882
f 2893//2893 2894//2894 2896//2896
f 2895//2895 2893//2893 2897//2897
f 2893//2893 2896//2896 2898//2898
f 2897//2897 2898//2898 2900//2900
f 2899//2899 2897//2897 2902//2902
f 2897//2897 2900//2900 2903//2903
f 2902//2902 2903//2903 2905//2905
f 2903//2903 2901//2901 2906//2906
f 2904//2904 2902//2902 2907//2907
f 2902//2902 2905//2905 2908//2908
f 56//56 2891//2891 2892//2892
f 2891//2891 976//976 2892//2892
f 976//976 975//975 2893//2893
f 975//975 2889//2889 2893//2893
f 2889//2889 974//974 2894//2894
f 974//974 973//973 2896//2896
f 2896//2896 978//978 2901//2901
f 2908//2908 2906//2906 979//979
f 2936//2936 2899//2899 2904//2904
f 977//977 2895//2895 2899//2899
f 2926//2926 2892//2892 2895//2895
f 2909//2909 2910//2910 2914//2914
f 2910//2910 2911//2911 2915//2915
f 2911//2911 2912//2912 2919//2919
f 2913//2913 2914//2914 2917//2917
f 2914//2914 2915//2915 2918//2918
f 2918//2918 2919//2919 2922//2922
f 2916//2916 2917//2917 2920//2920
f 2917//2917 2918//2918 2921//2921
f 985//985 2904//2904 2909//2909
f 2909//2909 2907//2907 2910//2910
f 2907//2907 980//980 2910//2910
f 980//980 2908//2908 2911//2911
f 2908//2908 979//979 2911//2911
f 2912//2912 55//55 986//986
f 2919//2919 986//986 988//988
f 2919//2919 988//988 989//989
f 2921//2921 2922//2922 952//952
f 2920//2920 2921//2921 950//950
f 982//982 2916//2916 2920//2920
f 982//982 2913//2913 2916//2916
f 983//983 2909//2909 2913//2913
f 2924//2924 2925//2925 2927//2927
f 2923//2923 2924//2924 2928//2928
f 2924//2924 2927//2927 2929//2929
f 2927//2927 2926//2926 2931//2931
f 2929//2929 2931//2931 2933//2933
f 2931//2931 2932//2932 2933//2933
f 2930//2930 2929//2929 2935//2935
f 2935//2935 2933//2933 2937//2937
f 2933//2933 2936//2936 2937//2937
f 54//54 967//967 2923//2923
f 967//967 966//966 2924//2924
f 966//966 964//964 2925//2925
f 964//964 56//56 2926//2926
f 2931//2931 977//977 2932//2932
f 2935//2935 2937//2937 984//984
f 2934//2934 2935//2935 984//984
f 946//946 2930//2930 2934//2934
f 943//943 2928//2928 2930//2930
f 943//943 2923//2923 2928//2928
f 978//978 2938//2938 2941//2941
f 2938//2938 2939//2939 2942//2942
f 2941//2941 2942//2942 2946//2946
f 2942//2942 2944//2944 2949//2949
f 2945//2945 2941//2941 2948//2948
f 2941//2941 2946//2946 2949//2949
f 2948//2948 2949//2949 2951//2951
f 973//973 972//972 2938//2938
f 972//972 969//969 2939//2939
f 2939//2939 959//959 957//957
f 2944//2944 957//957 955//955
f 2949//2949 955//955 954//954
f 2951//2951 2952//2952 989//989
f 2948//2948 2951//2951 988//988
f 2950//2950 2948//2948 987//987
f 2906//2906 2950//2950 987//987
f 2906//2906 2947//2947 2950//2950
f 2901//2901 2945//2945 2947//2947
f 2901//2901 2943//2943 2945//2945
f 2901//2901 2940//2940 2943//2943
f 2953//2953 2954//2954 2956//2956
f 2955//2955 2956//2956 2959//2959
f 2956//2956 2957//2957 2958//2958
f 2955//2955 2959//2959 2962//2962
f 2959//2959 2960//2960 2963//2963
f 57//57 999//999 2953//2953
f 999//999 1001//1001 2953//2953
f 1001//1001 1003//1003 2954//2954
f 2954//2954 1003//1003 1004//1004
f 2957//2957 1004//1004 1006//1006
f 2958//2958 1006//1006 1007//1007
f 991//991 2955//2955 2961//2961
f 995//995 2953//2953 2955//2955
f 2964//2964 2965//2965 2967//2967
f 2966//2966 2964//2964 2968//2968
f 2968//2968 2964//2964 2970//2970
f 2964//2964 2967//2967 2970//2970
f 2969//2969 2968//2968 2973//2973
f 2961//2961 2962//2962 2964//2964
f 2962//2962 1009//1009 2964//2964
f 1009//1009 2963//2963 2965//2965
f 2963//2963 1007//1007 1016//1016
f 2967//2967 1016//1016 1019//1019
f 2972//2972 1019//1019 1021//1021
f 1013//1013 2969//2969 2971//2971
f 1014//1014 2966//2966 2969//2969
f 1015//1015 2961//2961 2966//2966
f 1026//1026 2975//2975 2979//2979
f 2975//2975 2976//2976 2977//2977
f 2979//2979 2977//2977 2981//2981
f 2977//2977 2978//2978 2982//2982
f 2983//2983 2982//2982 2985//2985
f 1011//1011 2971//2971 1026//1026
f 2971//2971 1023//1023 2975//2975
f 1023//1023 1022//1022 2975//2975
f 1022//1022 2974//2974 2975//2975
f 2974//2974 1021//1021 2976//2976
f 2978//2978 3015//3015 2980//2980
f 2980//2980 1027//1027 2984//2984
f 1025//1025 2981//2981 2983//2983
f 3005//3005 2979//2979 2981//2981
f 1030//1030 2986//2986 2989//2989
f 2989//2989 2987//2987 2991//2991
f 2990//2990 2989//2989 2993//2993
f 2991//2991 2992//2992 2994//2994
f 2993//2993 2991//2991 2994//2994
f 2993//2993 2994//2994 2995//2995
f 2993//2993 2995//2995 2996//2996
f 2985//2985 1029//1029 2986//2986
f 1029//1029 1028//1028 2986//2986
f 2992//2992 1037//1037 1038//1038
f 2994//2994 1038//1038 1040//1040
f 2995//2995 1040//1040 1042//1042
f 2993//2993 2996//2996 1002//1002
f 2990//2990 2993//2993 1000//1000
f 1036//1036 2988//2988 2990//2990
f 1036//1036 1030//1030 2988//2988
f 2997//2997 2998//2998 3000//3000
f 3001//3001 2999//2999 3002//3002
f 2997//2997 3000//3000 3003//3003
f 3000//3000 3001//3001 3004//3004
f 3001//3001 3002//3002 3005//3005
f 3003//3003 3004//3004 3006//3006
f 3004//3004 3005//3005 3006//3006
f 58//58 1013//1013 2998//2998
f 1013//1013 1011//1011 2998//2998
f 2999//2999 1026//1026 3002//3002
f 3005//3005 1025//1025 1024//1024
f 3008//3008 1024//1024 60//60
f 3007//3007 3008//3008 60//60
f 994//994 3003//3003 3007//3007
f 993//993 2997//2997 3003//3003
f 3011//3011 3010//3010 3013//3013
f 3015//3015 3012//3012 3016//3016
f 3012//3012 3013//3013 3017//3017
f 3013//3013 3014//3014 3018//3018
f 3016//3016 3017//3017 3020//3020
f 3017//3017 3018//3018 3021//3021
f 1021//1021 1020//1020 3011//3011
f 1020//1020 1018//1018 3010//3010
f 1018//1018 1017//1017 3010//3010
f 3010//3010 1008//1008 1006//1006
f 3018//3018 1006//1006 1005//1005
f 3020//3020 3021//3021 1041//1041
f 3019//3019 3020//3020 1041//1041
f 2984//2984 3019//3019 1037//1037
f 2980//2980 3015//3015 1027//1027
f 2976//2976 3011//3011 3015//3015
f 2976//2976 3009//3009 3011//3011
f 3023//3023 3024//3024 3025//3025
f 3022//3022 3023//3023 3026//3026
f 3023//3023 3025//3025 3027//3027
f 3027//3027 3028//3028 3029//3029
f 3026//3026 3027//3027 3031//3031
f 3031//3031 3029//3029 3032//3032
f 3030//3030 3031//3031 3033//3033
f 3031//3031 3032//3032 3034//3034
f 61//61 1050//1050 3022//3022
f 1050//1050 1051//1051 3023//3023
f 1051//1051 1052//1052 3024//3024
f 3025//3025 1053//1053 1055//1055
f 3029//3029 1055//1055 1056//1056
f 1043//1043 3030//3030 3033//3033
f 1046//1046 3026//3026 3030//3030
f 1048//1048 3022//3022 3026//3026
f 3035//3035 3036//3036 3039//3039
f 3036//3036 3037//3037 3040//3040
f 3039//3039 3040//3040 3042//3042
f 3040//3040 3041//3041 3045//3045
f 3038//3038 3039//3039 3044//3044
f 3039//3039 3042//3042 3045//3045
f 3044//3044 3045//3045 3046//3046
f 1066//1066 3033//3033 3035//3035
f 3033//3033 1059//1059 3036//3036
f 1059//1059 3034//3034 3036//3036
f 3034//3034 1058//1058 3036//3036
f 1058//1058 3032//3032 3036//3036
f 3032//3032 1056//1056 1067//1067
f 3037//3037 1067//1067 1069//1069
f 3041//3041 1069//1069 1071//1071
f 3045//3045 1071//1071 1072//1072
f 3044//3044 3046//3046 1073//1073
f 3043//3043 3044//3044 1075//1075
f 1061//1061 3038//3038 3043//3043
f 1065//1065 3035//3035 3038//3038
f 3049//3049 3050//3050 3052//3052
f 1077//1077 3049//3049 3054//3054
f 3049//3049 3052//3052 3055//3055
f 3052//3052 3051//3051 3056//3056
f 3055//3055 3056//3056 3057//3057
f 3054//3054 3055//3055 3059//3059
f 3058//3058 3054//3054 3060//3060
f 3054//3054 3059//3059 3061//3061
f 3061//3061 3057//3057 3062//3062
f 1060//1060 3043//3043 3048//3048
f 3043//3043 1075//1075 3048//3048
f 1075//1075 1074//1074 3049//3049
f 1074//1074 1073//1073 3049//3049
f 1073//1073 3047//3047 3050//3050
f 3047//3047 1072//1072 3051//3051
f 3057//3057 1078//1078 3062//3062
f 3060//3060 3061//3061 1079//1079
f 3089//3089 3058//3058 1080//1080
f 3083//3083 3053//3053 1076//1076
f 3078//3078 3048//3048 1077//1077
f 1081//1081 3063//3063 3066//3066
f 3063//3063 3064//3064 3067//3067
f 3066//3066 3067//3067 3069//3069
f 3067//3067 3068//3068 3069//3069
f 3065//3065 3066//3066 3071//3071
f 3066//3066 3069//3069 3072//3072
f 3071//3071 3072//3072 3073//3073
f 1080//1080 1079//1079 3063//3063
f 1079//1079 3062//3062 3064//3064
f 3064//3064 1088//1088 1089//1089
f 3068//3068 1089//1089 1090//1090
f 3069//3069 1090//1090 1091//1091
f 3073//3073 3074//3074 1052//1052
f 3071//3071 3073//3073 1051//1051
f 3070//3070 3071//3071 1050//1050
f 1083//1083 3065//3065 3070//3070
f 1087//1087 1081//1081 3065//3065
f 3077//3077 3078//3078 3079//3079
f 3075//3075 3076//3076 3081//3081
f 3076//3076 3077//3077 3081//3081
f 3077//3077 3079//3079 3082//3082
f 3081//3081 3082//3082 3084//3084
f 3082//3082 3083//3083 3085//3085
f 3080//3080 3081//3081 3086//3086
f 3081//3081 3084//3084 3087//3087
f 3084//3084 3085//3085 3088//3088
f 3087//3087 3088//3088 3090//3090
f 3086//3086 3087//3087 3091//3091
f 3087//3087 3090//3090 3092//3092
f 3090//3090 3089//3089 3093//3093
f 62//62 1063//1063 3076//3076
f 1063//1063 1060//1060 3077//3077
f 3079//3079 1077//1077 3083//3083
f 3085//3085 1076//1076 3089//3089
f 3093//3093 1080//1080 1087//1087
f 3092//3092 3093//3093 1086//1086
f 3091//3091 3092//3092 1086//1086
f 1047//1047 3086//3086 3091//3091
f 1045//1045 3080//3080 3086//3086
f 1044//1044 3075//3075 3080//3080
f 3095//3095 3096//3096 3098//3098
f 3097//3097 3095//3095 3100//3100
f 3095//3095 3098//3098 3101//3101
f 3100//3100 3101//3101 3102//3102
f 3099//3099 3100//3100 3103//3103
f 3100//3100 3102//3102 3104//3104
f 3103//3103 3104//3104 3106//3106
f 3105//3105 3103//3103 3109//3109
f 3103//3103 3106//3106 3109//3109
f 1072//1072 1070//1070 3095//3095
f 1070//1070 1068//1068 3096//3096
f 3101//3101 1068//1068 1057//1057
f 3102//3102 1057//1057 1054//1054
f 3107//3107 1054//1054 1053//1053
f 3109//3109 3107//3107 1091//1091
f 3108//3108 3109//3109 1089//1089
f 3062//3062 3108//3108 1088//1088
f 3062//3062 3105//3105 3108//3108
f 3057//3057 3099//3099 1078//1078
f 3051//3051 3097//3097 3099//3099
f 3051//3051 3094//3094 3097//3097
f 3110//3110 3111//3111 3113//3113
f 3111//3111 3112//3112 3114//3114
f 3113//3113 3114//3114 3117//3117
f 3119//3119 3118//3118 3123//3123
f 3115//3115 3116//3116 3120//3120
f 3116//3116 3117//3117 3121//3121
f 3117//3117 3119//3119 3122//3122
f 3121//3121 3122//3122 3124//3124
f 3120//3120 3121//3121 3126//3126
f 3121//3121 3124//3124 3127//3127
f 3124//3124 3123//3123 3128//3128
f 63//63 1099//1099 3110//3110
f 1099//1099 1100//1100 3111//3111
f 1100//1100 1101//1101 3112//3112
f 3118//3118 1103//1103 1105//1105
f 3123//3123 1105//1105 1108//1108
f 3128//3128 1108//1108 65//65
f 1092//1092 3120//3120 3125//3125
f 1094//1094 3115//3115 3120//3120
f 1095//1095 3110//3110 3115//3115
f 3129//3129 3130//3130 3133//3133
f 3131//3131 3129//3129 3134//3134
f 3129//3129 3132//3132 3134//3134
f 3134//3134 3133//3133 3136//3136
f 3135//3135 3134//3134 3137//3137
f 3134//3134 3136//3136 3138//3138
f 3137//3137 3138//3138 3140//3140
f 3139//3139 3137//3137 3141//3141
f 3137//3137 3140//3140 3142//3142
f 3125//3125 1111//1111 3129//3129
f 1111//1111 3127//3127 3129//3129
f 3127//3127 1110//1110 3129//3129
f 1110//1110 3128//3128 3130//3130
f 3130//3130 65//65 1120//1120
f 3136//3136 1120//1120 1121//1121
f 3138//3138 1121//1121 1122//1122
f 1114//1114 3135//3135 3139//3139
f 1117//1117 3131//3131 3135//3135
f 1118//1118 3125//3125 3131//3131
f 3145//3145 3146//3146 3149//3149
f 3148//3148 3145//3145 3150//3150
f 3145//3145 3149//3149 3151//3151
f 3149//3149 3147//3147 3152//3152
f 3150//3150 3151//3151 3155//3155
f 3154//3154 3150//3150 3156//3156
f 3150//3150 3155//3155 3157//3157
f 3155//3155 3152//3152 3158//3158
f 3153//3153 3154//3154 3159//3159
f 3154//3154 3156//3156 3160//3160
f 3159//3159 3160//3160 3163//3163
f 3160//3160 3157//3157 3164//3164
f 3157//3157 3158//3158 3164//3164
f 3158//3158 3161//3161 3165//3165
f 1112//1112 3139//3139 3144//3144
f 3139//3139 1125//1125 3145//3145
f 1125//1125 3142//3142 3145//3145
f 3142//3142 1124//1124 3146//3146
f 1124//1124 3143//3143 3146//3146
f 3143//3143 1122//1122 3147//3147
f 3152//3152 1128//1128 3161//3161
f 3164//3164 3165//3165 1129//1129
f 1126//1126 3159//3159 3162//3162
f 1126//1126 3153//3153 3159//3159
f 1127//1127 3148//3148 3153//3153
f 3186//3186 3144//3144 3148//3148
f 3167//3167 3168//3168 3169//3169
f 3166//3166 3167//3167 3171//3171
f 3167//3167 3169//3169 3172//3172
f 3171//3171 3172//3172 3173//3173
f 3170//3170 3171//3171 3175//3175
f 3171//3171 3173//3173 3176//3176
f 3175//3175 3176//3176 3177//3177
f 3174//3174 3175//3175 3178//3178
f 3175//3175 3177//3177 3179//3179
f 1138//1138 3162//3162 3166//3166
f 3162//3162 1131//1131 3166//3166
f 1131//1131 3163//3163 3167//3167
f 3163//3163 1130//1130 3167//3167
f 1130//1130 3164//3164 3168//3168
f 3164//3164 1129//1129 3168//3168
f 3169//3169 1140//1140 1139//1139
f 3173//3173 1139//1139 1142//1142
f 3176//3176 1142//1142 1143//1143
f 3179//3179 3180//3180 1102//1102
f 3178//3178 3179//3179 1100//1100
f 1134//1134 3174//3174 3178//3178
f 1136//1136 3170//3170 3174//3174
f 1137//1137 3166//3166 3170//3170
f 3182//3182 3183//3183 3185//3185
f 3184//3184 3182//3182 3187//3187
f 3182//3182 3185//3185 3188//3188
f 3187//3187 3188//3188 3191//3191
f 3188//3188 3186//3186 3192//3192
f 3190//3190 3187//3187 3193//3193
f 3187//3187 3191//3191 3194//3194
f 3189//3189 3190//3190 3196//3196
f 3190//3190 3193//3193 3197//3197
f 3196//3196 3197//3197 3198//3198
f 3197//3197 3194//3194 3199//3199
f 3194//3194 3195//3195 3199//3199
f 64//64 1116//1116 3182//3182
f 1116//1116 1115//1115 3183//3183
f 1115//1115 1112//1112 3183//3183
f 3192//3192 1127//1127 1126//1126
f 3195//3195 1126//1126 3200//3200
f 3199//3199 3200//3200 1138//1138
f 3198//3198 3199//3199 1136//1136
f 3196//3196 3198//3198 1135//1135
f 1094//1094 3189//3189 3196//3196
f 1094//1094 3184//3184 3189//3189
f 1093//1093 3181//3181 3184//3184
f 3202//3202 3203//3203 3205//3205
f 3204//3204 3202//3202 3207//3207
f 3202//3202 3205//3205 3208//3208
f 3210//3210 3207//3207 3211//3211
f 3207//3207 3208//3208 3212//3212
f 3208//3208 3209//3209 3216//3216
f 3210//3210 3211//3211 3215//3215
f 3214//3214 3215//3215 3217//3217
f 3215//3215 3212//3212 3218//3218
f 3212//3212 3213//3213 3219//3219
f 3213//3213 3216//3216 3219//3219
f 1122//1122 1123//1123 3201//3201
f 1123//1123 1121//1121 3202//3202
f 1121//1121 1120//1120 3203//3203
f 1120//1120 1119//1119 3205//3205
f 3205//3205 1109//1109 1107//1107
f 3209//3209 1107//1107 1106//1106
f 3216//3216 1106//1106 1104//1104
f 3218//3218 3219//3219 1143//1143
f 3217//3217 3218//3218 1142//1142
f 3165//3165 3217//3217 1140//1140
f 3161//3161 3214//3214 3217//3217
f 3161//3161 3210//3210 3214//3214
f 1128//1128 3206//3206 3210//3210
f 3147//3147 3204//3204 3206//3206
f 3147//3147 3201//3201 3204//3204
f 3220//3220 3221//3221 3224//3224
f 3221//3221 3222//3222 3225//3225
f 3224//3224 3225//3225 3227//3227
f 3225//3225 3226//3226 3230//3230
f 3223//3223 3224//3224 3229//3229
f 3224//3224 3227//3227 3230//3230
f 3229//3229 3230//3230 3231//3231
f 1151//1151 1154//1154 3221//3221
f 1154//1154 1156//1156 3222//3222
f 3222//3222 1159//1159 1161//1161
f 3226//3226 1161//1161 1163//1163
f 3230//3230 1163//1163 1165//1165
f 3229//3229 3231//3231 1166//1166
f 3228//3228 3229//3229 1168//1168
f 1145//1145 3223//3223 3228//3228
f 1149//1149 3220//3220 3223//3223
f 3234//3234 3235//3235 3236//3236
f 3233//3233 3234//3234 3237//3237
f 3234//3234 3236//3236 3238//3238
f 3238//3238 3239//3239 3240//3240
f 3237//3237 3238//3238 3242//3242
f 3242//3242 3240//3240 3243//3243
f 3241//3241 3242//3242 3244//3244
f 3242//3242 3243//3243 3245//3245
f 66//66 3228//3228 3233//3233
f 3228//3228 1168//1168 3233//3233
f 1168//1168 1167//1167 3234//3234
f 1167//1167 1166//1166 3234//3234
f 1166//1166 3232//3232 3235//3235
f 3232//3232 1165//1165 1175//1175
f 3236//3236 1175//1175 1176//1176
f 3240//3240 1176//1176 1178//1178
f 3243//3243 1178//1178 1179//1179
f 1171//1171 3241//3241 3244//3244
f 1173//1173 3237//3237 3241//3241
f 1174//1174 3233//3233 3237//3237
f 1182//1182 3246//3246 3249//3249
f 3246//3246 3247//3247 3250//3250
f 3249//3249 3250//3250 3253//3253
f 3250//3250 3251//3251 3255//3255
f 3252//3252 3249//3249 3254//3254
f 3249//3249 3253//3253 3255//3255
f 3254//3254 3255//3255 1184//1184
f 1169//1169 3244//3244 1182//1182
f 3244//3244 1181//1181 3246//3246
f 1181//1181 3245//3245 3246//3246
f 3245//3245 1180//1180 3246//3246
f 1180//1180 3243//3243 3246//3246
f 3243//3243 1179//1179 3247//3247
f 3255//3255 1183//1183 3257//3257
f 3254//3254 1184//1184 1185//1185
f 3256//3256 3254//3254 1186//1186
f 3284//3284 3252//3252 3256//3256
f 3279//3279 3248//3248 3252//3252
f 3259//3259 3260//3260 3261//3261
f 3258//3258 3259//3259 3263//3263
f 3259//3259 3261//3261 3264//3264
f 3263//3263 3264//3264 3267//3267
f 3266//3266 3263//3263 3268//3268
f 3263//3263 3267//3267 3269//3269
f 1194//1194 3256//3256 3258//3258
f 3256//3256 1187//1187 3258//3258
f 1187//1187 1186//1186 3259//3259
f 1186//1186 1185//1185 3259//3259
f 1185//1185 1184//1184 3260//3260
f 3261//3261 1196//1196 1197//1197
f 3264//3264 1197//1197 1198//1198
f 3265//3265 1198//1198 1199//1199
f 3268//3268 3269//3269 1155//1155
f 3266//3266 3268//3268 1153//1153
f 1191//1191 3262//3262 3266//3266
f 1193//1193 3258//3258 3262//3262
f 3271//3271 3272//3272 3274//3274
f 3273//3273 3271//3271 3275//3275
f 3271//3271 3274//3274 3276//3276
f 3275//3275 3276//3276 3278//3278
f 3277//3277 3275//3275 3280//3280
f 3275//3275 3278//3278 3281//3281
f 3280//3280 3281//3281 3283//3283
f 3281//3281 3279//3279 3284//3284
f 3282//3282 3280//3280 3285//3285
f 3280//3280 3283//3283 3286//3286
f 67//67 1172//1172 3271//3271
f 1172//1172 1169//1169 3274//3274
f 3274//3274 1182//1182 3279//3279
f 3286//3286 3284//3284 1195//1195
f 3285//3285 3286//3286 1192//1192
f 3282//3282 3285//3285 1190//1190
f 1150//1150 3277//3277 3282//3282
f 1146//1146 3273//3273 3277//3277
f 1144//1144 3270//3270 3273//3273
f 3288//3288 3289//3289 3291//3291
f 3290//3290 3287//3287 3292//3292
f 3287//3287 3288//3288 3292//3292
f 3288//3288 3291//3291 3293//3293
f 3292//3292 3293//3293 3296//3296
f 3295//3295 3292//3292 1183//1183
f 3292//3292 3296//3296 3297//3297
f 3296//3296 3294//3294 3298//3298
f 3297//3297 3298//3298 3300//3300
f 3299//3299 3297//3297 3302//3302
f 3297//3297 3300//3300 3303//3303
f 1179//1179 1177//1177 3287//3287
f 1177//1177 1175//1175 3288//3288
f 3294//3294 1164//1164 1162//1162
f 3301//3301 1162//1162 1160//1160
f 3301//3301 1160//1160 1158//1158
f 3303//3303 3301//3301 1200//1200
f 3302//3302 3303//3303 1200//1200
f 3257//3257 3302//3302 1196//1196
f 3257//3257 3299//3299 3302//3302
f 3247//3247 3290//3290 3295//3295
f 3306//3306 3305//3305 3308//3308
f 3305//3305 3307//3307 3309//3309
f 3306//3306 3308//3308 3311//3311
f 3308//3308 3309//3309 3312//3312
f 3309//3309 3310//3310 3312//3312
f 3311//3311 3312//3312 3314//3314
f 68//68 1209//1209 3305//3305
f 1209//1209 1211//1211 3305//3305
f 1211//1211 1213//1213 3307//3307
f 3307//3307 1213//1213 1214//1214
f 3310//3310 1214//1214 1216//1216
f 3312//3312 1216//1216 1218//1218
f 1203//1203 3306//3306 3313//3313
f 1207//1207 3304//3304 3306//3306
f 3316//3316 3317//3317 3320//3320
f 3317//3317 3318//3318 3321//3321
f 3319//3319 3320//3320 3324//3324
f 3320//3320 3321//3321 3325//3325
f 3321//3321 3322//3322 3326//3326
f 3323//3323 3324//3324 3327//3327
f 3324//3324 3325//3325 3328//3328
f 3325//3325 3326//3326 3329//3329
f 1227//1227 3313//3313 3316//3316
f 3313//3313 1221//1221 3316//3316
f 1221//1221 1220//1220 3317//3317
f 1220//1220 3314//3314 3317//3317
f 3314//3314 3315//3315 3317//3317
f 3315//3315 1218//1218 1228//1228
f 3318//3318 1228//1228 1229//1229
f 3322//3322 1229//1229 1230//1230
f 3326//3326 1230//1230 1232//1232
f 1223//1223 3323//3323 3327//3327
f 1225//1225 3319//3319 3323//3323
f 1227//1227 3316//3316 3319//3319
f 3330//3330 3331//3331 3335//3335
f 3331//3331 3333//3333 3337//3337
f 3334//3334 3332//3332 3336//3336
f 3337//3337 3334//3334 3336//3336
f 3336//3336 3338//3338 3340//3340
f 3341//3341 3337//3337 3343//3343
f 3337//3337 3340//3340 3343//3343
f 1222//1222 3327//3327 3330//3330
f 3327//3327 1234//1234 3330//3330
f 1234//1234 3328//3328 3331//3331
f 3328//3328 1233//1233 3331//3331
f 1233//1233 3329//3329 3334//3334
f 3329//3329 1232//1232 3332//3332
f 3336//3336 1237//1237 3338//3338
f 3364//3364 3339//3339 3341//3341
f 1236//1236 3335//3335 1235//1235
f 1236//1236 3330//3330 3335//3335
f 3346//3346 3344//3344 3347//3347
f 3344//3344 3345//3345 3347//3347
f 3346//3346 3347//3347 3349//3349
f 3349//3349 3350//3350 3351//3351
f 3348//3348 3349//3349 3353//3353
f 1245//1245 3341//3341 3344//3344
f 3341//3341 1239//1239 3344//3344
f 1239//1239 3343//3343 3344//3344
f 3343//3343 1238//1238 3344//3344
f 1238//1238 3342//3342 3345//3345
f 3350//3350 70//70 1247//1247
f 3350//3350 1247//1247 1248//1248
f 3351//3351 3352//3352 1212//1212
f 3353//3353 3351//3351 1210//1210
f 1241//1241 3348//3348 3353//3353
f 1242//1242 3346//3346 3348//3348
f 1245//1245 3344//3344 3346//3346
f 3354//3354 3355//3355 3358//3358
f 3355//3355 3356//3356 3359//3359
f 3357//3357 3358//3358 3362//3362
f 3358//3358 3359//3359 3363//3363
f 3359//3359 3360//3360 3364//3364
f 3363//3363 3364//3364 3367//3367
f 3361//3361 3362//3362 3365//3365
f 3362//3362 3363//3363 3366//3366
f 69//69 1226//1226 3355//3355
f 1226//1226 1224//1224 3355//3355
f 1224//1224 1222//1222 3356//3356
f 3360//3360 1236//1236 1235//1235
f 3360//3360 1235//1235 3364//3364
f 3366//3366 3367//3367 1244//1244
f 3365//3365 3366//3366 1243//1243
f 1206//1206 3361//3361 3365//3365
f 1204//1204 3357//3357 3361//3361
f 1204//1204 3354//3354 3357//3357
f 3368//3368 3369//3369 3371//3371
f 3371//3371 3370//3370 3372//3372
f 1237//1237 3371//3371 3374//3374
f 3372//3372 3373//3373 3375//3375
f 3374//3374 3375//3375 3378//3378
f 1232//1232 1231//1231 3368//3368
f 1231//1231 1229//1229 3369//3369
f 1229//1229 1228//1228 3370//3370
f 3373//3373 1219//1219 1217//1217
f 3375//3375 1217//1217 1215//1215
f 3377//3377 3378//3378 1249//1249
f 3342//3342 3377//3377 1246//1246
f 3380//3380 3381//3381 3383//3383
f 3382//3382 3380//3380 3384//3384
f 3380//3380 3383//3383 3387//3387
f 3387//3387 3385//3385 3390//3390
f 3386//3386 3384//3384 3388//3388
f 3384//3384 3387//3387 3389//3389
f 3386//3386 3388//3388 3392//3392
f 3389//3389 3390//3390 3393//3393
f 3392//3392 3389//3389 3394//3394
f 3389//3389 3393//3393 3395//3395
f 1256//1256 1258//1258 3379//3379
f 1258//1258 1260//1260 3380//3380
f 1260//1260 1262//1262 3383//3383
f 1262//1262 1263//1263 3383//3383
f 3383//3383 1264//1264 1265//1265
f 3385//3385 1265//1265 1267//1267
f 3393//3393 1267//1267 1269//1269
f 1252//1252 3386//3386 3391//3391
f 1254//1254 3382//3382 3386//3386
f 1256//1256 3379//3379 3382//3382
f 3396//3396 3397//3397 3401//3401
f 3397//3397 3398//3398 3402//3402
f 3398//3398 3399//3399 3403//3403
f 3400//3400 3401//3401 3405//3405
f 3401//3401 3402//3402 3406//3406
f 3402//3402 3403//3403 3407//3407
f 3404//3404 3405//3405 1284//1284
f 3405//3405 3406//3406 3408//3408
f 3406//3406 3407//3407 3412//3412
f 1276//1276 3391//3391 3396//3396
f 3391//3391 1271//1271 3397//3397
f 1271//1271 3394//3394 3397//3397
f 3394//3394 1270//1270 3398//3398
f 1270//1270 3395//3395 3398//3398
f 3395//3395 1269//1269 1278//1278
f 3399//3399 1278//1278 1280//1280
f 3403//3403 1280//1280 1282//1282
f 3407//3407 1282//1282 1283//1283
f 1275//1275 3400//3400 3404//3404
f 1276//1276 3396//3396 3400//3400
f 3411//3411 3412//3412 3413//3413
f 3409//3409 3410//3410 3415//3415
f 3410//3410 3411//3411 3415//3415
f 3411//3411 3413//3413 3416//3416
f 3415//3415 3416//3416 3418//3418
f 3416//3416 3417//3417 3419//3419
f 3414//3414 3415//3415 1286//1286
f 3415//3415 3418//3418 3420//3420
f 3418//3418 3419//3419 3421//3421
f 3420//3420 3421//3421 3424//3424
f 3423//3423 3420//3420 3425//3425
f 3420//3420 3424//3424 3426//3426
f 3424//3424 3422//3422 3427//3427
f 73//73 3404//3404 3409//3409
f 3404//3404 1284//1284 3409//3409
f 1284//1284 3408//3408 3410//3410
f 3408//3408 3412//3412 3411//3411
f 3419//3419 1287//1287 3422//3422
f 3443//3443 3409//3409 3414//3414
f 3428//3428 3429//3429 3431//3431
f 3430//3430 3428//3428 3433//3433
f 3428//3428 3431//3431 3435//3435
f 3435//3435 3432//3432 3436//3436
f 3434//3434 3435//3435 3437//3437
f 3435//3435 3436//3436 3438//3438
f 3425//3425 1289//1289 3428//3428
f 1289//1289 3426//3426 3428//3428
f 3426//3426 1288//1288 3429//3429
f 3432//3432 72//72 1297//1297
f 3436//3436 1297//1297 1299//1299
f 3438//3438 3439//3439 1262//1262
f 3440//3440 3438//3438 1261//1261
f 1292//1292 3437//3437 3440//3440
f 1292//1292 3434//3434 3437//3437
f 1293//1293 3433//3433 3434//3434
f 1294//1294 3430//3430 3433//3433
f 1294//1294 1290//1290 3430//3430
f 3441//3441 3442//3442 3444//3444
f 3442//3442 3443//3443 3445//3445
f 3444//3444 3445//3445 3448//3448
f 3445//3445 3446//3446 3451//3451
f 3447//3447 3444//3444 3450//3450
f 3444//3444 3448//3448 3451//3451
f 3450//3450 3451//3451 3452//3452
f 71//71 1274//1274 3442//3442
f 1274//1274 1273//1273 3442//3442
f 1273//1273 73//73 3443//3443
f 3451//3451 1286//1286 1285//1285
f 3453//3453 1285//1285 1294//1294
f 3452//3452 3453//3453 1295//1295
f 3450//3450 3452//3452 1293//1293
f 3449//3449 3450//3450 1292//1292
f 1255//1255 3447//3447 3449//3449
f 1253//1253 3441//3441 3447//3447
f 3455//3455 3456//3456 3458//3458
f 3457//3457 3455//3455 3459//3459
f 3455//3455 3458//3458 3460//3460
f 3460//3460 3461//3461 3463//3463
f 3462//3462 3460//3460 3464//3464
f 3464//3464 3463//3463 3465//3465
f 1283//1283 1281//1281 3455//3455
f 1281//1281 1279//1279 3456//3456
f 1279//1279 1277//1277 3458//3458
f 3458//3458 1268//1268 1267//1267
f 3463//3463 1267//1267 1266//1266
f 3464//3464 3465//3465 1298//1298
f 3427//3427 3464//3464 1296//1296
f 3422//3422 3462//3462 3427//3427
f 3417//3417 3459//3459 1287//1287
f 3413//3413 3457//3457 3459//3459
f 3412//3412 3454//3454 3457//3457
f 3469//3469 3467//3467 3470//3470
f 3467//3467 3468//3468 3470//3470
f 3469//3469 3470//3470 3473//3473
f 3470//3470 3471//3471 3474//3474
f 3473//3473 3474//3474 3475//3475
f 3472//3472 3473//3473 3477//3477
f 1308//1308 1310//1310 3467//3467
f 1310//1310 1312//1312 3468//3468
f 3471//3471 1312//1312 1314//1314
f 3476//3476 1314//1314 74//74
f 3475//3475 3476//3476 1318//1318
f 1302//1302 3472//3472 3477//3477
f 1305//1305 3469//3469 3472//3472
f 1308//1308 3466//3466 3469//3469
f 3480//3480 3479//3479 3482//3482
f 3479//3479 3481//3481 3483//3483
f 3480//3480 3482//3482 3485//3485
f 3482//3482 3483//3483 3486//3486
f 3483//3483 3484//3484 3487//3487
f 3485//3485 3486//3486 3489//3489
f 3486//3486 3487//3487 3491//3491
f 1326//1326 3477//3477 3478//3478
f 3477//3477 1319//1319 3478//3478
f 1319//1319 3475//3475 3479//3479
f 3475//3475 1318//1318 3479//3479
f 3481//3481 74//74 1328//1328
f 3484//3484 1328//1328 1329//1329
f 3487//3487 1329//1329 1331//1331
f 1323//1323 3480//3480 3488//3488
f 1326//1326 3478//3478 3480//3480
f 3490//3490 3491//3491 3496//3496
f 3492//3492 3490//3490 3494//3494
f 3490//3490 3493//3493 3495//3495
f 3495//3495 3496//3496 3498//3498
f 3497//3497 3494//3494 3499//3499
f 3494//3494 3495//3495 3500//3500
f 3500//3500 3498//3498 3501//3501
f 3497//3497 3499//3499 1336//1336
f 3499//3499 3500//3500 1338//1338
f 3500//3500 3501//3501 3503//3503
f 77//77 3488//3488 3516//3516
f 3488//3488 1335//1335 3516//3516
f 1335//1335 1334//1334 3490//3490
f 1334//1334 3489//3489 3490//3490
f 3489//3489 1333//1333 3490//3490
f 1333//1333 3491//3491 3490//3490
f 3498//3498 3536//3536 3503//3503
f 1337//1337 3492//3492 3497//3497
f 3504//3504 3505//3505 3506//3506
f 1340//1340 3504//3504 3507//3507
f 3510//3510 3506//3506 3508//3508
f 3512//3512 3510//3510 3513//3513
f 1339//1339 3502//3502 3504//3504
f 3502//3502 1338//1338 3506//3506
f 3506//3506 76//76 1347//1347
f 3508//3508 1347//1347 1349//1349
f 3511//3511 1349//1349 1350//1350
f 3513//3513 3511//3511 1311//1311
f 3512//3512 3513//3513 1309//1309
f 1343//1343 3509//3509 3512//3512
f 1345//1345 3507//3507 3509//3509
f 1345//1345 1340//1340 3507//3507
f 3514//3514 3515//3515 3518//3518
f 3515//3515 3517//3517 3519//3519
f 3517//3517 3516//3516 3520//3520
f 3518//3518 3519//3519 3522//3522
f 3519//3519 3520//3520 3523//3523
f 3523//3523 3521//3521 3525//3525
f 3524//3524 3523//3523 3527//3527
f 1301//1301 1325//1325 3515//3515
f 1325//1325 1324//1324 3515//3515
f 1324//1324 1320//1320 3515//3515
f 1320//1320 77//77 3516//3516
f 3520//3520 1337//1337 3521//3521
f 3525//3525 3497//3497 1336//1336
f 3525//3525 1336//1336 75//75
f 3527//3527 3525//3525 1345//1345
f 3526//3526 3527//3527 1344//1344
f 1307//1307 3524//3524 3526//3526
f 1307//1307 3522//3522 3524//3524
f 1304//1304 3518//3518 3522//3522
f 1303//1303 3514//3514 3518//3518
f 3529//3529 3530//3530 3532//3532
f 3531//3531 3529//3529 3533//3533
f 3537//3537 3532//3532 3534//3534
f 3539//3539 3538//3538 3541//3541
f 1331//1331 1332//1332 3528//3528
f 1332//1332 1330//1330 3529//3529
f 1330//1330 1327//1327 3532//3532
f 3532//3532 1317//1317 1316//1316
f 3534//3534 1316//1316 1315//1315
f 3540//3540 3541//3541 1351//1351
f 3503//3503 3540//3540 1348//1348
f 3503//3503 3539//3539 3540//3540
f 3498//3498 3535//3535 3536//3536
f 3496//3496 3533//3533 3535//3535
f 3496//3496 3531//3531 3533//3533
f 3491//3491 3528//3528 3531//3531
f 1355//1355 1354//1354 1352//1352
f 1357//1357 1356//1356 1355//1355
f 1357//1357 1358//1358 1356//1356
f 1360//1360 1359//1359 1357//1357
f 1352//1352 1354//1354 85//85
f 1353//1353 1352//1352 88//88
f 90//90 1353//1353 88//88
f 90//90 1355//1355 1353//1353
f 91//91 1357//1357 1355//1355
f 92//92 1360//1360 1357//1357
f 1360//1360 94//94 1359//1359
f 1358//1358 1//1 80//80
f 1356//1356 80//80 81//81
f 1354//1354 81//81 83//83
f 1354//1354 83//83 85//85
f 1362//1362 1364//1364 1361//1361
f 1365//1365 1366//1366 1362//1362
f 1367//1367 1364//1364 1366//1366
f 1371//1371 1369//1369 1364//1364
f 1368//1368 1371//1371 1367//1367
f 1361//1361 99//99 1//1
f 1362//1362 1361//1361 1359//1359
f 1363//1363 1362//1362 1360//1360
f 92//92 1363//1363 1360//1360
f 100//100 1365//1365 1363//1363
f 102//102 1367//1367 1365//1365
f 102//102 1368//1368 1367//1367
f 104//104 1370//1370 1368//1368
f 1369//1369 3//3 95//95
f 1364//1364 95//95 96//96
f 1364//1364 96//96 98//98
f 1364//1364 98//98 99//99
f 1372//1372 1388//1388 1371//1371
f 1373//1373 1372//1372 1370//1370
f 1372//1372 1390//1390 1388//1388
f 1374//1374 1393//1393 1390//1390
f 1373//1373 1374//1374 1372//1372
f 1377//1377 1374//1374 1373//1373
f 1376//1376 1375//1375 1393//1393
f 1377//1377 1376//1376 1374//1374
f 1369//1369 1388//1388 3//3
f 1370//1370 1371//1371 1368//1368
f 105//105 1373//1373 1370//1370
f 1375//1375 112//112 1395//1395
f 1375//1375 1395//1395 1393//1393
f 1378//1378 1380//1380 1375//1375
f 1382//1382 1381//1381 1380//1380
f 1383//1383 1382//1382 1379//1379
f 1383//1383 1384//1384 1382//1382
f 1385//1385 1384//1384 1383//1383
f 1379//1379 1378//1378 1376//1376
f 2//2 1379//1379 1377//1377
f 116//116 1383//1383 1379//1379
f 116//116 1385//1385 1383//1383
f 116//116 89//89 1385//1385
f 89//89 87//87 1384//1384
f 87//87 86//86 1384//1384
f 1381//1381 86//86 107//107
f 1381//1381 107//107 109//109
f 1380//1380 109//109 112//112
f 1390//1390 1389//1389 1387//1387
f 1392//1392 1391//1391 1386//1386
f 1390//1390 1392//1392 1389//1389
f 1393//1393 1394//1394 1392//1392
f 1394//1394 1391//1391 1392//1392
f 1395//1395 1394//1394 1393//1393
f 1387//1387 1386//1386 78//78
f 1388//1388 1387//1387 97//97
f 112//112 111//111 1394//1394
f 111//111 110//110 1394//1394
f 110//110 108//108 1391//1391
f 108//108 106//106 1391//1391
f 1391//1391 106//106 84//84
f 1391//1391 84//84 82//82
f 1386//1386 82//82 79//79
f 1386//1386 79//79 78//78
f 1396//1396 1398//1398 105//105
f 1400//1400 105//105 1398//1398
f 1401//1401 1399//1399 105//105
f 1400//1400 1401//1401 105//105
f 1403//1403 1400//1400 1397//1397
f 1404//1404 1402//1402 1401//1401
f 1403//1403 1404//1404 1400//1400
f 1404//1404 1377//1377 1402//1402
f 1405//1405 1404//1404 1403//1403
f 1396//1396 105//105 104//104
f 1397//1397 1396//1396 103//103
f 93//93 1397//1397 101//101
f 90//90 1403//1403 1397//1397
f 90//90 1405//1405 1403//1403
f 90//90 117//117 1405//1405
f 117//117 115//115 1404//1404
f 115//115 114//114 1404//1404
f 114//114 2//2 1377//1377
f 1401//1401 1377//1377 1399//1399
f 1410//1410 1409//1409 1407//1407
f 1409//1409 1411//1411 1406//1406
f 1413//1413 1412//1412 1409//1409
f 1415//1415 1413//1413 1410//1410
f 1412//1412 1414//1414 1411//1411
f 1415//1415 1416//1416 1413//1413
f 1406//1406 124//124 4//4
f 1407//1407 1406//1406 4//4
f 1408//1408 1407//1407 129//129
f 130//130 1410//1410 1408//1408
f 134//134 1415//1415 1410//1410
f 1415//1415 137//137 1416//1416
f 137//137 138//138 1416//1416
f 1416//1416 1417//1417 1414//1414
f 1414//1414 142//142 119//119
f 1411//1411 119//119 122//122
f 1406//1406 122//122 124//124
f 1420//1420 1419//1419 1417//1417
f 1422//1422 1421//1421 1419//1419
f 1423//1423 1422//1422 1419//1419
f 1424//1424 1423//1423 1420//1420
f 1422//1422 149//149 1421//1421
f 1418//1418 1417//1417 138//138
f 135//135 1418//1418 1415//1415
f 143//143 1420//1420 1418//1418
f 145//145 1424//1424 1420//1420
f 147//147 1425//1425 1424//1424
f 1425//1425 148//148 1423//1423
f 148//148 149//149 1422//1422
f 149//149 139//139 140//140
f 1419//1419 140//140 141//141
f 1417//1417 141//141 142//142
f 1430//1430 150//150 1428//1428
f 1431//1431 1430//1430 1426//1426
f 1429//1429 1431//1431 1427//1427
f 1434//1434 1433//1433 150//150
f 1435//1435 1434//1434 1430//1430
f 1432//1432 1435//1435 1431//1431
f 1437//1437 1436//1436 1433//1433
f 1435//1435 1437//1437 1434//1434
f 1426//1426 1428//1428 149//149
f 1427//1427 1426//1426 148//148
f 1429//1429 1427//1427 1425//1425
f 151//151 1432//1432 1429//1429
f 158//158 1435//1435 1438//1438
f 1436//1436 156//156 1456//1456
f 1436//1436 1456//1456 1453//1453
f 1433//1433 1453//1453 150//150
f 1428//1428 1451//1451 149//149
f 1440//1440 1439//1439 152//152
f 1440//1440 1441//1441 1439//1439
f 1442//1442 1444//1444 1441//1441
f 1444//1444 1443//1443 1441//1441
f 1445//1445 1444//1444 1442//1442
f 152//152 1439//1439 1437//1437
f 158//158 152//152 1435//1435
f 158//158 1440//1440 152//152
f 159//159 1442//1442 1440//1440
f 159//159 1445//1445 1442//1442
f 159//159 131//131 1445//1445
f 131//131 128//128 1444//1444
f 128//128 127//127 1443//1443
f 127//127 126//126 1443//1443
f 1443//1443 126//126 154//154
f 1443//1443 154//154 155//155
f 1441//1441 155//155 156//156
f 1450//1450 1449//1449 1446//1446
f 1448//1448 1450//1450 1447//1447
f 1453//1453 1452//1452 1448//1448
f 1455//1455 1454//1454 1449//1449
f 1452//1452 1455//1455 1450//1450
f 1447//1447 1446//1446 118//118
f 1448//1448 1447//1447 140//140
f 149//149 1448//1448 139//139
f 156//156 157//157 1456//1456
f 157//157 155//155 1452//1452
f 155//155 154//154 1455//1455
f 154//154 153//153 1454//1454
f 1454//1454 153//153 125//125
f 1449//1449 125//125 123//123
f 1449//1449 123//123 121//121
f 1449//1449 121//121 120//120
f 1446//1446 120//120 118//118
f 1458//1458 1459//1459 1457//1457
f 1461//1461 151//151 1458//1458
f 1462//1462 1461//1461 1460//1460
f 1461//1461 1463//1463 151//151
f 1465//1465 1438//1438 1461//1461
f 1457//1457 1429//1429 147//147
f 1458//1458 1457//1457 147//147
f 1460//1460 1458//1458 144//144
f 136//136 1460//1460 144//144
f 136//136 1462//1462 1460//1460
f 133//133 1464//1464 1462//1462
f 133//133 1465//1465 1464//1464
f 133//133 159//159 1465//1465
f 159//159 160//160 1465//1465
f 160//160 158//158 1438//1438
f 1463//1463 1432//1432 151//151
f 1459//1459 151//151 1429//1429
f 1467//1467 1469//1469 1466//1466
f 1470//1470 1471//1471 1467//1467
f 1472//1472 1469//1469 1471//1471
f 1476//1476 1474//1474 1469//1469
f 1473//1473 1476//1476 1472//1472
f 1466//1466 165//165 5//5
f 1467//1467 1466//1466 5//5
f 1468//1468 1467//1467 168//168
f 171//171 1468//1468 168//168
f 171//171 1470//1470 1468//1468
f 173//173 1472//1472 1470//1470
f 175//175 1473//1473 1472//1472
f 1474//1474 6//6 161//161
f 1469//1469 161//161 162//162
f 1469//1469 162//162 163//163
f 1469//1469 163//163 165//165
f 1478//1478 1477//1477 1476//1476
f 1479//1479 1478//1478 1475//1475
f 1481//1481 1480//1480 1478//1478
f 1480//1480 1482//1482 1477//1477
f 1483//1483 1480//1480 1481//1481
f 1474//1474 181//181 6//6
f 1475//1475 1476//1476 1473//1473
f 176//176 1475//1475 1473//1473
f 183//183 1479//1479 1475//1475
f 183//183 1481//1481 1479//1479
f 185//185 1483//1483 1481//1481
f 1482//1482 179//179 177//177
f 1482//1482 177//177 178//178
f 1477//1477 178//178 180//180
f 1477//1477 180//180 181//181
f 1484//1484 188//188 1482//1482
f 1488//1488 187//187 188//188
f 1488//1488 1504//1504 187//187
f 1487//1487 1486//1486 1485//1485
f 1487//1487 1488//1488 1486//1486
f 1490//1490 1489//1489 1488//1488
f 1491//1491 1490//1490 1487//1487
f 1491//1491 190//190 1490//1490
f 1482//1482 188//188 179//179
f 1485//1485 1484//1484 1483//1483
f 189//189 1487//1487 1485//1485
f 199//199 190//190 1491//1491
f 1489//1489 197//197 1507//1507
f 1489//1489 1507//1507 1504//1504
f 1494//1494 1495//1495 1492//1492
f 1496//1496 1495//1495 1494//1494
f 1497//1497 1496//1496 1494//1494
f 1496//1496 1498//1498 1495//1495
f 1493//1493 1492//1492 190//190
f 199//199 1493//1493 190//190
f 198//198 1494//1494 1493//1493
f 198//198 1497//1497 1494//1494
f 202//202 1499//1499 1497//1497
f 202//202 169//169 1499//1499
f 169//169 167//167 1496//1496
f 167//167 166//166 1498//1498
f 1498//1498 166//166 192//192
f 1495//1495 192//192 194//194
f 1495//1495 194//194 196//196
f 1492//1492 196//196 197//197
f 1503//1503 1501//1501 1502//1502
f 1506//1506 1505//1505 1501//1501
f 1504//1504 1506//1506 1503//1503
f 1500//1500 161//161 7//7
f 1501//1501 1500//1500 7//7
f 1502//1502 1501//1501 179//179
f 188//188 1502//1502 179//179
f 187//187 1503//1503 1502//1502
f 1507//1507 1506//1506 1504//1504
f 197//197 195//195 1506//1506
f 195//195 193//193 1505//1505
f 193//193 191//191 1505//1505
f 1500//1500 191//191 164//164
f 1500//1500 164//164 161//161
f 1509//1509 1511//1511 1508//1508
f 1513//1513 1512//1512 1509//1509
f 1512//1512 1491//1491 1511//1511
f 1514//1514 1491//1491 1512//1512
f 1508//1508 1485//1485 185//185
f 1509//1509 1508//1508 186//186
f 182//182 1510//1510 1509//1509
f 174//174 1513//1513 1510//1510
f 172//172 1514//1514 1513//1513
f 170//170 201//201 1514//1514
f 201//201 200//200 1514//1514
f 200//200 199//199 1491//1491
f 1491//1491 1487//1487 189//189
f 1511//1511 189//189 1485//1485
f 1518//1518 1517//1517 1515//1515
f 1519//1519 1518//1518 1515//1515
f 1523//1523 1521//1521 1517//1517
f 1522//1522 1523//1523 1518//1518
f 1524//1524 1523//1523 1522//1522
f 1516//1516 1515//1515 213//213
f 216//216 1516//1516 213//213
f 216//216 1519//1519 1516//1516
f 216//216 1520//1520 1519//1519
f 218//218 1522//1522 1520//1520
f 218//218 1524//1524 1522//1522
f 1524//1524 221//221 1523//1523
f 221//221 222//222 1523//1523
f 222//222 1521//1521 1523//1523
f 1521//1521 228//228 204//204
f 1521//1521 204//204 206//206
f 1517//1517 206//206 207//207
f 1517//1517 207//207 209//209
f 1515//1515 209//209 210//210
f 1526//1526 1527//1527 1525//1525
f 1530//1530 1529//1529 1526//1526
f 1532//1532 233//233 1527//1527
f 1531//1531 1532//1532 1530//1530
f 1526//1526 1525//1525 1521//1521
f 1528//1528 1526//1526 1524//1524
f 218//218 1528//1528 1524//1524
f 229//229 1530//1530 1528//1528
f 230//230 1531//1531 1530//1530
f 1531//1531 232//232 1532//1532
f 232//232 233//233 1532//1532
f 233//233 223//223 224//224
f 233//233 224//224 225//225
f 233//233 225//225 226//226
f 1527//1527 226//226 227//227
f 1527//1527 227//227 228//228
f 1535//1535 1534//1534 234//234
f 1536//1536 1535//1535 232//232
f 1537//1537 1536//1536 1533//1533
f 1535//1535 1538//1538 1534//1534
f 1541//1541 1540//1540 1535//1535
f 1539//1539 1541//1541 1536//1536
f 232//232 234//234 233//233
f 1533//1533 232//232 1531//1531
f 244//244 236//236 1539//1539
f 1540//1540 237//237 1538//1538
f 1538//1538 243//243 1561//1561
f 1538//1538 1561//1561 1559//1559
f 1538//1538 1559//1559 1556//1556
f 1534//1534 1556//1556 234//234
f 1546//1546 1545//1545 1543//1543
f 1547//1547 1546//1546 1544//1544
f 1547//1547 1549//1549 1546//1546
f 1549//1549 1548//1548 1545//1545
f 1550//1550 1548//1548 1549//1549
f 1543//1543 1542//1542 237//237
f 1544//1544 1543//1543 236//236
f 244//244 1544//1544 236//236
f 244//244 1547//1547 1544//1544
f 248//248 1550//1550 1547//1547
f 248//248 215//215 1550//1550
f 215//215 214//214 1550//1550
f 214//214 212//212 1548//1548
f 212//212 211//211 1548//1548
f 1548//1548 211//211 239//239
f 1548//1548 239//239 240//240
f 1548//1548 240//240 241//241
f 1545//1545 241//241 242//242
f 1542//1542 242//242 243//243
f 1555//1555 1554//1554 1552//1552
f 1556//1556 1555//1555 1553//1553
f 1554//1554 1557//1557 1551//1551
f 1559//1559 1558//1558 1555//1555
f 1558//1558 1560//1560 1554//1554
f 1561//1561 1558//1558 1559//1559
f 1552//1552 1551//1551 227//227
f 1553//1553 1552//1552 226//226
f 234//234 1553//1553 223//223
f 234//234 1556//1556 1553//1553
f 243//243 241//241 1558//1558
f 241//241 240//240 1560//1560
f 240//240 239//239 1560//1560
f 239//239 238//238 1560//1560
f 1560//1560 238//238 209//209
f 1560//1560 209//209 208//208
f 1557//1557 208//208 205//205
f 1551//1551 205//205 203//203
f 1567//1567 1566//1566 1562//1562
f 1568//1568 1567//1567 1563//1563
f 1565//1565 1568//1568 1564//1564
f 1568//1568 1570//1570 1567//1567
f 1569//1569 1572//1572 1568//1568
f 1570//1570 1571//1571 1566//1566
f 1572//1572 1571//1571 1570//1570
f 1562//1562 1533//1533 231//231
f 1563//1563 1562//1562 231//231
f 1564//1564 1563//1563 229//229
f 1565//1565 1564//1564 229//229
f 220//220 1565//1565 229//229
f 219//219 1569//1569 1565//1565
f 217//217 1572//1572 1569//1569
f 217//217 247//247 1572//1572
f 247//247 246//246 1572//1572
f 246//246 244//244 1571//1571
f 1566//1566 1539//1539 235//235
f 1566//1566 235//235 1537//1537
f 1562//1562 1537//1537 1533//1533
f 1578//1578 1576//1576 1574//1574
f 1579//1579 1578//1578 1575//1575
f 1580//1580 1577//1577 1573//1573
f 1576//1576 1580//1580 1573//1573
f 1583//1583 1580//1580 1576//1576
f 1581//1581 1583//1583 1578//1578
f 1583//1583 1582//1582 1580//1580
f 1585//1585 1584//1584 1583//1583
f 1586//1586 1585//1585 1583//1583
f 1573//1573 252//252 8//8
f 1574//1574 1573//1573 8//8
f 1575//1575 1574//1574 257//257
f 260//260 1575//1575 257//257
f 262//262 1579//1579 1575//1575
f 263//263 1581//1581 1579//1579
f 265//265 1586//1586 1581//1581
f 1586//1586 267//267 1585//1585
f 1582//1582 273//273 250//250
f 1577//1577 250//250 251//251
f 1573//1573 251//251 252//252
f 1591//1591 1590//1590 1587//1587
f 1592//1592 1591//1591 1589//1589
f 1594//1594 1593//1593 1590//1590
f 1595//1595 1594//1594 1592//1592
f 1597//1597 1596//1596 1594//1594
f 1598//1598 1597//1597 1595//1595
f 1588//1588 1587//1587 1584//1584
f 1589//1589 1588//1588 1585//1585
f 265//265 1589//1589 1586//1586
f 274//274 1592//1592 1589//1589
f 276//276 1595//1595 1592//1592
f 279//279 1598//1598 1595//1595
f 1596//1596 268//268 269//269
f 1593//1593 269//269 271//271
f 1590//1590 271//271 272//272
f 1587//1587 272//272 273//273
f 1602//1602 1603//1603 1601//1601
f 1604//1604 280//280 1599//1599
f 1600//1600 1604//1604 1599//1599
f 1606//1606 1605//1605 1603//1603
f 1605//1605 1604//1604 1600//1600
f 1608//1608 1607//1607 1604//1604
f 1609//1609 1608//1608 1605//1605
f 1610//1610 1609//1609 1606//1606
f 1612//1612 1611//1611 1607//1607
f 283//283 1612//1612 1608//1608
f 1613//1613 283//283 1609//1609
f 1599//1599 1625//1625 268//268
f 1600//1600 1599//1599 1596//1596
f 1601//1601 1600//1600 1597//1597
f 1602//1602 1601//1601 1598//1598
f 282//282 1606//1606 1602//1602
f 289//289 283//283 1613//1613
f 283//283 284//284 1612//1612
f 1611//1611 10//10 1635//1635
f 1607//1607 1635//1635 280//280
f 1599//1599 281//281 1625//1625
f 1614//1614 1616//1616 1611//1611
f 1615//1615 1617//1617 1614//1614
f 1620//1620 1619//1619 1616//1616
f 1618//1618 1620//1620 1617//1617
f 1611//1611 288//288 10//10
f 1615//1615 1614//1614 283//283
f 289//289 1615//1615 283//283
f 290//290 1618//1618 1615//1615
f 292//292 1621//1621 1618//1618
f 292//292 259//259 1621//1621
f 259//259 258//258 1621//1621
f 258//258 256//256 1620//1620
f 256//256 254//254 1620//1620
f 1620//1620 254//254 286//286
f 1619//1619 286//286 287//287
f 1616//1616 287//287 288//288
f 1625//1625 1626//1626 1624//1624
f 1628//1628 1627//1627 1622//1622
f 1623//1623 1628//1628 1622//1622
f 1630//1630 1629//1629 1626//1626
f 1629//1629 1628//1628 1623//1623
f 1632//1632 1631//1631 1629//1629
f 1633//1633 1632//1632 1630//1630
f 1631//1631 1634//1634 1628//1628
f 1622//1622 249//249 9//9
f 1623//1623 1622//1622 9//9
f 1624//1624 1623//1623 270//270
f 1625//1625 1624//1624 268//268
f 281//281 1630//1630 1625//1625
f 280//280 1633//1633 1630//1630
f 10//10 287//287 1632//1632
f 287//287 286//286 1631//1631
f 286//286 285//285 1634//1634
f 1634//1634 285//285 253//253
f 1628//1628 253//253 251//251
f 1627//1627 251//251 250//250
f 1622//1622 250//250 249//249
f 1641//1641 1639//1639 1638//1638
f 1637//1637 1642//1642 1636//1636
f 1643//1643 1640//1640 1639//1639
f 1641//1641 1643//1643 1639//1639
f 1640//1640 1642//1642 1637//1637
f 1645//1645 1644//1644 1642//1642
f 1643//1643 1645//1645 1640//1640
f 1646//1646 1648//1648 1643//1643
f 1648//1648 1647//1647 1645//1645
f 1636//1636 1602//1602 279//279
f 1637//1637 1636//1636 278//278
f 1638//1638 1637//1637 277//277
f 266//266 1638//1638 275//275
f 266//266 1641//1641 1638//1638
f 264//264 1646//1646 1641//1641
f 261//261 1648//1648 1646//1646
f 261//261 294//294 1648//1648
f 294//294 293//293 1648//1648
f 293//293 291//291 1647//1647
f 291//291 289//289 1647//1647
f 1644//1644 1613//1613 1610//1610
f 1642//1642 1610//1610 282//282
f 1636//1636 282//282 1602//1602
f 1650//1650 1651//1651 1649//1649
f 1654//1654 1653//1653 1650//1650
f 1653//1653 1655//1655 1651//1651
f 1657//1657 311//311 1655//1655
f 1656//1656 1657//1657 1654//1654
f 1650//1650 1649//1649 300//300
f 1652//1652 1650//1650 304//304
f 306//306 1652//1652 304//304
f 307//307 1654//1654 1652//1652
f 307//307 1656//1656 1654//1654
f 1656//1656 310//310 1657//1657
f 310//310 311//311 1657//1657
f 311//311 319//319 296//296
f 311//311 296//296 297//297
f 1655//1655 297//297 299//299
f 1651//1651 299//299 300//300
f 1661//1661 1660//1660 1658//1658
f 1662//1662 1661//1661 1658//1658
f 1663//1663 1662//1662 1659//1659
f 1666//1666 1664//1664 1660//1660
f 1665//1665 1666//1666 1661//1661
f 1667//1667 1666//1666 1665//1665
f 1659//1659 1658//1658 310//310
f 320//320 1659//1659 1656//1656
f 320//320 1663//1663 1659//1659
f 322//322 1665//1665 1663//1663
f 322//322 1667//1667 1665//1665
f 1667//1667 324//324 1666//1666
f 324//324 325//325 1666//1666
f 325//325 1664//1664 1666//1666
f 1664//1664 313//313 312//312
f 1664//1664 312//312 315//315
f 1660//1660 315//315 317//317
f 1660//1660 317//317 318//318
f 1658//1658 318//318 319//319
f 1672//1672 1671//1671 1669//1669
f 1673//1673 1672//1672 1670//1670
f 1673//1673 1674//1674 1672//1672
f 1674//1674 329//329 1671//1671
f 1675//1675 1674//1674 1673//1673
f 328//328 329//329 1674//1674
f 1675//1675 328//328 1674//1674
f 1668//1668 1688//1688 313//313
f 1669//1669 1668//1668 1664//1664
f 1670//1670 1669//1669 1667//1667
f 336//336 328//328 1675//1675
f 329//329 1676//1676 326//326
f 1671//1671 326//326 1688//1688
f 1680//1680 1679//1679 1677//1677
f 1681//1681 1680//1680 1677//1677
f 1682//1682 1683//1683 1680//1680
f 1678//1678 1677//1677 328//328
f 336//336 1678//1678 328//328
f 336//336 1681//1681 1678//1678
f 338//338 1682//1682 1681//1681
f 339//339 1684//1684 1682//1682
f 339//339 304//304 1684//1684
f 304//304 303//303 1684//1684
f 303//303 302//302 1683//1683
f 302//302 301//301 1683//1683
f 1683//1683 301//301 331//331
f 1679//1679 331//331 333//333
f 1679//1679 333//333 334//334
f 1679//1679 334//334 335//335
f 1690//1690 1689//1689 1685//1685
f 1691//1691 1690//1690 1686//1686
f 1688//1688 1691//1691 1687//1687
f 1693//1693 1692//1692 1689//1689
f 1694//1694 1693//1693 1691//1691
f 1696//1696 1695//1695 1693//1693
f 1676//1676 1696//1696 1694//1694
f 1686//1686 1685//1685 295//295
f 1687//1687 1686//1686 316//316
f 1688//1688 1687//1687 313//313
f 326//326 1691//1691 1688//1688
f 335//335 333//333 1696//1696
f 333//333 332//332 1695//1695
f 332//332 330//330 1695//1695
f 1695//1695 330//330 299//299
f 1692//1692 299//299 298//298
f 1689//1689 298//298 296//296
f 1685//1685 296//296 295//295
f 1698//1698 1699//1699 1697//1697
f 1702//1702 1701//1701 1699//1699
f 1704//1704 1702//1702 1698//1698
f 1702//1702 1703//1703 1701//1701
f 1702//1702 327//327 1703//1703
f 1706//1706 1705//1705 1704//1704
f 1707//1707 1675//1675 327//327
f 1705//1705 1707//1707 1702//1702
f 1697//1697 1670//1670 322//322
f 1698//1698 1697//1697 322//322
f 1700//1700 1698//1698 323//323
f 309//309 1700//1700 321//321
f 309//309 1704//1704 1700//1700
f 307//307 1706//1706 1704//1704
f 307//307 1708//1708 1706//1706
f 305//305 340//340 1708//1708
f 340//340 338//338 1705//1705
f 338//338 337//337 1707//1707
f 337//337 336//336 1707//1707
f 1703//1703 327//327 1673//1673
f 1701//1701 1673//1673 1670//1670
f 1712//1712 1711//1711 1709//1709
f 1714//1714 1713//1713 1711//1711
f 1716//1716 1715//1715 1713//1713
f 1717//1717 1716//1716 1714//1714
f 1709//1709 343//343 11//11
f 1710//1710 1709//1709 350//350
f 354//354 1710//1710 352//352
f 354//354 1712//1712 1710//1710
f 357//357 1714//1714 1712//1712
f 358//358 1717//1717 1714//1714
f 1713//1713 365//365 343//343
f 1722//1722 1718//1718 1719//1719
f 1720//1720 1722//1722 1719//1719
f 1722//1722 1721//1721 1718//1718
f 1723//1723 1722//1722 1720//1720
f 1723//1723 1721//1721 1722//1722
f 1723//1723 1724//1724 1721//1721
f 1719//1719 1718//1718 1715//1715
f 1720//1720 1719//1719 1716//1716
f 358//358 1720//1720 1717//1717
f 367//367 1723//1723 1720//1720
f 1723//1723 369//369 1724//1724
f 1724//1724 360//360 359//359
f 1724//1724 359//359 361//361
f 1721//1721 361//361 362//362
f 1718//1718 362//362 364//364
f 1718//1718 364//364 365//365
f 1725//1725 1745//1745 1724//1724
f 1727//1727 1728//1728 1745//1745
f 1730//1730 1729//1729 1727//1727
f 1726//1726 1730//1730 1727//1727
f 1729//1729 1731//1731 1728//1728
f 371//371 1731//1731 1729//1729
f 1732//1732 370//370 1730//1730
f 1724//1724 1742//1742 360//360
f 1725//1725 1724//1724 369//369
f 1726//1726 1725//1725 1723//1723
f 13//13 370//370 1732//1732
f 1731//1731 379//379 1749//1749
f 1728//1728 1746//1746 1745//1745
f 1737//1737 1736//1736 1734//1734
f 1736//1736 1739//1739 1733//1733
f 1738//1738 1739//1739 1736//1736
f 1734//1734 1733//1733 371//371
f 1735//1735 1734//1734 370//370
f 13//13 1735//1735 370//370
f 382//382 1737//1737 1735//1735
f 384//384 1738//1738 1737//1737
f 385//385 353//353 1738//1738
f 353//353 351//351 1738//1738
f 351//351 349//349 1738//1738
f 349//349 348//348 1739//1739
f 348//348 347//347 1739//1739
f 347//347 346//346 1739//1739
f 1739//1739 346//346 373//373
f 1739//1739 373//373 374//374
f 1739//1739 374//374 376//376
f 1733//1733 376//376 377//377
f 1733//1733 377//377 378//378
f 1733//1733 378//378 379//379
f 1744//1744 1743//1743 1741//1741
f 1745//1745 1744//1744 1742//1742
f 1743//1743 1748//1748 1740//1740
f 1746//1746 1747//1747 1744//1744
f 1747//1747 1748//1748 1743//1743
f 1740//1740 341//341 12//12
f 1741//1741 1740//1740 12//12
f 1742//1742 1741//1741 360//360
f 379//379 377//377 1747//1747
f 377//377 375//375 1747//1747
f 375//375 373//373 1748//1748
f 373//373 372//372 1748//1748
f 1748//1748 372//372 345//345
f 1748//1748 345//345 344//344
f 1740//1740 344//344 342//342
f 1740//1740 342//342 341//341
f 1752//1752 1726//1726 1750//1750
f 1754//1754 1752//1752 1751//1751
f 1752//1752 1753//1753 1726//1726
f 1756//1756 1755//1755 1753//1753
f 1757//1757 1756//1756 1752//1752
f 1756//1756 1732//1732 1755//1755
f 1750//1750 1726//1726 14//14
f 1751//1751 1750//1750 368//368
f 357//357 1754//1754 1751//1751
f 356//356 1757//1757 1754//1754
f 356//356 1758//1758 1757//1757
f 355//355 386//386 1758//1758
f 386//386 383//383 1758//1758
f 383//383 381//381 1732//1732
f 381//381 380//380 1732//1732
f 380//380 13//13 1732//1732
f 1732//1732 1730//1730 1726//1726
f 1763//1763 1762//1762 1759//1759
f 1764//1764 1763//1763 1760//1760
f 1765//1765 1764//1764 1761//1761
f 1767//1767 1766//1766 1763//1763
f 1768//1768 1767//1767 1764//1764
f 1769//1769 1768//1768 1765//1765
f 1771//1771 1770//1770 1766//1766
f 405//405 1771//1771 1767//1767
f 1773//1773 405//405 1768//1768
f 1759//1759 392//392 15//15
f 1760//1760 1759//1759 396//396
f 399//399 1760//1760 397//397
f 399//399 1761//1761 1760//1760
f 399//399 1765//1765 1761//1761
f 401//401 1769//1769 1765//1765
f 403//403 1773//1773 1769//1769
f 1770//1770 16//16 388//388
f 1766//1766 388//388 390//390
f 1762//1762 390//390 392//392
f 1775//1775 1774//1774 1773//1773
f 1776//1776 1772//1772 1774//1774
f 1775//1775 1776//1776 1774//1774
f 1776//1776 1777//1777 1772//1772
f 1778//1778 1777//1777 1776//1776
f 1778//1778 1779//1779 1777//1777
f 1772//1772 410//410 16//16
f 1774//1774 1772//1772 1770//1770
f 1773//1773 1774//1774 405//405
f 403//403 1775//1775 1773//1773
f 415//415 1778//1778 1775//1775
f 415//415 1806//1806 1778//1778
f 1806//1806 1782//1782 1778//1778
f 1782//1782 416//416 1779//1779
f 1779//1779 19//19 407//407
f 1777//1777 407//407 409//409
f 1772//1772 409//409 410//410
f 1784//1784 1783//1783 1781//1781
f 1785//1785 1784//1784 1782//1782
f 1783//1783 1786//1786 1780//1780
f 1783//1783 417//417 1786//1786
f 1788//1788 1787//1787 1784//1784
f 1787//1787 1789//1789 1783//1783
f 419//419 1789//1789 1787//1787
f 1790//1790 419//419 1788//1788
f 1780//1780 1800//1800 19//19
f 1781//1781 1780//1780 1779//1779
f 418//418 1785//1785 1782//1782
f 18//18 419//419 1790//1790
f 419//419 420//420 1789//1789
f 420//420 421//421 1789//1789
f 421//421 425//425 1789//1789
f 1789//1789 1805//1805 417//417
f 1786//1786 417//417 1780//1780
f 1793//1793 1794//1794 1792//1792
f 1796//1796 1793//1793 1791//1791
f 1795//1795 1797//1797 1794//1794
f 1796//1796 1795//1795 1793//1793
f 1792//1792 421//421 420//420
f 1791//1791 1792//1792 419//419
f 18//18 1791//1791 419//419
f 427//427 1796//1796 1791//1791
f 429//429 1795//1795 1796//1796
f 429//429 398//398 1795//1795
f 398//398 396//396 1795//1795
f 396//396 395//395 1797//1797
f 395//395 394//394 1797//1797
f 1794//1794 394//394 424//424
f 1792//1792 424//424 425//425
f 1802//1802 1801//1801 1799//1799
f 1803//1803 1802//1802 1800//1800
f 1802//1802 1804//1804 1801//1801
f 1805//1805 1804//1804 1802//1802
f 1798//1798 387//387 17//17
f 1799//1799 1798//1798 17//17
f 1800//1800 1799//1799 406//406
f 1780//1780 1803//1803 1800//1800
f 425//425 424//424 1805//1805
f 424//424 423//423 1804//1804
f 423//423 422//422 1804//1804
f 1804//1804 422//422 393//393
f 1804//1804 393//393 391//391
f 1804//1804 391//391 389//389
f 1801//1801 389//389 387//387
f 1807//1807 418//418 1806//1806
f 1809//1809 1811//1811 418//418
f 1808//1808 1809//1809 1807//1807
f 1812//1812 1813//1813 1809//1809
f 1813//1813 1790//1790 1811//1811
f 1807//1807 1806//1806 415//415
f 1808//1808 1807//1807 414//414
f 404//404 1808//1808 411//411
f 402//402 1810//1810 1808//1808
f 402//402 1812//1812 1810//1810
f 400//400 1814//1814 1812//1812
f 400//400 429//429 1814//1814
f 429//429 428//428 1814//1814
f 428//428 427//427 1813//1813
f 427//427 426//426 1790//1790
f 426//426 18//18 1790//1790
f 1811//1811 1788//1788 1785//1785
f 1811//1811 1785//1785 418//418
f 1820//1820 1817//1817 1815//1815
f 1816//1816 1820//1820 1815//1815
f 1820//1820 1819//1819 1817//1817
f 1821//1821 1820//1820 1818//1818
f 1821//1821 1822//1822 1820//1820
f 1817//1817 434//434 20//20
f 1815//1815 1817//1817 20//20
f 1816//1816 1815//1815 436//436
f 440//440 1816//1816 438//438
f 440//440 1818//1818 1816//1816
f 440//440 1821//1821 1818//1818
f 442//442 1824//1824 1821//1821
f 1821//1821 443//443 1822//1822
f 1822//1822 449//449 431//431
f 1819//1819 431//431 433//433
f 1817//1817 433//433 434//434
f 1823//1823 1825//1825 1822//1822
f 1827//1827 1823//1823 1824//1824
f 1827//1827 1826//1826 1823//1823
f 1829//1829 1828//1828 1827//1827
f 1828//1828 1830//1830 1826//1826
f 1823//1823 1822//1822 443//443
f 1824//1824 1823//1823 1821//1821
f 442//442 1827//1827 1824//1824
f 451//451 1829//1829 1827//1827
f 1830//1830 445//445 444//444
f 1826//1826 444//444 447//447
f 1825//1825 447//447 448//448
f 1825//1825 448//448 449//449
f 1834//1834 1852//1852 1831//1831
f 1835//1835 1834//1834 1832//1832
f 1834//1834 1837//1837 1852//1852
f 1834//1834 1839//1839 1837//1837
f 1840//1840 1839//1839 1834//1834
f 1841//1841 1840//1840 1838//1838
f 1831//1831 1852//1852 445//445
f 1832//1832 1831//1831 1830//1830
f 1833//1833 1832//1832 1829//1829
f 453//453 1841//1841 1838//1838
f 1840//1840 454//454 1839//1839
f 455//455 460//460 1839//1839
f 454//454 1843//1843 455//455
f 1842//1842 1843//1843 454//454
f 1846//1846 1845//1845 1843//1843
f 1848//1848 1847//1847 1845//1845
f 454//454 455//455 1839//1839
f 1842//1842 454//454 1841//1841
f 22//22 1842//1842 1841//1841
f 462//462 1844//1844 1842//1842
f 463//463 1846//1846 1844//1844
f 463//463 1848//1848 1846//1846
f 463//463 439//439 1848//1848
f 439//439 437//437 1848//1848
f 437//437 435//435 1847//1847
f 1847//1847 435//435 456//456
f 1845//1845 456//456 458//458
f 1843//1843 458//458 460//460
f 1854//1854 1853//1853 1849//1849
f 1855//1855 1854//1854 1851//1851
f 1857//1857 1856//1856 1854//1854
f 1849//1849 430//430 21//21
f 1850//1850 1849//1849 21//21
f 1851//1851 1850//1850 446//446
f 1852//1852 1851//1851 445//445
f 1837//1837 1855//1855 1852//1852
f 1839//1839 1857//1857 1855//1855
f 460//460 459//459 1857//1857
f 459//459 457//457 1856//1856
f 1856//1856 457//457 433//433
f 1853//1853 433//433 432//432
f 1849//1849 432//432 430//430
f 1860//1860 1861//1861 1859//1859
f 1862//1862 1860//1860 1858//1858
f 1862//1862 1863//1863 1860//1860
f 1863//1863 453//453 1861//1861
f 1864//1864 1863//1863 1862//1862
f 1859//1859 1833//1833 451//451
f 1858//1858 1859//1859 452//452
f 450//450 1862//1862 1858//1858
f 441//441 1864//1864 1862//1862
f 441//441 464//464 1864//1864
f 464//464 462//462 1863//1863
f 462//462 461//461 453//453
f 461//461 22//22 453//453
f 1861//1861 1838//1838 1836//1836
f 1861//1861 1836//1836 1835//1835
f 1859//1859 1835//1835 1833//1833
f 1866//1866 1868//1868 1865//1865
f 1869//1869 1871//1871 1866//1866
f 1871//1871 1870//1870 1868//1868
f 1874//1874 1872//1872 1869//1869
f 1872//1872 1873//1873 1871//1871
f 1865//1865 468//468 23//23
f 1866//1866 1865//1865 471//471
f 1867//1867 1866//1866 472//472
f 474//474 1867//1867 472//472
f 474//474 1869//1869 1867//1867
f 478//478 1874//1874 1869//1869
f 1872//1872 480//480 1873//1873
f 1873//1873 486//486 465//465
f 1870//1870 465//465 466//466
f 1868//1868 466//466 467//467
f 1865//1865 467//467 468//468
f 1875//1875 1877//1877 1873//1873
f 1879//1879 1878//1878 1875//1875
f 1878//1878 1880//1880 1877//1877
f 1882//1882 1881//1881 1878//1878
f 1884//1884 1882//1882 1879//1879
f 1881//1881 1883//1883 1880//1880
f 1884//1884 1885//1885 1882//1882
f 1875//1875 1873//1873 480//480
f 1876//1876 1875//1875 1872//1872
f 478//478 1876//1876 1874//1874
f 487//487 1879//1879 1876//1876
f 490//490 1884//1884 1879//1879
f 490//490 1889//1889 1884//1884
f 1889//1889 492//492 1885//1885
f 1883//1883 481//481 482//482
f 1880//1880 482//482 484//484
f 1877//1877 484//484 485//485
f 1877//1877 485//485 486//486
f 1887//1887 1912//1912 1886//1886
f 1891//1891 1890//1890 1888//1888
f 1887//1887 1892//1892 1912//1912
f 1894//1894 1893//1893 1887//1887
f 1895//1895 1894//1894 1890//1890
f 1893//1893 494//494 1892//1892
f 493//493 1896//1896 1893//1893
f 1897//1897 493//493 1894//1894
f 1886//1886 1910//1910 481//481
f 1887//1887 1886//1886 1883//1883
f 1888//1888 1887//1887 492//492
f 503//503 493//493 1897//1897
f 1896//1896 494//494 1893//1893
f 495//495 25//25 494//494
f 1892//1892 1915//1915 1912//1912
f 1902//1902 1901//1901 495//495
f 1903//1903 1902//1902 1898//1898
f 1900//1900 1903//1903 1899//1899
f 1906//1906 1905//1905 1901//1901
f 1903//1903 1906//1906 1902//1902
f 1904//1904 1908//1908 1903//1903
f 1908//1908 1907//1907 1906//1906
f 495//495 502//502 25//25
f 1898//1898 495//495 494//494
f 1899//1899 1898//1898 1896//1896
f 1900//1900 1899//1899 493//493
f 503//503 1900//1900 493//493
f 504//504 1904//1904 1900//1900
f 506//506 1908//1908 1904//1904
f 506//506 473//473 1908//1908
f 473//473 471//471 1908//1908
f 471//471 470//470 1907//1907
f 470//470 469//469 1907//1907
f 1907//1907 469//469 498//498
f 1905//1905 498//498 500//500
f 1901//1901 500//500 502//502
f 1913//1913 1911//1911 1909//1909
f 1912//1912 1913//1913 1910//1910
f 1915//1915 1914//1914 1913//1913
f 1914//1914 1916//1916 1913//1913
f 1909//1909 465//465 24//24
f 1910//1910 1909//1909 483//483
f 25//25 501//501 1915//1915
f 501//501 499//499 1914//1914
f 499//499 497//497 1916//1916
f 497//497 496//496 1916//1916
f 1916//1916 496//496 467//467
f 1911//1911 467//467 466//466
f 1911//1911 466//466 465//465
f 1918//1918 1920//1920 1917//1917
f 1921//1921 1920//1920 1918//1918
f 1923//1923 1922//1922 1920//1920
f 1921//1921 1923//1923 1920//1920
f 1923//1923 1925//1925 1922//1922
f 1924//1924 1925//1925 1923//1923
f 1917//1917 1889//1889 490//490
f 1918//1918 1917//1917 490//490
f 1919//1919 1918//1918 488//488
f 479//479 1919//1919 488//488
f 479//479 1921//1921 1919//1919
f 475//475 1924//1924 1921//1921
f 475//475 507//507 1924//1924
f 507//507 505//505 1924//1924
f 505//505 503//503 1925//1925
f 1925//1925 1897//1897 1895//1895
f 1925//1925 1895//1895 1891//1891
f 1920//1920 1891//1891 1889//1889
f 1930//1930 1929//1929 1926//1926
f 1931//1931 1930//1930 1927//1927
f 1931//1931 1932//1932 1930//1930
f 1934//1934 1933//1933 1929//1929
f 1935//1935 1934//1934 1932//1932
f 1935//1935 1936//1936 1934//1934
f 1938//1938 1937//1937 1936//1936
f 1939//1939 1938//1938 1935//1935
f 1926//1926 511//511 26//26
f 1927//1927 1926//1926 26//26
f 1928//1928 1927//1927 514//514
f 517//517 1928//1928 516//516
f 517//517 1931//1931 1928//1928
f 520//520 1935//1935 1931//1931
f 521//521 1939//1939 1935//1935
f 1939//1939 522//522 1938//1938
f 1938//1938 523//523 1937//1937
f 1933//1933 27//27 509//509
f 1929//1929 509//509 510//510
f 1926//1926 510//510 511//511
f 1944//1944 1943//1943 1940//1940
f 1945//1945 1944//1944 1940//1940
f 1946//1946 1945//1945 1941//1941
f 1947//1947 1946//1946 1942//1942
f 1946//1946 1948//1948 1945//1945
f 1950//1950 1949//1949 1943//1943
f 1951//1951 1950//1950 1944//1944
f 1952//1952 1951//1951 1948//1948
f 1953//1953 1952//1952 1946//1946
f 1952//1952 1954//1954 1951//1951
f 1957//1957 1956//1956 1949//1949
f 1958//1958 1957//1957 1954//1954
f 1959//1959 1958//1958 1952//1952
f 1940//1940 527//527 27//27
f 1941//1941 1940//1940 1937//1937
f 1942//1942 1941//1941 1938//1938
f 528//528 1947//1947 1939//1939
f 530//530 1953//1953 1947//1947
f 533//533 1955//1955 1953//1953
f 533//533 1959//1959 1955//1955
f 1959//1959 534//534 1958//1958
f 1958//1958 535//535 1957//1957
f 1949//1949 29//29 525//525
f 1943//1943 525//525 526//526
f 1940//1940 526//526 527//527
f 1962//1962 1964//1964 1961//1961
f 1967//1967 1966//1966 1960//1960
f 1968//1968 1967//1967 1960//1960
f 1969//1969 1968//1968 1964//1964
f 1971//1971 1969//1969 1962//1962
f 1969//1969 1970//1970 1968//1968
f 1973//1973 1972//1972 1966//1966
f 1974//1974 1973//1973 1967//1967
f 1975//1975 1974//1974 1970//1970
f 1976//1976 1975//1975 1969//1969
f 1975//1975 1977//1977 1974//1974
f 1980//1980 1979//1979 1973//1973
f 1981//1981 1980//1980 1977//1977
f 1982//1982 1981//1981 1975//1975
f 1960//1960 2007//2007 29//29
f 1961//1961 1960//1960 1957//1957
f 1962//1962 1961//1961 1958//1958
f 1963//1963 1962//1962 1959//1959
f 1965//1965 1963//1963 1959//1959
f 1982//1982 1978//1978 1976//1976
f 28//28 1986//1986 1982//1982
f 1981//1981 536//536 1980//1980
f 1980//1980 537//537 1979//1979
f 1979//1979 543//543 2021//2021
f 1979//1979 2021//2021 2017//2017
f 1972//1972 2017//2017 2012//2012
f 1966//1966 2012//2012 2007//2007
f 1985//1985 1987//1987 1984//1984
f 1989//1989 1988//1988 1983//1983
f 1990//1990 1989//1989 1983//1983
f 1991//1991 1990//1990 1987//1987
f 1992//1992 1991//1991 1985//1985
f 1991//1991 1993//1993 1990//1990
f 1995//1995 1994//1994 1989//1989
f 1996//1996 1995//1995 1993//1993
f 1997//1997 1996//1996 1991//1991
f 1994//1994 1998//1998 1988//1988
f 1996//1996 1999//1999 1995//1995
f 2002//2002 2001//2001 1999//1999
f 2003//2003 2002//2002 1996//1996
f 1984//1984 1983//1983 537//537
f 1985//1985 1984//1984 536//536
f 28//28 1992//1992 1986//1986
f 545//545 1997//1997 1992//1992
f 547//547 2000//2000 1997//1997
f 547//547 2003//2003 2000//2000
f 547//547 515//515 2003//2003
f 515//515 513//513 2001//2001
f 513//513 512//512 1998//1998
f 1998//1998 512//512 540//540
f 1988//1988 540//540 541//541
f 1983//1983 541//541 543//543
f 2005//2005 2008//2008 2004//2004
f 2007//2007 2009//2009 2006//2006
f 2011//2011 2010//2010 2005//2005
f 2012//2012 2011//2011 2009//2009
f 2010//2010 2013//2013 2008//2008
f 2012//2012 2014//2014 2011//2011
f 2016//2016 2015//2015 2010//2010
f 2017//2017 2016//2016 2014//2014
f 2015//2015 2018//2018 2013//2013
f 2017//2017 2020//2020 2016//2016
f 2020//2020 2019//2019 2015//2015
f 2005//2005 2004//2004 526//526
f 2006//2006 2005//2005 525//525
f 2007//2007 2006//2006 524//524
f 543//543 542//542 2020//2020
f 542//542 539//539 2019//2019
f 539//539 538//538 2018//2018
f 2018//2018 538//538 510//510
f 2013//2013 510//510 509//509
f 2008//2008 509//509 508//508
f 2023//2023 2027//2027 2022//2022
f 2026//2026 2025//2025 2023//2023
f 2028//2028 2027//2027 2023//2023
f 2026//2026 2028//2028 2025//2025
f 2030//2030 2029//2029 2027//2027
f 2031//2031 2030//2030 2028//2028
f 2030//2030 2032//2032 2029//2029
f 2035//2035 2033//2033 2031//2031
f 2035//2035 2034//2034 2030//2030
f 2034//2034 1982//1982 2032//2032
f 2037//2037 2036//2036 2035//2035
f 2022//2022 1965//1965 533//533
f 2023//2023 2022//2022 532//532
f 2024//2024 2023//2023 531//531
f 529//529 2026//2026 2024//2024
f 520//520 2031//2031 2026//2026
f 519//519 2035//2035 2031//2031
f 518//518 2037//2037 2035//2035
f 518//518 548//548 2037//2037
f 548//548 546//546 2036//2036
f 546//546 544//544 2034//2034
f 544//544 28//28 1982//1982
f 2032//2032 1982//1982 1976//1976
f 2032//2032 1976//1976 1971//1971
f 2027//2027 1971//1971 1965//1965
f 2043//2043 2042//2042 2038//2038
f 2044//2044 2043//2043 2039//2039
f 2045//2045 2044//2044 2040//2040
f 2047//2047 2046//2046 2042//2042
f 2048//2048 2047//2047 2043//2043
f 2049//2049 2048//2048 2044//2044
f 2051//2051 2050//2050 2048//2048
f 2038//2038 552//552 30//30
f 2039//2039 2038//2038 30//30
f 2040//2040 2039//2039 555//555
f 2041//2041 2040//2040 556//556
f 559//559 2041//2041 556//556
f 560//560 2045//2045 2041//2041
f 563//563 2049//2049 2045//2045
f 564//564 2051//2051 2049//2049
f 2051//2051 565//565 2050//2050
f 565//565 566//566 2047//2047
f 2046//2046 573//573 550//550
f 2038//2038 550//550 552//552
f 2056//2056 2055//2055 2054//2054
f 2058//2058 2057//2057 2052//2052
f 2059//2059 2058//2058 2053//2053
f 2056//2056 2059//2059 2055//2055
f 2062//2062 2061//2061 2057//2057
f 2063//2063 2062//2062 2058//2058
f 2064//2064 2063//2063 2059//2059
f 2060//2060 2064//2064 2059//2059
f 580//580 2065//2065 2061//2061
f 2066//2066 580//580 2062//2062
f 2053//2053 2052//2052 566//566
f 2054//2054 2053//2053 565//565
f 2056//2056 2054//2054 2051//2051
f 574//574 2056//2056 2051//2051
f 576//576 2060//2060 2056//2056
f 578//578 2066//2066 2060//2060
f 578//578 582//582 2066//2066
f 579//579 580//580 2066//2066
f 2065//2065 568//568 567//567
f 2061//2061 567//567 569//569
f 2061//2061 569//569 570//570
f 2057//2057 570//570 572//572
f 2052//2052 572//572 573//573
f 2074//2074 2070//2070 2067//2067
f 2071//2071 2074//2074 2067//2067
f 2072//2072 2071//2071 2068//2068
f 2074//2074 2073//2073 2070//2070
f 2076//2076 2075//2075 2071//2071
f 2075//2075 2077//2077 2074//2074
f 2078//2078 581//581 2077//2077
f 2079//2079 2078//2078 2077//2077
f 2080//2080 2079//2079 2076//2076
f 2065//2065 2098//2098 568//568
f 2067//2067 2069//2069 580//580
f 2068//2068 2067//2067 579//579
f 583//583 2076//2076 2072//2072
f 2079//2079 584//584 2078//2078
f 2078//2078 585//585 581//581
f 585//585 590//590 581//581
f 2077//2077 2109//2109 2108//2108
f 2073//2073 2108//2108 2104//2104
f 2073//2073 2104//2104 2103//2103
f 2070//2070 2103//2103 2099//2099
f 2069//2069 2099//2099 2098//2098
f 2081//2081 2083//2083 585//585
f 2086//2086 2084//2084 2082//2082
f 2086//2086 2085//2085 2081//2081
f 2085//2085 2087//2087 2083//2083
f 2090//2090 2089//2089 2085//2085
f 2093//2093 2090//2090 2088//2088
f 2089//2089 2091//2091 2087//2087
f 2093//2093 2092//2092 2090//2090
f 2093//2093 2094//2094 2092//2092
f 2081//2081 585//585 2078//2078
f 2082//2082 2081//2081 2079//2079
f 591//591 2082//2082 2080//2080
f 591//591 2086//2086 2082//2082
f 592//592 2088//2088 2086//2086
f 593//593 2093//2093 2088//2088
f 594//594 557//557 2093//2093
f 557//557 555//555 2094//2094
f 555//555 554//554 2094//2094
f 554//554 553//553 2091//2091
f 2091//2091 553//553 587//587
f 2087//2087 587//587 588//588
f 2083//2083 588//588 589//589
f 2083//2083 589//589 590//590
f 2101//2101 2100//2100 2095//2095
f 2102//2102 2101//2101 2096//2096
f 2103//2103 2102//2102 2097//2097
f 2106//2106 2105//2105 2100//2100
f 2107//2107 2106//2106 2101//2101
f 2108//2108 2107//2107 2102//2102
f 2111//2111 2110//2110 2106//2106
f 2112//2112 2111//2111 2107//2107
f 2095//2095 549//549 31//31
f 2096//2096 2095//2095 31//31
f 2097//2097 2096//2096 571//571
f 2098//2098 2097//2097 568//568
f 581//581 2112//2112 2109//2109
f 590//590 588//588 2111//2111
f 588//588 586//586 2110//2110
f 2110//2110 586//586 551//551
f 2100//2100 551//551 549//549
f 2118//2118 2117//2117 2113//2113
f 2119//2119 2118//2118 2114//2114
f 2120//2120 2119//2119 2115//2115
f 2121//2121 583//583 2117//2117
f 2122//2122 2121//2121 2118//2118
f 2123//2123 2122//2122 2119//2119
f 2121//2121 2124//2124 583//583
f 2113//2113 582//582 578//578
f 2114//2114 2113//2113 578//578
f 2115//2115 2114//2114 577//577
f 2116//2116 2115//2115 575//575
f 562//562 2120//2120 2116//2116
f 561//561 2123//2123 2120//2120
f 558//558 2125//2125 2123//2123
f 558//558 593//593 2125//2125
f 593//593 592//592 2121//2121
f 592//592 591//591 2124//2124
f 2124//2124 2080//2080 583//583
f 2117//2117 583//583 2072//2072
f 2117//2117 2072//2072 2068//2068
f 2113//2113 2068//2068 582//582
f 2127//2127 2129//2129 2126//2126
f 2131//2131 2130//2130 2127//2127
f 2131//2131 2132//2132 2130//2130
f 2132//2132 2133//2133 2129//2129
f 2136//2136 2135//2135 2132//2132
f 2135//2135 2137//2137 2133//2133
f 2141//2141 2138//2138 2136//2136
f 2140//2140 2139//2139 2135//2135
f 2141//2141 2140//2140 2138//2138
f 2126//2126 599//599 32//32
f 2127//2127 2126//2126 32//32
f 2128//2128 2127//2127 603//603
f 604//604 2131//2131 2128//2128
f 606//606 2134//2134 2131//2131
f 607//607 2136//2136 2134//2134
f 607//607 2141//2141 2136//2136
f 609//609 610//610 2141//2141
f 2140//2140 611//611 2139//2139
f 611//611 2137//2137 2139//2139
f 2137//2137 34//34 596//596
f 2133//2133 596//596 597//597
f 2129//2129 597//597 599//599
f 2143//2143 2144//2144 2142//2142
f 2150//2150 2146//2146 2143//2143
f 2147//2147 2150//2150 2145//2145
f 2149//2149 2148//2148 2144//2144
f 2146//2146 2149//2149 2144//2144
f 2152//2152 2151//2151 2146//2146
f 2156//2156 2152//2152 2150//2150
f 2153//2153 2156//2156 2150//2150
f 2155//2155 2154//2154 2149//2149
f 2152//2152 2155//2155 2151//2151
f 2158//2158 2157//2157 2154//2154
f 2159//2159 2158//2158 2155//2155
f 2160//2160 2159//2159 2152//2152
f 2142//2142 617//617 34//34
f 2143//2143 2142//2142 2137//2137
f 2145//2145 2143//2143 2140//2140
f 619//619 2147//2147 610//610
f 620//620 2153//2153 2147//2147
f 622//622 2156//2156 2153//2153
f 623//623 2160//2160 2156//2156
f 2160//2160 624//624 2159//2159
f 2159//2159 625//625 2158//2158
f 2157//2157 612//612 613//613
f 2148//2148 613//613 615//615
f 2144//2144 615//615 617//617
f 2164//2164 2165//2165 2163//2163
f 2167//2167 2166//2166 2161//2161
f 2168//2168 2167//2167 2162//2162
f 2169//2169 2168//2168 2165//2165
f 2169//2169 2170//2170 2168//2168
f 2172//2172 2171//2171 2166//2166
f 2173//2173 2172//2172 2167//2167
f 2174//2174 2173//2173 2170//2170
f 2174//2174 2175//2175 2173//2173
f 2177//2177 2176//2176 2171//2171
f 2178//2178 2177//2177 2172//2172
f 2179//2179 2178//2178 2175//2175
f 2161//2161 2201//2201 612//612
f 2162//2162 2161//2161 2158//2158
f 2163//2163 2162//2162 2159//2159
f 2164//2164 2163//2163 2160//2160
f 35//35 626//626 2179//2179
f 2178//2178 627//627 2177//2177
f 2177//2177 628//628 2176//2176
f 2176//2176 636//636 2218//2218
f 2176//2176 2218//2218 2215//2215
f 2171//2171 2215//2215 2209//2209
f 2166//2166 2209//2209 2201//2201
f 2184//2184 2183//2183 2181//2181
f 2185//2185 2184//2184 2182//2182
f 2187//2187 2186//2186 2180//2180
f 2183//2183 2187//2187 2180//2180
f 2189//2189 2188//2188 2184//2184
f 2190//2190 2189//2189 2184//2184
f 2188//2188 2187//2187 2183//2183
f 2192//2192 2191//2191 2187//2187
f 2193//2193 2192//2192 2188//2188
f 2195//2195 2193//2193 2189//2189
f 2195//2195 2194//2194 2193//2193
f 2197//2197 2196//2196 2192//2192
f 2195//2195 2197//2197 2194//2194
f 2181//2181 2180//2180 628//628
f 2182//2182 2181//2181 627//627
f 35//35 2182//2182 626//626
f 637//637 2185//2185 2182//2182
f 637//637 2190//2190 2185//2185
f 640//640 2195//2195 2190//2190
f 33//33 603//603 2195//2195
f 603//603 602//602 2196//2196
f 602//602 601//601 2196//2196
f 2196//2196 601//601 630//630
f 2191//2191 630//630 633//633
f 2186//2186 633//633 635//635
f 2180//2180 635//635 636//636
f 2199//2199 2202//2202 2198//2198
f 2201//2201 2203//2203 2200//2200
f 2205//2205 2204//2204 2199//2199
f 2206//2206 2205//2205 2203//2203
f 2204//2204 2207//2207 2202//2202
f 2206//2206 2208//2208 2205//2205
f 2211//2211 2210//2210 2204//2204
f 2212//2212 2211//2211 2208//2208
f 2210//2210 2213//2213 2207//2207
f 2212//2212 2214//2214 2211//2211
f 2217//2217 2216//2216 2210//2210
f 2218//2218 2217//2217 2212//2212
f 2199//2199 2198//2198 618//618
f 2200//2200 2199//2199 616//616
f 2201//2201 2200//2200 614//614
f 2209//2209 2206//2206 2201//2201
f 2215//2215 2212//2212 2209//2209
f 636//636 634//634 2217//2217
f 634//634 632//632 2216//2216
f 632//632 631//631 2213//2213
f 631//631 629//629 2213//2213
f 2213//2213 629//629 600//600
f 2207//2207 600//600 598//598
f 2202//2202 598//598 595//595
f 2220//2220 2222//2222 2219//2219
f 2227//2227 2224//2224 2221//2221
f 2225//2225 2227//2227 2221//2221
f 2226//2226 2225//2225 2222//2222
f 2229//2229 2226//2226 2220//2220
f 2226//2226 2228//2228 2225//2225
f 2233//2233 2230//2230 2227//2227
f 2231//2231 2233//2233 2227//2227
f 2232//2232 2231//2231 2228//2228
f 2235//2235 2232//2232 2226//2226
f 2232//2232 2234//2234 2231//2231
f 2236//2236 2179//2179 2233//2233
f 2237//2237 2236//2236 2234//2234
f 2238//2238 2237//2237 2232//2232
f 2221//2221 2164//2164 623//623
f 2219//2219 2221//2221 623//623
f 2220//2220 2219//2219 620//620
f 2223//2223 2220//2220 619//619
f 608//608 2223//2223 619//619
f 608//608 2229//2229 2223//2223
f 606//606 2235//2235 2229//2229
f 605//605 2238//2238 2235//2235
f 605//605 642//642 2238//2238
f 642//642 639//639 2236//2236
f 639//639 638//638 2236//2236
f 638//638 35//35 2179//2179
f 2230//2230 2174//2174 2169//2169
f 2224//2224 2169//2169 2164//2164
f 2240//2240 2244//2244 2239//2239
f 2242//2242 2245//2245 2241//2241
f 2246//2246 2249//2249 2242//2242
f 2248//2248 2247//2247 2240//2240
f 2249//2249 2248//2248 2242//2242
f 2251//2251 2250//2250 2247//2247
f 2252//2252 2251//2251 2248//2248
f 2253//2253 2252//2252 2249//2249
f 2255//2255 2254//2254 2250//2250
f 2256//2256 2255//2255 2251//2251
f 2259//2259 2256//2256 2252//2252
f 2258//2258 2257//2257 2255//2255
f 2259//2259 2258//2258 2256//2256
f 2261//2261 2260//2260 2254//2254
f 2262//2262 2261//2261 2257//2257
f 2263//2263 2262//2262 2258//2258
f 2240//2240 2239//2239 652//652
f 2241//2241 2240//2240 652//652
f 2242//2242 2241//2241 654//654
f 2243//2243 2242//2242 655//655
f 658//658 2243//2243 655//655
f 658//658 2246//2246 2243//2243
f 659//659 2253//2253 2246//2246
f 662//662 2259//2259 2253//2253
f 664//664 2263//2263 2259//2259
f 664//664 2267//2267 2263//2263
f 2267//2267 665//665 2262//2262
f 665//665 666//666 2262//2262
f 666//666 667//667 2261//2261
f 2254//2254 36//36 645//645
f 2250//2250 645//645 646//646
f 2244//2244 646//646 649//649
f 2265//2265 2268//2268 2264//2264
f 2266//2266 2269//2269 666//666
f 2270//2270 2273//2273 2266//2266
f 2272//2272 2271//2271 2265//2265
f 2273//2273 2272//2272 2266//2266
f 2275//2275 2274//2274 2271//2271
f 2276//2276 2275//2275 2272//2272
f 2277//2277 2276//2276 2273//2273
f 2279//2279 2278//2278 2274//2274
f 2280//2280 2279//2279 2275//2275
f 2283//2283 2280//2280 2276//2276
f 2282//2282 2281//2281 2279//2279
f 2283//2283 2282//2282 2280//2280
f 2285//2285 2284//2284 2278//2278
f 2286//2286 2285//2285 2281//2281
f 2287//2287 2286//2286 2282//2282
f 2264//2264 672//672 36//36
f 2265//2265 2264//2264 667//667
f 666//666 2265//2265 667//667
f 673//673 2270//2270 2267//2267
f 674//674 2277//2277 2270//2270
f 675//675 2283//2283 2277//2277
f 676//676 2287//2287 2283//2283
f 676//676 677//677 2287//2287
f 677//677 678//678 2286//2286
f 678//678 679//679 2286//2286
f 679//679 680//680 2285//2285
f 2284//2284 669//669 668//668
f 2278//2278 668//668 670//670
f 2274//2274 670//670 671//671
f 2268//2268 671//671 672//672
f 2289//2289 2292//2292 2288//2288
f 2290//2290 2293//2293 679//679
f 2295//2295 2294//2294 2290//2290
f 2297//2297 2296//2296 2289//2289
f 2298//2298 2297//2297 2290//2290
f 2295//2295 2298//2298 2294//2294
f 2300//2300 2299//2299 2296//2296
f 2301//2301 2300//2300 2297//2297
f 2302//2302 2301//2301 2298//2298
f 2304//2304 2303//2303 2299//2299
f 2305//2305 2304//2304 2300//2300
f 2308//2308 2305//2305 2301//2301
f 2307//2307 2306//2306 2304//2304
f 2308//2308 2307//2307 2305//2305
f 2309//2309 681//681 2303//2303
f 2310//2310 2309//2309 2306//2306
f 2311//2311 2310//2310 2307//2307
f 2312//2312 2311//2311 2308//2308
f 2288//2288 2341//2341 669//669
f 2289//2289 2288//2288 680//680
f 679//679 2289//2289 680//680
f 2291//2291 2290//2290 677//677
f 685//685 2308//2308 2302//2302
f 37//37 687//687 2312//2312
f 2310//2310 688//688 2309//2309
f 688//688 689//689 681//681
f 689//689 694//694 681//681
f 2303//2303 682//682 2356//2356
f 2303//2303 2356//2356 2352//2352
f 2299//2299 2352//2352 683//683
f 2292//2292 683//683 2345//2345
f 2292//2292 2345//2345 2341//2341
f 2313//2313 2317//2317 689//689
f 2315//2315 2318//2318 2314//2314
f 2319//2319 2322//2322 2315//2315
f 2321//2321 2320//2320 2313//2313
f 2322//2322 2321//2321 2315//2315
f 2324//2324 2323//2323 2320//2320
f 2325//2325 2324//2324 2321//2321
f 2326//2326 2325//2325 2322//2322
f 2328//2328 2327//2327 2323//2323
f 2329//2329 2328//2328 2324//2324
f 2330//2330 2329//2329 2325//2325
f 2332//2332 2331//2331 2327//2327
f 2333//2333 2332//2332 2328//2328
f 2330//2330 2333//2333 2329//2329
f 2335//2335 2334//2334 2332//2332
f 2336//2336 2335//2335 2333//2333
f 2313//2313 689//689 688//688
f 2314//2314 2313//2313 688//688
f 2315//2315 2314//2314 2310//2310
f 2316//2316 2315//2315 687//687
f 37//37 2316//2316 687//687
f 37//37 2319//2319 2316//2316
f 697//697 2326//2326 2319//2319
f 698//698 2330//2330 2326//2326
f 699//699 2336//2336 2330//2330
f 699//699 656//656 2336//2336
f 656//656 653//653 2335//2335
f 653//653 651//651 2334//2334
f 651//651 650//650 2331//2331
f 2331//2331 650//650 691//691
f 2331//2331 691//691 692//692
f 2323//2323 692//692 693//693
f 2317//2317 693//693 694//694
f 2338//2338 2342//2342 2337//2337
f 2340//2340 2343//2343 2339//2339
f 2345//2345 2344//2344 2340//2340
f 2347//2347 2346//2346 2338//2338
f 2348//2348 2347//2347 2340//2340
f 2345//2345 2348//2348 2344//2344
f 2350//2350 2349//2349 2346//2346
f 2351//2351 2350//2350 2347//2347
f 2352//2352 2351//2351 2348//2348
f 2354//2354 2353//2353 2349//2349
f 2355//2355 2354//2354 2350//2350
f 2356//2356 2355//2355 2351//2351
f 2358//2358 2357//2357 2353//2353
f 2359//2359 2358//2358 2354//2354
f 2356//2356 2359//2359 2355//2355
f 2361//2361 2360//2360 2358//2358
f 2362//2362 2361//2361 2359//2359
f 2338//2338 2337//2337 671//671
f 2339//2339 2338//2338 671//671
f 2340//2340 2339//2339 670//670
f 2341//2341 2340//2340 669//669
f 681//681 2362//2362 2356//2356
f 694//694 693//693 2362//2362
f 693//693 692//692 2361//2361
f 692//692 691//691 2360//2360
f 691//691 690//690 2357//2357
f 2357//2357 690//690 648//648
f 2357//2357 648//648 647//647
f 2349//2349 647//647 644//644
f 2342//2342 644//644 643//643
f 2364//2364 2368//2368 2363//2363
f 2366//2366 2369//2369 2365//2365
f 2370//2370 2373//2373 2366//2366
f 2372//2372 2371//2371 2364//2364
f 2373//2373 2372//2372 2366//2366
f 2375//2375 2374//2374 2371//2371
f 2376//2376 2375//2375 2372//2372
f 2377//2377 2376//2376 2373//2373
f 2379//2379 2378//2378 2374//2374
f 2380//2380 2379//2379 2375//2375
f 2381//2381 2380//2380 2376//2376
f 2383//2383 2382//2382 2378//2378
f 2384//2384 2383//2383 2379//2379
f 2381//2381 2384//2384 2380//2380
f 2386//2386 2385//2385 2383//2383
f 2387//2387 2386//2386 2384//2384
f 2363//2363 2291//2291 676//676
f 2364//2364 2363//2363 675//675
f 2365//2365 2364//2364 675//675
f 2366//2366 2365//2365 674//674
f 2367//2367 2366//2366 673//673
f 663//663 2367//2367 673//673
f 663//663 2370//2370 2367//2367
f 661//661 2377//2377 2370//2370
f 660//660 2381//2381 2377//2377
f 657//657 2387//2387 2381//2381
f 657//657 698//698 2387//2387
f 698//698 697//697 2386//2386
f 697//697 696//696 2385//2385
f 696//696 695//695 2382//2382
f 695//695 37//37 2312//2312
f 2382//2382 2312//2312 686//686
f 2382//2382 686//686 685//685
f 2378//2378 685//685 2302//2302
f 2374//2374 2302//2302 684//684
f 2368//2368 684//684 2295//2295
f 2368//2368 2295//2295 2291//2291
f 2393//2393 2392//2392 2388//2388
f 2394//2394 2393//2393 2389//2389
f 2395//2395 2394//2394 2391//2391
f 2397//2397 2396//2396 2392//2392
f 2398//2398 2397//2397 2393//2393
f 2399//2399 2398//2398 2395//2395
f 2401//2401 2400//2400 2397//2397
f 2402//2402 2401//2401 2399//2399
f 2388//2388 703//703 38//38
f 2389//2389 2388//2388 706//706
f 2390//2390 2389//2389 708//708
f 2391//2391 2390//2390 709//709
f 711//711 2391//2391 709//709
f 713//713 2395//2395 2391//2391
f 715//715 2399//2399 2395//2395
f 717//717 2402//2402 2399//2399
f 2402//2402 719//719 2401//2401
f 2401//2401 720//720 2400//2400
f 2400//2400 39//39 701//701
f 2396//2396 701//701 702//702
f 2392//2392 702//702 703//703
f 2407//2407 2406//2406 2404//2404
f 2411//2411 2407//2407 2405//2405
f 2409//2409 2408//2408 2403//2403
f 2406//2406 2409//2409 2403//2403
f 2412//2412 2410//2410 2407//2407
f 2411//2411 2412//2412 2407//2407
f 2410//2410 2409//2409 2406//2406
f 2414//2414 2413//2413 2409//2409
f 2415//2415 2414//2414 2410//2410
f 2416//2416 2415//2415 2412//2412
f 2416//2416 2417//2417 2415//2415
f 2419//2419 2418//2418 2413//2413
f 2420//2420 2419//2419 2414//2414
f 2421//2421 2420//2420 2417//2417
f 2403//2403 40//40 39//39
f 2404//2404 2403//2403 720//720
f 2405//2405 2404//2404 2401//2401
f 725//725 2405//2405 2402//2402
f 725//725 2411//2411 2405//2405
f 726//726 2416//2416 2411//2411
f 727//727 2421//2421 2416//2416
f 2421//2421 729//729 2420//2420
f 2420//2420 730//730 2419//2419
f 730//730 2418//2418 2419//2419
f 2418//2418 722//722 721//721
f 2413//2413 721//721 723//723
f 2408//2408 723//723 724//724
f 2403//2403 724//724 40//40
f 2422//2422 2424//2424 2418//2418
f 2426//2426 2425//2425 2422//2422
f 2428//2428 2427//2427 2424//2424
f 2426//2426 2428//2428 2425//2425
f 2431//2431 2430//2430 2426//2426
f 2433//2433 2432//2432 2427//2427
f 2434//2434 2433//2433 2428//2428
f 2431//2431 2434//2434 2430//2430
f 2437//2437 2436//2436 2432//2432
f 2438//2438 2437//2437 2433//2433
f 2435//2435 2438//2438 2434//2434
f 2418//2418 2463//2463 722//722
f 2423//2423 2422//2422 729//729
f 731//731 2423//2423 2421//2421
f 731//731 2426//2426 2423//2423
f 740//740 2441//2441 2435//2435
f 2438//2438 732//732 2437//2437
f 2436//2436 737//737 2480//2480
f 2432//2432 2480//2480 2475//2475
f 2432//2432 2475//2475 2470//2470
f 2427//2427 2470//2470 2468//2468
f 2427//2427 2468//2468 2463//2463
f 2440//2440 2442//2442 2439//2439
f 2445//2445 2444//2444 2441//2441
f 2444//2444 2443//2443 2440//2440
f 2447//2447 2446//2446 2442//2442
f 2443//2443 2447//2447 2442//2442
f 2451//2451 2448//2448 2444//2444
f 2450//2450 2449//2449 2443//2443
f 2454//2454 2450//2450 2448//2448
f 2451//2451 2454//2454 2448//2448
f 2453//2453 2452//2452 2447//2447
f 2450//2450 2453//2453 2449//2449
f 2456//2456 2455//2455 2453//2453
f 2457//2457 2456//2456 2450//2450
f 2440//2440 2439//2439 2436//2436
f 2441//2441 2440//2440 732//732
f 739//739 2445//2445 2441//2441
f 741//741 2451//2451 2445//2445
f 742//742 2454//2454 2451//2451
f 744//744 2457//2457 2454//2454
f 744//744 710//710 2457//2457
f 710//710 708//708 2456//2456
f 708//708 707//707 2455//2455
f 707//707 705//705 2455//2455
f 705//705 704//704 2455//2455
f 2455//2455 704//704 734//734
f 2446//2446 734//734 736//736
f 2442//2442 736//736 737//737
f 2460//2460 2462//2462 2459//2459
f 2465//2465 2464//2464 2458//2458
f 2466//2466 2465//2465 2458//2458
f 2467//2467 2466//2466 2462//2462
f 2468//2468 2467//2467 2460//2460
f 2467//2467 2469//2469 2466//2466
f 2472//2472 2471//2471 2464//2464
f 2473//2473 2472//2472 2465//2465
f 2474//2474 2473//2473 2469//2469
f 2475//2475 2474//2474 2467//2467
f 2474//2474 2476//2476 2473//2473
f 2478//2478 2477//2477 2472//2472
f 2479//2479 2478//2478 2476//2476
f 2480//2480 2479//2479 2474//2474
f 2458//2458 700//700 40//40
f 2459//2459 2458//2458 724//724
f 2460//2460 2459//2459 723//723
f 2461//2461 2460//2460 722//722
f 2463//2463 2461//2461 722//722
f 737//737 738//738 2480//2480
f 738//738 736//736 2479//2479
f 736//736 735//735 2477//2477
f 735//735 733//733 2477//2477
f 2471//2471 733//733 702//702
f 2464//2464 702//702 701//701
f 2458//2458 701//701 700//700
f 2481//2481 2483//2483 731//731
f 2485//2485 2484//2484 2482//2482
f 2487//2487 2486//2486 2483//2483
f 2488//2488 2487//2487 2481//2481
f 2489//2489 2488//2488 2484//2484
f 2490//2490 2489//2489 2484//2484
f 2492//2492 2491//2491 2486//2486
f 2493//2493 2492//2492 2487//2487
f 2495//2495 2493//2493 2489//2489
f 2496//2496 2495//2495 2489//2489
f 2492//2492 2494//2494 2491//2491
f 2498//2498 2497//2497 2492//2492
f 2499//2499 2498//2498 2495//2495
f 2481//2481 731//731 728//728
f 2482//2482 2481//2481 726//726
f 2485//2485 2482//2482 725//725
f 718//718 2485//2485 725//725
f 716//716 2490//2490 2485//2485
f 714//714 2496//2496 2490//2490
f 712//712 2499//2499 2496//2496
f 712//712 743//743 2499//2499
f 743//743 741//741 2498//2498
f 741//741 740//740 2497//2497
f 2494//2494 2435//2435 2431//2431
f 2486//2486 2431//2431 2429//2429
f 2486//2486 2429//2429 731//731
f 2505//2505 2504//2504 2500//2500
f 2506//2506 2505//2505 2501//2501
f 2507//2507 2506//2506 2502//2502
f 2509//2509 2508//2508 2504//2504
f 2510//2510 2509//2509 2505//2505
f 2511//2511 2510//2510 2506//2506
f 2512//2512 763//763 2509//2509
f 2516//2516 2512//2512 2510//2510
f 2500//2500 748//748 41//41
f 2501//2501 2500//2500 41//41
f 2502//2502 2501//2501 752//752
f 2503//2503 2502//2502 754//754
f 757//757 2507//2507 2503//2503
f 760//760 2511//2511 2507//2507
f 761//761 2516//2516 2511//2511
f 2508//2508 768//768 745//745
f 2508//2508 745//745 748//748
f 2519//2519 2518//2518 2513//2513
f 2520//2520 2519//2519 2515//2515
f 2521//2521 2520//2520 2517//2517
f 2521//2521 2522//2522 2520//2520
f 2524//2524 2523//2523 2519//2519
f 2525//2525 2524//2524 2522//2522
f 2526//2526 2525//2525 2521//2521
f 2526//2526 2527//2527 2525//2525
f 2529//2529 2528//2528 2523//2523
f 2530//2530 2529//2529 2524//2524
f 2531//2531 2530//2530 2527//2527
f 2514//2514 2513//2513 763//763
f 2515//2515 2514//2514 2512//2512
f 769//769 2517//2517 2516//2516
f 769//769 2521//2521 2517//2517
f 771//771 2526//2526 2521//2521
f 773//773 2531//2531 2526//2526
f 2530//2530 774//774 2529//2529
f 2529//2529 775//775 2528//2528
f 2528//2528 765//765 764//764
f 2523//2523 764//764 766//766
f 2518//2518 766//766 768//768
f 2540//2540 2536//2536 2533//2533
f 2537//2537 2540//2540 2535//2535
f 2538//2538 2537//2537 2534//2534
f 2540//2540 2539//2539 2536//2536
f 2542//2542 2541//2541 2537//2537
f 2545//2545 2543//2543 2540//2540
f 2542//2542 2545//2545 2541//2541
f 2544//2544 2576//2576 2543//2543
f 2545//2545 2544//2544 2543//2543
f 776//776 2545//2545 2542//2542
f 2532//2532 2563//2563 765//765
f 2533//2533 2532//2532 775//775
f 2535//2535 2533//2533 774//774
f 2534//2534 2535//2535 2530//2530
f 776//776 777//777 2545//2545
f 777//777 778//778 2544//2544
f 2544//2544 779//779 2576//2576
f 779//779 784//784 2576//2576
f 2543//2543 2574//2574 2572//2572
f 2539//2539 2572//2572 2569//2569
f 2539//2539 2569//2569 2567//2567
f 2536//2536 2567//2567 2564//2564
f 2532//2532 2564//2564 2563//2563
f 2546//2546 2548//2548 779//779
f 2553//2553 2550//2550 2546//2546
f 2551//2551 2553//2553 2549//2549
f 2550//2550 2552//2552 2548//2548
f 2555//2555 2554//2554 2550//2550
f 2556//2556 2555//2555 2553//2553
f 2555//2555 2557//2557 2554//2554
f 2559//2559 2558//2558 2555//2555
f 2546//2546 779//779 2544//2544
f 2547//2547 2546//2546 777//777
f 2549//2549 2547//2547 777//777
f 785//785 2549//2549 776//776
f 786//786 2551//2551 2549//2549
f 788//788 2556//2556 2551//2551
f 788//788 2559//2559 2556//2556
f 789//789 755//755 2559//2559
f 755//755 753//753 2558//2558
f 753//753 751//751 2557//2557
f 751//751 750//750 2557//2557
f 750//750 749//749 2557//2557
f 2557//2557 749//749 781//781
f 2557//2557 781//781 782//782
f 2552//2552 782//782 783//783
f 2548//2548 783//783 784//784
f 2566//2566 2565//2565 2561//2561
f 2567//2567 2566//2566 2562//2562
f 2565//2565 2568//2568 2560//2560
f 2571//2571 2570//2570 2565//2565
f 2572//2572 2571//2571 2566//2566
f 2570//2570 2573//2573 2568//2568
f 2576//2576 2575//2575 2571//2571
f 2560//2560 746//746 42//42
f 2561//2561 2560//2560 42//42
f 2562//2562 2561//2561 767//767
f 2563//2563 2562//2562 765//765
f 784//784 783//783 2575//2575
f 783//783 782//782 2570//2570
f 782//782 780//780 2573//2573
f 2568//2568 780//780 747//747
f 2560//2560 747//747 746//746
f 2581//2581 2583//2583 2577//2577
f 2582//2582 2581//2581 2578//2578
f 2584//2584 2582//2582 2579//2579
f 2586//2586 2585//2585 2581//2581
f 2589//2589 2586//2586 2582//2582
f 2585//2585 2587//2587 2583//2583
f 2588//2588 2587//2587 2585//2585
f 2589//2589 2588//2588 2586//2586
f 2577//2577 2534//2534 773//773
f 2578//2578 2577//2577 773//773
f 2579//2579 2578//2578 772//772
f 2580//2580 2579//2579 770//770
f 762//762 2580//2580 770//770
f 759//759 2584//2584 2580//2580
f 758//758 2589//2589 2584//2584
f 756//756 790//790 2589//2589
f 790//790 788//788 2588//2588
f 788//788 787//787 2587//2587
f 787//787 785//785 2587//2587
f 2587//2587 776//776 2542//2542
f 2583//2583 2542//2542 2538//2538
f 2583//2583 2538//2538 2577//2577
f 2594//2594 2593//2593 2592//2592
f 2596//2596 2595//2595 2590//2590
f 2597//2597 2596//2596 2591//2591
f 2598//2598 2597//2597 2593//2593
f 2599//2599 2598//2598 2593//2593
f 2601//2601 2600//2600 2595//2595
f 2602//2602 2601//2601 2596//2596
f 2603//2603 2602//2602 2598//2598
f 2604//2604 2603//2603 2598//2598
f 2606//2606 2605//2605 2600//2600
f 2607//2607 2606//2606 2601//2601
f 2608//2608 2607//2607 2603//2603
f 2590//2590 797//797 43//43
f 2591//2591 2590//2590 800//800
f 2592//2592 2591//2591 801//801
f 2594//2594 2592//2592 803//803
f 805//805 2594//2594 803//803
f 807//807 2599//2599 2594//2594
f 810//810 2604//2604 2599//2599
f 812//812 2608//2608 2604//2604
f 2608//2608 813//813 2607//2607
f 2607//2607 814//814 2606//2606
f 814//814 2605//2605 2606//2606
f 2605//2605 44//44 793//793
f 2600//2600 793//793 795//795
f 2595//2595 795//795 797//797
f 2609//2609 2611//2611 2605//2605
f 2613//2613 2612//2612 2610//2610
f 2615//2615 2614//2614 2611//2611
f 2616//2616 2615//2615 2609//2609
f 2617//2617 2616//2616 2612//2612
f 2618//2618 2617//2617 2612//2612
f 2620//2620 2619//2619 2614//2614
f 2621//2621 2620//2620 2615//2615
f 2622//2622 2621//2621 2617//2617
f 2623//2623 2622//2622 2617//2617
f 2625//2625 2624//2624 2619//2619
f 2626//2626 2625//2625 2620//2620
f 2627//2627 2626//2626 2622//2622
f 2605//2605 821//821 44//44
f 2610//2610 2609//2609 2607//2607
f 2613//2613 2610//2610 2608//2608
f 822//822 2613//2613 2608//2608
f 825//825 2618//2618 2613//2613
f 827//827 2623//2623 2618//2618
f 828//828 2627//2627 2623//2623
f 2627//2627 829//829 2626//2626
f 2626//2626 830//830 2625//2625
f 830//830 2624//2624 2625//2625
f 2624//2624 816//816 815//815
f 2619//2619 815//815 817//817
f 2619//2619 817//817 819//819
f 2614//2614 819//819 821//821
f 2628//2628 2631//2631 2624//2624
f 2630//2630 2632//2632 2629//2629
f 2633//2633 832//832 2631//2631
f 2634//2634 2633//2633 2628//2628
f 2635//2635 2634//2634 2632//2632
f 2633//2633 2636//2636 832//832
f 2635//2635 2637//2637 2634//2634
f 2640//2640 2639//2639 2636//2636
f 2641//2641 2640//2640 2633//2633
f 2642//2642 2641//2641 2637//2637
f 2642//2642 2643//2643 2641//2641
f 2646//2646 2645//2645 2639//2639
f 2647//2647 2646//2646 2640//2640
f 2648//2648 2647//2647 2642//2642
f 2624//2624 833//833 816//816
f 2629//2629 2628//2628 2626//2626
f 2630//2630 2629//2629 2627//2627
f 2638//2638 2635//2635 2630//2630
f 2644//2644 2642//2642 2638//2638
f 46//46 834//834 2648//2648
f 2647//2647 835//835 2646//2646
f 2645//2645 45//45 2681//2681
f 2645//2645 2681//2681 831//831
f 2639//2639 831//831 2676//2676
f 2636//2636 2676//2676 832//832
f 2653//2653 2652//2652 2651//2651
f 2655//2655 2654//2654 2649//2649
f 2656//2656 2655//2655 2650//2650
f 2657//2657 2656//2656 2652//2652
f 2658//2658 2657//2657 2652//2652
f 2660//2660 2659//2659 2654//2654
f 2661//2661 2660//2660 2655//2655
f 2662//2662 2661//2661 2657//2657
f 2663//2663 2662//2662 2657//2657
f 2665//2665 2664//2664 2660//2660
f 2666//2666 2665//2665 2662//2662
f 2649//2649 839//839 45//45
f 2650//2650 2649//2649 2645//2645
f 2651//2651 2650//2650 835//835
f 2653//2653 2651//2651 834//834
f 46//46 2653//2653 834//834
f 842//842 2658//2658 2653//2653
f 844//844 2663//2663 2658//2658
f 846//846 2666//2666 2663//2663
f 846//846 804//804 2666//2666
f 804//804 802//802 2665//2665
f 802//802 799//799 2664//2664
f 799//799 798//798 2664//2664
f 2664//2664 798//798 837//837
f 2659//2659 837//837 838//838
f 2654//2654 838//838 839//839
f 2668//2668 2669//2669 2667//2667
f 2671//2671 2670//2670 2668//2668
f 2672//2672 2669//2669 2668//2668
f 2671//2671 2672//2672 2670//2670
f 2674//2674 2673//2673 2669//2669
f 2675//2675 2674//2674 2672//2672
f 2676//2676 2675//2675 2671//2671
f 2676//2676 2677//2677 2675//2675
f 2679//2679 2678//2678 2673//2673
f 2680//2680 2679//2679 2674//2674
f 2676//2676 2680//2680 2677//2677
f 2668//2668 2667//2667 820//820
f 833//833 2668//2668 818//818
f 45//45 840//840 2680//2680
f 840//840 838//838 2680//2680
f 838//838 837//837 2679//2679
f 837//837 836//836 2678//2678
f 2678//2678 836//836 796//796
f 2673//2673 796//796 794//794
f 2669//2669 794//794 792//792
f 2669//2669 792//792 791//791
f 2683//2683 2685//2685 2682//2682
f 2688//2688 2687//2687 2685//2685
f 2689//2689 2688//2688 2683//2683
f 2691//2691 2689//2689 2686//2686
f 2688//2688 2690//2690 2687//2687
f 2693//2693 2692//2692 2690//2690
f 2694//2694 2693//2693 2688//2688
f 2696//2696 2694//2694 2691//2691
f 2693//2693 2695//2695 2692//2692
f 2698//2698 2697//2697 2693//2693
f 2699//2699 2698//2698 2696//2696
f 2682//2682 2630//2630 828//828
f 2683//2683 2682//2682 828//828
f 2684//2684 2683//2683 826//826
f 2686//2686 2684//2684 824//824
f 811//811 2686//2686 823//823
f 809//809 2691//2691 2686//2686
f 808//808 2696//2696 2691//2691
f 806//806 2699//2699 2696//2696
f 806//806 847//847 2699//2699
f 847//847 845//845 2698//2698
f 845//845 843//843 2697//2697
f 843//843 841//841 2697//2697
f 841//841 46//46 2648//2648
f 2697//2697 2648//2648 2644//2644
f 2692//2692 2644//2644 2638//2638
f 2687//2687 2638//2638 2630//2630
f 2704//2704 2703//2703 2702//2702
f 2707//2707 2705//2705 2701//2701
f 2704//2704 2707//2707 2703//2703
f 2707//2707 2706//2706 2705//2705
f 2710//2710 2709//2709 2707//2707
f 2711//2711 2710//2710 2708//2708
f 2710//2710 2712//2712 2709//2709
f 2700//2700 852//852 47//47
f 2701//2701 2700//2700 47//47
f 2702//2702 2701//2701 856//856
f 858//858 2704//2704 2702//2702
f 861//861 2708//2708 2704//2704
f 862//862 2711//2711 2708//2708
f 864//864 865//865 2711//2711
f 865//865 866//866 2712//2712
f 866//866 867//867 2712//2712
f 2712//2712 876//876 848//848
f 2706//2706 848//848 850//850
f 2705//2705 850//850 852//852
f 2714//2714 2716//2716 2713//2713
f 2721//2721 2718//2718 2714//2714
f 2719//2719 2721//2721 2717//2717
f 2718//2718 2720//2720 2716//2716
f 2723//2723 2722//2722 2718//2718
f 2724//2724 2723//2723 2721//2721
f 2726//2726 2725//2725 2720//2720
f 2723//2723 2726//2726 2722//2722
f 2729//2729 2728//2728 2723//2723
f 2714//2714 2713//2713 867//867
f 2715//2715 2714//2714 865//865
f 2717//2717 2715//2715 865//865
f 864//864 2717//2717 865//865
f 877//877 2719//2719 2717//2717
f 879//879 2724//2724 2719//2719
f 881//881 2727//2727 2724//2724
f 881//881 2729//2729 2727//2727
f 2729//2729 883//883 2728//2728
f 2728//2728 884//884 2726//2726
f 884//884 2725//2725 2726//2726
f 2725//2725 868//868 869//869
f 2725//2725 869//869 870//870
f 2725//2725 870//870 871//871
f 2720//2720 871//871 874//874
f 2716//2716 874//874 876//876
f 2730//2730 2765//2765 885//885
f 2735//2735 2734//2734 2765//2765
f 2736//2736 2735//2735 2730//2730
f 2737//2737 2736//2736 2731//2731
f 2739//2739 2738//2738 2734//2734
f 2740//2740 2739//2739 2735//2735
f 2741//2741 2740//2740 2736//2736
f 2743//2743 886//886 2739//2739
f 2744//2744 2743//2743 2740//2740
f 2730//2730 885//885 2725//2725
f 2731//2731 2730//2730 2728//2728
f 2732//2732 2731//2731 2729//2729
f 49//49 2748//2748 2744//2744
f 2738//2738 892//892 2776//2776
f 2738//2738 2776//2776 2774//2774
f 2738//2738 2774//2774 2769//2769
f 2734//2734 2769//2769 2765//2765
f 2751//2751 2750//2750 2745//2745
f 2752//2752 2751//2751 2747//2747
f 2753//2753 2752//2752 2749//2749
f 2753//2753 2754//2754 2752//2752
f 2756//2756 2755//2755 2751//2751
f 2757//2757 2756//2756 2754//2754
f 2759//2759 2757//2757 2753//2753
f 2759//2759 2758//2758 2757//2757
f 2761//2761 2760//2760 2756//2756
f 2759//2759 2761//2761 2758//2758
f 2746//2746 2745//2745 886//886
f 2747//2747 2746//2746 2743//2743
f 49//49 2749//2749 2748//2748
f 894//894 2753//2753 2749//2749
f 895//895 2759//2759 2753//2753
f 898//898 859//859 2759//2759
f 859//859 857//857 2761//2761
f 857//857 855//855 2760//2760
f 855//855 854//854 2760//2760
f 2760//2760 854//854 888//888
f 2755//2755 888//888 890//890
f 2750//2750 890//890 892//892
f 2767//2767 2766//2766 2762//2762
f 2768//2768 2767//2767 2763//2763
f 2769//2769 2768//2768 2764//2764
f 2768//2768 2771//2771 2767//2767
f 2771//2771 2770//2770 2766//2766
f 2774//2774 2773//2773 2772//2772
f 2773//2773 2775//2775 2771//2771
f 2762//2762 849//849 48//48
f 2763//2763 2762//2762 873//873
f 2764//2764 2763//2763 872//872
f 885//885 2764//2764 868//868
f 892//892 891//891 2774//2774
f 891//891 890//890 2774//2774
f 890//890 889//889 2775//2775
f 889//889 887//887 2775//2775
f 2775//2775 887//887 853//853
f 2770//2770 853//853 851//851
f 2766//2766 851//851 849//849
f 2781//2781 2780//2780 2779//2779
f 2784//2784 2782//2782 2778//2778
f 2781//2781 2784//2784 2780//2780
f 2784//2784 2783//2783 2782//2782
f 2784//2784 2786//2786 2783//2783
f 2787//2787 2788//2788 2784//2784
f 2788//2788 2744//2744 2786//2786
f 2777//2777 2732//2732 881//881
f 2778//2778 2777//2777 882//882
f 2779//2779 2778//2778 880//880
f 878//878 2781//2781 2779//2779
f 863//863 2785//2785 2781//2781
f 860//860 2787//2787 2785//2785
f 860//860 2789//2789 2787//2787
f 860//860 899//899 2789//2789
f 899//899 897//897 2789//2789
f 897//897 896//896 2789//2789
f 896//896 893//893 2788//2788
f 893//893 49//49 2744//2744
f 2786//2786 2742//2742 2741//2741
f 2786//2786 2741//2741 2737//2737
f 2782//2782 2737//2737 2733//2733
f 2777//2777 2733//2733 2732//2732
f 2791//2791 2793//2793 2790//2790
f 2795//2795 2796//2796 2793//2793
f 2799//2799 2797//2797 2794//2794
f 2799//2799 2795//2795 2797//2797
f 2800//2800 2798//2798 2796//2796
f 2799//2799 2800//2800 2795//2795
f 2801//2801 2800//2800 2799//2799
f 2790//2790 904//904 50//50
f 2791//2791 2790//2790 50//50
f 2792//2792 2791//2791 907//907
f 910//910 2792//2792 909//909
f 910//910 2794//2794 2792//2792
f 912//912 2799//2799 2794//2794
f 913//913 2801//2801 2799//2799
f 2801//2801 914//914 2800//2800
f 914//914 2798//2798 2800//2800
f 2798//2798 921//921 901//901
f 2798//2798 901//901 902//902
f 2796//2796 902//902 903//903
f 2793//2793 903//903 904//904
f 2806//2806 2805//2805 2803//2803
f 2807//2807 2806//2806 2804//2804
f 2809//2809 2808//2808 2806//2806
f 2810//2810 2809//2809 2807//2807
f 2809//2809 2811//2811 2808//2808
f 2813//2813 2812//2812 2811//2811
f 2814//2814 2813//2813 2809//2809
f 2803//2803 2802//2802 2798//2798
f 2804//2804 2803//2803 914//914
f 913//913 2804//2804 2801//2801
f 923//923 2807//2807 2804//2804
f 923//923 2810//2810 2807//2807
f 926//926 2814//2814 2810//2810
f 2814//2814 927//927 2813//2813
f 2812//2812 51//51 916//916
f 2808//2808 916//916 917//917
f 2805//2805 917//917 920//920
f 2802//2802 920//920 921//921
f 2818//2818 2842//2842 2815//2815
f 2819//2819 2818//2818 2816//2816
f 2817//2817 2819//2819 2816//2816
f 2818//2818 928//928 2842//2842
f 2821//2821 2848//2848 928//928
f 2822//2822 2821//2821 2818//2818
f 2823//2823 2822//2822 2819//2819
f 2821//2821 2824//2824 2848//2848
f 2825//2825 2824//2824 2821//2821
f 2826//2826 2825//2825 2822//2822
f 2825//2825 2849//2849 2824//2824
f 2815//2815 2842//2842 51//51
f 2816//2816 2815//2815 2813//2813
f 2817//2817 2816//2816 2814//2814
f 936//936 2830//2830 2827//2827
f 2830//2830 930//930 2826//2826
f 2825//2825 934//934 2849//2849
f 2824//2824 2849//2849 2848//2848
f 2829//2829 2831//2831 2828//2828
f 2833//2833 2832//2832 2830//2830
f 2835//2835 2834//2834 2832//2832
f 2836//2836 2835//2835 2833//2833
f 2834//2834 2837//2837 2831//2831
f 2839//2839 2838//2838 2835//2835
f 2829//2829 2828//2828 2825//2825
f 2830//2830 2829//2829 930//930
f 937//937 2833//2833 2830//2830
f 939//939 2836//2836 2833//2833
f 939//939 2839//2839 2836//2836
f 941//941 908//908 2839//2839
f 908//908 906//906 2838//2838
f 906//906 905//905 2837//2837
f 2831//2831 905//905 933//933
f 2831//2831 933//933 934//934
f 2847//2847 2844//2844 2841//2841
f 2843//2843 2847//2847 2841//2841
f 2847//2847 2846//2846 2844//2844
f 2847//2847 2850//2850 2846//2846
f 2849//2849 2847//2847 2845//2845
f 2841//2841 2840//2840 919//919
f 2843//2843 2841//2841 918//918
f 2842//2842 2843//2843 915//915
f 928//928 2845//2845 2842//2842
f 934//934 935//935 2849//2849
f 935//935 932//932 2851//2851
f 932//932 931//931 2850//2850
f 2850//2850 931//931 903//903
f 2846//2846 903//903 902//902
f 2844//2844 902//902 901//901
f 2840//2840 901//901 900//900
f 2853//2853 2854//2854 2852//2852
f 2856//2856 2858//2858 2853//2853
f 2857//2857 2856//2856 2855//2855
f 2860//2860 2859//2859 2856//2856
f 2861//2861 2860//2860 2857//2857
f 2860//2860 2862//2862 2859//2859
f 2863//2863 2827//2827 2862//2862
f 2864//2864 2863//2863 2860//2860
f 2852//2852 2817//2817 926//926
f 2853//2853 2852//2852 926//926
f 2855//2855 2853//2853 922//922
f 912//912 2857//2857 2855//2855
f 912//912 2861//2861 2857//2857
f 911//911 2864//2864 2861//2861
f 911//911 940//940 2864//2864
f 940//940 938//938 2863//2863
f 938//938 936//936 2827//2827
f 2862//2862 2826//2826 929//929
f 2859//2859 929//929 2823//2823
f 2858//2858 2823//2823 2820//2820
f 2854//2854 2820//2820 2817//2817
f 2869//2869 2868//2868 2867//2867
f 2871//2871 2870//2870 2865//2865
f 2872//2872 2871//2871 2866//2866
f 2869//2869 2872//2872 2868//2868
f 2875//2875 2874//2874 2870//2870
f 2876//2876 2875//2875 2871//2871
f 2877//2877 2876//2876 2872//2872
f 2873//2873 2877//2877 2872//2872
f 962//962 2878//2878 2874//2874
f 2879//2879 962//962 2875//2875
f 961//961 2879//2879 2877//2877
f 2865//2865 945//945 52//52
f 2866//2866 2865//2865 52//52
f 2867//2867 2866//2866 948//948
f 2869//2869 2867//2867 949//949
f 953//953 2869//2869 951//951
f 956//956 2873//2873 2869//2869
f 958//958 961//961 2873//2873
f 958//958 960//960 961//961
f 961//961 962//962 2879//2879
f 2878//2878 53//53 943//943
f 2874//2874 943//943 944//944
f 2870//2870 944//944 945//945
f 2884//2884 2883//2883 2882//2882
f 2885//2885 2884//2884 2880//2880
f 2885//2885 2887//2887 2884//2884
f 2887//2887 2886//2886 2883//2883
f 2890//2890 2889//2889 2888//2888
f 2889//2889 2891//2891 2887//2887
f 2878//2878 968//968 53//53
f 2880//2880 2882//2882 962//962
f 2881//2881 2880//2880 961//961
f 958//958 2881//2881 960//960
f 970//970 2885//2885 2881//2881
f 971//971 2888//2888 2885//2885
f 973//973 2890//2890 2888//2888
f 973//973 974//974 2890//2890
f 2889//2889 975//975 2891//2891
f 975//975 976//976 2891//2891
f 2891//2891 56//56 963//963
f 2886//2886 963//963 965//965
f 2883//2883 965//965 968//968
f 2893//2893 2895//2895 2892//2892
f 2898//2898 2897//2897 2893//2893
f 2897//2897 2899//2899 2895//2895
f 2901//2901 2900//2900 2898//2898
f 2903//2903 2902//2902 2897//2897
f 2901//2901 2903//2903 2900//2900
f 2902//2902 2904//2904 2899//2899
f 2906//2906 2905//2905 2903//2903
f 2908//2908 2907//2907 2902//2902
f 2906//2906 2908//2908 2905//2905
f 2892//2892 2926//2926 56//56
f 2893//2893 2892//2892 976//976
f 2894//2894 2893//2893 2889//2889
f 2896//2896 2894//2894 974//974
f 2901//2901 2898//2898 2896//2896
f 55//55 979//979 2906//2906
f 2908//2908 980//980 2907//2907
f 2907//2907 2909//2909 2904//2904
f 2904//2904 985//985 2937//2937
f 2904//2904 2937//2937 2936//2936
f 2899//2899 2936//2936 2932//2932
f 2899//2899 2932//2932 977//977
f 2895//2895 977//977 2926//2926
f 2914//2914 2913//2913 2909//2909
f 2915//2915 2914//2914 2910//2910
f 2919//2919 2915//2915 2911//2911
f 2917//2917 2916//2916 2913//2913
f 2918//2918 2917//2917 2914//2914
f 2919//2919 2918//2918 2915//2915
f 2921//2921 2920//2920 2917//2917
f 2922//2922 2921//2921 2918//2918
f 2911//2911 2910//2910 980//980
f 2912//2912 2911//2911 979//979
f 55//55 2912//2912 979//979
f 986//986 2919//2919 2912//2912
f 989//989 2922//2922 2919//2919
f 989//989 952//952 2922//2922
f 952//952 950//950 2921//2921
f 950//950 947//947 2920//2920
f 2920//2920 947//947 982//982
f 2913//2913 982//982 983//983
f 2909//2909 983//983 985//985
f 2926//2926 2927//2927 2925//2925
f 2929//2929 2928//2928 2924//2924
f 2931//2931 2929//2929 2927//2927
f 2929//2929 2930//2930 2928//2928
f 2935//2935 2934//2934 2930//2930
f 2933//2933 2935//2935 2929//2929
f 2923//2923 942//942 54//54
f 2924//2924 2923//2923 967//967
f 2925//2925 2924//2924 966//966
f 2926//2926 2925//2925 964//964
f 977//977 2931//2931 2926//2926
f 2936//2936 2933//2933 2932//2932
f 985//985 984//984 2937//2937
f 984//984 981//981 2934//2934
f 2934//2934 981//981 946//946
f 2930//2930 946//946 943//943
f 2923//2923 943//943 942//942
f 2941//2941 2940//2940 978//978
f 2942//2942 2941//2941 2938//2938
f 2941//2941 2943//2943 2940//2940
f 2941//2941 2945//2945 2943//2943
f 2949//2949 2946//2946 2942//2942
f 2948//2948 2947//2947 2945//2945
f 2949//2949 2948//2948 2941//2941
f 2948//2948 2950//2950 2947//2947
f 2952//2952 2951//2951 2949//2949
f 978//978 2896//2896 973//973
f 2938//2938 978//978 973//973
f 2939//2939 2938//2938 972//972
f 959//959 2939//2939 969//969
f 957//957 2942//2942 2939//2939
f 957//957 2944//2944 2942//2942
f 955//955 2949//2949 2944//2944
f 954//954 2952//2952 2949//2949
f 954//954 989//989 2952//2952
f 989//989 988//988 2951//2951
f 988//988 987//987 2948//2948
f 987//987 55//55 2906//2906
f 2947//2947 2906//2906 2901//2901
f 2940//2940 2901//2901 978//978
f 2956//2956 2955//2955 2953//2953
f 2957//2957 2956//2956 2954//2954
f 2958//2958 2959//2959 2956//2956
f 2960//2960 2959//2959 2958//2958
f 2963//2963 2960//2960 2958//2958
f 2962//2962 2961//2961 2955//2955
f 2963//2963 2962//2962 2959//2959
f 2953//2953 997//997 57//57
f 2954//2954 2953//2953 1001//1001
f 1004//1004 2957//2957 2954//2954
f 1006//1006 2958//2958 2957//2957
f 1007//1007 2963//2963 2958//2958
f 2963//2963 1009//1009 2962//2962
f 2961//2961 59//59 991//991
f 2955//2955 991//991 992//992
f 2955//2955 992//992 995//995
f 2953//2953 995//995 997//997
f 2964//2964 2966//2966 2961//2961
f 2968//2968 2969//2969 2966//2966
f 2972//2972 2970//2970 2967//2967
f 2972//2972 2968//2968 2970//2970
f 2973//2973 2971//2971 2969//2969
f 2972//2972 2973//2973 2968//2968
f 2974//2974 2973//2973 2972//2972
f 2961//2961 1015//1015 59//59
f 2965//2965 2964//2964 1009//1009
f 1016//1016 2965//2965 2963//2963
f 1016//1016 2967//2967 2965//2965
f 1019//1019 2972//2972 2967//2967
f 1021//1021 2974//2974 2972//2972
f 2974//2974 1022//1022 2973//2973
f 1022//1022 1023//1023 2973//2973
f 1023//1023 2971//2971 2973//2973
f 2971//2971 1011//1011 1010//1010
f 2971//2971 1010//1010 1012//1012
f 2971//2971 1012//1012 1013//1013
f 2969//2969 1013//1013 1014//1014
f 2966//2966 1014//1014 1015//1015
f 2979//2979 3002//3002 1026//1026
f 2977//2977 2979//2979 2975//2975
f 2978//2978 2977//2977 2976//2976
f 2982//2982 2981//2981 2977//2977
f 2980//2980 2982//2982 2978//2978
f 2982//2982 2983//2983 2981//2981
f 2984//2984 2982//2982 2980//2980
f 2985//2985 1024//1024 2983//2983
f 1028//1028 2985//2985 2982//2982
f 2984//2984 1028//1028 2982//2982
f 1026//1026 2999//2999 1011//1011
f 2975//2975 1026//1026 2971//2971
f 2976//2976 2975//2975 2974//2974
f 3015//3015 2978//2978 2976//2976
f 1037//1037 1028//1028 2984//2984
f 1028//1028 1029//1029 2985//2985
f 2985//2985 1030//1030 1024//1024
f 1030//1030 60//60 1024//1024
f 2983//2983 1024//1024 1025//1025
f 2981//2981 1025//1025 3005//3005
f 2979//2979 3005//3005 3002//3002
f 2989//2989 2988//2988 1030//1030
f 2987//2987 2989//2989 2986//2986
f 2989//2989 2990//2990 2988//2988
f 2992//2992 2991//2991 2987//2987
f 2991//2991 2993//2993 2989//2989
f 1030//1030 1036//1036 60//60
f 2986//2986 1030//1030 2985//2985
f 2987//2987 2986//2986 1028//1028
f 1037//1037 2987//2987 1028//1028
f 1037//1037 2992//2992 2987//2987
f 1038//1038 2994//2994 2992//2992
f 1040//1040 2995//2995 2994//2994
f 1042//1042 2996//2996 2995//2995
f 1042//1042 1002//1002 2996//2996
f 1002//1002 1000//1000 2993//2993
f 1000//1000 998//998 2990//2990
f 2990//2990 998//998 1032//1032
f 2990//2990 1032//1032 1033//1033
f 2990//2990 1033//1033 1036//1036
f 3001//3001 3000//3000 2998//2998
f 2999//2999 3001//3001 2998//2998
f 3004//3004 3003//3003 3000//3000
f 3005//3005 3004//3004 3001//3001
f 3006//3006 3007//3007 3003//3003
f 3008//3008 3007//3007 3006//3006
f 2997//2997 990//990 58//58
f 2998//2998 2997//2997 58//58
f 2999//2999 2998//2998 1011//1011
f 1024//1024 3006//3006 3005//3005
f 1024//1024 3008//3008 3006//3006
f 60//60 1035//1035 3007//3007
f 1035//1035 1034//1034 3007//3007
f 1034//1034 1031//1031 3007//3007
f 3007//3007 1031//1031 996//996
f 3007//3007 996//996 994//994
f 3003//3003 994//994 993//993
f 2997//2997 993//993 990//990
f 3012//3012 3015//3015 3011//3011
f 3013//3013 3012//3012 3011//3011
f 3014//3014 3013//3013 3010//3010
f 3016//3016 1027//1027 3015//3015
f 3017//3017 3016//3016 3012//3012
f 3018//3018 3017//3017 3013//3013
f 3016//3016 3019//3019 1027//1027
f 3020//3020 3019//3019 3016//3016
f 3021//3021 3020//3020 3017//3017
f 3009//3009 2976//2976 1021//1021
f 3011//3011 3009//3009 1021//1021
f 3010//3010 3011//3011 1020//1020
f 1008//1008 3010//3010 1017//1017
f 1006//1006 3014//3014 3010//3010
f 1006//1006 3018//3018 3014//3014
f 1005//1005 3021//3021 3018//3018
f 1005//1005 1041//1041 3021//3021
f 1041//1041 1039//1039 3019//3019
f 1039//1039 1037//1037 3019//3019
f 3019//3019 2984//2984 1027//1027
f 3027//3027 3026//3026 3023//3023
f 3028//3028 3027//3027 3025//3025
f 3029//3029 3031//3031 3027//3027
f 3031//3031 3030//3030 3026//3026
f 3034//3034 3033//3033 3031//3031
f 3022//3022 1048//1048 61//61
f 3023//3023 3022//3022 1050//1050
f 3024//3024 3023//3023 1051//1051
f 3025//3025 3024//3024 1052//1052
f 1053//1053 3025//3025 1052//1052
f 1055//1055 3028//3028 3025//3025
f 1055//1055 3029//3029 3028//3028
f 1056//1056 3032//3032 3029//3029
f 3032//3032 1058//1058 3034//3034
f 3034//3034 1059//1059 3033//3033
f 3033//3033 1066//1066 1043//1043
f 3030//3030 1043//1043 1046//1046
f 3026//3026 1046//1046 1048//1048
f 3039//3039 3038//3038 3035//3035
f 3040//3040 3039//3039 3036//3036
f 3045//3045 3042//3042 3040//3040
f 3044//3044 3043//3043 3038//3038
f 3045//3045 3044//3044 3039//3039
f 3047//3047 3046//3046 3045//3045
f 3036//3036 3035//3035 3033//3033
f 3037//3037 3036//3036 3032//3032
f 1067//1067 3037//3037 3032//3032
f 1069//1069 3040//3040 3037//3037
f 1069//1069 3041//3041 3040//3040
f 1071//1071 3045//3045 3041//3041
f 1072//1072 3047//3047 3045//3045
f 3047//3047 1073//1073 3046//3046
f 1073//1073 1074//1074 3044//3044
f 1074//1074 1075//1075 3044//3044
f 3043//3043 1060//1060 1061//1061
f 3038//3038 1061//1061 1062//1062
f 3038//3038 1062//1062 1064//1064
f 3038//3038 1064//1064 1065//1065
f 3035//3035 1065//1065 1066//1066
f 3049//3049 1077//1077 3048//3048
f 3051//3051 3052//3052 3050//3050
f 3054//3054 3053//3053 1077//1077
f 3055//3055 3054//3054 3049//3049
f 3056//3056 3055//3055 3052//3052
f 3058//3058 1076//1076 3053//3053
f 3054//3054 3058//3058 3053//3053
f 3057//3057 3059//3059 3055//3055
f 3060//3060 1080//1080 3058//3058
f 3061//3061 3060//3060 3054//3054
f 3057//3057 3061//3061 3059//3059
f 3048//3048 3078//3078 1060//1060
f 3049//3049 3048//3048 1075//1075
f 3050//3050 3049//3049 1073//1073
f 3051//3051 3050//3050 3047//3047
f 3062//3062 1079//1079 3061//3061
f 1079//1079 1080//1080 3060//3060
f 1081//1081 1087//1087 1080//1080
f 3058//3058 3089//3089 1076//1076
f 3053//3053 3083//3083 1077//1077
f 3066//3066 3065//3065 1081//1081
f 3067//3067 3066//3066 3063//3063
f 3068//3068 3067//3067 3064//3064
f 3071//3071 3070//3070 3065//3065
f 3072//3072 3071//3071 3066//3066
f 3074//3074 3073//3073 3072//3072
f 3063//3063 1081//1081 1080//1080
f 3064//3064 3063//3063 1079//1079
f 1088//1088 3064//3064 3062//3062
f 1089//1089 3068//3068 3064//3064
f 1090//1090 3069//3069 3068//3068
f 1091//1091 3072//3072 3069//3069
f 1091//1091 3074//3074 3072//3072
f 1091//1091 1052//1052 3074//3074
f 1052//1052 1051//1051 3073//3073
f 1051//1051 1050//1050 3071//3071
f 1050//1050 1049//1049 3070//3070
f 3070//3070 1049//1049 1083//1083
f 3065//3065 1083//1083 1084//1084
f 3065//3065 1084//1084 1085//1085
f 3065//3065 1085//1085 1087//1087
f 3081//3081 3080//3080 3075//3075
f 3082//3082 3081//3081 3077//3077
f 3083//3083 3082//3082 3079//3079
f 3085//3085 3084//3084 3082//3082
f 3087//3087 3086//3086 3081//3081
f 3088//3088 3087//3087 3084//3084
f 3089//3089 3088//3088 3085//3085
f 3089//3089 3090//3090 3088//3088
f 3092//3092 3091//3091 3087//3087
f 3093//3093 3092//3092 3090//3090
f 3075//3075 1044//1044 62//62
f 3076//3076 3075//3075 62//62
f 3077//3077 3076//3076 1063//1063
f 3078//3078 3077//3077 1060//1060
f 1077//1077 3079//3079 3078//3078
f 1076//1076 3085//3085 3083//3083
f 1080//1080 3093//3093 3089//3089
f 1087//1087 1086//1086 3093//3093
f 1086//1086 1083//1083 3091//3091
f 1083//1083 1082//1082 3091//3091
f 3091//3091 1082//1082 1047//1047
f 3086//3086 1047//1047 1045//1045
f 3080//3080 1045//1045 1044//1044
f 3095//3095 3097//3097 3094//3094
f 3101//3101 3098//3098 3096//3096
f 3100//3100 3099//3099 3097//3097
f 3101//3101 3100//3100 3095//3095
f 3103//3103 1078//1078 3099//3099
f 3104//3104 3103//3103 3100//3100
f 3107//3107 3104//3104 3102//3102
f 3103//3103 3105//3105 1078//1078
f 3107//3107 3106//3106 3104//3104
f 3109//3109 3108//3108 3105//3105
f 3107//3107 3109//3109 3106//3106
f 3094//3094 3051//3051 1072//1072
f 3095//3095 3094//3094 1072//1072
f 3096//3096 3095//3095 1070//1070
f 1068//1068 3101//3101 3096//3096
f 1057//1057 3102//3102 3101//3101
f 1054//1054 3107//3107 3102//3102
f 1053//1053 1091//1091 3107//3107
f 1091//1091 1090//1090 3109//3109
f 1090//1090 1089//1089 3109//3109
f 1089//1089 1088//1088 3108//3108
f 3105//3105 3062//3062 1078//1078
f 3099//3099 3057//3057 3056//3056
f 3099//3099 3056//3056 3051//3051
f 3114//3114 3113//3113 3111//3111
f 3118//3118 3114//3114 3112//3112
f 3116//3116 3115//3115 3110//3110
f 3113//3113 3116//3116 3110//3110
f 3119//3119 3117//3117 3114//3114
f 3118//3118 3119//3119 3114//3114
f 3117//3117 3116//3116 3113//3113
f 3121//3121 3120//3120 3116//3116
f 3122//3122 3121//3121 3117//3117
f 3123//3123 3122//3122 3119//3119
f 3123//3123 3124//3124 3122//3122
f 3126//3126 3125//3125 3120//3120
f 3127//3127 3126//3126 3121//3121
f 3128//3128 3127//3127 3124//3124
f 3110//3110 1097//1097 63//63
f 3111//3111 3110//3110 1099//1099
f 3112//3112 3111//3111 1100//1100
f 1103//1103 3112//3112 1101//1101
f 1103//1103 3118//3118 3112//3112
f 1105//1105 3123//3123 3118//3118
f 1108//1108 3128//3128 3123//3123
f 3128//3128 1110//1110 3127//3127
f 3127//3127 1111//1111 3126//3126
f 1111//1111 3125//3125 3126//3126
f 3125//3125 1118//1118 1092//1092
f 3120//3120 1092//1092 1094//1094
f 3115//3115 1094//1094 1095//1095
f 3110//3110 1095//1095 1097//1097
f 3129//3129 3131//3131 3125//3125
f 3133//3133 3132//3132 3129//3129
f 3133//3133 3134//3134 3132//3132
f 3134//3134 3135//3135 3131//3131
f 3138//3138 3137//3137 3134//3134
f 3137//3137 3139//3139 3135//3135
f 3143//3143 3140//3140 3138//3138
f 3142//3142 3141//3141 3137//3137
f 3143//3143 3142//3142 3140//3140
f 3130//3130 3129//3129 1110//1110
f 65//65 3130//3130 3128//3128
f 1120//1120 3133//3133 3130//3130
f 1120//1120 3136//3136 3133//3133
f 1121//1121 3138//3138 3136//3136
f 1122//1122 3143//3143 3138//3138
f 3143//3143 1124//1124 3142//3142
f 3142//3142 1125//1125 3141//3141
f 1125//1125 3139//3139 3141//3141
f 3139//3139 1112//1112 1113//1113
f 3139//3139 1113//1113 1114//1114
f 3135//3135 1114//1114 1117//1117
f 3131//3131 1117//1117 1118//1118
f 3145//3145 3148//3148 3144//3144
f 3147//3147 3149//3149 3146//3146
f 3151//3151 3150//3150 3145//3145
f 3152//3152 3151//3151 3149//3149
f 3154//3154 3153//3153 3148//3148
f 3150//3150 3154//3154 3148//3148
f 3152//3152 3155//3155 3151//3151
f 3157//3157 3156//3156 3150//3150
f 3158//3158 3157//3157 3155//3155
f 3160//3160 3159//3159 3154//3154
f 3157//3157 3160//3160 3156//3156
f 3163//3163 3162//3162 3159//3159
f 3164//3164 3163//3163 3160//3160
f 3165//3165 3164//3164 3158//3158
f 3144//3144 3186//3186 1112//1112
f 3145//3145 3144//3144 3139//3139
f 3146//3146 3145//3145 3142//3142
f 3147//3147 3146//3146 3143//3143
f 1128//1128 3152//3152 3147//3147
f 3161//3161 3158//3158 3152//3152
f 1140//1140 1129//1129 3165//3165
f 3164//3164 1130//1130 3163//3163
f 3163//3163 1131//1131 3162//3162
f 3162//3162 1138//1138 3200//3200
f 3162//3162 3200//3200 1126//1126
f 3153//3153 1126//1126 1127//1127
f 3148//3148 1127//1127 3186//3186
f 3171//3171 3170//3170 3166//3166
f 3172//3172 3171//3171 3167//3167
f 3173//3173 3172//3172 3169//3169
f 3175//3175 3174//3174 3170//3170
f 3176//3176 3175//3175 3171//3171
f 3179//3179 3178//3178 3175//3175
f 3180//3180 3179//3179 3177//3177
f 3167//3167 3166//3166 1131//1131
f 3168//3168 3167//3167 1130//1130
f 3169//3169 3168//3168 1129//1129
f 1140//1140 3169//3169 1129//1129
f 1139//1139 3173//3173 3169//3169
f 1142//1142 3176//3176 3173//3173
f 1143//1143 3177//3177 3176//3176
f 1143//1143 3180//3180 3177//3177
f 1143//1143 1102//1102 3180//3180
f 1102//1102 1100//1100 3179//3179
f 1100//1100 1099//1099 3178//3178
f 1099//1099 1098//1098 3178//3178
f 3178//3178 1098//1098 1134//1134
f 3174//3174 1134//1134 1136//1136
f 3170//3170 1136//1136 1137//1137
f 3166//3166 1137//1137 1138//1138
f 3182//3182 3184//3184 3181//3181
f 3186//3186 3185//3185 3183//3183
f 3188//3188 3187//3187 3182//3182
f 3186//3186 3188//3188 3185//3185
f 3190//3190 3189//3189 3184//3184
f 3187//3187 3190//3190 3184//3184
f 3192//3192 3191//3191 3188//3188
f 3194//3194 3193//3193 3187//3187
f 3195//3195 3194//3194 3191//3191
f 3192//3192 3195//3195 3191//3191
f 3197//3197 3196//3196 3190//3190
f 3194//3194 3197//3197 3193//3193
f 3199//3199 3198//3198 3197//3197
f 3200//3200 3199//3199 3195//3195
f 3181//3181 1093//1093 64//64
f 3182//3182 3181//3181 64//64
f 3183//3183 3182//3182 1116//1116
f 3186//3186 3183//3183 1112//1112
f 1127//1127 3192//3192 3186//3186
f 1126//1126 3195//3195 3192//3192
f 1138//1138 1136//1136 3199//3199
f 1136//1136 1135//1135 3198//3198
f 1135//1135 1133//1133 3196//3196
f 1133//1133 1132//1132 3196//3196
f 3196//3196 1132//1132 1096//1096
f 3196//3196 1096//1096 1094//1094
f 3184//3184 1094//1094 1093//1093
f 3202//3202 3204//3204 3201//3201
f 3207//3207 3206//3206 3204//3204
f 3208//3208 3207//3207 3202//3202
f 3209//3209 3208//3208 3205//3205
f 3207//3207 3210//3210 3206//3206
f 3212//3212 3211//3211 3207//3207
f 3213//3213 3212//3212 3208//3208
f 3216//3216 3213//3213 3208//3208
f 3215//3215 3214//3214 3210//3210
f 3212//3212 3215//3215 3211//3211
f 3218//3218 3217//3217 3215//3215
f 3219//3219 3218//3218 3212//3212
f 3201//3201 3147//3147 1122//1122
f 3202//3202 3201//3201 1123//1123
f 3203//3203 3202//3202 1121//1121
f 3205//3205 3203//3203 1120//1120
f 1109//1109 3205//3205 1119//1119
f 1107//1107 3209//3209 3205//3205
f 1106//1106 3216//3216 3209//3209
f 1104//1104 3219//3219 3216//3216
f 1104//1104 1143//1143 3219//3219
f 1143//1143 1142//1142 3218//3218
f 1142//1142 1141//1141 3217//3217
f 1141//1141 1140//1140 3217//3217
f 3217//3217 3165//3165 3161//3161
f 3210//3210 3161//3161 1128//1128
f 3206//3206 1128//1128 3147//3147
f 3224//3224 3223//3223 3220//3220
f 3225//3225 3224//3224 3221//3221
f 3226//3226 3225//3225 3222//3222
f 3230//3230 3227//3227 3225//3225
f 3229//3229 3228//3228 3223//3223
f 3230//3230 3229//3229 3224//3224
f 3232//3232 3231//3231 3230//3230
f 3221//3221 3220//3220 1151//1151
f 3222//3222 3221//3221 1154//1154
f 1159//1159 3222//3222 1156//1156
f 1161//1161 3226//3226 3222//3222
f 1163//1163 3230//3230 3226//3226
f 1165//1165 3232//3232 3230//3230
f 3232//3232 1166//1166 3231//3231
f 1166//1166 1167//1167 3229//3229
f 1167//1167 1168//1168 3229//3229
f 3228//3228 66//66 1145//1145
f 3223//3223 1145//1145 1147//1147
f 3223//3223 1147//1147 1148//1148
f 3223//3223 1148//1148 1149//1149
f 3220//3220 1149//1149 1151//1151
f 3238//3238 3237//3237 3234//3234
f 3239//3239 3238//3238 3236//3236
f 3240//3240 3242//3242 3238//3238
f 3242//3242 3241//3241 3237//3237
f 3245//3245 3244//3244 3242//3242
f 3233//3233 1174//1174 66//66
f 3234//3234 3233//3233 1168//1168
f 3235//3235 3234//3234 1166//1166
f 3236//3236 3235//3235 3232//3232
f 1175//1175 3236//3236 3232//3232
f 1176//1176 3239//3239 3236//3236
f 1176//1176 3240//3240 3239//3239
f 1178//1178 3243//3243 3240//3240
f 3243//3243 1180//1180 3245//3245
f 3245//3245 1181//1181 3244//3244
f 3244//3244 1169//1169 1170//1170
f 3244//3244 1170//1170 1171//1171
f 3241//3241 1171//1171 1173//1173
f 3237//3237 1173//1173 1174//1174
f 3249//3249 3248//3248 1182//1182
f 3250//3250 3249//3249 3246//3246
f 3251//3251 3250//3250 3247//3247
f 3249//3249 3252//3252 3248//3248
f 3255//3255 3253//3253 3250//3250
f 3255//3255 3254//3254 3249//3249
f 3254//3254 3256//3256 3252//3252
f 3257//3257 1184//1184 3255//3255
f 1182//1182 3274//3274 1169//1169
f 3246//3246 1182//1182 3244//3244
f 3247//3247 3246//3246 3243//3243
f 1183//1183 3255//3255 3251//3251
f 1196//1196 1184//1184 3257//3257
f 1185//1185 1186//1186 3254//3254
f 1186//1186 1187//1187 3256//3256
f 3256//3256 1194//1194 3284//3284
f 3252//3252 3284//3284 3279//3279
f 3248//3248 3279//3279 1182//1182
f 3263//3263 3262//3262 3258//3258
f 3264//3264 3263//3263 3259//3259
f 3263//3263 3266//3266 3262//3262
f 3265//3265 3267//3267 3264//3264
f 3269//3269 3268//3268 3263//3263
f 3265//3265 3269//3269 3267//3267
f 3259//3259 3258//3258 1187//1187
f 3260//3260 3259//3259 1185//1185
f 3261//3261 3260//3260 1184//1184
f 1196//1196 3261//3261 1184//1184
f 1197//1197 3264//3264 3261//3261
f 1198//1198 3265//3265 3264//3264
f 1199//1199 3269//3269 3265//3265
f 1199//1199 1157//1157 3269//3269
f 1157//1157 1155//1155 3269//3269
f 1155//1155 1153//1153 3268//3268
f 1153//1153 1152//1152 3266//3266
f 3266//3266 1152//1152 1189//1189
f 3266//3266 1189//1189 1191//1191
f 3262//3262 1191//1191 1193//1193
f 3258//3258 1193//1193 1194//1194
f 3271//3271 3273//3273 3270//3270
f 3276//3276 3275//3275 3271//3271
f 3275//3275 3277//3277 3273//3273
f 3279//3279 3278//3278 3276//3276
f 3281//3281 3280//3280 3275//3275
f 3279//3279 3281//3281 3278//3278
f 3280//3280 3282//3282 3277//3277
f 3284//3284 3283//3283 3281//3281
f 3286//3286 3285//3285 3280//3280
f 3284//3284 3286//3286 3283//3283
f 3270//3270 1144//1144 67//67
f 3271//3271 3270//3270 67//67
f 3272//3272 3271//3271 1172//1172
f 3274//3274 3272//3272 1172//1172
f 3279//3279 3276//3276 3274//3274
f 1194//1194 1195//1195 3284//3284
f 1195//1195 1192//1192 3286//3286
f 1192//1192 1190//1190 3285//3285
f 1190//1190 1188//1188 3282//3282
f 3282//3282 1188//1188 1150//1150
f 3277//3277 1150//1150 1146//1146
f 3273//3273 1146//1146 1144//1144
f 3292//3292 3295//3295 3290//3290
f 3293//3293 3292//3292 3288//3288
f 3294//3294 3293//3293 3291//3291
f 3294//3294 3296//3296 3293//3293
f 3297//3297 1183//1183 3292//3292
f 3298//3298 3297//3297 3296//3296
f 3301//3301 3298//3298 3294//3294
f 3297//3297 3299//3299 1183//1183
f 3301//3301 3300//3300 3298//3298
f 3303//3303 3302//3302 3297//3297
f 3301//3301 3303//3303 3300//3300
f 3290//3290 3247//3247 1179//1179
f 3287//3287 3290//3290 1179//1179
f 3288//3288 3287//3287 1177//1177
f 3289//3289 3288//3288 1175//1175
f 1164//1164 3289//3289 1175//1175
f 1164//1164 3291//3291 3289//3289
f 1164//1164 3294//3294 3291//3291
f 1162//1162 3301//3301 3294//3294
f 1158//1158 1200//1200 3301//3301
f 1200//1200 1197//1197 3302//3302
f 1197//1197 1196//1196 3302//3302
f 3299//3299 3257//3257 1183//1183
f 3295//3295 1183//1183 3251//3251
f 3295//3295 3251//3251 3247//3247
f 3305//3305 3306//3306 3304//3304
f 3309//3309 3308//3308 3305//3305
f 3310//3310 3309//3309 3307//3307
f 3311//3311 3313//3313 3306//3306
f 3312//3312 3311//3311 3308//3308
f 3314//3314 3313//3313 3311//3311
f 3315//3315 3314//3314 3312//3312
f 3304//3304 1207//1207 68//68
f 3305//3305 3304//3304 68//68
f 3307//3307 3305//3305 1211//1211
f 1214//1214 3310//3310 3307//3307
f 1216//1216 3312//3312 3310//3310
f 1218//1218 3315//3315 3312//3312
f 3314//3314 1220//1220 3313//3313
f 1220//1220 1221//1221 3313//3313
f 3313//3313 1227//1227 1201//1201
f 3313//3313 1201//1201 1202//1202
f 3313//3313 1202//1202 1203//1203
f 3306//3306 1203//1203 1205//1205
f 3306//3306 1205//1205 1207//1207
f 3320//3320 3319//3319 3316//3316
f 3321//3321 3320//3320 3317//3317
f 3322//3322 3321//3321 3318//3318
f 3324//3324 3323//3323 3319//3319
f 3325//3325 3324//3324 3320//3320
f 3326//3326 3325//3325 3321//3321
f 3328//3328 3327//3327 3324//3324
f 3329//3329 3328//3328 3325//3325
f 3317//3317 3316//3316 1221//1221
f 3318//3318 3317//3317 3315//3315
f 1228//1228 3318//3318 3315//3315
f 1229//1229 3322//3322 3318//3318
f 1230//1230 3326//3326 3322//3322
f 1232//1232 3329//3329 3326//3326
f 3329//3329 1233//1233 3328//3328
f 3328//3328 1234//1234 3327//3327
f 3327//3327 1222//1222 1223//1223
f 3323//3323 1223//1223 1225//1225
f 3319//3319 1225//1225 1227//1227
f 3334//3334 3333//3333 3331//3331
f 3337//3337 3335//3335 3331//3331
f 3334//3334 3337//3337 3333//3333
f 3337//3337 1235//1235 3335//3335
f 3341//3341 3339//3339 1235//1235
f 3337//3337 3341//3341 1235//1235
f 3340//3340 3337//3337 3336//3336
f 3342//3342 3343//3343 3340//3340
f 3330//3330 3356//3356 1222//1222
f 3331//3331 3330//3330 1234//1234
f 3334//3334 3331//3331 1233//1233
f 3332//3332 3334//3334 3329//3329
f 1237//1237 3336//3336 3332//3332
f 3342//3342 3340//3340 3338//3338
f 3342//3342 1238//1238 3343//3343
f 3343//3343 1239//1239 3341//3341
f 3341//3341 1245//1245 3367//3367
f 3341//3341 3367//3367 3364//3364
f 3339//3339 3364//3364 1235//1235
f 3330//3330 1236//1236 3356//3356
f 3350//3350 3347//3347 3345//3345
f 3349//3349 3348//3348 3346//3346
f 3350//3350 3349//3349 3347//3347
f 3352//3352 3351//3351 3350//3350
f 3351//3351 3353//3353 3349//3349
f 3345//3345 3344//3344 1238//1238
f 70//70 3345//3345 3342//3342
f 70//70 3350//3350 3345//3345
f 1248//1248 3352//3352 3350//3350
f 1248//1248 1212//1212 3352//3352
f 1212//1212 1210//1210 3351//3351
f 1210//1210 1208//1208 3353//3353
f 3353//3353 1208//1208 1241//1241
f 3348//3348 1241//1241 1242//1242
f 3346//3346 1242//1242 1244//1244
f 3346//3346 1244//1244 1245//1245
f 3358//3358 3357//3357 3354//3354
f 3359//3359 3358//3358 3355//3355
f 3360//3360 3359//3359 3356//3356
f 3362//3362 3361//3361 3357//3357
f 3363//3363 3362//3362 3358//3358
f 3364//3364 3363//3363 3359//3359
f 3366//3366 3365//3365 3362//3362
f 3367//3367 3366//3366 3363//3363
f 3354//3354 1204//1204 69//69
f 3355//3355 3354//3354 69//69
f 3356//3356 3355//3355 1224//1224
f 1236//1236 3360//3360 3356//3356
f 1245//1245 1244//1244 3367//3367
f 1244//1244 1243//1243 3366//3366
f 1243//1243 1240//1240 3365//3365
f 3365//3365 1240//1240 1206//1206
f 3361//3361 1206//1206 1204//1204
f 3371//3371 3332//3332 3368//3368
f 3370//3370 3371//3371 3369//3369
f 3371//3371 1237//1237 3332//3332
f 3373//3373 3372//3372 3370//3370
f 3374//3374 3338//3338 1237//1237
f 3372//3372 3374//3374 3371//3371
f 3374//3374 3376//3376 3338//3338
f 3375//3375 3374//3374 3372//3372
f 3377//3377 3376//3376 3374//3374
f 3378//3378 3377//3377 3374//3374
f 3377//3377 3342//3342 3376//3376
f 3368//3368 3332//3332 1232//1232
f 3369//3369 3368//3368 1231//1231
f 3370//3370 3369//3369 1229//1229
f 1219//1219 3370//3370 1228//1228
f 1219//1219 3373//3373 3370//3370
f 1217//1217 3375//3375 3373//3373
f 1215//1215 3378//3378 3375//3375
f 1215//1215 1249//1249 3378//3378
f 1249//1249 1247//1247 3377//3377
f 1247//1247 1246//1246 3377//3377
f 1246//1246 70//70 3342//3342
f 3376//3376 3342//3342 3338//3338
f 3380//3380 3382//3382 3379//3379
f 3387//3387 3384//3384 3380//3380
f 3385//3385 3387//3387 3383//3383
f 3384//3384 3386//3386 3382//3382
f 3389//3389 3388//3388 3384//3384
f 3390//3390 3389//3389 3387//3387
f 3392//3392 3391//3391 3386//3386
f 3389//3389 3392//3392 3388//3388
f 3395//3395 3394//3394 3389//3389
f 3380//3380 3379//3379 1258//1258
f 3381//3381 3380//3380 1260//1260
f 3383//3383 3381//3381 1260//1260
f 1264//1264 3383//3383 1263//1263
f 1265//1265 3385//3385 3383//3383
f 1267//1267 3390//3390 3385//3385
f 1267//1267 3393//3393 3390//3390
f 1269//1269 3395//3395 3393//3393
f 3395//3395 1270//1270 3394//3394
f 3394//3394 1271//1271 3392//3392
f 1271//1271 3391//3391 3392//3392
f 3391//3391 1276//1276 1251//1251
f 3391//3391 1251//1251 1252//1252
f 3386//3386 1252//1252 1254//1254
f 3382//3382 1254//1254 1256//1256
f 3401//3401 3400//3400 3396//3396
f 3402//3402 3401//3401 3397//3397
f 3403//3403 3402//3402 3398//3398
f 3405//3405 3404//3404 3400//3400
f 3406//3406 3405//3405 3401//3401
f 3407//3407 3406//3406 3402//3402
f 3408//3408 1284//1284 3405//3405
f 3412//3412 3408//3408 3406//3406
f 3397//3397 3396//3396 3391//3391
f 3398//3398 3397//3397 3394//3394
f 3399//3399 3398//3398 3395//3395
f 1278//1278 3399//3399 3395//3395
f 1280//1280 3403//3403 3399//3399
f 1282//1282 3407//3407 3403//3403
f 1283//1283 3412//3412 3407//3407
f 3404//3404 73//73 1272//1272
f 3404//3404 1272//1272 1275//1275
f 3400//3400 1275//1275 1276//1276
f 3415//3415 3414//3414 3409//3409
f 3416//3416 3415//3415 3411//3411
f 3417//3417 3416//3416 3413//3413
f 3419//3419 3418//3418 3416//3416
f 3420//3420 1286//1286 3415//3415
f 3421//3421 3420//3420 3418//3418
f 3422//3422 3421//3421 3419//3419
f 3420//3420 3423//3423 1286//1286
f 3422//3422 3424//3424 3421//3421
f 3425//3425 1285//1285 3423//3423
f 3426//3426 3425//3425 3420//3420
f 1288//1288 3426//3426 3424//3424
f 3427//3427 1288//1288 3424//3424
f 3409//3409 3443//3443 73//73
f 3410//3410 3409//3409 1284//1284
f 3411//3411 3410//3410 3408//3408
f 1287//1287 3419//3419 3417//3417
f 72//72 1288//1288 3427//3427
f 3426//3426 1289//1289 3425//3425
f 3425//3425 1290//1290 1285//1285
f 1290//1290 1294//1294 1285//1285
f 3423//3423 1285//1285 1286//1286
f 3414//3414 1286//1286 3446//3446
f 3414//3414 3446//3446 3443//3443
f 3428//3428 3430//3430 1290//1290
f 3432//3432 3431//3431 3429//3429
f 3435//3435 3433//3433 3428//3428
f 3432//3432 3435//3435 3431//3431
f 3435//3435 3434//3434 3433//3433
f 3438//3438 3437//3437 3435//3435
f 3439//3439 3438//3438 3436//3436
f 3438//3438 3440//3440 3437//3437
f 3428//3428 1290//1290 3425//3425
f 3429//3429 3428//3428 3426//3426
f 72//72 3429//3429 1288//1288
f 72//72 3432//3432 3429//3429
f 1297//1297 3436//3436 3432//3432
f 1299//1299 3439//3439 3436//3436
f 1299//1299 1262//1262 3439//3439
f 1262//1262 1261//1261 3438//3438
f 1261//1261 1259//1259 3440//3440
f 1259//1259 1257//1257 3440//3440
f 3440//3440 1257//1257 1292//1292
f 3434//3434 1292//1292 1293//1293
f 3433//3433 1293//1293 1294//1294
f 3445//3445 3444//3444 3442//3442
f 3446//3446 3445//3445 3443//3443
f 3444//3444 3447//3447 3441//3441
f 3451//3451 3448//3448 3445//3445
f 3450//3450 3449//3449 3447//3447
f 3451//3451 3450//3450 3444//3444
f 3453//3453 3452//3452 3451//3451
f 3441//3441 1250//1250 71//71
f 3442//3442 3441//3441 71//71
f 3443//3443 3442//3442 1273//1273
f 1286//1286 3451//3451 3446//3446
f 1285//1285 3453//3453 3451//3451
f 1294//1294 1295//1295 3453//3453
f 1295//1295 1293//1293 3452//3452
f 1293//1293 1292//1292 3450//3450
f 1292//1292 1291//1291 3449//3449
f 3449//3449 1291//1291 1255//1255
f 3447//3447 1255//1255 1253//1253
f 3441//3441 1253//1253 1251//1251
f 3441//3441 1251//1251 1250//1250
f 3455//3455 3457//3457 3454//3454
f 3460//3460 3459//3459 3455//3455
f 3461//3461 3460//3460 3458//3458
f 3462//3462 1287//1287 3459//3459
f 3460//3460 3462//3462 3459//3459
f 3464//3464 3427//3427 3462//3462
f 3463//3463 3464//3464 3460//3460
f 3454//3454 3412//3412 1283//1283
f 3455//3455 3454//3454 1283//1283
f 3456//3456 3455//3455 1281//1281
f 3458//3458 3456//3456 1279//1279
f 1268//1268 3458//3458 1277//1277
f 1267//1267 3461//3461 3458//3458
f 1267//1267 3463//3463 3461//3461
f 1266//1266 3465//3465 3463//3463
f 1266//1266 1300//1300 3465//3465
f 1300//1300 1298//1298 3465//3465
f 1298//1298 1296//1296 3464//3464
f 1296//1296 72//72 3427//3427
f 3462//3462 3422//3422 1287//1287
f 3459//3459 3417//3417 3413//3413
f 3457//3457 3413//3413 3412//3412
f 3467//3467 3469//3469 3466//3466
f 3471//3471 3470//3470 3468//3468
f 3473//3473 3472//3472 3469//3469
f 3474//3474 3473//3473 3470//3470
f 3476//3476 3475//3475 3474//3474
f 3475//3475 3477//3477 3473//3473
f 3467//3467 3466//3466 1308//1308
f 3468//3468 3467//3467 1310//1310
f 1312//1312 3471//3471 3468//3468
f 1314//1314 3474//3474 3471//3471
f 1314//1314 3476//3476 3474//3474
f 74//74 1318//1318 3476//3476
f 3475//3475 1319//1319 3477//3477
f 3477//3477 1326//1326 1302//1302
f 3472//3472 1302//1302 1305//1305
f 3469//3469 1305//1305 1306//1306
f 3469//3469 1306//1306 1308//1308
f 3479//3479 3480//3480 3478//3478
f 3483//3483 3482//3482 3479//3479
f 3484//3484 3483//3483 3481//3481
f 3485//3485 3488//3488 3480//3480
f 3486//3486 3485//3485 3482//3482
f 3487//3487 3486//3486 3483//3483
f 3489//3489 3488//3488 3485//3485
f 3491//3491 3489//3489 3486//3486
f 3479//3479 3478//3478 1319//1319
f 3481//3481 3479//3479 1318//1318
f 74//74 3481//3481 1318//1318
f 1328//1328 3484//3484 3481//3481
f 1329//1329 3487//3487 3484//3484
f 1331//1331 3491//3491 3487//3487
f 3491//3491 1333//1333 3489//3489
f 3489//3489 1334//1334 3488//3488
f 1334//1334 1335//1335 3488//3488
f 3488//3488 77//77 1321//1321
f 3488//3488 1321//1321 1322//1322
f 3488//3488 1322//1322 1323//1323
f 3480//3480 1323//1323 1325//1325
f 3480//3480 1325//1325 1326//1326
f 3490//3490 3492//3492 3516//3516
f 3496//3496 3493//3493 3490//3490
f 3495//3495 3494//3494 3490//3490
f 3496//3496 3495//3495 3493//3493
f 3494//3494 3497//3497 3492//3492
f 3500//3500 3499//3499 3494//3494
f 3498//3498 3500//3500 3495//3495
f 3502//3502 1336//1336 3499//3499
f 1338//1338 3502//3502 3499//3499
f 3503//3503 1338//1338 3500//3500
f 3490//3490 3516//3516 1335//1335
f 3503//3503 3501//3501 3498//3498
f 76//76 1338//1338 3503//3503
f 3502//3502 1339//1339 1336//1336
f 1339//1339 1340//1340 1336//1336
f 1340//1340 75//75 1336//1336
f 3497//3497 3521//3521 1337//1337
f 3492//3492 1337//1337 3516//3516
f 3510//3510 3507//3507 3504//3504
f 3506//3506 3510//3510 3504//3504
f 3510//3510 3509//3509 3507//3507
f 3510//3510 3512//3512 3509//3509
f 3511//3511 3510//3510 3508//3508
f 3511//3511 3513//3513 3510//3510
f 1340//1340 1346//1346 75//75
f 3504//3504 1340//1340 1339//1339
f 3505//3505 3504//3504 3502//3502
f 3506//3506 3505//3505 3502//3502
f 76//76 3506//3506 1338//1338
f 1347//1347 3508//3508 3506//3506
f 1349//1349 3511//3511 3508//3508
f 1350//1350 1313//1313 3511//3511
f 1313//1313 1311//1311 3511//3511
f 1311//1311 1309//1309 3513//3513
f 3512//3512 1309//1309 1342//1342
f 3512//3512 1342//1342 1343//1343
f 3509//3509 1343//1343 1345//1345
f 1340//1340 1345//1345 1346//1346
f 3516//3516 3517//3517 3515//3515
f 3519//3519 3518//3518 3515//3515
f 3520//3520 3519//3519 3517//3517
f 3523//3523 3522//3522 3519//3519
f 3521//3521 3523//3523 3520//3520
f 3523//3523 3524//3524 3522//3522
f 3527//3527 3526//3526 3524//3524
f 3525//3525 3527//3527 3523//3523
f 3515//3515 3514//3514 1301//1301
f 3516//3516 3515//3515 1320//1320
f 1337//1337 3520//3520 3516//3516
f 3497//3497 3525//3525 3521//3521
f 75//75 1346//1346 3525//3525
f 1346//1346 1345//1345 3525//3525
f 1345//1345 1344//1344 3527//3527
f 1344//1344 1341//1341 3526//3526
f 3526//3526 1341//1341 1307//1307
f 3522//3522 1307//1307 1304//1304
f 3518//3518 1304//1304 1303//1303
f 3514//3514 1303//1303 1301//1301
f 3529//3529 3531//3531 3528//3528
f 3537//3537 3533//3533 3529//3529
f 3532//3532 3537//3537 3529//3529
f 3537//3537 3535//3535 3533//3533
f 3539//3539 3536//3536 3535//3535
f 3537//3537 3539//3539 3535//3535
f 3538//3538 3537//3537 3534//3534
f 3538//3538 3539//3539 3537//3537
f 3541//3541 3540//3540 3539//3539
f 3528//3528 3491//3491 1331//1331
f 3529//3529 3528//3528 1332//1332
f 3530//3530 3529//3529 1330//1330
f 3532//3532 3530//3530 1330//1330
f 1317//1317 3532//3532 1327//1327
f 1316//1316 3534//3534 3532//3532
f 1315//1315 3538//3538 3534//3534
f 1315//1315 3541//3541 3538//3538
f 1315//1315 1351//1351 3541//3541
f 1351//1351 1348//1348 3540//3540
f 1348//1348 76//76 3503//3503
f 3539//3539 3503//3503 3536//3536
f 3535//3535 3498//3498 3496//3496
f 3531//3531 3496//3496 3491//3491
