# Web-optimized pebbled sphere model
# Reduced from 20736 to 1500 triangles
v 0.046455 1.110885 0.679505
v -0.441201 0.809608 0.357405
v -0.639926 1.428425 0.049478
v -0.332994 1.412522 0.299708
v 0.453581 1.444127 0.296697
v 0.277452 0.841259 0.267322
v 0.550608 0.987210 -0.020073
v 0.488810 0.662526 -0.262051
v 0.063961 1.730207 -0.275916
v 0.203136 1.717041 -0.260052
v -0.380689 1.350775 -0.518068
v 0.006857 1.335491 -0.404717
v 0.020477 1.028234 -0.784864
v -0.723680 1.221306 0.169839
v -0.708329 1.248914 0.162772
v -0.724438 1.206985 0.306301
v -0.699998 1.121865 0.314403
v -0.672886 1.417044 0.287214
v -0.681100 1.395109 0.303721
v -0.660852 1.431939 0.179432
v -0.655997 1.283971 0.193876
v -0.566799 1.489128 0.326921
v -0.582350 1.488603 0.309900
v -0.727089 1.157671 0.244714
v -0.657361 1.096456 0.366513
v -0.702189 1.274602 0.365145
v -0.570715 1.298346 0.502514
v -0.338711 1.242615 0.446720
v -0.462901 1.109513 0.518185
v -0.418069 1.066037 0.549610
v -0.456229 1.230194 0.570594
v -0.394211 1.414647 0.509188
v -0.415650 1.372385 0.537606
v -0.152283 1.210099 0.547481
v -0.439049 1.182021 0.446972
v -0.207263 1.438093 0.570722
v -0.293124 1.453506 0.524835
v -0.102428 1.378519 0.583578
v -0.155089 1.390802 0.657870
v -0.439612 1.093714 0.512460
v -0.268620 1.030860 0.628288
v -0.404552 1.271961 0.617989
v -0.251691 1.245176 0.699114
v 0.228980 1.133525 0.660944
v -0.062094 1.054285 0.738734
v -0.051961 1.041914 0.736482
v -0.084628 1.148333 0.759642
v -0.060800 1.219235 0.771116
v -0.056732 1.270671 0.747098
v -0.041662 1.302125 0.733692
v 0.034637 1.353950 0.696306
v 0.171447 1.343789 0.705502
v 0.061214 1.358044 0.700258
v 0.091251 0.980490 0.742951
v 0.053038 0.975897 0.739686
v 0.043763 1.187761 0.802046
v -0.076261 1.159202 0.763989
v -0.622023 0.874670 -0.122508
v -0.669638 0.840987 -0.065288
v -0.695450 0.835335 0.074826
v -0.720969 1.005364 0.147763
v -0.670811 0.817785 0.102467
v -0.704340 1.020766 0.209791
v -0.691925 1.141296 0.046908
v -0.711119 1.123277 0.080052
v -0.550200 0.828972 -0.070917
v -0.635979 0.882376 -0.122090
v -0.657778 1.159490 0.080297
v -0.591801 1.123919 0.156193
v -0.497236 0.903654 0.178610
v -0.637790 0.754755 0.083060
v -0.553210 0.714835 0.160523
v -0.680057 0.998453 0.258653
v -0.596851 0.964270 0.331142
v -0.261225 0.736463 0.112975
v -0.396877 0.676607 0.206197
v -0.376165 0.705294 0.132134
v -0.400030 0.716085 0.312191
v -0.439734 1.033320 0.363289
v -0.437732 0.951740 0.432115
v -0.381746 1.057768 0.306416
v -0.027586 0.702593 0.252366
v -0.176602 0.712362 0.138723
v -0.343594 0.729732 0.118744
v -0.415609 1.045560 0.348920
v -0.144413 1.047612 0.439149
v -0.002379 0.661854 0.394682
v 0.017982 0.707520 0.300069
v -0.353844 0.651090 0.278484
v -0.205037 0.616501 0.363921
v -0.198624 0.887677 0.574151
v -0.399802 0.924999 0.475503
v -0.298469 0.910112 0.541265
v 0.233240 0.682563 0.366134
v -0.004710 0.697175 0.541256
v 0.027476 0.655457 0.520659
v -0.009438 0.852288 0.630014
v 0.068632 0.948125 0.599208
v 0.016078 0.900045 0.636262
v 0.154529 0.792749 0.418654
v 0.340315 0.697435 0.385480
v 0.088424 0.621483 0.412397
v 0.291376 0.987705 0.584523
v 0.123781 0.972325 0.581238
v 0.077372 0.617445 0.426441
v 0.155678 0.613921 0.511809
v 0.081743 0.862857 0.682198
v -0.008213 0.838979 0.637372
v -0.452691 0.588464 -0.329225
v -0.571553 0.573369 -0.164513
v -0.609298 0.596743 -0.101627
v -0.643900 0.713966 -0.094911
v -0.614426 0.749854 -0.195410
v -0.643879 0.730819 -0.119974
v -0.383191 0.542330 -0.292272
v -0.496148 0.614083 -0.328130
v -0.543933 0.717143 -0.189576
v -0.423898 0.455221 -0.075373
v -0.519752 0.530018 -0.186291
v -0.563367 0.620165 0.047924
v -0.576399 0.629185 0.036873
v -0.135580 0.456197 -0.163328
v -0.298790 0.430557 0.031921
v -0.350584 0.502806 0.117789
v -0.333301 0.463993 0.074144
v -0.352158 0.562404 0.091769
v -0.320769 0.531276 0.185833
v -0.294635 0.582689 -0.006511
v -0.348792 0.569633 0.073051
v -0.280239 0.560872 -0.111871
v 0.002184 0.431896 -0.092611
v -0.202228 0.451168 -0.146138
v -0.244163 0.582333 -0.015925
v -0.004582 0.540512 0.111827
v 0.077521 0.407601 0.121886
v -0.059933 0.408001 0.234600
v -0.252050 0.425970 -0.071241
v -0.149283 0.374477 0.077971
v -0.169556 0.505244 0.270037
v -0.337589 0.523719 0.159040
v 0.257285 0.419357 0.052891
v 0.093604 0.379454 0.172783
v 0.125827 0.372862 0.110045
v 0.048210 0.440734 0.318163
v 0.059192 0.393752 0.249358
v 0.096730 0.491970 0.385836
v 0.360433 0.572762 0.287355
v 0.330321 0.435733 0.081242
v 0.196258 0.401535 0.063209
v 0.184387 0.517432 0.249932
v 0.179354 0.396677 0.330803
v 0.176275 0.365719 0.241657
v 0.186303 0.511946 0.431627
v 0.090979 0.489159 0.388850
v -0.491875 1.551505 -0.179154
v -0.590520 1.453058 -0.094613
v -0.631363 1.411615 0.051919
v -0.586929 1.567846 0.095087
v -0.436755 1.714781 -0.007011
v -0.547960 1.611616 0.096811
v -0.528827 1.592764 -0.163748
v -0.377694 1.594333 -0.138936
v -0.497368 1.549971 -0.179443
v -0.329286 1.739863 0.055685
v -0.423481 1.522786 0.263522
v -0.512263 1.419950 0.229309
v -0.621189 1.390100 0.031206
v -0.561336 1.382804 0.111332
v -0.483049 1.567049 0.266698
v -0.600763 1.528426 0.139973
v -0.106966 1.571654 0.044642
v -0.266884 1.468847 0.143899
v -0.244434 1.498488 0.103303
v -0.320209 1.403428 0.305411
v -0.335307 1.497679 0.352650
v -0.344861 1.484644 0.348037
v -0.266705 1.630074 0.296562
v -0.261888 1.598245 0.344431
v -0.103020 1.724062 0.196936
v 0.112967 1.555892 0.129862
v -0.138780 1.592314 0.028728
v -0.151069 1.721080 0.185720
v 0.089698 1.691771 0.289151
v -0.265400 1.366996 0.306112
v -0.083701 1.326311 0.414498
v -0.218491 1.538670 0.444262
v -0.086529 1.515987 0.505758
v 0.146395 1.358467 0.568309
v 0.231425 1.273178 0.554097
v 0.135787 1.492753 0.556472
v 0.139254 1.505804 0.555319
v 0.272095 1.622432 0.403919
v 0.346298 1.557705 0.280552
v 0.519999 1.395066 0.341647
v 0.363531 1.481396 0.300196
v 0.255633 1.627033 0.397851
v 0.371202 1.591134 0.416558
v 0.323504 1.226899 0.615446
v 0.277508 1.368705 0.421810
v 0.339964 1.216700 0.564822
v 0.138111 1.434981 0.593571
v 0.215628 1.430387 0.629370
v -0.603290 1.034089 -0.225224
v -0.495013 1.091635 -0.415026
v -0.624063 1.245336 -0.114270
v -0.615914 1.076840 -0.190522
v -0.549859 1.374567 -0.220784
v -0.604562 1.267281 -0.062753
v -0.279920 1.133119 -0.457190
v -0.459489 1.135073 -0.454626
v -0.329635 1.140965 -0.492350
v -0.424345 1.457356 -0.283185
v -0.512957 1.407039 -0.269536
v -0.336011 1.457371 -0.239350
v -0.473702 0.915683 -0.192982
v -0.522865 0.919514 -0.218191
v -0.510484 1.234452 0.037344
v -0.597093 1.241563 -0.026340
v 0.010576 1.070896 -0.332749
v -0.239180 0.914485 -0.105049
v -0.155837 0.974043 -0.260448
v -0.251950 0.903472 -0.011814
v -0.319578 1.092731 0.099227
v -0.274812 1.289363 0.079807
v -0.251382 1.220186 0.184156
v -0.160766 1.401582 -0.073906
v -0.194871 1.384678 -0.038809
v 0.119927 1.056936 -0.306851
v 0.271902 1.034012 -0.188650
v -0.062778 1.079072 -0.334216
v -0.003321 1.442256 -0.071041
v 0.183349 1.396602 0.031268
v 0.347009 1.063176 -0.051221
v -0.001118 0.789552 0.068262
v -0.178018 0.844072 -0.057652
v -0.032870 1.154860 0.332419
v -0.290051 1.139469 0.153347
v 0.348533 0.833082 0.123849
v 0.396497 0.887152 0.045143
v 0.255099 1.107192 0.403000
v 0.276148 0.859394 0.284257
v 0.274569 1.097815 0.463519
v 0.417358 1.302068 0.198937
v 0.303641 1.219422 0.328266
v 0.588739 0.982570 0.020848
v 0.478045 1.002617 -0.031336
v 0.418482 1.304045 0.197054
v 0.523556 1.305005 0.219502
v 0.520884 1.294696 0.297950
v 0.393560 0.766574 0.269000
v 0.323101 0.798667 0.197741
v 0.371492 1.078371 0.490072
v 0.272629 1.097601 0.456876
v -0.214031 0.797469 -0.624705
v -0.452605 0.741897 -0.452251
v -0.478958 0.731942 -0.412356
v -0.526135 0.856661 -0.375310
v -0.519151 0.889544 -0.394574
v -0.424611 0.995540 -0.528892
v -0.137525 0.765188 -0.594876
v -0.299212 0.823125 -0.622013
v -0.314189 1.012334 -0.565213
v -0.395873 0.997051 -0.533753
v -0.337051 0.605917 -0.313321
v -0.414374 0.706691 -0.479222
v -0.292751 0.598077 -0.387441
v -0.446579 0.782224 -0.297315
v -0.526168 0.828885 -0.355522
v -0.500822 0.815571 -0.318956
v 0.076602 0.709516 -0.505705
v -0.048106 0.638844 -0.447310
v -0.069054 0.613868 -0.416227
v -0.154467 0.573217 -0.276949
v -0.078503 0.531234 -0.275712
v -0.182564 0.698036 -0.222192
v -0.116573 0.827345 -0.348411
v -0.169900 0.740187 -0.246053
v -0.086153 0.852679 -0.382775
v 0.011624 0.896345 -0.434754
v 0.267536 0.681493 -0.409602
v 0.054401 0.718302 -0.513577
v 0.236255 0.876084 -0.333136
v 0.057294 0.905366 -0.427216
v 0.129098 0.578341 -0.017182
v -0.072230 0.532063 -0.284870
v 0.080352 0.497006 -0.194320
v 0.021438 0.649780 -0.058503
v -0.016129 0.652811 -0.063288
v -0.190704 0.625396 -0.232243
v 0.308103 0.509647 -0.079903
v 0.392987 0.600697 -0.239758
v 0.327064 0.489959 -0.051771
v 0.312224 0.587071 0.035736
v 0.494175 0.812804 -0.147437
v 0.370854 0.666502 0.055033
v 0.570721 0.670884 -0.177581
v 0.446391 0.659272 -0.276086
v 0.608013 0.846505 -0.059231
v 0.530020 0.830657 -0.120204
v 0.647567 0.805797 -0.099255
v 0.324429 0.513071 -0.117599
v 0.401108 0.500876 -0.004877
v 0.465884 0.658136 0.189067
v 0.309302 0.565710 0.036551
v -0.149846 1.722732 -0.425612
v -0.381961 1.664338 -0.326137
v -0.350677 1.661569 -0.378937
v -0.401975 1.666811 -0.271720
v -0.416840 1.728102 -0.186917
v -0.362952 1.785317 -0.113991
v -0.224207 1.847453 -0.253235
v -0.245136 1.708980 -0.430643
v -0.297923 1.826730 -0.237687
v -0.098665 1.865140 -0.203249
v -0.322124 1.669075 -0.273482
v -0.272087 1.806747 -0.057171
v -0.407698 1.742287 -0.169150
v 0.042338 1.723244 -0.267958
v -0.058464 1.730662 -0.094230
v -0.065886 1.809070 -0.002006
v -0.036278 1.725248 -0.061969
v 0.041536 1.854607 -0.111164
v -0.030525 1.837563 -0.035498
v 0.334621 1.696654 -0.167609
v 0.178565 1.721500 -0.271818
v 0.175416 1.843971 -0.062703
v 0.359331 1.767504 -0.029022
v 0.388125 1.704197 -0.056221
v 0.241085 1.647193 0.014308
v 0.026519 1.693493 -0.159377
v 0.115080 1.776538 0.153279
v -0.057159 1.796749 0.039957
v -0.004268 1.797911 0.096234
v 0.562957 1.608907 -0.043426
v 0.474471 1.624837 0.001633
v 0.353421 1.697511 0.225716
v 0.475318 1.566657 0.167697
v 0.345648 1.761618 0.171798
v 0.366123 1.704575 0.270852
v 0.403992 1.776206 0.081650
v 0.630469 1.561438 0.025876
v 0.568459 1.605377 -0.043200
v 0.496373 1.652332 -0.057611
v 0.352177 1.772583 0.144893
v 0.524162 1.718231 0.136636
v 0.549812 1.491736 0.250096
v 0.553965 1.503787 0.198822
v 0.444075 1.646093 0.326495
v 0.350680 1.704986 0.248291
v -0.106292 1.369352 -0.680172
v -0.307766 1.284107 -0.623462
v -0.295762 1.292061 -0.635857
v -0.323327 1.266709 -0.570723
v -0.397072 1.396211 -0.484259
v -0.364136 1.538404 -0.439397
v -0.392431 1.469016 -0.441847
v -0.354970 1.532989 -0.410800
v -0.284000 1.502963 -0.588095
v -0.020163 1.365831 -0.665429
v -0.215595 1.353297 -0.669583
v -0.109563 1.628880 -0.498941
v -0.274884 1.584682 -0.497228
v -0.117512 1.309686 -0.515119
v -0.307847 1.249265 -0.588678
v -0.207703 1.233636 -0.574851
v -0.244025 1.543813 -0.364076
v -0.341997 1.531567 -0.385592
v 0.090004 1.260406 -0.551913
v 0.175276 1.322485 -0.575296
v 0.091919 1.263488 -0.563417
v 0.108192 1.200709 -0.450686
v -0.001583 1.349365 -0.395784
v 0.002376 1.526087 -0.291561
v 0.065249 1.601488 -0.363855
v 0.008503 1.558105 -0.295500
v 0.239774 1.329950 -0.558682
v 0.381226 1.307347 -0.485549
v 0.300642 1.594406 -0.312857
v 0.065425 1.604689 -0.366068
v 0.444363 1.177266 -0.344128
v 0.111050 1.199875 -0.469559
v 0.298799 1.154463 -0.356810
v 0.299963 1.478835 -0.107097
v 0.019423 1.504495 -0.268215
v 0.105266 1.523586 -0.188493
v 0.595707 1.248764 -0.327574
v 0.573047 1.216545 -0.320348
v 0.555248 1.175032 -0.209205
v 0.566105 1.175287 -0.278922
v 0.639132 1.073437 -0.102849
v 0.506765 1.468911 -0.043012
v 0.519107 1.317371 -0.059926
v 0.581700 1.381336 0.105859
v 0.548451 1.513522 -0.143673
v 0.517169 1.507861 -0.111122
v 0.667178 1.234694 -0.277892
v 0.697170 1.225751 -0.229333
v 0.595701 1.260359 -0.330922
v 0.611384 1.489190 -0.109316
v 0.636309 1.473962 0.040578
v 0.676755 1.277094 0.115794
v 0.585498 1.112633 -0.168503
v 0.679574 1.080296 -0.051859
v 0.638764 1.335587 0.126038
v 0.549432 1.400500 0.069748
v -0.161230 1.010333 -0.785592
v -0.267961 0.960702 -0.703046
v -0.304722 1.052677 -0.679024
v -0.272205 0.968931 -0.699465
v -0.271674 1.167685 -0.694858
v -0.282554 1.152150 -0.686473
v -0.160096 1.242607 -0.742485
v -0.219656 1.219795 -0.724398
v -0.105576 1.227090 -0.784812
v -0.103600 1.050108 -0.803327
v -0.021433 1.243146 -0.735779
v -0.129723 0.861846 -0.698403
v -0.181726 0.888021 -0.707906
v -0.287723 1.099034 -0.669649
v 0.137979 0.887115 -0.677152
v 0.142235 0.896535 -0.685678
v 0.096338 0.861429 -0.625145
v 0.081876 0.970654 -0.597851
v 0.115207 0.849131 -0.609590
v 0.127542 1.143178 -0.638610
v 0.104817 1.076693 -0.606132
v 0.168949 1.175420 -0.655329
v 0.213563 1.190190 -0.651571
v 0.401210 0.957750 -0.619370
v 0.226884 0.983516 -0.705242
v 0.247738 1.198408 -0.638775
v 0.410131 1.170115 -0.552186
v 0.335990 0.792134 -0.470747
v 0.153369 0.811807 -0.604974
v 0.314967 0.777929 -0.514684
v 0.312581 0.991101 -0.459986
v 0.115911 0.999436 -0.571217
v 0.603655 0.920860 -0.475078
v 0.526162 0.849433 -0.479328
v 0.536381 0.854091 -0.365540
v 0.545242 0.756590 -0.354967
v 0.620713 1.122005 -0.404423
v 0.596396 0.969533 -0.282170
v 0.692374 0.915709 -0.377634
v 0.568327 0.926103 -0.502111
v 0.689879 1.116923 -0.325253
v 0.638118 1.127892 -0.386683
v 0.686342 0.796676 -0.253350
v 0.652927 0.788766 -0.190384
v 0.518162 0.819484 -0.458608
v 0.599004 0.748324 -0.294684
v 0.680928 0.938674 -0.155210
v 0.565346 0.894986 -0.305109
v -0.741110 1.329493 0.236323
v -0.747823 1.226799 0.190721
v -0.702449 1.331459 0.136195
v -0.585094 1.297428 0.262532
v -0.583944 1.472000 0.257530
v -0.504174 1.407780 0.398161
v -0.543967 1.213113 0.500584
v -0.564271 1.274223 0.517549
v -0.591277 1.112745 0.447937
v -0.694483 1.155596 0.401441
v -0.682181 1.192554 0.192045
v -0.685268 1.104581 0.284538
v -0.643735 1.450706 0.346784
v -0.534045 1.472575 0.407489
v -0.510424 1.368912 0.484722
v -0.578672 1.403983 0.460925
v -0.510580 1.190845 0.463506
v -0.484998 1.300229 0.518096
v -0.413312 1.324174 0.413935
v -0.456481 1.374297 0.436362
v -0.323212 1.438398 0.470219
v -0.208862 1.319922 0.494032
v -0.071606 1.323860 0.669987
v -0.050003 1.190523 0.639793
v -0.072232 1.173236 0.692347
v -0.159232 1.199441 0.724416
v -0.287993 1.342329 0.671236
v -0.356763 1.046660 0.635631
v -0.378111 1.155866 0.656611
v -0.291494 1.184091 0.473126
v -0.147402 1.107786 0.587584
v -0.393030 1.074228 0.499083
v -0.290124 1.024921 0.583977
v -0.150947 1.058470 0.675834
v -0.309670 1.449913 0.574771
v -0.094405 1.159371 0.718132
v -0.068927 1.258555 0.713986
v 0.093497 1.344965 0.664326
v 0.295233 1.143790 0.661232
v 0.274934 1.278204 0.679044
v 0.316558 1.120742 0.704649
v 0.228712 1.276261 0.752283
v 0.171195 1.077553 0.789855
v 0.131044 1.281919 0.784226
v 0.048264 0.989309 0.773851
v -0.019522 1.107750 0.804867
v -0.051696 1.032195 0.760552
v 0.195777 1.021037 0.673462
v 0.095858 0.962138 0.716902
v 0.224460 1.003473 0.729226
v 0.044085 1.368621 0.723173
v -0.025521 1.273245 0.773456
v -0.722572 0.911591 -0.020766
v -0.741381 1.030429 0.068600
v -0.705119 1.080434 -0.041590
v -0.680606 0.986724 -0.108936
v -0.622142 1.008065 -0.096918
v -0.638002 1.126913 0.017730
v -0.563853 1.060438 0.057092
v -0.537471 1.015479 0.272923
v -0.544703 0.893991 0.325049
v -0.589084 0.781495 0.260464
v -0.629702 0.918581 0.312023
v -0.692501 0.854093 0.179667
v -0.597475 0.800941 -0.114614
v -0.531624 0.731213 -0.026075
v -0.497682 0.767164 0.022290
v -0.615206 0.737605 -0.036742
v -0.543923 0.688861 0.082453
v -0.521404 0.723037 0.174108
v -0.647838 1.181723 0.163450
v -0.618739 1.096345 0.303965
v -0.689104 1.114384 0.227194
v -0.479325 0.782008 0.265222
v -0.492824 0.947771 0.327656
v -0.467997 0.805684 0.170820
v -0.469438 0.963082 0.223279
v -0.361498 0.833929 0.111268
v -0.392524 1.002576 0.221827
v -0.130541 0.866579 0.216041
v -0.154073 1.026300 0.358406
v -0.001288 0.938676 0.455335
v 0.037904 0.816288 0.455900
v -0.040211 0.946010 0.543076
v -0.072557 0.775642 0.541511
v -0.171148 0.970370 0.589401
v -0.240024 0.760447 0.522876
v -0.380330 0.830987 0.477728
v -0.325842 0.670927 0.394553
v -0.302431 0.649324 0.122734
v -0.117660 0.610003 0.186760
v -0.296337 0.605180 0.231389
v -0.128446 0.595916 0.366987
v -0.192034 1.078851 0.517726
v -0.355092 1.094144 0.394454
v -0.385014 1.037504 0.477925
v -0.034243 0.781870 0.575917
v 0.039471 0.904469 0.557321
v 0.018163 0.676664 0.458850
v 0.258668 0.955391 0.513775
v 0.329153 0.786713 0.400649
v 0.401487 0.816391 0.456400
v 0.353654 0.958417 0.571682
v 0.393723 0.837839 0.537930
v 0.274866 0.913876 0.659744
v 0.250659 0.719937 0.610575
v 0.030971 0.771186 0.657859
v 0.039139 0.647511 0.562838
v 0.242621 0.628974 0.354059
v 0.374806 0.679377 0.426573
v 0.118033 0.577817 0.405161
v 0.236244 0.578666 0.403598
v 0.230566 0.631730 0.536770
v 0.180185 1.029369 0.642873
v 0.189675 0.971923 0.684240
v 0.048288 0.944440 0.673323
v -0.645521 0.668688 -0.173080
v -0.533327 0.675006 -0.335649
v -0.592553 0.750740 -0.261028
v -0.378390 0.585516 -0.281070
v -0.396758 0.559023 -0.059649
v -0.529182 0.623127 0.048379
v -0.448338 0.521231 0.056215
v -0.507995 0.489555 -0.027148
v -0.588933 0.597060 0.028536
v -0.466106 0.516899 -0.275091
v -0.375274 0.481862 -0.261531
v -0.335277 0.483319 -0.216332
v -0.361891 0.441019 -0.102921
v -0.593777 0.741210 -0.104753
v -0.621152 0.695779 -0.018182
v -0.388360 0.546910 0.007956
v -0.342586 0.469374 -0.040088
v -0.283358 0.504322 -0.150140
v -0.058607 0.469493 -0.150305
v -0.079052 0.540237 -0.063669
v 0.082512 0.500004 0.085299
v 0.106346 0.437551 0.034223
v 0.034801 0.482635 0.244767
v -0.245924 0.477287 0.252369
v -0.254962 0.416767 0.138852
v 0.002486 0.402388 -0.093892
v -0.187263 0.403064 -0.119144
v -0.055907 0.361348 -0.011489
v -0.011942 0.549756 0.146084
v -0.295942 0.585260 0.156502
v -0.102710 0.534270 0.276922
v 0.040671 0.413908 0.216885
v 0.138305 0.427126 0.099461
v 0.352982 0.471706 0.084933
v 0.319337 0.520136 0.147471
v 0.440812 0.537367 0.221321
v 0.391318 0.550530 0.365126
v 0.204080 0.471288 0.423824
v 0.050352 0.418285 0.339788
v 0.239700 0.389752 0.053115
v 0.366747 0.423957 0.143145
v 0.173324 0.353136 0.117070
v 0.292012 0.387961 0.242896
v 0.284927 0.578949 0.417629
v 0.167452 0.548647 0.394921
v -0.620531 1.476327 -0.087283
v -0.630671 1.519536 0.007430
v -0.557901 1.634214 -0.021323
v -0.347424 1.749452 -0.054203
v -0.390690 1.656926 -0.181071
v -0.299831 1.688846 -0.088305
v -0.389402 1.497905 0.053723
v -0.284611 1.698153 0.090521
v -0.331433 1.663704 0.184994
v -0.416251 1.615081 0.263732
v -0.501558 1.506183 0.281646
v -0.616575 1.384257 0.158839
v -0.597505 1.469447 0.215669
v -0.424028 1.548859 -0.174447
v -0.556439 1.404067 -0.055908
v -0.391185 1.718492 0.154527
v -0.505815 1.671292 0.126584
v -0.357723 1.485885 0.199213
v -0.328221 1.616074 0.226826
v -0.252653 1.642185 0.063958
v -0.208305 1.603110 0.036123
v -0.018776 1.670560 0.026791
v -0.139268 1.724321 0.100632
v 0.017541 1.735946 0.159502
v 0.131032 1.675521 0.134936
v 0.172473 1.593893 0.154505
v 0.199936 1.627823 0.275683
v 0.202428 1.472053 0.309197
v 0.159189 1.471483 0.447067
v 0.033593 1.585451 0.469992
v 0.056657 1.347074 0.437002
v 0.043854 1.437553 0.528685
v -0.150990 1.324239 0.478187
v -0.113894 1.397620 0.534833
v -0.292474 1.462045 0.436859
v -0.297142 1.371785 0.395113
v -0.023623 1.514181 0.076399
v -0.060129 1.357248 0.275022
v -0.242366 1.402613 0.204485
v 0.033913 1.705911 0.322887
v -0.162317 1.707494 0.274196
v -0.166043 1.632443 0.412300
v 0.164488 1.408393 0.482763
v 0.126408 1.505780 0.515611
v 0.271647 1.616291 0.330353
v 0.373890 1.624065 0.343075
v 0.467045 1.560550 0.317360
v 0.521330 1.467131 0.306659
v 0.482793 1.427285 0.493821
v 0.379942 1.384846 0.601912
v 0.241831 1.344713 0.652881
v 0.204614 1.257175 0.622875
v 0.135785 1.366915 0.625103
v 0.422243 1.402865 0.315372
v 0.494729 1.281112 0.410707
v 0.335742 1.257251 0.463063
v 0.527699 1.322604 0.417087
v 0.438704 1.230828 0.539948
v 0.194236 1.592850 0.514993
v 0.305537 1.542910 0.552842
v -0.576805 1.091901 -0.339724
v -0.619465 1.240807 -0.252366
v -0.487491 1.232089 -0.439601
v -0.322919 1.279629 -0.487738
v -0.470657 1.371444 -0.381185
v -0.308180 1.422474 -0.379061
v -0.228311 1.205687 -0.400680
v -0.264179 1.390527 -0.270298
v -0.329288 1.178290 -0.113633
v -0.410874 1.341797 -0.013118
v -0.451902 0.939496 -0.115203
v -0.504427 1.051560 0.017756
v -0.561328 1.123607 0.032128
v -0.578685 0.959660 -0.132760
v -0.629934 1.152078 -0.055921
v -0.392907 1.065213 -0.478306
v -0.339019 0.995234 -0.437432
v -0.483318 0.930319 -0.338298
v -0.405971 0.904045 -0.263018
v -0.294504 0.987020 -0.329049
v -0.407743 1.466981 -0.121399
v -0.498940 1.449987 -0.188490
v -0.496545 1.358596 0.000701
v -0.566266 1.334626 -0.007825
v -0.348984 1.098610 0.017121
v -0.279471 0.983992 -0.158779
v -0.314578 1.252380 -0.023153
v -0.214082 1.119353 -0.269424
v -0.285690 1.216428 -0.163894
v -0.032262 1.205142 -0.341776
v -0.137304 1.375258 -0.199239
v 0.199274 1.205251 -0.268227
v 0.073369 1.401775 -0.178191
v 0.249491 1.350748 -0.081203
v 0.282358 1.125012 -0.203734
v 0.290470 1.256015 0.138675
v 0.285740 0.959127 0.118667
v 0.179305 1.063189 0.302543
v 0.162675 0.844165 0.159636
v 0.124878 1.223651 0.312461
v 0.015262 0.964306 0.315488
v -0.063016 0.813872 0.154120
v -0.112080 1.031829 0.316024
v -0.224445 0.872926 0.114572
v -0.278519 1.061042 0.200864
v -0.004946 0.946335 -0.306383
v 0.220350 0.922873 -0.195162
v 0.075842 0.777808 -0.046250
v 0.203439 0.836261 -0.013043
v -0.087754 0.811569 -0.149623
v -0.003109 1.464034 0.013613
v 0.130466 1.386258 0.171785
v -0.128178 1.426445 0.074592
v -0.041199 1.308873 0.283146
v -0.207177 1.296630 0.211435
v 0.333821 0.891359 0.095509
v 0.247080 1.059261 0.286840
v 0.389825 1.215925 0.099704
v 0.487948 1.078821 -0.034582
v 0.490806 1.289229 0.099506
v 0.555575 1.144858 -0.020679
v 0.639747 1.085637 0.076186
v 0.568163 1.273515 0.131079
v 0.616870 1.154941 0.257657
v 0.606351 0.909155 0.167903
v 0.545491 0.971133 0.377050
v 0.464119 1.162528 0.452853
v 0.509030 0.819734 0.294331
v 0.403267 0.821941 0.387746
v 0.296489 0.807968 0.368867
v 0.349080 1.003649 0.502794
v 0.247587 0.945990 0.434875
v 0.477952 0.853545 0.004367
v 0.561069 0.877187 0.025422
v 0.395135 0.761928 0.137109
v 0.442783 0.750621 0.191502
v 0.402531 1.322770 0.325192
v 0.321040 1.206483 0.452243
v -0.479081 0.794390 -0.487172
v -0.514141 0.917920 -0.471054
v -0.396885 0.913788 -0.601959
v -0.308591 1.008232 -0.620269
v -0.197675 0.900892 -0.659712
v -0.113428 0.805543 -0.582034
v -0.170363 0.939861 -0.597924
v -0.167959 0.793425 -0.459568
v -0.168794 0.659365 -0.442995
v -0.299274 0.649324 -0.306363
v -0.433046 0.699841 -0.270115
v -0.439549 0.645581 -0.334387
v -0.511281 0.752988 -0.308058
v -0.305009 0.683997 -0.550385
v -0.155824 0.682565 -0.546936
v -0.235121 0.600261 -0.430224
v -0.294974 0.914081 -0.425634
v -0.422087 1.001756 -0.491214
v -0.479424 0.869109 -0.329937
v -0.185959 0.620072 -0.328082
v -0.216361 0.708532 -0.339239
v -0.050207 0.715650 -0.514335
v -0.159823 0.806194 -0.406174
v -0.082525 0.801146 -0.504913
v 0.017585 0.889897 -0.495930
v 0.140363 0.823885 -0.528568
v 0.330747 0.774441 -0.404066
v 0.230428 0.894492 -0.429046
v 0.351428 0.673589 -0.284201
v 0.319189 0.631023 -0.137958
v 0.336076 0.781404 -0.184013
v 0.248378 0.659572 -0.059740
v 0.185560 0.527856 -0.085470
v 0.035343 0.499530 -0.084564
v -0.042982 0.586428 -0.050906
v -0.116002 0.529803 -0.218813
v -0.150870 0.583193 -0.130174
v 0.103260 0.636722 -0.466261
v 0.046906 0.523920 -0.342410
v 0.260651 0.559146 -0.277008
v 0.325010 0.837098 -0.285254
v 0.042580 0.888417 -0.316570
v 0.166246 0.697234 -0.051435
v -0.072859 0.748467 -0.153889
v 0.315426 0.568277 -0.173492
v 0.322122 0.635692 -0.094821
v 0.449924 0.762727 -0.222361
v 0.485749 0.732144 -0.288226
v 0.595250 0.851282 -0.175059
v 0.576378 0.763997 -0.238186
v 0.618524 0.796282 0.078707
v 0.533593 0.590752 0.084705
v 0.524613 0.662711 0.179253
v 0.416418 0.586188 0.190291
v 0.400254 0.511124 0.102342
v 0.306713 0.492044 0.037716
v 0.314910 0.554565 0.111600
v 0.423365 0.585541 -0.242083
v 0.481728 0.557694 -0.167172
v 0.614254 0.666361 -0.072269
v 0.398097 0.486148 -0.096682
v 0.497834 0.816039 -0.041617
v 0.573488 0.813166 0.088358
v 0.418366 0.690896 0.147757
v -0.400436 1.762137 -0.247157
v -0.411209 1.680029 -0.331660
v -0.265085 1.762319 -0.400805
v -0.143681 1.795081 -0.397244
v -0.046651 1.770595 -0.348051
v -0.060385 1.842426 -0.279385
v -0.055283 1.809006 -0.196691
v -0.131378 1.866679 -0.100139
v -0.231568 1.790488 -0.050070
v -0.303494 1.739304 -0.096016
v -0.401569 1.715154 -0.137706
v -0.226817 1.681697 -0.434072
v -0.113624 1.706752 -0.358463
v -0.309234 1.643592 -0.373232
v -0.212703 1.877976 -0.163881
v -0.282841 1.842224 -0.068879
v -0.114516 1.773042 -0.090928
v -0.050931 1.760996 -0.228528
v -0.058372 1.820545 -0.158480
v 0.048245 1.800271 -0.259059
v 0.171995 1.824971 -0.192917
v 0.228627 1.758783 -0.254322
v 0.354594 1.676060 0.073148
v 0.251495 1.757637 0.163236
v 0.168590 1.701921 0.150760
v -0.008979 1.773499 0.104723
v -0.003790 1.706177 0.020384
v 0.359041 1.696560 -0.143731
v 0.085986 1.677353 -0.246030
v 0.280056 1.656467 -0.193932
v 0.303536 1.637589 -0.005097
v 0.039455 1.865290 -0.003731
v 0.172867 1.844551 0.073107
v 0.026235 1.827522 0.110487
v 0.345702 1.709394 0.150326
v 0.428098 1.713029 -0.040260
v 0.360077 1.772065 0.074248
v 0.491632 1.746033 0.021993
v 0.534395 1.673979 -0.058820
v 0.620898 1.611507 0.034239
v 0.607394 1.631418 0.175639
v 0.583070 1.528256 0.302421
v 0.497555 1.559570 0.329699
v 0.405368 1.626340 0.315329
v 0.617013 1.535943 0.009596
v 0.653985 1.494652 0.140649
v 0.548288 1.571204 -0.021572
v 0.591855 1.467420 0.193519
v 0.381568 1.781238 0.159362
v 0.481093 1.702838 0.278550
v 0.358527 1.733385 0.265710
v -0.390786 1.370731 -0.554249
v -0.379360 1.505578 -0.485045
v -0.223581 1.458572 -0.646650
v -0.091026 1.523059 -0.631568
v 0.007222 1.558216 -0.553900
v 0.028921 1.438436 -0.622257
v 0.017620 1.489528 -0.516906
v -0.079113 1.647638 -0.434300
v -0.000834 1.330877 -0.613942
v -0.083627 1.604685 -0.396170
v -0.170485 1.483429 -0.392444
v -0.332732 1.282925 -0.515155
v -0.367974 1.443472 -0.409771
v -0.058997 1.267754 -0.671663
v -0.167149 1.281952 -0.689859
v -0.232918 1.207598 -0.633620
v -0.103010 1.228933 -0.629717
v -0.250931 1.632172 -0.451422
v -0.187918 1.641997 -0.365156
v -0.320114 1.589802 -0.375144
v -0.021513 1.352543 -0.499084
v -0.033551 1.503122 -0.360529
v 0.115700 1.376099 -0.577058
v 0.001981 1.544866 -0.425232
v 0.066850 1.507161 -0.508289
v 0.228766 1.529008 -0.481958
v 0.304506 1.383903 -0.531194
v 0.298746 1.566745 -0.394042
v 0.439194 1.419466 -0.404707
v 0.504691 1.365129 -0.247601
v 0.394636 1.561104 -0.260350
v 0.470600 1.246184 -0.386551
v 0.443440 1.467262 -0.146004
v 0.367611 1.470868 -0.103825
v 0.409909 1.257477 -0.187986
v 0.275188 1.340331 -0.156939
v 0.121739 1.218569 -0.362826
v 0.068551 1.439379 -0.223928
v 0.187851 1.263235 -0.578744
v 0.339024 1.200978 -0.518323
v 0.162917 1.168071 -0.527547
v 0.293995 1.123019 -0.438123
v 0.180181 1.653651 -0.262751
v 0.328766 1.590824 -0.155168
v 0.241445 1.577360 -0.119944
v 0.074424 1.615376 -0.224713
v 0.518595 1.261940 -0.251147
v 0.490318 1.431535 -0.124965
v 0.520052 1.486670 -0.198134
v 0.545978 1.364848 -0.313005
v 0.600721 1.385207 -0.302754
v 0.596501 1.488516 -0.191361
v 0.702913 1.357295 -0.175171
v 0.724534 1.317208 0.022108
v 0.742844 1.244662 -0.079867
v 0.691516 1.104159 0.012608
v 0.620484 1.229058 0.098913
v 0.566533 1.212884 0.027392
v 0.604535 1.187705 -0.323748
v 0.677478 1.132660 -0.259507
v 0.611794 1.081803 -0.234954
v 0.697239 1.069190 -0.120695
v 0.542948 1.539435 -0.062665
v 0.545392 1.501265 0.048066
v 0.616306 1.397247 0.120726
v -0.314578 1.055334 -0.712341
v -0.225414 1.076404 -0.776077
v -0.271964 1.169650 -0.726898
v -0.061298 1.158845 -0.805754
v 0.047655 1.208366 -0.749504
v 0.094962 1.111464 -0.763610
v 0.029900 1.148351 -0.694109
v 0.078243 0.974086 -0.736614
v 0.021983 0.941118 -0.688315
v -0.202463 0.890275 -0.667213
v -0.255549 0.989392 -0.651532
v 0.027457 0.979307 -0.784475
v -0.095980 0.954441 -0.786708
v -0.115680 0.859043 -0.727645
v 0.021160 0.889935 -0.729249
v -0.052694 1.253359 -0.713877
v -0.175649 1.250494 -0.713685
v -0.215996 1.193911 -0.671415
v 0.055344 0.919209 -0.656825
v 0.056120 1.050609 -0.652474
v 0.101067 1.033920 -0.718805
v 0.123940 1.141291 -0.688659
v 0.291303 1.079569 -0.695515
v 0.328983 1.190913 -0.641391
v 0.448031 1.069101 -0.598212
v 0.465692 1.133298 -0.511850
v 0.513645 0.993869 -0.492562
v 0.477898 0.981518 -0.412450
v 0.451335 0.851301 -0.443688
v 0.263720 0.875893 -0.464720
v 0.135095 0.838788 -0.548851
v 0.283383 0.910961 -0.676739
v 0.216138 0.794275 -0.620664
v 0.410289 0.813150 -0.538223
v 0.277008 1.210331 -0.599998
v 0.440397 1.087641 -0.446741
v 0.245473 1.139749 -0.530520
v 0.499568 0.880591 -0.444302
v 0.549636 1.044195 -0.492071
v 0.542860 0.957709 -0.516116
v 0.604917 1.100041 -0.460570
v 0.673039 1.117978 -0.390513
v 0.682454 1.014921 -0.430400
v 0.742308 0.949818 -0.295764
v 0.721104 1.098806 -0.286397
v 0.738876 0.925196 -0.170572
v 0.691990 0.850317 -0.149185
v 0.626651 0.862982 -0.184404
v 0.566536 0.754785 -0.281321
v 0.591494 0.825290 -0.456237
v 0.564208 0.735199 -0.371070
v 0.665921 1.128761 -0.300261
v 0.718541 1.033188 -0.165895
v 0.618795 1.010369 -0.261438
vn -0.225436 -0.083943 -0.970635
vn -0.777001 -0.342749 0.528009
vn -0.998906 0.026044 0.038845
vn -0.930902 -0.363466 -0.036262
vn -0.027985 -0.405694 -0.913580
vn -0.949712 -0.161052 -0.268531
vn 0.392608 -0.209352 -0.895562
vn 0.515210 -0.537571 -0.667515
vn -0.160590 0.010572 -0.986965
vn 0.183823 -0.564118 -0.804972
vn -0.941491 -0.326783 0.082510
vn -0.851033 -0.480555 0.211683
vn 0.305935 -0.051550 -0.950656
vn -0.368087 -0.507387 -0.779148
vn 0.345969 -0.327582 -0.879202
vn -0.939115 -0.060674 0.338203
vn -0.909350 -0.365253 0.199181
vn -0.722227 0.677905 0.137231
vn -0.883083 0.370067 0.288470
vn -0.078828 0.678762 -0.730115
vn 0.663427 -0.204206 -0.719836
vn 0.180021 0.983415 0.022076
vn -0.449306 0.876801 0.171303
vn -0.241664 -0.696879 -0.675247
vn -0.144353 -0.980796 0.131154
vn -0.852614 0.105013 0.511880
vn -0.755354 0.193619 0.626061
vn 0.219739 -0.227405 -0.948684
vn -0.867807 -0.496573 0.018082
vn -0.807955 -0.436487 0.395838
vn -0.807750 0.045911 0.587734
vn -0.474231 0.870883 0.129103
vn -0.681530 0.488828 0.544577
vn 0.538400 -0.195008 -0.819815
vn -0.060333 -0.365210 -0.928968
vn 0.325670 0.945381 -0.013887
vn -0.205842 0.978583 0.002210
vn 0.756340 0.578273 -0.305861
vn 0.300735 0.730817 0.612751
vn -0.463310 -0.567103 -0.680983
vn -0.023381 -0.942788 0.332573
vn -0.663674 0.095658 0.741880
vn -0.307986 0.090658 0.947062
vn 0.072695 -0.150551 -0.985926
vn -0.564806 -0.322567 -0.759569
vn -0.801396 -0.557638 -0.216342
vn -0.974986 -0.045112 0.217638
vn -0.401326 0.223663 0.888207
vn -0.828461 0.549596 0.107686
vn -0.545402 0.627787 0.555355
vn -0.401690 0.531995 -0.745404
vn 0.367109 0.926213 0.085786
vn -0.078172 0.881651 -0.465382
vn 0.103555 -0.867643 0.486283
vn -0.495383 -0.637308 -0.590283
vn -0.032714 0.125213 0.991590
vn -0.604429 0.072281 0.793373
vn -0.217131 -0.175110 -0.960308
vn -0.748980 -0.443541 -0.492240
vn -0.921316 -0.386021 -0.046535
vn -0.974399 -0.015490 0.224290
vn -0.816987 -0.572328 0.070524
vn -0.875818 0.053357 0.479683
vn -0.388586 0.896061 -0.214654
vn -0.806337 0.589723 0.045258
vn 0.812701 0.107111 -0.572751
vn -0.021568 -0.132328 -0.990971
vn -0.203176 0.951702 -0.230181
vn 0.760576 0.648845 0.022898
vn 0.991769 0.105361 0.072759
vn -0.668524 -0.743073 0.030287
vn -0.261229 -0.897722 0.354760
vn -0.860033 -0.056948 0.507050
vn -0.117802 0.099173 0.988073
vn 0.194668 -0.108589 -0.974840
vn -0.810767 -0.389496 -0.436979
vn -0.537269 -0.547038 -0.641943
vn -0.760068 -0.588286 0.276072
vn -0.775478 0.628653 0.058563
vn -0.814080 0.211506 0.540869
vn -0.148956 0.875215 -0.460229
vn 0.682289 0.043247 -0.729802
vn 0.419572 0.230408 -0.877993
vn -0.302758 -0.222286 -0.926783
vn -0.693973 0.715165 -0.083308
vn 0.476626 0.859943 -0.182551
vn 0.672757 -0.675843 0.301056
vn 0.905159 -0.166998 -0.390895
vn -0.581023 -0.809939 0.080076
vn -0.281956 -0.887493 0.364494
vn -0.174007 -0.191479 0.965949
vn -0.692306 -0.126577 0.710416
vn -0.445393 0.076594 0.892053
vn -0.125493 0.197113 -0.972316
vn -0.923677 -0.376467 -0.071368
vn -0.699171 -0.709423 0.088767
vn -0.855675 0.469182 -0.218376
vn -0.413275 0.740836 -0.529495
vn -0.854029 0.366552 0.369153
vn -0.276545 0.364643 -0.889133
vn 0.427479 -0.101688 -0.898288
vn -0.396839 0.028376 -0.917449
vn 0.254598 0.952772 -0.165545
vn -0.466571 0.819877 -0.331832
vn -0.746597 -0.607932 -0.270208
vn 0.004920 -0.876802 0.480826
vn -0.098703 -0.155713 0.982859
vn -0.669271 -0.168123 0.723748
vn -0.357065 -0.476102 -0.803636
vn -0.750823 -0.589944 -0.297037
vn -0.815207 -0.579165 -0.002220
vn -0.993850 -0.085636 0.070210
vn -0.702793 0.688240 -0.180022
vn -0.349143 0.934932 0.063264
vn 0.542724 -0.156262 -0.825247
vn -0.071220 -0.164876 -0.983740
vn 0.563149 0.824443 0.056186
vn -0.081022 -0.928948 0.361234
vn -0.547384 -0.799021 -0.248868
vn -0.295618 0.369248 0.881060
vn -0.205622 0.565853 0.798455
vn -0.021498 -0.560894 -0.827608
vn -0.615220 -0.786771 -0.049949
vn -0.916551 -0.338450 0.213041
vn -0.642582 -0.728006 0.238947
vn -0.838208 0.495864 0.226993
vn -0.505002 0.580026 0.639173
vn -0.360613 0.906368 -0.220125
vn -0.347051 0.936796 0.044362
vn -0.236574 0.795052 -0.558502
vn 0.665567 0.053782 -0.744398
vn -0.150934 -0.434845 -0.887766
vn 0.057201 0.998363 0.000230
vn 0.282489 0.947715 -0.148449
vn 0.717531 -0.641750 0.270749
vn 0.091288 -0.750415 0.654632
vn -0.492826 -0.826799 -0.271156
vn -0.161650 -0.979544 0.119844
vn -0.206047 0.108504 0.972508
vn -0.733993 -0.476705 0.483742
vn 0.198099 -0.125015 -0.972177
vn -0.709730 -0.463444 -0.530569
vn -0.387418 -0.865168 -0.318421
vn -0.557573 0.809538 -0.183741
vn -0.435636 -0.878577 0.195764
vn -0.630021 0.770085 0.100210
vn 0.068392 0.990751 -0.117196
vn 0.501307 -0.392408 -0.771173
vn -0.284823 0.444160 -0.849469
vn -0.351617 0.905883 -0.236098
vn 0.081998 -0.869648 0.486815
vn 0.035859 -0.973415 0.226223
vn -0.217686 0.129257 0.967422
vn -0.472069 -0.287275 0.833441
vn 0.033043 -0.487152 -0.872692
vn -0.373311 -0.602228 -0.705663
vn -0.925183 -0.378819 0.023092
vn -0.810975 0.540014 0.225175
vn -0.473968 0.868662 -0.144153
vn -0.829105 0.555935 0.059337
vn -0.584341 0.410025 -0.700304
vn 0.717039 -0.449393 -0.532825
vn -0.284694 -0.051096 -0.957256
vn 0.332826 0.938480 0.092093
vn 0.591808 -0.365356 0.718525
vn 0.197654 -0.787915 0.583200
vn -0.070803 -0.975348 -0.209004
vn 0.245633 -0.968865 -0.031061
vn -0.317550 0.383277 0.867330
vn -0.896984 0.329164 0.295076
vn 0.028802 -0.451108 -0.892004
vn -0.483507 -0.510647 -0.710958
vn -0.117511 -0.688983 -0.715188
vn -0.761579 -0.647257 -0.032483
vn -0.957903 0.163034 0.236307
vn -0.917211 -0.027062 0.397482
vn -0.544876 0.772754 0.325516
vn -0.634705 0.608612 0.476173
vn -0.209117 0.967071 0.145068
vn 0.484889 -0.482765 -0.729260
vn -0.040428 -0.165822 -0.985327
vn -0.250724 0.965046 0.076320
vn 0.416850 0.877244 0.238076
vn -0.196494 -0.924970 -0.325301
vn 0.039508 -0.993954 -0.102439
vn -0.447565 0.362676 0.817406
vn -0.166977 0.377706 0.910745
vn -0.813006 -0.464287 -0.351365
vn -0.553711 -0.749469 -0.362905
vn -0.920737 0.257253 0.293367
vn -0.414717 0.584896 0.697070
vn -0.360306 0.931976 0.040007
vn -0.192338 0.158959 -0.968369
vn 0.942193 -0.269190 -0.199521
vn -0.255629 -0.339438 -0.905227
vn 0.057882 0.949787 0.307496
vn 0.452445 0.780985 0.430530
vn 0.085539 -0.737225 0.670210
vn -0.553621 -0.486624 -0.675796
vn -0.119362 -0.992849 -0.001694
vn -0.790354 0.151846 0.593535
vn -0.081214 0.338205 0.937561
vn -0.931842 -0.254322 -0.258826
vn -0.640329 -0.249727 -0.726371
vn -0.981211 0.188979 -0.038869
vn -0.947793 -0.267822 -0.173090
vn -0.779742 0.554244 -0.291231
vn -0.919431 0.272038 0.283975
vn 0.638803 -0.283938 -0.715060
vn -0.413084 -0.131854 -0.901097
vn 0.226016 -0.227095 -0.947283
vn -0.280430 0.872050 -0.401108
vn -0.600441 0.744886 -0.290886
vn 0.448292 0.892815 0.043780
vn -0.108385 -0.986293 0.124416
vn -0.414358 -0.898930 -0.142238
vn -0.004888 0.094515 0.995511
vn -0.793733 0.232202 0.562201
vn 0.167478 -0.224084 -0.960072
vn -0.675558 -0.672878 -0.301425
vn -0.423912 -0.515205 -0.744891
vn -0.774374 -0.632558 -0.014683
vn -0.938210 -0.109923 0.328146
vn -0.842825 0.515796 0.153625
vn -0.789784 0.324153 0.520737
vn -0.550170 0.803073 -0.228882
vn -0.594418 0.803264 0.037854
vn 0.375318 -0.031090 -0.926375
vn 0.739307 -0.254101 -0.623585
vn -0.205680 -0.144963 -0.967823
vn 0.015183 0.965261 -0.260846
vn 0.510684 0.855805 0.082458
vn 0.987920 -0.122520 -0.094887
vn -0.060170 -0.989473 0.131617
vn -0.465942 -0.863446 -0.193284
vn -0.164030 0.123331 0.978715
vn -0.874036 0.123175 0.469988
vn -0.714996 -0.443358 -0.540569
vn -0.561496 -0.326449 -0.760364
vn -0.952138 0.300095 -0.058098
vn -0.870675 -0.457319 -0.181064
vn -0.530264 0.308699 0.789636
vn -0.545013 0.790636 -0.279026
vn -0.771236 0.630982 0.084003
vn 0.790991 -0.211934 -0.573949
vn -0.270815 -0.036550 -0.961937
vn -0.262018 0.949720 -0.171401
vn 0.454791 0.890469 0.015179
vn 0.579598 0.718221 0.384998
vn -0.027167 -0.972850 0.229837
vn -0.593287 -0.768662 -0.239099
vn 0.053315 0.180766 0.982080
vn -0.673036 0.128764 0.728315
vn -0.073846 -0.472713 -0.878117
vn -0.709940 -0.497506 -0.498470
vn -0.788277 -0.537796 -0.298989
vn -0.968251 -0.137117 -0.209019
vn -0.529735 0.704377 0.472476
vn -0.649062 0.352868 -0.673945
vn 0.519546 -0.429239 -0.738801
vn -0.302606 -0.299569 -0.904814
vn 0.206388 0.949369 0.236861
vn 0.093015 0.956742 0.275669
vn 0.022378 -0.839009 0.543657
vn -0.506781 -0.643544 -0.573606
vn -0.103842 -0.989577 -0.099773
vn 0.105949 0.413248 0.904434
vn -0.960680 -0.015047 0.277251
vn -0.380674 0.329369 0.864062
vn 0.079988 -0.452078 -0.888384
vn -0.475849 -0.585647 -0.656190
vn -0.193132 -0.719353 -0.667257
vn -0.777658 -0.608465 -0.158172
vn -0.344331 -0.910683 -0.228236
vn -0.954599 0.090646 0.283768
vn -0.606209 0.779269 0.158904
vn -0.502507 0.725937 0.469576
vn -0.401415 0.859437 0.316596
vn -0.202017 0.973625 -0.106032
vn 0.561838 -0.495374 -0.662528
vn 0.109325 -0.323838 -0.939775
vn 0.153650 0.940261 0.303812
vn -0.113876 0.984195 0.135621
vn 0.119880 -0.240041 0.963332
vn -0.233300 -0.905317 -0.354926
vn 0.078873 -0.994335 -0.071256
vn -0.196681 0.312208 0.929431
vn -0.270960 0.518995 0.810694
vn -0.961797 -0.243003 0.126078
vn -0.983778 -0.106980 -0.144001
vn -0.279441 -0.555364 -0.783252
vn -0.388122 -0.920553 -0.044081
vn -0.917276 0.389708 0.082053
vn -0.513194 0.848557 -0.128778
vn -0.797235 0.568542 0.202921
vn 0.746183 -0.473202 -0.468285
vn -0.367116 -0.027815 -0.929759
vn 0.287223 0.948303 0.134997
vn -0.434145 0.900404 0.028126
vn 0.969857 0.211320 -0.121331
vn -0.210405 -0.889998 -0.404516
vn 0.276924 -0.953979 0.115052
vn -0.095739 0.388962 0.916265
vn -0.964552 0.263162 0.019637
vn 0.395257 -0.173048 -0.902123
vn -0.406083 -0.729054 -0.550978
vn -0.440998 -0.857635 -0.264543
vn -0.127190 -0.926497 0.354157
vn -0.847670 0.500009 0.177332
vn -0.630722 0.758700 0.162983
vn -0.224321 0.919019 -0.324168
vn -0.321332 0.342072 -0.883025
vn -0.422426 0.890443 -0.169314
vn 0.463573 0.886025 -0.007666
vn 0.157500 -0.930952 0.329428
vn -0.295402 0.025507 0.955033
vn -0.951186 0.116370 0.285838
vn -0.400848 -0.676472 -0.617824
vn -0.553919 -0.831279 0.046353
vn -0.737320 0.608455 0.293499
vn -0.592178 -0.804416 0.047335
vn -0.114084 0.974170 -0.194876
vn -0.411673 0.911016 -0.023992
vn 0.668449 -0.132259 -0.731904
vn 0.199404 0.163590 -0.966166
vn 0.269500 0.957419 -0.103531
vn 0.739691 0.671385 0.045812
vn 0.971042 -0.220042 -0.093055
vn -0.128606 -0.977538 0.166972
vn -0.334628 -0.940165 -0.064138
vn -0.164890 0.257500 0.952106
vn -0.839027 -0.364150 0.404263
vn -0.695311 0.444364 0.564874
vn -0.116833 -0.379344 -0.917850
vn -0.624920 -0.659202 -0.418245
vn -0.860535 -0.509332 0.007831
vn -0.692443 -0.716531 -0.084291
vn -0.982834 0.183828 -0.015656
vn -0.386594 0.211190 0.897744
vn 0.057127 0.977620 -0.202472
vn 0.918063 0.051123 -0.393124
vn 0.711309 0.195182 -0.675236
vn -0.223380 -0.180142 -0.957941
vn -0.336834 0.932791 -0.128232
vn 0.601169 0.793393 0.095520
vn -0.324354 -0.912254 0.250176
vn -0.646400 -0.736572 -0.199069
vn 0.002693 0.330577 0.943775
vn -0.865203 -0.481052 0.141464
vn 0.050600 0.076762 -0.995765
vn -0.609447 0.042530 -0.791686
vn -0.521618 -0.285138 -0.804122
vn -0.461913 -0.869385 0.175520
vn -0.717832 -0.472238 0.511575
vn -0.640688 0.714900 -0.280066
vn -0.826878 -0.095848 0.554154
vn -0.885121 0.389163 0.255173
vn -0.470920 0.589501 -0.656295
vn 0.526143 -0.045357 -0.849186
vn -0.302448 0.180921 -0.935838
vn 0.008092 0.887228 -0.461260
vn -0.541694 0.708895 -0.451703
vn 0.359930 -0.595124 0.718524
vn -0.592748 -0.750374 -0.292553
vn 0.060171 -0.838339 0.541818
vn -0.005254 -0.198389 0.980109
vn -0.314664 -0.163830 0.934958
vn -0.392587 -0.334148 -0.856867
vn 0.151903 0.085123 -0.984723
vn -0.362208 -0.429104 -0.827451
vn -0.569718 -0.783791 0.247172
vn -0.726003 -0.495093 0.477287
vn -0.863457 0.389976 0.319940
vn -0.289237 0.901643 -0.321529
vn -0.775648 0.577220 0.255319
vn 0.283169 0.072235 -0.956346
vn 0.601433 0.137959 -0.786922
vn 0.323955 0.900402 -0.290394
vn -0.362384 0.912629 -0.189171
vn 0.622571 -0.777445 0.089350
vn -0.590599 -0.805703 -0.045123
vn -0.145387 -0.873155 0.465256
vn -0.191075 -0.105253 0.975916
vn -0.747870 -0.120210 0.652870
vn -0.557427 0.076203 0.826722
vn 0.259167 -0.012093 -0.965757
vn -0.751002 -0.249968 -0.611156
vn -0.914049 -0.403821 -0.037979
vn -0.685613 -0.470917 -0.555133
vn -0.663647 -0.683770 0.303367
vn -0.974532 0.208185 0.083340
vn -0.944138 -0.266262 0.194186
vn -0.577280 0.079250 0.812692
vn -0.315952 0.935494 -0.158195
vn -0.534204 0.761677 -0.366707
vn 0.768085 0.193602 -0.610380
vn 0.892471 0.043460 -0.449006
vn 0.071934 0.079676 -0.994222
vn 0.663365 0.736741 -0.130996
vn 0.638553 0.687222 0.346376
vn 0.533141 -0.106968 0.839237
vn -0.667116 -0.740685 0.079644
vn -0.021028 -0.951327 0.307466
vn 0.097140 0.092250 0.990986
vn -0.806903 -0.159178 0.568833
vn -0.244542 -0.254274 -0.935705
vn -0.541277 -0.342079 -0.768116
vn -0.958164 -0.068025 0.278020
vn -0.837981 -0.430789 0.334975
vn -0.815167 0.574996 0.069882
vn -0.445395 0.425891 0.787554
vn -0.363383 0.680309 -0.636500
vn -0.578765 0.792717 0.191392
vn -0.089031 0.620998 -0.778739
vn -0.117731 -0.086251 -0.989293
vn 0.428636 0.901468 -0.060224
vn -0.065891 -0.907195 0.415519
vn -0.453287 -0.561600 -0.692196
vn -0.162174 0.112486 0.980330
vn -0.267329 -0.432022 -0.861332
vn -0.045179 -0.430034 -0.901682
vn -0.726402 -0.645197 -0.236772
vn -0.838006 0.002775 0.545654
vn -0.867943 -0.451315 0.207339
vn -0.664841 0.734012 0.138613
vn -0.571288 0.456178 0.682299
vn -0.522884 0.714716 0.464514
vn -0.017952 0.710507 -0.703461
vn 0.601931 -0.181801 -0.777578
vn 0.183768 -0.117668 -0.975901
vn -0.137265 0.971156 -0.194973
vn 0.442550 0.889145 0.116488
vn 0.003753 -0.750418 0.660953
vn -0.343870 -0.817230 -0.462481
vn 0.013606 -0.997867 0.063842
vn -0.354944 0.173122 0.918718
vn -0.653695 0.062455 0.754177
vn 0.560485 -0.228264 -0.796086
vn -0.792897 -0.394541 -0.464382
vn -0.897585 0.053625 0.437569
vn -0.921171 -0.290248 0.259229
vn -0.210506 0.965773 -0.151557
vn -0.829631 0.306422 0.466710
vn 0.796611 -0.437675 -0.416955
vn 0.365407 -0.193925 -0.910423
vn 0.482517 0.871572 -0.086830
vn -0.684720 0.696904 0.213271
vn 0.752836 -0.654667 -0.068187
vn 0.030035 -0.741129 0.670691
vn -0.090312 -0.561334 -0.822647
vn 0.139923 -0.981240 0.132629
vn -0.367276 0.202162 0.907876
vn -0.890998 0.132642 0.434200
vn -0.940802 0.317227 0.119412
vn -0.849165 -0.452611 -0.272142
vn -0.177864 0.159618 -0.971023
vn 0.828099 -0.218567 -0.516217
vn 0.432857 0.714153 -0.550109
vn 0.983924 0.108571 -0.141795
vn 0.612238 -0.471989 0.634343
vn -0.133466 0.036258 0.990390
vn 0.356371 -0.817037 0.453265
vn -0.818676 -0.267395 0.508201
vn 0.166656 -0.598759 -0.783398
vn -0.111498 -0.948976 -0.294979
vn -0.739475 0.634325 0.225409
vn 0.389682 0.857409 0.336152
vn 0.695902 0.236865 0.677949
vn -0.464628 0.464972 0.753606
vn -0.878176 -0.289449 -0.380824
vn -0.836187 0.344651 0.426623
vn 0.004581 0.033274 -0.999436
vn -0.634297 0.575498 -0.516207
vn 0.089940 0.839425 -0.535981
vn 0.483414 0.020931 -0.875141
vn 0.751869 0.425567 0.503574
vn 0.955446 -0.213294 -0.204029
vn 0.705023 -0.258598 0.660355
vn 0.050396 -0.022425 0.998478
vn -0.438257 0.296515 0.848534
vn -0.442480 -0.719718 0.534993
vn -0.628206 -0.089502 0.772882
vn 0.470151 -0.146409 -0.870358
vn 0.564325 -0.544943 -0.620140
vn -0.190541 -0.712192 -0.675630
vn -0.045003 -0.973040 -0.226203
vn 0.402812 -0.805930 0.433842
vn -0.337112 0.869539 0.360912
vn -0.886588 -0.031253 -0.461503
vn -0.811712 0.363801 -0.456917
vn -0.043130 0.628505 -0.776609
vn 0.528095 -0.281778 -0.801072
vn 0.753141 0.546177 -0.366701
vn 0.954447 -0.286069 0.084823
vn 0.532275 0.433938 0.726898
vn 0.304561 -0.194373 0.932449
vn 0.166748 0.409924 0.896748
vn -0.178538 -0.826364 0.534085
vn -0.315102 -0.064703 0.946850
vn -0.703511 -0.645174 0.298031
vn 0.108532 -0.457769 -0.882422
vn -0.242075 -0.879247 -0.410274
vn 0.599762 -0.764815 0.235251
vn -0.274934 0.953244 0.125448
vn -0.381908 0.409628 0.828463
vn -0.904644 -0.323274 -0.277692
vn -0.986685 0.137852 0.086305
vn -0.572349 0.556828 -0.601963
vn -0.482712 0.180177 -0.857044
vn 0.469638 0.427858 -0.772255
vn 0.365841 0.830244 -0.420541
vn 0.853997 0.448460 -0.263767
vn 0.842124 0.371852 0.390581
vn 0.491928 -0.197478 0.847944
vn -0.250826 -0.701358 0.667221
vn -0.577035 -0.221527 0.786102
vn -0.969905 -0.237648 0.052986
vn 0.045559 -0.372460 -0.926929
vn 0.543872 -0.654634 -0.525031
vn 0.961896 -0.163006 -0.219511
vn -0.485566 -0.785564 -0.383556
vn 0.181668 -0.983306 0.010257
vn 0.633964 -0.661735 0.400245
vn 0.017529 0.992863 0.117962
vn 0.010536 0.567348 0.823411
vn -0.778251 0.415139 0.471152
vn -0.881649 -0.461438 0.098842
vn -0.924805 0.165688 0.342465
vn -0.791712 -0.245902 -0.559217
vn -0.722365 0.462742 -0.513866
vn -0.106167 0.241987 -0.964454
vn -0.068419 0.721114 -0.689430
vn 0.524647 0.457162 -0.718157
vn 0.428035 0.781247 -0.454355
vn 0.838117 0.541373 -0.066902
vn 0.961216 -0.022754 0.274857
vn 0.640419 0.358775 0.679076
vn 0.311222 -0.420058 0.852462
vn 0.029738 0.241645 0.969909
vn -0.253540 -0.509812 0.822076
vn -0.720133 -0.278548 0.635468
vn -0.506356 -0.781597 0.364294
vn -0.210431 -0.597348 -0.773883
vn 0.430761 -0.658392 -0.617224
vn -0.361694 -0.929966 -0.065883
vn 0.118277 -0.937778 0.326470
vn 0.160356 0.882861 0.441410
vn -0.174830 0.939513 -0.294534
vn -0.620052 0.478530 0.621727
vn -0.984066 -0.065823 0.165172
vn -0.653234 0.620300 -0.434182
vn -0.798343 -0.283718 -0.531181
vn -0.006510 0.785083 -0.619356
vn 0.208935 0.371686 -0.904542
vn 0.862405 0.275876 -0.424442
vn 0.759722 0.645027 0.082237
vn 0.908811 -0.064290 0.412226
vn 0.484128 0.046091 0.873783
vn 0.369110 -0.497660 0.784915
vn -0.437177 -0.397703 0.806665
vn -0.516540 -0.741146 0.428823
vn 0.106302 -0.287762 -0.951784
vn 0.852231 -0.506643 -0.130440
vn -0.470800 -0.775406 -0.420824
vn 0.283289 -0.940322 -0.188526
vn 0.247733 -0.768801 0.589553
vn -0.020961 0.983271 0.180940
vn 0.184837 0.316074 0.930555
vn -0.662414 0.539997 0.519241
vn -0.950862 -0.270107 -0.151340
vn -0.173115 0.279053 -0.944543
vn -0.293904 0.812398 -0.503617
vn 0.771037 0.476681 -0.422230
vn 0.821776 0.466270 0.327532
vn 0.297629 0.535920 0.790068
vn 0.347321 -0.278909 0.895309
vn -0.487161 -0.860080 0.151451
vn -0.871151 -0.040124 0.489374
vn -0.536386 -0.644962 -0.544348
vn 0.241291 -0.752665 -0.612596
vn 0.929378 -0.319489 -0.184884
vn 0.578926 -0.787821 0.210195
vn 0.156153 0.976979 0.145356
vn -0.719449 0.351268 0.599169
vn -0.927020 0.355974 -0.117968
vn -0.726045 -0.618333 -0.300870
vn -0.451892 -0.036092 -0.891342
vn 0.395315 0.021811 -0.918287
vn 0.333233 0.876014 -0.348647
vn 0.793417 0.608670 -0.003206
vn 0.950180 -0.160705 -0.267082
vn 0.652141 0.123167 0.748025
vn -0.513802 -0.185715 0.837566
vn -0.471658 -0.851173 0.230310
vn 0.520374 -0.552876 -0.650799
vn -0.391457 -0.681854 -0.617930
vn 0.110784 -0.987380 -0.113174
vn 0.327023 0.942270 0.071995
vn -0.317450 0.877442 0.359612
vn 0.112257 0.500512 0.858421
vn -0.991419 -0.042135 -0.123745
vn -0.624542 0.344539 -0.700885
vn 0.536531 0.224156 -0.813566
vn -0.129764 0.881094 -0.454790
vn 0.942799 0.302532 -0.140017
vn 0.789521 0.191033 0.583235
vn 0.116096 -0.514738 0.849451
vn -0.896177 -0.292242 0.333858
vn 0.001996 -0.505205 -0.862997
vn 0.738720 -0.642665 -0.203160
vn -0.077767 -0.970500 -0.228217
vn 0.440928 -0.859637 0.258083
vn 0.147582 0.700074 0.698653
vn -0.468152 0.840616 0.272393
vn -0.842895 -0.152402 -0.516044
vn -0.945646 0.325131 -0.006655
vn -0.696783 0.714210 -0.066319
vn 0.151368 0.952782 -0.263238
vn 0.201586 0.339686 -0.918682
vn 0.890826 0.157418 -0.426202
vn 0.746933 -0.664244 -0.029516
vn 0.935355 0.253389 0.246788
vn 0.762134 0.222566 0.607960
vn 0.145817 0.401735 0.904072
vn -0.186651 -0.089943 0.978300
vn -0.640989 -0.700469 0.313810
vn -0.771998 0.028240 0.634998
vn 0.453098 -0.221665 -0.863462
vn 0.077772 -0.892495 -0.444302
vn -0.067139 0.906734 0.416324
vn -0.666863 0.744534 0.031019
vn -0.892537 -0.279053 -0.354269
vn -0.804305 0.592093 0.050194
vn -0.632108 0.434305 -0.641731
vn -0.325276 -0.100161 -0.940299
vn 0.242427 0.314124 -0.917908
vn -0.254582 0.907320 -0.334603
vn 0.200546 0.975172 -0.093920
vn 0.649335 0.605380 -0.460303
vn 0.812031 -0.089207 -0.576756
vn 0.863654 0.481681 0.148609
vn 0.874710 -0.468075 -0.125651
vn 0.796564 -0.085253 0.598513
vn 0.253162 0.585909 0.769818
vn 0.440836 -0.866905 0.232679
vn 0.340585 -0.153376 0.927619
vn -0.240471 -0.853815 0.461707
vn -0.150780 -0.232864 0.960750
vn -0.686800 0.117491 0.717288
vn -0.641209 -0.726851 0.246047
vn 0.270435 -0.480349 -0.834344
vn 0.157976 -0.897790 -0.411116
vn -0.469525 -0.722229 -0.507870
vn 0.205686 0.919975 0.333675
vn -0.403541 0.888048 0.220286
vn -0.391429 0.615493 0.684070
vn -0.617940 -0.522466 -0.587520
vn -0.913852 0.399244 -0.074016
vn -0.517755 0.600446 -0.609421
vn 0.313634 0.930232 -0.190530
vn 0.665216 0.657729 -0.353384
vn 0.786085 0.059153 -0.615281
vn 0.785750 0.317495 0.530842
vn 0.505888 0.187362 0.842005
vn 0.016645 0.025588 0.999534
vn -0.549642 -0.748248 0.371508
vn -0.916457 -0.063978 0.394985
vn -0.279611 -0.325180 -0.903369
vn 0.431289 -0.777817 -0.457155
vn -0.458604 -0.758755 -0.462572
vn 0.962135 -0.271630 -0.022645
vn 0.580616 -0.747813 0.321964
vn -0.488485 0.822870 0.290289
vn 0.300717 0.655598 0.692647
vn -0.664062 -0.476873 -0.575859
vn -0.937519 0.210862 -0.276759
vn -0.580643 0.181080 -0.793766
vn 0.232505 0.276291 -0.932526
vn -0.519111 0.586576 -0.621653
vn 0.408755 0.745581 -0.526334
vn 0.972882 -0.005225 -0.231241
vn 0.904932 0.392766 0.163810
vn 0.824903 -0.171483 0.538636
vn 0.531254 0.283244 0.798462
vn 0.360078 -0.744736 0.561883
vn 0.134130 -0.512718 0.848015
vn -0.455821 -0.187497 0.870099
vn -0.675220 -0.736012 0.048623
vn -0.982595 0.057600 0.176603
vn -0.255358 -0.233420 -0.938247
vn 0.362228 -0.663200 -0.654948
vn -0.505273 -0.717830 -0.478978
vn 0.321933 -0.946480 0.023139
vn 0.819541 -0.571938 0.035214
vn 0.216646 0.889844 0.401550
vn -0.530292 0.844404 -0.075972
vn -0.077486 0.294943 0.952368
vn -0.641600 0.442637 0.626435
vn -0.984690 -0.152802 0.083883
vn -0.736248 -0.467271 -0.489486
vn -0.893042 0.446261 -0.057682
vn -0.608906 -0.024871 -0.792853
vn -0.822783 0.298782 -0.483485
vn -0.067165 0.290595 -0.954486
vn -0.394924 0.719312 -0.571511
vn 0.533498 0.302490 -0.789861
vn 0.233390 0.814663 -0.530899
vn 0.720144 0.650486 -0.241373
vn 0.807884 0.064964 -0.585751
vn 0.852471 0.359217 0.379810
vn 0.853554 -0.390779 0.344584
vn 0.536192 -0.155774 0.829598
vn 0.431118 -0.766874 0.475438
vn 0.353595 0.321218 0.878516
vn 0.028932 -0.461161 0.886845
vn -0.210709 -0.873085 0.439687
vn -0.410839 -0.188754 0.891955
vn -0.648746 -0.709661 0.274791
vn -0.824204 -0.054855 0.563630
vn 0.032763 -0.481138 -0.876032
vn 0.575754 -0.542363 -0.611841
vn 0.164928 -0.970725 -0.174621
vn 0.626510 -0.776836 -0.063327
vn -0.270449 -0.874975 -0.401591
vn 0.016473 0.999333 0.032602
vn 0.338118 0.797636 0.499452
vn -0.422405 0.869705 0.255319
vn -0.146603 0.584430 0.798091
vn -0.687320 0.484092 0.541522
vn -0.719435 -0.230826 -0.655083
vn -0.972603 0.150094 -0.177524
vn -0.686627 0.457173 -0.565275
vn -0.219950 0.122797 -0.967752
vn -0.060160 0.833300 -0.549538
vn 0.335423 0.369493 -0.866583
vn 0.959933 0.068606 -0.271701
vn 0.671123 0.706435 -0.224817
vn 0.926163 0.212851 0.311313
vn 0.895533 -0.440791 0.061028
vn 0.743893 -0.232582 0.626521
vn 0.474680 0.309346 0.824005
vn 0.635717 -0.681669 0.362202
vn 0.245110 -0.687024 0.684046
vn -0.539513 -0.765095 0.351504
vn -0.014623 -0.171510 0.985074
vn -0.887308 -0.183515 0.423092
vn -0.078959 -0.522396 -0.849040
vn 0.654912 -0.555381 -0.512486
vn -0.311336 -0.848421 -0.428079
vn 0.274837 -0.961393 -0.013702
vn -0.217675 0.936757 0.274050
vn -0.440937 0.583245 0.682202
vn -0.771200 -0.489132 -0.407432
vn -0.898164 0.422775 -0.120675
vn -0.583185 0.041159 -0.811296
vn -0.054505 0.764573 -0.642229
vn 0.311649 0.140417 -0.939765
vn 0.978787 0.058782 -0.196267
vn 0.734937 0.677651 -0.025640
vn 0.754793 0.298300 0.584213
vn 0.845009 -0.395625 0.359778
vn 0.514309 -0.144104 0.845411
vn -0.181355 -0.169091 0.968772
vn -0.604041 -0.795801 0.042836
vn -0.841172 -0.109256 0.529615
vn -0.348463 -0.568485 -0.745250
vn 0.583774 -0.662367 -0.469550
vn 0.301552 -0.953215 -0.021150
vn 0.462573 0.622173 0.631606
vn -0.363397 0.931633 -0.001619
vn -0.206077 0.564801 0.799082
vn -0.767982 -0.579257 -0.273249
vn -0.986509 0.083224 -0.140974
vn -0.313690 -0.346249 -0.884143
vn -0.800313 0.546844 -0.245887
vn -0.533157 0.255474 -0.806522
vn -0.177839 0.785444 -0.592833
vn 0.275380 0.178016 -0.944709
vn 0.844619 0.054727 -0.532563
vn 0.386125 0.859703 -0.334394
vn 0.932478 -0.308417 -0.188053
vn 0.838409 -0.362840 0.406717
vn 0.707593 0.531049 0.466153
vn 0.522618 0.052764 0.850933
vn 0.445307 -0.781088 0.437726
vn -0.135378 -0.880006 0.455260
vn -0.469447 -0.040904 0.882013
vn -0.530181 -0.842834 -0.092404
vn -0.807016 -0.103189 0.581445
vn 0.164600 -0.588679 -0.791431
vn 0.004415 -0.894422 -0.447203
vn 0.545665 -0.796024 -0.261909
vn 0.693966 0.698816 0.173400
vn -0.149198 0.922445 0.356139
vn 0.056001 0.545727 0.836089
vn -0.446159 0.611399 0.653554
vn -0.677674 -0.381089 -0.628911
vn -0.874139 0.484996 -0.025686
vn -0.629521 0.669712 -0.393940
vn -0.048498 0.204296 -0.977707
vn 0.328367 0.847727 -0.416574
vn 0.654682 0.046251 -0.754488
vn 0.798935 0.323526 0.506985
vn 0.709361 -0.641799 0.291377
vn 0.509727 -0.039219 0.859442
vn -0.147473 -0.282166 0.947963
vn 0.155671 -0.884256 0.440293
vn -0.682389 -0.720211 0.125065
vn -0.811280 0.008405 0.584597
vn 0.018068 -0.593014 -0.804989
vn 0.551839 -0.749740 -0.365190
vn 0.876413 -0.478099 -0.057626
vn 0.100432 -0.982010 -0.159903
vn -0.563691 0.825786 0.018163
vn 0.008174 0.817947 0.575236
vn -0.701764 0.292144 0.649753
vn -0.704317 0.706242 -0.071831
vn -0.806474 -0.323295 -0.495055
vn -0.402974 0.582273 -0.706095
vn 0.147663 0.668296 -0.729093
vn 0.918118 -0.096614 -0.384350
vn 0.631398 0.744924 -0.215465
vn 0.897420 -0.161443 0.410576
vn 0.516514 0.549872 0.656395
vn 0.222611 -0.333397 0.916128
vn 0.047742 -0.751277 0.658258
vn -0.660365 -0.429591 0.615930
vn -0.047321 -0.226275 -0.972913
vn 0.539097 -0.839803 -0.064075
vn -0.079013 -0.980505 -0.179907
vn -0.166410 0.980082 -0.108382
vn -0.393010 0.680034 0.618947
vn -0.988906 -0.097180 0.112346
vn -0.701997 -0.206422 -0.681609
vn -0.553392 0.775608 -0.303627
vn -0.145440 0.621341 -0.769924
vn 0.267021 0.887834 -0.374766
vn 0.495612 0.357363 -0.791619
vn 0.740487 -0.423003 0.522251
vn 0.412034 0.236612 0.879910
vn -0.130661 -0.637704 0.759119
vn -0.612464 0.107650 0.783135
vn -0.522496 -0.827128 0.207021
vn 0.880938 -0.178242 -0.438381
vn -0.214845 -0.822396 -0.526789
vn 0.353226 -0.774640 -0.524560
vn 0.308302 -0.950304 0.043265
vn -0.162352 0.984114 -0.071845
vn 0.231648 0.915221 0.329712
vn -0.388814 0.618095 0.683215
vn -0.872507 -0.473008 -0.122452
vn -0.545700 0.186870 -0.816879
vn -0.703545 0.610177 -0.364291
vn 0.397010 0.878816 -0.264701
vn 0.420447 0.401842 -0.813478
vn 0.870995 0.431706 -0.234517
vn 0.826883 0.509510 0.238043
vn 0.557733 -0.281176 0.780944
vn -0.142857 -0.414546 0.898746
vn -0.732424 -0.298483 0.611934
vn 0.424199 -0.632778 -0.647802
vn 0.856239 -0.515924 -0.026031
vn -0.346824 -0.660754 -0.665670
vn -0.000850 -0.996058 0.088703
vn 0.053632 0.990128 -0.129499
vn 0.393394 0.697882 0.598500
vn -0.660766 0.438484 0.609197
vn -0.927592 -0.090217 -0.362537
vn -0.913576 0.383718 -0.134685
vn -0.287681 0.358654 -0.888036
vn 0.073111 0.563136 -0.823123
vn 0.752119 0.608105 -0.254020
vn 0.879753 0.105203 -0.463645
vn 0.875362 -0.089148 0.475178
vn 0.490239 0.852517 0.181328
vn 0.868752 -0.489629 0.074382
vn 0.586893 0.135157 0.798304
vn 0.259062 -0.385872 0.885432
vn -0.468798 -0.733986 0.491419
vn -0.481082 -0.338649 0.808626
vn 0.532294 -0.552085 -0.641767
vn -0.141505 -0.160316 -0.976870
vn -0.256493 -0.913026 -0.317168
vn 0.386611 -0.921968 0.022525
vn -0.385354 0.882479 -0.269689
vn 0.021571 0.676005 0.736581
vn -0.686505 0.428660 0.587335
vn -0.873191 -0.262722 -0.410504
vn -0.965878 0.187335 0.178845
vn -0.138571 0.139206 -0.980520
vn -0.661107 0.642039 -0.388230
vn -0.288760 0.571984 -0.767758
vn 0.228299 0.687052 -0.689811
vn 0.564476 0.022004 -0.825156
vn 0.302218 0.829530 -0.469622
vn 0.769020 0.366457 -0.523753
vn 0.981854 0.013679 0.189145
vn 0.677951 0.728841 -0.095777
vn 0.894511 -0.233512 -0.381211
vn 0.766537 0.247890 0.592428
vn 0.253528 0.038345 0.966568
vn 0.305518 -0.615311 0.726671
vn -0.276275 -0.480816 0.832159
vn -0.517912 -0.729728 0.446390
vn -0.615999 -0.190563 0.764350
vn 0.118518 -0.157039 -0.980455
vn 0.476918 -0.400928 -0.782180
vn -0.287650 -0.820425 -0.494125
vn 0.051425 -0.993044 -0.105921
vn 0.029659 0.999140 -0.028972
vn 0.399979 0.783838 0.474989
vn -0.153240 0.463489 0.872752
vn -0.589960 0.637835 0.495089
vn -0.951257 -0.235629 -0.198968
vn -0.996450 0.044813 0.071264
vn -0.605181 0.669023 -0.431467
vn -0.527473 0.278943 -0.802473
vn 0.379576 0.485097 -0.787784
vn 0.433886 0.799077 -0.416195
vn 0.879672 0.383496 -0.281262
vn 0.935159 0.227258 0.271720
vn 0.999689 -0.016051 -0.019098
vn 0.354343 -0.742164 0.568888
vn -0.356413 -0.435776 0.826480
vn -0.810029 -0.458705 0.365298
vn -0.027664 -0.267509 -0.963158
vn 0.678929 -0.404526 -0.612710
vn -0.287492 -0.877498 -0.383857
vn 0.543845 -0.837883 -0.046743
vn -0.215100 0.975476 -0.046673
vn -0.564869 0.595519 0.571209
vn 0.159732 0.335915 0.928249
vn -0.939306 -0.105466 -0.326469
vn -0.406421 -0.235211 -0.882892
vn -0.728616 0.536547 -0.425717
vn 0.076748 0.182984 -0.980116
vn 0.703911 0.697245 -0.135495
vn 0.953041 0.125400 -0.275658
vn 0.478089 0.219827 0.850357
vn 0.969262 -0.245546 0.015425
vn 0.453186 -0.272767 0.848658
vn -0.413865 -0.784677 0.461517
vn -0.466702 -0.162302 0.869395
vn 0.390034 -0.204737 -0.897751
vn -0.091203 -0.316808 -0.944094
vn -0.097062 -0.894446 -0.436515
vn 0.521768 -0.849580 -0.077276
vn 0.191381 0.904321 0.381546
vn -0.238388 0.969173 -0.062256
vn -0.244351 0.449968 0.858965
vn -0.893550 -0.375903 -0.245492
vn -0.948158 0.306521 0.083910
vn -0.395171 0.066768 -0.916178
vn -0.432684 0.648083 -0.626716
vn 0.306898 0.121531 -0.943951
vn 0.288355 0.832866 -0.472426
vn 0.733167 0.144372 -0.664547
vn 0.682392 0.715337 0.150447
vn 0.997600 -0.027088 -0.063724
vn 0.471247 0.040117 0.881088
vn 0.565414 -0.578607 0.587811
vn -0.386493 -0.123012 0.914052
vn -0.689103 -0.556092 0.464649
vn 0.215746 0.160914 -0.963099
vn -0.038502 -0.868392 -0.494382
vn 0.599411 -0.722042 -0.345488
vn 0.021055 0.996285 0.083503
vn 0.187467 0.517706 0.834767
vn -0.399830 0.520215 0.754661
vn -0.990545 -0.133803 0.030287
vn -0.597460 0.552557 -0.581139
vn -0.308307 0.071874 -0.948568
vn -0.041768 0.731648 -0.680402
vn 0.562367 0.741805 -0.365332
vn 0.757638 0.044078 -0.651184
vn 0.971100 -0.121171 -0.205629
vn 0.800067 0.594905 0.077336
vn 0.861155 -0.100884 0.498232
vn 0.284691 -0.403868 0.869392
vn -0.712913 0.039375 0.700147
vn -0.665661 -0.624871 0.407961
vn 0.426558 -0.468366 -0.773745
vn -0.345401 -0.935416 -0.075458
vn -0.253735 0.914769 0.314352
vn 0.294120 0.525595 0.798275
vn -0.816542 0.285500 0.501746
f 14//14 455//455 456//456
f 457//457 20//20 458//458
f 457//457 458//458 459//459
f 20//20 18//18 22//22
f 21//21 456//456 457//457
f 462//462 459//459 460//460
f 459//459 22//22 467//467
f 462//462 461//461 463//463
f 461//461 27//27 26//26
f 25//25 462//462 463//463
f 464//464 457//457 462//462
f 15//15 21//21 464//464
f 465//465 462//462 25//25
f 15//15 464//464 465//465
f 467//467 466//466 469//469
f 22//22 23//23 467//467
f 469//469 466//466 27//27
f 461//461 469//469 27//27
f 470//470 471//471 473//473
f 29//29 31//31 470//470
f 471//471 31//31 32//32
f 35//35 470//470 472//472
f 475//475 474//474 38//38
f 473//473 474//474 472//472
f 474//474 32//32 36//36
f 34//34 475//475 477//477
f 34//34 472//472 475//475
f 478//478 476//476 479//479
f 38//38 36//36 476//476
f 482//482 43//43 42//42
f 481//481 482//482 30//30
f 41//41 487//487 481//481
f 485//485 484//484 486//486
f 28//28 34//34 484//484
f 484//484 477//477 487//487
f 486//486 487//487 41//41
f 485//485 486//486 40//40
f 28//28 483//483 485//485
f 36//36 37//37 488//488
f 489//489 490//490 491//491
f 45//45 47//47 489//489
f 490//490 49//49 51//51
f 1//1 489//489 491//491
f 492//492 491//491 493//493
f 491//491 51//51 52//52
f 44//44 491//491 492//492
f 494//494 495//495 496//496
f 492//492 493//493 494//494
f 493//493 52//52 495//495
f 54//54 503//503 498//498
f 503//503 496//496 498//498
f 499//499 56//56 57//57
f 500//500 499//499 57//57
f 54//54 498//498 500//500
f 501//501 494//494 503//503
f 502//502 503//503 54//54
f 55//55 501//501 502//502
f 497//497 504//504 505//505
f 52//52 53//53 504//504
f 504//504 53//53 50//50
f 505//505 50//50 48//48
f 497//497 505//505 56//56
f 506//506 507//507 508//508
f 60//60 61//61 506//506
f 507//507 61//61 64//64
f 67//67 506//506 509//509
f 510//510 511//511 512//512
f 509//509 508//508 510//510
f 511//511 64//64 69//69
f 66//66 510//510 520//520
f 67//67 509//509 510//510
f 523//523 70//70 514//514
f 70//70 513//513 514//514
f 512//512 69//69 513//513
f 72//72 523//523 515//515
f 523//523 514//514 515//515
f 516//516 74//74 73//73
f 62//62 515//515 517//517
f 521//521 519//519 522//522
f 519//519 520//520 522//522
f 58//58 66//66 518//518
f 522//522 523//523 72//72
f 521//521 522//522 71//71
f 59//59 518//518 521//521
f 69//69 68//68 524//524
f 526//526 65//65 63//63
f 525//525 526//526 74//74
f 514//514 525//525 74//74
f 513//513 524//524 525//525
f 529//529 528//528 530//530
f 530//530 79//79 81//81
f 84//84 529//529 531//531
f 84//84 527//527 529//529
f 531//531 532//532 533//533
f 533//533 534//534 535//535
f 534//534 81//81 86//86
f 82//82 533//533 88//88
f 83//83 531//531 533//533
f 87//87 536//536 538//538
f 536//536 537//537 538//538
f 88//88 535//535 536//536
f 546//546 538//538 540//540
f 541//541 91//91 92//92
f 542//542 541//541 78//78
f 90//90 546//546 542//542
f 543//543 544//544 545//545
f 75//75 82//82 544//544
f 544//544 88//88 87//87
f 545//545 546//546 90//90
f 77//77 543//543 545//545
f 86//86 85//85 548//548
f 549//549 85//85 80//80
f 539//539 549//549 93//93
f 552//552 551//551 100//100
f 95//95 97//97 550//550
f 550//550 97//97 98//98
f 102//102 552//552 100//100
f 554//554 553//553 556//556
f 100//100 551//551 553//553
f 551//551 98//98 103//103
f 101//101 554//554 555//555
f 101//101 100//100 554//554
f 563//563 557//557 559//559
f 101//101 555//555 563//563
f 555//555 556//556 557//557
f 106//106 566//566 559//559
f 560//560 107//107 108//108
f 561//561 560//560 96//96
f 106//106 559//559 561//561
f 562//562 563//563 565//565
f 94//94 101//101 562//562
f 565//565 563//563 566//566
f 564//564 566//566 106//106
f 105//105 562//562 564//564
f 568//568 567//567 569//569
f 103//103 104//104 567//567
f 567//567 104//104 99//99
f 568//568 569//569 107//107
f 558//558 568//568 107//107
f 556//556 567//567 568//568
f 110//110 112//112 570//570
f 570//570 112//112 113//113
f 110//110 570//570 571//571
f 572//572 113//113 117//117
f 115//115 571//571 573//573
f 582//582 574//574 576//576
f 573//573 117//117 574//574
f 118//118 582//582 577//577
f 582//582 576//576 577//577
f 577//577 578//578 111//111
f 580//580 581//581 582//582
f 109//109 115//115 580//580
f 579//579 582//582 119//119
f 583//583 117//117 114//114
f 575//575 584//584 121//121
f 574//574 583//583 575//575
f 586//586 585//585 587//587
f 587//587 585//585 130//130
f 123//123 124//124 586//586
f 130//130 126//126 128//128
f 132//132 586//586 587//587
f 132//132 587//587 588//588
f 589//589 128//128 134//134
f 131//131 588//588 591//591
f 591//591 590//590 592//592
f 593//593 139//139 140//140
f 594//594 593//593 125//125
f 138//138 136//136 594//594
f 122//122 131//131 595//595
f 597//597 591//591 135//135
f 597//597 136//136 138//138
f 596//596 597//597 138//138
f 134//134 133//133 599//599
f 599//599 129//129 127//127
f 600//600 599//599 127//127
f 142//142 144//144 601//601
f 602//602 144//144 147//147
f 142//142 601//601 602//602
f 603//603 604//604 605//605
f 148//148 603//603 605//605
f 149//149 602//602 603//603
f 605//605 147//147 606//606
f 607//607 613//613 153//153
f 151//151 607//607 608//608
f 607//607 153//153 154//154
f 152//152 151//151 608//608
f 609//609 610//610 611//611
f 141//141 148//148 609//609
f 611//611 612//612 152//152
f 143//143 609//609 611//611
f 147//147 150//150 614//614
f 614//614 150//150 146//146
f 613//613 614//614 153//153
f 615//615 616//616 161//161
f 3//3 158//158 616//616
f 617//617 158//158 159//159
f 163//163 615//615 161//161
f 161//161 617//617 618//618
f 618//618 159//159 164//164
f 620//620 618//618 622//622
f 162//162 619//619 620//620
f 163//163 161//161 619//619
f 621//621 622//622 165//165
f 622//622 623//623 165//165
f 162//162 620//620 621//621
f 166//166 625//625 627//627
f 627//627 169//169 170//170
f 626//626 627//627 157//157
f 168//168 166//166 626//626
f 155//155 162//162 628//628
f 621//621 166//166 168//168
f 629//629 621//621 168//168
f 155//155 628//628 629//629
f 624//624 631//631 169//169
f 623//623 630//630 624//624
f 4//4 175//175 632//632
f 633//633 177//177 179//179
f 172//172 632//632 635//635
f 636//636 637//637 638//638
f 636//636 638//638 639//639
f 639//639 638//638 641//641
f 181//181 635//635 636//636
f 635//635 634//634 636//636
f 638//638 179//179 183//183
f 180//180 636//636 640//640
f 641//641 654//654 644//644
f 180//180 640//640 642//642
f 641//641 183//183 654//654
f 647//647 648//648 649//649
f 185//185 645//645 647//647
f 645//645 646//646 648//648
f 648//648 187//187 186//186
f 650//650 649//649 176//176
f 185//185 647//647 650//650
f 652//652 642//642 645//645
f 171//171 180//180 651//651
f 652//652 645//645 185//185
f 653//653 652//652 184//184
f 173//173 651//651 653//653
f 183//183 182//182 654//654
f 655//655 182//182 178//178
f 644//644 656//656 187//187
f 657//657 658//658 659//659
f 188//188 190//190 658//658
f 658//658 190//190 192//192
f 195//195 657//657 193//193
f 193//193 659//659 660//660
f 660//660 192//192 197//197
f 195//195 193//193 662//662
f 662//662 661//661 663//663
f 669//669 662//662 671//671
f 666//666 665//665 667//667
f 672//672 664//664 198//198
f 665//665 202//202 201//201
f 666//666 667//667 189//189
f 189//189 198//198 666//666
f 669//669 671//671 672//672
f 5//5 194//194 669//669
f 670//670 672//672 200//200
f 199//199 668//668 670//670
f 197//197 196//196 673//673
f 673//673 196//196 191//191
f 674//674 673//673 202//202
f 664//664 674//674 202//202
f 675//675 676//676 677//677
f 677//677 676//676 679//679
f 203//203 205//205 676//676
f 676//676 205//205 207//207
f 210//210 675//675 677//677
f 678//678 679//679 680//680
f 677//677 679//679 678//678
f 679//679 207//207 212//212
f 680//680 212//212 214//214
f 209//209 678//678 681//681
f 210//210 677//677 678//678
f 681//681 682//682 683//683
f 694//694 683//683 686//686
f 688//688 687//687 689//689
f 687//687 217//217 218//218
f 688//688 689//689 206//206
f 215//215 685//685 688//688
f 691//691 694//694 693//693
f 204//204 211//211 690//690
f 211//211 209//209 691//691
f 692//692 693//693 216//216
f 204//204 690//690 692//692
f 695//695 696//696 698//698
f 214//214 213//213 696//696
f 696//696 213//213 208//208
f 684//684 698//698 217//217
f 682//682 695//695 684//684
f 700//700 703//703 702//702
f 702//702 703//703 705//705
f 220//220 223//223 699//699
f 701//701 224//224 226//226
f 230//230 702//702 704//704
f 230//230 700//700 702//702
f 704//704 705//705 707//707
f 705//705 226//226 231//231
f 707//707 231//231 232//232
f 709//709 708//708 233//233
f 228//228 706//706 709//709
f 228//228 704//704 706//706
f 229//229 709//709 233//233
f 233//233 708//708 710//710
f 708//708 232//232 710//710
f 723//723 711//711 713//713
f 716//716 717//717 718//718
f 718//718 717//717 719//719
f 713//713 712//712 715//715
f 717//717 236//236 237//237
f 718//718 719//719 222//222
f 234//234 716//716 718//718
f 234//234 713//713 716//716
f 720//720 721//721 724//724
f 219//219 229//229 720//720
f 721//721 233//233 723//723
f 722//722 713//713 234//234
f 724//724 722//722 235//235
f 221//221 720//720 724//724
f 726//726 727//727 728//728
f 728//728 727//727 729//729
f 232//232 231//231 725//725
f 727//727 227//227 225//225
f 728//728 729//729 236//236
f 714//714 728//728 236//236
f 730//730 731//731 732//732
f 730//730 732//732 733//733
f 6//6 240//240 731//731
f 731//731 240//240 243//243
f 246//246 730//730 733//733
f 733//733 732//732 735//735
f 734//734 243//243 248//248
f 245//245 735//735 736//736
f 245//245 733//733 735//735
f 739//739 738//738 740//740
f 738//738 248//248 249//249
f 740//740 741//741 745//745
f 744//744 745//745 746//746
f 742//742 740//740 743//743
f 745//745 252//252 253//253
f 744//744 746//746 241//241
f 250//250 743//743 744//744
f 250//250 742//742 743//743
f 747//747 748//748 750//750
f 748//748 739//739 742//742
f 7//7 245//245 748//748
f 750//750 742//742 250//250
f 749//749 750//750 250//250
f 239//239 747//747 749//749
f 741//741 751//751 752//752
f 248//248 247//247 751//751
f 751//751 247//247 244//244
f 752//752 244//244 242//242
f 741//741 752//752 252//252
f 255//255 257//257 754//754
f 754//754 257//257 259//259
f 255//255 753//753 755//755
f 261//261 755//755 757//757
f 756//756 259//259 262//262
f 260//260 757//757 758//758
f 759//759 262//262 760//760
f 767//767 758//758 761//761
f 764//764 763//763 765//765
f 765//765 267//267 268//268
f 764//764 765//765 256//256
f 266//266 264//264 764//764
f 766//766 767//767 768//768
f 254//254 260//260 767//767
f 766//766 768//768 266//266
f 769//769 770//770 771//771
f 262//262 263//263 769//769
f 770//770 263//263 258//258
f 762//762 771//771 267//267
f 774//774 773//773 776//776
f 773//773 775//775 776//776
f 273//273 275//275 773//773
f 773//773 275//275 276//276
f 775//775 276//276 279//279
f 273//273 772//772 774//774
f 778//778 780//780 779//779
f 774//774 776//776 778//778
f 777//777 279//279 282//282
f 280//280 778//778 779//779
f 281//281 774//774 778//778
f 781//781 783//783 782//782
f 792//792 782//782 785//785
f 782//782 784//784 284//284
f 779//779 793//793 783//783
f 792//792 779//779 781//781
f 786//786 787//787 789//789
f 286//286 785//785 786//786
f 789//789 287//287 289//289
f 788//788 789//789 289//289
f 274//274 786//786 788//788
f 270//270 280//280 790//790
f 791//791 792//792 286//286
f 272//272 790//790 791//791
f 795//795 794//794 796//796
f 282//282 283//283 794//794
f 794//794 278//278 277//277
f 795//795 796//796 288//288
f 290//290 293//293 797//797
f 798//798 293//293 294//294
f 297//297 797//797 800//800
f 801//801 294//294 298//298
f 296//296 802//802 812//812
f 297//297 800//800 802//802
f 812//812 803//803 805//805
f 300//300 298//298 803//803
f 807//807 806//806 808//808
f 302//302 804//804 807//807
f 804//804 805//805 807//807
f 809//809 303//303 304//304
f 808//808 809//809 304//304
f 292//292 807//807 808//808
f 8//8 296//296 811//811
f 811//811 812//812 813//813
f 291//291 810//810 813//813
f 815//815 814//814 816//816
f 298//298 299//299 815//815
f 814//814 299//299 295//295
f 805//805 816//816 303//303
f 306//306 309//309 818//818
f 817//817 309//309 311//311
f 306//306 818//818 819//819
f 822//822 311//311 314//314
f 305//305 820//820 821//821
f 312//312 819//819 820//820
f 823//823 824//824 825//825
f 821//821 822//822 823//823
f 822//822 314//314 824//824
f 827//827 316//316 317//317
f 308//308 826//826 827//827
f 315//315 825//825 826//826
f 830//830 829//829 315//315
f 307//307 828//828 830//830
f 314//314 313//313 831//831
f 832//832 313//313 310//310
f 825//825 832//832 316//316
f 319//319 320//320 833//833
f 835//835 320//320 322//322
f 9//9 834//834 836//836
f 319//319 833//833 834//834
f 838//838 837//837 327//327
f 837//837 322//322 326//326
f 324//324 838//838 844//844
f 325//325 836//836 838//838
f 839//839 327//327 840//840
f 327//327 849//849 840//840
f 843//843 841//841 842//842
f 329//329 847//847 841//841
f 839//839 840//840 841//841
f 842//842 331//331 332//332
f 843//843 842//842 332//332
f 329//329 841//841 843//843
f 10//10 324//324 846//846
f 845//845 847//847 330//330
f 849//849 848//848 850//850
f 840//840 850//850 331//331
f 851//851 336//336 338//338
f 853//853 338//338 340//340
f 343//343 851//851 852//852
f 852//852 853//853 854//854
f 854//854 340//340 345//345
f 342//342 855//855 856//856
f 343//343 852//852 855//855
f 341//341 856//856 862//862
f 346//346 859//859 860//860
f 860//860 348//348 349//349
f 346//346 860//860 337//337
f 334//334 341//341 861//861
f 335//335 863//863 864//864
f 866//866 865//865 867//867
f 345//345 344//344 865//865
f 867//867 344//344 339//339
f 866//866 867//867 339//339
f 858//858 866//866 348//348
f 11//11 355//355 868//868
f 351//351 868//868 870//870
f 358//358 355//355 361//361
f 359//359 871//871 873//873
f 359//359 870//870 871//871
f 874//874 877//877 878//878
f 873//873 872//872 874//874
f 872//872 361//361 875//875
f 363//363 878//878 880//880
f 880//880 366//366 367//367
f 879//879 880//880 354//354
f 365//365 363//363 879//879
f 882//882 881//881 883//883
f 350//350 359//359 881//881
f 884//884 363//363 365//365
f 883//883 884//884 365//365
f 352//352 882//882 883//883
f 886//886 885//885 887//887
f 361//361 362//362 885//885
f 885//885 362//362 357//357
f 886//886 887//887 366//366
f 878//878 886//886 366//366
f 12//12 373//373 889//889
f 889//889 373//373 374//374
f 368//368 888//888 890//890
f 894//894 893//893 896//896
f 890//890 892//892 893//893
f 893//893 374//374 378//378
f 376//376 894//894 896//896
f 376//376 890//890 894//894
f 897//897 898//898 900//900
f 896//896 898//898 897//897
f 902//902 901//901 903//903
f 905//905 383//383 384//384
f 904//904 905//905 372//372
f 382//382 902//902 904//904
f 907//907 899//899 380//380
f 369//369 377//377 907//907
f 909//909 380//380 382//382
f 908//908 909//909 381//381
f 370//370 906//906 908//908
f 911//911 910//910 912//912
f 378//378 379//379 910//910
f 913//913 379//379 375//375
f 912//912 913//913 385//385
f 901//901 912//912 383//383
f 901//901 911//911 912//912
f 914//914 915//915 916//916
f 388//388 391//391 914//914
f 915//915 391//391 394//394
f 387//387 914//914 917//917
f 398//398 917//917 918//918
f 917//917 916//916 918//918
f 919//919 394//394 399//399
f 396//396 918//918 920//920
f 397//397 920//920 922//922
f 920//920 399//399 921//921
f 929//929 922//922 923//923
f 923//923 401//401 924//924
f 924//924 404//404 405//405
f 390//390 923//923 925//925
f 386//386 397//397 927//927
f 927//927 922//922 929//929
f 928//928 929//929 403//403
f 389//389 926//926 928//928
f 931//931 395//395 393//393
f 932//932 931//931 393//393
f 401//401 932//932 404//404
f 934//934 935//935 414//414
f 407//407 408//408 933//933
f 408//408 410//410 933//933
f 935//935 410//410 412//412
f 415//415 933//933 934//934
f 936//936 414//414 937//937
f 415//415 934//934 936//936
f 934//934 414//414 936//936
f 414//414 412//412 416//416
f 13//13 936//936 938//938
f 13//13 938//938 940//940
f 937//937 416//416 939//939
f 417//417 941//941 942//942
f 941//941 939//939 943//943
f 942//942 943//943 409//409
f 945//945 947//947 946//946
f 946//946 947//947 417//417
f 406//406 945//945 946//946
f 950//950 413//413 411//411
f 939//939 950//950 419//419
f 953//953 952//952 954//954
f 422//422 423//423 951//951
f 954//954 425//425 428//428
f 420//420 951//951 953//953
f 430//430 953//953 955//955
f 953//953 954//954 956//956
f 956//956 428//428 432//432
f 430//430 955//955 957//957
f 429//429 957//957 959//959
f 957//957 958//958 959//959
f 961//961 960//960 433//433
f 962//962 436//436 437//437
f 435//435 433//433 963//963
f 421//421 429//429 964//964
f 965//965 966//966 435//435
f 421//421 964//964 965//965
f 432//432 431//431 967//967
f 969//969 427//427 426//426
f 968//968 969//969 436//436
f 970//970 440//440 442//442
f 439//439 970//970 972//972
f 974//974 442//442 446//446
f 445//445 972//972 975//975
f 976//976 977//977 985//985
f 448//448 976//976 978//978
f 444//444 975//975 976//976
f 975//975 977//977 976//976
f 980//980 452//452 453//453
f 981//981 980//980 453//453
f 451//451 449//449 981//981
f 438//438 444//444 982//982
f 983//983 448//448 451//451
f 450//450 982//982 983//983
f 446//446 447//447 984//984
f 984//984 447//447 443//443
f 985//985 986//986 443//443
f 454//454 456//456 455//455
f 20//20 456//456 454//454
f 454//454 455//455 16//16
f 18//18 454//454 16//16
f 18//18 20//20 454//454
f 456//456 21//21 14//14
f 455//455 14//14 16//16
f 20//20 457//457 456//456
f 22//22 458//458 20//20
f 22//22 459//459 458//458
f 459//459 462//462 457//457
f 468//468 460//460 459//459
f 461//461 460//460 468//468
f 467//467 468//468 459//459
f 461//461 462//462 460//460
f 26//26 463//463 461//461
f 26//26 17//17 463//463
f 463//463 17//17 25//25
f 462//462 465//465 464//464
f 457//457 464//464 21//21
f 25//25 24//24 465//465
f 465//465 24//24 15//15
f 469//469 468//468 467//467
f 466//466 467//467 23//23
f 19//19 466//466 23//23
f 19//19 27//27 466//466
f 469//469 461//461 468//468
f 473//473 472//472 470//470
f 471//471 470//470 31//31
f 32//32 473//473 471//471
f 470//470 35//35 29//29
f 474//474 475//475 472//472
f 38//38 477//477 475//475
f 32//32 474//474 473//473
f 36//36 38//38 474//474
f 472//472 34//34 35//35
f 476//476 478//478 477//477
f 478//478 487//487 477//477
f 479//479 487//487 478//478
f 476//476 477//477 38//38
f 39//39 479//479 476//476
f 43//43 479//479 480//480
f 482//482 481//481 479//479
f 479//479 481//481 487//487
f 43//43 482//482 479//479
f 42//42 30//30 482//482
f 481//481 30//30 41//41
f 484//484 485//485 483//483
f 487//487 486//486 484//484
f 484//484 483//483 28//28
f 477//477 484//484 34//34
f 41//41 40//40 486//486
f 485//485 40//40 28//28
f 480//480 39//39 488//488
f 39//39 476//476 36//36
f 488//488 39//39 36//36
f 33//33 488//488 37//37
f 33//33 480//480 488//488
f 33//33 43//43 480//480
f 480//480 479//479 39//39
f 49//49 489//489 47//47
f 49//49 490//490 489//489
f 51//51 491//491 490//490
f 489//489 1//1 45//45
f 491//491 44//44 1//1
f 52//52 493//493 491//491
f 496//496 503//503 494//494
f 497//497 496//496 495//495
f 492//492 494//494 44//44
f 495//495 494//494 493//493
f 56//56 496//496 497//497
f 500//500 498//498 499//499
f 499//499 498//498 496//496
f 56//56 499//499 496//496
f 57//57 46//46 500//500
f 500//500 46//46 54//54
f 503//503 502//502 501//501
f 494//494 501//501 44//44
f 54//54 55//55 502//502
f 501//501 55//55 44//44
f 504//504 497//497 495//495
f 504//504 495//495 52//52
f 50//50 505//505 504//504
f 48//48 56//56 505//505
f 508//508 509//509 506//506
f 507//507 506//506 61//61
f 64//64 508//508 507//507
f 506//506 67//67 60//60
f 512//512 520//520 510//510
f 511//511 510//510 508//508
f 64//64 511//511 508//508
f 69//69 512//512 511//511
f 70//70 520//520 512//512
f 510//510 66//66 67//67
f 70//70 523//523 520//520
f 513//513 70//70 512//512
f 523//523 522//522 520//520
f 516//516 517//517 515//515
f 516//516 515//515 514//514
f 74//74 516//516 514//514
f 73//73 517//517 516//516
f 73//73 62//62 517//517
f 515//515 62//62 72//72
f 519//519 521//521 518//518
f 519//519 518//518 66//66
f 520//520 519//519 66//66
f 72//72 71//71 522//522
f 521//521 71//71 59//59
f 518//518 59//59 58//58
f 526//526 525//525 524//524
f 524//524 513//513 69//69
f 65//65 524//524 68//68
f 65//65 526//526 524//524
f 63//63 74//74 526//526
f 525//525 514//514 513//513
f 528//528 529//529 527//527
f 530//530 531//531 529//529
f 532//532 531//531 530//530
f 527//527 76//76 2//2
f 528//528 527//527 2//2
f 79//79 528//528 2//2
f 79//79 530//530 528//528
f 81//81 532//532 530//530
f 527//527 84//84 76//76
f 534//534 533//533 532//532
f 535//535 88//88 533//533
f 81//81 534//534 532//532
f 86//86 535//535 534//534
f 533//533 82//82 83//83
f 531//531 83//83 84//84
f 536//536 87//87 88//88
f 537//537 536//536 535//535
f 539//539 538//538 537//537
f 538//538 546//546 87//87
f 91//91 538//538 539//539
f 540//540 542//542 546//546
f 541//541 542//542 540//540
f 91//91 540//540 538//538
f 91//91 541//541 540//540
f 92//92 78//78 541//541
f 542//542 78//78 90//90
f 546//546 545//545 544//544
f 544//544 543//543 75//75
f 88//88 544//544 82//82
f 87//87 546//546 544//544
f 90//90 89//89 545//545
f 545//545 89//89 77//77
f 543//543 77//77 75//75
f 549//549 547//547 548//548
f 549//549 539//539 547//547
f 547//547 535//535 86//86
f 548//548 547//547 86//86
f 85//85 549//549 548//548
f 80//80 93//93 549//549
f 93//93 91//91 539//539
f 547//547 539//539 537//537
f 547//547 537//537 535//535
f 551//551 552//552 550//550
f 550//550 552//552 95//95
f 98//98 551//551 550//550
f 552//552 102//102 95//95
f 553//553 554//554 100//100
f 556//556 555//555 554//554
f 103//103 553//553 551//551
f 103//103 556//556 553//553
f 100//100 101//101 102//102
f 558//558 557//557 556//556
f 558//558 559//559 557//557
f 559//559 566//566 563//563
f 557//557 563//563 555//555
f 107//107 559//559 558//558
f 560//560 561//561 559//559
f 107//107 560//560 559//559
f 108//108 96//96 560//560
f 561//561 96//96 106//106
f 565//565 564//564 562//562
f 566//566 564//564 565//565
f 563//563 562//562 101//101
f 106//106 105//105 564//564
f 562//562 105//105 94//94
f 567//567 556//556 103//103
f 99//99 569//569 567//567
f 99//99 107//107 569//569
f 568//568 558//558 556//556
f 572//572 571//571 570//570
f 113//113 572//572 570//570
f 571//571 116//116 110//110
f 572//572 573//573 571//571
f 117//117 573//573 572//572
f 571//571 115//115 116//116
f 574//574 581//581 573//573
f 574//574 582//582 581//581
f 573//573 581//581 115//115
f 120//120 576//576 575//575
f 578//578 577//577 576//576
f 120//120 578//578 576//576
f 120//120 111//111 578//578
f 577//577 111//111 118//118
f 582//582 579//579 580//580
f 580//580 579//579 109//109
f 581//581 580//580 115//115
f 118//118 119//119 582//582
f 579//579 119//119 109//109
f 584//584 575//575 583//583
f 583//583 574//574 117//117
f 114//114 584//584 583//583
f 114//114 121//121 584//584
f 121//121 120//120 575//575
f 575//575 576//576 574//574
f 585//585 586//586 124//124
f 126//126 585//585 124//124
f 126//126 130//130 585//585
f 586//586 132//132 123//123
f 589//589 588//588 130//130
f 590//590 588//588 589//589
f 590//590 591//591 588//588
f 130//130 588//588 587//587
f 128//128 589//589 130//130
f 134//134 590//590 589//589
f 134//134 598//598 590//590
f 588//588 131//131 132//132
f 592//592 135//135 591//591
f 592//592 136//136 135//135
f 600//600 136//136 592//592
f 591//591 595//595 131//131
f 598//598 592//592 590//590
f 139//139 136//136 600//600
f 136//136 597//597 135//135
f 593//593 594//594 136//136
f 139//139 593//593 136//136
f 140//140 125//125 593//593
f 594//594 125//125 138//138
f 597//597 596//596 595//595
f 595//595 596//596 122//122
f 591//591 597//597 595//595
f 138//138 137//137 596//596
f 596//596 137//137 122//122
f 599//599 600//600 598//598
f 599//599 598//598 134//134
f 129//129 599//599 133//133
f 127//127 139//139 600//600
f 600//600 592//592 598//598
f 144//144 602//602 601//601
f 147//147 604//604 602//602
f 602//602 149//149 142//142
f 604//604 603//603 602//602
f 147//147 605//605 604//604
f 603//603 148//148 149//149
f 606//606 610//610 605//605
f 606//606 612//612 610//610
f 607//607 612//612 606//606
f 605//605 610//610 148//148
f 613//613 607//607 606//606
f 151//151 152//152 612//612
f 607//607 151//151 612//612
f 154//154 608//608 607//607
f 154//154 145//145 608//608
f 608//608 145//145 152//152
f 612//612 611//611 610//610
f 610//610 609//609 148//148
f 611//611 152//152 143//143
f 609//609 143//143 141//141
f 613//613 606//606 147//147
f 614//614 613//613 147//147
f 146//146 153//153 614//614
f 617//617 161//161 616//616
f 615//615 156//156 3//3
f 616//616 615//615 3//3
f 158//158 617//617 616//616
f 615//615 163//163 156//156
f 618//618 620//620 619//619
f 618//618 619//619 161//161
f 159//159 618//618 617//617
f 164//164 622//622 618//618
f 619//619 162//162 163//163
f 624//624 165//165 623//623
f 165//165 166//166 621//621
f 621//621 628//628 162//162
f 622//622 621//621 620//620
f 169//169 165//165 624//624
f 627//627 626//626 166//166
f 625//625 166//166 165//165
f 169//169 625//625 165//165
f 169//169 627//627 625//625
f 170//170 157//157 627//627
f 626//626 157//157 168//168
f 621//621 629//629 628//628
f 168//168 167//167 629//629
f 629//629 167//167 156//156
f 629//629 156//156 155//155
f 631//631 624//624 630//630
f 630//630 622//622 164//164
f 631//631 630//630 164//164
f 160//160 631//631 164//164
f 160//160 169//169 631//631
f 630//630 623//623 622//622
f 633//633 634//634 632//632
f 634//634 635//635 632//632
f 637//637 634//634 633//633
f 632//632 172//172 4//4
f 633//633 632//632 175//175
f 177//177 633//633 175//175
f 179//179 637//637 633//633
f 635//635 181//181 172//172
f 639//639 640//640 636//636
f 641//641 640//640 639//639
f 637//637 636//636 634//634
f 179//179 638//638 637//637
f 183//183 641//641 638//638
f 636//636 180//180 181//181
f 643//643 642//642 641//641
f 644//644 643//643 641//641
f 643//643 645//645 642//642
f 644//644 646//646 643//643
f 646//646 645//645 643//643
f 641//641 642//642 640//640
f 187//187 646//646 644//644
f 649//649 650//650 647//647
f 648//648 647//647 645//645
f 187//187 648//648 646//646
f 186//186 649//649 648//648
f 186//186 176//176 649//649
f 176//176 174//174 650//650
f 650//650 174//174 185//185
f 642//642 652//652 651//651
f 652//652 653//653 651//651
f 642//642 651//651 180//180
f 185//185 184//184 652//652
f 653//653 184//184 173//173
f 651//651 173//173 171//171
f 655//655 656//656 654//654
f 656//656 644//644 654//654
f 655//655 654//654 182//182
f 178//178 656//656 655//655
f 178//178 187//187 656//656
f 659//659 193//193 657//657
f 658//658 657//657 188//188
f 192//192 659//659 658//658
f 657//657 195//195 188//188
f 661//661 662//662 193//193
f 660//660 661//661 193//193
f 192//192 660//660 659//659
f 197//197 661//661 660//660
f 197//197 663//663 661//661
f 662//662 194//194 195//195
f 663//663 672//672 671//671
f 664//664 672//672 663//663
f 662//662 669//669 194//194
f 663//663 671//671 662//662
f 198//198 200//200 672//672
f 665//665 666//666 198//198
f 665//665 198//198 664//664
f 202//202 665//665 664//664
f 201//201 667//667 665//665
f 201//201 189//189 667//667
f 198//198 189//189 200//200
f 669//669 670//670 668//668
f 672//672 670//670 669//669
f 668//668 199//199 5//5
f 669//669 668//668 5//5
f 200//200 199//199 670//670
f 674//674 663//663 197//197
f 673//673 674//674 197//197
f 191//191 202//202 673//673
f 674//674 664//664 663//663
f 676//676 675//675 203//203
f 207//207 679//679 676//676
f 675//675 210//210 203//203
f 680//680 681//681 678//678
f 682//682 681//681 680//680
f 212//212 680//680 679//679
f 214//214 682//682 680//680
f 678//678 209//209 210//210
f 683//683 694//694 681//681
f 684//684 683//683 682//682
f 686//686 685//685 694//694
f 684//684 686//686 683//683
f 681//681 694//694 209//209
f 217//217 686//686 684//684
f 685//685 215//215 693//693
f 685//685 693//693 694//694
f 686//686 688//688 685//685
f 687//687 688//688 686//686
f 217//217 687//687 686//686
f 218//218 689//689 687//687
f 218//218 206//206 689//689
f 688//688 206//206 215//215
f 691//691 692//692 690//690
f 693//693 692//692 691//691
f 691//691 690//690 211//211
f 694//694 691//691 209//209
f 215//215 216//216 693//693
f 692//692 216//216 204//204
f 697//697 684//684 695//695
f 698//698 697//697 695//695
f 698//698 684//684 697//697
f 695//695 682//682 214//214
f 696//696 695//695 214//214
f 208//208 698//698 696//696
f 208//208 217//217 698//698
f 703//703 700//700 699//699
f 701//701 703//703 699//699
f 705//705 703//703 701//701
f 705//705 704//704 702//702
f 699//699 700//700 220//220
f 224//224 699//699 223//223
f 224//224 701//701 699//699
f 226//226 705//705 701//701
f 700//700 230//230 220//220
f 707//707 706//706 704//704
f 708//708 706//706 707//707
f 708//708 709//709 706//706
f 231//231 707//707 705//705
f 232//232 708//708 707//707
f 709//709 229//229 228//228
f 704//704 228//228 230//230
f 710//710 711//711 233//233
f 712//712 711//711 710//710
f 714//714 712//712 710//710
f 712//712 713//713 711//711
f 233//233 721//721 229//229
f 236//236 712//712 714//714
f 711//711 723//723 233//233
f 715//715 716//716 713//713
f 717//717 716//716 715//715
f 236//236 715//715 712//712
f 236//236 717//717 715//715
f 237//237 719//719 717//717
f 237//237 222//222 719//719
f 718//718 222//222 234//234
f 722//722 724//724 721//721
f 723//723 722//722 721//721
f 721//721 720//720 229//229
f 713//713 722//722 723//723
f 234//234 235//235 722//722
f 724//724 235//235 221//221
f 720//720 221//221 219//219
f 727//727 726//726 725//725
f 728//728 714//714 726//726
f 726//726 710//710 232//232
f 725//725 726//726 232//232
f 227//227 725//725 231//231
f 227//227 727//727 725//725
f 225//225 729//729 727//727
f 225//225 236//236 729//729
f 726//726 714//714 710//710
f 730//730 238//238 6//6
f 731//731 730//730 6//6
f 243//243 732//732 731//731
f 730//730 246//246 238//238
f 737//737 735//735 734//734
f 737//737 736//736 735//735
f 738//738 736//736 737//737
f 734//734 735//735 732//732
f 243//243 734//734 732//732
f 248//248 737//737 734//734
f 248//248 738//738 737//737
f 733//733 245//245 246//246
f 738//738 739//739 736//736
f 741//741 740//740 738//738
f 740//740 742//742 739//739
f 736//736 739//739 245//245
f 252//252 745//745 741//741
f 745//745 744//744 743//743
f 745//745 743//743 740//740
f 253//253 746//746 745//745
f 253//253 241//241 746//746
f 744//744 241//241 250//250
f 750//750 749//749 747//747
f 742//742 750//750 748//748
f 747//747 239//239 7//7
f 748//748 747//747 7//7
f 739//739 748//748 245//245
f 250//250 251//251 749//749
f 749//749 251//251 239//239
f 751//751 741//741 249//249
f 751//751 249//249 248//248
f 244//244 752//752 751//751
f 242//242 252//252 752//752
f 741//741 738//738 249//249
f 754//754 755//755 753//753
f 756//756 755//755 754//754
f 754//754 753//753 255//255
f 259//259 756//756 754//754
f 755//755 261//261 255//255
f 759//759 757//757 756//756
f 759//759 758//758 757//757
f 756//756 757//757 755//755
f 262//262 759//759 756//756
f 757//757 260//260 261//261
f 760//760 761//761 758//758
f 762//762 761//761 760//760
f 769//769 762//762 760//760
f 762//762 768//768 761//761
f 758//758 767//767 260//260
f 760//760 758//758 759//759
f 762//762 264//264 768//768
f 264//264 266//266 768//768
f 761//761 768//768 767//767
f 763//763 764//764 264//264
f 763//763 264//264 762//762
f 267//267 763//763 762//762
f 267//267 765//765 763//763
f 268//268 256//256 765//765
f 764//764 256//256 266//266
f 767//767 766//766 254//254
f 266//266 265//265 766//766
f 766//766 265//265 254//254
f 769//769 760//760 262//262
f 770//770 769//769 263//263
f 258//258 771//771 770//770
f 258//258 269//269 771//771
f 269//269 267//267 771//771
f 771//771 762//762 769//769
f 773//773 774//774 772//772
f 777//777 776//776 775//775
f 773//773 772//772 273//273
f 276//276 775//775 773//773
f 279//279 777//777 775//775
f 774//774 281//281 271//271
f 774//774 271//271 273//273
f 780//780 778//778 777//777
f 793//793 779//779 780//780
f 777//777 778//778 776//776
f 282//282 780//780 777//777
f 282//282 793//793 780//780
f 778//778 280//280 281//281
f 782//782 792//792 781//781
f 784//784 782//782 783//783
f 284//284 785//785 782//782
f 795//795 284//284 784//784
f 779//779 792//792 280//280
f 783//783 781//781 779//779
f 287//287 284//284 795//795
f 785//785 286//286 792//792
f 787//787 786//786 284//284
f 789//789 788//788 786//786
f 284//284 786//786 785//785
f 287//287 787//787 284//284
f 287//287 789//789 787//787
f 289//289 274//274 788//788
f 786//786 274//274 286//286
f 792//792 791//791 790//790
f 792//792 790//790 280//280
f 286//286 285//285 791//791
f 791//791 285//285 272//272
f 790//790 272//272 270//270
f 794//794 783//783 793//793
f 794//794 795//795 783//783
f 794//794 793//793 282//282
f 278//278 794//794 283//283
f 277//277 796//796 794//794
f 277//277 288//288 796//796
f 288//288 287//287 795//795
f 795//795 784//784 783//783
f 799//799 797//797 798//798
f 799//799 800//800 797//797
f 798//798 797//797 293//293
f 294//294 799//799 798//798
f 797//797 297//297 290//290
f 801//801 802//802 800//800
f 300//300 812//812 802//802
f 801//801 300//300 802//802
f 801//801 800//800 799//799
f 294//294 801//801 799//799
f 298//298 300//300 801//801
f 802//802 296//296 297//297
f 805//805 804//804 812//812
f 803//803 812//812 300//300
f 303//303 806//806 805//805
f 804//804 302//302 813//813
f 804//804 813//813 812//812
f 809//809 808//808 806//806
f 806//806 807//807 805//805
f 303//303 809//809 806//806
f 304//304 292//292 808//808
f 807//807 292//292 302//302
f 811//811 813//813 810//810
f 810//810 291//291 8//8
f 811//811 810//810 8//8
f 812//812 811//811 296//296
f 302//302 301//301 813//813
f 813//813 301//301 291//291
f 816//816 805//805 815//815
f 815//815 803//803 298//298
f 814//814 815//815 299//299
f 295//295 816//816 814//814
f 295//295 303//303 816//816
f 815//815 805//805 803//803
f 817//817 819//819 818//818
f 817//817 818//818 309//309
f 311//311 819//819 817//817
f 819//819 312//312 306//306
f 822//822 821//821 820//820
f 311//311 820//820 819//819
f 311//311 822//822 820//820
f 820//820 305//305 312//312
f 823//823 829//829 821//821
f 825//825 829//829 823//823
f 824//824 823//823 822//822
f 316//316 826//826 825//825
f 825//825 315//315 829//829
f 316//316 827//827 826//826
f 317//317 308//308 827//827
f 826//826 308//308 315//315
f 829//829 830//830 828//828
f 829//829 828//828 305//305
f 821//821 829//829 305//305
f 830//830 315//315 307//307
f 828//828 307//307 305//305
f 832//832 824//824 831//831
f 831//831 824//824 314//314
f 313//313 832//832 831//831
f 310//310 316//316 832//832
f 832//832 825//825 824//824
f 835//835 834//834 833//833
f 835//835 836//836 834//834
f 320//320 835//835 833//833
f 322//322 836//836 835//835
f 834//834 9//9 319//319
f 327//327 844//844 838//838
f 836//836 325//325 9//9
f 837//837 838//838 836//836
f 322//322 837//837 836//836
f 326//326 327//327 837//837
f 838//838 324//324 325//325
f 327//327 839//839 328//328
f 328//328 844//844 327//327
f 839//839 841//841 847//847
f 839//839 847//847 846//846
f 839//839 846//846 328//328
f 331//331 841//841 840//840
f 331//331 842//842 841//841
f 332//332 321//321 843//843
f 843//843 321//321 329//329
f 847//847 845//845 846//846
f 845//845 318//318 10//10
f 846//846 845//845 10//10
f 844//844 846//846 324//324
f 328//328 846//846 844//844
f 329//329 330//330 847//847
f 845//845 330//330 318//318
f 850//850 840//840 849//849
f 849//849 327//327 326//326
f 848//848 849//849 326//326
f 323//323 848//848 326//326
f 323//323 850//850 848//848
f 323//323 333//333 850//850
f 333//333 331//331 850//850
f 853//853 852//852 851//851
f 338//338 853//853 851//851
f 851//851 343//343 336//336
f 854//854 856//856 855//855
f 857//857 856//856 854//854
f 854//854 855//855 852//852
f 340//340 854//854 853//853
f 345//345 857//857 854//854
f 856//856 341//341 342//342
f 855//855 342//342 343//343
f 858//858 862//862 857//857
f 866//866 858//858 857//857
f 862//862 861//861 341//341
f 857//857 862//862 856//856
f 858//858 346//346 864//864
f 346//346 347//347 864//864
f 858//858 864//864 862//862
f 859//859 346//346 858//858
f 348//348 859//859 858//858
f 348//348 860//860 859//859
f 349//349 337//337 860//860
f 346//346 337//337 347//347
f 864//864 863//863 861//861
f 862//862 864//864 861//861
f 861//861 863//863 334//334
f 864//864 347//347 335//335
f 863//863 335//335 334//334
f 866//866 857//857 345//345
f 865//865 866//866 345//345
f 344//344 867//867 865//865
f 339//339 348//348 866//866
f 869//869 358//358 868//868
f 358//358 870//870 868//868
f 868//868 351//351 11//11
f 869//869 868//868 355//355
f 355//355 358//358 869//869
f 870//870 360//360 351//351
f 872//872 873//873 871//871
f 871//871 870//870 358//358
f 361//361 871//871 358//358
f 361//361 872//872 871//871
f 870//870 359//359 360//360
f 874//874 876//876 873//873
f 875//875 877//877 874//874
f 874//874 363//363 876//876
f 878//878 363//363 874//874
f 875//875 874//874 872//872
f 363//363 884//884 876//876
f 880//880 879//879 363//363
f 366//366 880//880 878//878
f 367//367 356//356 880//880
f 356//356 354//354 880//880
f 354//354 353//353 879//879
f 879//879 353//353 365//365
f 884//884 883//883 881//881
f 881//881 882//882 350//350
f 873//873 881//881 359//359
f 876//876 881//881 873//873
f 876//876 884//884 881//881
f 365//365 364//364 883//883
f 883//883 364//364 352//352
f 882//882 352//352 350//350
f 885//885 886//886 875//875
f 885//885 875//875 361//361
f 357//357 887//887 885//885
f 357//357 366//366 887//887
f 886//886 878//878 877//877
f 886//886 877//877 875//875
f 891//891 888//888 889//889
f 892//892 890//890 888//888
f 891//891 892//892 888//888
f 888//888 368//368 12//12
f 889//889 888//888 12//12
f 374//374 891//891 889//889
f 374//374 892//892 891//891
f 890//890 376//376 368//368
f 893//893 894//894 890//890
f 895//895 896//896 893//893
f 898//898 896//896 895//895
f 374//374 893//893 892//892
f 378//378 895//895 893//893
f 378//378 898//898 895//895
f 896//896 377//377 376//376
f 897//897 899//899 896//896
f 897//897 380//380 899//899
f 902//902 380//380 897//897
f 900//900 902//902 897//897
f 901//901 902//902 900//900
f 896//896 899//899 377//377
f 902//902 382//382 380//380
f 903//903 904//904 902//902
f 905//905 904//904 903//903
f 383//383 903//903 901//901
f 383//383 905//905 903//903
f 384//384 372//372 905//905
f 372//372 371//371 904//904
f 904//904 371//371 382//382
f 907//907 908//908 906//906
f 909//909 908//908 907//907
f 380//380 909//909 907//907
f 907//907 906//906 369//369
f 899//899 907//907 377//377
f 382//382 381//381 909//909
f 908//908 381//381 370//370
f 906//906 370//370 369//369
f 910//910 911//911 898//898
f 913//913 912//912 910//910
f 910//910 898//898 378//378
f 379//379 913//913 910//910
f 375//375 385//385 913//913
f 385//385 383//383 912//912
f 911//911 901//901 900//900
f 911//911 900//900 898//898
f 916//916 917//917 914//914
f 915//915 914//914 391//391
f 394//394 916//916 915//915
f 917//917 398//398 387//387
f 914//914 387//387 388//388
f 919//919 920//920 918//918
f 919//919 918//918 916//916
f 394//394 919//919 916//916
f 399//399 920//920 919//919
f 920//920 397//397 396//396
f 918//918 396//396 398//398
f 921//921 923//923 922//922
f 401//401 923//923 921//921
f 922//922 927//927 397//397
f 921//921 922//922 920//920
f 400//400 401//401 921//921
f 923//923 403//403 929//929
f 924//924 925//925 923//923
f 404//404 924//924 401//401
f 405//405 925//925 924//924
f 405//405 392//392 925//925
f 392//392 390//390 925//925
f 923//923 390//390 403//403
f 927//927 928//928 926//926
f 929//929 928//928 927//927
f 927//927 926//926 386//386
f 403//403 402//402 928//928
f 928//928 402//402 389//389
f 926//926 389//389 386//386
f 931//931 400//400 930//930
f 931//931 932//932 400//400
f 400//400 921//921 399//399
f 930//930 400//400 399//399
f 395//395 930//930 399//399
f 395//395 931//931 930//930
f 393//393 404//404 932//932
f 932//932 401//401 400//400
f 935//935 934//934 933//933
f 410//410 935//935 933//933
f 412//412 414//414 935//935
f 933//933 415//415 407//407
f 937//937 938//938 936//936
f 416//416 937//937 414//414
f 936//936 13//13 415//415
f 941//941 940//940 938//938
f 939//939 941//941 938//938
f 941//941 947//947 940//940
f 940//940 944//944 13//13
f 939//939 938//938 937//937
f 941//941 417//417 947//947
f 940//940 947//947 944//944
f 943//943 942//942 941//941
f 419//419 943//943 939//939
f 419//419 409//409 943//943
f 942//942 409//409 417//417
f 947//947 945//945 944//944
f 945//945 406//406 13//13
f 944//944 945//945 13//13
f 417//417 418//418 946//946
f 946//946 418//418 406//406
f 950//950 939//939 948//948
f 949//949 950//950 948//948
f 948//948 939//939 416//416
f 949//949 948//948 416//416
f 413//413 949//949 416//416
f 413//413 950//950 949//949
f 411//411 419//419 950//950
f 952//952 953//953 951//951
f 952//952 951//951 423//423
f 425//425 952//952 423//423
f 425//425 954//954 952//952
f 953//953 430//430 420//420
f 951//951 420//420 422//422
f 956//956 957//957 955//955
f 958//958 957//957 956//956
f 956//956 955//955 953//953
f 428//428 956//956 954//954
f 432//432 958//958 956//956
f 957//957 429//429 430//430
f 960//960 959//959 958//958
f 961//961 966//966 959//959
f 960//960 961//961 959//959
f 959//959 966//966 429//429
f 436//436 960//960 968//968
f 961//961 433//433 966//966
f 433//433 435//435 966//966
f 962//962 963//963 433//433
f 962//962 433//433 960//960
f 436//436 962//962 960//960
f 437//437 963//963 962//962
f 437//437 424//424 963//963
f 963//963 424//424 435//435
f 966//966 965//965 964//964
f 966//966 964//964 429//429
f 435//435 434//434 965//965
f 965//965 434//434 421//421
f 967//967 968//968 958//958
f 969//969 968//968 967//967
f 967//967 958//958 432//432
f 427//427 967//967 431//431
f 427//427 969//969 967//967
f 426//426 436//436 969//969
f 968//968 960//960 958//958
f 971//971 972//972 970//970
f 442//442 971//971 970//970
f 972//972 445//445 439//439
f 970//970 439//439 440//440
f 973//973 975//975 972//972
f 974//974 975//975 973//973
f 977//977 975//975 974//974
f 973//973 972//972 971//971
f 442//442 973//973 971//971
f 442//442 974//974 973//973
f 446//446 977//977 974//974
f 975//975 444//444 445//445
f 985//985 978//978 976//976
f 979//979 448//448 978//978
f 985//985 979//979 978//978
f 452//452 979//979 985//985
f 979//979 449//449 448//448
f 449//449 451//451 448//448
f 980//980 981//981 449//449
f 980//980 449//449 979//979
f 452//452 980//980 979//979
f 453//453 441//441 981//981
f 981//981 441//441 451//451
f 448//448 983//983 982//982
f 976//976 982//982 444//444
f 448//448 982//982 976//976
f 451//451 450//450 983//983
f 982//982 450//450 438//438
f 986//986 985//985 984//984
f 984//984 977//977 446//446
f 443//443 986//986 984//984
f 443//443 452//452 985//985
f 984//984 985//985 977//977
