# 
# Wavefront OBJ file
# Converted by the DEEP Exploration Deep Exploration 6.5 x64 6.5.0.9182
# Right Hemisphere, LTD
# http://www.righthemisphere.com/
# 
mtllib Red_Blood_Cell.mtl
# object red_blood_cell_pivot
g red_blood_cell_pivot
v -0.34962 0.72379 0.29288
v -0.18211 0.91749 0.46154
v -0.14956 0.91422 0.39653
v -0.29735 0.74642 0.24899
v 0.10924 0.94775 0.50467
v 0.10113 0.94145 0.43286
v 0.34111 0.80605 0.41119
v 0.30091 0.81778 0.35198
v 0.41401 0.59274 0.23044
v 0.36179 0.63266 0.19562
v 0.26093 0.40408 0.06522
v 0.23187 0.46882 0.05103
v -0.02841 0.36021 0.00997
v -0.01654 0.43028 0.00352
v -0.28785 0.49395 0.10737
v -0.24340 0.54582 0.08846
v -0.14220 0.69697 0.26638
v -0.06223 0.78547 0.34435
v -0.02237 0.72268 0.32442
v -0.05288 0.66659 0.28092
v 0.06905 0.79257 0.35918
v 0.05459 0.71371 0.32673
v 0.17691 0.72868 0.31644
v 0.12416 0.68964 0.30785
v 0.20889 0.63553 0.23647
v 0.12808 0.63409 0.26394
v 0.14154 0.54580 0.15746
v 0.10162 0.57943 0.21313
v 0.00954 0.52498 0.13172
v 0.02421 0.57865 0.21091
v -0.11329 0.58781 0.17705
v -0.05187 0.60548 0.22471
v 0.04017 0.64292 0.28154
v -0.21658 0.72944 0.24621
v -0.10282 0.85800 0.35753
v 0.08405 0.87277 0.38168
v 0.23492 0.78115 0.32027
v 0.28040 0.64402 0.20395
v 0.18424 0.51922 0.09315
v -0.00207 0.48891 0.05740
v -0.17576 0.57693 0.12158
v -0.36359 0.69462 0.33354
v -0.19194 0.89382 0.50745
v 0.10907 0.92250 0.54957
v 0.34990 0.77700 0.45541
v 0.42618 0.55823 0.26913
v 0.26710 0.36429 0.09859
v -0.03313 0.31916 0.04230
v -0.30008 0.45695 0.14195
v -0.35151 0.66096 0.37183
v -0.30098 0.62165 0.40573
v -0.15884 0.78592 0.55064
v -0.18666 0.85285 0.53991
v 0.09095 0.79994 0.57789
v 0.10383 0.87689 0.57712
v 0.29207 0.67812 0.50196
v 0.33637 0.73574 0.48776
v 0.35997 0.50371 0.35300
v 0.41366 0.52721 0.30998
v 0.22697 0.34346 0.20907
v 0.25903 0.33981 0.14420
v -0.02596 0.30671 0.16278
v -0.03318 0.29745 0.09063
v -0.24723 0.42265 0.24639
v -0.28956 0.43145 0.18707
v -0.14489 0.61743 0.36614
v -0.05534 0.61964 0.33847
v -0.02655 0.66711 0.38510
v -0.06898 0.70130 0.43765
v 0.05140 0.66251 0.38088
v 0.06343 0.70282 0.45019
v 0.12134 0.63341 0.36760
v 0.17265 0.64009 0.40866
v 0.12651 0.58524 0.32108
v 0.20791 0.55344 0.33453
v 0.09893 0.52921 0.27790
v 0.13854 0.46835 0.25731
v 0.02096 0.53221 0.27062
v 0.00395 0.44792 0.23234
v -0.05438 0.55581 0.28885
v -0.11665 0.51136 0.27646
v 0.03758 0.60936 0.32044
v -0.11273 0.73182 0.50291
v -0.22095 0.61061 0.39603
v 0.07512 0.73596 0.52106
v 0.22774 0.64505 0.46331
v 0.27891 0.51964 0.35626
v 0.18011 0.39895 0.24635
v -0.01105 0.37038 0.21144
v -0.17954 0.45878 0.27532
v -0.28839 0.83467 0.38747
v -0.16853 0.92128 0.42895
v -0.24260 0.84249 0.33203
v -0.32899 0.73836 0.26851
v -0.26940 0.84282 0.35887
v -0.04160 0.95715 0.50311
v 0.10639 0.95072 0.46999
v -0.02820 0.94883 0.43254
v -0.03584 0.95985 0.46846
v 0.24038 0.89240 0.47064
v 0.32552 0.81678 0.38082
v 0.21387 0.89268 0.40376
v 0.23078 0.89960 0.43738
v 0.40274 0.70142 0.32685
v 0.39405 0.61474 0.20902
v 0.35293 0.72823 0.27785
v 0.38348 0.71807 0.30028
v 0.36158 0.48688 0.13783
v 0.24952 0.43529 0.05289
v 0.31759 0.54196 0.11554
v 0.34295 0.51411 0.12352
v 0.12455 0.35899 0.01884
v -0.02330 0.39356 0.00000
v 0.11572 0.42942 0.01041
v 0.12149 0.39238 0.00859
v -0.17154 0.40953 0.04373
v -0.26996 0.52011 0.09298
v -0.14198 0.47248 0.03173
v -0.15956 0.43992 0.03181
v -0.35003 0.60336 0.19420
v -0.29820 0.64146 0.16375
v -0.33026 0.62429 0.17440
v -0.11307 0.74855 0.31114
v -0.03988 0.74870 0.33411
v -0.03833 0.69929 0.30710
v -0.09966 0.68061 0.27578
v -0.07741 0.72131 0.30920
v 0.00191 0.79980 0.35955
v 0.06180 0.75227 0.34512
v 0.01183 0.71997 0.32863
v 0.00912 0.75774 0.34667
v 0.12989 0.76682 0.34364
v 0.14668 0.70580 0.31127
v 0.09492 0.70135 0.31783
v 0.11008 0.73329 0.33287
v 0.20422 0.68398 0.27933
v 0.16983 0.63378 0.25109
v 0.12850 0.66516 0.28923
v 0.16657 0.67189 0.28284
v 0.18746 0.58539 0.19397
v 0.11873 0.56455 0.18937
v 0.11625 0.60329 0.23602
v 0.15325 0.59434 0.21834
v 0.07970 0.52522 0.13523
v 0.01644 0.54921 0.17136
v 0.06800 0.57632 0.21065
v 0.07104 0.54881 0.17377
v -0.05889 0.54804 0.14592
v -0.07850 0.59721 0.20463
v -0.01956 0.58964 0.21850
v -0.03672 0.56748 0.18146
v -0.14293 0.63969 0.22036
v -0.05552 0.63207 0.24995
v -0.09958 0.63755 0.23758
v 0.04750 0.67757 0.30607
v -0.00610 0.65318 0.28371
v 0.00423 0.68645 0.30808
v 0.08491 0.63664 0.27462
v 0.08917 0.66895 0.29850
v 0.03225 0.61011 0.24881
v 0.07574 0.60468 0.24595
v -0.01172 0.62104 0.25150
v -0.18006 0.71313 0.25631
v -0.17453 0.80314 0.30856
v -0.08213 0.82277 0.34947
v -0.14391 0.77631 0.30914
v -0.01159 0.88121 0.38268
v 0.07635 0.83235 0.37053
v -0.00498 0.84042 0.37164
v 0.16909 0.83607 0.35966
v 0.20509 0.75530 0.31658
v 0.14883 0.80172 0.34948
v 0.27364 0.71498 0.26715
v 0.24440 0.63974 0.21994
v 0.23799 0.70045 0.27169
v 0.24886 0.57469 0.14431
v 0.16278 0.53266 0.12451
v 0.21764 0.58121 0.16776
v 0.09742 0.48979 0.06195
v 0.00383 0.50777 0.09333
v 0.08851 0.50751 0.09790
v -0.09838 0.52114 0.07796
v -0.14467 0.58275 0.14834
v -0.07869 0.53504 0.11090
v -0.21700 0.65086 0.18020
v -0.18037 0.64539 0.19984
v -0.25751 0.74143 0.24319
v -0.12628 0.89091 0.37234
v -0.20902 0.82666 0.31618
v 0.09283 0.91125 0.40363
v -0.01966 0.92015 0.40315
v 0.26863 0.80370 0.33216
v 0.19194 0.87032 0.37563
v 0.32175 0.64264 0.19413
v 0.31358 0.72603 0.26746
v 0.20855 0.49752 0.06658
v 0.28366 0.56185 0.12530
v -0.00906 0.46353 0.02422
v 0.10708 0.46253 0.03093
v -0.21033 0.56427 0.10033
v -0.12045 0.49980 0.04964
v -0.25842 0.65003 0.16681
v -0.35996 0.70904 0.31442
v -0.30184 0.80866 0.43095
v -0.18881 0.90680 0.48703
v -0.29762 0.82219 0.41114
v -0.04713 0.93503 0.55020
v 0.10987 0.93735 0.53057
v -0.04520 0.94853 0.52979
v 0.24460 0.86490 0.51497
v 0.34858 0.79249 0.43571
v 0.24496 0.88086 0.49618
v 0.41409 0.66991 0.36910
v 0.42443 0.57417 0.25030
v 0.41202 0.68532 0.34959
v 0.37189 0.44899 0.17359
v 0.26697 0.38042 0.08014
v 0.37006 0.46545 0.15537
v 0.12489 0.31798 0.05119
v -0.03156 0.33598 0.02448
v 0.12563 0.33453 0.03316
v -0.18046 0.37029 0.07665
v -0.29668 0.47343 0.12433
v -0.17845 0.38653 0.05853
v -0.36408 0.57047 0.23146
v -0.36103 0.58578 0.21291
v -0.33191 0.63961 0.39255
v -0.25058 0.71566 0.48746
v -0.17564 0.82078 0.55053
v -0.29226 0.77050 0.46541
v -0.27606 0.74319 0.48086
v -0.03909 0.81253 0.58122
v 0.09823 0.84017 0.58357
v -0.04685 0.88928 0.57783
v -0.04414 0.85309 0.58502
v 0.20375 0.74892 0.55086
v 0.31803 0.70672 0.49975
v 0.23499 0.82019 0.54470
v 0.22200 0.78561 0.55334
v 0.34881 0.59526 0.43582
v 0.39127 0.51278 0.33347
v 0.40015 0.63547 0.40643
v 0.37930 0.61417 0.42481
v 0.31574 0.41441 0.27282
v 0.24571 0.33631 0.17688
v 0.36037 0.42276 0.21727
v 0.34150 0.41526 0.24561
v 0.10645 0.30479 0.17014
v -0.03067 0.29595 0.12635
v 0.12006 0.29497 0.09870
v 0.11411 0.29419 0.13410
v -0.14938 0.34861 0.19138
v -0.27227 0.42327 0.21730
v -0.17564 0.34685 0.12346
v -0.16551 0.34224 0.15731
v -0.30064 0.51801 0.32093
v -0.35113 0.54138 0.27327
v -0.33196 0.52605 0.29963
v -0.10221 0.62107 0.35034
v -0.04162 0.64836 0.36526
v -0.04502 0.68304 0.40616
v -0.11769 0.66893 0.40777
v -0.08137 0.65896 0.38289
v 0.00783 0.66773 0.38401
v 0.05760 0.68427 0.41490
v -0.00514 0.71160 0.45168
v 0.00401 0.69128 0.41585
v 0.09210 0.64913 0.37324
v 0.14395 0.63770 0.38343
v 0.12460 0.67756 0.43407
v 0.10633 0.66595 0.40237
v 0.12644 0.61288 0.34685
v 0.16834 0.56947 0.32682
v 0.20171 0.59781 0.37462
v 0.16549 0.60583 0.35608
v 0.11458 0.55562 0.29552
v 0.11607 0.50361 0.26768
v 0.18586 0.50761 0.29275
v 0.15164 0.53451 0.29450
v 0.06530 0.52970 0.27006
v 0.01223 0.49023 0.24752
v 0.07505 0.44751 0.23538
v 0.06747 0.48894 0.25096
v -0.02207 0.54434 0.27735
v -0.08095 0.53605 0.28431
v -0.06306 0.47067 0.24709
v -0.04016 0.50690 0.26004
v -0.05791 0.58500 0.31009
v -0.14484 0.56224 0.31994
v -0.10212 0.57693 0.31523
v -0.00852 0.61616 0.32760
v 0.04476 0.63779 0.34966
v 0.00096 0.64448 0.35459
v 0.08291 0.59867 0.31884
v 0.08691 0.62593 0.34578
v 0.02960 0.57344 0.29482
v 0.07343 0.56684 0.29325
v -0.01424 0.58218 0.30067
v -0.09082 0.71467 0.47134
v -0.18152 0.68176 0.45846
v -0.18340 0.61383 0.38130
v -0.14962 0.67499 0.43401
v 0.06912 0.71866 0.48534
v -0.02253 0.74648 0.52419
v -0.01399 0.72818 0.48782
v 0.19976 0.64113 0.43609
v 0.16001 0.69749 0.49931
v 0.14176 0.68579 0.46682
v 0.24264 0.53558 0.34659
v 0.27010 0.58521 0.41489
v 0.23537 0.59034 0.39505
v 0.15916 0.43300 0.25252
v 0.24702 0.45346 0.29538
v 0.21600 0.47979 0.29520
v -0.00361 0.40873 0.22155
v 0.08936 0.36957 0.21638
v 0.08220 0.40784 0.22651
v -0.14800 0.48404 0.27733
v -0.10478 0.40244 0.23313
v -0.08408 0.43606 0.24022
v -0.22015 0.53100 0.33272
v -0.18310 0.54661 0.32611
v -0.13641 0.75472 0.53290
v -0.26192 0.61193 0.40628
v -0.21689 0.69475 0.47841
v 0.08278 0.76377 0.55451
v -0.03127 0.77655 0.55679
v 0.25980 0.65640 0.48831
v 0.18160 0.71867 0.52972
v 0.31995 0.50802 0.35897
v 0.30970 0.58641 0.43014
v 0.20373 0.36670 0.23247
v 0.28174 0.42951 0.28901
v -0.01895 0.33397 0.19161
v 0.09768 0.33215 0.19871
v -0.21422 0.43580 0.26649
v -0.12772 0.37100 0.21707
v -0.26147 0.52040 0.33164
v -0.19164 0.87672 0.52501
v -0.36140 0.67910 0.35222
v -0.30033 0.79195 0.44870
v 0.10748 0.90409 0.56596
v -0.04767 0.91578 0.56575
v 0.34609 0.75877 0.47234
v 0.24156 0.84574 0.53061
v 0.42411 0.54288 0.28829
v 0.41069 0.65388 0.38754
v 0.26543 0.35026 0.11845
v 0.36875 0.43529 0.19347
v -0.03381 0.30608 0.06316
v 0.12332 0.30451 0.07166
v -0.29876 0.44263 0.16204
v -0.18043 0.35637 0.09685
v -0.36139 0.55601 0.25094
v 0.83428 -0.20543 0.80850
v 0.66077 0.00703 0.68225
v 0.64322 0.00642 0.75269
v 0.79920 -0.17567 0.86008
v 0.37115 0.07857 0.70345
v 0.39341 0.06319 0.77626
v 0.13087 -0.01608 0.84844
v 0.18475 -0.01316 0.89621
v 0.07604 -0.23793 1.04598
v 0.13358 -0.20502 1.06834
v 0.25020 -0.45074 1.17357
v 0.28760 -0.38940 1.17691
v 0.54025 -0.52952 1.15698
v 0.53935 -0.45742 1.16376
v 0.78020 -0.42838 1.00674
v 0.74653 -0.37038 1.03265
v 0.63642 -0.20520 0.88210
v 0.55338 -0.10831 0.82232
v 0.51081 -0.16441 0.85084
v 0.54193 -0.22686 0.88928
v 0.41902 -0.07628 0.83441
v 0.43217 -0.15755 0.86201
v 0.30699 -0.11845 0.90029
v 0.36226 -0.17030 0.89805
v 0.28316 -0.22106 0.99257
v 0.36343 -0.23401 0.94570
v 0.36280 -0.32050 1.05123
v 0.39556 -0.29309 0.98840
v 0.49742 -0.35825 1.04327
v 0.47278 -0.30406 0.97195
v 0.60921 -0.31048 0.97373
v 0.54451 -0.28645 0.94208
v 0.45035 -0.23714 0.90937
v 0.72043 -0.18057 0.88252
v 0.59959 -0.04377 0.80092
v 0.41023 -0.00385 0.82094
v 0.25195 -0.05845 0.91059
v 0.21354 -0.20330 1.04140
v 0.32943 -0.34379 1.12334
v 0.52082 -0.39521 1.11296
v 0.67836 -0.32885 1.01433
v 0.83307 -0.23702 0.76741
v 0.65712 -0.01670 0.63536
v 0.35734 0.06182 0.65440
v 0.10859 -0.03993 0.80759
v 0.05572 -0.26976 1.01127
v 0.23260 -0.49015 1.14354
v 0.53249 -0.57135 1.12666
v 0.78005 -0.46641 0.97119
v 0.80859 -0.27075 0.73127
v 0.74438 -0.30586 0.70717
v 0.60110 -0.11767 0.60208
v 0.63913 -0.05632 0.60589
v 0.35026 -0.04954 0.61527
v 0.34953 0.02200 0.62274
v 0.14256 -0.13703 0.74552
v 0.10985 -0.07866 0.77257
v 0.09981 -0.32885 0.91605
v 0.06004 -0.30032 0.96898
v 0.24673 -0.51269 1.02677
v 0.22976 -0.51267 1.09647
v 0.49712 -0.58195 1.01246
v 0.51888 -0.59121 1.08059
v 0.70368 -0.49569 0.88059
v 0.75826 -0.49057 0.93051
v 0.60346 -0.28776 0.78406
v 0.52654 -0.27241 0.83391
v 0.49390 -0.21423 0.79033
v 0.52715 -0.18570 0.72825
v 0.41673 -0.20342 0.80666
v 0.39205 -0.14986 0.73513
v 0.34509 -0.22117 0.83631
v 0.28040 -0.19634 0.80540
v 0.34769 -0.27998 0.88990
v 0.25727 -0.29976 0.89682
v 0.37873 -0.34296 0.92744
v 0.33624 -0.39926 0.95508
v 0.45701 -0.35019 0.91551
v 0.47128 -0.43534 0.94963
v 0.52723 -0.33682 0.88072
v 0.58194 -0.38948 0.87769
v 0.43933 -0.26965 0.86987
v 0.55938 -0.16254 0.65634
v 0.66545 -0.30838 0.73247
v 0.36874 -0.11212 0.66583
v 0.21130 -0.17811 0.76466
v 0.17872 -0.32411 0.89323
v 0.29004 -0.46313 0.97823
v 0.47998 -0.51542 0.96669
v 0.63505 -0.45164 0.86479
v 0.76878 -0.09036 0.73142
v 0.65575 0.01250 0.71708
v 0.74063 -0.07554 0.79478
v 0.82328 -0.18776 0.83557
v 0.75986 -0.07882 0.76302
v 0.52021 0.06675 0.67137
v 0.38189 0.07640 0.73944
v 0.52230 0.05769 0.74475
v 0.52313 0.06968 0.70707
v 0.23405 0.05312 0.76335
v 0.15347 -0.00813 0.87472
v 0.27482 0.04239 0.82741
v 0.25236 0.05265 0.79548
v 0.07748 -0.11911 0.94832
v 0.10013 -0.21943 1.06158
v 0.13862 -0.10254 0.98252
v 0.10355 -0.10680 0.96881
v 0.13511 -0.35431 1.12487
v 0.26706 -0.42068 1.18167
v 0.18410 -0.30570 1.13710
v 0.15541 -0.32957 1.13682
v 0.39060 -0.51138 1.18306
v 0.54171 -0.49539 1.16620
v 0.40972 -0.44208 1.18725
v 0.40003 -0.47865 1.19242
v 0.67689 -0.49981 1.09442
v 0.76834 -0.39972 1.02353
v 0.65756 -0.43176 1.10936
v 0.67137 -0.46730 1.10749
v 0.83505 -0.32504 0.90656
v 0.79725 -0.27941 0.94608
v 0.82149 -0.30141 0.92868
v 0.60565 -0.15229 0.84559
v 0.52904 -0.14063 0.83799
v 0.52698 -0.19207 0.86562
v 0.58964 -0.21833 0.88273
v 0.56695 -0.17494 0.85639
v 0.48831 -0.08094 0.81836
v 0.42487 -0.11498 0.84518
v 0.47586 -0.15981 0.85284
v 0.47903 -0.12000 0.83423
v 0.35534 -0.08857 0.86223
v 0.33786 -0.14871 0.89778
v 0.39157 -0.16308 0.87981
v 0.37483 -0.12519 0.86648
v 0.28166 -0.16689 0.94601
v 0.32116 -0.22956 0.96729
v 0.35988 -0.19830 0.91928
v 0.32008 -0.18564 0.93331
v 0.31084 -0.27541 1.02888
v 0.38098 -0.30600 1.01458
v 0.37835 -0.26849 0.96982
v 0.34301 -0.27176 0.99613
v 0.42767 -0.34984 1.05602
v 0.48521 -0.33294 1.00774
v 0.42962 -0.30037 0.98270
v 0.43075 -0.32765 1.01741
v 0.56108 -0.34339 1.01472
v 0.57234 -0.29824 0.95435
v 0.51394 -0.29680 0.95630
v 0.53492 -0.32253 0.98534
v 0.63598 -0.26094 0.92748
v 0.54611 -0.26060 0.91816
v 0.59058 -0.26062 0.91922
v 0.44085 -0.19872 0.88421
v 0.49559 -0.23345 0.89759
v 0.48422 -0.19753 0.87363
v 0.40623 -0.23741 0.92532
v 0.39932 -0.20099 0.90042
v 0.46102 -0.27214 0.93871
v 0.41849 -0.27084 0.95229
v 0.50343 -0.26742 0.92550
v 0.67944 -0.19342 0.88108
v 0.67513 -0.10555 0.83268
v 0.57673 -0.07556 0.81192
v 0.64094 -0.12844 0.83943
v 0.50784 -0.00728 0.79595
v 0.41513 -0.03988 0.82963
v 0.49847 -0.04360 0.80911
v 0.32007 -0.02015 0.85884
v 0.27959 -0.08801 0.90607
v 0.33791 -0.05422 0.86161
v 0.21687 -0.12593 0.97594
v 0.24820 -0.21201 1.01725
v 0.24998 -0.14545 0.96224
v 0.25137 -0.28058 1.09235
v 0.34682 -0.33061 1.08844
v 0.28142 -0.27716 1.06148
v 0.42268 -0.38323 1.13102
v 0.50920 -0.37724 1.07831
v 0.42516 -0.36665 1.09387
v 0.61048 -0.37538 1.07211
v 0.64386 -0.31855 0.99511
v 0.58594 -0.35879 1.04407
v 0.71849 -0.26055 0.94633
v 0.67782 -0.26014 0.93740
v 0.76291 -0.17368 0.87585
v 0.62333 -0.01359 0.78213
v 0.71012 -0.08658 0.81765
v 0.40346 0.03386 0.80513
v 0.51673 0.02962 0.77579
v 0.21923 -0.03081 0.90877
v 0.29836 0.01392 0.84774
v 0.17312 -0.20062 1.05962
v 0.17816 -0.11010 0.98402
v 0.30927 -0.36283 1.15585
v 0.21750 -0.28990 1.11947
v 0.53166 -0.42271 1.14386
v 0.41734 -0.40950 1.16426
v 0.71474 -0.34565 1.02913
v 0.63581 -0.40031 1.09579
v 0.76045 -0.26538 0.95156
v 0.83795 -0.22158 0.78599
v 0.76903 -0.11685 0.68656
v 0.66100 -0.00291 0.65538
v 0.77165 -0.10290 0.70640
v 0.51188 0.04590 0.62438
v 0.36327 0.07227 0.67580
v 0.51674 0.05976 0.64394
v 0.21610 0.03276 0.71774
v 0.11620 -0.02647 0.82650
v 0.22284 0.04482 0.73784
v 0.05437 -0.14707 0.91090
v 0.06171 -0.25462 1.02913
v 0.06231 -0.13293 0.92888
v 0.11712 -0.39025 1.09306
v 0.23920 -0.47336 1.16013
v 0.12362 -0.37399 1.10958
v 0.37775 -0.55280 1.15458
v 0.53703 -0.55426 1.14342
v 0.38341 -0.53519 1.17015
v 0.67358 -0.54041 1.06181
v 0.78293 -0.45008 0.98881
v 0.67682 -0.52321 1.07856
v 0.83513 -0.36139 0.86634
v 0.83883 -0.34491 0.88566
v 0.78076 -0.29057 0.71462
v 0.69483 -0.20112 0.64474
v 0.62219 -0.08631 0.59726
v 0.74776 -0.15288 0.65480
v 0.72449 -0.17756 0.64459
v 0.47997 -0.06471 0.59224
v 0.34776 -0.01152 0.61239
v 0.49912 0.00525 0.59371
v 0.48958 -0.02831 0.58665
v 0.23228 -0.07501 0.67015
v 0.12051 -0.10731 0.75478
v 0.21295 -0.00728 0.68488
v 0.21905 -0.03975 0.67274
v 0.09682 -0.22609 0.83241
v 0.07297 -0.31779 0.94080
v 0.05651 -0.18180 0.87223
v 0.06952 -0.20528 0.84901
v 0.15312 -0.42911 0.98434
v 0.23432 -0.51871 1.06202
v 0.12013 -0.41683 1.04760
v 0.13223 -0.42687 1.01566
v 0.36754 -0.56646 1.03609
v 0.50843 -0.59271 1.04709
v 0.36957 -0.57339 1.10769
v 0.36699 -0.57585 1.07279
v 0.61542 -0.55616 0.95829
v 0.73532 -0.49888 0.90379
v 0.65578 -0.56302 1.01815
v 0.63786 -0.56582 0.98764
v 0.74504 -0.41179 0.78674
v 0.80889 -0.39119 0.82613
v 0.78091 -0.40472 0.80376
v 0.56805 -0.27791 0.81106
v 0.51109 -0.23879 0.80892
v 0.50845 -0.20138 0.76413
v 0.57680 -0.23179 0.75030
v 0.54636 -0.23557 0.78258
v 0.46016 -0.20610 0.79671
v 0.40436 -0.17429 0.77110
v 0.46213 -0.15651 0.72332
v 0.45847 -0.18058 0.76075
v 0.37564 -0.21055 0.82239
v 0.31732 -0.20980 0.82371
v 0.32854 -0.16350 0.76434
v 0.35465 -0.18528 0.79303
v 0.34352 -0.24600 0.86127
v 0.30125 -0.28962 0.89416
v 0.25545 -0.24379 0.85255
v 0.29948 -0.24656 0.85931
v 0.36263 -0.31492 0.91336
v 0.36056 -0.36648 0.94073
v 0.28578 -0.35376 0.93368
v 0.32298 -0.33189 0.92263
v 0.41364 -0.34748 0.92554
v 0.46508 -0.39268 0.93556
v 0.40139 -0.42728 0.96165
v 0.41071 -0.38673 0.94556
v 0.49822 -0.34365 0.89962
v 0.55202 -0.35802 0.88171
v 0.53466 -0.42171 0.91980
v 0.51464 -0.38255 0.91253
v 0.53007 -0.30821 0.86036
v 0.60438 -0.34385 0.82785
v 0.56908 -0.32185 0.84500
v 0.48324 -0.26983 0.85339
v 0.42872 -0.23435 0.84075
v 0.47092 -0.23662 0.82628
v 0.39401 -0.27366 0.88124
v 0.38614 -0.23997 0.85308
v 0.44882 -0.30813 0.89499
v 0.40553 -0.30889 0.90628
v 0.49037 -0.30586 0.87877
v 0.54276 -0.17533 0.69119
v 0.62945 -0.22762 0.68720
v 0.63462 -0.29841 0.75779
v 0.60299 -0.23010 0.71822
v 0.38019 -0.13189 0.69970
v 0.46675 -0.12433 0.64763
v 0.46410 -0.14150 0.68462
v 0.24567 -0.18784 0.78432
v 0.27917 -0.13042 0.70775
v 0.30361 -0.14711 0.73556
v 0.21768 -0.31209 0.89493
v 0.17628 -0.24535 0.83076
v 0.21583 -0.24580 0.84026
v 0.31294 -0.43172 0.96610
v 0.21892 -0.40016 0.94518
v 0.25240 -0.37812 0.93743
v 0.47533 -0.47600 0.95712
v 0.38182 -0.50372 0.98470
v 0.39137 -0.46613 0.97208
v 0.60830 -0.42118 0.87051
v 0.57031 -0.49521 0.92727
v 0.55170 -0.45946 0.92160
v 0.66631 -0.38800 0.79366
v 0.63456 -0.36702 0.80935
v 0.57915 -0.14397 0.62362
v 0.70412 -0.31137 0.71436
v 0.66169 -0.21782 0.66087
v 0.35786 -0.08459 0.63480
v 0.47208 -0.09807 0.61411
v 0.17486 -0.16141 0.74978
v 0.25371 -0.10703 0.68282
v 0.13695 -0.33065 0.89990
v 0.13434 -0.23977 0.82646
v 0.26619 -0.49369 0.99646
v 0.18374 -0.41939 0.95988
v 0.48707 -0.55407 0.98413
v 0.37322 -0.53960 1.00618
v 0.66842 -0.47847 0.86750
v 0.59164 -0.53053 0.93757
v 0.70442 -0.40455 0.78461
v 0.65019 -0.03379 0.61925
v 0.82422 -0.25269 0.74981
v 0.76142 -0.13295 0.66985
v 0.35276 0.04586 0.63682
v 0.50640 0.02921 0.60747
v 0.10582 -0.05651 0.78984
v 0.21173 0.01708 0.69953
v 0.05432 -0.28462 0.99202
v 0.05194 -0.16275 0.89258
v 0.22923 -0.50327 1.12317
v 0.11582 -0.40424 1.07303
v 0.52670 -0.58364 1.10655
v 0.37317 -0.56558 1.13449
v 0.77366 -0.48075 0.95249
v 0.66767 -0.55465 1.04278
v 0.82757 -0.37716 0.84668
v 0.49352 -0.82168 0.25488
v 0.61636 -0.55219 0.30415
v 0.59269 -0.57646 0.36697
v 0.48587 -0.80943 0.32455
v 0.53758 -0.30955 0.45342
v 0.52391 -0.36645 0.49609
v 0.29945 -0.23418 0.62106
v 0.31797 -0.30110 0.64114
v 0.03969 -0.36966 0.70071
v 0.09314 -0.41871 0.70776
v -0.08311 -0.63707 0.64748
v -0.01176 -0.64743 0.66668
v 0.01294 -0.87017 0.51239
v 0.07273 -0.84735 0.55215
v 0.24597 -0.95934 0.32786
v 0.27770 -0.92638 0.39032
v 0.38231 -0.69807 0.37874
v 0.43895 -0.57529 0.40144
v 0.36660 -0.56967 0.41248
v 0.32207 -0.63177 0.40434
v 0.40127 -0.46457 0.47356
v 0.33090 -0.51269 0.45484
v 0.28971 -0.42964 0.55086
v 0.27359 -0.48118 0.50161
v 0.16217 -0.49020 0.58043
v 0.20518 -0.52499 0.50730
v 0.10594 -0.60763 0.55885
v 0.16255 -0.58872 0.50592
v 0.15817 -0.71482 0.50105
v 0.20306 -0.64125 0.46502
v 0.27167 -0.75725 0.41661
v 0.26304 -0.67911 0.42234
v 0.26077 -0.57155 0.44707
v 0.43771 -0.75870 0.36483
v 0.51874 -0.58416 0.39949
v 0.46641 -0.42515 0.49731
v 0.31077 -0.37641 0.60826
v 0.13621 -0.46436 0.65520
v 0.05785 -0.63377 0.62586
v 0.12750 -0.78415 0.54305
v 0.28510 -0.84442 0.41950
v 0.47606 -0.80896 0.20624
v 0.60494 -0.53221 0.25746
v 0.52383 -0.28090 0.41159
v 0.27746 -0.20269 0.58533
v 0.00823 -0.34381 0.66447
v -0.12001 -0.62057 0.60919
v -0.02126 -0.86439 0.46868
v 0.21866 -0.95385 0.28043
v 0.44262 -0.78018 0.17158
v 0.38537 -0.72733 0.15878
v 0.50157 -0.50340 0.20468
v 0.57061 -0.51522 0.22173
v 0.43270 -0.29286 0.33349
v 0.49074 -0.27377 0.37191
v 0.22679 -0.22760 0.47889
v 0.25342 -0.19737 0.53907
v -0.00733 -0.34339 0.53817
v -0.01049 -0.33172 0.61354
v -0.11654 -0.57543 0.49025
v -0.13572 -0.60045 0.55903
v -0.02510 -0.78389 0.37702
v -0.03674 -0.83844 0.42345
v 0.17650 -0.85568 0.22356
v 0.19505 -0.92333 0.24366
v 0.32043 -0.64519 0.27414
v 0.28877 -0.60347 0.34415
v 0.33022 -0.53912 0.34718
v 0.38232 -0.52797 0.30000
v 0.29729 -0.48455 0.39463
v 0.34381 -0.41703 0.37045
v 0.23434 -0.45002 0.43305
v 0.22920 -0.38131 0.44483
v 0.16763 -0.49543 0.44329
v 0.09680 -0.44031 0.47105
v 0.11995 -0.55807 0.43428
v 0.03877 -0.56122 0.44604
v 0.16511 -0.61438 0.39993
v 0.09320 -0.67082 0.38773
v 0.22477 -0.64918 0.35413
v 0.20891 -0.71236 0.31071
v 0.23581 -0.55114 0.40314
v 0.43041 -0.51181 0.24190
v 0.33955 -0.67613 0.20511
v 0.37810 -0.35421 0.34031
v 0.22104 -0.30451 0.44959
v 0.03672 -0.39001 0.48912
v -0.04599 -0.56334 0.45168
v 0.02871 -0.71958 0.36912
v 0.18563 -0.77608 0.25612
v 0.57653 -0.69302 0.26873
v 0.61103 -0.56507 0.33627
v 0.55853 -0.69873 0.33635
v 0.49438 -0.81994 0.28983
v 0.57281 -0.69822 0.30256
v 0.60334 -0.41811 0.36752
v 0.53596 -0.33553 0.47746
v 0.58095 -0.46041 0.42202
v 0.59682 -0.43830 0.39570
v 0.43094 -0.24499 0.54285
v 0.31071 -0.26422 0.63590
v 0.43152 -0.31095 0.57337
v 0.43563 -0.27430 0.56269
v 0.16392 -0.27871 0.67712
v 0.06571 -0.39295 0.70970
v 0.20067 -0.33973 0.68964
v 0.18256 -0.30639 0.68888
v -0.04863 -0.49660 0.68518
v -0.05011 -0.64427 0.66250
v 0.01619 -0.52789 0.69577
v -0.01807 -0.51238 0.69610
v -0.05603 -0.76456 0.59291
v 0.04095 -0.86468 0.53671
v 0.01245 -0.75635 0.62135
v -0.02483 -0.76515 0.61351
v 0.11641 -0.94114 0.41530
v 0.26293 -0.94845 0.35982
v 0.16525 -0.90856 0.46831
v 0.14029 -0.93147 0.44435
v 0.37621 -0.91437 0.27149
v 0.38766 -0.89036 0.34000
v 0.38441 -0.90755 0.30558
v 0.42101 -0.64006 0.38423
v 0.39757 -0.57180 0.40701
v 0.34890 -0.59795 0.40723
v 0.35260 -0.66507 0.38849
v 0.38309 -0.62029 0.39221
v 0.43198 -0.51412 0.43325
v 0.36671 -0.48739 0.46352
v 0.35308 -0.54257 0.43052
v 0.39085 -0.52487 0.43098
v 0.35145 -0.43494 0.51489
v 0.27994 -0.45847 0.52203
v 0.30082 -0.49261 0.48132
v 0.32790 -0.46367 0.49523
v 0.22250 -0.44894 0.57306
v 0.18083 -0.50550 0.54258
v 0.24123 -0.49716 0.50416
v 0.22772 -0.47311 0.53715
v 0.11933 -0.54607 0.57289
v 0.13671 -0.59593 0.52712
v 0.17749 -0.55908 0.50567
v 0.14779 -0.54895 0.53741
v 0.12105 -0.66587 0.53528
v 0.17897 -0.67810 0.48200
v 0.17620 -0.61224 0.48588
v 0.14849 -0.64013 0.50761
v 0.21261 -0.74698 0.45975
v 0.26588 -0.71216 0.41871
v 0.23515 -0.66404 0.44060
v 0.21989 -0.70373 0.44950
v 0.33021 -0.74004 0.38825
v 0.28927 -0.66020 0.41044
v 0.31073 -0.69797 0.39618
v 0.29487 -0.54013 0.44809
v 0.29188 -0.60056 0.42533
v 0.32160 -0.56923 0.42652
v 0.23151 -0.54631 0.47432
v 0.26664 -0.51842 0.47567
v 0.22917 -0.60531 0.45109
v 0.20265 -0.57962 0.47677
v 0.26039 -0.63114 0.42914
v 0.41041 -0.72901 0.37339
v 0.49279 -0.67607 0.37541
v 0.47907 -0.58046 0.40126
v 0.45710 -0.65867 0.38060
v 0.50962 -0.49652 0.44151
v 0.43400 -0.44548 0.48590
v 0.47099 -0.50652 0.43871
v 0.39639 -0.38342 0.55617
v 0.30095 -0.40469 0.58100
v 0.37390 -0.40956 0.53583
v 0.21875 -0.40357 0.64175
v 0.14851 -0.47748 0.61790
v 0.22111 -0.42767 0.60864
v 0.07740 -0.54614 0.64583
v 0.08280 -0.62113 0.59369
v 0.09932 -0.54733 0.61047
v 0.07777 -0.71548 0.59271
v 0.14360 -0.74956 0.52333
v 0.09977 -0.69086 0.56507
v 0.19945 -0.82955 0.47866
v 0.27979 -0.80091 0.41977
v 0.20744 -0.78830 0.47090
v 0.36629 -0.81903 0.37977
v 0.34905 -0.77991 0.38532
v 0.46504 -0.78767 0.35056
v 0.55893 -0.58255 0.38752
v 0.52869 -0.69026 0.36040
v 0.49875 -0.39777 0.50217
v 0.54901 -0.48071 0.43712
v 0.31698 -0.33987 0.62960
v 0.41728 -0.34892 0.57026
v 0.11705 -0.44321 0.68718
v 0.21242 -0.37324 0.67080
v 0.02567 -0.64351 0.65272
v 0.04940 -0.53981 0.67735
v 0.10280 -0.81907 0.55401
v 0.04758 -0.73890 0.61316
v 0.28467 -0.88881 0.40988
v 0.18592 -0.87226 0.47980
v 0.38093 -0.85865 0.36613
v 0.48605 -0.81676 0.22778
v 0.56219 -0.67677 0.22112
v 0.61267 -0.54134 0.27850
v 0.57179 -0.68545 0.24205
v 0.59098 -0.39374 0.32293
v 0.53305 -0.29186 0.43150
v 0.59968 -0.40382 0.34325
v 0.41299 -0.21470 0.50376
v 0.28828 -0.21455 0.60380
v 0.42351 -0.22519 0.52340
v 0.13697 -0.24888 0.64313
v 0.02134 -0.35413 0.68370
v 0.14894 -0.26020 0.66142
v -0.08432 -0.47426 0.64989
v -0.10522 -0.62890 0.62889
v -0.06973 -0.48414 0.66874
v -0.09225 -0.75415 0.55180
v -0.00758 -0.87021 0.48998
v -0.07840 -0.76121 0.57280
v 0.08570 -0.93616 0.36887
v 0.23119 -0.95985 0.30164
v 0.09837 -0.94268 0.39035
v 0.35678 -0.90763 0.22321
v 0.36713 -0.91421 0.24438
v 0.41533 -0.75550 0.15901
v 0.45938 -0.61815 0.17019
v 0.53920 -0.50718 0.20728
v 0.52697 -0.65315 0.18606
v 0.49566 -0.63575 0.17295
v 0.48980 -0.38766 0.26057
v 0.46397 -0.27765 0.34932
v 0.55653 -0.38158 0.28592
v 0.52590 -0.38076 0.26864
v 0.34057 -0.23834 0.41171
v 0.23902 -0.20675 0.50825
v 0.38431 -0.20872 0.46040
v 0.36278 -0.21680 0.43351
v 0.10628 -0.26622 0.52483
v -0.01321 -0.33340 0.57604
v 0.11681 -0.24107 0.59431
v 0.10877 -0.24809 0.55939
v -0.08680 -0.45208 0.52439
v -0.13241 -0.58726 0.52402
v -0.10032 -0.45827 0.59858
v -0.09837 -0.45299 0.56163
v -0.09082 -0.69050 0.44272
v -0.03563 -0.81382 0.39774
v -0.10729 -0.73150 0.50312
v -0.10582 -0.71253 0.47111
v 0.06512 -0.84294 0.29524
v 0.18338 -0.89337 0.22833
v 0.06654 -0.90784 0.32776
v 0.06131 -0.87944 0.30695
v 0.29262 -0.81621 0.17641
v 0.33009 -0.87848 0.18855
v 0.31131 -0.85029 0.17745
v 0.30670 -0.62595 0.30881
v 0.31456 -0.56878 0.34490
v 0.35353 -0.53476 0.32749
v 0.35867 -0.58717 0.27922
v 0.33749 -0.58170 0.31283
v 0.31856 -0.51336 0.36813
v 0.32206 -0.45001 0.38312
v 0.37470 -0.46667 0.33047
v 0.34702 -0.48837 0.35241
v 0.26474 -0.46306 0.41765
v 0.23272 -0.42067 0.43951
v 0.29377 -0.38753 0.41166
v 0.28259 -0.42657 0.41462
v 0.20421 -0.46812 0.44026
v 0.13163 -0.46764 0.46040
v 0.15933 -0.39985 0.46483
v 0.17991 -0.43582 0.45563
v 0.13824 -0.52922 0.43880
v 0.08496 -0.55936 0.43979
v 0.05375 -0.49713 0.46207
v 0.09757 -0.51123 0.45265
v 0.13774 -0.58411 0.41969
v 0.12834 -0.64360 0.39467
v 0.05391 -0.62058 0.41979
v 0.09727 -0.60465 0.41976
v 0.19752 -0.63557 0.37409
v 0.21856 -0.67623 0.33596
v 0.14774 -0.70289 0.34825
v 0.17122 -0.66875 0.36435
v 0.25494 -0.63139 0.34866
v 0.26943 -0.69098 0.28414
v 0.26631 -0.66089 0.31720
v 0.26499 -0.57816 0.37703
v 0.26808 -0.51834 0.40109
v 0.29299 -0.54505 0.37491
v 0.20276 -0.52324 0.42389
v 0.23658 -0.49406 0.42343
v 0.20106 -0.58336 0.40211
v 0.17124 -0.55569 0.42305
v 0.23073 -0.60708 0.37667
v 0.40544 -0.51951 0.27014
v 0.39624 -0.59536 0.21436
v 0.32855 -0.65945 0.23869
v 0.37669 -0.59070 0.24620
v 0.36080 -0.38587 0.35525
v 0.42173 -0.42516 0.28444
v 0.39678 -0.44587 0.30616
v 0.22451 -0.34317 0.44661
v 0.30805 -0.31228 0.39884
v 0.30047 -0.35022 0.40482
v 0.06553 -0.41503 0.47882
v 0.12466 -0.33188 0.48019
v 0.14111 -0.36597 0.47215
v -0.00478 -0.56165 0.44702
v -0.02421 -0.47127 0.47698
v 0.01360 -0.48408 0.46853
v 0.06046 -0.69454 0.37783
v -0.02495 -0.64896 0.41627
v 0.01373 -0.63470 0.41838
v 0.19658 -0.74332 0.28221
v 0.10215 -0.76596 0.31221
v 0.12516 -0.73441 0.33050
v 0.27145 -0.74492 0.22001
v 0.26967 -0.71730 0.25137
v 0.46376 -0.50586 0.21804
v 0.35897 -0.69974 0.17615
v 0.42412 -0.60435 0.18612
v 0.40278 -0.32066 0.33141
v 0.45332 -0.40372 0.26666
v 0.22181 -0.26349 0.46042
v 0.32154 -0.27194 0.39985
v 0.01069 -0.36413 0.50841
v 0.11172 -0.29564 0.49684
v -0.08522 -0.56813 0.46660
v -0.06041 -0.45920 0.49471
v -0.00177 -0.75095 0.36812
v -0.06182 -0.66876 0.42495
v 0.17749 -0.81454 0.23377
v 0.07938 -0.80272 0.29701
v 0.27905 -0.77941 0.19285
v 0.59182 -0.52366 0.23876
v 0.46249 -0.79760 0.18752
v 0.54866 -0.66666 0.20231
v 0.51064 -0.27428 0.39205
v 0.57775 -0.38608 0.30404
v 0.26615 -0.19632 0.56452
v 0.40072 -0.20846 0.48356
v -0.00213 -0.33646 0.64221
v 0.12646 -0.24224 0.62172
v -0.13071 -0.61150 0.58707
v -0.09484 -0.46567 0.62763
v -0.03113 -0.85457 0.44716
v -0.10213 -0.74493 0.52958
v 0.20698 -0.94227 0.26166
v 0.07489 -0.92612 0.34847
v 0.34489 -0.89621 0.20523
v -0.36206 -0.15715 0.51091
v -0.58668 0.03636 0.59307
v -0.53836 0.03308 0.64792
v -0.34493 -0.13584 0.57716
v -0.73617 0.07833 0.85179
v -0.66846 0.06855 0.87107
v -0.74601 -0.05513 1.12277
v -0.67396 -0.04656 1.10688
v -0.59795 -0.28607 1.25218
v -0.54837 -0.24574 1.21778
v -0.38098 -0.47208 1.16521
v -0.35848 -0.40341 1.14460
v -0.22187 -0.51013 0.91546
v -0.22211 -0.43811 0.92839
v -0.21499 -0.38298 0.64274
v -0.21533 -0.33010 0.69216
v -0.41505 -0.18170 0.71515
v -0.51575 -0.09311 0.75534
v -0.51354 -0.15468 0.79981
v -0.46039 -0.21325 0.78980
v -0.58867 -0.07401 0.87308
v -0.54909 -0.15756 0.87102
v -0.59446 -0.13635 0.99807
v -0.56113 -0.18085 0.94623
v -0.52527 -0.24199 1.05821
v -0.51633 -0.24364 0.96603
v -0.42554 -0.33117 1.01799
v -0.45881 -0.29805 0.95836
v -0.35155 -0.35048 0.90066
v -0.42720 -0.29894 0.88533
v -0.34738 -0.28886 0.77487
v -0.41151 -0.27210 0.81207
v -0.49611 -0.23550 0.87430
v -0.36974 -0.14884 0.65519
v -0.51362 -0.02313 0.71101
v -0.61651 0.00312 0.87763
v -0.62140 -0.08366 1.05517
v -0.52555 -0.23393 1.14000
v -0.38210 -0.35438 1.08397
v -0.27858 -0.38247 0.91923
v -0.27273 -0.29765 0.74131
v -0.39148 -0.18557 0.48158
v -0.62250 0.01324 0.56834
v -0.77928 0.05522 0.83432
v -0.79326 -0.07889 1.11548
v -0.63662 -0.32191 1.25018
v -0.41420 -0.51459 1.15620
v -0.24926 -0.55464 0.89811
v -0.24061 -0.42074 0.61695
v -0.42777 -0.21837 0.47206
v -0.47595 -0.25820 0.49791
v -0.66826 -0.09400 0.58707
v -0.65014 -0.02782 0.56396
v -0.80741 -0.06044 0.80456
v -0.80547 0.01218 0.81818
v -0.82176 -0.16669 1.04331
v -0.82229 -0.11385 1.09183
v -0.68419 -0.37710 1.16238
v -0.66690 -0.35361 1.22407
v -0.49956 -0.53629 1.07579
v -0.45270 -0.54024 1.13047
v -0.36235 -0.57249 0.85766
v -0.29298 -0.58035 0.87891
v -0.35425 -0.45722 0.62429
v -0.28391 -0.44756 0.60887
v -0.50092 -0.26096 0.66910
v -0.51142 -0.25980 0.76515
v -0.56960 -0.20601 0.77268
v -0.60306 -0.17310 0.71313
v -0.60129 -0.20527 0.84563
v -0.67704 -0.15388 0.83026
v -0.61645 -0.23137 0.91934
v -0.68134 -0.21576 0.95577
v -0.56903 -0.29173 0.94031
v -0.61370 -0.32406 1.01817
v -0.51612 -0.35011 0.93035
v -0.51315 -0.41107 0.97525
v -0.47942 -0.34648 0.85996
v -0.43772 -0.42945 0.85870
v -0.46811 -0.32367 0.78462
v -0.43401 -0.36764 0.73299
v -0.53273 -0.26891 0.85650
v -0.64447 -0.14491 0.64796
v -0.49863 -0.26950 0.57763
v -0.75050 -0.12027 0.81240
v -0.75897 -0.20230 0.99222
v -0.65844 -0.36038 1.08477
v -0.51799 -0.48130 1.01785
v -0.41333 -0.50781 0.85266
v -0.40707 -0.42034 0.67588
v -0.47850 -0.05693 0.51905
v -0.56234 0.04025 0.61725
v -0.44586 -0.04900 0.58365
v -0.34879 -0.14277 0.53965
v -0.46034 -0.04893 0.54683
v -0.67366 0.07968 0.71017
v -0.70333 0.07943 0.86196
v -0.61545 0.07151 0.74779
v -0.64511 0.08373 0.72712
v -0.76095 0.02916 0.99592
v -0.71073 -0.04706 1.11880
v -0.68829 0.02712 0.99745
v -0.72590 0.03311 0.99909
v -0.68658 -0.16764 1.21240
v -0.57209 -0.26409 1.24114
v -0.62471 -0.14292 1.18362
v -0.65592 -0.15209 1.20337
v -0.49136 -0.39373 1.23400
v -0.36557 -0.43854 1.16022
v -0.45577 -0.33935 1.20316
v -0.47141 -0.36655 1.22395
v -0.28471 -0.50705 1.05516
v -0.21514 -0.47514 0.92405
v -0.27545 -0.43197 1.04965
v -0.27492 -0.46990 1.05606
v -0.19673 -0.46862 0.76949
v -0.20708 -0.35621 0.66537
v -0.20074 -0.40368 0.80147
v -0.19213 -0.43711 0.78524
v -0.27104 -0.27274 0.55404
v -0.26415 -0.23396 0.61495
v -0.26237 -0.25184 0.58125
v -0.46442 -0.13099 0.72350
v -0.51491 -0.12850 0.78042
v -0.48964 -0.17965 0.79276
v -0.43773 -0.19765 0.75089
v -0.47751 -0.15912 0.75557
v -0.55866 -0.07298 0.80857
v -0.57207 -0.11583 0.87100
v -0.53180 -0.15435 0.83001
v -0.54900 -0.11481 0.82044
v -0.60067 -0.09620 0.93956
v -0.57684 -0.16255 0.96823
v -0.55778 -0.16858 0.91331
v -0.58095 -0.13242 0.92322
v -0.56717 -0.18748 1.03966
v -0.52228 -0.24398 1.01322
v -0.54340 -0.20927 0.95734
v -0.55580 -0.20205 0.99909
v -0.47612 -0.29292 1.05037
v -0.44472 -0.31255 0.98389
v -0.48540 -0.27567 0.96420
v -0.48417 -0.28385 1.00752
v -0.38128 -0.34993 0.96543
v -0.38902 -0.32634 0.89282
v -0.44466 -0.30248 0.92631
v -0.41291 -0.32834 0.94287
v -0.33905 -0.32711 0.83449
v -0.38441 -0.27987 0.79572
v -0.41737 -0.28719 0.84341
v -0.37954 -0.30975 0.84075
v -0.37309 -0.23580 0.73477
v -0.43298 -0.24743 0.79873
v -0.40551 -0.24059 0.76482
v -0.52464 -0.19831 0.87168
v -0.47916 -0.22519 0.83183
v -0.50874 -0.19169 0.83039
v -0.50836 -0.24151 0.91922
v -0.53361 -0.20500 0.91486
v -0.46401 -0.26955 0.87864
v -0.47663 -0.27283 0.92139
v -0.45051 -0.25907 0.83727
v -0.39136 -0.16424 0.68590
v -0.44307 -0.08082 0.66313
v -0.51165 -0.05685 0.73527
v -0.45200 -0.10428 0.69473
v -0.57355 0.00545 0.78617
v -0.60257 -0.03501 0.87552
v -0.56520 -0.03354 0.79809
v -0.63213 -0.02772 0.97231
v -0.60746 -0.10948 1.02694
v -0.61733 -0.06195 0.95592
v -0.58396 -0.15635 1.11376
v -0.52592 -0.23835 1.09955
v -0.57454 -0.17109 1.07701
v -0.45496 -0.30464 1.12891
v -0.40314 -0.34219 1.05126
v -0.46499 -0.29831 1.08993
v -0.31961 -0.37889 1.01110
v -0.31453 -0.36657 0.90998
v -0.35015 -0.36499 0.98825
v -0.26216 -0.35396 0.82391
v -0.30939 -0.29259 0.75847
v -0.29991 -0.33973 0.82962
v -0.31033 -0.22510 0.68281
v -0.34141 -0.23031 0.70870
v -0.35192 -0.13737 0.61775
v -0.52099 0.01024 0.68136
v -0.43970 -0.06022 0.62464
v -0.63821 0.04070 0.87651
v -0.59096 0.04298 0.76842
v -0.64366 -0.06083 1.08354
v -0.65672 0.00379 0.98702
v -0.53185 -0.23508 1.18228
v -0.60042 -0.14558 1.15143
v -0.36512 -0.37429 1.11723
v -0.45081 -0.31823 1.16912
v -0.24432 -0.40533 0.92663
v -0.29256 -0.40106 1.03311
v -0.23874 -0.30997 0.71847
v -0.22715 -0.37599 0.81424
v -0.28243 -0.22559 0.65042
v -0.37667 -0.17158 0.49283
v -0.50919 -0.07934 0.49305
v -0.60641 0.02714 0.57723
v -0.49440 -0.06692 0.50180
v -0.71228 0.05687 0.69022
v -0.76056 0.06836 0.84257
v -0.69526 0.07027 0.69848
v -0.80560 0.00518 0.98254
v -0.77325 -0.06573 1.12153
v -0.78681 0.01882 0.98991
v -0.72822 -0.19900 1.20753
v -0.61920 -0.30524 1.25425
v -0.71034 -0.18346 1.21322
v -0.52685 -0.43193 1.22953
v -0.39749 -0.49696 1.16318
v -0.50983 -0.41536 1.23552
v -0.31607 -0.55466 1.04132
v -0.23427 -0.53576 0.90659
v -0.29907 -0.53510 1.04972
v -0.22251 -0.50924 0.74850
v -0.22635 -0.40395 0.62708
v -0.20764 -0.49206 0.75751
v -0.29890 -0.30665 0.52544
v -0.28375 -0.29087 0.53628
v -0.45279 -0.23989 0.47764
v -0.57191 -0.16505 0.52184
v -0.66262 -0.05963 0.57067
v -0.53968 -0.11338 0.49258
v -0.55742 -0.13851 0.50221
v -0.75070 -0.05893 0.68460
v -0.81140 -0.02219 0.81012
v -0.74153 0.01446 0.67870
v -0.75018 -0.02054 0.67880
v -0.82952 -0.09883 0.93045
v -0.82854 -0.13974 1.06988
v -0.83100 -0.03491 0.96201
v -0.83883 -0.06550 0.94651
v -0.76455 -0.27137 1.12115
v -0.68052 -0.36960 1.19768
v -0.75747 -0.23311 1.18158
v -0.76559 -0.25345 1.15435
v -0.59398 -0.46774 1.14086
v -0.47770 -0.54455 1.10566
v -0.56171 -0.45889 1.20184
v -0.58086 -0.46838 1.17489
v -0.41875 -0.57400 0.97771
v -0.32681 -0.58208 0.86748
v -0.35845 -0.58185 1.01752
v -0.38879 -0.58541 0.99854
v -0.33969 -0.53044 0.73393
v -0.31793 -0.45614 0.61282
v -0.26724 -0.53335 0.73502
v -0.30238 -0.53725 0.73186
v -0.40278 -0.36125 0.54366
v -0.34114 -0.33697 0.51914
v -0.37174 -0.35201 0.52616
v -0.50621 -0.26014 0.71768
v -0.54271 -0.22805 0.76691
v -0.58282 -0.19037 0.74734
v -0.55234 -0.21156 0.67956
v -0.54366 -0.21956 0.72361
v -0.58497 -0.20320 0.80425
v -0.63928 -0.17757 0.83826
v -0.64649 -0.15268 0.76578
v -0.61599 -0.17650 0.78797
v -0.61114 -0.21704 0.88752
v -0.64383 -0.22395 0.93550
v -0.68910 -0.17630 0.89689
v -0.64924 -0.19495 0.88996
v -0.59665 -0.25805 0.93116
v -0.58981 -0.30568 0.98119
v -0.65485 -0.26783 0.99723
v -0.62260 -0.26310 0.96645
v -0.53797 -0.32374 0.93882
v -0.51246 -0.37488 0.95130
v -0.56361 -0.37350 1.00945
v -0.55115 -0.34510 0.97525
v -0.49724 -0.35001 0.90064
v -0.45708 -0.38849 0.85972
v -0.46955 -0.43094 0.92255
v -0.48036 -0.38963 0.91004
v -0.47012 -0.33510 0.81789
v -0.45243 -0.34192 0.76267
v -0.42634 -0.40735 0.79177
v -0.44767 -0.37165 0.80776
v -0.48502 -0.29473 0.77371
v -0.46037 -0.31608 0.69068
v -0.47261 -0.30194 0.73197
v -0.51979 -0.26227 0.81190
v -0.56571 -0.23608 0.85166
v -0.55123 -0.23059 0.80983
v -0.54860 -0.27823 0.89961
v -0.57818 -0.24532 0.89350
v -0.50461 -0.30626 0.85896
v -0.52023 -0.31271 0.90026
v -0.49364 -0.29817 0.81653
v -0.62461 -0.15995 0.68024
v -0.57143 -0.19894 0.59619
v -0.50034 -0.26584 0.62263
v -0.56258 -0.20601 0.63736
v -0.71464 -0.13854 0.82082
v -0.70819 -0.11974 0.72131
v -0.67756 -0.13617 0.74342
v -0.72003 -0.20981 0.97362
v -0.76704 -0.14990 0.90728
v -0.72869 -0.16452 0.90134
v -0.63654 -0.34240 1.05158
v -0.71744 -0.27915 1.05229
v -0.68706 -0.27468 1.02358
v -0.51564 -0.44652 0.99670
v -0.58888 -0.42947 1.06938
v -0.57687 -0.40220 1.03942
v -0.42567 -0.46910 0.85555
v -0.45603 -0.50915 0.94368
v -0.46354 -0.47064 0.93274
v -0.42171 -0.39480 0.70410
v -0.39705 -0.47666 0.75852
v -0.41198 -0.44242 0.77493
v -0.44251 -0.34713 0.61284
v -0.45270 -0.33261 0.65122
v -0.66126 -0.12364 0.61483
v -0.49138 -0.26804 0.53321
v -0.57611 -0.18601 0.55519
v -0.78401 -0.09415 0.80613
v -0.73336 -0.09197 0.70089
v -0.79573 -0.18782 1.01630
v -0.80379 -0.12800 0.91689
v -0.67751 -0.37490 1.12257
v -0.74558 -0.27903 1.08571
v -0.51341 -0.51385 1.04513
v -0.59593 -0.45337 1.10434
v -0.39196 -0.54483 0.85300
v -0.44157 -0.54627 0.95881
v -0.38485 -0.44326 0.64745
v -0.37234 -0.50833 0.74372
v -0.42692 -0.35859 0.57468
v -0.63686 -0.00405 0.56346
v -0.40760 -0.20046 0.47383
v -0.52381 -0.09421 0.49009
v -0.79439 0.03754 0.82629
v -0.72748 0.03938 0.68361
v -0.80899 -0.09435 1.10589
v -0.82065 -0.01168 0.97373
v -0.65168 -0.33729 1.23962
v -0.74411 -0.21487 1.19840
v -0.43169 -0.52918 1.14640
v -0.54367 -0.44640 1.21938
v -0.26786 -0.56947 0.88919
v -0.33425 -0.57167 1.03181
v -0.25973 -0.43418 0.61198
v -0.24143 -0.52283 0.74112
v -0.31775 -0.32129 0.52072
v -0.55724 0.73279 0.44207
v -0.39618 0.92098 0.61361
v -0.35386 0.86346 0.59804
v -0.49257 0.70131 0.44954
v -0.21354 0.88309 0.85154
v -0.19525 0.83061 0.80396
v -0.11709 0.63973 1.01288
v -0.11339 0.62062 0.94353
v -0.16700 0.34050 1.00141
v -0.15533 0.36193 0.93358
v -0.33772 0.15129 0.81960
v -0.30280 0.19938 0.77680
v -0.51819 0.20217 0.58534
v -0.45749 0.24118 0.57315
v -0.60044 0.43861 0.43657
v -0.53007 0.44697 0.44578
v -0.44402 0.63232 0.58307
v -0.37394 0.72291 0.65924
v -0.38467 0.65431 0.69304
v -0.41979 0.59181 0.66298
v -0.28704 0.70515 0.77014
v -0.34159 0.62888 0.75753
v -0.23910 0.58572 0.84887
v -0.30219 0.57037 0.80789
v -0.26420 0.44076 0.84271
v -0.32925 0.48952 0.79538
v -0.34958 0.35309 0.75267
v -0.36872 0.42795 0.75017
v -0.42607 0.38155 0.64877
v -0.41058 0.45965 0.69732
v -0.45829 0.49358 0.58582
v -0.43434 0.51528 0.65043
v -0.38192 0.54336 0.73564
v -0.45504 0.66276 0.50913
v -0.35176 0.78804 0.62014
v -0.23093 0.76326 0.77750
v -0.16599 0.60037 0.88414
v -0.19933 0.40147 0.87632
v -0.31447 0.27778 0.75424
v -0.42958 0.31340 0.60350
v -0.47969 0.46933 0.50959
v -0.60296 0.74429 0.46496
v -0.43795 0.94035 0.64110
v -0.24810 0.90329 0.88675
v -0.14890 0.64883 1.05365
v -0.20020 0.33835 1.04182
v -0.37897 0.14131 0.85206
v -0.56498 0.19570 0.60946
v -0.64606 0.44176 0.46055
v -0.63640 0.74399 0.50480
v -0.64904 0.72546 0.57224
v -0.51422 0.89473 0.71604
v -0.47754 0.93478 0.67461
v -0.35530 0.86553 0.92263
v -0.29411 0.89977 0.91184
v -0.26829 0.64463 1.06524
v -0.19658 0.65179 1.07596
v -0.31416 0.37682 1.05342
v -0.24735 0.34880 1.06233
v -0.47260 0.21106 0.88502
v -0.42381 0.15754 0.87566
v -0.62065 0.26624 0.68957
v -0.59979 0.21513 0.64395
v -0.67824 0.47275 0.57551
v -0.67502 0.45174 0.50347
v -0.54166 0.65074 0.66154
v -0.47710 0.60330 0.70905
v -0.44997 0.66836 0.74111
v -0.47590 0.74475 0.73251
v -0.40069 0.64167 0.80033
v -0.38958 0.72922 0.84370
v -0.36774 0.58208 0.85653
v -0.33885 0.60400 0.92488
v -0.39007 0.49613 0.83719
v -0.36681 0.44949 0.91535
v -0.43669 0.43441 0.79557
v -0.45791 0.36158 0.81989
v -0.47037 0.46793 0.74041
v -0.53035 0.39507 0.72195
v -0.49698 0.52723 0.70046
v -0.55524 0.51207 0.66581
v -0.42309 0.55053 0.76656
v -0.50736 0.82072 0.73268
v -0.60575 0.68884 0.62894
v -0.38562 0.79898 0.88945
v -0.31880 0.62585 1.00237
v -0.35467 0.41461 0.99079
v -0.48206 0.28941 0.85733
v -0.58766 0.33537 0.71452
v -0.62464 0.49561 0.63393
v -0.48634 0.84938 0.51254
v -0.37197 0.89685 0.60185
v -0.43186 0.80244 0.51043
v -0.52464 0.71900 0.44038
v -0.45739 0.82979 0.50589
v -0.30092 0.93289 0.73330
v -0.19812 0.86145 0.82700
v -0.27163 0.87383 0.70172
v -0.28207 0.90786 0.71537
v -0.14902 0.77845 0.94960
v -0.10931 0.63095 0.97946
v -0.13941 0.74033 0.88853
v -0.13789 0.76217 0.91986
v -0.12390 0.48630 1.03068
v -0.15567 0.34842 0.96890
v -0.11780 0.48800 0.95868
v -0.11542 0.48615 0.99641
v -0.24399 0.22123 0.92613
v -0.31650 0.17021 0.79753
v -0.21992 0.25807 0.86848
v -0.22744 0.23528 0.89819
v -0.43560 0.14823 0.69797
v -0.48684 0.21609 0.57503
v -0.38637 0.19572 0.67113
v -0.40850 0.16625 0.68229
v -0.57165 0.30269 0.49718
v -0.56576 0.44136 0.43622
v -0.50485 0.32916 0.49742
v -0.53819 0.31209 0.49175
v -0.59756 0.58885 0.41507
v -0.52678 0.57668 0.42668
v -0.56270 0.58297 0.41528
v -0.41415 0.68733 0.61257
v -0.38075 0.68448 0.67846
v -0.40298 0.62857 0.67814
v -0.43459 0.61375 0.62301
v -0.41087 0.65663 0.64411
v -0.32872 0.72911 0.71413
v -0.31511 0.66955 0.76477
v -0.36569 0.64662 0.72201
v -0.34794 0.68900 0.72153
v -0.25600 0.65412 0.81888
v -0.27647 0.57750 0.82746
v -0.31825 0.59849 0.78703
v -0.29001 0.62963 0.80246
v -0.24231 0.51269 0.85742
v -0.29583 0.46402 0.81920
v -0.31232 0.53382 0.80593
v -0.27934 0.52010 0.83307
v -0.30227 0.38424 0.80491
v -0.36285 0.39519 0.75201
v -0.35136 0.45228 0.77262
v -0.32734 0.41965 0.79124
v -0.39315 0.35317 0.69742
v -0.42041 0.41920 0.67313
v -0.39034 0.43891 0.72689
v -0.39485 0.39660 0.71040
v -0.44803 0.43095 0.61109
v -0.44487 0.50615 0.62312
v -0.42458 0.48944 0.67067
v -0.43591 0.45810 0.64311
v -0.45708 0.56421 0.57489
v -0.42948 0.54992 0.65499
v -0.44599 0.56069 0.61694
v -0.36362 0.58589 0.74746
v -0.40130 0.56813 0.70043
v -0.38531 0.60719 0.71288
v -0.35775 0.51648 0.76650
v -0.34050 0.55919 0.77939
v -0.39733 0.50137 0.71845
v -0.37617 0.47728 0.74742
v -0.41548 0.52800 0.68916
v -0.45049 0.64792 0.54582
v -0.40976 0.74019 0.55378
v -0.36269 0.75597 0.63914
v -0.41083 0.71339 0.58233
v -0.28978 0.79708 0.69929
v -0.25844 0.73454 0.77326
v -0.30874 0.76351 0.70598
v -0.18720 0.69263 0.84246
v -0.20173 0.59284 0.86575
v -0.22088 0.67339 0.83040
v -0.17007 0.49947 0.89600
v -0.23103 0.42083 0.85878
v -0.20527 0.50619 0.87596
v -0.24931 0.32232 0.82535
v -0.33157 0.31515 0.75227
v -0.27542 0.35284 0.81468
v -0.37834 0.27624 0.67455
v -0.42713 0.34761 0.62535
v -0.38623 0.31416 0.68525
v -0.46222 0.38069 0.54693
v -0.46872 0.48135 0.54783
v -0.45565 0.40580 0.57893
v -0.47770 0.56760 0.49492
v -0.46721 0.56584 0.53487
v -0.46906 0.68143 0.47472
v -0.34736 0.82542 0.60483
v -0.41543 0.77108 0.52737
v -0.20732 0.79635 0.78708
v -0.27491 0.83500 0.69641
v -0.13301 0.60986 0.90980
v -0.15775 0.71603 0.86203
v -0.17130 0.38073 0.90134
v -0.13772 0.49280 0.92346
v -0.30303 0.23719 0.76205
v -0.22883 0.28903 0.84351
v -0.43863 0.27610 0.58430
v -0.37812 0.23478 0.66988
v -0.49996 0.45704 0.47242
v -0.47989 0.35362 0.51829
v -0.49795 0.57135 0.45619
v -0.58293 0.74047 0.45172
v -0.53051 0.86597 0.53632
v -0.41830 0.93385 0.62740
v -0.51031 0.86017 0.52366
v -0.33914 0.95373 0.76404
v -0.22994 0.89675 0.87110
v -0.32016 0.94729 0.74954
v -0.18152 0.79363 0.98844
v -0.13213 0.64519 1.03639
v -0.16455 0.78795 0.97159
v -0.15500 0.49001 1.07281
v -0.18258 0.33778 1.02497
v -0.13810 0.48778 1.05526
v -0.27995 0.21326 0.96316
v -0.35913 0.14421 0.83751
v -0.26044 0.21274 0.94808
v -0.48058 0.13934 0.72595
v -0.54373 0.19634 0.59697
v -0.45947 0.14045 0.71264
v -0.61777 0.30149 0.52134
v -0.62699 0.43911 0.44590
v -0.59773 0.29976 0.50769
v -0.64418 0.59635 0.43755
v -0.62449 0.59323 0.42337
v -0.64864 0.73758 0.53698
v -0.59059 0.82843 0.63025
v -0.49924 0.92019 0.69640
v -0.56702 0.86230 0.57376
v -0.58290 0.84934 0.60171
v -0.43182 0.90886 0.81841
v -0.32511 0.88694 0.92083
v -0.38219 0.94973 0.79301
v -0.40954 0.93596 0.80894
v -0.29746 0.77037 1.00931
v -0.23233 0.64994 1.07757
v -0.22921 0.79296 1.01068
v -0.26333 0.78530 1.01556
v -0.27355 0.51025 1.08123
v -0.28112 0.36041 1.06506
v -0.20306 0.49758 1.09235
v -0.23798 0.50364 1.09374
v -0.38473 0.26909 0.98401
v -0.45057 0.17975 0.88408
v -0.32562 0.22489 0.98670
v -0.35624 0.24329 0.99059
v -0.55713 0.21227 0.78002
v -0.61629 0.23610 0.66736
v -0.52179 0.15757 0.75354
v -0.54352 0.18005 0.76886
v -0.66020 0.35703 0.62081
v -0.68305 0.46112 0.53799
v -0.64941 0.31696 0.56029
v -0.66073 0.33402 0.58972
v -0.67710 0.60112 0.55579
v -0.67385 0.60086 0.48093
v -0.68245 0.60202 0.51638
v -0.50805 0.62829 0.68199
v -0.46252 0.64126 0.72371
v -0.45985 0.70188 0.73547
v -0.51510 0.70740 0.68817
v -0.48837 0.67299 0.70259
v -0.42751 0.65995 0.76685
v -0.39405 0.68747 0.82149
v -0.43153 0.75315 0.78731
v -0.42702 0.70660 0.77800
v -0.37949 0.61124 0.83247
v -0.35475 0.59169 0.88555
v -0.35633 0.67588 0.89216
v -0.36832 0.64640 0.85965
v -0.37275 0.54226 0.85043
v -0.37774 0.47154 0.87671
v -0.34295 0.52463 0.93326
v -0.35687 0.52951 0.89087
v -0.41428 0.45847 0.81478
v -0.44592 0.40292 0.80546
v -0.41010 0.39213 0.87399
v -0.40908 0.42609 0.84406
v -0.45282 0.44626 0.76990
v -0.49920 0.42912 0.72883
v -0.49925 0.36345 0.76638
v -0.47597 0.40499 0.76462
v -0.48513 0.49949 0.71668
v -0.52083 0.52063 0.68412
v -0.54751 0.44758 0.68784
v -0.51393 0.47052 0.70198
v -0.48833 0.56124 0.70269
v -0.55336 0.58251 0.65543
v -0.51906 0.57491 0.67814
v -0.44712 0.57740 0.73601
v -0.40918 0.59539 0.78183
v -0.43573 0.61788 0.75121
v -0.40493 0.52297 0.80032
v -0.38989 0.56760 0.81540
v -0.44393 0.50831 0.75263
v -0.42766 0.48383 0.78343
v -0.46313 0.53664 0.72631
v -0.49320 0.78331 0.73330
v -0.56423 0.76803 0.66817
v -0.57406 0.67023 0.64526
v -0.54081 0.73826 0.67825
v -0.38870 0.76503 0.86684
v -0.44570 0.83221 0.81087
v -0.43956 0.79364 0.79914
v -0.32896 0.61519 0.96408
v -0.34152 0.72423 0.95793
v -0.35013 0.70065 0.92549
v -0.36208 0.43184 0.95355
v -0.32107 0.51947 1.01322
v -0.33317 0.52209 0.97381
v -0.47160 0.32501 0.83795
v -0.41310 0.33302 0.93420
v -0.41240 0.36190 0.90362
v -0.55986 0.36511 0.71804
v -0.54299 0.29152 0.77943
v -0.52292 0.32752 0.77301
v -0.58990 0.50391 0.64996
v -0.61276 0.40769 0.66472
v -0.58124 0.42830 0.67747
v -0.62387 0.59369 0.62042
v -0.58866 0.58844 0.63845
v -0.51627 0.85964 0.72805
v -0.63338 0.70828 0.60424
v -0.58298 0.79952 0.65292
v -0.37565 0.83399 0.91026
v -0.44420 0.87272 0.81869
v -0.29749 0.63622 1.03822
v -0.32439 0.74868 0.98851
v -0.33922 0.39562 1.02666
v -0.30306 0.51589 1.05275
v -0.48277 0.24938 0.87446
v -0.40403 0.30047 0.96323
v -0.61089 0.30112 0.70612
v -0.55650 0.25141 0.78308
v -0.65579 0.48474 0.60789
v -0.64316 0.38347 0.64762
v -0.65555 0.59808 0.59170
v -0.45716 0.94080 0.65642
v -0.62021 0.74550 0.48185
v -0.54852 0.86614 0.55283
v -0.26884 0.90430 0.90002
v -0.35904 0.95602 0.77828
v -0.16915 0.65123 1.06731
v -0.20221 0.79570 1.00172
v -0.22094 0.34174 1.05428
v -0.17581 0.49312 1.08541
v -0.39994 0.14590 0.86453
v -0.30039 0.21624 0.97619
v -0.58229 0.20296 0.62529
v -0.50077 0.14476 0.73933
v -0.66254 0.44544 0.47811
v -0.63426 0.30701 0.53834
v -0.66041 0.59886 0.45559
# 1770 verticies
vt 0.53048 0.62403
vt 0.53842 0.62418
vt 0.52901 0.66650
vt 0.52150 0.66332
vt 0.50559 0.70153
vt 0.49986 0.69579
vt 0.51316 0.65979
vt 0.49340 0.68940
vt 0.52156 0.62395
vt 0.47064 0.72412
vt 0.46766 0.71677
vt 0.42965 0.73015
vt 0.42996 0.72226
vt 0.46423 0.70843
vt 0.43020 0.71317
vt 0.39082 0.71999
vt 0.39427 0.71257
vt 0.36409 0.69136
vt 0.35801 0.69725
vt 0.39793 0.70421
vt 0.37061 0.68482
vt 0.34270 0.66057
vt 0.33475 0.66398
vt 0.32526 0.62509
vt 0.33362 0.62472
vt 0.34290 0.62439
vt 0.35143 0.65689
vt 0.33233 0.58452
vt 0.34014 0.58738
vt 0.35359 0.54955
vt 0.35961 0.55496
vt 0.36626 0.56099
vt 0.34870 0.59066
vt 0.38725 0.52541
vt 0.39041 0.53265
vt 0.42836 0.51665
vt 0.42832 0.52463
vt 0.42833 0.53342
vt 0.39391 0.54070
vt 0.47015 0.52469
vt 0.46705 0.53201
vt 0.50107 0.55318
vt 0.50667 0.54763
vt 0.49481 0.55930
vt 0.46368 0.54009
vt 0.52326 0.58512
vt 0.53053 0.58216
vt 0.51506 0.58853
vt 0.46745 0.62489
vt 0.47949 0.62451
vt 0.47503 0.64388
vt 0.46421 0.63972
vt 0.46406 0.65941
vt 0.45614 0.65117
vt 0.45286 0.63679
vt 0.45012 0.64510
vt 0.45462 0.62525
vt 0.44824 0.66808
vt 0.44401 0.65738
vt 0.43023 0.66971
vt 0.43001 0.65864
vt 0.44117 0.64687
vt 0.42979 0.64743
vt 0.41278 0.66487
vt 0.41638 0.65502
vt 0.39830 0.65480
vt 0.40518 0.64772
vt 0.41867 0.64527
vt 0.41040 0.64267
vt 0.39777 0.63725
vt 0.38825 0.64102
vt 0.39447 0.62455
vt 0.38369 0.62438
vt 0.40587 0.62470
vt 0.40774 0.63499
vt 0.39642 0.61043
vt 0.38623 0.60611
vt 0.40338 0.59790
vt 0.39564 0.58972
vt 0.40921 0.60417
vt 0.40695 0.61342
vt 0.41474 0.58978
vt 0.41037 0.57870
vt 0.42893 0.58676
vt 0.42872 0.57464
vt 0.42915 0.59980
vt 0.41772 0.60146
vt 0.44810 0.57822
vt 0.44389 0.58942
vt 0.46489 0.58883
vt 0.45665 0.59728
vt 0.45040 0.60376
vt 0.44110 0.60123
vt 0.47592 0.60518
vt 0.46474 0.60986
vt 0.45310 0.61311
vt 0.44120 0.63643
vt 0.42962 0.63646
vt 0.42950 0.62522
vt 0.44187 0.62535
vt 0.41836 0.63532
vt 0.41757 0.62487
vt 0.41787 0.61348
vt 0.42934 0.61290
vt 0.44123 0.61335
vt 0.47150 0.66728
vt 0.48480 0.64783
vt 0.49031 0.62420
vt 0.49426 0.65172
vt 0.50077 0.62398
vt 0.47877 0.67480
vt 0.43039 0.68038
vt 0.45226 0.67828
vt 0.45618 0.68838
vt 0.43041 0.69121
vt 0.39161 0.66208
vt 0.40926 0.67449
vt 0.40569 0.68420
vt 0.38485 0.66956
vt 0.37934 0.64499
vt 0.37368 0.62419
vt 0.37039 0.64895
vt 0.36371 0.62411
vt 0.37684 0.60208
vt 0.38828 0.58218
vt 0.36764 0.59827
vt 0.38108 0.57501
vt 0.40617 0.56879
vt 0.42854 0.56386
vt 0.40205 0.55932
vt 0.42839 0.55358
vt 0.45210 0.56821
vt 0.47262 0.58102
vt 0.45597 0.55867
vt 0.48010 0.57360
vt 0.48603 0.60081
vt 0.49578 0.59664
vt 0.48632 0.68236
vt 0.50405 0.65584
vt 0.51159 0.62388
vt 0.43033 0.70263
vt 0.46034 0.69887
vt 0.37758 0.67748
vt 0.40177 0.69455
vt 0.36077 0.65302
vt 0.35304 0.62418
vt 0.35795 0.59435
vt 0.37347 0.56770
vt 0.39781 0.54961
vt 0.42833 0.54305
vt 0.45995 0.54898
vt 0.48779 0.56608
vt 0.50585 0.59238
vt 0.51001 0.70604
vt 0.53489 0.66901
vt 0.54463 0.62433
vt 0.54042 0.67137
vt 0.55055 0.62452
vt 0.51417 0.71031
vt 0.42935 0.73629
vt 0.47292 0.72988
vt 0.47507 0.73542
vt 0.42894 0.74214
vt 0.38799 0.72580
vt 0.35313 0.70189
vt 0.38518 0.73120
vt 0.34851 0.70614
vt 0.31876 0.62542
vt 0.32855 0.66669
vt 0.32289 0.66927
vt 0.31273 0.62577
vt 0.34882 0.54529
vt 0.32614 0.58235
vt 0.32040 0.58039
vt 0.34435 0.54131
vt 0.42834 0.51038
vt 0.38474 0.51968
vt 0.38232 0.51425
vt 0.42832 0.50440
vt 0.47259 0.51881
vt 0.51105 0.54323
vt 0.47487 0.51327
vt 0.51521 0.53898
vt 0.53622 0.57989
vt 0.54168 0.57772
vt 0.33291 0.93423
vt 0.31392 0.89585
vt 0.32194 0.89390
vt 0.33944 0.92932
vt 0.33079 0.89171
vt 0.34672 0.92388
vt 0.37295 0.94728
vt 0.36841 0.95525
vt 0.36433 0.96224
vt 0.40367 0.97395
vt 0.40457 0.96538
vt 0.40564 0.95555
vt 0.44264 0.95988
vt 0.44014 0.95012
vt 0.44488 0.96856
vt 0.48003 0.94881
vt 0.47494 0.94130
vt 0.46927 0.93294
vt 0.49868 0.91381
vt 0.49111 0.90847
vt 0.50568 0.91869
vt 0.52059 0.88201
vt 0.51269 0.88077
vt 0.50400 0.87927
vt 0.50460 0.84632
vt 0.51328 0.84405
vt 0.52108 0.84202
vt 0.49760 0.80975
vt 0.50394 0.80476
vt 0.49053 0.81526
vt 0.46499 0.79172
vt 0.46960 0.78391
vt 0.47374 0.77682
vt 0.43326 0.77023
vt 0.43447 0.76205
vt 0.43194 0.77926
vt 0.39435 0.77190
vt 0.39658 0.78076
vt 0.39238 0.76387
vt 0.35426 0.78246
vt 0.35916 0.78914
vt 0.36462 0.79647
vt 0.34020 0.82279
vt 0.33233 0.81811
vt 0.32524 0.81386
vt 0.31093 0.85334
vt 0.31911 0.85462
vt 0.32821 0.85601
vt 0.37957 0.89840
vt 0.37077 0.88128
vt 0.38221 0.87841
vt 0.38876 0.89122
vt 0.39443 0.87520
vt 0.39882 0.88524
vt 0.39905 0.89934
vt 0.40337 0.89210
vt 0.39346 0.90918
vt 0.41085 0.91248
vt 0.41229 0.90167
vt 0.41243 0.89131
vt 0.42640 0.89911
vt 0.42375 0.88885
vt 0.42907 0.90914
vt 0.44480 0.89991
vt 0.43880 0.89215
vt 0.43413 0.88399
vt 0.44173 0.87935
vt 0.44823 0.88253
vt 0.45695 0.88707
vt 0.45309 0.87105
vt 0.46373 0.87207
vt 0.44247 0.87162
vt 0.44179 0.86181
vt 0.45319 0.85876
vt 0.46410 0.85605
vt 0.44778 0.84660
vt 0.45696 0.84003
vt 0.43794 0.85187
vt 0.43338 0.84374
vt 0.43763 0.83639
vt 0.44336 0.82680
vt 0.42431 0.83150
vt 0.42583 0.81998
vt 0.42427 0.84327
vt 0.41266 0.84460
vt 0.40966 0.83222
vt 0.40679 0.82077
vt 0.38947 0.82931
vt 0.39622 0.83878
vt 0.40161 0.84917
vt 0.39325 0.85386
vt 0.38574 0.84933
vt 0.37595 0.84355
vt 0.36946 0.86196
vt 0.38112 0.86342
vt 0.39293 0.86344
vt 0.40984 0.88172
vt 0.40661 0.87175
vt 0.41847 0.86829
vt 0.42114 0.87870
vt 0.43201 0.87483
vt 0.43024 0.86500
vt 0.42706 0.85457
vt 0.41566 0.85696
vt 0.40436 0.86059
vt 0.38828 0.91870
vt 0.37132 0.90509
vt 0.38327 0.92815
vt 0.36325 0.91142
vt 0.36055 0.88395
vt 0.35068 0.88655
vt 0.43173 0.91871
vt 0.40948 0.92279
vt 0.43447 0.92855
vt 0.40823 0.93326
vt 0.45074 0.90743
vt 0.46547 0.89185
vt 0.45672 0.91528
vt 0.47389 0.89696
vt 0.47382 0.87358
vt 0.47428 0.85373
vt 0.48383 0.87538
vt 0.48438 0.85143
vt 0.46546 0.83386
vt 0.44890 0.81788
vt 0.47383 0.82780
vt 0.45430 0.80925
vt 0.42743 0.80960
vt 0.40423 0.81059
vt 0.42895 0.79959
vt 0.40170 0.80072
vt 0.38311 0.82089
vt 0.36684 0.83833
vt 0.37699 0.81281
vt 0.35807 0.83327
vt 0.35892 0.86046
vt 0.34873 0.85900
vt 0.37796 0.93809
vt 0.35473 0.91788
vt 0.34041 0.88924
vt 0.43739 0.93943
vt 0.40689 0.94462
vt 0.48274 0.90273
vt 0.46310 0.92407
vt 0.49428 0.87742
vt 0.49487 0.84884
vt 0.48252 0.82136
vt 0.45986 0.80023
vt 0.43050 0.78912
vt 0.39905 0.79040
vt 0.37060 0.80441
vt 0.34887 0.82790
vt 0.33811 0.85746
vt 0.36114 0.96772
vt 0.32777 0.93811
vt 0.35817 0.97291
vt 0.32296 0.94177
vt 0.30764 0.89737
vt 0.30179 0.89880
vt 0.44667 0.97524
vt 0.40299 0.98053
vt 0.44836 0.98118
vt 0.40244 0.98663
vt 0.51130 0.92253
vt 0.48399 0.95456
vt 0.51651 0.92604
vt 0.48757 0.95969
vt 0.52690 0.88295
vt 0.52720 0.84046
vt 0.53290 0.88391
vt 0.53299 0.83899
vt 0.50894 0.80083
vt 0.47697 0.77125
vt 0.51368 0.79714
vt 0.47997 0.76607
vt 0.39086 0.75757
vt 0.43543 0.75564
vt 0.38944 0.75167
vt 0.43634 0.74967
vt 0.31964 0.81047
vt 0.35041 0.77716
vt 0.31444 0.80731
vt 0.34686 0.77222
vt 0.30457 0.85233
vt 0.29864 0.85140
vt 0.63990 0.78961
vt 0.63570 0.78348
vt 0.67436 0.76878
vt 0.67582 0.77651
vt 0.71579 0.76916
vt 0.71422 0.77705
vt 0.67741 0.78505
vt 0.71248 0.78582
vt 0.64455 0.79647
vt 0.75381 0.78536
vt 0.74926 0.79202
vt 0.78153 0.81596
vt 0.77422 0.82099
vt 0.74403 0.79965
vt 0.76611 0.82654
vt 0.79777 0.85350
vt 0.78952 0.85553
vt 0.79861 0.89411
vt 0.79082 0.89251
vt 0.78210 0.89071
vt 0.78019 0.85775
vt 0.78258 0.93217
vt 0.77589 0.92766
vt 0.74973 0.95576
vt 0.75390 0.96209
vt 0.74509 0.94867
vt 0.76849 0.92264
vt 0.71499 0.97103
vt 0.71620 0.97847
vt 0.67367 0.97688
vt 0.67533 0.96899
vt 0.71349 0.96250
vt 0.67719 0.96032
vt 0.63557 0.96079
vt 0.64004 0.95416
vt 0.60643 0.93152
vt 0.61308 0.92712
vt 0.64503 0.94674
vt 0.62050 0.92220
vt 0.59085 0.89325
vt 0.59872 0.89172
vt 0.59102 0.85195
vt 0.59889 0.85356
vt 0.60749 0.89003
vt 0.60757 0.85533
vt 0.60679 0.81356
vt 0.61344 0.81780
vt 0.62070 0.82241
vt 0.67439 0.84224
vt 0.66767 0.83181
vt 0.68533 0.82546
vt 0.68787 0.83695
vt 0.70430 0.82599
vt 0.70207 0.83682
vt 0.70040 0.84503
vt 0.69167 0.84774
vt 0.68129 0.85276
vt 0.72125 0.83354
vt 0.71501 0.84258
vt 0.73351 0.84769
vt 0.72489 0.85314
vt 0.71498 0.85964
vt 0.70739 0.85094
vt 0.73057 0.86640
vt 0.74099 0.86468
vt 0.73098 0.88043
vt 0.74182 0.88262
vt 0.72276 0.87877
vt 0.72003 0.87004
vt 0.73455 0.89987
vt 0.72525 0.89338
vt 0.71496 0.90357
vt 0.72152 0.91341
vt 0.70819 0.89335
vt 0.71686 0.88576
vt 0.70426 0.92057
vt 0.70159 0.90910
vt 0.68523 0.92012
vt 0.68741 0.90930
vt 0.68907 0.90109
vt 0.69781 0.89839
vt 0.66793 0.91285
vt 0.67443 0.90356
vt 0.66425 0.89325
vt 0.65465 0.89960
vt 0.67446 0.88649
vt 0.68207 0.89518
vt 0.64765 0.88222
vt 0.65874 0.87986
vt 0.64772 0.86349
vt 0.65853 0.86568
vt 0.66672 0.86735
vt 0.66943 0.87610
vt 0.66420 0.85260
vt 0.65471 0.84562
vt 0.67262 0.86036
vt 0.69794 0.85715
vt 0.70478 0.86641
vt 0.69473 0.87306
vt 0.68806 0.86299
vt 0.71064 0.87631
vt 0.70141 0.88314
vt 0.69151 0.88898
vt 0.68467 0.87973
vt 0.67882 0.86982
vt 0.70642 0.81578
vt 0.68319 0.81487
vt 0.66158 0.82234
vt 0.68117 0.80472
vt 0.65576 0.81335
vt 0.70845 0.80588
vt 0.74123 0.84285
vt 0.72676 0.82523
vt 0.73227 0.81700
vt 0.74896 0.83793
vt 0.75050 0.86335
vt 0.75203 0.88470
vt 0.75994 0.86186
vt 0.76200 0.88670
vt 0.74319 0.90564
vt 0.72766 0.92254
vt 0.75160 0.91126
vt 0.73366 0.93144
vt 0.68323 0.93040
vt 0.70676 0.93138
vt 0.70920 0.94194
vt 0.68128 0.94043
vt 0.64597 0.90534
vt 0.66212 0.92146
vt 0.65645 0.92983
vt 0.63754 0.91092
vt 0.63752 0.86142
vt 0.63745 0.88420
vt 0.62750 0.88614
vt 0.62758 0.85942
vt 0.64590 0.83938
vt 0.63741 0.83347
vt 0.71055 0.79552
vt 0.67918 0.79443
vt 0.64984 0.80436
vt 0.75750 0.83233
vt 0.73824 0.80815
vt 0.77014 0.85996
vt 0.77243 0.88877
vt 0.76035 0.91713
vt 0.73975 0.94054
vt 0.67919 0.95078
vt 0.71155 0.95275
vt 0.62873 0.91675
vt 0.65053 0.93858
vt 0.61720 0.85731
vt 0.61713 0.88816
vt 0.62872 0.82761
vt 0.71703 0.76295
vt 0.67317 0.76264
vt 0.63231 0.77856
vt 0.67205 0.75683
vt 0.62902 0.77374
vt 0.71822 0.75713
vt 0.78712 0.81209
vt 0.75731 0.78016
vt 0.76063 0.77534
vt 0.79214 0.80870
vt 0.80471 0.89536
vt 0.80412 0.85201
vt 0.80990 0.85068
vt 0.81048 0.89651
vt 0.75722 0.96715
vt 0.78780 0.93570
vt 0.79269 0.93898
vt 0.76042 0.97197
vt 0.67239 0.98310
vt 0.71707 0.98425
vt 0.71796 0.98992
vt 0.67117 0.98891
vt 0.60121 0.93497
vt 0.63209 0.96595
vt 0.62881 0.97081
vt 0.59631 0.93820
vt 0.58487 0.85068
vt 0.58472 0.89443
vt 0.57896 0.89553
vt 0.57913 0.84950
vt 0.60142 0.81005
vt 0.59623 0.80664
vt 0.78824 0.58620
vt 0.79580 0.58334
vt 0.80306 0.62397
vt 0.79452 0.62366
vt 0.77989 0.58937
vt 0.78522 0.62336
vt 0.76802 0.55381
vt 0.76150 0.55992
vt 0.77389 0.54830
vt 0.74025 0.52427
vt 0.73693 0.53160
vt 0.73326 0.53971
vt 0.69977 0.52277
vt 0.69948 0.53168
vt 0.70001 0.51487
vt 0.65935 0.52174
vt 0.66215 0.52921
vt 0.66526 0.53749
vt 0.62965 0.54924
vt 0.63574 0.55574
vt 0.62420 0.54341
vt 0.60023 0.57706
vt 0.60754 0.58038
vt 0.61568 0.58406
vt 0.59879 0.61756
vt 0.60769 0.61785
vt 0.59075 0.61729
vt 0.59767 0.65797
vt 0.60527 0.65519
vt 0.61354 0.65207
vt 0.62545 0.68763
vt 0.63187 0.68156
vt 0.61968 0.69311
vt 0.65336 0.71696
vt 0.65660 0.70970
vt 0.66022 0.70161
vt 0.69376 0.71844
vt 0.69402 0.70958
vt 0.69353 0.72638
vt 0.73428 0.71960
vt 0.73143 0.71206
vt 0.72825 0.70367
vt 0.76407 0.69228
vt 0.75773 0.68555
vt 0.76968 0.69821
vt 0.79304 0.66414
vt 0.78526 0.66062
vt 0.77689 0.65682
vt 0.74128 0.60370
vt 0.74437 0.62199
vt 0.73286 0.62168
vt 0.73061 0.60746
vt 0.72067 0.62130
vt 0.71954 0.60985
vt 0.71729 0.60101
vt 0.72342 0.59530
vt 0.73152 0.58778
vt 0.71629 0.57690
vt 0.71175 0.58729
vt 0.70861 0.59816
vt 0.69724 0.59626
vt 0.69766 0.58404
vt 0.69806 0.57258
vt 0.67961 0.57571
vt 0.68339 0.58637
vt 0.68578 0.59744
vt 0.67694 0.59973
vt 0.67123 0.59363
vt 0.66369 0.58559
vt 0.65280 0.60085
vt 0.66321 0.60533
vt 0.67409 0.60842
vt 0.67218 0.61980
vt 0.65997 0.61944
vt 0.64850 0.61909
vt 0.65168 0.63755
vt 0.66232 0.63372
vt 0.67336 0.63129
vt 0.67565 0.64015
vt 0.66958 0.64588
vt 0.66157 0.65345
vt 0.67683 0.66431
vt 0.68126 0.65388
vt 0.68434 0.64298
vt 0.69570 0.64486
vt 0.69536 0.65710
vt 0.69506 0.66860
vt 0.71348 0.66539
vt 0.70959 0.65473
vt 0.70713 0.64366
vt 0.71596 0.64135
vt 0.72168 0.64743
vt 0.72925 0.65548
vt 0.74006 0.64022
vt 0.72961 0.63574
vt 0.71877 0.63266
vt 0.70826 0.60945
vt 0.70847 0.62092
vt 0.69644 0.62055
vt 0.69683 0.60849
vt 0.68536 0.60873
vt 0.68440 0.62018
vt 0.68463 0.63168
vt 0.69606 0.63261
vt 0.70751 0.63237
vt 0.73918 0.58069
vt 0.75104 0.60010
vt 0.74661 0.57381
vt 0.76062 0.59659
vt 0.75483 0.62232
vt 0.76493 0.62266
vt 0.69844 0.56222
vt 0.72060 0.56747
vt 0.69880 0.55210
vt 0.72480 0.55827
vt 0.65658 0.57801
vt 0.67596 0.56598
vt 0.64967 0.57063
vt 0.67242 0.55655
vt 0.63814 0.61879
vt 0.64334 0.59658
vt 0.62804 0.61848
vt 0.63415 0.59243
vt 0.65402 0.66059
vt 0.64199 0.64125
vt 0.64669 0.66753
vt 0.63253 0.64484
vt 0.69481 0.67897
vt 0.67261 0.67377
vt 0.69455 0.68907
vt 0.66851 0.68301
vt 0.71726 0.67509
vt 0.73645 0.66309
vt 0.74347 0.67047
vt 0.72093 0.68455
vt 0.74961 0.64451
vt 0.75875 0.64861
vt 0.75432 0.56663
vt 0.77063 0.59286
vt 0.77537 0.62303
vt 0.69916 0.54153
vt 0.72919 0.54865
vt 0.64246 0.56292
vt 0.66872 0.54669
vt 0.61748 0.61816
vt 0.62458 0.58810
vt 0.63901 0.67480
vt 0.62268 0.64860
vt 0.69429 0.69967
vt 0.66422 0.69264
vt 0.75080 0.67822
vt 0.72473 0.69441
vt 0.76806 0.65282
vt 0.77848 0.54398
vt 0.80174 0.58111
vt 0.78280 0.53991
vt 0.80729 0.57899
vt 0.80967 0.62420
vt 0.81572 0.62432
vt 0.70018 0.50873
vt 0.74283 0.51852
vt 0.70030 0.50290
vt 0.74523 0.51316
vt 0.61991 0.53883
vt 0.65712 0.51584
vt 0.61588 0.53452
vt 0.65499 0.51035
vt 0.58444 0.61704
vt 0.59453 0.57446
vt 0.57855 0.61681
vt 0.58918 0.57203
vt 0.61512 0.69743
vt 0.59165 0.66010
vt 0.61082 0.70151
vt 0.58603 0.66205
vt 0.69335 0.73262
vt 0.65081 0.72268
vt 0.69317 0.73850
vt 0.64840 0.72805
vt 0.77400 0.70278
vt 0.73654 0.72554
vt 0.77800 0.70709
vt 0.73862 0.73108
vt 0.79930 0.66695
vt 0.80507 0.66955
vt 0.11959 0.53360
vt 0.11784 0.52579
vt 0.15988 0.52536
vt 0.15846 0.53318
vt 0.19452 0.54552
vt 0.19885 0.53882
vt 0.18967 0.55295
vt 0.15685 0.54175
vt 0.12153 0.54210
vt 0.22244 0.57082
vt 0.22905 0.56619
vt 0.24612 0.60450
vt 0.23820 0.60625
vt 0.21509 0.57597
vt 0.22943 0.60821
vt 0.24705 0.64651
vt 0.23908 0.64508
vt 0.23205 0.68577
vt 0.22526 0.68137
vt 0.23021 0.64350
vt 0.21773 0.67651
vt 0.20266 0.71573
vt 0.19809 0.70905
vt 0.16207 0.72488
vt 0.16374 0.73302
vt 0.16020 0.71616
vt 0.19304 0.70171
vt 0.12280 0.72617
vt 0.12130 0.73449
vt 0.08309 0.71986
vt 0.08779 0.71281
vt 0.12436 0.71723
vt 0.09290 0.70517
vt 0.05655 0.69160
vt 0.06361 0.68692
vt 0.04033 0.65385
vt 0.04877 0.65218
vt 0.07108 0.68181
vt 0.05778 0.65029
vt 0.04617 0.61189
vt 0.03732 0.61043
vt 0.05844 0.57370
vt 0.05095 0.56951
vt 0.06671 0.57845
vt 0.05590 0.61346
vt 0.07925 0.54012
vt 0.08407 0.54665
vt 0.08958 0.55395
vt 0.13627 0.59259
vt 0.13279 0.58151
vt 0.15147 0.58123
vt 0.15057 0.59226
vt 0.16887 0.58755
vt 0.16370 0.59690
vt 0.15097 0.60348
vt 0.15979 0.60400
vt 0.13974 0.60446
vt 0.18232 0.60021
vt 0.17369 0.60678
vt 0.19003 0.61749
vt 0.17951 0.62015
vt 0.16433 0.61205
vt 0.16834 0.62296
vt 0.19043 0.63653
vt 0.17987 0.63483
vt 0.18353 0.65440
vt 0.17463 0.64848
vt 0.16905 0.63466
vt 0.16797 0.64400
vt 0.16399 0.65886
vt 0.16974 0.66830
vt 0.15023 0.66484
vt 0.15180 0.67607
vt 0.14871 0.65284
vt 0.15976 0.64864
vt 0.13598 0.66538
vt 0.13312 0.67659
vt 0.12394 0.66105
vt 0.11729 0.67063
vt 0.12887 0.65375
vt 0.13744 0.65401
vt 0.10558 0.65825
vt 0.11529 0.65139
vt 0.09887 0.64077
vt 0.11026 0.63784
vt 0.12534 0.64575
vt 0.12200 0.63467
vt 0.09851 0.62060
vt 0.10985 0.62248
vt 0.11408 0.60831
vt 0.10435 0.60179
vt 0.12130 0.61307
vt 0.12106 0.62264
vt 0.12328 0.59815
vt 0.11617 0.58838
vt 0.12906 0.60848
vt 0.15388 0.61456
vt 0.15687 0.62583
vt 0.14525 0.62870
vt 0.14284 0.61658
vt 0.15821 0.63742
vt 0.14713 0.64075
vt 0.13599 0.64290
vt 0.13362 0.63157
vt 0.13187 0.61981
vt 0.17381 0.57868
vt 0.15249 0.57109
vt 0.12959 0.57142
vt 0.15363 0.56125
vt 0.12659 0.56160
vt 0.17880 0.57006
vt 0.19972 0.61507
vt 0.19027 0.59399
vt 0.19825 0.58796
vt 0.20939 0.61277
vt 0.20024 0.63829
vt 0.19206 0.66000
vt 0.21004 0.64000
vt 0.20050 0.66547
vt 0.17552 0.67690
vt 0.15354 0.68628
vt 0.18135 0.68521
vt 0.15557 0.69630
vt 0.13043 0.68692
vt 0.11086 0.67960
vt 0.12806 0.69703
vt 0.10461 0.68820
vt 0.08827 0.64330
vt 0.09647 0.66453
vt 0.08767 0.67044
vt 0.07798 0.64571
vt 0.08784 0.61869
vt 0.09490 0.59559
vt 0.07736 0.61692
vt 0.08554 0.58970
vt 0.10935 0.57948
vt 0.10267 0.57090
vt 0.15514 0.55114
vt 0.18435 0.56117
vt 0.12377 0.55150
vt 0.21975 0.61040
vt 0.20693 0.58175
vt 0.20944 0.67118
vt 0.22048 0.64179
vt 0.15799 0.70667
vt 0.18745 0.69374
vt 0.12601 0.70750
vt 0.09843 0.69700
vt 0.06746 0.64814
vt 0.07891 0.67638
vt 0.06636 0.61514
vt 0.07579 0.58378
vt 0.09582 0.56208
vt 0.16104 0.51904
vt 0.20222 0.53354
vt 0.11649 0.51955
vt 0.16210 0.51300
vt 0.11519 0.51357
vt 0.20539 0.52852
vt 0.25236 0.60312
vt 0.23422 0.56255
vt 0.23908 0.55912
vt 0.25822 0.60180
vt 0.23743 0.68924
vt 0.25332 0.64763
vt 0.25922 0.64866
vt 0.24249 0.69249
vt 0.20625 0.72104
vt 0.16503 0.73953
vt 0.20961 0.72607
vt 0.16616 0.74570
vt 0.07939 0.72543
vt 0.12007 0.74113
vt 0.11888 0.74743
vt 0.07597 0.73082
vt 0.03355 0.65514
vt 0.05085 0.69531
vt 0.04552 0.69888
vt 0.02725 0.65633
vt 0.03046 0.60925
vt 0.04514 0.56627
vt 0.02424 0.60811
vt 0.03982 0.56317
vt 0.07557 0.53497
vt 0.07220 0.53006
vt 0.11016 0.77706
vt 0.15127 0.76842
vt 0.15139 0.77746
vt 0.11347 0.78539
vt 0.15143 0.78720
vt 0.11711 0.79435
vt 0.08773 0.81081
vt 0.08129 0.80451
vt 0.07555 0.79879
vt 0.05286 0.83271
vt 0.06025 0.83581
vt 0.06845 0.83918
vt 0.05273 0.87379
vt 0.06174 0.87375
vt 0.04470 0.87381
vt 0.05332 0.91486
vt 0.06084 0.91171
vt 0.06913 0.90821
vt 0.08242 0.94394
vt 0.08883 0.93746
vt 0.07667 0.94974
vt 0.11151 0.97344
vt 0.11486 0.96570
vt 0.11870 0.95715
vt 0.15416 0.97342
vt 0.15453 0.96434
vt 0.15383 0.98175
vt 0.19571 0.97322
vt 0.19268 0.96559
vt 0.18943 0.95740
vt 0.22409 0.94393
vt 0.21777 0.93783
vt 0.22998 0.94957
vt 0.24337 0.91252
vt 0.25123 0.91582
vt 0.23482 0.90908
vt 0.24943 0.87470
vt 0.24012 0.87456
vt 0.25788 0.87498
vt 0.24989 0.83277
vt 0.24217 0.83578
vt 0.23357 0.83921
vt 0.21472 0.80935
vt 0.22108 0.80308
vt 0.22664 0.79753
vt 0.19204 0.77421
vt 0.18907 0.78164
vt 0.18563 0.79013
vt 0.13068 0.83069
vt 0.14895 0.82707
vt 0.14815 0.83771
vt 0.13407 0.84041
vt 0.14753 0.84947
vt 0.13628 0.85097
vt 0.12240 0.84752
vt 0.12780 0.85347
vt 0.11536 0.83985
vt 0.10521 0.85507
vt 0.11498 0.85942
vt 0.12526 0.86236
vt 0.11254 0.87376
vt 0.12400 0.87394
vt 0.10188 0.87363
vt 0.10605 0.89213
vt 0.11574 0.88813
vt 0.12606 0.88561
vt 0.12925 0.89467
vt 0.12397 0.90049
vt 0.11701 0.90814
vt 0.13668 0.90883
vt 0.13358 0.91938
vt 0.13828 0.89765
vt 0.15024 0.89966
vt 0.15172 0.91228
vt 0.15306 0.92397
vt 0.16641 0.90981
vt 0.17206 0.92063
vt 0.16210 0.89837
vt 0.17092 0.89595
vt 0.17784 0.90219
vt 0.18697 0.91022
vt 0.19520 0.89441
vt 0.18395 0.89005
vt 0.17242 0.88689
vt 0.18522 0.87529
vt 0.17283 0.87494
vt 0.19695 0.87544
vt 0.19254 0.85605
vt 0.18174 0.86025
vt 0.17065 0.86287
vt 0.16797 0.85365
vt 0.17419 0.84756
vt 0.18272 0.83945
vt 0.16728 0.82930
vt 0.16233 0.83982
vt 0.15902 0.85099
vt 0.13606 0.86244
vt 0.14739 0.86194
vt 0.14787 0.87436
vt 0.13580 0.87416
vt 0.13716 0.88599
vt 0.14888 0.88690
vt 0.16080 0.88657
vt 0.16033 0.87456
vt 0.15912 0.86261
vt 0.10872 0.83258
vt 0.12749 0.82180
vt 0.12435 0.81307
vt 0.10212 0.82539
vt 0.14972 0.81730
vt 0.15044 0.80763
vt 0.09213 0.87356
vt 0.09626 0.85093
vt 0.08236 0.87356
vt 0.08731 0.84694
vt 0.09713 0.89610
vt 0.11034 0.91540
vt 0.08811 0.90008
vt 0.10350 0.92258
vt 0.13045 0.92890
vt 0.15412 0.93435
vt 0.12704 0.93813
vt 0.15479 0.94425
vt 0.17717 0.93021
vt 0.19541 0.91751
vt 0.18174 0.93927
vt 0.20329 0.92433
vt 0.20770 0.87536
vt 0.20547 0.89834
vt 0.21837 0.87509
vt 0.21537 0.90191
vt 0.20270 0.85186
vt 0.19095 0.83174
vt 0.21291 0.84767
vt 0.19899 0.82424
vt 0.17204 0.81963
vt 0.17667 0.81003
vt 0.12085 0.80365
vt 0.09483 0.81780
vt 0.15110 0.79733
vt 0.07173 0.87366
vt 0.07758 0.84289
vt 0.09592 0.93026
vt 0.07828 0.90430
vt 0.12287 0.94789
vt 0.15484 0.95456
vt 0.18594 0.94862
vt 0.21099 0.93130
vt 0.22963 0.87474
vt 0.22553 0.90557
vt 0.22371 0.84326
vt 0.20728 0.81648
vt 0.18143 0.79977
vt 0.07110 0.79427
vt 0.10758 0.77056
vt 0.06697 0.78997
vt 0.10523 0.76473
vt 0.15116 0.76137
vt 0.15098 0.75500
vt 0.03837 0.87380
vt 0.04706 0.83023
vt 0.03237 0.87379
vt 0.04161 0.82788
vt 0.07213 0.95431
vt 0.04741 0.91733
vt 0.06784 0.95858
vt 0.04185 0.91965
vt 0.15366 0.98841
vt 0.10898 0.97947
vt 0.15343 0.99467
vt 0.10655 0.98505
vt 0.23468 0.95406
vt 0.19815 0.97920
vt 0.23927 0.95830
vt 0.20049 0.98491
vt 0.26465 0.87523
vt 0.25743 0.91848
vt 0.27106 0.87548
vt 0.26336 0.92084
vt 0.23090 0.79317
vt 0.25610 0.83036
vt 0.23500 0.78886
vt 0.26195 0.82815
vt 0.19433 0.76846
vt 0.19647 0.76298
vt 0.46521 0.28330
vt 0.42774 0.27485
vt 0.42843 0.26697
vt 0.46880 0.27630
vt 0.50235 0.30366
vt 0.49648 0.30868
vt 0.46086 0.29182
vt 0.48939 0.31461
vt 0.42689 0.28384
vt 0.52111 0.34004
vt 0.51399 0.34228
vt 0.52502 0.38144
vt 0.51731 0.38069
vt 0.50553 0.34503
vt 0.50854 0.37995
vt 0.51338 0.42121
vt 0.50620 0.41756
vt 0.48805 0.45364
vt 0.48262 0.44747
vt 0.49827 0.41349
vt 0.47677 0.44062
vt 0.45115 0.47340
vt 0.44892 0.46564
vt 0.41107 0.46989
vt 0.41022 0.47796
vt 0.41188 0.46101
vt 0.44631 0.45713
vt 0.37089 0.46631
vt 0.37461 0.45913
vt 0.33899 0.44085
vt 0.34545 0.43553
vt 0.37871 0.45115
vt 0.35241 0.42967
vt 0.32069 0.40483
vt 0.32893 0.40234
vt 0.32322 0.36481
vt 0.31501 0.36406
vt 0.33198 0.36559
vt 0.33722 0.39970
vt 0.33278 0.32779
vt 0.32576 0.32414
vt 0.35134 0.29153
vt 0.35646 0.29790
vt 0.34066 0.33189
vt 0.36224 0.30484
vt 0.38753 0.27235
vt 0.38996 0.27993
vt 0.39260 0.28831
vt 0.42288 0.33603
vt 0.42382 0.32461
vt 0.44181 0.32982
vt 0.43677 0.34005
vt 0.45639 0.34157
vt 0.44797 0.34869
vt 0.44158 0.35409
vt 0.43307 0.35078
vt 0.42183 0.34817
vt 0.46535 0.35804
vt 0.45453 0.36126
vt 0.45609 0.37565
vt 0.46745 0.37665
vt 0.44394 0.37461
vt 0.44339 0.36306
vt 0.46217 0.39460
vt 0.45209 0.38955
vt 0.45055 0.40925
vt 0.44347 0.40078
vt 0.43811 0.39437
vt 0.44141 0.38585
vt 0.43415 0.41824
vt 0.43096 0.40734
vt 0.41662 0.40866
vt 0.41560 0.42009
vt 0.41768 0.39650
vt 0.42915 0.39615
vt 0.39770 0.41494
vt 0.40276 0.40481
vt 0.38322 0.40326
vt 0.39161 0.39618
vt 0.39798 0.39081
vt 0.40647 0.39411
vt 0.37433 0.38689
vt 0.38506 0.38367
vt 0.38346 0.36934
vt 0.37203 0.36840
vt 0.39562 0.37037
vt 0.39618 0.38186
vt 0.37720 0.35051
vt 0.38738 0.35549
vt 0.38882 0.33590
vt 0.39596 0.34428
vt 0.40136 0.35064
vt 0.39809 0.35915
vt 0.40522 0.32689
vt 0.40849 0.33767
vt 0.41031 0.34882
vt 0.43217 0.36205
vt 0.43181 0.37357
vt 0.41985 0.37233
vt 0.42083 0.36034
vt 0.43017 0.38493
vt 0.41872 0.38432
vt 0.40738 0.38286
vt 0.40782 0.37141
vt 0.40934 0.36006
vt 0.46437 0.33488
vt 0.44652 0.32050
vt 0.42464 0.31429
vt 0.45103 0.31131
vt 0.42535 0.30428
vt 0.47236 0.32837
vt 0.47777 0.37757
vt 0.47520 0.35492
vt 0.48504 0.35178
vt 0.48780 0.37845
vt 0.45721 0.41725
vt 0.47134 0.39942
vt 0.48026 0.40411
vt 0.46370 0.42503
vt 0.41465 0.43045
vt 0.43726 0.42817
vt 0.44026 0.43780
vt 0.41372 0.44049
vt 0.37535 0.41001
vt 0.39285 0.42412
vt 0.38811 0.43310
vt 0.36771 0.41657
vt 0.36174 0.36763
vt 0.36460 0.39016
vt 0.35526 0.39345
vt 0.35178 0.36699
vt 0.38206 0.32802
vt 0.36791 0.34579
vt 0.35882 0.34120
vt 0.37547 0.32037
vt 0.40201 0.31708
vt 0.39886 0.30754
vt 0.45601 0.30139
vt 0.48109 0.32137
vt 0.42612 0.29375
vt 0.49851 0.37923
vt 0.49564 0.34831
vt 0.47044 0.43311
vt 0.48956 0.40897
vt 0.41277 0.45111
vt 0.44336 0.44781
vt 0.35982 0.42333
vt 0.38325 0.44244
vt 0.34150 0.36632
vt 0.34584 0.39676
vt 0.36862 0.31236
vt 0.34937 0.33641
vt 0.39558 0.29758
vt 0.50677 0.29984
vt 0.47142 0.27131
vt 0.42896 0.26095
vt 0.42950 0.25536
vt 0.47382 0.26681
vt 0.51086 0.29618
vt 0.53114 0.38201
vt 0.52660 0.33836
vt 0.53192 0.33671
vt 0.53698 0.38251
vt 0.49238 0.45845
vt 0.51904 0.42405
vt 0.52432 0.42671
vt 0.49635 0.46286
vt 0.45285 0.47954
vt 0.40946 0.48431
vt 0.45443 0.48522
vt 0.40869 0.49018
vt 0.33387 0.44498
vt 0.36792 0.47197
vt 0.36516 0.47724
vt 0.32920 0.44885
vt 0.31386 0.40681
vt 0.30846 0.36345
vt 0.30755 0.40866
vt 0.30232 0.36283
vt 0.34734 0.28664
vt 0.32022 0.32128
vt 0.31498 0.31854
vt 0.34359 0.28221
vt 0.38564 0.26633
vt 0.38388 0.26069
vt 0.41408 0.02395
vt 0.45574 0.02442
vt 0.45394 0.03133
vt 0.41516 0.03119
vt 0.45197 0.03915
vt 0.41655 0.03953
vt 0.38335 0.05246
vt 0.37859 0.04476
vt 0.37432 0.03811
vt 0.34407 0.06584
vt 0.35070 0.07060
vt 0.35800 0.07595
vt 0.33434 0.10501
vt 0.34317 0.10714
vt 0.32646 0.10312
vt 0.32420 0.14434
vt 0.33214 0.14312
vt 0.34106 0.14181
vt 0.35052 0.17482
vt 0.34311 0.17925
vt 0.33680 0.18316
vt 0.36669 0.21487
vt 0.37139 0.20847
vt 0.37661 0.20123
vt 0.40868 0.21810
vt 0.40654 0.22624
vt 0.40445 0.23339
vt 0.44490 0.23376
vt 0.44373 0.22616
vt 0.44248 0.21786
vt 0.47933 0.21236
vt 0.47477 0.20476
vt 0.48349 0.21923
vt 0.51377 0.19156
vt 0.50735 0.18670
vt 0.50025 0.18141
vt 0.52375 0.15243
vt 0.51519 0.15025
vt 0.53151 0.15447
vt 0.53353 0.11335
vt 0.52561 0.11446
vt 0.51685 0.11572
vt 0.51302 0.07856
vt 0.50537 0.08310
vt 0.51989 0.07449
vt 0.49239 0.04381
vt 0.48752 0.05001
vt 0.48225 0.05676
vt 0.42229 0.08117
vt 0.44114 0.08147
vt 0.43805 0.09352
vt 0.42366 0.09267
vt 0.43508 0.10540
vt 0.42369 0.10400
vt 0.41460 0.10436
vt 0.41031 0.09720
vt 0.40464 0.08776
vt 0.39089 0.10032
vt 0.40008 0.10690
vt 0.41001 0.11224
vt 0.40579 0.12293
vt 0.39399 0.11996
vt 0.38288 0.11716
vt 0.38206 0.13579
vt 0.39325 0.13436
vt 0.40453 0.13436
vt 0.40489 0.14348
vt 0.39773 0.14777
vt 0.38827 0.15341
vt 0.40088 0.16734
vt 0.40742 0.15804
vt 0.41276 0.14809
vt 0.42342 0.15235
vt 0.42046 0.16429
vt 0.41780 0.17616
vt 0.43637 0.17663
vt 0.43484 0.16496
vt 0.43484 0.15360
vt 0.44394 0.15322
vt 0.44821 0.16039
vt 0.45386 0.16982
vt 0.46764 0.15721
vt 0.45847 0.15065
vt 0.44854 0.14532
vt 0.45278 0.13461
vt 0.46458 0.13758
vt 0.47570 0.14036
vt 0.47652 0.12169
vt 0.46532 0.12316
vt 0.45404 0.12318
vt 0.45369 0.11406
vt 0.46084 0.10977
vt 0.47028 0.10409
vt 0.45116 0.09949
vt 0.45782 0.09005
vt 0.44581 0.10947
vt 0.42090 0.11493
vt 0.43210 0.11723
vt 0.42926 0.12889
vt 0.41761 0.12592
vt 0.41544 0.13716
vt 0.42641 0.14054
vt 0.43766 0.14264
vt 0.44096 0.13163
vt 0.44313 0.12039
vt 0.39926 0.07886
vt 0.42094 0.07025
vt 0.39401 0.07017
vt 0.41960 0.05966
vt 0.44407 0.07008
vt 0.44687 0.05919
vt 0.37282 0.11461
vt 0.38253 0.09411
vt 0.36299 0.11208
vt 0.37435 0.08803
vt 0.37180 0.13727
vt 0.37893 0.15879
vt 0.36165 0.13873
vt 0.36941 0.16410
vt 0.39478 0.17592
vt 0.41548 0.18712
vt 0.38879 0.18442
vt 0.41332 0.19780
vt 0.45919 0.17871
vt 0.43801 0.18749
vt 0.46438 0.18735
vt 0.43959 0.19794
vt 0.48574 0.14287
vt 0.47594 0.16337
vt 0.49549 0.14530
vt 0.48402 0.16936
vt 0.47919 0.09876
vt 0.48676 0.12016
vt 0.48788 0.09358
vt 0.49673 0.11868
vt 0.46420 0.08119
vt 0.47032 0.07270
vt 0.38855 0.06106
vt 0.41809 0.04902
vt 0.44963 0.04839
vt 0.35277 0.10950
vt 0.36591 0.08176
vt 0.35096 0.14031
vt 0.35945 0.16969
vt 0.38251 0.19319
vt 0.41099 0.20864
vt 0.46977 0.19637
vt 0.44114 0.20850
vt 0.50567 0.14785
vt 0.49243 0.17560
vt 0.49691 0.08815
vt 0.50715 0.11714
vt 0.47651 0.06426
vt 0.41339 0.01845
vt 0.37101 0.03309
vt 0.41277 0.01340
vt 0.36796 0.02848
vt 0.45724 0.01900
vt 0.45872 0.01377
vt 0.32023 0.10165
vt 0.33880 0.06213
vt 0.31445 0.10026
vt 0.33406 0.05874
vt 0.31804 0.14528
vt 0.33190 0.18635
vt 0.32710 0.18945
vt 0.31225 0.14613
vt 0.40281 0.23890
vt 0.36302 0.21987
vt 0.40123 0.24437
vt 0.35949 0.22451
vt 0.48678 0.22462
vt 0.44586 0.23983
vt 0.48989 0.22972
vt 0.44682 0.24561
vt 0.53769 0.15617
vt 0.51898 0.19557
vt 0.54357 0.15780
vt 0.52403 0.19950
vt 0.52510 0.07128
vt 0.53976 0.11253
vt 0.53002 0.06826
vt 0.54558 0.11176
vt 0.49623 0.03885
vt 0.49984 0.03418
vt 0.14048 0.28580
vt 0.14156 0.27790
vt 0.18049 0.29064
vt 0.17646 0.29756
vt 0.20517 0.32210
vt 0.21160 0.31717
vt 0.19808 0.32738
vt 0.17201 0.30509
vt 0.13927 0.29448
vt 0.22985 0.35382
vt 0.22202 0.35601
vt 0.23222 0.39522
vt 0.22416 0.39432
vt 0.21342 0.35822
vt 0.21529 0.39316
vt 0.21787 0.43469
vt 0.21090 0.43075
vt 0.19034 0.46587
vt 0.18561 0.45961
vt 0.20326 0.42628
vt 0.18033 0.45252
vt 0.15294 0.48319
vt 0.15093 0.47535
vt 0.11175 0.48550
vt 0.11293 0.47770
vt 0.14883 0.46693
vt 0.11415 0.46906
vt 0.07562 0.46464
vt 0.07130 0.47124
vt 0.04686 0.43835
vt 0.04013 0.44276
vt 0.05407 0.43319
vt 0.08024 0.45716
vt 0.03156 0.40306
vt 0.02356 0.40455
vt 0.03064 0.36610
vt 0.02276 0.36455
vt 0.04030 0.40106
vt 0.03951 0.36757
vt 0.03768 0.32906
vt 0.04454 0.33321
vt 0.06513 0.29935
vt 0.06988 0.30568
vt 0.05219 0.33770
vt 0.07513 0.31265
vt 0.10315 0.28862
vt 0.10117 0.28094
vt 0.10540 0.29721
vt 0.14684 0.34829
vt 0.13348 0.34502
vt 0.13472 0.33377
vt 0.15211 0.33852
vt 0.15793 0.35658
vt 0.16665 0.34996
vt 0.15117 0.36188
vt 0.14272 0.35893
vt 0.13184 0.35714
vt 0.16418 0.36914
vt 0.17522 0.36644
vt 0.17625 0.38564
vt 0.16487 0.38401
vt 0.15261 0.37087
vt 0.15244 0.38276
vt 0.16932 0.40449
vt 0.15958 0.39871
vt 0.14968 0.41049
vt 0.15614 0.41948
vt 0.14473 0.40369
vt 0.14893 0.39467
vt 0.13610 0.41676
vt 0.13882 0.42773
vt 0.11886 0.42869
vt 0.12052 0.41731
vt 0.12260 0.40522
vt 0.13508 0.40540
vt 0.09993 0.42126
vt 0.10578 0.41143
vt 0.08558 0.40722
vt 0.09483 0.40104
vt 0.10214 0.39674
vt 0.11067 0.40122
vt 0.07877 0.39024
vt 0.09008 0.38835
vt 0.07994 0.37335
vt 0.09118 0.37541
vt 0.10174 0.38815
vt 0.10326 0.37773
vt 0.08777 0.35814
vt 0.09736 0.36368
vt 0.10040 0.34569
vt 0.10696 0.35398
vt 0.10762 0.36785
vt 0.11179 0.36012
vt 0.11963 0.34758
vt 0.11680 0.33696
vt 0.12071 0.35840
vt 0.14113 0.37017
vt 0.13984 0.38184
vt 0.12997 0.36932
vt 0.12767 0.38122
vt 0.13730 0.39374
vt 0.12509 0.39307
vt 0.11323 0.39050
vt 0.11555 0.37976
vt 0.11876 0.36916
vt 0.15710 0.32997
vt 0.17468 0.34407
vt 0.13574 0.32373
vt 0.13675 0.31402
vt 0.16200 0.32173
vt 0.18240 0.33854
vt 0.18503 0.36422
vt 0.18626 0.38755
vt 0.19444 0.36229
vt 0.19585 0.38957
vt 0.17794 0.41019
vt 0.16222 0.42788
vt 0.18627 0.41568
vt 0.16817 0.43605
vt 0.11760 0.43897
vt 0.14148 0.43776
vt 0.14395 0.44750
vt 0.11651 0.44899
vt 0.07738 0.41367
vt 0.09482 0.43046
vt 0.09005 0.43947
vt 0.06966 0.42023
vt 0.06978 0.37171
vt 0.06876 0.39264
vt 0.05926 0.39537
vt 0.05983 0.37030
vt 0.09405 0.33750
vt 0.07882 0.35289
vt 0.06997 0.34782
vt 0.08774 0.32929
vt 0.11386 0.32708
vt 0.11094 0.31732
vt 0.16717 0.31315
vt 0.19048 0.33282
vt 0.13799 0.30393
vt 0.20421 0.36027
vt 0.20585 0.39156
vt 0.19503 0.42122
vt 0.17443 0.44457
vt 0.11535 0.45941
vt 0.14648 0.45761
vt 0.06165 0.42706
vt 0.08505 0.44871
vt 0.04936 0.36891
vt 0.04950 0.39839
vt 0.08118 0.32060
vt 0.06073 0.34257
vt 0.10804 0.30692
vt 0.21661 0.31325
vt 0.18362 0.28519
vt 0.14238 0.27170
vt 0.18652 0.28005
vt 0.14312 0.26593
vt 0.22125 0.30952
vt 0.23854 0.39584
vt 0.23597 0.35201
vt 0.24164 0.35024
vt 0.24447 0.39638
vt 0.19408 0.47069
vt 0.22336 0.43772
vt 0.22855 0.44053
vt 0.19763 0.47529
vt 0.11076 0.49163
vt 0.15457 0.48938
vt 0.15606 0.49508
vt 0.10977 0.49739
vt 0.06778 0.47643
vt 0.03480 0.44602
vt 0.06442 0.48122
vt 0.02965 0.44896
vt 0.01722 0.40554
vt 0.01662 0.36316
vt 0.01126 0.40628
vt 0.01086 0.36180
vt 0.06139 0.29432
vt 0.03232 0.32571
vt 0.02740 0.32249
vt 0.05792 0.28963
vt 0.09963 0.27488
vt 0.09819 0.26924
vt 0.03211 0.08788
vt 0.05659 0.05514
vt 0.06186 0.06102
vt 0.03912 0.09105
vt 0.04670 0.09441
vt 0.06755 0.06750
vt 0.03685 0.12719
vt 0.02884 0.12726
vt 0.02143 0.12724
vt 0.03375 0.16450
vt 0.02701 0.16761
vt 0.04112 0.16103
vt 0.05978 0.19090
vt 0.05421 0.19722
vt 0.04913 0.20290
vt 0.08694 0.21955
vt 0.08418 0.22695
vt 0.08999 0.21139
vt 0.12557 0.21941
vt 0.12558 0.22830
vt 0.12552 0.23631
vt 0.16346 0.22207
vt 0.16638 0.22944
vt 0.16023 0.21383
vt 0.19692 0.20073
vt 0.19123 0.19380
vt 0.20206 0.20687
vt 0.22733 0.17092
vt 0.22041 0.16697
vt 0.21262 0.16244
vt 0.22799 0.12709
vt 0.21933 0.12560
vt 0.23578 0.12842
vt 0.22628 0.08781
vt 0.21890 0.08970
vt 0.21085 0.09181
vt 0.19699 0.06176
vt 0.19053 0.06746
vt 0.20290 0.05659
vt 0.17028 0.03796
vt 0.16673 0.04534
vt 0.16273 0.05352
vt 0.13112 0.03890
vt 0.13067 0.04847
vt 0.13141 0.03032
vt 0.09164 0.03608
vt 0.09436 0.04396
vt 0.09734 0.05280
vt 0.09187 0.11586
vt 0.08155 0.11056
vt 0.09372 0.09781
vt 0.10145 0.10623
vt 0.10170 0.12231
vt 0.10997 0.11504
vt 0.09617 0.12920
vt 0.08717 0.12845
vt 0.07561 0.12775
vt 0.08909 0.14225
vt 0.07769 0.14610
vt 0.10026 0.13727
vt 0.09719 0.15484
vt 0.10738 0.14689
vt 0.08800 0.16246
vt 0.10520 0.17397
vt 0.11041 0.16385
vt 0.11738 0.15458
vt 0.12606 0.16779
vt 0.12639 0.15939
vt 0.12573 0.17884
vt 0.14623 0.17516
vt 0.14196 0.16470
vt 0.13587 0.15498
vt 0.14629 0.14704
vt 0.15532 0.15527
vt 0.16359 0.16325
vt 0.17473 0.14473
vt 0.16397 0.14110
vt 0.15378 0.13660
vt 0.15820 0.12786
vt 0.16679 0.12631
vt 0.17812 0.12458
vt 0.16306 0.11378
vt 0.17344 0.10765
vt 0.15336 0.12112
vt 0.15434 0.10475
vt 0.14580 0.11410
vt 0.16214 0.09595
vt 0.14638 0.09000
vt 0.14203 0.09989
vt 0.13620 0.10923
vt 0.12827 0.09844
vt 0.12806 0.10592
vt 0.12866 0.08844
vt 0.11434 0.10066
vt 0.11036 0.09094
vt 0.11985 0.10968
vt 0.10974 0.13054
vt 0.11871 0.12358
vt 0.11773 0.13926
vt 0.12766 0.13158
vt 0.12707 0.14706
vt 0.13694 0.13918
vt 0.14521 0.13004
vt 0.13690 0.12316
vt 0.12791 0.11687
vt 0.07232 0.10603
vt 0.06512 0.12730
vt 0.06364 0.10191
vt 0.05533 0.12707
vt 0.08045 0.08257
vt 0.08693 0.09011
vt 0.08015 0.16950
vt 0.06765 0.14962
vt 0.05838 0.15324
vt 0.07298 0.17648
vt 0.10096 0.18341
vt 0.12555 0.18918
vt 0.09714 0.19268
vt 0.12545 0.19919
vt 0.17095 0.17071
vt 0.14979 0.18490
vt 0.17793 0.17821
vt 0.15322 0.19449
vt 0.18458 0.14837
vt 0.18876 0.12355
vt 0.19903 0.12340
vt 0.19406 0.15250
vt 0.16919 0.08818
vt 0.18301 0.10258
vt 0.17612 0.08095
vt 0.19231 0.09824
vt 0.12909 0.07876
vt 0.15013 0.08079
vt 0.12955 0.06906
vt 0.15397 0.07184
vt 0.10702 0.08171
vt 0.10384 0.07242
vt 0.05485 0.09797
vt 0.04559 0.12706
vt 0.07375 0.07472
vt 0.04922 0.15722
vt 0.06599 0.18390
vt 0.09340 0.20239
vt 0.12546 0.20966
vt 0.18492 0.18621
vt 0.15678 0.20455
vt 0.20964 0.12418
vt 0.20379 0.15745
vt 0.18350 0.07379
vt 0.20196 0.09451
vt 0.13011 0.05860
vt 0.15834 0.06246
vt 0.10052 0.06243
vt 0.02654 0.08532
vt 0.01545 0.12718
vt 0.00964 0.12699
vt 0.02127 0.08281
vt 0.05248 0.05056
vt 0.04869 0.04629
vt 0.02160 0.17004
vt 0.04505 0.20737
vt 0.01631 0.17230
vt 0.04106 0.21164
vt 0.08198 0.23282
vt 0.12546 0.24260
vt 0.07987 0.23833
vt 0.12539 0.24845
vt 0.20611 0.21159
vt 0.16866 0.23523
vt 0.20999 0.21596
vt 0.17079 0.24069
vt 0.24188 0.12941
vt 0.23272 0.17392
vt 0.24770 0.13011
vt 0.23782 0.17663
vt 0.20750 0.05251
vt 0.23218 0.08627
vt 0.21171 0.04843
vt 0.23779 0.08452
vt 0.13169 0.02372
vt 0.17299 0.03224
vt 0.13193 0.01773
vt 0.17531 0.02685
vt 0.08958 0.02986
vt 0.08770 0.02418
# 1850 texture verticies
vn -0.64903 0.59066 -0.47946
vn -0.85310 0.45065 -0.26294
vn -0.71246 0.69726 -0.07893
vn -0.53872 0.77532 -0.32964
vn -0.46479 0.88273 0.06893
vn -0.34792 0.91465 -0.20582
vn -0.23003 0.76026 -0.60753
vn -0.13643 0.82672 -0.54581
vn -0.28615 0.67317 -0.68188
vn -0.12108 0.97624 0.17968
vn -0.07679 0.98947 -0.12269
vn 0.20854 0.95994 0.18713
vn 0.21990 0.97024 -0.10135
vn -0.00027 0.86308 -0.50506
vn 0.14978 0.84116 -0.51963
vn 0.53230 0.83697 0.12707
vn 0.43441 0.87967 -0.19358
vn 0.59957 0.74923 -0.28139
vn 0.75429 0.65649 -0.00789
vn 0.27956 0.78812 -0.54837
vn 0.31176 0.72748 -0.61121
vn 0.72616 0.56260 -0.39518
vn 0.88535 0.43738 -0.15763
vn 0.88267 0.20215 -0.42430
vn 0.71420 0.34366 -0.60976
vn 0.41325 0.54617 -0.72865
vn 0.34844 0.68012 -0.64501
vn 0.75211 -0.04400 -0.65756
vn 0.59119 0.17482 -0.78736
vn 0.53301 -0.24052 -0.81120
vn 0.44555 -0.04494 -0.89413
vn 0.28154 0.32983 -0.90108
vn 0.30699 0.47729 -0.82338
vn 0.22620 -0.37764 -0.89790
vn 0.17632 -0.07078 -0.98178
vn -0.14300 -0.37827 -0.91458
vn -0.13747 -0.11480 -0.98383
vn -0.02508 0.28795 -0.95732
vn 0.13132 0.31856 -0.93876
vn -0.44562 -0.23866 -0.86283
vn -0.32991 0.04632 -0.94288
vn -0.53015 0.14247 -0.83585
vn -0.69923 -0.09627 -0.70838
vn -0.23239 0.43644 -0.86920
vn -0.11310 0.43553 -0.89304
vn -0.70161 0.32122 -0.63606
vn -0.87234 0.14088 -0.46816
vn -0.36690 0.51924 -0.77187
vn 0.32076 0.55327 -0.76877
vn 0.39238 0.52306 -0.75661
vn 0.35040 0.40905 -0.84255
vn 0.26689 0.47516 -0.83844
vn 0.23629 0.33980 -0.91033
vn 0.20080 0.40945 -0.88996
vn 0.21192 0.51418 -0.83109
vn 0.16832 0.46833 -0.86737
vn 0.24911 0.58878 -0.76895
vn 0.09084 0.30454 -0.94816
vn 0.08783 0.37501 -0.92285
vn -0.05514 0.29666 -0.95339
vn -0.03308 0.38827 -0.92095
vn 0.07144 0.46586 -0.88197
vn -0.01929 0.46186 -0.88675
vn -0.18226 0.32577 -0.92772
vn -0.12355 0.42856 -0.89502
vn -0.28141 0.43972 -0.85291
vn -0.20935 0.49172 -0.84521
vn -0.08772 0.47889 -0.87348
vn -0.16031 0.51718 -0.84073
vn -0.24435 0.57165 -0.78327
vn -0.33004 0.55346 -0.76470
vn -0.24425 0.64856 -0.72091
vn -0.34903 0.63788 -0.68651
vn -0.19155 0.65039 -0.73505
vn -0.19286 0.58781 -0.78568
vn -0.21185 0.72645 -0.65375
vn -0.29885 0.74852 -0.59195
vn -0.12657 0.80365 -0.58149
vn -0.18921 0.82987 -0.52489
vn -0.10222 0.77343 -0.62559
vn -0.15918 0.70167 -0.69449
vn -0.02445 0.82251 -0.56822
vn -0.04864 0.87366 -0.48410
vn 0.09679 0.82371 -0.55868
vn 0.10707 0.87999 -0.46276
vn 0.07535 0.79012 -0.60830
vn 0.00018 0.79376 -0.60823
vn 0.22190 0.82515 -0.51951
vn 0.20039 0.79054 -0.57870
vn 0.32381 0.76362 -0.55860
vn 0.27030 0.73056 -0.62708
vn 0.24059 0.71603 -0.65530
vn 0.15874 0.75282 -0.63879
vn 0.37505 0.64221 -0.66850
vn 0.30339 0.64916 -0.69752
vn 0.23591 0.66413 -0.70942
vn 0.12201 0.53262 -0.83751
vn 0.01064 0.52906 -0.84852
vn 0.04586 0.63587 -0.77043
vn 0.17080 0.61546 -0.76944
vn -0.07628 0.56822 -0.81933
vn -0.10480 0.64698 -0.75527
vn -0.04059 0.72681 -0.68564
vn 0.07827 0.73223 -0.67654
vn 0.16232 0.68900 -0.70635
vn 0.26461 0.30880 -0.91358
vn 0.36884 0.39450 -0.84162
vn 0.42732 0.50546 -0.74961
vn 0.28597 0.47396 -0.83282
vn 0.33291 0.55908 -0.75934
vn 0.20434 0.42152 -0.88350
vn -0.05723 0.29294 -0.95442
vn 0.10300 0.27647 -0.95549
vn 0.09834 0.38790 -0.91644
vn -0.02350 0.37753 -0.92570
vn -0.30005 0.39804 -0.86691
vn -0.18775 0.32686 -0.92623
vn -0.10828 0.41412 -0.90376
vn -0.17882 0.49319 -0.85134
vn -0.37965 0.51548 -0.76821
vn -0.37721 0.64452 -0.66506
vn -0.27795 0.56350 -0.77795
vn -0.25990 0.66645 -0.69878
vn -0.32885 0.75486 -0.56749
vn -0.20652 0.84350 -0.49584
vn -0.20891 0.73631 -0.64359
vn -0.12557 0.80390 -0.58136
vn -0.05486 0.89451 -0.44367
vn 0.10612 0.88624 -0.45092
vn -0.01977 0.82793 -0.56048
vn 0.08171 0.80723 -0.58456
vn 0.25280 0.84477 -0.47166
vn 0.35315 0.75931 -0.54656
vn 0.20359 0.80730 -0.55391
vn 0.23545 0.73254 -0.63871
vn 0.43548 0.64215 -0.63087
vn 0.30675 0.65767 -0.68802
vn 0.07197 0.61352 -0.78639
vn 0.08125 0.61950 -0.78078
vn 0.09956 0.63456 -0.76643
vn 0.05274 0.59937 -0.79873
vn 0.06476 0.59906 -0.79808
vn 0.03203 0.61155 -0.79056
vn 0.04920 0.59411 -0.80288
vn -0.04870 0.63951 -0.76724
vn 0.01301 0.66025 -0.75093
vn 0.01693 0.66410 -0.74745
vn 0.03743 0.66187 -0.74868
vn 0.05154 0.64057 -0.76617
vn 0.03778 0.64365 -0.76439
vn 0.07748 0.69280 -0.71696
vn 0.07162 0.64401 -0.76165
vn 0.03817 0.63162 -0.77434
vn -0.53385 0.78805 0.30656
vn -0.79694 0.59219 0.11914
vn -0.95161 0.29299 -0.09266
vn -0.86845 0.41103 0.27721
vn -0.98767 0.12336 0.09642
vn -0.61695 0.63745 0.46155
vn 0.25443 0.86665 0.42917
vn -0.14847 0.88937 0.43241
vn -0.23453 0.74191 0.62814
vn 0.22324 0.71241 0.66530
vn 0.58641 0.70973 0.39040
vn 0.81267 0.54020 0.21851
vn 0.57722 0.55958 0.59472
vn 0.81544 0.39732 0.42095
vn 0.96755 0.03725 -0.24992
vn 0.95397 0.29734 0.03902
vn 0.96411 0.15709 0.21403
vn 0.99007 -0.11786 -0.07656
vn 0.58280 -0.48030 -0.65548
vn 0.83498 -0.25747 -0.48634
vn 0.85094 -0.42243 -0.31217
vn 0.58743 -0.64388 -0.49025
vn -0.16926 -0.60578 -0.77742
vn 0.23214 -0.60273 -0.76343
vn 0.26821 -0.75817 -0.59434
vn -0.11217 -0.78199 -0.61312
vn -0.50930 -0.45533 -0.73026
vn -0.80156 -0.27679 -0.52999
vn -0.51418 -0.64972 -0.55990
vn -0.78513 -0.46958 -0.40380
vn -0.94331 0.01162 -0.33170
vn -0.97146 -0.15906 -0.17598
vn -0.75017 0.07763 0.65667
vn -0.87364 -0.15655 0.46069
vn -0.69547 -0.33797 0.63410
vn -0.58176 -0.15977 0.79751
vn -0.37222 -0.52698 0.76403
vn -0.27368 -0.49165 0.82667
vn -0.26833 -0.29891 0.91578
vn -0.38152 0.02271 0.92408
vn -0.49507 0.24624 0.83323
vn -0.14306 0.29579 0.94448
vn -0.11707 0.03628 0.99246
vn -0.06915 -0.34955 0.93436
vn 0.13217 0.00323 0.99122
vn 0.03845 -0.35870 0.93266
vn 0.18813 0.26301 0.94627
vn 0.45819 0.19375 0.86748
vn 0.33315 -0.05978 0.94098
vn 0.12630 -0.38835 0.91282
vn 0.51192 -0.19322 0.83702
vn 0.15148 -0.49830 0.85367
vn 0.67728 0.04838 0.73413
vn 0.80637 -0.17877 0.56374
vn 0.63749 -0.37090 0.67531
vn 0.27924 -0.54541 0.79029
vn 0.30305 -0.65222 0.69481
vn 0.66282 -0.55739 0.49999
vn 0.84725 -0.42724 0.31566
vn 0.56181 -0.75396 0.34046
vn 0.72808 -0.67835 0.09868
vn 0.27171 -0.74568 0.60840
vn 0.17930 -0.81286 0.55417
vn 0.37473 -0.89758 0.23221
vn 0.49760 -0.86550 -0.05756
vn 0.12622 -0.98717 0.09780
vn 0.17819 -0.96366 -0.19902
vn 0.03521 -0.87595 0.48112
vn -0.16626 -0.97705 0.13314
vn -0.13469 -0.87359 0.46765
vn -0.18640 -0.97019 -0.15487
vn -0.49997 -0.86403 -0.05909
vn -0.38480 -0.89451 0.22755
vn -0.18808 -0.78594 0.58900
vn -0.38556 -0.75488 0.53057
vn -0.61875 -0.74654 0.24460
vn -0.74254 -0.66548 0.07593
vn -0.86559 -0.43326 0.25108
vn -0.70094 -0.54941 0.45478
vn -0.37062 -0.62836 0.68396
vn 0.26969 -0.76401 0.58613
vn 0.32522 -0.65259 0.68436
vn 0.24450 -0.66102 0.70942
vn 0.15944 -0.74574 0.64687
vn 0.14962 -0.66465 0.73202
vn 0.10133 -0.73187 0.67386
vn 0.06901 -0.80692 0.58661
vn 0.05188 -0.77987 0.62379
vn 0.12292 -0.85516 0.50359
vn -0.02978 -0.88876 0.45740
vn -0.03532 -0.83923 0.54263
vn -0.03091 -0.79931 0.60012
vn -0.14437 -0.84450 0.51572
vn -0.11455 -0.80415 0.58328
vn -0.18174 -0.87767 0.44346
vn -0.30636 -0.83870 0.45025
vn -0.24438 -0.80659 0.53823
vn -0.20046 -0.76129 0.61664
vn -0.27716 -0.73282 0.62142
vn -0.33090 -0.75719 0.56318
vn -0.41608 -0.76977 0.48407
vn -0.37032 -0.67664 0.63642
vn -0.45857 -0.67381 0.57940
vn -0.26752 -0.69086 0.67167
vn -0.28093 -0.60493 0.74507
vn -0.37493 -0.58612 0.71826
vn -0.44306 -0.56533 0.69578
vn -0.29784 -0.50377 0.81086
vn -0.38368 -0.43741 0.81330
vn -0.22466 -0.52784 0.81910
vn -0.20682 -0.47289 0.85650
vn -0.22739 -0.43866 0.86941
vn -0.27636 -0.35593 0.89271
vn -0.11785 -0.40909 0.90485
vn -0.13616 -0.30335 0.94310
vn -0.11157 -0.47543 0.87265
vn -0.00510 -0.47089 0.88218
vn 0.00994 -0.40043 0.91627
vn 0.03130 -0.28629 0.95763
vn 0.14780 -0.37496 0.91518
vn 0.11812 -0.44713 0.88663
vn 0.05445 -0.49497 0.86720
vn 0.16843 -0.51859 0.83827
vn 0.20596 -0.48832 0.84801
vn 0.26193 -0.42743 0.86527
vn 0.31592 -0.54212 0.77865
vn 0.24168 -0.57399 0.78239
vn 0.15823 -0.60607 0.77952
vn 0.02837 -0.74128 0.67059
vn 0.08614 -0.66636 0.74063
vn -0.05459 -0.64801 0.75967
vn -0.08976 -0.74633 0.65950
vn -0.19484 -0.70462 0.68231
vn -0.19236 -0.63121 0.75138
vn -0.13404 -0.54016 0.83082
vn -0.02132 -0.53503 0.84456
vn 0.06689 -0.57970 0.81208
vn 0.14064 -0.86138 0.48810
vn 0.28202 -0.76478 0.57929
vn 0.09246 -0.79835 0.59505
vn 0.20638 -0.74120 0.63878
vn 0.33096 -0.65821 0.67618
vn 0.24909 -0.65338 0.71488
vn -0.18437 -0.88049 0.43675
vn -0.01381 -0.90295 0.42953
vn -0.14257 -0.82184 0.55160
vn -0.02849 -0.82372 0.56629
vn -0.33152 -0.83863 0.43220
vn -0.41374 -0.76736 0.48988
vn -0.27068 -0.79041 0.54954
vn -0.33967 -0.74565 0.57327
vn -0.46546 -0.67499 0.57249
vn -0.47183 -0.54603 0.69226
vn -0.34568 -0.68358 0.64283
vn -0.33601 -0.59760 0.72799
vn -0.40328 -0.41855 0.81374
vn -0.28926 -0.31819 0.90282
vn -0.29625 -0.49166 0.81885
vn -0.21833 -0.41010 0.88552
vn -0.13811 -0.26544 0.95418
vn 0.03511 -0.26866 0.96260
vn -0.10756 -0.36158 0.92612
vn 0.00796 -0.40074 0.91616
vn 0.19606 -0.30387 0.93232
vn 0.30853 -0.40156 0.86230
vn 0.14875 -0.37860 0.91353
vn 0.21286 -0.47930 0.85145
vn 0.34275 -0.52697 0.77770
vn 0.21992 -0.56917 0.79226
vn -0.02674 -0.65282 0.75704
vn 0.02155 -0.66768 0.74414
vn -0.00315 -0.63385 0.77345
vn -0.07246 -0.65094 0.75566
vn -0.03870 -0.66315 0.74748
vn -0.14601 -0.68185 0.71677
vn -0.10198 -0.65288 0.75056
vn -0.09774 -0.66418 0.74115
vn -0.09917 -0.64938 0.75397
vn -0.08949 -0.61403 0.78419
vn -0.06656 -0.59458 0.80128
vn -0.04813 -0.59351 0.80339
vn -0.04826 -0.64597 0.76184
vn 0.01563 -0.57124 0.82063
vn -0.02903 -0.62983 0.77619
vn -0.04750 -0.62563 0.77867
vn -0.54878 0.46829 0.69249
vn -0.81977 0.26979 0.50517
vn -0.95597 0.00366 0.29345
vn 0.22822 0.49365 0.83918
vn -0.15747 0.53476 0.83020
vn 0.77175 0.23689 0.59016
vn 0.53451 0.38696 0.75137
vn 0.91850 -0.00243 0.39542
vn 0.96107 -0.26031 0.09269
vn 0.82236 -0.55274 -0.13495
vn 0.56488 -0.76383 -0.31221
vn -0.18960 -0.88691 -0.42123
vn 0.21390 -0.86432 -0.45518
vn -0.79326 -0.58688 -0.16222
vn -0.52953 -0.77463 -0.34575
vn -0.94961 -0.30558 0.06979
vn 0.84544 0.47202 0.24984
vn 0.94428 0.32135 0.07113
vn 0.79749 0.59458 -0.10243
vn 0.70617 0.69013 0.15827
vn 0.55284 0.81544 -0.17155
vn 0.49854 0.85980 0.11050
vn 0.46224 0.71861 0.51955
vn 0.35490 0.79246 0.49604
vn 0.61047 0.57501 0.54469
vn 0.22195 0.95906 -0.17589
vn 0.23194 0.96482 0.12379
vn -0.08571 0.99252 -0.08693
vn -0.00266 0.97962 0.20083
vn 0.21980 0.83901 0.49775
vn 0.11618 0.83033 0.54503
vn -0.35431 0.93445 0.03565
vn -0.20739 0.93344 0.29272
vn -0.61659 0.76397 0.19017
vn -0.45408 0.79740 0.39744
vn -0.14125 0.78537 0.60270
vn 0.04917 0.79905 0.59925
vn -0.74697 0.52006 0.41422
vn -0.45348 0.65345 0.60610
vn -0.53011 0.43411 0.72837
vn -0.74043 0.24382 0.62635
vn -0.13019 0.59256 0.79493
vn -0.05276 0.67419 0.73667
vn -0.45600 0.15439 0.87649
vn -0.64361 -0.06257 0.76279
vn -0.33737 -0.22516 0.91405
vn -0.18515 0.03482 0.98209
vn -0.13243 0.42500 0.89545
vn 0.04009 0.37991 0.92415
vn -0.04189 -0.35726 0.93307
vn 0.04402 -0.06918 0.99663
vn 0.29266 -0.38979 0.87316
vn 0.30956 -0.09182 0.94644
vn 0.15402 0.32819 0.93197
vn 0.28494 0.31584 0.90501
vn 0.59967 -0.33054 0.72879
vn 0.54850 -0.03156 0.83555
vn 0.82732 -0.16103 0.53815
vn 0.72168 0.10089 0.68483
vn 0.40412 0.35286 0.84390
vn 0.47381 0.42154 0.77318
vn 0.94724 0.05514 0.31576
vn 0.82001 0.26881 0.50530
vn 0.50777 0.49568 0.70461
vn -0.07871 0.57973 0.81100
vn -0.15700 0.56334 0.81117
vn -0.09536 0.44930 0.88828
vn -0.01555 0.48988 0.87165
vn 0.01077 0.35721 0.93396
vn 0.05160 0.41469 0.90850
vn 0.07029 0.46473 0.88266
vn 0.03948 0.53791 0.84208
vn 0.00914 0.60352 0.79729
vn 0.15552 0.26889 0.95053
vn 0.16640 0.37058 0.91377
vn 0.28630 0.25161 0.92451
vn 0.26181 0.34492 0.90138
vn 0.25383 0.43758 0.86261
vn 0.16503 0.46456 0.87003
vn 0.36003 0.38206 0.85112
vn 0.40845 0.26961 0.87205
vn 0.45096 0.43300 0.78048
vn 0.51654 0.35090 0.78106
vn 0.40086 0.49533 0.77069
vn 0.32922 0.47919 0.81363
vn 0.54527 0.48412 0.68433
vn 0.44762 0.52948 0.72062
vn 0.48175 0.60212 0.63668
vn 0.56552 0.58531 0.58103
vn 0.40630 0.60371 0.68590
vn 0.40498 0.55292 0.72820
vn 0.49279 0.70620 0.50838
vn 0.42146 0.69780 0.57917
vn 0.40008 0.79732 0.45190
vn 0.35419 0.77572 0.52231
vn 0.31785 0.73797 0.59529
vn 0.36500 0.67057 0.64584
vn 0.25066 0.85007 0.46320
vn 0.24376 0.79604 0.55399
vn 0.13035 0.82312 0.55271
vn 0.08910 0.86586 0.49229
vn 0.15746 0.77070 0.61743
vn 0.23714 0.75095 0.61631
vn -0.02629 0.84069 0.54088
vn 0.03939 0.79413 0.60646
vn -0.11433 0.77051 0.62709
vn -0.03939 0.74594 0.66484
vn 0.02016 0.71915 0.69456
vn 0.09080 0.75087 0.65418
vn -0.06540 0.67825 0.73192
vn -0.16853 0.68039 0.71321
vn 0.01115 0.65997 0.75121
vn 0.13713 0.54082 0.82988
vn 0.23784 0.52595 0.81658
vn 0.21040 0.61930 0.75644
vn 0.08665 0.61326 0.78512
vn 0.33082 0.54416 0.77101
vn 0.33514 0.61499 0.71377
vn 0.27288 0.69652 0.66362
vn 0.18275 0.71578 0.67399
vn 0.08954 0.68513 0.72289
vn -0.00808 0.33104 0.94358
vn -0.11424 0.43089 0.89515
vn -0.16229 0.55591 0.81524
vn -0.03697 0.48874 0.87164
vn -0.05442 0.58471 0.80941
vn 0.03563 0.41077 0.91104
vn 0.29389 0.19962 0.93476
vn 0.15672 0.25224 0.95489
vn 0.17074 0.36180 0.91649
vn 0.28114 0.31282 0.90725
vn 0.40750 0.25907 0.87569
vn 0.51714 0.35325 0.77960
vn 0.36068 0.36974 0.85627
vn 0.41716 0.45654 0.78584
vn 0.59029 0.45279 0.66824
vn 0.55553 0.57838 0.59738
vn 0.50526 0.50062 0.70292
vn 0.43528 0.60106 0.67027
vn 0.39923 0.80601 0.43700
vn 0.48486 0.70709 0.51472
vn 0.41746 0.68615 0.59576
vn 0.33735 0.76093 0.55424
vn 0.09828 0.88955 0.44615
vn 0.27387 0.87328 0.40296
vn 0.25566 0.81003 0.52773
vn 0.14274 0.83433 0.53247
vn -0.14610 0.78510 0.60190
vn -0.04489 0.85234 0.52106
vn 0.03577 0.80492 0.59231
vn -0.05899 0.76194 0.64495
vn -0.16077 0.68769 0.70798
vn -0.08700 0.67177 0.73563
vn 0.17993 0.60180 0.77811
vn 0.17353 0.61748 0.76721
vn 0.23008 0.62180 0.74862
vn 0.23211 0.52995 0.81565
vn 0.19312 0.58380 0.78859
vn 0.24822 0.58251 0.77399
vn 0.20376 0.62266 0.75549
vn 0.28882 0.59233 0.75215
vn 0.20554 0.62215 0.75544
vn 0.22979 0.64059 0.73269
vn 0.22309 0.62000 0.75222
vn 0.21276 0.65062 0.72899
vn 0.22312 0.64553 0.73042
vn 0.13816 0.66292 0.73584
vn 0.20370 0.64642 0.73529
vn 0.16661 0.61820 0.76816
vn 0.55598 0.71454 -0.42464
vn 0.81914 0.48519 -0.30596
vn 0.97596 0.16409 -0.14342
vn 0.82568 0.27810 -0.49083
vn 0.95235 -0.02114 -0.30428
vn 0.57274 0.53600 -0.62022
vn -0.15099 0.94027 -0.30512
vn 0.19550 0.88582 -0.42085
vn 0.21632 0.71436 -0.66550
vn -0.15051 0.81759 -0.55578
vn -0.74335 0.66891 0.00042
vn -0.47119 0.85773 -0.20562
vn -0.48423 0.77318 -0.40952
vn -0.78353 0.57786 -0.22836
vn -0.88058 0.12062 0.45829
vn -0.88694 0.40503 0.22202
vn -0.94939 0.31384 0.01311
vn -0.96551 -0.01846 0.25971
vn -0.44246 -0.42407 0.79019
vn -0.75223 -0.23547 0.61539
vn -0.83163 -0.34545 0.43480
vn -0.56981 -0.56222 0.59935
vn 0.26134 -0.60389 0.75300
vn -0.10132 -0.55638 0.82473
vn -0.22199 -0.71584 0.66204
vn 0.14901 -0.78660 0.59921
vn 0.85236 -0.37163 0.36794
vn 0.60186 -0.53439 0.59345
vn 0.51598 -0.71478 0.47208
vn 0.79580 -0.54476 0.26446
vn 0.98460 -0.13889 0.10616
vn 0.95379 -0.29705 -0.04524
vn 0.42908 -0.17714 -0.88573
vn 0.58381 0.03662 -0.81107
vn 0.72396 -0.20942 -0.65729
vn 0.50934 -0.41287 -0.75506
vn 0.13362 -0.40891 -0.90274
vn 0.15513 -0.54157 -0.82622
vn 0.19631 -0.05609 -0.97894
vn -0.03590 -0.38337 -0.92290
vn 0.35204 0.20929 -0.91228
vn 0.03499 0.35075 -0.93582
vn -0.05334 0.05032 -0.99731
vn -0.15119 -0.32493 -0.93358
vn -0.31134 0.09224 -0.94581
vn -0.28848 -0.30724 -0.90685
vn -0.29482 0.39009 -0.87230
vn -0.59698 0.29780 -0.74494
vn -0.55016 0.03551 -0.83430
vn -0.40845 -0.33313 -0.84982
vn -0.73002 -0.08075 -0.67864
vn -0.48623 -0.41236 -0.77041
vn -0.82562 0.14933 -0.54411
vn -0.94718 -0.06651 -0.31374
vn -0.81967 -0.27397 -0.50308
vn -0.51876 -0.51164 -0.68492
vn -0.79877 -0.49273 -0.34524
vn -0.51670 -0.61121 -0.59953
vn -0.93454 -0.33842 -0.11005
vn -0.78954 -0.61200 0.04566
vn -0.68707 -0.69490 -0.21225
vn -0.47017 -0.70915 -0.52540
vn -0.50400 -0.85587 -0.11608
vn -0.37663 -0.79576 -0.47424
vn -0.55006 -0.81887 0.16396
vn -0.24277 -0.94962 0.19823
vn -0.25754 -0.96230 -0.08751
vn -0.24425 -0.85043 -0.46594
vn 0.00323 -0.99139 -0.13093
vn -0.10831 -0.86146 -0.49614
vn 0.08235 -0.98704 0.13773
vn 0.38433 -0.92313 -0.01119
vn 0.24584 -0.93682 -0.24885
vn 0.00775 -0.82609 -0.56348
vn 0.43133 -0.81332 -0.39047
vn 0.10399 -0.78386 -0.61216
vn 0.61337 -0.76443 -0.19856
vn 0.73145 -0.52317 -0.43735
vn 0.48897 -0.64253 -0.58996
vn 0.09051 -0.68229 -0.72546
vn -0.52758 -0.68446 -0.50316
vn -0.61801 -0.55327 -0.55854
vn -0.53791 -0.57534 -0.61615
vn -0.42649 -0.69606 -0.57759
vn -0.41317 -0.60870 -0.67733
vn -0.35434 -0.68033 -0.64156
vn -0.32510 -0.74028 -0.58847
vn -0.33839 -0.76973 -0.54131
vn -0.39973 -0.79500 -0.45627
vn -0.23910 -0.85241 -0.46501
vn -0.24292 -0.79703 -0.55293
vn -0.24330 -0.75926 -0.60359
vn -0.14666 -0.78216 -0.60558
vn -0.13375 -0.81739 -0.56035
vn -0.09040 -0.87360 -0.47817
vn 0.01217 -0.83480 -0.55042
vn -0.03954 -0.78830 -0.61402
vn -0.07838 -0.75582 -0.65007
vn -0.01107 -0.73185 -0.68137
vn 0.03339 -0.74020 -0.67155
vn 0.11243 -0.77408 -0.62303
vn 0.14854 -0.66530 -0.73165
vn 0.05314 -0.67027 -0.74021
vn -0.01225 -0.67181 -0.74062
vn 0.00805 -0.59881 -0.80085
vn 0.06789 -0.58140 -0.81078
vn 0.16372 -0.53712 -0.82747
vn 0.09604 -0.44724 -0.88924
vn 0.01950 -0.49003 -0.87149
vn -0.03521 -0.53138 -0.84640
vn -0.06893 -0.46062 -0.88492
vn -0.03677 -0.41345 -0.90979
vn -0.00495 -0.35634 -0.93434
vn -0.13127 -0.29166 -0.94747
vn -0.14946 -0.40782 -0.90075
vn -0.17724 -0.45496 -0.87269
vn -0.24833 -0.44400 -0.86093
vn -0.26582 -0.37328 -0.88882
vn -0.29772 -0.25864 -0.91895
vn -0.41023 -0.31112 -0.85727
vn -0.37355 -0.40322 -0.83539
vn -0.32400 -0.46588 -0.82340
vn -0.40738 -0.49001 -0.77067
vn -0.48801 -0.44495 -0.75091
vn -0.53797 -0.35409 -0.76499
vn -0.63399 -0.44386 -0.63328
vn -0.50521 -0.50821 -0.69749
vn -0.41046 -0.54251 -0.73294
vn -0.28885 -0.68915 -0.66456
vn -0.32582 -0.62459 -0.70974
vn -0.21280 -0.62326 -0.75250
vn -0.17872 -0.71648 -0.67433
vn -0.08387 -0.68929 -0.71961
vn -0.08415 -0.62082 -0.77942
vn -0.13225 -0.53210 -0.83629
vn -0.24273 -0.50894 -0.82587
vn -0.33187 -0.54568 -0.76948
vn -0.40595 -0.80295 -0.43643
vn -0.54435 -0.67371 -0.49981
vn -0.35791 -0.75822 -0.54497
vn -0.47048 -0.65178 -0.59484
vn -0.64142 -0.52098 -0.56317
vn -0.51640 -0.54596 -0.65974
vn -0.10662 -0.89151 -0.44027
vn -0.26253 -0.87806 -0.40012
vn -0.14793 -0.82928 -0.53890
vn -0.24854 -0.81189 -0.52827
vn 0.14261 -0.78093 -0.60811
vn 0.03081 -0.85423 -0.51897
vn 0.04319 -0.75250 -0.65717
vn -0.03921 -0.80958 -0.58569
vn 0.20171 -0.54623 -0.81299
vn 0.21133 -0.67573 -0.70621
vn 0.08275 -0.58470 -0.80702
vn 0.07546 -0.67372 -0.73513
vn 0.01603 -0.33643 -0.94157
vn 0.13731 -0.42875 -0.89293
vn -0.03915 -0.42696 -0.90342
vn 0.03849 -0.49672 -0.86706
vn -0.27412 -0.24081 -0.93106
vn -0.12118 -0.26290 -0.95718
vn -0.25410 -0.34691 -0.90282
vn -0.15536 -0.37860 -0.91243
vn -0.45645 -0.28252 -0.84370
vn -0.60631 -0.35729 -0.71045
vn -0.49869 -0.46917 -0.72883
vn -0.37403 -0.40136 -0.83607
vn -0.64723 -0.43700 -0.62460
vn -0.49401 -0.52602 -0.69228
vn -0.23870 -0.63440 -0.73523
vn -0.22608 -0.58377 -0.77981
vn -0.23404 -0.57861 -0.78130
vn -0.21759 -0.64485 -0.73268
vn -0.21787 -0.64021 -0.73666
vn -0.18263 -0.65049 -0.73723
vn -0.19878 -0.65411 -0.72981
vn -0.18434 -0.62703 -0.75687
vn -0.17784 -0.63975 -0.74772
vn -0.18150 -0.60481 -0.77541
vn -0.19225 -0.62189 -0.75914
vn -0.20907 -0.59230 -0.77812
vn -0.19470 -0.59639 -0.77872
vn -0.25145 -0.63937 -0.72662
vn -0.23164 -0.58788 -0.77507
vn -0.28451 -0.61701 -0.73373
vn 0.45083 0.41157 -0.79206
vn 0.72219 0.17800 -0.66840
vn 0.88413 -0.12407 -0.45046
vn -0.25492 0.64305 -0.72215
vn 0.10733 0.58768 -0.80195
vn -0.85656 0.33821 -0.38976
vn -0.59413 0.54662 -0.59010
vn -0.97528 -0.20991 0.06899
vn -0.98505 0.09481 -0.14386
vn -0.55068 -0.73417 0.39718
vn -0.82251 -0.50554 0.26057
vn 0.15472 -0.91471 0.37332
vn -0.21140 -0.87809 0.42926
vn 0.75163 -0.65951 0.00991
vn 0.50026 -0.83133 0.24213
vn 0.85360 -0.45950 -0.24541
vn 0.73765 -0.65077 0.17991
vn 0.73384 -0.66322 -0.14703
vn 0.91287 -0.40271 -0.06704
vn 0.86188 -0.43964 0.25274
vn 0.94314 -0.19339 0.27035
vn 0.99538 -0.09442 -0.01722
vn 0.72895 -0.30899 0.61086
vn 0.64154 -0.41128 0.64751
vn 0.63501 -0.53151 0.56059
vn 0.93013 0.07965 0.35850
vn 0.96506 0.23158 0.12261
vn 0.81618 0.44712 0.36597
vn 0.79871 0.24209 0.55086
vn 0.77553 -0.12799 0.61820
vn 0.65263 -0.08741 0.75262
vn 0.57627 0.59959 0.55534
vn 0.60401 0.34485 0.71850
vn 0.28332 0.62192 0.73003
vn 0.37255 0.35982 0.85541
vn 0.55319 -0.03990 0.83210
vn 0.43839 -0.02917 0.89831
vn 0.01728 0.48270 0.87561
vn 0.16718 0.23237 0.95815
vn -0.05447 0.10312 0.99318
vn -0.27871 0.31138 0.90850
vn 0.23772 -0.16991 0.95636
vn 0.35173 -0.13532 0.92627
vn -0.25706 -0.07116 0.96377
vn -0.51188 0.06178 0.85684
vn -0.55550 -0.26582 0.78788
vn -0.29737 -0.30700 0.90406
vn 0.12435 -0.23845 0.96316
vn 0.12882 -0.32511 0.93686
vn -0.51922 -0.57390 0.63329
vn -0.26473 -0.56043 0.78475
vn -0.34041 -0.80875 0.47963
vn -0.07832 -0.74351 0.66413
vn 0.16223 -0.44871 0.87883
vn 0.26690 -0.53203 0.80356
vn 0.03796 -0.87643 0.48002
vn -0.13502 -0.94688 0.29188
vn 0.25811 -0.92393 0.28236
vn 0.14268 -0.98791 0.06055
vn 0.39278 -0.72888 0.56077
vn 0.29282 -0.64629 0.70467
vn 0.47845 -0.87575 -0.06447
vn 0.52774 -0.82545 0.20033
vn 0.54414 -0.63286 0.55082
vn 0.22375 -0.16496 0.96059
vn 0.14442 -0.09670 0.98478
vn 0.04792 -0.20534 0.97752
vn 0.15638 -0.26670 0.95101
vn 0.02116 -0.37111 0.92835
vn 0.11895 -0.37809 0.91809
vn 0.24190 -0.30880 0.91985
vn 0.20631 -0.39289 0.89614
vn 0.29189 -0.24435 0.92471
vn 0.04825 -0.53035 0.84640
vn 0.15290 -0.51329 0.84448
vn 0.14138 -0.64321 0.75252
vn 0.20688 -0.59820 0.77418
vn 0.22899 -0.48638 0.84321
vn 0.24198 -0.56672 0.78757
vn 0.23380 -0.69427 0.68068
vn 0.26916 -0.65703 0.70417
vn 0.33919 -0.74867 0.56960
vn 0.32626 -0.68671 0.64960
vn 0.28745 -0.60989 0.73852
vn 0.31867 -0.63262 0.70586
vn 0.44364 -0.66329 0.60268
vn 0.47522 -0.71721 0.50968
vn 0.54989 -0.58055 0.60048
vn 0.59577 -0.63349 0.49370
vn 0.51345 -0.51035 0.68987
vn 0.41334 -0.59697 0.68759
vn 0.64624 -0.42600 0.63317
vn 0.73875 -0.43788 0.51236
vn 0.71365 -0.20802 0.66890
vn 0.81024 -0.19593 0.55238
vn 0.64606 -0.25570 0.71918
vn 0.57457 -0.41110 0.70772
vn 0.76756 0.00518 0.64096
vn 0.68525 -0.06514 0.72539
vn 0.67757 0.08301 0.73075
vn 0.62790 0.01135 0.77821
vn 0.61226 -0.13228 0.77951
vn 0.57805 -0.08213 0.81185
vn 0.61327 0.08690 0.78508
vn 0.58462 0.00499 0.81130
vn 0.52564 0.01023 0.85064
vn 0.51263 0.08838 0.85405
vn 0.49875 -0.06474 0.86432
vn 0.54325 -0.06897 0.83673
vn 0.37058 -0.05940 0.92690
vn 0.30902 0.03895 0.95026
vn 0.37953 -0.16588 0.91019
vn 0.28546 -0.36991 0.88413
vn 0.30015 -0.48662 0.82043
vn 0.37473 -0.36110 0.85392
vn 0.33409 -0.28644 0.89796
vn 0.35260 -0.53544 0.76745
vn 0.45098 -0.44242 0.77516
vn 0.55160 -0.30156 0.77769
vn 0.50726 -0.21528 0.83447
vn 0.43677 -0.17924 0.88154
vn -0.00728 -0.35079 0.93643
vn 0.02628 -0.19441 0.98057
vn 0.13668 -0.08732 0.98676
vn 0.14321 -0.24276 0.95946
vn 0.23375 -0.16461 0.95826
vn 0.14363 -0.33083 0.93269
vn 0.10825 -0.64998 0.75220
vn 0.02340 -0.52478 0.85092
vn 0.17928 -0.46279 0.86815
vn 0.21994 -0.56840 0.79281
vn 0.22846 -0.73316 0.64054
vn 0.35740 -0.74212 0.56703
vn 0.30920 -0.63573 0.70728
vn 0.40895 -0.60626 0.68206
vn 0.48478 -0.72881 0.48355
vn 0.64985 -0.62850 0.42741
vn 0.47402 -0.62735 0.61785
vn 0.60790 -0.57615 0.54636
vn 0.78494 -0.42791 0.44807
vn 0.82814 -0.16385 0.53604
vn 0.72741 -0.39539 0.56083
vn 0.72924 -0.19057 0.65719
vn 0.71082 0.09150 0.69740
vn 0.77971 0.01779 0.62589
vn 0.68492 -0.08626 0.72349
vn 0.66350 -0.04928 0.74655
vn 0.62523 0.10951 0.77272
vn 0.48987 0.09300 0.86682
vn 0.60969 -0.01815 0.79243
vn 0.50674 -0.09105 0.85728
vn 0.30079 0.02156 0.95345
vn 0.37266 -0.06774 0.92549
vn 0.34863 -0.32201 0.88021
vn 0.40661 -0.35654 0.84116
vn 0.40637 -0.31129 0.85905
vn 0.42042 -0.38862 0.81989
vn 0.46131 -0.35200 0.81442
vn 0.43868 -0.40468 0.80237
vn 0.42913 -0.40025 0.80972
vn 0.45991 -0.43683 0.77308
vn 0.43859 -0.44071 0.78321
vn 0.52655 -0.36760 0.76656
vn 0.48737 -0.27199 0.82975
vn 0.51357 -0.27391 0.81315
vn 0.50646 -0.25783 0.82281
vn 0.51126 -0.30667 0.80285
vn 0.48439 -0.38936 0.78343
vn 0.46569 -0.32437 0.82336
vn 0.87610 -0.33636 -0.34543
vn 0.96641 -0.00633 -0.25691
vn 0.68028 -0.61549 -0.39799
vn 0.78029 -0.28228 -0.55809
vn 0.58063 -0.57421 -0.57719
vn 0.89194 0.06936 -0.44680
vn 0.76978 0.62214 0.14278
vn 0.92585 0.36114 -0.11128
vn 0.85407 0.41450 -0.31425
vn 0.71669 0.69080 -0.09566
vn 0.18468 0.79709 0.57492
vn 0.50486 0.78060 0.36849
vn 0.44993 0.88473 0.12175
vn 0.13228 0.93020 0.34240
vn -0.12904 0.67129 0.72988
vn -0.46360 0.47699 0.74670
vn -0.23956 0.81768 0.52347
vn -0.57395 0.57896 0.57912
vn -0.75377 -0.20371 0.62477
vn -0.68258 0.17040 0.71067
vn -0.77103 0.28831 0.56779
vn -0.87707 -0.11310 0.46686
vn -0.53179 -0.78557 0.31637
vn -0.69605 -0.51783 0.49735
vn -0.81136 -0.49858 0.30514
vn -0.66862 -0.73805 0.09074
vn -0.29809 -0.95135 0.07796
vn 0.00807 -0.98256 -0.18576
vn -0.42491 -0.89769 -0.11667
vn -0.13364 -0.92960 -0.34348
vn 0.40272 -0.86325 -0.30433
vn 0.26054 -0.80278 -0.53635
vn 0.47062 -0.03514 -0.88164
vn 0.30997 -0.27974 -0.90866
vn 0.11540 -0.11469 -0.98668
vn 0.20263 0.09151 -0.97497
vn -0.17278 0.12753 -0.97667
vn -0.15287 0.27807 -0.94832
vn -0.07125 0.36522 -0.92819
vn 0.33932 0.29315 -0.89382
vn 0.58208 0.26195 -0.76978
vn 0.50910 0.56957 -0.64530
vn 0.25447 0.57515 -0.77746
vn -0.08303 0.52216 -0.84880
vn 0.14848 0.77583 -0.61322
vn -0.19711 0.60464 -0.77173
vn 0.36268 0.81811 -0.44628
vn 0.13347 0.96065 -0.24360
vn -0.06266 0.88242 -0.46628
vn -0.29760 0.66102 -0.68882
vn -0.28231 0.90114 -0.32902
vn -0.40150 0.67006 -0.62435
vn -0.16450 0.98330 -0.07784
vn -0.44379 0.89372 0.06573
vn -0.49310 0.84188 -0.21928
vn -0.48948 0.67808 -0.54828
vn -0.70251 0.69712 -0.14316
vn -0.61808 0.61650 -0.48775
vn -0.69987 0.69747 0.15399
vn -0.91049 0.38978 0.13812
vn -0.89072 0.43610 -0.12820
vn -0.75528 0.44259 -0.48339
vn -0.95242 0.11961 -0.28033
vn -0.76519 0.23353 -0.59996
vn -0.99978 0.02073 0.00285
vn -0.92257 -0.20070 -0.32952
vn -0.93771 -0.33838 -0.07870
vn -0.76529 0.02709 -0.64312
vn -0.79740 -0.29844 -0.52448
vn -0.66055 0.03858 -0.74979
vn -0.80898 -0.50309 -0.30405
vn -0.60528 -0.62547 -0.49237
vn -0.62999 -0.34169 -0.69739
vn -0.58302 0.06596 -0.80977
vn -0.45473 -0.05717 -0.88879
vn -0.35446 -0.38803 -0.85076
vn -0.29225 -0.64806 -0.70328
vn 0.04717 -0.50476 -0.86197
vn -0.11271 -0.26460 -0.95775
vn -0.30300 0.05440 -0.95144
vn -0.72004 0.48856 -0.49280
vn -0.67126 0.55808 -0.48780
vn -0.61681 0.52108 -0.58993
vn -0.66011 0.46546 -0.58958
vn -0.56490 0.48473 -0.66778
vn -0.59977 0.41539 -0.68390
vn -0.67327 0.33655 -0.65836
vn -0.62457 0.33126 -0.70723
vn -0.74992 0.33147 -0.57249
vn -0.73714 0.16292 -0.65581
vn -0.66223 0.22457 -0.71486
vn -0.59699 0.27135 -0.75497
vn -0.61123 0.15239 -0.77664
vn -0.54131 0.21393 -0.81315
vn -0.66522 0.07134 -0.74323
vn -0.53327 0.03869 -0.84506
vn -0.48694 0.12792 -0.86402
vn -0.43527 0.18744 -0.88057
vn -0.37577 0.16904 -0.91117
vn -0.38417 0.13071 -0.91396
vn -0.38266 0.02820 -0.92346
vn -0.27594 0.16657 -0.94663
vn -0.23796 0.08825 -0.96726
vn -0.30085 0.22794 -0.92603
vn -0.24810 0.27835 -0.92788
vn -0.18719 0.23209 -0.95451
vn -0.13646 0.17918 -0.97431
vn -0.14667 0.27632 -0.94981
vn -0.10204 0.24706 -0.96361
vn -0.20193 0.29422 -0.93416
vn -0.19055 0.32577 -0.92605
vn -0.14110 0.32562 -0.93491
vn -0.08365 0.31945 -0.94390
vn -0.12778 0.42133 -0.89786
vn -0.17030 0.39896 -0.90101
vn -0.20835 0.38568 -0.89880
vn -0.22697 0.47520 -0.85010
vn -0.27611 0.43782 -0.85561
vn -0.18249 0.51786 -0.83577
vn -0.29252 0.58378 -0.75738
vn -0.31471 0.53489 -0.78412
vn -0.33794 0.47965 -0.80977
vn -0.39542 0.52799 -0.75158
vn -0.40822 0.59293 -0.69411
vn -0.41314 0.65265 -0.63511
vn -0.56381 0.61787 -0.54806
vn -0.52584 0.56650 -0.63448
vn -0.48167 0.51045 -0.71235
vn -0.53078 0.34947 -0.77210
vn -0.46763 0.42883 -0.77293
vn -0.36668 0.36279 -0.85669
vn -0.46748 0.29291 -0.83406
vn -0.34691 0.25395 -0.90286
vn -0.28465 0.30699 -0.90815
vn -0.24767 0.33237 -0.91005
vn -0.32142 0.39963 -0.85848
vn -0.37166 0.45999 -0.80640
vn -0.75965 0.35871 -0.54245
vn -0.72600 0.50755 -0.46401
vn -0.65845 0.49047 -0.57086
vn -0.64739 0.38528 -0.65761
vn -0.68203 0.56883 -0.45964
vn -0.61613 0.49780 -0.61040
vn -0.69790 0.03512 -0.71533
vn -0.76196 0.14503 -0.63118
vn -0.63869 0.14132 -0.75637
vn -0.66035 0.23481 -0.71330
vn -0.56116 -0.03036 -0.82715
vn -0.39500 0.01043 -0.91862
vn -0.54616 0.08688 -0.83316
vn -0.39187 0.15016 -0.90768
vn -0.24011 0.08805 -0.96674
vn -0.13926 0.17976 -0.97380
vn -0.27415 0.19380 -0.94196
vn -0.23355 0.27598 -0.93236
vn -0.09389 0.25323 -0.96284
vn -0.07992 0.31929 -0.94428
vn -0.21879 0.31206 -0.92453
vn -0.28001 0.30805 -0.90923
vn -0.15960 0.52346 -0.83697
vn -0.10208 0.42218 -0.90075
vn -0.23982 0.48345 -0.84188
vn -0.23368 0.35822 -0.90392
vn -0.27152 0.62456 -0.73226
vn -0.41927 0.66612 -0.61685
vn -0.35161 0.57040 -0.74230
vn -0.44091 0.56188 -0.69992
vn -0.57544 0.62100 -0.53219
vn -0.54680 0.52768 -0.65005
vn -0.46690 0.42316 -0.77649
vn -0.45365 0.37151 -0.81005
vn -0.44880 0.34962 -0.82240
vn -0.48294 0.35040 -0.80249
vn -0.42684 0.36573 -0.82707
vn -0.44253 0.36724 -0.81811
vn -0.47618 0.34431 -0.80914
vn -0.39015 0.42006 -0.81935
vn -0.42835 0.44546 -0.78618
vn -0.48554 0.37035 -0.79189
vn -0.52312 0.25739 -0.81246
vn -0.43115 0.33108 -0.83934
vn -0.48059 0.23052 -0.84610
vn -0.47882 0.38209 -0.79040
vn -0.46709 0.32575 -0.82202
vn -0.46314 0.35319 -0.81287
vn 0.75122 0.15666 -0.64119
vn 0.65059 -0.16285 -0.74176
vn 0.46699 -0.45648 -0.75733
vn 0.52753 0.80538 -0.27034
vn 0.71075 0.52089 -0.47276
vn -0.04750 0.98708 0.15300
vn 0.27366 0.96085 -0.04340
vn -0.64867 0.65034 0.39532
vn -0.37331 0.87810 0.29929
vn -0.96952 -0.06355 0.23664
vn -0.86372 0.32120 0.38836
vn -0.75605 -0.64798 -0.09225
vn -0.89139 -0.43395 0.13081
vn -0.19352 -0.81743 -0.54255
vn -0.52552 -0.79557 -0.30149
vn 0.13619 -0.69226 -0.70868
vn 0.49749 0.75567 -0.42599
vn 0.69796 0.60044 -0.39028
vn 0.59749 0.46442 -0.65369
vn 0.36045 0.68188 -0.63649
vn 0.13262 0.87369 -0.46806
vn 0.34513 0.89642 -0.27807
vn 0.63722 0.76600 -0.08480
vn 0.54394 0.83905 -0.01088
vn 0.72773 0.68461 -0.04131
vn -0.12839 0.96449 -0.23084
vn 0.16738 0.98434 -0.05529
vn -0.24900 0.96332 0.10007
vn 0.07616 0.97422 0.21237
vn 0.48405 0.85935 0.16498
vn 0.42341 0.85699 0.29375
vn -0.26406 0.86888 0.41872
vn 0.01967 0.89425 0.44714
vn -0.20084 0.68500 0.70031
vn 0.04974 0.74248 0.66802
vn 0.40482 0.81051 0.42331
vn 0.43066 0.72626 0.53580
vn -0.06450 0.45564 0.88782
vn 0.19881 0.57370 0.79457
vn 0.27431 0.32303 0.90576
vn 0.06693 0.15208 0.98610
vn 0.52745 0.52563 0.66747
vn 0.51287 0.64457 0.56701
vn 0.33113 -0.06629 0.94126
vn 0.48664 0.15811 0.85917
vn 0.54857 -0.26330 0.79357
vn 0.66029 0.01085 0.75093
vn 0.63264 0.43530 0.64053
vn 0.71708 0.37998 0.58431
vn 0.77695 -0.31475 0.54523
vn 0.84302 0.00021 0.53789
vn 0.95409 -0.04950 0.29540
vn 0.90378 -0.35866 0.23355
vn 0.87894 0.35142 0.32244
vn 0.79248 0.43034 0.43218
vn 0.99935 -0.03394 0.01249
vn 0.95294 -0.28367 -0.10692
vn 0.92172 -0.06673 -0.38207
vn 0.96700 0.17673 -0.18353
vn 0.92295 0.33851 0.18323
vn 0.87734 0.46819 0.10528
vn 0.81204 0.21219 -0.54366
vn 0.86767 0.41224 -0.27787
vn 0.80742 0.58445 0.08054
vn 0.56025 0.55991 0.61043
vn 0.53899 0.52215 0.66095
vn 0.63398 0.41821 0.65051
vn 0.66441 0.48085 0.57214
vn 0.73932 0.33433 0.58449
vn 0.75075 0.39430 0.53001
vn 0.73090 0.46709 0.49760
vn 0.67397 0.54145 0.50258
vn 0.62001 0.58101 0.52728
vn 0.83263 0.30801 0.46028
vn 0.80043 0.40079 0.44574
vn 0.86301 0.37618 0.33721
vn 0.89130 0.31459 0.32652
vn 0.81945 0.46523 0.33477
vn 0.78401 0.46710 0.40884
vn 0.91071 0.35655 0.20853
vn 0.86841 0.43162 0.24408
vn 0.90058 0.42649 0.08406
vn 0.86409 0.48506 0.13439
vn 0.82158 0.52775 0.21561
vn 0.81992 0.50121 0.27663
vn 0.83171 0.55520 -0.00130
vn 0.80400 0.58740 0.09246
vn 0.75154 0.65842 0.04089
vn 0.74474 0.66664 -0.03084
vn 0.74082 0.66044 0.12249
vn 0.78138 0.59767 0.17955
vn 0.65252 0.75721 -0.02930
vn 0.67116 0.73690 0.08076
vn 0.53182 0.84599 0.03843
vn 0.57603 0.81004 0.10968
vn 0.62468 0.76721 0.14547
vn 0.68645 0.71133 0.15099
vn 0.44585 0.88314 0.14586
vn 0.52546 0.82800 0.19573
vn 0.46908 0.83036 0.30079
vn 0.38803 0.87282 0.29601
vn 0.52391 0.79056 0.31707
vn 0.59015 0.77248 0.23452
vn 0.36977 0.82829 0.42095
vn 0.46352 0.78726 0.40666
vn 0.39829 0.73908 0.54325
vn 0.47304 0.71338 0.51703
vn 0.50328 0.72127 0.47590
vn 0.52433 0.75642 0.39103
vn 0.46073 0.62760 0.62757
vn 0.50899 0.64549 0.56945
vn 0.56916 0.65240 0.50043
vn 0.71308 0.54383 0.44246
vn 0.78247 0.53329 0.32146
vn 0.70164 0.63014 0.33260
vn 0.65392 0.60301 0.45691
vn 0.78233 0.56701 0.25781
vn 0.73256 0.64521 0.21692
vn 0.66474 0.71334 0.22197
vn 0.60919 0.72681 0.31724
vn 0.59640 0.68088 0.42511
vn 0.73789 0.35716 0.57267
vn 0.63623 0.44968 0.62690
vn 0.51670 0.54530 0.66005
vn 0.66962 0.53247 0.51777
vn 0.56140 0.61084 0.55830
vn 0.74874 0.49988 0.43533
vn 0.89413 0.29000 0.34121
vn 0.82612 0.28354 0.48697
vn 0.79479 0.42939 0.42888
vn 0.84933 0.39795 0.34680
vn 0.90723 0.41568 0.06444
vn 0.92231 0.33386 0.19464
vn 0.87822 0.41584 0.23622
vn 0.86921 0.47315 0.14351
vn 0.75804 0.64885 -0.06605
vn 0.85174 0.52280 -0.03480
vn 0.82079 0.56557 0.08019
vn 0.75966 0.64917 0.03854
vn 0.48963 0.87176 -0.01700
vn 0.63214 0.77297 -0.05391
vn 0.65577 0.75275 0.05767
vn 0.54330 0.83467 0.09031
vn 0.34537 0.90548 0.24662
vn 0.38337 0.92034 0.07753
vn 0.45894 0.87913 0.12842
vn 0.40497 0.88658 0.22354
vn 0.34682 0.75426 0.55751
vn 0.33995 0.83870 0.42547
vn 0.46273 0.80173 0.37830
vn 0.46472 0.73221 0.49790
vn 0.42371 0.63633 0.64464
vn 0.49963 0.66064 0.56029
vn 0.68454 0.66805 0.29174
vn 0.70155 0.66874 0.24620
vn 0.66034 0.67299 0.33321
vn 0.71591 0.61215 0.33578
vn 0.69856 0.63497 0.32989
vn 0.72940 0.60638 0.31668
vn 0.72886 0.60250 0.32522
vn 0.71044 0.63237 0.30885
vn 0.71903 0.62043 0.31315
vn 0.64765 0.69425 0.31396
vn 0.68473 0.65726 0.31487
vn 0.63869 0.71767 0.27753
vn 0.61559 0.74184 0.26594
vn 0.67463 0.64806 0.35339
vn 0.71047 0.63216 0.30920
vn 0.64722 0.65638 0.38766
vn -0.08304 0.78208 -0.61762
vn 0.18368 0.55600 -0.81063
vn 0.48315 0.32776 -0.81188
vn 0.34142 0.17823 -0.92286
vn -0.01201 0.39030 -0.92061
vn -0.28948 0.62456 -0.72535
vn -0.48278 0.87573 0.00497
vn -0.33456 0.88108 -0.33431
vn -0.48630 0.75066 -0.44723
vn -0.63624 0.75869 -0.13992
vn -0.44293 0.58069 0.68309
vn -0.52642 0.77509 0.34945
vn -0.71024 0.66873 0.21991
vn -0.66632 0.49333 0.55914
vn -0.28342 0.31774 0.90483
vn -0.13126 -0.01990 0.99115
vn -0.49947 0.17775 0.84790
vn -0.31689 -0.13229 0.93919
vn 0.40938 -0.48493 0.77282
vn 0.15682 -0.27434 0.94876
vn -0.05368 -0.40105 0.91448
vn 0.21453 -0.62187 0.75316
vn 0.66340 -0.55007 0.50727
vn 0.80131 -0.57374 0.16949
vn 0.50962 -0.71993 0.47116
vn 0.68100 -0.72476 0.10468
vn 0.83000 -0.23557 -0.50558
vn 0.84912 -0.48682 -0.20494
vn 0.70642 -0.66262 -0.24881
vn 0.68116 -0.46376 -0.56652
vn 0.71214 0.05502 -0.69988
vn 0.55025 -0.15559 -0.82038
vn -0.36595 0.02707 -0.93024
vn -0.01466 -0.08215 -0.99651
vn -0.21293 -0.29547 -0.93132
vn -0.53204 -0.19085 -0.82493
vn -0.49001 -0.50492 -0.71060
vn -0.66111 -0.45814 -0.59417
vn -0.73668 -0.34508 -0.58157
vn -0.67659 0.00262 -0.73635
vn -0.57441 0.24653 -0.78056
vn -0.77823 0.34153 -0.52699
vn -0.84676 0.06101 -0.52847
vn -0.82813 -0.32317 -0.45799
vn -0.95856 0.06217 -0.27803
vn -0.85177 -0.39922 -0.33929
vn -0.91523 0.33275 -0.22722
vn -0.96683 0.24951 0.05459
vn -0.99793 -0.02873 -0.05757
vn -0.89919 -0.36780 -0.23701
vn -0.91103 -0.40833 -0.05736
vn -0.96892 -0.11318 0.21998
vn -0.90443 0.12496 0.40791
vn -0.78020 -0.19038 0.59586
vn -0.85507 -0.39609 0.33462
vn -0.81087 -0.57843 -0.08889
vn -0.75572 -0.64699 0.10148
vn -0.66724 -0.58746 0.45791
vn -0.56589 -0.43305 0.70160
vn -0.32043 -0.69563 0.64298
vn -0.50024 -0.78202 0.37175
vn -0.64590 -0.76334 -0.01085
vn -0.32408 -0.91627 0.23542
vn -0.55863 -0.82526 -0.08296
vn -0.09584 -0.87691 0.47101
vn 0.11892 -0.96712 0.22480
vn -0.16455 -0.98539 0.04391
vn -0.47717 -0.86039 -0.17899
vn -0.05439 -0.97820 -0.20040
vn -0.41899 -0.85584 -0.30328
vn 0.25649 -0.96263 -0.08695
vn 0.29315 -0.85891 -0.41992
vn -0.01949 -0.89227 -0.45109
vn -0.39678 -0.80995 -0.43191
vn -0.03610 -0.74274 -0.66861
vn -0.43946 -0.72858 -0.52540
vn 0.26233 -0.66340 -0.70078
vn 0.15496 -0.41055 -0.89857
vn -0.14266 -0.58806 -0.79614
vn -0.48275 -0.65848 -0.57738
vn -0.65088 -0.75902 0.01573
vn -0.75401 -0.65651 0.02142
vn -0.75116 -0.65836 -0.04819
vn -0.67331 -0.73588 -0.07165
vn -0.74477 -0.65602 -0.12232
vn -0.68099 -0.71597 -0.15372
vn -0.61256 -0.77041 -0.17672
vn -0.57985 -0.80494 -0.12589
vn -0.54373 -0.83862 -0.03282
vn -0.45429 -0.87547 -0.16485
vn -0.54185 -0.81112 -0.22018
vn -0.57829 -0.77603 -0.25171
vn -0.54402 -0.78070 -0.30748
vn -0.48179 -0.82142 -0.30520
vn -0.36988 -0.88095 -0.29517
vn -0.38766 -0.82619 -0.40881
vn -0.46267 -0.78826 -0.40569
vn -0.53452 -0.75797 -0.37386
vn -0.52280 -0.71039 -0.47120
vn -0.45750 -0.72667 -0.51249
vn -0.38956 -0.75189 -0.53189
vn -0.45345 -0.64228 -0.61795
vn -0.53211 -0.64810 -0.54482
vn -0.58328 -0.63386 -0.50794
vn -0.60941 -0.59807 -0.52051
vn -0.57529 -0.56491 -0.59153
vn -0.52913 -0.53486 -0.65874
vn -0.64339 -0.42313 -0.63797
vn -0.67087 -0.48372 -0.56210
vn -0.68117 -0.52643 -0.50880
vn -0.74281 -0.46712 -0.47961
vn -0.75063 -0.41731 -0.51226
vn -0.74247 -0.33510 -0.58004
vn -0.82884 -0.30748 -0.46741
vn -0.80112 -0.41482 -0.43142
vn -0.77721 -0.46614 -0.42268
vn -0.81688 -0.46045 -0.34740
vn -0.84821 -0.40082 -0.34625
vn -0.89206 -0.31032 -0.32854
vn -0.91028 -0.36271 -0.19956
vn -0.86455 -0.44056 -0.24178
vn -0.82555 -0.49322 -0.27423
vn -0.83385 -0.51615 -0.19565
vn -0.85972 -0.48423 -0.16246
vn -0.89135 -0.44156 -0.10260
vn -0.81583 -0.56963 -0.09968
vn -0.84476 -0.53506 -0.00912
vn -0.79240 -0.58528 -0.17188
vn -0.63825 -0.72901 -0.24734
vn -0.72982 -0.64718 -0.22029
vn -0.69497 -0.63442 -0.33842
vn -0.60315 -0.73113 -0.31884
vn -0.59907 -0.68452 -0.41539
vn -0.64392 -0.61012 -0.46165
vn -0.73506 -0.52661 -0.42705
vn -0.77575 -0.53012 -0.34232
vn -0.78534 -0.56171 -0.26024
vn -0.52634 -0.85003 -0.02060
vn -0.64057 -0.76730 0.03042
vn -0.59083 -0.79695 -0.12564
vn -0.66872 -0.74056 -0.06621
vn -0.75645 -0.65326 0.03230
vn -0.74845 -0.65778 -0.08448
vn -0.35276 -0.89628 -0.26877
vn -0.41448 -0.90227 -0.11879
vn -0.44947 -0.85219 -0.26787
vn -0.51275 -0.83591 -0.19580
vn -0.33167 -0.84833 -0.41271
vn -0.39408 -0.74823 -0.53372
vn -0.44932 -0.80690 -0.38344
vn -0.50695 -0.72313 -0.46914
vn -0.43360 -0.64273 -0.63158
vn -0.53893 -0.53827 -0.64794
vn -0.50085 -0.65178 -0.56951
vn -0.59662 -0.57137 -0.56354
vn -0.74244 -0.31491 -0.59129
vn -0.64352 -0.40443 -0.64986
vn -0.73999 -0.41017 -0.53308
vn -0.67052 -0.47588 -0.56915
vn -0.90311 -0.25805 -0.34322
vn -0.83206 -0.26949 -0.48482
vn -0.85719 -0.37705 -0.35080
vn -0.80472 -0.38271 -0.45383
vn -0.91535 -0.39908 -0.05357
vn -0.93181 -0.31353 -0.18284
vn -0.87997 -0.45706 -0.12940
vn -0.88141 -0.40768 -0.23857
vn -0.85541 -0.51788 0.00890
vn -0.82235 -0.56224 -0.08732
vn -0.68352 -0.66841 -0.29330
vn -0.70335 -0.64668 -0.29512
vn -0.68934 -0.63408 -0.35037
vn -0.63409 -0.70288 -0.32230
vn -0.67314 -0.66690 -0.31956
vn -0.67106 -0.65850 -0.34067
vn -0.70165 -0.63200 -0.32905
vn -0.63867 -0.64459 -0.42025
vn -0.70052 -0.63930 -0.31713
vn -0.70055 -0.61482 -0.36225
vn -0.68759 -0.62227 -0.37416
vn -0.71766 -0.60185 -0.35035
vn -0.70923 -0.60413 -0.36334
vn -0.75941 -0.58812 -0.27823
vn -0.71802 -0.60992 -0.33532
vn -0.71467 -0.63637 -0.29032
vn -0.20918 0.19666 -0.95790
vn -0.42703 0.41705 -0.80232
vn 0.18587 0.02989 -0.98212
vn -0.80424 0.57424 -0.15312
vn -0.63978 0.58051 -0.50367
vn -0.86532 0.46034 0.19825
vn -0.76272 0.28799 0.57906
vn -0.42843 -0.29824 0.85294
vn -0.64966 -0.00789 0.76018
vn 0.11349 -0.76629 0.63240
vn -0.15595 -0.57342 0.80428
vn 0.49718 -0.86754 0.01364
vn 0.35310 -0.86353 0.36004
vn 0.47537 -0.55991 -0.67862
vn 0.53114 -0.76707 -0.35986
vn 0.37302 -0.28020 -0.88450
vn 0.21290 0.27403 -0.93786
vn -0.07470 0.41298 -0.90767
vn 0.12202 0.63282 -0.76462
vn 0.38946 0.43622 -0.81119
vn 0.51140 0.58716 -0.62746
vn 0.30921 0.80088 -0.51282
vn 0.69778 0.21375 -0.68368
vn 0.61117 0.16202 -0.77474
vn 0.54560 0.06195 -0.83575
vn 0.54174 0.79023 -0.28646
vn 0.68776 0.61049 -0.39280
vn 0.72421 0.68950 -0.01033
vn 0.83732 0.49994 -0.22127
vn 0.78597 0.25499 -0.56323
vn 0.87490 0.20619 -0.43821
vn 0.84863 0.47821 0.22613
vn 0.94613 0.31870 -0.05711
vn 0.92202 0.17031 0.34767
vn 0.99593 0.08185 0.03779
vn 0.91409 0.07223 -0.39904
vn 0.96445 -0.01492 -0.26384
vn 0.91230 -0.17108 0.37207
vn 0.98180 -0.17169 0.08114
vn 0.83214 -0.48093 0.27613
vn 0.92213 -0.38677 0.00926
vn 0.94318 -0.15498 -0.29393
vn 0.89902 -0.28784 -0.33002
vn 0.79707 -0.59701 -0.09084
vn 0.67071 -0.72883 0.13763
vn 0.62756 -0.74034 -0.24097
vn 0.45159 -0.88701 -0.09632
vn 0.74728 -0.45969 -0.47985
vn 0.83944 -0.34630 -0.41883
vn 0.47292 -0.74850 -0.46486
vn 0.21507 -0.90807 -0.35937
vn 0.26989 -0.67793 -0.68379
vn -0.01813 -0.79438 -0.60715
vn 0.66601 -0.42021 -0.61633
vn 0.59608 -0.36884 -0.71319
vn -0.12507 -0.55851 -0.82002
vn 0.18855 -0.46446 -0.86529
vn -0.11287 -0.28281 -0.95251
vn 0.20021 -0.25001 -0.94732
vn 0.54342 -0.28063 -0.79116
vn 0.57374 -0.17829 -0.79940
vn 0.15773 -0.01528 -0.98736
vn -0.16498 0.06602 -0.98409
vn 0.51325 -0.07902 -0.85459
vn 0.85334 -0.31337 -0.41665
vn 0.90604 -0.21197 -0.36629
vn 0.92514 -0.23283 -0.29984
vn 0.85895 -0.37132 -0.35259
vn 0.79889 -0.36220 -0.48020
vn 0.77115 -0.45343 -0.44690
vn 0.79153 -0.30594 -0.52904
vn 0.84121 -0.24452 -0.48225
vn 0.86820 -0.15599 -0.47106
vn 0.70763 -0.37886 -0.59642
vn 0.66371 -0.48480 -0.56961
vn 0.58838 -0.43002 -0.68475
vn 0.63871 -0.33269 -0.69380
vn 0.73353 -0.28795 -0.61564
vn 0.69245 -0.24836 -0.67737
vn 0.52713 -0.32268 -0.78614
vn 0.61416 -0.24405 -0.75050
vn 0.56954 -0.17720 -0.80263
vn 0.47126 -0.17935 -0.86357
vn 0.61971 -0.16041 -0.76827
vn 0.64912 -0.20957 -0.73125
vn 0.58050 -0.05838 -0.81216
vn 0.48493 -0.03143 -0.87399
vn 0.55242 0.09137 -0.82854
vn 0.60515 0.05833 -0.79397
vn 0.64737 0.00385 -0.76216
vn 0.63514 -0.08572 -0.76762
vn 0.60925 0.19597 -0.76838
vn 0.65997 0.11939 -0.74174
vn 0.69943 0.26585 -0.66342
vn 0.74433 0.16713 -0.64656
vn 0.74566 0.10705 -0.65767
vn 0.71133 0.05545 -0.70067
vn 0.81594 0.24879 -0.52186
vn 0.81900 0.15830 -0.55153
vn 0.89498 0.18168 -0.40743
vn 0.88549 0.09959 -0.45386
vn 0.81042 0.09012 -0.57887
vn 0.86557 0.02993 -0.49989
vn 0.93789 0.07219 -0.33933
vn 0.92010 0.03101 -0.39046
vn 0.95243 -0.00779 -0.30465
vn 0.93127 -0.00628 -0.36428
vn 0.89921 0.01948 -0.43708
vn 0.91973 -0.02674 -0.39164
vn 0.93174 -0.09173 -0.35136
vn 0.95966 -0.10683 -0.26007
vn 0.90001 -0.09931 -0.42442
vn 0.79269 -0.20681 -0.57348
vn 0.74275 -0.18854 -0.64247
vn 0.83237 -0.15325 -0.53261
vn 0.78608 -0.10917 -0.60841
vn 0.67998 -0.14419 -0.71891
vn 0.72467 -0.04343 -0.68773
vn 0.77475 0.02034 -0.63195
vn 0.82402 -0.01997 -0.56621
vn 0.86732 -0.06982 -0.49283
vn 0.85258 -0.42253 -0.30753
vn 0.75380 -0.49866 -0.42792
vn 0.92821 -0.27448 -0.25115
vn 0.89954 -0.24548 -0.36135
vn 0.84541 -0.33813 -0.41346
vn 0.77120 -0.40601 -0.49031
vn 0.64507 -0.50299 -0.57523
vn 0.54944 -0.44460 -0.70742
vn 0.68925 -0.40582 -0.60021
vn 0.61217 -0.35915 -0.70446
vn 0.47385 -0.33681 -0.81365
vn 0.45754 -0.20993 -0.86405
vn 0.57065 -0.27161 -0.77497
vn 0.56044 -0.16784 -0.81101
vn 0.50619 0.11029 -0.85534
vn 0.46582 -0.05698 -0.88304
vn 0.58997 -0.06857 -0.80451
vn 0.59897 0.04158 -0.79969
vn 0.67924 0.30589 -0.66713
vn 0.57911 0.23311 -0.78121
vn 0.64468 0.13145 -0.75306
vn 0.71578 0.17984 -0.67477
vn 0.89498 0.22077 -0.38766
vn 0.79735 0.30245 -0.52227
vn 0.79899 0.19443 -0.56904
vn 0.87067 0.13431 -0.47317
vn 0.96407 -0.00343 -0.26562
vn 0.94517 0.11942 -0.30396
vn 0.91166 0.05571 -0.40716
vn 0.94236 -0.01668 -0.33420
vn 0.96200 -0.10797 -0.25078
vn 0.92739 -0.12133 -0.35389
vn 0.78843 -0.14015 -0.59894
vn 0.77936 -0.15296 -0.60761
vn 0.79783 -0.13151 -0.58836
vn 0.76332 -0.15415 -0.62736
vn 0.76362 -0.11803 -0.63478
vn 0.73166 -0.13827 -0.66750
vn 0.77518 -0.09880 -0.62397
vn 0.75726 -0.09752 -0.64579
vn 0.77765 -0.11286 -0.61849
vn 0.76253 -0.06814 -0.64335
vn 0.75900 -0.08597 -0.64539
vn 0.79781 -0.06212 -0.59970
vn 0.78214 -0.05520 -0.62065
vn 0.82378 -0.09059 -0.55962
vn 0.79633 -0.08863 -0.59834
vn 0.79678 -0.11476 -0.59327
vn 0.11336 0.89226 -0.43706
vn -0.11015 0.71969 -0.68550
vn -0.33741 0.42424 -0.84034
vn -0.35214 0.72594 -0.59077
vn -0.55123 0.44372 -0.70658
vn -0.09329 0.94035 -0.32717
vn 0.59657 0.78846 0.14977
vn 0.36643 0.91967 -0.14117
vn 0.20086 0.97960 -0.00699
vn 0.40665 0.85504 0.32178
vn 0.78890 0.22656 0.57123
vn 0.73384 0.54696 0.40289
vn 0.57452 0.59280 0.56437
vn 0.65990 0.28999 0.69314
vn 0.70941 -0.50430 0.49236
vn 0.77706 -0.15307 0.61053
vn 0.62365 -0.06459 0.77903
vn 0.51105 -0.47492 0.71643
vn 0.49871 -0.79191 0.35236
vn 0.26399 -0.96148 0.07661
vn 0.31406 -0.79318 0.52176
vn 0.10083 -0.97136 0.21516
vn 0.03980 -0.96873 -0.24491
vn -0.21741 -0.83138 -0.51141
vn -0.16346 -0.98140 -0.10067
vn -0.41244 -0.84435 -0.34201
vn -0.41806 -0.28604 -0.86221
vn -0.37870 -0.58099 -0.72044
vn -0.56669 -0.60289 -0.56160
vn -0.65377 -0.28371 -0.70149
vn -0.47398 0.04203 -0.87953
vn -0.64679 0.10526 -0.75537
vn -0.66644 0.72108 -0.18949
vn -0.80917 0.46187 -0.36320
vn -0.89811 0.43542 -0.06174
vn -0.78582 0.61436 0.07103
vn -0.86064 0.36423 0.35585
vn -0.91869 0.23357 0.31852
vn -0.77600 0.45264 0.43924
vn -0.62407 0.75555 0.19922
vn -0.42304 0.90603 -0.01220
vn -0.42513 0.79565 0.43153
vn -0.19980 0.93690 0.28688
vn -0.68132 0.46410 0.56604
vn -0.58524 0.41867 0.69442
vn -0.26131 0.69329 0.67161
vn -0.01880 0.80957 0.58672
vn -0.18579 0.49707 0.84758
vn 0.09885 0.58007 0.80854
vn -0.52707 0.32102 0.78685
vn -0.52329 0.19775 0.82889
vn -0.15510 0.26012 0.95304
vn 0.15923 0.27734 0.94749
vn -0.09284 -0.02635 0.99533
vn 0.17726 -0.07108 0.98159
vn -0.46470 0.04206 0.88447
vn -0.23808 -0.26727 0.93375
vn -0.57391 -0.08045 0.81496
vn 0.06385 -0.38774 0.91955
vn -0.10184 -0.65106 0.75216
vn -0.37939 -0.46455 0.80016
vn -0.63638 -0.18099 0.74984
vn -0.53257 -0.59865 0.59832
vn -0.71830 -0.24797 0.65004
vn -0.33131 -0.80199 0.49704
vn -0.53993 -0.81898 0.19429
vn -0.69973 -0.62114 0.35295
vn -0.81429 -0.24616 0.52568
vn -0.86592 -0.48070 0.13823
vn -0.89758 -0.16817 0.40751
vn -0.73489 -0.67340 -0.08042
vn -0.87217 -0.42358 -0.24476
vn -0.96130 -0.27527 0.01125
vn -0.93876 -0.06563 0.33826
vn -0.99767 -0.06684 -0.01369
vn -0.91352 0.04549 0.40424
vn -0.93671 -0.16166 -0.31055
vn -0.92021 0.13149 -0.36869
vn -0.98315 0.16783 -0.07246
vn -0.93983 0.09906 0.32696
vn -0.65040 -0.11440 0.75093
vn -0.58710 -0.17898 0.78948
vn -0.51261 -0.06264 0.85633
vn -0.60159 -0.01052 0.79874
vn -0.70318 -0.05370 0.70899
vn -0.66173 0.01288 0.74964
vn -0.74740 -0.10718 0.65567
vn -0.71168 -0.17012 0.68159
vn -0.68031 -0.25245 0.68808
vn -0.78886 -0.17420 0.58937
vn -0.77543 -0.27461 0.56859
vn -0.79193 -0.11381 0.59992
vn -0.84908 -0.14119 0.50905
vn -0.83337 -0.09281 0.54487
vn -0.86428 -0.21418 0.45513
vn -0.91432 -0.13817 0.38068
vn -0.89776 -0.07584 0.43391
vn -0.88376 -0.02732 0.46714
vn -0.92451 0.02354 0.38042
vn -0.90028 0.02508 0.43459
vn -0.95233 -0.01344 0.30476
vn -0.94581 0.15488 0.28541
vn -0.91220 0.16688 0.37423
vn -0.89043 0.11302 0.44087
vn -0.85466 0.23394 0.46349
vn -0.87104 0.27894 0.40434
vn -0.89101 0.30570 0.33562
vn -0.81844 0.39632 0.41603
vn -0.82057 0.34240 0.45763
vn -0.81258 0.27642 0.51314
vn -0.75795 0.33613 0.55904
vn -0.74942 0.39429 0.53189
vn -0.74216 0.45122 0.49558
vn -0.68556 0.37977 0.62111
vn -0.62668 0.46504 0.62531
vn -0.71712 0.31934 0.61949
vn -0.61932 0.32461 0.71489
vn -0.68243 0.26795 0.68007
vn -0.54138 0.38543 0.74723
vn -0.48657 0.29231 0.82329
vn -0.56932 0.24545 0.78462
vn -0.63086 0.21074 0.74673
vn -0.55948 0.15732 0.81377
vn -0.60626 0.14539 0.78186
vn -0.48566 0.18109 0.85518
vn -0.56505 0.08749 0.82041
vn -0.47982 0.07785 0.87391
vn -0.61543 0.08006 0.78411
vn -0.75478 -0.06095 0.65314
vn -0.71151 0.02991 0.70204
vn -0.81678 -0.01125 0.57685
vn -0.78458 0.10992 0.61021
vn -0.86205 0.06213 0.50300
vn -0.82652 0.17730 0.53425
vn -0.77564 0.25699 0.57649
vn -0.73055 0.21121 0.64937
vn -0.67044 0.13762 0.72909
vn -0.56821 -0.20601 0.79668
vn -0.66901 -0.27963 0.68865
vn -0.64349 -0.12365 0.75540
vn -0.71804 -0.17835 0.67276
vn -0.58751 -0.03202 0.80858
vn -0.48667 -0.07438 0.87041
vn -0.85948 -0.24822 0.44685
vn -0.76283 -0.29668 0.57451
vn -0.79159 -0.18957 0.58090
vn -0.84711 -0.13730 0.51338
vn -0.93152 -0.16203 0.32559
vn -0.96157 -0.01857 0.27392
vn -0.90682 -0.09156 0.41146
vn -0.91352 0.02430 0.40607
vn -0.90285 0.31595 0.29161
vn -0.95119 0.15518 0.26675
vn -0.87951 0.25063 0.40452
vn -0.92389 0.12883 0.36032
vn -0.81151 0.44174 0.38253
vn -0.70537 0.49718 0.50523
vn -0.75649 0.38011 0.53220
vn -0.82323 0.33270 0.46000
vn -0.52692 0.40699 0.74613
vn -0.60520 0.47868 0.63608
vn -0.60141 0.35162 0.71740
vn -0.67782 0.38750 0.62482
vn -0.43695 0.19446 0.87821
vn -0.47195 0.30232 0.82817
vn -0.52911 0.17022 0.83131
vn -0.57261 0.26660 0.77527
vn -0.43845 0.06482 0.89641
vn -0.56068 0.06992 0.82507
vn -0.77422 0.06609 0.62946
vn -0.78744 0.07043 0.61235
vn -0.76674 0.07237 0.63787
vn -0.78990 0.08203 0.60772
vn -0.79663 0.08001 0.59916
vn -0.79073 0.09143 0.60530
vn -0.76719 0.10946 0.63202
vn -0.80067 0.11918 0.58714
vn -0.78754 0.09955 0.60817
vn -0.78026 0.12001 0.61383
vn -0.78586 0.12443 0.60576
vn -0.77323 0.14365 0.61765
vn -0.77953 0.12971 0.61279
vn -0.71703 0.13316 0.68421
vn -0.75338 0.16263 0.63715
vn -0.75919 0.08268 0.64560
vn -0.48122 0.78868 -0.38264
vn -0.25430 0.96006 -0.11668
vn -0.67639 0.48311 -0.55597
vn 0.00359 0.98979 0.14249
vn 0.20401 0.86064 0.46657
vn 0.33870 0.60967 0.71665
vn 0.43786 0.24736 0.86434
vn 0.27880 -0.45763 0.84431
vn 0.38990 -0.14275 0.90973
vn -0.12023 -0.92100 0.37055
vn 0.13169 -0.75024 0.64791
vn -0.61455 -0.75883 -0.21566
vn -0.37804 -0.92376 0.06135
vn -0.81863 -0.22052 -0.53029
vn -0.74681 -0.50842 -0.42870
vn -0.80647 0.12463 -0.57799
# 1770 normals
usemtl red_blood_cell
f  94/1/1 1/2/2 91/3/3 95/4/4
f  95/4/4 91/3/3 2/5/5 92/6/6
f  93/7/7 95/4/4 92/6/6 3/8/8
f  4/9/9 94/1/1 95/4/4 93/7/7
f  92/6/6 2/5/5 96/10/10 99/11/11
f  99/11/11 96/10/10 5/12/12 97/13/13
f  98/14/14 99/11/11 97/13/13 6/15/15
f  3/8/8 92/6/6 99/11/11 98/14/14
f  97/13/13 5/12/12 100/16/16 103/17/17
f  101/18/18 103/17/17 100/16/16 7/19/19
f  102/20/20 103/17/17 101/18/18 8/21/21
f  6/15/15 97/13/13 103/17/17 102/20/20
f  107/22/22 101/18/18 7/19/19 104/23/23
f  107/22/22 104/23/23 9/24/24 105/25/25
f  10/26/26 106/27/27 107/22/22 105/25/25
f  106/27/27 8/21/21 101/18/18 107/22/22
f  105/25/25 9/24/24 108/28/28 111/29/29
f  111/29/29 108/28/28 11/30/30 109/31/31
f  12/32/32 110/33/33 111/29/29 109/31/31
f  10/26/26 105/25/25 111/29/29 110/33/33
f  109/31/31 11/30/30 112/34/34 115/35/35
f  115/35/35 112/34/34 13/36/36 113/37/37
f  14/38/38 114/39/39 115/35/35 113/37/37
f  12/32/32 109/31/31 115/35/35 114/39/39
f  113/37/37 13/36/36 116/40/40 119/41/41
f  117/42/42 119/41/41 116/40/40 15/43/43
f  16/44/44 118/45/45 119/41/41 117/42/42
f  14/38/38 113/37/37 119/41/41 118/45/45
f  122/46/46 117/42/42 15/43/43 120/47/47
f  122/46/46 120/47/47 1/2/2 94/1/1
f  121/48/48 122/46/46 94/1/1 4/9/9
f  121/48/48 16/44/44 117/42/42 122/46/46
f  126/49/49 17/50/50 123/51/51 127/52/52
f  127/52/52 123/51/51 18/53/53 124/54/54
f  125/55/55 127/52/52 124/54/54 19/56/56
f  20/57/57 126/49/49 127/52/52 125/55/55
f  124/54/54 18/53/53 128/58/58 131/59/59
f  131/59/59 128/58/58 21/60/60 129/61/61
f  130/62/62 131/59/59 129/61/61 22/63/63
f  19/56/56 124/54/54 131/59/59 130/62/62
f  129/61/61 21/60/60 132/64/64 135/65/65
f  135/65/65 132/64/64 23/66/66 133/67/67
f  134/68/68 135/65/65 133/67/67 24/69/69
f  22/63/63 129/61/61 135/65/65 134/68/68
f  139/70/70 133/67/67 23/66/66 136/71/71
f  137/72/72 139/70/70 136/71/71 25/73/73
f  26/74/74 138/75/75 139/70/70 137/72/72
f  138/75/75 24/69/69 133/67/67 139/70/70
f  143/76/76 137/72/72 25/73/73 140/77/77
f  141/78/78 143/76/76 140/77/77 27/79/79
f  28/80/80 142/81/81 143/76/76 141/78/78
f  142/81/81 26/74/74 137/72/72 143/76/76
f  147/82/82 141/78/78 27/79/79 144/83/83
f  145/84/84 147/82/82 144/83/83 29/85/85
f  30/86/86 146/87/87 147/82/82 145/84/84
f  146/87/87 28/80/80 141/78/78 147/82/82
f  145/84/84 29/85/85 148/88/88 151/89/89
f  151/89/89 148/88/88 31/90/90 149/91/91
f  32/92/92 150/93/93 151/89/89 149/91/91
f  30/86/86 145/84/84 151/89/89 150/93/93
f  149/91/91 31/90/90 152/94/94 154/95/95
f  154/95/95 152/94/94 17/50/50 126/49/49
f  20/57/57 153/96/96 154/95/95 126/49/49
f  32/92/92 149/91/91 154/95/95 153/96/96
f  157/97/97 125/55/55 19/56/56 130/62/62
f  155/98/98 157/97/97 130/62/62 22/63/63
f  33/99/99 156/100/100 157/97/97 155/98/98
f  156/100/100 20/57/57 125/55/55 157/97/97
f  159/101/101 134/68/68 24/69/69 138/75/75
f  158/102/102 159/101/101 138/75/75 26/74/74
f  33/99/99 155/98/98 159/101/101 158/102/102
f  155/98/98 22/63/63 134/68/68 159/101/101
f  161/103/103 142/81/81 28/80/80 146/87/87
f  160/104/104 161/103/103 146/87/87 30/86/86
f  33/99/99 158/102/102 161/103/103 160/104/104
f  158/102/102 26/74/74 142/81/81 161/103/103
f  162/105/105 150/93/93 32/92/92 153/96/96
f  156/100/100 162/105/105 153/96/96 20/57/57
f  33/99/99 160/104/104 162/105/105 156/100/100
f  160/104/104 30/86/86 150/93/93 162/105/105
f  165/106/106 18/53/53 123/51/51 166/107/107
f  166/107/107 123/51/51 17/50/50 163/108/108
f  164/109/109 166/107/107 163/108/108 34/110/110
f  35/111/111 165/106/106 166/107/107 164/109/109
f  168/112/112 21/60/60 128/58/58 169/113/113
f  169/113/113 128/58/58 18/53/53 165/106/106
f  167/114/114 169/113/113 165/106/106 35/111/111
f  36/115/115 168/112/112 169/113/113 167/114/114
f  171/116/116 23/66/66 132/64/64 172/117/117
f  172/117/117 132/64/64 21/60/60 168/112/112
f  170/118/118 172/117/117 168/112/112 36/115/115
f  37/119/119 171/116/116 172/117/117 170/118/118
f  175/120/120 174/121/121 25/73/73 136/71/71
f  175/120/120 136/71/71 23/66/66 171/116/116
f  173/122/122 175/120/120 171/116/116 37/119/119
f  173/122/122 38/123/123 174/121/121 175/120/120
f  178/124/124 177/125/125 27/79/79 140/77/77
f  174/121/121 178/124/124 140/77/77 25/73/73
f  38/123/123 176/126/126 178/124/124 174/121/121
f  176/126/126 39/127/127 177/125/125 178/124/124
f  181/128/128 180/129/129 29/85/85 144/83/83
f  177/125/125 181/128/128 144/83/83 27/79/79
f  39/127/127 179/130/130 181/128/128 177/125/125
f  179/130/130 40/131/131 180/129/129 181/128/128
f  184/132/132 183/133/133 31/90/90 148/88/88
f  184/132/132 148/88/88 29/85/85 180/129/129
f  182/134/134 184/132/132 180/129/129 40/131/131
f  182/134/134 41/135/135 183/133/133 184/132/132
f  163/108/108 17/50/50 152/94/94 186/136/136
f  186/136/136 152/94/94 31/90/90 183/133/133
f  185/137/137 186/136/136 183/133/133 41/135/135
f  34/110/110 163/108/108 186/136/136 185/137/137
f  188/138/138 35/111/111 164/109/109 189/139/139
f  189/139/139 164/109/109 34/110/110 187/140/140
f  93/7/7 189/139/139 187/140/140 4/9/9
f  3/8/8 188/138/138 189/139/139 93/7/7
f  190/141/141 36/115/115 167/114/114 191/142/142
f  191/142/142 167/114/114 35/111/111 188/138/138
f  98/14/14 191/142/142 188/138/138 3/8/8
f  6/15/15 190/141/141 191/142/142 98/14/14
f  192/143/143 37/119/119 170/118/118 193/144/144
f  193/144/144 170/118/118 36/115/115 190/141/141
f  102/20/20 193/144/144 190/141/141 6/15/15
f  8/21/21 192/143/143 193/144/144 102/20/20
f  195/145/145 194/146/146 38/123/123 173/122/122
f  195/145/145 173/122/122 37/119/119 192/143/143
f  106/27/27 195/145/145 192/143/143 8/21/21
f  106/27/27 10/26/26 194/146/146 195/145/145
f  197/147/147 196/148/148 39/127/127 176/126/126
f  194/146/146 197/147/147 176/126/126 38/123/123
f  10/26/26 110/33/33 197/147/147 194/146/146
f  110/33/33 12/32/32 196/148/148 197/147/147
f  199/149/149 198/150/150 40/131/131 179/130/130
f  196/148/148 199/149/149 179/130/130 39/127/127
f  12/32/32 114/39/39 199/149/149 196/148/148
f  14/38/38 198/150/150 199/149/149 114/39/39
f  201/151/151 200/152/152 41/135/135 182/134/134
f  201/151/151 182/134/134 40/131/131 198/150/150
f  118/45/45 201/151/151 198/150/150 14/38/38
f  118/45/45 16/44/44 200/152/152 201/151/151
f  187/140/140 34/110/110 185/137/137 202/153/153
f  200/152/152 202/153/153 185/137/137 41/135/135
f  16/44/44 121/48/48 202/153/153 200/152/152
f  4/9/9 187/140/140 202/153/153 121/48/48
f  205/154/154 2/5/5 91/3/3 206/155/155
f  206/155/155 91/3/3 1/2/2 203/156/156
f  204/157/157 206/155/155 203/156/156 42/158/158
f  43/159/159 205/154/154 206/155/155 204/157/157
f  208/160/160 5/12/12 96/10/10 209/161/161
f  209/161/161 96/10/10 2/5/5 205/154/154
f  207/162/162 209/161/161 205/154/154 43/159/159
f  44/163/163 208/160/160 209/161/161 207/162/162
f  212/164/164 211/165/165 7/19/19 100/16/16
f  208/160/160 212/164/164 100/16/16 5/12/12
f  44/163/163 210/166/166 212/164/164 208/160/160
f  210/166/166 45/167/167 211/165/165 212/164/164
f  214/168/168 9/24/24 104/23/23 215/169/169
f  211/165/165 215/169/169 104/23/23 7/19/19
f  45/167/167 213/170/170 215/169/169 211/165/165
f  46/171/171 214/168/168 215/169/169 213/170/170
f  217/172/172 11/30/30 108/28/28 218/173/173
f  218/173/173 108/28/28 9/24/24 214/168/168
f  216/174/174 218/173/173 214/168/168 46/171/171
f  47/175/175 217/172/172 218/173/173 216/174/174
f  220/176/176 13/36/36 112/34/34 221/177/177
f  221/177/177 112/34/34 11/30/30 217/172/172
f  219/178/178 221/177/177 217/172/172 47/175/175
f  48/179/179 220/176/176 221/177/177 219/178/178
f  224/180/180 223/181/181 15/43/43 116/40/40
f  224/180/180 116/40/40 13/36/36 220/176/176
f  222/182/182 224/180/180 220/176/176 48/179/179
f  222/182/182 49/183/183 223/181/181 224/180/180
f  203/156/156 1/2/2 120/47/47 226/184/184
f  223/181/181 226/184/184 120/47/47 15/43/43
f  225/185/185 226/184/184 223/181/181 49/183/183
f  225/185/185 42/158/158 203/156/156 226/184/184
f  230/186/186 50/187/187 227/188/188 231/189/189
f  231/189/189 227/188/188 51/190/190 228/191/191
f  52/192/192 229/193/193 231/189/189 228/191/191
f  53/194/194 230/186/186 231/189/189 229/193/193
f  234/195/195 53/194/194 229/193/193 235/196/196
f  235/196/196 229/193/193 52/192/192 232/197/197
f  233/198/198 235/196/196 232/197/197 54/199/199
f  55/200/200 234/195/195 235/196/196 233/198/198
f  238/201/201 55/200/200 233/198/198 239/202/202
f  239/202/202 233/198/198 54/199/199 236/203/203
f  237/204/204 239/202/202 236/203/203 56/205/205
f  57/206/206 238/201/201 239/202/202 237/204/204
f  242/207/207 57/206/206 237/204/204 243/208/208
f  240/209/209 243/208/208 237/204/204 56/205/205
f  58/210/210 241/211/211 243/208/208 240/209/209
f  241/211/211 59/212/212 242/207/207 243/208/208
f  247/213/213 246/214/214 59/212/212 241/211/211
f  244/215/215 247/213/213 241/211/211 58/210/210
f  60/216/216 245/217/217 247/213/213 244/215/215
f  245/217/217 61/218/218 246/214/214 247/213/213
f  251/219/219 250/220/220 61/218/218 245/217/217
f  248/221/221 251/219/219 245/217/217 60/216/216
f  249/222/222 251/219/219 248/221/221 62/223/223
f  63/224/224 250/220/220 251/219/219 249/222/222
f  254/225/225 63/224/224 249/222/222 255/226/226
f  255/226/226 249/222/222 62/223/223 252/227/227
f  64/228/228 253/229/229 255/226/226 252/227/227
f  253/229/229 65/230/230 254/225/225 255/226/226
f  257/231/231 65/230/230 253/229/229 258/232/232
f  258/232/232 253/229/229 64/228/228 256/233/233
f  227/188/188 258/232/232 256/233/233 51/190/190
f  50/187/187 257/231/231 258/232/232 227/188/188
f  262/234/234 66/235/235 259/236/236 263/237/237
f  263/237/237 259/236/236 67/238/238 260/239/239
f  261/240/240 263/237/237 260/239/239 68/241/241
f  69/242/242 262/234/234 263/237/237 261/240/240
f  266/243/243 69/242/242 261/240/240 267/244/244
f  267/244/244 261/240/240 68/241/241 264/245/245
f  265/246/246 267/244/244 264/245/245 70/247/247
f  71/248/248 266/243/243 267/244/244 265/246/246
f  270/249/249 71/248/248 265/246/246 271/250/250
f  271/250/250 265/246/246 70/247/247 268/251/251
f  72/252/252 269/253/253 271/250/250 268/251/251
f  269/253/253 73/254/254 270/249/249 271/250/250
f  275/255/255 274/256/256 73/254/254 269/253/253
f  272/257/257 275/255/255 269/253/253 72/252/252
f  74/258/258 273/259/259 275/255/255 272/257/257
f  273/259/259 75/260/260 274/256/256 275/255/255
f  279/261/261 278/262/262 75/260/260 273/259/259
f  279/261/261 273/259/259 74/258/258 276/263/263
f  76/264/264 277/265/265 279/261/261 276/263/263
f  277/265/265 77/266/266 278/262/262 279/261/261
f  283/267/267 282/268/268 77/266/266 277/265/265
f  280/269/269 283/267/267 277/265/265 76/264/264
f  78/270/270 281/271/271 283/267/267 280/269/269
f  281/271/271 79/272/272 282/268/268 283/267/267
f  286/273/273 79/272/272 281/271/271 287/274/274
f  287/274/274 281/271/271 78/270/270 284/275/275
f  80/276/276 285/277/277 287/274/274 284/275/275
f  285/277/277 81/278/278 286/273/273 287/274/274
f  289/279/279 81/278/278 285/277/277 290/280/280
f  290/280/280 285/277/277 80/276/276 288/281/281
f  67/238/238 259/236/236 290/280/280 288/281/281
f  66/235/235 289/279/279 290/280/280 259/236/236
f  293/282/282 264/245/245 68/241/241 260/239/239
f  291/283/283 293/282/282 260/239/239 67/238/238
f  82/284/284 292/285/285 293/282/282 291/283/283
f  292/285/285 70/247/247 264/245/245 293/282/282
f  295/286/286 272/257/257 72/252/252 268/251/251
f  292/285/285 295/286/286 268/251/251 70/247/247
f  82/284/284 294/287/287 295/286/286 292/285/285
f  294/287/287 74/258/258 272/257/257 295/286/286
f  297/288/288 280/269/269 76/264/264 276/263/263
f  294/287/287 297/288/288 276/263/263 74/258/258
f  82/284/284 296/289/289 297/288/288 294/287/287
f  296/289/289 78/270/270 280/269/269 297/288/288
f  298/290/290 288/281/281 80/276/276 284/275/275
f  296/289/289 298/290/290 284/275/275 78/270/270
f  82/284/284 291/283/283 298/290/290 296/289/289
f  291/283/283 67/238/238 288/281/281 298/290/290
f  262/234/234 69/242/242 299/291/291 302/292/292
f  302/292/292 299/291/291 83/293/293 300/294/294
f  301/295/295 302/292/292 300/294/294 84/296/296
f  66/235/235 262/234/234 302/292/292 301/295/295
f  266/243/243 71/248/248 303/297/297 305/298/298
f  305/298/298 303/297/297 85/299/299 304/300/300
f  299/291/291 305/298/298 304/300/300 83/293/293
f  69/242/242 266/243/243 305/298/298 299/291/291
f  308/301/301 270/249/249 73/254/254 306/302/302
f  307/303/303 308/301/301 306/302/302 86/304/304
f  303/297/297 308/301/301 307/303/303 85/299/299
f  71/248/248 270/249/249 308/301/301 303/297/297
f  311/305/305 274/256/256 75/260/260 309/306/306
f  310/307/307 311/305/305 309/306/306 87/308/308
f  86/304/304 306/302/302 311/305/305 310/307/307
f  306/302/302 73/254/254 274/256/256 311/305/305
f  314/309/309 278/262/262 77/266/266 312/310/310
f  313/311/311 314/309/309 312/310/310 88/312/312
f  87/308/308 309/306/306 314/309/309 313/311/311
f  309/306/306 75/260/260 278/262/262 314/309/309
f  317/313/313 282/268/268 79/272/272 315/314/314
f  316/315/315 317/313/313 315/314/314 89/316/316
f  88/312/312 312/310/310 317/313/313 316/315/315
f  312/310/310 77/266/266 282/268/268 317/313/313
f  320/317/317 286/273/273 81/278/278 318/318/318
f  319/319/319 320/317/317 318/318/318 90/320/320
f  315/314/314 320/317/317 319/319/319 89/316/316
f  79/272/272 286/273/273 320/317/317 315/314/314
f  289/279/279 66/235/235 301/295/295 322/321/321
f  322/321/321 301/295/295 84/296/296 321/322/322
f  90/320/320 318/318/318 322/321/321 321/322/322
f  318/318/318 81/278/278 289/279/279 322/321/321
f  300/294/294 83/293/293 323/323/323 325/324/324
f  228/191/191 325/324/324 323/323/323 52/192/192
f  324/325/325 325/324/324 228/191/191 51/190/190
f  84/296/296 300/294/294 325/324/324 324/325/325
f  304/300/300 85/299/299 326/326/326 327/327/327
f  327/327/327 326/326/326 54/199/199 232/197/197
f  323/323/323 327/327/327 232/197/197 52/192/192
f  83/293/293 304/300/300 327/327/327 323/323/323
f  307/303/303 86/304/304 328/328/328 329/329/329
f  329/329/329 328/328/328 56/205/205 236/203/203
f  326/326/326 329/329/329 236/203/203 54/199/199
f  85/299/299 307/303/303 329/329/329 326/326/326
f  331/330/330 310/307/307 87/308/308 330/331/331
f  240/209/209 331/330/330 330/331/331 58/210/210
f  56/205/205 328/328/328 331/330/330 240/209/209
f  328/328/328 86/304/304 310/307/307 331/330/330
f  333/332/332 313/311/311 88/312/312 332/333/333
f  244/215/215 333/332/332 332/333/333 60/216/216
f  58/210/210 330/331/331 333/332/332 244/215/215
f  330/331/331 87/308/308 313/311/311 333/332/332
f  335/334/334 316/315/315 89/316/316 334/335/335
f  248/221/221 335/334/334 334/335/335 62/223/223
f  60/216/216 332/333/333 335/334/334 248/221/221
f  332/333/333 88/312/312 316/315/315 335/334/334
f  337/336/336 319/319/319 90/320/320 336/337/337
f  252/227/227 337/336/336 336/337/337 64/228/228
f  334/335/335 337/336/336 252/227/227 62/223/223
f  89/316/316 319/319/319 337/336/336 334/335/335
f  321/322/322 84/296/296 324/325/325 338/338/338
f  338/338/338 324/325/325 51/190/190 256/233/233
f  336/337/337 338/338/338 256/233/233 64/228/228
f  336/337/337 90/320/320 321/322/322 338/338/338
f  230/186/186 53/194/194 339/339/339 341/340/340
f  341/340/340 339/339/339 43/341/159 204/342/157
f  340/343/341 341/340/340 204/342/157 42/344/158
f  50/187/187 230/186/186 341/340/340 340/343/341
f  234/195/195 55/200/200 342/345/342 343/346/343
f  343/346/343 342/345/342 44/347/163 207/348/162
f  339/339/339 343/346/343 207/348/162 43/341/159
f  53/194/194 234/195/195 343/346/343 339/339/339
f  238/201/201 57/206/206 344/349/344 345/350/345
f  345/350/345 344/349/344 45/351/167 210/352/166
f  342/345/342 345/350/345 210/352/166 44/347/163
f  55/200/200 238/201/201 345/350/345 342/345/342
f  347/353/346 242/207/207 59/212/212 346/354/347
f  213/355/170 347/353/346 346/354/347 46/356/171
f  344/349/344 347/353/346 213/355/170 45/351/167
f  57/206/206 242/207/207 347/353/346 344/349/344
f  349/357/348 246/214/214 61/218/218 348/358/349
f  216/359/174 349/357/348 348/358/349 47/360/175
f  46/356/171 346/354/347 349/357/348 216/359/174
f  346/354/347 59/212/212 246/214/214 349/357/348
f  250/220/220 63/224/224 350/361/350 351/362/351
f  351/362/351 350/361/350 48/363/179 219/364/178
f  47/360/175 348/358/349 351/362/351 219/364/178
f  348/358/349 61/218/218 250/220/220 351/362/351
f  254/225/225 65/230/230 352/365/352 353/366/353
f  353/366/353 352/365/352 49/367/183 222/368/182
f  350/361/350 353/366/353 222/368/182 48/363/179
f  63/224/224 254/225/225 353/366/353 350/361/350
f  257/231/231 50/187/187 340/343/341 354/369/354
f  354/369/354 340/343/341 42/344/158 225/370/185
f  352/365/352 354/369/354 225/370/185 49/367/183
f  65/230/230 257/231/231 354/369/354 352/365/352
f  448/371/355 355/372/356 445/373/357 449/374/358
f  449/374/358 445/373/357 356/375/359 446/376/360
f  447/377/361 449/374/358 446/376/360 357/378/362
f  358/379/363 448/371/355 449/374/358 447/377/361
f  446/376/360 356/375/359 450/380/364 453/381/365
f  453/381/365 450/380/364 359/382/366 451/383/367
f  452/384/368 453/381/365 451/383/367 360/385/369
f  357/378/362 446/376/360 453/381/365 452/384/368
f  451/383/367 359/382/366 454/386/370 457/387/371
f  457/387/371 454/386/370 361/388/372 455/389/373
f  362/390/374 456/391/375 457/387/371 455/389/373
f  360/385/369 451/383/367 457/387/371 456/391/375
f  455/389/373 361/388/372 458/392/376 461/393/377
f  459/394/378 461/393/377 458/392/376 363/395/379
f  364/396/380 460/397/381 461/393/377 459/394/378
f  362/390/374 455/389/373 461/393/377 460/397/381
f  465/398/382 459/394/378 363/395/379 462/399/383
f  465/398/382 462/399/383 365/400/384 463/401/385
f  464/402/386 465/398/382 463/401/385 366/403/387
f  464/402/386 364/396/380 459/394/378 465/398/382
f  463/401/385 365/400/384 466/404/388 469/405/389
f  469/405/389 466/404/388 367/406/390 467/407/391
f  468/408/392 469/405/389 467/407/391 368/409/393
f  366/403/387 463/401/385 469/405/389 468/408/392
f  467/407/391 367/406/390 470/410/394 473/411/395
f  473/411/395 470/410/394 369/412/396 471/413/397
f  472/414/398 473/411/395 471/413/397 370/415/399
f  368/409/393 467/407/391 473/411/395 472/414/398
f  471/413/397 369/412/396 474/416/400 476/417/401
f  476/417/401 474/416/400 355/372/356 448/371/355
f  358/379/363 475/418/402 476/417/401 448/371/355
f  370/415/399 471/413/397 476/417/401 475/418/402
f  480/419/403 371/420/404 477/421/405 481/422/406
f  481/422/406 477/421/405 372/423/407 478/424/408
f  373/425/409 479/426/410 481/422/406 478/424/408
f  374/427/411 480/419/403 481/422/406 479/426/410
f  478/424/408 372/423/407 482/428/412 485/429/413
f  485/429/413 482/428/412 375/430/414 483/431/415
f  376/432/416 484/433/417 485/429/413 483/431/415
f  373/425/409 478/424/408 485/429/413 484/433/417
f  489/434/418 483/431/415 375/430/414 486/435/419
f  487/436/420 489/434/418 486/435/419 377/437/421
f  378/438/422 488/439/423 489/434/418 487/436/420
f  376/432/416 483/431/415 489/434/418 488/439/423
f  487/436/420 377/437/421 490/440/424 493/441/425
f  491/442/426 493/441/425 490/440/424 379/443/427
f  380/444/428 492/445/429 493/441/425 491/442/426
f  378/438/422 487/436/420 493/441/425 492/445/429
f  491/442/426 379/443/427 494/446/430 497/447/431
f  497/447/431 494/446/430 381/448/432 495/449/433
f  382/450/434 496/451/435 497/447/431 495/449/433
f  380/444/428 491/442/426 497/447/431 496/451/435
f  495/449/433 381/448/432 498/452/436 501/453/437
f  499/454/438 501/453/437 498/452/436 383/455/439
f  384/456/440 500/457/441 501/453/437 499/454/438
f  382/450/434 495/449/433 501/453/437 500/457/441
f  499/454/438 383/455/439 502/458/442 505/459/443
f  505/459/443 502/458/442 385/460/444 503/461/445
f  386/462/446 504/463/447 505/459/443 503/461/445
f  384/456/440 499/454/438 505/459/443 504/463/447
f  508/464/448 503/461/445 385/460/444 506/465/449
f  480/419/403 508/464/448 506/465/449 371/420/404
f  374/427/411 507/466/450 508/464/448 480/419/403
f  386/462/446 503/461/445 508/464/448 507/466/450
f  511/467/451 479/426/410 373/425/409 484/433/417
f  509/468/452 511/467/451 484/433/417 376/432/416
f  387/469/453 510/470/454 511/467/451 509/468/452
f  510/470/454 374/427/411 479/426/410 511/467/451
f  513/471/455 488/439/423 378/438/422 492/445/429
f  512/472/456 513/471/455 492/445/429 380/444/428
f  387/469/453 509/468/452 513/471/455 512/472/456
f  509/468/452 376/432/416 488/439/423 513/471/455
f  515/473/457 496/451/435 382/450/434 500/457/441
f  514/474/458 515/473/457 500/457/441 384/456/440
f  387/469/453 512/472/456 515/473/457 514/474/458
f  512/472/456 380/444/428 496/451/435 515/473/457
f  516/475/459 504/463/447 386/462/446 507/466/450
f  510/470/454 516/475/459 507/466/450 374/427/411
f  387/469/453 514/474/458 516/475/459 510/470/454
f  514/474/458 384/456/440 504/463/447 516/475/459
f  519/476/460 372/423/407 477/421/405 520/477/461
f  520/477/461 477/421/405 371/420/404 517/478/462
f  518/479/463 520/477/461 517/478/462 388/480/464
f  389/481/465 519/476/460 520/477/461 518/479/463
f  522/482/466 375/430/414 482/428/412 523/483/467
f  523/483/467 482/428/412 372/423/407 519/476/460
f  521/484/468 523/483/467 519/476/460 389/481/465
f  390/485/469 522/482/466 523/483/467 521/484/468
f  526/486/470 525/487/471 377/437/421 486/435/419
f  522/482/466 526/486/470 486/435/419 375/430/414
f  390/485/469 524/488/472 526/486/470 522/482/466
f  524/488/472 391/489/473 525/487/471 526/486/470
f  529/490/474 528/491/475 379/443/427 490/440/424
f  529/490/474 490/440/424 377/437/421 525/487/471
f  527/492/476 529/490/474 525/487/471 391/489/473
f  527/492/476 392/493/477 528/491/475 529/490/474
f  531/494/478 381/448/432 494/446/430 532/495/479
f  532/495/479 494/446/430 379/443/427 528/491/475
f  530/496/480 532/495/479 528/491/475 392/493/477
f  393/497/481 531/494/478 532/495/479 530/496/480
f  534/498/482 383/455/439 498/452/436 535/499/483
f  535/499/483 498/452/436 381/448/432 531/494/478
f  533/500/484 535/499/483 531/494/478 393/497/481
f  394/501/485 534/498/482 535/499/483 533/500/484
f  537/502/486 385/460/444 502/458/442 538/503/487
f  538/503/487 502/458/442 383/455/439 534/498/482
f  536/504/488 538/503/487 534/498/482 394/501/485
f  395/505/489 537/502/486 538/503/487 536/504/488
f  540/506/490 517/478/462 371/420/404 506/465/449
f  537/502/486 540/506/490 506/465/449 385/460/444
f  395/505/489 539/507/491 540/506/490 537/502/486
f  539/507/491 388/480/464 517/478/462 540/506/490
f  542/508/492 389/481/465 518/479/463 543/509/493
f  543/509/493 518/479/463 388/480/464 541/510/494
f  447/377/361 543/509/493 541/510/494 358/379/363
f  357/378/362 542/508/492 543/509/493 447/377/361
f  544/511/495 390/485/469 521/484/468 545/512/496
f  545/512/496 521/484/468 389/481/465 542/508/492
f  452/384/368 545/512/496 542/508/492 357/378/362
f  360/385/369 544/511/495 545/512/496 452/384/368
f  547/513/497 546/514/498 391/489/473 524/488/472
f  544/511/495 547/513/497 524/488/472 390/485/469
f  360/385/369 456/391/375 547/513/497 544/511/495
f  456/391/375 362/390/374 546/514/498 547/513/497
f  549/515/499 548/516/500 392/493/477 527/492/476
f  549/515/499 527/492/476 391/489/473 546/514/498
f  460/397/381 549/515/499 546/514/498 362/390/374
f  460/397/381 364/396/380 548/516/500 549/515/499
f  550/517/501 393/497/481 530/496/480 551/518/502
f  551/518/502 530/496/480 392/493/477 548/516/500
f  364/396/380 464/402/386 551/518/502 548/516/500
f  366/403/387 550/517/501 551/518/502 464/402/386
f  552/519/503 394/501/485 533/500/484 553/520/504
f  553/520/504 533/500/484 393/497/481 550/517/501
f  468/408/392 553/520/504 550/517/501 366/403/387
f  368/409/393 552/519/503 553/520/504 468/408/392
f  554/521/505 395/505/489 536/504/488 555/522/506
f  555/522/506 536/504/488 394/501/485 552/519/503
f  472/414/398 555/522/506 552/519/503 368/409/393
f  370/415/399 554/521/505 555/522/506 472/414/398
f  556/523/507 541/510/494 388/480/464 539/507/491
f  554/521/505 556/523/507 539/507/491 395/505/489
f  370/415/399 475/418/402 556/523/507 554/521/505
f  475/418/402 358/379/363 541/510/494 556/523/507
f  559/524/508 356/375/359 445/373/357 560/525/509
f  560/525/509 445/373/357 355/372/356 557/526/510
f  558/527/511 560/525/509 557/526/510 396/528/512
f  397/529/513 559/524/508 560/525/509 558/527/511
f  562/530/514 359/382/366 450/380/364 563/531/515
f  563/531/515 450/380/364 356/375/359 559/524/508
f  561/532/516 563/531/515 559/524/508 397/529/513
f  398/533/517 562/530/514 563/531/515 561/532/516
f  565/534/518 361/388/372 454/386/370 566/535/519
f  566/535/519 454/386/370 359/382/366 562/530/514
f  564/536/520 566/535/519 562/530/514 398/533/517
f  399/537/521 565/534/518 566/535/519 564/536/520
f  568/538/522 363/395/379 458/392/376 569/539/523
f  569/539/523 458/392/376 361/388/372 565/534/518
f  567/540/524 569/539/523 565/534/518 399/537/521
f  400/541/525 568/538/522 569/539/523 567/540/524
f  571/542/526 365/400/384 462/399/383 572/543/527
f  568/538/522 572/543/527 462/399/383 363/395/379
f  400/541/525 570/544/528 572/543/527 568/538/522
f  401/545/529 571/542/526 572/543/527 570/544/528
f  574/546/530 367/406/390 466/404/388 575/547/531
f  575/547/531 466/404/388 365/400/384 571/542/526
f  573/548/532 575/547/531 571/542/526 401/545/529
f  402/549/533 574/546/530 575/547/531 573/548/532
f  577/550/534 369/412/396 470/410/394 578/551/535
f  578/551/535 470/410/394 367/406/390 574/546/530
f  576/552/536 578/551/535 574/546/530 402/549/533
f  403/553/537 577/550/534 578/551/535 576/552/536
f  557/526/510 355/372/356 474/416/400 580/554/538
f  580/554/538 474/416/400 369/412/396 577/550/534
f  579/555/539 580/554/538 577/550/534 403/553/537
f  396/528/512 557/526/510 580/554/538 579/555/539
f  585/556/540 584/557/541 404/558/542 581/559/543
f  582/560/544 585/556/540 581/559/543 405/561/545
f  583/562/546 585/556/540 582/560/544 406/563/547
f  407/564/548 584/557/541 585/556/540 583/562/546
f  588/565/549 407/564/548 583/562/546 589/566/550
f  589/566/550 583/562/546 406/563/547 586/567/551
f  587/568/552 589/566/550 586/567/551 408/569/553
f  409/570/554 588/565/549 589/566/550 587/568/552
f  592/571/555 409/570/554 587/568/552 593/572/556
f  593/572/556 587/568/552 408/569/553 590/573/557
f  591/574/558 593/572/556 590/573/557 410/575/559
f  411/576/560 592/571/555 593/572/556 591/574/558
f  596/577/561 411/576/560 591/574/558 597/578/562
f  597/578/562 591/574/558 410/575/559 594/579/563
f  595/580/564 597/578/562 594/579/563 412/581/565
f  413/582/566 596/577/561 597/578/562 595/580/564
f  600/583/567 413/582/566 595/580/564 601/584/568
f  601/584/568 595/580/564 412/581/565 598/585/569
f  599/586/570 601/584/568 598/585/569 414/587/571
f  415/588/572 600/583/567 601/584/568 599/586/570
f  604/589/573 415/588/572 599/586/570 605/590/574
f  605/590/574 599/586/570 414/587/571 602/591/575
f  603/592/576 605/590/574 602/591/575 416/593/577
f  417/594/578 604/589/573 605/590/574 603/592/576
f  608/595/579 417/594/578 603/592/576 609/596/580
f  609/596/580 603/592/576 416/593/577 606/597/581
f  607/598/582 609/596/580 606/597/581 418/599/583
f  419/600/584 608/595/579 609/596/580 607/598/582
f  611/601/585 419/600/584 607/598/582 612/602/586
f  612/602/586 607/598/582 418/599/583 610/603/587
f  405/561/545 581/559/543 612/602/586 610/603/587
f  581/559/543 404/558/542 611/601/585 612/602/586
f  616/604/588 420/605/589 613/606/590 617/607/591
f  617/607/591 613/606/590 421/608/592 614/609/593
f  422/610/594 615/611/595 617/607/591 614/609/593
f  423/612/596 616/604/588 617/607/591 615/611/595
f  620/613/597 423/612/596 615/611/595 621/614/598
f  621/614/598 615/611/595 422/610/594 618/615/599
f  424/616/600 619/617/601 621/614/598 618/615/599
f  619/617/601 425/618/602 620/613/597 621/614/598
f  624/619/603 425/618/602 619/617/601 625/620/604
f  625/620/604 619/617/601 424/616/600 622/621/605
f  426/622/606 623/623/607 625/620/604 622/621/605
f  427/624/608 624/619/603 625/620/604 623/623/607
f  628/625/609 427/624/608 623/623/607 629/626/610
f  629/626/610 623/623/607 426/622/606 626/627/611
f  428/628/612 627/629/613 629/626/610 626/627/611
f  627/629/613 429/630/614 628/625/609 629/626/610
f  632/631/615 429/630/614 627/629/613 633/632/616
f  633/632/616 627/629/613 428/628/612 630/633/617
f  430/634/618 631/635/619 633/632/616 630/633/617
f  431/636/620 632/631/615 633/632/616 631/635/619
f  636/637/621 431/636/620 631/635/619 637/638/622
f  637/638/622 631/635/619 430/634/618 634/639/623
f  432/640/624 635/641/625 637/638/622 634/639/623
f  635/641/625 433/642/626 636/637/621 637/638/622
f  640/643/627 433/642/626 635/641/625 641/644/628
f  641/644/628 635/641/625 432/640/624 638/645/629
f  434/646/630 639/647/631 641/644/628 638/645/629
f  435/648/632 640/643/627 641/644/628 639/647/631
f  643/649/633 435/648/632 639/647/631 644/650/634
f  644/650/634 639/647/631 434/646/630 642/651/635
f  421/608/592 613/606/590 644/650/634 642/651/635
f  613/606/590 420/605/589 643/649/633 644/650/634
f  647/652/636 618/615/599 422/610/594 614/609/593
f  645/653/637 647/652/636 614/609/593 421/608/592
f  436/654/638 646/655/639 647/652/636 645/653/637
f  646/655/639 424/616/600 618/615/599 647/652/636
f  649/656/640 626/627/611 426/622/606 622/621/605
f  646/655/639 649/656/640 622/621/605 424/616/600
f  436/654/638 648/657/641 649/656/640 646/655/639
f  648/657/641 428/628/612 626/627/611 649/656/640
f  651/658/642 634/639/623 430/634/618 630/633/617
f  648/657/641 651/658/642 630/633/617 428/628/612
f  436/654/638 650/659/643 651/658/642 648/657/641
f  650/659/643 432/640/624 634/639/623 651/658/642
f  652/660/644 642/651/635 434/646/630 638/645/629
f  650/659/643 652/660/644 638/645/629 432/640/624
f  436/654/638 645/653/637 652/660/644 650/659/643
f  645/653/637 421/608/592 642/651/635 652/660/644
f  616/604/588 423/612/596 653/661/645 656/662/646
f  656/662/646 653/661/645 437/663/647 654/664/648
f  655/665/649 656/662/646 654/664/648 438/666/650
f  420/605/589 616/604/588 656/662/646 655/665/649
f  620/613/597 425/618/602 657/667/651 659/668/652
f  659/668/652 657/667/651 439/669/653 658/670/654
f  653/661/645 659/668/652 658/670/654 437/663/647
f  423/612/596 620/613/597 659/668/652 653/661/645
f  624/619/603 427/624/608 660/671/655 662/672/656
f  662/672/656 660/671/655 440/673/657 661/674/658
f  657/667/651 662/672/656 661/674/658 439/669/653
f  425/618/602 624/619/603 662/672/656 657/667/651
f  628/625/609 429/630/614 663/675/659 665/676/660
f  665/676/660 663/675/659 441/677/661 664/678/662
f  660/671/655 665/676/660 664/678/662 440/673/657
f  427/624/608 628/625/609 665/676/660 660/671/655
f  632/631/615 431/636/620 666/679/663 668/680/664
f  668/680/664 666/679/663 442/681/665 667/682/666
f  663/675/659 668/680/664 667/682/666 441/677/661
f  429/630/614 632/631/615 668/680/664 663/675/659
f  636/637/621 433/642/626 669/683/667 671/684/668
f  671/684/668 669/683/667 443/685/669 670/686/670
f  666/679/663 671/684/668 670/686/670 442/681/665
f  431/636/620 636/637/621 671/684/668 666/679/663
f  674/687/671 640/643/627 435/648/632 672/688/672
f  674/687/671 672/688/672 444/689/673 673/690/674
f  669/683/667 674/687/671 673/690/674 443/685/669
f  433/642/626 640/643/627 674/687/671 669/683/667
f  643/649/633 420/605/589 655/665/649 676/691/675
f  676/691/675 655/665/649 438/666/650 675/692/676
f  444/689/673 672/688/672 676/691/675 675/692/676
f  672/688/672 435/648/632 643/649/633 676/691/675
f  654/664/648 437/663/647 677/693/677 679/694/678
f  679/694/678 677/693/677 406/563/547 582/560/544
f  405/561/545 678/695/679 679/694/678 582/560/544
f  438/666/650 654/664/648 679/694/678 678/695/679
f  658/670/654 439/669/653 680/696/680 681/697/681
f  681/697/681 680/696/680 408/569/553 586/567/551
f  677/693/677 681/697/681 586/567/551 406/563/547
f  437/663/647 658/670/654 681/697/681 677/693/677
f  661/674/658 440/673/657 682/698/682 683/699/683
f  683/699/683 682/698/682 410/575/559 590/573/557
f  680/696/680 683/699/683 590/573/557 408/569/553
f  439/669/653 661/674/658 683/699/683 680/696/680
f  664/678/662 441/677/661 684/700/684 685/701/685
f  685/701/685 684/700/684 412/581/565 594/579/563
f  682/698/682 685/701/685 594/579/563 410/575/559
f  440/673/657 664/678/662 685/701/685 682/698/682
f  667/682/666 442/681/665 686/702/686 687/703/687
f  687/703/687 686/702/686 414/587/571 598/585/569
f  684/700/684 687/703/687 598/585/569 412/581/565
f  441/677/661 667/682/666 687/703/687 684/700/684
f  670/686/670 443/685/669 688/704/688 689/705/689
f  689/705/689 688/704/688 416/593/577 602/591/575
f  686/702/686 689/705/689 602/591/575 414/587/571
f  442/681/665 670/686/670 689/705/689 686/702/686
f  673/690/674 444/689/673 690/706/690 691/707/691
f  691/707/691 690/706/690 418/599/583 606/597/581
f  688/704/688 691/707/691 606/597/581 416/593/577
f  443/685/669 673/690/674 691/707/691 688/704/688
f  675/692/676 438/666/650 678/695/679 692/708/692
f  610/603/587 692/708/692 678/695/679 405/561/545
f  690/706/690 692/708/692 610/603/587 418/599/583
f  444/689/673 675/692/676 692/708/692 690/706/690
f  584/557/541 407/564/548 693/709/693 695/710/694
f  695/710/694 693/709/693 397/711/513 558/712/511
f  694/713/695 695/710/694 558/712/511 396/714/512
f  404/558/542 584/557/541 695/710/694 694/713/695
f  588/565/549 409/570/554 696/715/696 697/716/697
f  697/716/697 696/715/696 398/717/517 561/718/516
f  693/709/693 697/716/697 561/718/516 397/711/513
f  407/564/548 588/565/549 697/716/697 693/709/693
f  592/571/555 411/576/560 698/719/698 699/720/699
f  699/720/699 698/719/698 399/721/521 564/722/520
f  696/715/696 699/720/699 564/722/520 398/717/517
f  409/570/554 592/571/555 699/720/699 696/715/696
f  596/577/561 413/582/566 700/723/700 701/724/701
f  701/724/701 700/723/700 400/725/525 567/726/524
f  698/719/698 701/724/701 567/726/524 399/721/521
f  411/576/560 596/577/561 701/724/701 698/719/698
f  600/583/567 415/588/572 702/727/702 703/728/703
f  703/728/703 702/727/702 401/729/529 570/730/528
f  700/723/700 703/728/703 570/730/528 400/725/525
f  413/582/566 600/583/567 703/728/703 700/723/700
f  604/589/573 417/594/578 704/731/704 705/732/705
f  705/732/705 704/731/704 402/733/533 573/734/532
f  702/727/702 705/732/705 573/734/532 401/729/529
f  415/588/572 604/589/573 705/732/705 702/727/702
f  608/595/579 419/600/584 706/735/706 707/736/707
f  707/736/707 706/735/706 403/737/537 576/738/536
f  704/731/704 707/736/707 576/738/536 402/733/533
f  417/594/578 608/595/579 707/736/707 704/731/704
f  611/601/585 404/558/542 694/713/695 708/739/708
f  579/740/539 708/739/708 694/713/695 396/714/512
f  706/735/706 708/739/708 579/740/539 403/737/537
f  419/600/584 611/601/585 708/739/708 706/735/706
f  802/741/709 709/742/710 799/743/711 803/744/712
f  800/745/713 803/744/712 799/743/711 710/746/714
f  711/747/715 801/748/716 803/744/712 800/745/713
f  712/749/717 802/741/709 803/744/712 801/748/716
f  807/750/718 800/745/713 710/746/714 804/751/719
f  807/750/718 804/751/719 713/752/720 805/753/721
f  806/754/722 807/750/718 805/753/721 714/755/723
f  806/754/722 711/747/715 800/745/713 807/750/718
f  805/753/721 713/752/720 808/756/724 811/757/725
f  811/757/725 808/756/724 715/758/726 809/759/727
f  810/760/728 811/757/725 809/759/727 716/761/729
f  714/755/723 805/753/721 811/757/725 810/760/728
f  809/759/727 715/758/726 812/762/730 815/763/731
f  813/764/732 815/763/731 812/762/730 717/765/733
f  718/766/734 814/767/735 815/763/731 813/764/732
f  716/761/729 809/759/727 815/763/731 814/767/735
f  819/768/736 813/764/732 717/765/733 816/769/737
f  819/768/736 816/769/737 719/770/738 817/771/739
f  818/772/740 819/768/736 817/771/739 720/773/741
f  818/772/740 718/766/734 813/764/732 819/768/736
f  817/771/739 719/770/738 820/774/742 823/775/743
f  823/775/743 820/774/742 721/776/744 821/777/745
f  822/778/746 823/775/743 821/777/745 722/779/747
f  720/773/741 817/771/739 823/775/743 822/778/746
f  827/780/748 821/777/745 721/776/744 824/781/749
f  825/782/750 827/780/748 824/781/749 723/783/751
f  724/784/752 826/785/753 827/780/748 825/782/750
f  826/785/753 722/779/747 821/777/745 827/780/748
f  825/782/750 723/783/751 828/786/754 830/787/755
f  830/787/755 828/786/754 709/742/710 802/741/709
f  829/788/756 830/787/755 802/741/709 712/749/717
f  724/784/752 825/782/750 830/787/755 829/788/756
f  834/789/757 725/790/758 831/791/759 835/792/760
f  835/792/760 831/791/759 726/793/761 832/794/762
f  833/795/763 835/792/760 832/794/762 727/796/764
f  728/797/765 834/789/757 835/792/760 833/795/763
f  832/794/762 726/793/761 836/798/766 839/799/767
f  839/799/767 836/798/766 729/800/768 837/801/769
f  838/802/770 839/799/767 837/801/769 730/803/771
f  727/796/764 832/794/762 839/799/767 838/802/770
f  837/801/769 729/800/768 840/804/772 843/805/773
f  843/805/773 840/804/772 731/806/774 841/807/775
f  842/808/776 843/805/773 841/807/775 732/809/777
f  730/803/771 837/801/769 843/805/773 842/808/776
f  847/810/778 841/807/775 731/806/774 844/811/779
f  845/812/780 847/810/778 844/811/779 733/813/781
f  734/814/782 846/815/783 847/810/778 845/812/780
f  846/815/783 732/809/777 841/807/775 847/810/778
f  851/816/784 845/812/780 733/813/781 848/817/785
f  849/818/786 851/816/784 848/817/785 735/819/787
f  736/820/788 850/821/789 851/816/784 849/818/786
f  850/821/789 734/814/782 845/812/780 851/816/784
f  849/818/786 735/819/787 852/822/790 855/823/791
f  855/823/791 852/822/790 737/824/792 853/825/793
f  854/826/794 855/823/791 853/825/793 738/827/795
f  736/820/788 849/818/786 855/823/791 854/826/794
f  853/825/793 737/824/792 856/828/796 859/829/797
f  857/830/798 859/829/797 856/828/796 739/831/799
f  740/832/800 858/833/801 859/829/797 857/830/798
f  738/827/795 853/825/793 859/829/797 858/833/801
f  862/834/802 857/830/798 739/831/799 860/835/803
f  862/834/802 860/835/803 725/790/758 834/789/757
f  861/836/804 862/834/802 834/789/757 728/797/765
f  740/832/800 857/830/798 862/834/802 861/836/804
f  865/837/805 833/795/763 727/796/764 838/802/770
f  863/838/806 865/837/805 838/802/770 730/803/771
f  741/839/807 864/840/808 865/837/805 863/838/806
f  864/840/808 728/797/765 833/795/763 865/837/805
f  867/841/809 842/808/776 732/809/777 846/815/783
f  866/842/810 867/841/809 846/815/783 734/814/782
f  741/839/807 863/838/806 867/841/809 866/842/810
f  863/838/806 730/803/771 842/808/776 867/841/809
f  869/843/811 850/821/789 736/820/788 854/826/794
f  869/843/811 854/826/794 738/827/795 868/844/812
f  866/842/810 869/843/811 868/844/812 741/839/807
f  734/814/782 850/821/789 869/843/811 866/842/810
f  870/845/813 858/833/801 740/832/800 861/836/804
f  864/840/808 870/845/813 861/836/804 728/797/765
f  741/839/807 868/844/812 870/845/813 864/840/808
f  868/844/812 738/827/795 858/833/801 870/845/813
f  873/846/814 726/793/761 831/791/759 874/847/815
f  874/847/815 831/791/759 725/790/758 871/848/816
f  872/849/817 874/847/815 871/848/816 742/850/818
f  743/851/819 873/846/814 874/847/815 872/849/817
f  876/852/820 729/800/768 836/798/766 877/853/821
f  877/853/821 836/798/766 726/793/761 873/846/814
f  875/854/822 877/853/821 873/846/814 743/851/819
f  744/855/823 876/852/820 877/853/821 875/854/822
f  880/856/824 879/857/825 731/806/774 840/804/772
f  880/856/824 840/804/772 729/800/768 876/852/820
f  878/858/826 880/856/824 876/852/820 744/855/823
f  878/858/826 745/859/827 879/857/825 880/856/824
f  883/860/828 882/861/829 733/813/781 844/811/779
f  883/860/828 844/811/779 731/806/774 879/857/825
f  881/862/830 883/860/828 879/857/825 745/859/827
f  746/863/831 882/861/829 883/860/828 881/862/830
f  886/864/832 885/865/833 735/819/787 848/817/785
f  882/861/829 886/864/832 848/817/785 733/813/781
f  746/863/831 884/866/834 886/864/832 882/861/829
f  884/866/834 747/867/835 885/865/833 886/864/832
f  888/868/836 737/824/792 852/822/790 889/869/837
f  885/865/833 889/869/837 852/822/790 735/819/787
f  747/867/835 887/870/838 889/869/837 885/865/833
f  748/871/839 888/868/836 889/869/837 887/870/838
f  892/872/840 891/873/841 739/831/799 856/828/796
f  892/872/840 856/828/796 737/824/792 888/868/836
f  890/874/842 892/872/840 888/868/836 748/871/839
f  890/874/842 749/875/843 891/873/841 892/872/840
f  871/848/816 725/790/758 860/835/803 894/876/844
f  891/873/841 894/876/844 860/835/803 739/831/799
f  893/877/845 894/876/844 891/873/841 749/875/843
f  742/850/818 871/848/816 894/876/844 893/877/845
f  897/878/846 896/879/847 743/851/819 872/849/817
f  897/878/846 872/849/817 742/850/818 895/880/848
f  801/748/716 897/878/846 895/880/848 712/749/717
f  801/748/716 711/747/715 896/879/847 897/878/846
f  898/881/849 744/855/823 875/854/822 899/882/850
f  896/879/847 899/882/850 875/854/822 743/851/819
f  711/747/715 806/754/722 899/882/850 896/879/847
f  714/755/723 898/881/849 899/882/850 806/754/722
f  900/883/851 745/859/827 878/858/826 901/884/852
f  901/884/852 878/858/826 744/855/823 898/881/849
f  810/760/728 901/884/852 898/881/849 714/755/723
f  716/761/729 900/883/851 901/884/852 810/760/728
f  902/885/853 746/863/831 881/862/830 903/886/854
f  903/886/854 881/862/830 745/859/827 900/883/851
f  814/767/735 903/886/854 900/883/851 716/761/729
f  718/766/734 902/885/853 903/886/854 814/767/735
f  905/887/855 904/888/856 747/867/835 884/866/834
f  905/887/855 884/866/834 746/863/831 902/885/853
f  818/772/740 905/887/855 902/885/853 718/766/734
f  720/773/741 904/888/856 905/887/855 818/772/740
f  906/889/857 748/871/839 887/870/838 907/890/858
f  907/890/858 887/870/838 747/867/835 904/888/856
f  822/778/746 907/890/858 904/888/856 720/773/741
f  722/779/747 906/889/857 907/890/858 822/778/746
f  909/891/859 908/892/860 749/875/843 890/874/842
f  909/891/859 890/874/842 748/871/839 906/889/857
f  722/779/747 826/785/753 909/891/859 906/889/857
f  826/785/753 724/784/752 908/892/860 909/891/859
f  895/880/848 742/850/818 893/877/845 910/893/861
f  910/893/861 893/877/845 749/875/843 908/892/860
f  829/788/756 910/893/861 908/892/860 724/784/752
f  712/749/717 895/880/848 910/893/861 829/788/756
f  914/894/862 913/895/863 710/746/714 799/743/711
f  914/894/862 799/743/711 709/742/710 911/896/864
f  912/897/865 914/894/862 911/896/864 750/898/866
f  912/897/865 751/899/867 913/895/863 914/894/862
f  916/900/868 713/752/720 804/751/719 917/901/869
f  913/895/863 917/901/869 804/751/719 710/746/714
f  751/899/867 915/902/870 917/901/869 913/895/863
f  752/903/871 916/900/868 917/901/869 915/902/870
f  919/904/872 715/758/726 808/756/724 920/905/873
f  920/905/873 808/756/724 713/752/720 916/900/868
f  918/906/874 920/905/873 916/900/868 752/903/871
f  753/907/875 919/904/872 920/905/873 918/906/874
f  923/908/876 922/909/877 717/765/733 812/762/730
f  923/908/876 812/762/730 715/758/726 919/904/872
f  921/910/878 923/908/876 919/904/872 753/907/875
f  921/910/878 754/911/879 922/909/877 923/908/876
f  925/912/880 719/770/738 816/769/737 926/913/881
f  922/909/877 926/913/881 816/769/737 717/765/733
f  754/911/879 924/914/882 926/913/881 922/909/877
f  755/915/883 925/912/880 926/913/881 924/914/882
f  928/916/884 721/776/744 820/774/742 929/917/885
f  929/917/885 820/774/742 719/770/738 925/912/880
f  927/918/886 929/917/885 925/912/880 755/915/883
f  927/918/886 756/919/887 928/916/884 929/917/885
f  932/920/888 931/921/889 723/783/751 824/781/749
f  928/916/884 932/920/888 824/781/749 721/776/744
f  756/919/887 930/922/890 932/920/888 928/916/884
f  930/922/890 757/923/891 931/921/889 932/920/888
f  911/896/864 709/742/710 828/786/754 934/924/892
f  934/924/892 828/786/754 723/783/751 931/921/889
f  933/925/893 934/924/892 931/921/889 757/923/891
f  750/898/866 911/896/864 934/924/892 933/925/893
f  938/926/894 758/927/895 935/928/896 939/929/897
f  939/929/897 935/928/896 759/930/898 936/931/899
f  760/932/900 937/933/901 939/929/897 936/931/899
f  937/933/901 761/934/902 938/926/894 939/929/897
f  942/935/903 761/934/902 937/933/901 943/936/904
f  943/936/904 937/933/901 760/932/900 940/937/905
f  941/938/906 943/936/904 940/937/905 762/939/907
f  763/940/908 942/935/903 943/936/904 941/938/906
f  946/941/909 763/940/908 941/938/906 947/942/910
f  947/942/910 941/938/906 762/939/907 944/943/911
f  945/944/912 947/942/910 944/943/911 764/945/913
f  765/946/914 946/941/909 947/942/910 945/944/912
f  950/947/915 765/946/914 945/944/912 951/948/916
f  951/948/916 945/944/912 764/945/913 948/949/917
f  949/950/918 951/948/916 948/949/917 766/951/919
f  767/952/920 950/947/915 951/948/916 949/950/918
f  954/953/921 767/952/920 949/950/918 955/954/922
f  955/954/922 949/950/918 766/951/919 952/955/923
f  953/956/924 955/954/922 952/955/923 768/957/925
f  769/958/926 954/953/921 955/954/922 953/956/924
f  959/959/927 958/960/928 769/958/926 953/956/924
f  956/961/929 959/959/927 953/956/924 768/957/925
f  957/962/930 959/959/927 956/961/929 770/963/931
f  771/964/932 958/960/928 959/959/927 957/962/930
f  962/965/933 771/964/932 957/962/930 963/966/934
f  963/966/934 957/962/930 770/963/931 960/967/935
f  772/968/936 961/969/937 963/966/934 960/967/935
f  773/970/938 962/965/933 963/966/934 961/969/937
f  965/971/939 773/970/938 961/969/937 966/972/940
f  966/972/940 961/969/937 772/968/936 964/973/941
f  935/928/896 966/972/940 964/973/941 759/930/898
f  758/927/895 965/971/939 966/972/940 935/928/896
f  970/974/942 774/975/943 967/976/944 971/977/945
f  971/977/945 967/976/944 775/978/946 968/979/947
f  969/980/948 971/977/945 968/979/947 776/981/949
f  777/982/950 970/974/942 971/977/945 969/980/948
f  974/983/951 777/982/950 969/980/948 975/984/952
f  975/984/952 969/980/948 776/981/949 972/985/953
f  973/986/954 975/984/952 972/985/953 778/987/955
f  779/988/956 974/983/951 975/984/952 973/986/954
f  978/989/957 779/988/956 973/986/954 979/990/958
f  979/990/958 973/986/954 778/987/955 976/991/959
f  780/992/960 977/993/961 979/990/958 976/991/959
f  977/993/961 781/994/962 978/989/957 979/990/958
f  983/995/963 982/996/964 781/994/962 977/993/961
f  980/997/965 983/995/963 977/993/961 780/992/960
f  782/998/966 981/999/967 983/995/963 980/997/965
f  981/999/967 783/1000/968 982/996/964 983/995/963
f  987/1001/969 986/1002/970 783/1000/968 981/999/967
f  984/1003/971 987/1001/969 981/999/967 782/998/966
f  784/1004/972 985/1005/973 987/1001/969 984/1003/971
f  985/1005/973 785/1006/974 986/1002/970 987/1001/969
f  990/1007/975 785/1006/974 985/1005/973 991/1008/976
f  991/1008/976 985/1005/973 784/1004/972 988/1009/977
f  989/1010/978 991/1008/976 988/1009/977 786/1011/979
f  787/1012/980 990/1007/975 991/1008/976 989/1010/978
f  994/1013/981 787/1012/980 989/1010/978 995/1014/982
f  995/1014/982 989/1010/978 786/1011/979 992/1015/983
f  788/1016/984 993/1017/985 995/1014/982 992/1015/983
f  993/1017/985 789/1018/986 994/1013/981 995/1014/982
f  997/1019/987 789/1018/986 993/1017/985 998/1020/988
f  998/1020/988 993/1017/985 788/1016/984 996/1021/989
f  967/976/944 998/1020/988 996/1021/989 775/978/946
f  774/975/943 997/1019/987 998/1020/988 967/976/944
f  1001/1022/990 972/985/953 776/981/949 968/979/947
f  999/1023/991 1001/1022/990 968/979/947 775/978/946
f  790/1024/992 1000/1025/993 1001/1022/990 999/1023/991
f  1000/1025/993 778/987/955 972/985/953 1001/1022/990
f  1003/1026/994 980/997/965 780/992/960 976/991/959
f  1000/1025/993 1003/1026/994 976/991/959 778/987/955
f  790/1024/992 1002/1027/995 1003/1026/994 1000/1025/993
f  1002/1027/995 782/998/966 980/997/965 1003/1026/994
f  1005/1028/996 988/1009/977 784/1004/972 984/1003/971
f  1005/1028/996 984/1003/971 782/998/966 1002/1027/995
f  1004/1029/997 1005/1028/996 1002/1027/995 790/1024/992
f  786/1011/979 988/1009/977 1005/1028/996 1004/1029/997
f  1006/1030/998 996/1021/989 788/1016/984 992/1015/983
f  1004/1029/997 1006/1030/998 992/1015/983 786/1011/979
f  790/1024/992 999/1023/991 1006/1030/998 1004/1029/997
f  999/1023/991 775/978/946 996/1021/989 1006/1030/998
f  970/974/942 777/982/950 1007/1031/999 1010/1032/1000
f  1008/1033/1001 1010/1032/1000 1007/1031/999 791/1034/1002
f  1009/1035/1003 1010/1032/1000 1008/1033/1001 792/1036/1004
f  774/975/943 970/974/942 1010/1032/1000 1009/1035/1003
f  974/983/951 779/988/956 1011/1037/1005 1013/1038/1006
f  1013/1038/1006 1011/1037/1005 793/1039/1007 1012/1040/1008
f  1007/1031/999 1013/1038/1006 1012/1040/1008 791/1034/1002
f  777/982/950 974/983/951 1013/1038/1006 1007/1031/999
f  1016/1041/1009 978/989/957 781/994/962 1014/1042/1010
f  1015/1043/1011 1016/1041/1009 1014/1042/1010 794/1044/1012
f  1011/1037/1005 1016/1041/1009 1015/1043/1011 793/1039/1007
f  779/988/956 978/989/957 1016/1041/1009 1011/1037/1005
f  1019/1045/1013 982/996/964 783/1000/968 1017/1046/1014
f  1018/1047/1015 1019/1045/1013 1017/1046/1014 795/1048/1016
f  794/1044/1012 1014/1042/1010 1019/1045/1013 1018/1047/1015
f  1014/1042/1010 781/994/962 982/996/964 1019/1045/1013
f  1022/1049/1017 986/1002/970 785/1006/974 1020/1050/1018
f  1021/1051/1019 1022/1049/1017 1020/1050/1018 796/1052/1020
f  795/1048/1016 1017/1046/1014 1022/1049/1017 1021/1051/1019
f  1017/1046/1014 783/1000/968 986/1002/970 1022/1049/1017
f  990/1007/975 787/1012/980 1023/1053/1021 1025/1054/1022
f  1025/1054/1022 1023/1053/1021 797/1055/1023 1024/1056/1024
f  1020/1050/1018 1025/1054/1022 1024/1056/1024 796/1052/1020
f  785/1006/974 990/1007/975 1025/1054/1022 1020/1050/1018
f  1028/1057/1025 994/1013/981 789/1018/986 1026/1058/1026
f  1027/1059/1027 1028/1057/1025 1026/1058/1026 798/1060/1028
f  797/1055/1023 1023/1053/1021 1028/1057/1025 1027/1059/1027
f  787/1012/980 994/1013/981 1028/1057/1025 1023/1053/1021
f  997/1019/987 774/975/943 1009/1035/1003 1030/1061/1029
f  1030/1061/1029 1009/1035/1003 792/1036/1004 1029/1062/1030
f  1026/1058/1026 1030/1061/1029 1029/1062/1030 798/1060/1028
f  789/1018/986 997/1019/987 1030/1061/1029 1026/1058/1026
f  1033/1063/1031 1008/1033/1001 791/1034/1002 1031/1064/1032
f  936/931/899 1033/1063/1031 1031/1064/1032 760/932/900
f  1032/1065/1033 1033/1063/1031 936/931/899 759/930/898
f  792/1036/1004 1008/1033/1001 1033/1063/1031 1032/1065/1033
f  1012/1040/1008 793/1039/1007 1034/1066/1034 1035/1067/1035
f  1035/1067/1035 1034/1066/1034 762/939/907 940/937/905
f  760/932/900 1031/1064/1032 1035/1067/1035 940/937/905
f  1031/1064/1032 791/1034/1002 1012/1040/1008 1035/1067/1035
f  1015/1043/1011 794/1044/1012 1036/1068/1036 1037/1069/1037
f  1037/1069/1037 1036/1068/1036 764/945/913 944/943/911
f  1034/1066/1034 1037/1069/1037 944/943/911 762/939/907
f  793/1039/1007 1015/1043/1011 1037/1069/1037 1034/1066/1034
f  1039/1070/1038 1018/1047/1015 795/1048/1016 1038/1071/1039
f  1039/1070/1038 1038/1071/1039 766/951/919 948/949/917
f  1036/1068/1036 1039/1070/1038 948/949/917 764/945/913
f  794/1044/1012 1018/1047/1015 1039/1070/1038 1036/1068/1036
f  1041/1072/1040 1021/1051/1019 796/1052/1020 1040/1073/1041
f  1041/1072/1040 1040/1073/1041 768/957/925 952/955/923
f  1038/1071/1039 1041/1072/1040 952/955/923 766/951/919
f  1038/1071/1039 795/1048/1016 1021/1051/1019 1041/1072/1040
f  1024/1056/1024 797/1055/1023 1042/1074/1042 1043/1075/1043
f  1043/1075/1043 1042/1074/1042 770/963/931 956/961/929
f  1040/1073/1041 1043/1075/1043 956/961/929 768/957/925
f  796/1052/1020 1024/1056/1024 1043/1075/1043 1040/1073/1041
f  1045/1076/1044 1027/1059/1027 798/1060/1028 1044/1077/1045
f  960/967/935 1045/1076/1044 1044/1077/1045 772/968/936
f  770/963/931 1042/1074/1042 1045/1076/1044 960/967/935
f  1042/1074/1042 797/1055/1023 1027/1059/1027 1045/1076/1044
f  1029/1062/1030 792/1036/1004 1032/1065/1033 1046/1078/1046
f  1046/1078/1046 1032/1065/1033 759/930/898 964/973/941
f  1044/1077/1045 1046/1078/1046 964/973/941 772/968/936
f  798/1060/1028 1029/1062/1030 1046/1078/1046 1044/1077/1045
f  938/926/894 761/934/902 1047/1079/1047 1049/1080/1048
f  1049/1080/1048 1047/1079/1047 751/1081/867 912/1082/865
f  1048/1083/1049 1049/1080/1048 912/1082/865 750/1084/866
f  758/927/895 938/926/894 1049/1080/1048 1048/1083/1049
f  942/935/903 763/940/908 1050/1085/1050 1051/1086/1051
f  1051/1086/1051 1050/1085/1050 752/1087/871 915/1088/870
f  1047/1079/1047 1051/1086/1051 915/1088/870 751/1081/867
f  761/934/902 942/935/903 1051/1086/1051 1047/1079/1047
f  946/941/909 765/946/914 1052/1089/1052 1053/1090/1053
f  1053/1090/1053 1052/1089/1052 753/1091/875 918/1092/874
f  1050/1085/1050 1053/1090/1053 918/1092/874 752/1087/871
f  763/940/908 946/941/909 1053/1090/1053 1050/1085/1050
f  950/947/915 767/952/920 1054/1093/1054 1055/1094/1055
f  1055/1094/1055 1054/1093/1054 754/1095/879 921/1096/878
f  1052/1089/1052 1055/1094/1055 921/1096/878 753/1091/875
f  765/946/914 950/947/915 1055/1094/1055 1052/1089/1052
f  954/953/921 769/958/926 1056/1097/1056 1057/1098/1057
f  1057/1098/1057 1056/1097/1056 755/1099/883 924/1100/882
f  1054/1093/1054 1057/1098/1057 924/1100/882 754/1095/879
f  767/952/920 954/953/921 1057/1098/1057 1054/1093/1054
f  958/960/928 771/964/932 1058/1101/1058 1059/1102/1059
f  1059/1102/1059 1058/1101/1058 756/1103/887 927/1104/886
f  755/1099/883 1056/1097/1056 1059/1102/1059 927/1104/886
f  1056/1097/1056 769/958/926 958/960/928 1059/1102/1059
f  962/965/933 773/970/938 1060/1105/1060 1061/1106/1061
f  1061/1106/1061 1060/1105/1060 757/1107/891 930/1108/890
f  1058/1101/1058 1061/1106/1061 930/1108/890 756/1103/887
f  771/964/932 962/965/933 1061/1106/1061 1058/1101/1058
f  965/971/939 758/927/895 1048/1083/1049 1062/1109/1062
f  933/1110/893 1062/1109/1062 1048/1083/1049 750/1084/866
f  1060/1105/1060 1062/1109/1062 933/1110/893 757/1107/891
f  773/970/938 965/971/939 1062/1109/1062 1060/1105/1060
f  1157/1111/1063 1156/1112/1064 1063/1113/1065 1153/1114/1066
f  1157/1111/1063 1153/1114/1066 1064/1115/1067 1154/1116/1068
f  1155/1117/1069 1157/1111/1063 1154/1116/1068 1065/1118/1070
f  1155/1117/1069 1066/1119/1071 1156/1112/1064 1157/1111/1063
f  1154/1116/1068 1064/1115/1067 1158/1120/1072 1161/1121/1073
f  1161/1121/1073 1158/1120/1072 1067/1122/1074 1159/1123/1075
f  1160/1124/1076 1161/1121/1073 1159/1123/1075 1068/1125/1077
f  1065/1118/1070 1154/1116/1068 1161/1121/1073 1160/1124/1076
f  1159/1123/1075 1067/1122/1074 1162/1126/1078 1165/1127/1079
f  1165/1127/1079 1162/1126/1078 1069/1128/1080 1163/1129/1081
f  1164/1130/1082 1165/1127/1079 1163/1129/1081 1070/1131/1083
f  1068/1125/1077 1159/1123/1075 1165/1127/1079 1164/1130/1082
f  1163/1129/1081 1069/1128/1080 1166/1132/1084 1169/1133/1085
f  1167/1134/1086 1169/1133/1085 1166/1132/1084 1071/1135/1087
f  1072/1136/1088 1168/1137/1089 1169/1133/1085 1167/1134/1086
f  1070/1131/1083 1163/1129/1081 1169/1133/1085 1168/1137/1089
f  1167/1134/1086 1071/1135/1087 1170/1138/1090 1173/1139/1091
f  1173/1139/1091 1170/1138/1090 1073/1140/1092 1171/1141/1093
f  1172/1142/1094 1173/1139/1091 1171/1141/1093 1074/1143/1095
f  1072/1136/1088 1167/1134/1086 1173/1139/1091 1172/1142/1094
f  1171/1141/1093 1073/1140/1092 1174/1144/1096 1177/1145/1097
f  1175/1146/1098 1177/1145/1097 1174/1144/1096 1075/1147/1099
f  1076/1148/1100 1176/1149/1101 1177/1145/1097 1175/1146/1098
f  1074/1143/1095 1171/1141/1093 1177/1145/1097 1176/1149/1101
f  1181/1150/1102 1175/1146/1098 1075/1147/1099 1178/1151/1103
f  1181/1150/1102 1178/1151/1103 1077/1152/1104 1179/1153/1105
f  1180/1154/1106 1181/1150/1102 1179/1153/1105 1078/1155/1107
f  1180/1154/1106 1076/1148/1100 1175/1146/1098 1181/1150/1102
f  1179/1153/1105 1077/1152/1104 1182/1156/1108 1184/1157/1109
f  1156/1112/1064 1184/1157/1109 1182/1156/1108 1063/1113/1065
f  1066/1119/1071 1183/1158/1110 1184/1157/1109 1156/1112/1064
f  1078/1155/1107 1179/1153/1105 1184/1157/1109 1183/1158/1110
f  1188/1159/1111 1079/1160/1112 1185/1161/1113 1189/1162/1114
f  1189/1162/1114 1185/1161/1113 1080/1163/1115 1186/1164/1116
f  1081/1165/1117 1187/1166/1118 1189/1162/1114 1186/1164/1116
f  1082/1167/1119 1188/1159/1111 1189/1162/1114 1187/1166/1118
f  1186/1164/1116 1080/1163/1115 1190/1168/1120 1193/1169/1121
f  1191/1170/1122 1193/1169/1121 1190/1168/1120 1083/1171/1123
f  1084/1172/1124 1192/1173/1125 1193/1169/1121 1191/1170/1122
f  1081/1165/1117 1186/1164/1116 1193/1169/1121 1192/1173/1125
f  1191/1170/1122 1083/1171/1123 1194/1174/1126 1197/1175/1127
f  1197/1175/1127 1194/1174/1126 1085/1176/1128 1195/1177/1129
f  1086/1178/1130 1196/1179/1131 1197/1175/1127 1195/1177/1129
f  1084/1172/1124 1191/1170/1122 1197/1175/1127 1196/1179/1131
f  1195/1177/1129 1085/1176/1128 1198/1180/1132 1201/1181/1133
f  1199/1182/1134 1201/1181/1133 1198/1180/1132 1087/1183/1135
f  1088/1184/1136 1200/1185/1137 1201/1181/1133 1199/1182/1134
f  1086/1178/1130 1195/1177/1129 1201/1181/1133 1200/1185/1137
f  1199/1182/1134 1087/1183/1135 1202/1186/1138 1205/1187/1139
f  1205/1187/1139 1202/1186/1138 1089/1188/1140 1203/1189/1141
f  1090/1190/1142 1204/1191/1143 1205/1187/1139 1203/1189/1141
f  1088/1184/1136 1199/1182/1134 1205/1187/1139 1204/1191/1143
f  1203/1189/1141 1089/1188/1140 1206/1192/1144 1209/1193/1145
f  1207/1194/1146 1209/1193/1145 1206/1192/1144 1091/1195/1147
f  1092/1196/1148 1208/1197/1149 1209/1193/1145 1207/1194/1146
f  1090/1190/1142 1203/1189/1141 1209/1193/1145 1208/1197/1149
f  1207/1194/1146 1091/1195/1147 1210/1198/1150 1213/1199/1151
f  1213/1199/1151 1210/1198/1150 1093/1200/1152 1211/1201/1153
f  1094/1202/1154 1212/1203/1155 1213/1199/1151 1211/1201/1153
f  1092/1196/1148 1207/1194/1146 1213/1199/1151 1212/1203/1155
f  1211/1201/1153 1093/1200/1152 1214/1204/1156 1216/1205/1157
f  1188/1159/1111 1216/1205/1157 1214/1204/1156 1079/1160/1112
f  1082/1167/1119 1215/1206/1158 1216/1205/1157 1188/1159/1111
f  1094/1202/1154 1211/1201/1153 1216/1205/1157 1215/1206/1158
f  1219/1207/1159 1187/1166/1118 1081/1165/1117 1192/1173/1125
f  1217/1208/1160 1219/1207/1159 1192/1173/1125 1084/1172/1124
f  1095/1209/1161 1218/1210/1162 1219/1207/1159 1217/1208/1160
f  1218/1210/1162 1082/1167/1119 1187/1166/1118 1219/1207/1159
f  1221/1211/1163 1196/1179/1131 1086/1178/1130 1200/1185/1137
f  1220/1212/1164 1221/1211/1163 1200/1185/1137 1088/1184/1136
f  1095/1209/1161 1217/1208/1160 1221/1211/1163 1220/1212/1164
f  1217/1208/1160 1084/1172/1124 1196/1179/1131 1221/1211/1163
f  1223/1213/1165 1204/1191/1143 1090/1190/1142 1208/1197/1149
f  1222/1214/1166 1223/1213/1165 1208/1197/1149 1092/1196/1148
f  1095/1209/1161 1220/1212/1164 1223/1213/1165 1222/1214/1166
f  1220/1212/1164 1088/1184/1136 1204/1191/1143 1223/1213/1165
f  1224/1215/1167 1212/1203/1155 1094/1202/1154 1215/1206/1158
f  1218/1210/1162 1224/1215/1167 1215/1206/1158 1082/1167/1119
f  1095/1209/1161 1222/1214/1166 1224/1215/1167 1218/1210/1162
f  1222/1214/1166 1092/1196/1148 1212/1203/1155 1224/1215/1167
f  1227/1216/1168 1080/1163/1115 1185/1161/1113 1228/1217/1169
f  1228/1217/1169 1185/1161/1113 1079/1160/1112 1225/1218/1170
f  1226/1219/1171 1228/1217/1169 1225/1218/1170 1096/1220/1172
f  1226/1219/1171 1097/1221/1173 1227/1216/1168 1228/1217/1169
f  1230/1222/1174 1083/1171/1123 1190/1168/1120 1231/1223/1175
f  1231/1223/1175 1190/1168/1120 1080/1163/1115 1227/1216/1168
f  1229/1224/1176 1231/1223/1175 1227/1216/1168 1097/1221/1173
f  1098/1225/1177 1230/1222/1174 1231/1223/1175 1229/1224/1176
f  1233/1226/1178 1085/1176/1128 1194/1174/1126 1234/1227/1179
f  1234/1227/1179 1194/1174/1126 1083/1171/1123 1230/1222/1174
f  1232/1228/1180 1234/1227/1179 1230/1222/1174 1098/1225/1177
f  1099/1229/1181 1233/1226/1178 1234/1227/1179 1232/1228/1180
f  1236/1230/1182 1087/1183/1135 1198/1180/1132 1237/1231/1183
f  1237/1231/1183 1198/1180/1132 1085/1176/1128 1233/1226/1178
f  1235/1232/1184 1237/1231/1183 1233/1226/1178 1099/1229/1181
f  1100/1233/1185 1236/1230/1182 1237/1231/1183 1235/1232/1184
f  1239/1234/1186 1089/1188/1140 1202/1186/1138 1240/1235/1187
f  1240/1235/1187 1202/1186/1138 1087/1183/1135 1236/1230/1182
f  1238/1236/1188 1240/1235/1187 1236/1230/1182 1100/1233/1185
f  1101/1237/1189 1239/1234/1186 1240/1235/1187 1238/1236/1188
f  1242/1238/1190 1091/1195/1147 1206/1192/1144 1243/1239/1191
f  1243/1239/1191 1206/1192/1144 1089/1188/1140 1239/1234/1186
f  1241/1240/1192 1243/1239/1191 1239/1234/1186 1101/1237/1189
f  1102/1241/1193 1242/1238/1190 1243/1239/1191 1241/1240/1192
f  1245/1242/1194 1093/1200/1152 1210/1198/1150 1246/1243/1195
f  1246/1243/1195 1210/1198/1150 1091/1195/1147 1242/1238/1190
f  1244/1244/1196 1246/1243/1195 1242/1238/1190 1102/1241/1193
f  1103/1245/1197 1245/1242/1194 1246/1243/1195 1244/1244/1196
f  1225/1218/1170 1079/1160/1112 1214/1204/1156 1248/1246/1198
f  1248/1246/1198 1214/1204/1156 1093/1200/1152 1245/1242/1194
f  1247/1247/1199 1248/1246/1198 1245/1242/1194 1103/1245/1197
f  1096/1220/1172 1225/1218/1170 1248/1246/1198 1247/1247/1199
f  1251/1248/1200 1250/1249/1201 1097/1221/1173 1226/1219/1171
f  1251/1248/1200 1226/1219/1171 1096/1220/1172 1249/1250/1202
f  1066/1119/1071 1155/1117/1069 1251/1248/1200 1249/1250/1202
f  1155/1117/1069 1065/1118/1070 1250/1249/1201 1251/1248/1200
f  1252/1251/1203 1098/1225/1177 1229/1224/1176 1253/1252/1204
f  1253/1252/1204 1229/1224/1176 1097/1221/1173 1250/1249/1201
f  1160/1124/1076 1253/1252/1204 1250/1249/1201 1065/1118/1070
f  1068/1125/1077 1252/1251/1203 1253/1252/1204 1160/1124/1076
f  1254/1253/1205 1099/1229/1181 1232/1228/1180 1255/1254/1206
f  1255/1254/1206 1232/1228/1180 1098/1225/1177 1252/1251/1203
f  1164/1130/1082 1255/1254/1206 1252/1251/1203 1068/1125/1077
f  1070/1131/1083 1254/1253/1205 1255/1254/1206 1164/1130/1082
f  1256/1255/1207 1100/1233/1185 1235/1232/1184 1257/1256/1208
f  1257/1256/1208 1235/1232/1184 1099/1229/1181 1254/1253/1205
f  1168/1137/1089 1257/1256/1208 1254/1253/1205 1070/1131/1083
f  1072/1136/1088 1256/1255/1207 1257/1256/1208 1168/1137/1089
f  1258/1257/1209 1101/1237/1189 1238/1236/1188 1259/1258/1210
f  1259/1258/1210 1238/1236/1188 1100/1233/1185 1256/1255/1207
f  1172/1142/1094 1259/1258/1210 1256/1255/1207 1072/1136/1088
f  1074/1143/1095 1258/1257/1209 1259/1258/1210 1172/1142/1094
f  1260/1259/1211 1102/1241/1193 1241/1240/1192 1261/1260/1212
f  1261/1260/1212 1241/1240/1192 1101/1237/1189 1258/1257/1209
f  1176/1149/1101 1261/1260/1212 1258/1257/1209 1074/1143/1095
f  1176/1149/1101 1076/1148/1100 1260/1259/1211 1261/1260/1212
f  1262/1261/1213 1103/1245/1197 1244/1244/1196 1263/1262/1214
f  1260/1259/1211 1263/1262/1214 1244/1244/1196 1102/1241/1193
f  1076/1148/1100 1180/1154/1106 1263/1262/1214 1260/1259/1211
f  1078/1155/1107 1262/1261/1213 1263/1262/1214 1180/1154/1106
f  1249/1250/1202 1096/1220/1172 1247/1247/1199 1264/1263/1215
f  1264/1263/1215 1247/1247/1199 1103/1245/1197 1262/1261/1213
f  1183/1158/1110 1264/1263/1215 1262/1261/1213 1078/1155/1107
f  1183/1158/1110 1066/1119/1071 1249/1250/1202 1264/1263/1215
f  1267/1264/1216 1064/1115/1067 1153/1114/1066 1268/1265/1217
f  1265/1266/1218 1268/1265/1217 1153/1114/1066 1063/1113/1065
f  1104/1267/1219 1266/1268/1220 1268/1265/1217 1265/1266/1218
f  1105/1269/1221 1267/1264/1216 1268/1265/1217 1266/1268/1220
f  1270/1270/1222 1067/1122/1074 1158/1120/1072 1271/1271/1223
f  1271/1271/1223 1158/1120/1072 1064/1115/1067 1267/1264/1216
f  1269/1272/1224 1271/1271/1223 1267/1264/1216 1105/1269/1221
f  1106/1273/1225 1270/1270/1222 1271/1271/1223 1269/1272/1224
f  1273/1274/1226 1069/1128/1080 1162/1126/1078 1274/1275/1227
f  1274/1275/1227 1162/1126/1078 1067/1122/1074 1270/1270/1222
f  1272/1276/1228 1274/1275/1227 1270/1270/1222 1106/1273/1225
f  1107/1277/1229 1273/1274/1226 1274/1275/1227 1272/1276/1228
f  1277/1278/1230 1276/1279/1231 1071/1135/1087 1166/1132/1084
f  1277/1278/1230 1166/1132/1084 1069/1128/1080 1273/1274/1226
f  1275/1280/1232 1277/1278/1230 1273/1274/1226 1107/1277/1229
f  1275/1280/1232 1108/1281/1233 1276/1279/1231 1277/1278/1230
f  1279/1282/1234 1073/1140/1092 1170/1138/1090 1280/1283/1235
f  1280/1283/1235 1170/1138/1090 1071/1135/1087 1276/1279/1231
f  1278/1284/1236 1280/1283/1235 1276/1279/1231 1108/1281/1233
f  1109/1285/1237 1279/1282/1234 1280/1283/1235 1278/1284/1236
f  1283/1286/1238 1282/1287/1239 1075/1147/1099 1174/1144/1096
f  1283/1286/1238 1174/1144/1096 1073/1140/1092 1279/1282/1234
f  1281/1288/1240 1283/1286/1238 1279/1282/1234 1109/1285/1237
f  1281/1288/1240 1110/1289/1241 1282/1287/1239 1283/1286/1238
f  1285/1290/1242 1077/1152/1104 1178/1151/1103 1286/1291/1243
f  1282/1287/1239 1286/1291/1243 1178/1151/1103 1075/1147/1099
f  1110/1289/1241 1284/1292/1244 1286/1291/1243 1282/1287/1239
f  1111/1293/1245 1285/1290/1242 1286/1291/1243 1284/1292/1244
f  1288/1294/1246 1265/1266/1218 1063/1113/1065 1182/1156/1108
f  1288/1294/1246 1182/1156/1108 1077/1152/1104 1285/1290/1242
f  1287/1295/1247 1288/1294/1246 1285/1290/1242 1111/1293/1245
f  1287/1295/1247 1104/1267/1219 1265/1266/1218 1288/1294/1246
f  1292/1296/1248 1112/1297/1249 1289/1298/1250 1293/1299/1251
f  1293/1299/1251 1289/1298/1250 1113/1300/1252 1290/1301/1253
f  1114/1302/1254 1291/1303/1255 1293/1299/1251 1290/1301/1253
f  1291/1303/1255 1115/1304/1256 1292/1296/1248 1293/1299/1251
f  1296/1305/1257 1115/1304/1256 1291/1303/1255 1297/1306/1258
f  1297/1306/1258 1291/1303/1255 1114/1302/1254 1294/1307/1259
f  1295/1308/1260 1297/1306/1258 1294/1307/1259 1116/1309/1261
f  1117/1310/1262 1296/1305/1257 1297/1306/1258 1295/1308/1260
f  1300/1311/1263 1117/1310/1262 1295/1308/1260 1301/1312/1264
f  1298/1313/1265 1301/1312/1264 1295/1308/1260 1116/1309/1261
f  1118/1314/1266 1299/1315/1267 1301/1312/1264 1298/1313/1265
f  1299/1315/1267 1119/1316/1268 1300/1311/1263 1301/1312/1264
f  1304/1317/1269 1119/1316/1268 1299/1315/1267 1305/1318/1270
f  1305/1318/1270 1299/1315/1267 1118/1314/1266 1302/1319/1271
f  1120/1320/1272 1303/1321/1273 1305/1318/1270 1302/1319/1271
f  1121/1322/1274 1304/1317/1269 1305/1318/1270 1303/1321/1273
f  1308/1323/1275 1121/1322/1274 1303/1321/1273 1309/1324/1276
f  1309/1324/1276 1303/1321/1273 1120/1320/1272 1306/1325/1277
f  1307/1326/1278 1309/1324/1276 1306/1325/1277 1122/1327/1279
f  1123/1328/1280 1308/1323/1275 1309/1324/1276 1307/1326/1278
f  1312/1329/1281 1123/1328/1280 1307/1326/1278 1313/1330/1282
f  1313/1330/1282 1307/1326/1278 1122/1327/1279 1310/1331/1283
f  1311/1332/1284 1313/1330/1282 1310/1331/1283 1124/1333/1285
f  1125/1334/1286 1312/1329/1281 1313/1330/1282 1311/1332/1284
f  1316/1335/1287 1125/1334/1286 1311/1332/1284 1317/1336/1288
f  1317/1336/1288 1311/1332/1284 1124/1333/1285 1314/1337/1289
f  1315/1338/1290 1317/1336/1288 1314/1337/1289 1126/1339/1291
f  1127/1340/1292 1316/1335/1287 1317/1336/1288 1315/1338/1290
f  1319/1341/1293 1127/1340/1292 1315/1338/1290 1320/1342/1294
f  1320/1342/1294 1315/1338/1290 1126/1339/1291 1318/1343/1295
f  1113/1300/1252 1289/1298/1250 1320/1342/1294 1318/1343/1295
f  1289/1298/1250 1112/1297/1249 1319/1341/1293 1320/1342/1294
f  1324/1344/1296 1128/1345/1297 1321/1346/1298 1325/1347/1299
f  1325/1347/1299 1321/1346/1298 1129/1348/1300 1322/1349/1301
f  1130/1350/1302 1323/1351/1303 1325/1347/1299 1322/1349/1301
f  1131/1352/1304 1324/1344/1296 1325/1347/1299 1323/1351/1303
f  1328/1353/1305 1131/1352/1304 1323/1351/1303 1329/1354/1306
f  1329/1354/1306 1323/1351/1303 1130/1350/1302 1326/1355/1307
f  1132/1356/1308 1327/1357/1309 1329/1354/1306 1326/1355/1307
f  1327/1357/1309 1133/1358/1310 1328/1353/1305 1329/1354/1306
f  1332/1359/1311 1133/1358/1310 1327/1357/1309 1333/1360/1312
f  1333/1360/1312 1327/1357/1309 1132/1356/1308 1330/1361/1313
f  1134/1362/1314 1331/1363/1315 1333/1360/1312 1330/1361/1313
f  1135/1364/1316 1332/1359/1311 1333/1360/1312 1331/1363/1315
f  1336/1365/1317 1135/1364/1316 1331/1363/1315 1337/1366/1318
f  1337/1366/1318 1331/1363/1315 1134/1362/1314 1334/1367/1319
f  1136/1368/1320 1335/1369/1321 1337/1366/1318 1334/1367/1319
f  1335/1369/1321 1137/1370/1322 1336/1365/1317 1337/1366/1318
f  1340/1371/1323 1137/1370/1322 1335/1369/1321 1341/1372/1324
f  1341/1372/1324 1335/1369/1321 1136/1368/1320 1338/1373/1325
f  1138/1374/1326 1339/1375/1327 1341/1372/1324 1338/1373/1325
f  1139/1376/1328 1340/1371/1323 1341/1372/1324 1339/1375/1327
f  1344/1377/1329 1139/1376/1328 1339/1375/1327 1345/1378/1330
f  1345/1378/1330 1339/1375/1327 1138/1374/1326 1342/1379/1331
f  1140/1380/1332 1343/1381/1333 1345/1378/1330 1342/1379/1331
f  1343/1381/1333 1141/1382/1334 1344/1377/1329 1345/1378/1330
f  1348/1383/1335 1141/1382/1334 1343/1381/1333 1349/1384/1336
f  1349/1384/1336 1343/1381/1333 1140/1380/1332 1346/1385/1337
f  1142/1386/1338 1347/1387/1339 1349/1384/1336 1346/1385/1337
f  1143/1388/1340 1348/1383/1335 1349/1384/1336 1347/1387/1339
f  1352/1389/1341 1351/1390/1342 1143/1388/1340 1347/1387/1339
f  1352/1389/1341 1347/1387/1339 1142/1386/1338 1350/1391/1343
f  1129/1348/1300 1321/1346/1298 1352/1389/1341 1350/1391/1343
f  1321/1346/1298 1128/1345/1297 1351/1390/1342 1352/1389/1341
f  1355/1392/1344 1326/1355/1307 1130/1350/1302 1322/1349/1301
f  1353/1393/1345 1355/1392/1344 1322/1349/1301 1129/1348/1300
f  1144/1394/1346 1354/1395/1347 1355/1392/1344 1353/1393/1345
f  1354/1395/1347 1132/1356/1308 1326/1355/1307 1355/1392/1344
f  1357/1396/1348 1334/1367/1319 1134/1362/1314 1330/1361/1313
f  1354/1395/1347 1357/1396/1348 1330/1361/1313 1132/1356/1308
f  1144/1394/1346 1356/1397/1349 1357/1396/1348 1354/1395/1347
f  1356/1397/1349 1136/1368/1320 1334/1367/1319 1357/1396/1348
f  1359/1398/1350 1342/1379/1331 1138/1374/1326 1338/1373/1325
f  1356/1397/1349 1359/1398/1350 1338/1373/1325 1136/1368/1320
f  1144/1394/1346 1358/1399/1351 1359/1398/1350 1356/1397/1349
f  1358/1399/1351 1140/1380/1332 1342/1379/1331 1359/1398/1350
f  1360/1400/1352 1350/1391/1343 1142/1386/1338 1346/1385/1337
f  1358/1399/1351 1360/1400/1352 1346/1385/1337 1140/1380/1332
f  1144/1394/1346 1353/1393/1345 1360/1400/1352 1358/1399/1351
f  1353/1393/1345 1129/1348/1300 1350/1391/1343 1360/1400/1352
f  1324/1344/1296 1131/1352/1304 1361/1401/1353 1364/1402/1354
f  1364/1402/1354 1361/1401/1353 1145/1403/1355 1362/1404/1356
f  1363/1405/1357 1364/1402/1354 1362/1404/1356 1146/1406/1358
f  1128/1345/1297 1324/1344/1296 1364/1402/1354 1363/1405/1357
f  1328/1353/1305 1133/1358/1310 1365/1407/1359 1367/1408/1360
f  1367/1408/1360 1365/1407/1359 1147/1409/1361 1366/1410/1362
f  1361/1401/1353 1367/1408/1360 1366/1410/1362 1145/1403/1355
f  1131/1352/1304 1328/1353/1305 1367/1408/1360 1361/1401/1353
f  1370/1411/1363 1332/1359/1311 1135/1364/1316 1368/1412/1364
f  1369/1413/1365 1370/1411/1363 1368/1412/1364 1148/1414/1366
f  1365/1407/1359 1370/1411/1363 1369/1413/1365 1147/1409/1361
f  1133/1358/1310 1332/1359/1311 1370/1411/1363 1365/1407/1359
f  1373/1415/1367 1336/1365/1317 1137/1370/1322 1371/1416/1368
f  1372/1417/1369 1373/1415/1367 1371/1416/1368 1149/1418/1370
f  1368/1412/1364 1373/1415/1367 1372/1417/1369 1148/1414/1366
f  1135/1364/1316 1336/1365/1317 1373/1415/1367 1368/1412/1364
f  1340/1371/1323 1139/1376/1328 1374/1419/1371 1376/1420/1372
f  1376/1420/1372 1374/1419/1371 1150/1421/1373 1375/1422/1374
f  1371/1416/1368 1376/1420/1372 1375/1422/1374 1149/1418/1370
f  1137/1370/1322 1340/1371/1323 1376/1420/1372 1371/1416/1368
f  1344/1377/1329 1141/1382/1334 1377/1423/1375 1379/1424/1376
f  1379/1424/1376 1377/1423/1375 1151/1425/1377 1378/1426/1378
f  1374/1419/1371 1379/1424/1376 1378/1426/1378 1150/1421/1373
f  1139/1376/1328 1344/1377/1329 1379/1424/1376 1374/1419/1371
f  1348/1383/1335 1143/1388/1340 1380/1427/1379 1382/1428/1380
f  1382/1428/1380 1380/1427/1379 1152/1429/1381 1381/1430/1382
f  1377/1423/1375 1382/1428/1380 1381/1430/1382 1151/1425/1377
f  1141/1382/1334 1348/1383/1335 1382/1428/1380 1377/1423/1375
f  1384/1431/1383 1351/1390/1342 1128/1345/1297 1363/1405/1357
f  1383/1432/1384 1384/1431/1383 1363/1405/1357 1146/1406/1358
f  1152/1429/1381 1380/1427/1379 1384/1431/1383 1383/1432/1384
f  1380/1427/1379 1143/1388/1340 1351/1390/1342 1384/1431/1383
f  1362/1404/1356 1145/1403/1355 1385/1433/1385 1387/1434/1386
f  1387/1434/1386 1385/1433/1385 1114/1302/1254 1290/1301/1253
f  1386/1435/1387 1387/1434/1386 1290/1301/1253 1113/1300/1252
f  1146/1406/1358 1362/1404/1356 1387/1434/1386 1386/1435/1387
f  1366/1410/1362 1147/1409/1361 1388/1436/1388 1389/1437/1389
f  1389/1437/1389 1388/1436/1388 1116/1309/1261 1294/1307/1259
f  1385/1433/1385 1389/1437/1389 1294/1307/1259 1114/1302/1254
f  1145/1403/1355 1366/1410/1362 1389/1437/1389 1385/1433/1385
f  1391/1438/1390 1369/1413/1365 1148/1414/1366 1390/1439/1391
f  1298/1313/1265 1391/1438/1390 1390/1439/1391 1118/1314/1266
f  1116/1309/1261 1388/1436/1388 1391/1438/1390 1298/1313/1265
f  1388/1436/1388 1147/1409/1361 1369/1413/1365 1391/1438/1390
f  1393/1440/1392 1372/1417/1369 1149/1418/1370 1392/1441/1393
f  1302/1319/1271 1393/1440/1392 1392/1441/1393 1120/1320/1272
f  1390/1439/1391 1393/1440/1392 1302/1319/1271 1118/1314/1266
f  1148/1414/1366 1372/1417/1369 1393/1440/1392 1390/1439/1391
f  1375/1422/1374 1150/1421/1373 1394/1442/1394 1395/1443/1395
f  1395/1443/1395 1394/1442/1394 1122/1327/1279 1306/1325/1277
f  1392/1441/1393 1395/1443/1395 1306/1325/1277 1120/1320/1272
f  1149/1418/1370 1375/1422/1374 1395/1443/1395 1392/1441/1393
f  1378/1426/1378 1151/1425/1377 1396/1444/1396 1397/1445/1397
f  1397/1445/1397 1396/1444/1396 1124/1333/1285 1310/1331/1283
f  1394/1442/1394 1397/1445/1397 1310/1331/1283 1122/1327/1279
f  1150/1421/1373 1378/1426/1378 1397/1445/1397 1394/1442/1394
f  1381/1430/1382 1152/1429/1381 1398/1446/1398 1399/1447/1399
f  1399/1447/1399 1398/1446/1398 1126/1339/1291 1314/1337/1289
f  1396/1444/1396 1399/1447/1399 1314/1337/1289 1124/1333/1285
f  1151/1425/1377 1381/1430/1382 1399/1447/1399 1396/1444/1396
f  1400/1448/1400 1383/1432/1384 1146/1406/1358 1386/1435/1387
f  1318/1343/1295 1400/1448/1400 1386/1435/1387 1113/1300/1252
f  1126/1339/1291 1398/1446/1398 1400/1448/1400 1318/1343/1295
f  1398/1446/1398 1152/1429/1381 1383/1432/1384 1400/1448/1400
f  1403/1449/1401 1292/1296/1248 1115/1304/1256 1401/1450/1402
f  1266/1451/1220 1403/1449/1401 1401/1450/1402 1105/1452/1221
f  1402/1453/1403 1403/1449/1401 1266/1451/1220 1104/1454/1219
f  1112/1297/1249 1292/1296/1248 1403/1449/1401 1402/1453/1403
f  1296/1305/1257 1117/1310/1262 1404/1455/1404 1405/1456/1405
f  1405/1456/1405 1404/1455/1404 1106/1457/1225 1269/1458/1224
f  1105/1452/1221 1401/1450/1402 1405/1456/1405 1269/1458/1224
f  1115/1304/1256 1296/1305/1257 1405/1456/1405 1401/1450/1402
f  1407/1459/1406 1300/1311/1263 1119/1316/1268 1406/1460/1407
f  1407/1459/1406 1406/1460/1407 1107/1461/1229 1272/1462/1228
f  1404/1455/1404 1407/1459/1406 1272/1462/1228 1106/1457/1225
f  1117/1310/1262 1300/1311/1263 1407/1459/1406 1404/1455/1404
f  1304/1317/1269 1121/1322/1274 1408/1463/1408 1409/1464/1409
f  1409/1464/1409 1408/1463/1408 1108/1465/1233 1275/1466/1232
f  1406/1460/1407 1409/1464/1409 1275/1466/1232 1107/1461/1229
f  1119/1316/1268 1304/1317/1269 1409/1464/1409 1406/1460/1407
f  1308/1323/1275 1123/1328/1280 1410/1467/1410 1411/1468/1411
f  1411/1468/1411 1410/1467/1410 1109/1469/1237 1278/1470/1236
f  1408/1463/1408 1411/1468/1411 1278/1470/1236 1108/1465/1233
f  1121/1322/1274 1308/1323/1275 1411/1468/1411 1408/1463/1408
f  1312/1329/1281 1125/1334/1286 1412/1471/1412 1413/1472/1413
f  1413/1472/1413 1412/1471/1412 1110/1473/1241 1281/1474/1240
f  1410/1467/1410 1413/1472/1413 1281/1474/1240 1109/1469/1237
f  1123/1328/1280 1312/1329/1281 1413/1472/1413 1410/1467/1410
f  1316/1335/1287 1127/1340/1292 1414/1475/1414 1415/1476/1415
f  1415/1476/1415 1414/1475/1414 1111/1477/1245 1284/1478/1244
f  1412/1471/1412 1415/1476/1415 1284/1478/1244 1110/1473/1241
f  1125/1334/1286 1316/1335/1287 1415/1476/1415 1412/1471/1412
f  1319/1341/1293 1112/1297/1249 1402/1453/1403 1416/1479/1416
f  1416/1479/1416 1402/1453/1403 1104/1454/1219 1287/1480/1247
f  1414/1475/1414 1416/1479/1416 1287/1480/1247 1111/1477/1245
f  1127/1340/1292 1319/1341/1293 1416/1479/1416 1414/1475/1414
f  1510/1481/1417 1417/1482/1418 1507/1483/1419 1511/1484/1420
f  1508/1485/1421 1511/1484/1420 1507/1483/1419 1418/1486/1422
f  1419/1487/1423 1509/1488/1424 1511/1484/1420 1508/1485/1421
f  1509/1488/1424 1420/1489/1425 1510/1481/1417 1511/1484/1420
f  1508/1485/1421 1418/1486/1422 1512/1490/1426 1515/1491/1427
f  1515/1491/1427 1512/1490/1426 1421/1492/1428 1513/1493/1429
f  1514/1494/1430 1515/1491/1427 1513/1493/1429 1422/1495/1431
f  1514/1494/1430 1419/1487/1423 1508/1485/1421 1515/1491/1427
f  1513/1493/1429 1421/1492/1428 1516/1496/1432 1519/1497/1433
f  1519/1497/1433 1516/1496/1432 1423/1498/1434 1517/1499/1435
f  1518/1500/1436 1519/1497/1433 1517/1499/1435 1424/1501/1437
f  1422/1495/1431 1513/1493/1429 1519/1497/1433 1518/1500/1436
f  1517/1499/1435 1423/1498/1434 1520/1502/1438 1523/1503/1439
f  1523/1503/1439 1520/1502/1438 1425/1504/1440 1521/1505/1441
f  1522/1506/1442 1523/1503/1439 1521/1505/1441 1426/1507/1443
f  1424/1501/1437 1517/1499/1435 1523/1503/1439 1522/1506/1442
f  1527/1508/1444 1521/1505/1441 1425/1504/1440 1524/1509/1445
f  1525/1510/1446 1527/1508/1444 1524/1509/1445 1427/1511/1447
f  1428/1512/1448 1526/1513/1449 1527/1508/1444 1525/1510/1446
f  1426/1507/1443 1521/1505/1441 1527/1508/1444 1526/1513/1449
f  1531/1514/1450 1525/1510/1446 1427/1511/1447 1528/1515/1451
f  1529/1516/1452 1531/1514/1450 1528/1515/1451 1429/1517/1453
f  1530/1518/1454 1531/1514/1450 1529/1516/1452 1430/1519/1455
f  1428/1512/1448 1525/1510/1446 1531/1514/1450 1530/1518/1454
f  1529/1516/1452 1429/1517/1453 1532/1520/1456 1535/1521/1457
f  1535/1521/1457 1532/1520/1456 1431/1522/1458 1533/1523/1459
f  1534/1524/1460 1535/1521/1457 1533/1523/1459 1432/1525/1461
f  1430/1519/1455 1529/1516/1452 1535/1521/1457 1534/1524/1460
f  1538/1526/1462 1533/1523/1459 1431/1522/1458 1536/1527/1463
f  1510/1481/1417 1538/1526/1462 1536/1527/1463 1417/1482/1418
f  1420/1489/1425 1537/1528/1464 1538/1526/1462 1510/1481/1417
f  1537/1528/1464 1432/1525/1461 1533/1523/1459 1538/1526/1462
f  1543/1529/1465 1542/1530/1466 1433/1531/1467 1539/1532/1468
f  1540/1533/1469 1543/1529/1465 1539/1532/1468 1434/1534/1470
f  1435/1535/1471 1541/1536/1472 1543/1529/1465 1540/1533/1469
f  1541/1536/1472 1436/1537/1473 1542/1530/1466 1543/1529/1465
f  1547/1538/1474 1540/1533/1469 1434/1534/1470 1544/1539/1475
f  1547/1538/1474 1544/1539/1475 1437/1540/1476 1545/1541/1477
f  1546/1542/1478 1547/1538/1474 1545/1541/1477 1438/1543/1479
f  1435/1535/1471 1540/1533/1469 1547/1538/1474 1546/1542/1478
f  1545/1541/1477 1437/1540/1476 1548/1544/1480 1551/1545/1481
f  1549/1546/1482 1551/1545/1481 1548/1544/1480 1439/1547/1483
f  1440/1548/1484 1550/1549/1485 1551/1545/1481 1549/1546/1482
f  1438/1543/1479 1545/1541/1477 1551/1545/1481 1550/1549/1485
f  1555/1550/1486 1549/1546/1482 1439/1547/1483 1552/1551/1487
f  1555/1550/1486 1552/1551/1487 1441/1552/1488 1553/1553/1489
f  1442/1554/1490 1554/1555/1491 1555/1550/1486 1553/1553/1489
f  1440/1548/1484 1549/1546/1482 1555/1550/1486 1554/1555/1491
f  1553/1553/1489 1441/1552/1488 1556/1556/1492 1559/1557/1493
f  1559/1557/1493 1556/1556/1492 1443/1558/1494 1557/1559/1495
f  1444/1560/1496 1558/1561/1497 1559/1557/1493 1557/1559/1495
f  1442/1554/1490 1553/1553/1489 1559/1557/1493 1558/1561/1497
f  1557/1559/1495 1443/1558/1494 1560/1562/1498 1563/1563/1499
f  1563/1563/1499 1560/1562/1498 1445/1564/1500 1561/1565/1501
f  1562/1566/1502 1563/1563/1499 1561/1565/1501 1446/1567/1503
f  1444/1560/1496 1557/1559/1495 1563/1563/1499 1562/1566/1502
f  1561/1565/1501 1445/1564/1500 1564/1568/1504 1567/1569/1505
f  1567/1569/1505 1564/1568/1504 1447/1570/1506 1565/1571/1507
f  1566/1572/1508 1567/1569/1505 1565/1571/1507 1448/1573/1509
f  1446/1567/1503 1561/1565/1501 1567/1569/1505 1566/1572/1508
f  1570/1574/1510 1565/1571/1507 1447/1570/1506 1568/1575/1511
f  1542/1530/1466 1570/1574/1510 1568/1575/1511 1433/1531/1467
f  1436/1537/1473 1569/1576/1512 1570/1574/1510 1542/1530/1466
f  1569/1576/1512 1448/1573/1509 1565/1571/1507 1570/1574/1510
f  1573/1577/1513 1541/1536/1472 1435/1535/1471 1546/1542/1478
f  1573/1577/1513 1546/1542/1478 1438/1543/1479 1571/1578/1514
f  1572/1579/1515 1573/1577/1513 1571/1578/1514 1449/1580/1516
f  1436/1537/1473 1541/1536/1472 1573/1577/1513 1572/1579/1515
f  1575/1581/1517 1550/1549/1485 1440/1548/1484 1554/1555/1491
f  1574/1582/1518 1575/1581/1517 1554/1555/1491 1442/1554/1490
f  1449/1580/1516 1571/1578/1514 1575/1581/1517 1574/1582/1518
f  1571/1578/1514 1438/1543/1479 1550/1549/1485 1575/1581/1517
f  1577/1583/1519 1558/1561/1497 1444/1560/1496 1562/1566/1502
f  1577/1583/1519 1562/1566/1502 1446/1567/1503 1576/1584/1520
f  1574/1582/1518 1577/1583/1519 1576/1584/1520 1449/1580/1516
f  1574/1582/1518 1442/1554/1490 1558/1561/1497 1577/1583/1519
f  1578/1585/1521 1566/1572/1508 1448/1573/1509 1569/1576/1512
f  1572/1579/1515 1578/1585/1521 1569/1576/1512 1436/1537/1473
f  1449/1580/1516 1576/1584/1520 1578/1585/1521 1572/1579/1515
f  1576/1584/1520 1446/1567/1503 1566/1572/1508 1578/1585/1521
f  1582/1586/1522 1581/1587/1523 1434/1534/1470 1539/1532/1468
f  1579/1588/1524 1582/1586/1522 1539/1532/1468 1433/1531/1467
f  1450/1589/1525 1580/1590/1526 1582/1586/1522 1579/1588/1524
f  1580/1590/1526 1451/1591/1527 1581/1587/1523 1582/1586/1522
f  1585/1592/1528 1584/1593/1529 1437/1540/1476 1544/1539/1475
f  1581/1587/1523 1585/1592/1528 1544/1539/1475 1434/1534/1470
f  1451/1591/1527 1583/1594/1530 1585/1592/1528 1581/1587/1523
f  1583/1594/1530 1452/1595/1531 1584/1593/1529 1585/1592/1528
f  1588/1596/1532 1587/1597/1533 1439/1547/1483 1548/1544/1480
f  1584/1593/1529 1588/1596/1532 1548/1544/1480 1437/1540/1476
f  1452/1595/1531 1586/1598/1534 1588/1596/1532 1584/1593/1529
f  1586/1598/1534 1453/1599/1535 1587/1597/1533 1588/1596/1532
f  1590/1600/1536 1441/1552/1488 1552/1551/1487 1591/1601/1537
f  1591/1601/1537 1552/1551/1487 1439/1547/1483 1587/1597/1533
f  1453/1599/1535 1589/1602/1538 1591/1601/1537 1587/1597/1533
f  1454/1603/1539 1590/1600/1536 1591/1601/1537 1589/1602/1538
f  1593/1604/1540 1443/1558/1494 1556/1556/1492 1594/1605/1541
f  1594/1605/1541 1556/1556/1492 1441/1552/1488 1590/1600/1536
f  1592/1606/1542 1594/1605/1541 1590/1600/1536 1454/1603/1539
f  1455/1607/1543 1593/1604/1540 1594/1605/1541 1592/1606/1542
f  1596/1608/1544 1445/1564/1500 1560/1562/1498 1597/1609/1545
f  1597/1609/1545 1560/1562/1498 1443/1558/1494 1593/1604/1540
f  1595/1610/1546 1597/1609/1545 1593/1604/1540 1455/1607/1543
f  1456/1611/1547 1596/1608/1544 1597/1609/1545 1595/1610/1546
f  1599/1612/1548 1447/1570/1506 1564/1568/1504 1600/1613/1549
f  1600/1613/1549 1564/1568/1504 1445/1564/1500 1596/1608/1544
f  1598/1614/1550 1600/1613/1549 1596/1608/1544 1456/1611/1547
f  1457/1615/1551 1599/1612/1548 1600/1613/1549 1598/1614/1550
f  1602/1616/1552 1579/1588/1524 1433/1531/1467 1568/1575/1511
f  1599/1612/1548 1602/1616/1552 1568/1575/1511 1447/1570/1506
f  1457/1615/1551 1601/1617/1553 1602/1616/1552 1599/1612/1548
f  1601/1617/1553 1450/1589/1525 1579/1588/1524 1602/1616/1552
f  1605/1618/1554 1604/1619/1555 1451/1591/1527 1580/1590/1526
f  1603/1620/1556 1605/1618/1554 1580/1590/1526 1450/1589/1525
f  1420/1489/1425 1509/1488/1424 1605/1618/1554 1603/1620/1556
f  1509/1488/1424 1419/1487/1423 1604/1619/1555 1605/1618/1554
f  1607/1621/1557 1606/1622/1558 1452/1595/1531 1583/1594/1530
f  1604/1619/1555 1607/1621/1557 1583/1594/1530 1451/1591/1527
f  1419/1487/1423 1514/1494/1430 1607/1621/1557 1604/1619/1555
f  1514/1494/1430 1422/1495/1431 1606/1622/1558 1607/1621/1557
f  1609/1623/1559 1608/1624/1560 1453/1599/1535 1586/1598/1534
f  1606/1622/1558 1609/1623/1559 1586/1598/1534 1452/1595/1531
f  1518/1500/1436 1609/1623/1559 1606/1622/1558 1422/1495/1431
f  1518/1500/1436 1424/1501/1437 1608/1624/1560 1609/1623/1559
f  1610/1625/1561 1454/1603/1539 1589/1602/1538 1611/1626/1562
f  1608/1624/1560 1611/1626/1562 1589/1602/1538 1453/1599/1535
f  1522/1506/1442 1611/1626/1562 1608/1624/1560 1424/1501/1437
f  1426/1507/1443 1610/1625/1561 1611/1626/1562 1522/1506/1442
f  1612/1627/1563 1455/1607/1543 1592/1606/1542 1613/1628/1564
f  1613/1628/1564 1592/1606/1542 1454/1603/1539 1610/1625/1561
f  1526/1513/1449 1613/1628/1564 1610/1625/1561 1426/1507/1443
f  1428/1512/1448 1612/1627/1563 1613/1628/1564 1526/1513/1449
f  1614/1629/1565 1456/1611/1547 1595/1610/1546 1615/1630/1566
f  1615/1630/1566 1595/1610/1546 1455/1607/1543 1612/1627/1563
f  1530/1518/1454 1615/1630/1566 1612/1627/1563 1428/1512/1448
f  1430/1519/1455 1614/1629/1565 1615/1630/1566 1530/1518/1454
f  1616/1631/1567 1457/1615/1551 1598/1614/1550 1617/1632/1568
f  1617/1632/1568 1598/1614/1550 1456/1611/1547 1614/1629/1565
f  1534/1524/1460 1617/1632/1568 1614/1629/1565 1430/1519/1455
f  1432/1525/1461 1616/1631/1567 1617/1632/1568 1534/1524/1460
f  1618/1633/1569 1603/1620/1556 1450/1589/1525 1601/1617/1553
f  1616/1631/1567 1618/1633/1569 1601/1617/1553 1457/1615/1551
f  1432/1525/1461 1537/1528/1464 1618/1633/1569 1616/1631/1567
f  1537/1528/1464 1420/1489/1425 1603/1620/1556 1618/1633/1569
f  1621/1634/1570 1418/1486/1422 1507/1483/1419 1622/1635/1571
f  1622/1635/1571 1507/1483/1419 1417/1482/1418 1619/1636/1572
f  1620/1637/1573 1622/1635/1571 1619/1636/1572 1458/1638/1574
f  1459/1639/1575 1621/1634/1570 1622/1635/1571 1620/1637/1573
f  1624/1640/1576 1421/1492/1428 1512/1490/1426 1625/1641/1577
f  1625/1641/1577 1512/1490/1426 1418/1486/1422 1621/1634/1570
f  1623/1642/1578 1625/1641/1577 1621/1634/1570 1459/1639/1575
f  1460/1643/1579 1624/1640/1576 1625/1641/1577 1623/1642/1578
f  1627/1644/1580 1423/1498/1434 1516/1496/1432 1628/1645/1581
f  1628/1645/1581 1516/1496/1432 1421/1492/1428 1624/1640/1576
f  1626/1646/1582 1628/1645/1581 1624/1640/1576 1460/1643/1579
f  1461/1647/1583 1627/1644/1580 1628/1645/1581 1626/1646/1582
f  1630/1648/1584 1425/1504/1440 1520/1502/1438 1631/1649/1585
f  1631/1649/1585 1520/1502/1438 1423/1498/1434 1627/1644/1580
f  1629/1650/1586 1631/1649/1585 1627/1644/1580 1461/1647/1583
f  1462/1651/1587 1630/1648/1584 1631/1649/1585 1629/1650/1586
f  1634/1652/1588 1633/1653/1589 1427/1511/1447 1524/1509/1445
f  1630/1648/1584 1634/1652/1588 1524/1509/1445 1425/1504/1440
f  1462/1651/1587 1632/1654/1590 1634/1652/1588 1630/1648/1584
f  1632/1654/1590 1463/1655/1591 1633/1653/1589 1634/1652/1588
f  1637/1656/1592 1636/1657/1593 1429/1517/1453 1528/1515/1451
f  1633/1653/1589 1637/1656/1592 1528/1515/1451 1427/1511/1447
f  1463/1655/1591 1635/1658/1594 1637/1656/1592 1633/1653/1589
f  1635/1658/1594 1464/1659/1595 1636/1657/1593 1637/1656/1592
f  1639/1660/1596 1431/1522/1458 1532/1520/1456 1640/1661/1597
f  1640/1661/1597 1532/1520/1456 1429/1517/1453 1636/1657/1593
f  1638/1662/1598 1640/1661/1597 1636/1657/1593 1464/1659/1595
f  1465/1663/1599 1639/1660/1596 1640/1661/1597 1638/1662/1598
f  1619/1636/1572 1417/1482/1418 1536/1527/1463 1642/1664/1600
f  1639/1660/1596 1642/1664/1600 1536/1527/1463 1431/1522/1458
f  1465/1663/1599 1641/1665/1601 1642/1664/1600 1639/1660/1596
f  1641/1665/1601 1458/1638/1574 1619/1636/1572 1642/1664/1600
f  1646/1666/1602 1466/1667/1603 1643/1668/1604 1647/1669/1605
f  1644/1670/1606 1647/1669/1605 1643/1668/1604 1467/1671/1607
f  1468/1672/1608 1645/1673/1609 1647/1669/1605 1644/1670/1606
f  1645/1673/1609 1469/1674/1610 1646/1666/1602 1647/1669/1605
f  1651/1675/1611 1650/1676/1612 1469/1674/1610 1645/1673/1609
f  1648/1677/1613 1651/1675/1611 1645/1673/1609 1468/1672/1608
f  1470/1678/1614 1649/1679/1615 1651/1675/1611 1648/1677/1613
f  1649/1679/1615 1471/1680/1616 1650/1676/1612 1651/1675/1611
f  1655/1681/1617 1654/1682/1618 1471/1680/1616 1649/1679/1615
f  1652/1683/1619 1655/1681/1617 1649/1679/1615 1470/1678/1614
f  1472/1684/1620 1653/1685/1621 1655/1681/1617 1652/1683/1619
f  1653/1685/1621 1473/1686/1622 1654/1682/1618 1655/1681/1617
f  1659/1687/1623 1658/1688/1624 1473/1686/1622 1653/1685/1621
f  1656/1689/1625 1659/1687/1623 1653/1685/1621 1472/1684/1620
f  1657/1690/1626 1659/1687/1623 1656/1689/1625 1474/1691/1627
f  1475/1692/1628 1658/1688/1624 1659/1687/1623 1657/1690/1626
f  1662/1693/1629 1475/1692/1628 1657/1690/1626 1663/1694/1630
f  1663/1694/1630 1657/1690/1626 1474/1691/1627 1660/1695/1631
f  1661/1696/1632 1663/1694/1630 1660/1695/1631 1476/1697/1633
f  1477/1698/1634 1662/1693/1629 1663/1694/1630 1661/1696/1632
f  1666/1699/1635 1477/1698/1634 1661/1696/1632 1667/1700/1636
f  1667/1700/1636 1661/1696/1632 1476/1697/1633 1664/1701/1637
f  1665/1702/1638 1667/1700/1636 1664/1701/1637 1478/1703/1639
f  1479/1704/1640 1666/1699/1635 1667/1700/1636 1665/1702/1638
f  1670/1705/1641 1479/1704/1640 1665/1702/1638 1671/1706/1642
f  1671/1706/1642 1665/1702/1638 1478/1703/1639 1668/1707/1643
f  1669/1708/1644 1671/1706/1642 1668/1707/1643 1480/1709/1645
f  1481/1710/1646 1670/1705/1641 1671/1706/1642 1669/1708/1644
f  1673/1711/1647 1481/1710/1646 1669/1708/1644 1674/1712/1648
f  1672/1713/1649 1674/1712/1648 1669/1708/1644 1480/1709/1645
f  1467/1671/1607 1643/1668/1604 1674/1712/1648 1672/1713/1649
f  1466/1667/1603 1673/1711/1647 1674/1712/1648 1643/1668/1604
f  1679/1714/1650 1678/1715/1651 1482/1716/1652 1675/1717/1653
f  1676/1718/1654 1679/1714/1650 1675/1717/1653 1483/1719/1655
f  1484/1720/1656 1677/1721/1657 1679/1714/1650 1676/1718/1654
f  1677/1721/1657 1485/1722/1658 1678/1715/1651 1679/1714/1650
f  1683/1723/1659 1682/1724/1660 1485/1722/1658 1677/1721/1657
f  1683/1723/1659 1677/1721/1657 1484/1720/1656 1680/1725/1661
f  1681/1726/1662 1683/1723/1659 1680/1725/1661 1486/1727/1663
f  1487/1728/1664 1682/1724/1660 1683/1723/1659 1681/1726/1662
f  1686/1729/1665 1487/1728/1664 1681/1726/1662 1687/1730/1666
f  1687/1730/1666 1681/1726/1662 1486/1727/1663 1684/1731/1667
f  1685/1732/1668 1687/1730/1666 1684/1731/1667 1488/1733/1669
f  1489/1734/1670 1686/1729/1665 1687/1730/1666 1685/1732/1668
f  1690/1735/1671 1489/1734/1670 1685/1732/1668 1691/1736/1672
f  1688/1737/1673 1691/1736/1672 1685/1732/1668 1488/1733/1669
f  1490/1738/1674 1689/1739/1675 1691/1736/1672 1688/1737/1673
f  1491/1740/1676 1690/1735/1671 1691/1736/1672 1689/1739/1675
f  1694/1741/1677 1491/1740/1676 1689/1739/1675 1695/1742/1678
f  1695/1742/1678 1689/1739/1675 1490/1738/1674 1692/1743/1679
f  1492/1744/1680 1693/1745/1681 1695/1742/1678 1692/1743/1679
f  1693/1745/1681 1493/1746/1682 1694/1741/1677 1695/1742/1678
f  1699/1747/1683 1698/1748/1684 1493/1746/1682 1693/1745/1681
f  1696/1749/1685 1699/1747/1683 1693/1745/1681 1492/1744/1680
f  1697/1750/1686 1699/1747/1683 1696/1749/1685 1494/1751/1687
f  1495/1752/1688 1698/1748/1684 1699/1747/1683 1697/1750/1686
f  1702/1753/1689 1495/1752/1688 1697/1750/1686 1703/1754/1690
f  1703/1754/1690 1697/1750/1686 1494/1751/1687 1700/1755/1691
f  1701/1756/1692 1703/1754/1690 1700/1755/1691 1496/1757/1693
f  1497/1758/1694 1702/1753/1689 1703/1754/1690 1701/1756/1692
f  1706/1759/1695 1705/1760/1696 1497/1758/1694 1701/1756/1692
f  1704/1761/1697 1706/1759/1695 1701/1756/1692 1496/1757/1693
f  1483/1719/1655 1675/1717/1653 1706/1759/1695 1704/1761/1697
f  1675/1717/1653 1482/1716/1652 1705/1760/1696 1706/1759/1695
f  1709/1762/1698 1680/1725/1661 1484/1720/1656 1676/1718/1654
f  1709/1762/1698 1676/1718/1654 1483/1719/1655 1707/1763/1699
f  1708/1764/1700 1709/1762/1698 1707/1763/1699 1498/1765/1701
f  1486/1727/1663 1680/1725/1661 1709/1762/1698 1708/1764/1700
f  1711/1766/1702 1688/1737/1673 1488/1733/1669 1684/1731/1667
f  1708/1764/1700 1711/1766/1702 1684/1731/1667 1486/1727/1663
f  1498/1765/1701 1710/1767/1703 1711/1766/1702 1708/1764/1700
f  1710/1767/1703 1490/1738/1674 1688/1737/1673 1711/1766/1702
f  1713/1768/1704 1696/1749/1685 1492/1744/1680 1692/1743/1679
f  1713/1768/1704 1692/1743/1679 1490/1738/1674 1710/1767/1703
f  1712/1769/1705 1713/1768/1704 1710/1767/1703 1498/1765/1701
f  1494/1751/1687 1696/1749/1685 1713/1768/1704 1712/1769/1705
f  1714/1770/1706 1704/1761/1697 1496/1757/1693 1700/1755/1691
f  1712/1769/1705 1714/1770/1706 1700/1755/1691 1494/1751/1687
f  1498/1765/1701 1707/1763/1699 1714/1770/1706 1712/1769/1705
f  1707/1763/1699 1483/1719/1655 1704/1761/1697 1714/1770/1706
f  1718/1771/1707 1678/1715/1651 1485/1722/1658 1715/1772/1708
f  1716/1773/1709 1718/1771/1707 1715/1772/1708 1499/1774/1710
f  1500/1775/1711 1717/1776/1712 1718/1771/1707 1716/1773/1709
f  1717/1776/1712 1482/1716/1652 1678/1715/1651 1718/1771/1707
f  1682/1724/1660 1487/1728/1664 1719/1777/1713 1721/1778/1714
f  1720/1779/1715 1721/1778/1714 1719/1777/1713 1501/1780/1716
f  1499/1774/1710 1715/1772/1708 1721/1778/1714 1720/1779/1715
f  1715/1772/1708 1485/1722/1658 1682/1724/1660 1721/1778/1714
f  1724/1781/1717 1686/1729/1665 1489/1734/1670 1722/1782/1718
f  1723/1783/1719 1724/1781/1717 1722/1782/1718 1502/1784/1720
f  1719/1777/1713 1724/1781/1717 1723/1783/1719 1501/1780/1716
f  1487/1728/1664 1686/1729/1665 1724/1781/1717 1719/1777/1713
f  1690/1735/1671 1491/1740/1676 1725/1785/1721 1727/1786/1722
f  1727/1786/1722 1725/1785/1721 1503/1787/1723 1726/1788/1724
f  1722/1782/1718 1727/1786/1722 1726/1788/1724 1502/1784/1720
f  1489/1734/1670 1690/1735/1671 1727/1786/1722 1722/1782/1718
f  1730/1789/1725 1694/1741/1677 1493/1746/1682 1728/1790/1726
f  1730/1789/1725 1728/1790/1726 1504/1791/1727 1729/1792/1728
f  1725/1785/1721 1730/1789/1725 1729/1792/1728 1503/1787/1723
f  1491/1740/1676 1694/1741/1677 1730/1789/1725 1725/1785/1721
f  1698/1748/1684 1495/1752/1688 1731/1793/1729 1733/1794/1730
f  1733/1794/1730 1731/1793/1729 1505/1795/1731 1732/1796/1732
f  1728/1790/1726 1733/1794/1730 1732/1796/1732 1504/1791/1727
f  1728/1790/1726 1493/1746/1682 1698/1748/1684 1733/1794/1730
f  1702/1753/1689 1497/1758/1694 1734/1797/1733 1736/1798/1734
f  1736/1798/1734 1734/1797/1733 1506/1799/1735 1735/1800/1736
f  1731/1793/1729 1736/1798/1734 1735/1800/1736 1505/1795/1731
f  1495/1752/1688 1702/1753/1689 1736/1798/1734 1731/1793/1729
f  1738/1801/1737 1705/1760/1696 1482/1716/1652 1717/1776/1712
f  1737/1802/1738 1738/1801/1737 1717/1776/1712 1500/1775/1711
f  1506/1799/1735 1734/1797/1733 1738/1801/1737 1737/1802/1738
f  1734/1797/1733 1497/1758/1694 1705/1760/1696 1738/1801/1737
f  1741/1803/1739 1716/1773/1709 1499/1774/1710 1739/1804/1740
f  1644/1670/1606 1741/1803/1739 1739/1804/1740 1468/1672/1608
f  1467/1671/1607 1740/1805/1741 1741/1803/1739 1644/1670/1606
f  1740/1805/1741 1500/1775/1711 1716/1773/1709 1741/1803/1739
f  1743/1806/1742 1720/1779/1715 1501/1780/1716 1742/1807/1743
f  1648/1677/1613 1743/1806/1742 1742/1807/1743 1470/1678/1614
f  1468/1672/1608 1739/1804/1740 1743/1806/1742 1648/1677/1613
f  1739/1804/1740 1499/1774/1710 1720/1779/1715 1743/1806/1742
f  1745/1808/1744 1723/1783/1719 1502/1784/1720 1744/1809/1745
f  1652/1683/1619 1745/1808/1744 1744/1809/1745 1472/1684/1620
f  1470/1678/1614 1742/1807/1743 1745/1808/1744 1652/1683/1619
f  1742/1807/1743 1501/1780/1716 1723/1783/1719 1745/1808/1744
f  1726/1788/1724 1503/1787/1723 1746/1810/1746 1747/1811/1747
f  1747/1811/1747 1746/1810/1746 1474/1691/1627 1656/1689/1625
f  1472/1684/1620 1744/1809/1745 1747/1811/1747 1656/1689/1625
f  1502/1784/1720 1726/1788/1724 1747/1811/1747 1744/1809/1745
f  1729/1792/1728 1504/1791/1727 1748/1812/1748 1749/1813/1749
f  1749/1813/1749 1748/1812/1748 1476/1697/1633 1660/1695/1631
f  1746/1810/1746 1749/1813/1749 1660/1695/1631 1474/1691/1627
f  1503/1787/1723 1729/1792/1728 1749/1813/1749 1746/1810/1746
f  1732/1796/1732 1505/1795/1731 1750/1814/1750 1751/1815/1751
f  1751/1815/1751 1750/1814/1750 1478/1703/1639 1664/1701/1637
f  1748/1812/1748 1751/1815/1751 1664/1701/1637 1476/1697/1633
f  1504/1791/1727 1732/1796/1732 1751/1815/1751 1748/1812/1748
f  1735/1800/1736 1506/1799/1735 1752/1816/1752 1753/1817/1753
f  1753/1817/1753 1752/1816/1752 1480/1709/1645 1668/1707/1643
f  1750/1814/1750 1753/1817/1753 1668/1707/1643 1478/1703/1639
f  1505/1795/1731 1735/1800/1736 1753/1817/1753 1750/1814/1750
f  1754/1818/1754 1737/1802/1738 1500/1775/1711 1740/1805/1741
f  1672/1713/1649 1754/1818/1754 1740/1805/1741 1467/1671/1607
f  1480/1709/1645 1752/1816/1752 1754/1818/1754 1672/1713/1649
f  1752/1816/1752 1506/1799/1735 1737/1802/1738 1754/1818/1754
f  1757/1819/1755 1646/1666/1602 1469/1674/1610 1755/1820/1756
f  1757/1819/1755 1755/1820/1756 1459/1821/1575 1620/1822/1573
f  1756/1823/1757 1757/1819/1755 1620/1822/1573 1458/1824/1574
f  1466/1667/1603 1646/1666/1602 1757/1819/1755 1756/1823/1757
f  1759/1825/1758 1650/1676/1612 1471/1680/1616 1758/1826/1759
f  1623/1827/1578 1759/1825/1758 1758/1826/1759 1460/1828/1579
f  1459/1821/1575 1755/1820/1756 1759/1825/1758 1623/1827/1578
f  1755/1820/1756 1469/1674/1610 1650/1676/1612 1759/1825/1758
f  1761/1829/1760 1654/1682/1618 1473/1686/1622 1760/1830/1761
f  1626/1831/1582 1761/1829/1760 1760/1830/1761 1461/1832/1583
f  1460/1828/1579 1758/1826/1759 1761/1829/1760 1626/1831/1582
f  1758/1826/1759 1471/1680/1616 1654/1682/1618 1761/1829/1760
f  1658/1688/1624 1475/1692/1628 1762/1833/1762 1763/1834/1763
f  1763/1834/1763 1762/1833/1762 1462/1835/1587 1629/1836/1586
f  1760/1830/1761 1763/1834/1763 1629/1836/1586 1461/1832/1583
f  1760/1830/1761 1473/1686/1622 1658/1688/1624 1763/1834/1763
f  1662/1693/1629 1477/1698/1634 1764/1837/1764 1765/1838/1765
f  1765/1838/1765 1764/1837/1764 1463/1839/1591 1632/1840/1590
f  1762/1833/1762 1765/1838/1765 1632/1840/1590 1462/1835/1587
f  1475/1692/1628 1662/1693/1629 1765/1838/1765 1762/1833/1762
f  1666/1699/1635 1479/1704/1640 1766/1841/1766 1767/1842/1767
f  1767/1842/1767 1766/1841/1766 1464/1843/1595 1635/1844/1594
f  1764/1837/1764 1767/1842/1767 1635/1844/1594 1463/1839/1591
f  1477/1698/1634 1666/1699/1635 1767/1842/1767 1764/1837/1764
f  1670/1705/1641 1481/1710/1646 1768/1845/1768 1769/1846/1769
f  1769/1846/1769 1768/1845/1768 1465/1847/1599 1638/1848/1598
f  1766/1841/1766 1769/1846/1769 1638/1848/1598 1464/1843/1595
f  1479/1704/1640 1670/1705/1641 1769/1846/1769 1766/1841/1766
f  1673/1711/1647 1466/1667/1603 1756/1823/1757 1770/1849/1770
f  1770/1849/1770 1756/1823/1757 1458/1824/1574 1641/1850/1601
f  1768/1845/1768 1770/1849/1770 1641/1850/1601 1465/1847/1599
f  1481/1710/1646 1673/1711/1647 1770/1849/1770 1768/1845/1768
